log_Teff,LogL_lsun,Age_gyr,Step,Log_g,Mass_msun,feh,Mass_input,Metallicity_input,Z_used,Age_input
3.539820437831279,-1.9584968395716527,0.7,277.1893001232825,4.987684686081759,0.30000000000000016,0.03273949495743966,0.30000000000000016,0.15,0.03237204247206121,0.7
3.539990837333884,-1.9559355743230669,0.7,277.1696653066343,4.987054406391193,0.3010000000000001,0.0327390024223825,0.30100000000000016,0.15,0.03237204247206121,0.7
3.5401611516649303,-1.953375135830774,0.7,277.1505765899289,4.986424612767593,0.3020000000000002,0.03273850667994336,0.30200000000000016,0.15,0.03237204247206121,0.7
3.5403313783345665,-1.9508155482636433,0.7,277.1320499375063,4.985795319420329,0.30300000000000016,0.03273800763635967,0.30300000000000016,0.15,0.03237204247206121,0.7
3.540501514754937,-1.9482568367418653,0.7,277.1141019420847,4.985166541118077,0.30400000000000016,0.03273750519417825,0.30400000000000016,0.15,0.03237204247206121,0.7
3.540671558235313,-1.9456990273842218,0.7,277.09674985598537,4.984538293216605,0.30500000000000016,0.032736999252071866,0.30500000000000016,0.15,0.03237204247206121,0.7
3.5408415059769287,-1.943142147358205,0.7,277.0800116242378,4.983910591688237,0.3060000000000001,0.032736489704644864,0.30600000000000016,0.15,0.03237204247206121,0.7
3.541011355067502,-1.940586224933185,0.7,277.0639059196985,4.983283453153117,0.30700000000000016,0.03273597644222687,0.30700000000000016,0.15,0.03237204247206121,0.7
3.541181102475426,-1.9380312895368474,0.7,277.04845218032926,4.982656894912381,0.3080000000000001,0.032735459350653875,0.30800000000000016,0.15,0.03237204247206121,0.7
3.541350745043587,-1.9354773718151312,0.7,277.033670648789,4.982030934983407,0.30900000000000016,0.03273493831103565,0.30900000000000016,0.15,0.03237204247206121,0.7
3.5415202794828065,-1.932924503695932,0.7,277.019582414511,4.981405592137258,0.31000000000000016,0.032734413199508657,0.31000000000000016,0.15,0.03237204247206121,0.7
3.541689702364864,-1.9303727184568404,0.7,277.00620945844764,4.980780885938511,0.3110000000000001,0.03273388388697326,0.31100000000000017,0.15,0.03237204247206121,0.7
3.541859010115065,-1.9278220507972266,0.7,276.9935747006831,4.980156836787638,0.3120000000000001,0.032733350238814046,0.31200000000000017,0.15,0.03237204247206121,0.7
3.5420281990043425,-1.925272536914989,0.7,276.9817020511296,4.979533465966125,0.31300000000000017,0.03273281211460212,0.31300000000000017,0.15,0.03237204247206121,0.7
3.5421972651408242,-1.9227242145883336,0.7,276.97061646354456,4.978910795684553,0.31400000000000017,0.032732269367777775,0.31400000000000017,0.15,0.03237204247206121,0.7
3.542366204460856,-1.9201771232629645,0.7,276.9603439931235,4.978288849133858,0.3150000000000002,0.03273172184531233,0.31500000000000017,0.15,0.03237204247206121,0.7
3.5425350127194153,-1.9176313041451134,0.7,276.9509118579487,4.977667650540029,0.3160000000000002,0.03273116938734716,0.31600000000000017,0.15,0.03237204247206121,0.7
3.54270368547988,-1.9150868003008674,0.7,276.9423485045986,4.9770472252225035,0.3170000000000002,0.032730611826808365,0.31700000000000017,0.15,0.03237204247206121,0.7
3.5428722181030925,-1.9125436567622973,0.7,276.93468367824886,4.976427599656555,0.31800000000000017,0.032730048988995064,0.31800000000000017,0.15,0.03237204247206121,0.7
3.5430406057356736,-1.9100019206409375,0.7,276.92794849763027,4.975808801540021,0.3190000000000002,0.032729480691139144,0.3190000000000002,0.15,0.03237204247206121,0.7
3.5432088432975077,-1.9074616412492191,0.7,276.9221755352383,4.97519085986469,0.3200000000000002,0.03272890674193418,0.3200000000000002,0.15,0.03237204247206121,0.7
3.5433769254683503,-1.9049228702305119,0.7,276.91739890323066,4.974573804992758,0.3210000000000001,0.0327283269410309,0.3210000000000002,0.15,0.03237204247206121,0.7
3.543544846673468,-1.9023856616984949,0.7,276.91365434548715,4.973957668738765,0.3220000000000002,0.03272774107849653,0.3220000000000002,0.15,0.03237204247206121,0.7
3.543712601068236,-1.8998500723866536,0.7,276.9109793363555,4.973342484457491,0.3230000000000002,0.03272714893423483,0.3230000000000002,0.15,0.03237204247206121,0.7
3.5438801825216086,-1.8973161618087604,0.7,276.90941318665585,4.9727282871383,0.3240000000000002,0.03272655027736349,0.3240000000000002,0.15,0.03237204247206121,0.7
3.5440475845983554,-1.8947839924313028,0.7,276.90899715757394,4.97211511350652,0.3250000000000002,0.03272594486554521,0.3250000000000002,0.15,0.03237204247206121,0.7
3.5442148005399563,-1.8922536298589017,0.7,276.9097745831372,4.971503002132453,0.3260000000000002,0.03272533244426838,0.3260000000000002,0.15,0.03237204247206121,0.7
3.5443818232440467,-1.8897251430338815,0.7,276.9117910020372,4.970891993548705,0.32700000000000023,0.03272471274607283,0.3270000000000002,0.15,0.03237204247206121,0.7
3.544548645242266,-1.8871986044512679,0.7,276.91509429964117,4.970282130376584,0.3280000000000002,0.032724085489715796,0.3280000000000002,0.15,0.03237204247206121,0.7
3.5447152586763746,-1.8846740903906163,0.7,276.91973486112516,4.969673457462406,0.3290000000000001,0.03272345037927249,0.3290000000000002,0.15,0.03237204247206121,0.7
3.544881655272478,-1.8821516811662398,0.7,276.92576573675547,4.969066022024601,0.3300000000000002,0.03272280710316539,0.3300000000000002,0.15,0.03237204247206121,0.7
3.5450478263131724,-1.8796314613975522,0.7,276.93324282046075,4.968459873812656,0.3310000000000002,0.03272215533311544,0.3310000000000002,0.15,0.03237204247206121,0.7
3.5452137626074283,-1.877113520301446,0.7,276.9422250429564,4.967855065279009,0.3320000000000002,0.03272149472300775,0.3320000000000002,0.15,0.03237204247206121,0.7
3.5453794544579798,-1.8745979520088243,0.7,276.95277458082506,4.967251651765146,0.3330000000000002,0.032720824907663655,0.3330000000000002,0.15,0.03237204247206121,0.7
3.5455448916259846,-1.8720848559076515,0.7,276.96495708311204,4.9666496917032905,0.33400000000000024,0.03272014550150984,0.3340000000000002,0.15,0.03237204247206121,0.7
3.5457100632926783,-1.8695743370151467,0.7,276.9788419171727,4.966049246835215,0.3350000000000002,0.032719456097134426,0.3350000000000002,0.15,0.03237204247206121,0.7
3.545874958017732,-1.8670665063820542,0.7,276.99450243570584,4.965450382449928,0.3360000000000002,0.03271875626371861,0.3360000000000002,0.15,0.03237204247206121,0.7
3.546039563693959,-1.8645614815322618,0.7,277.01201626713544,4.964853167642132,0.3370000000000002,0.032718045545331184,0.3370000000000002,0.15,0.03237204247206121,0.7
3.5462038674980088,-1.8620593869414235,0.7,277.03146563175807,4.964257675593614,0.33800000000000013,0.03271732345907172,0.3380000000000002,0.15,0.03237204247206121,0.7
3.5463678558366203,-1.8595603545586874,0.7,277.0529376863614,4.9636639838799805,0.3390000000000002,0.032716589493046525,0.3390000000000002,0.15,0.03237204247206121,0.7
3.546531514287957,-1.8570645243761288,0.7,277.07652490035235,4.963072174805442,0.3400000000000002,0.03271584310415958,0.3400000000000002,0.15,0.03237204247206121,0.7
3.5466948275375025,-1.8545720450510503,0.7,277.1023254668077,4.962482335768672,0.34100000000000014,0.03271508371569831,0.3410000000000002,0.15,0.03237204247206121,0.7
3.5468577793078997,-1.8520830745869687,0.7,277.13044375228964,4.961894559663176,0.3420000000000002,0.03271431071469172,0.3420000000000002,0.15,0.03237204247206121,0.7
3.547020352282081,-1.8495977810798523,0.7,277.160990789758,4.961308945316018,0.3430000000000002,0.03271352344901537,0.3430000000000002,0.15,0.03237204247206121,0.7
3.547182528018902,-1.8471163435370128,0.7,277.1940848194776,4.960725597969263,0.3440000000000002,0.032712721224214515,0.3440000000000002,0.15,0.03237204247206121,0.7
3.547344286860434,-1.84463895277705,0.7,277.2298518834597,4.960144629809077,0.34500000000000014,0.03271190330001282,0.3450000000000002,0.15,0.03237204247206121,0.7
3.5475056078299176,-1.8421658124203546,0.7,277.26842647972427,4.959566160548059,0.34600000000000014,0.032711068886469644,0.3460000000000002,0.15,0.03237204247206121,0.7
3.5476664234115014,-1.8396920947583233,0.7,277.3081977822487,4.958985092409171,0.3470000000000002,0.03271019027145285,0.3470000000000002,0.15,0.03237204247206121,0.7
3.5478260138083137,-1.8371334226372267,0.7,277.32093209765173,4.958314168994011,0.3480000000000002,0.032708823420198076,0.3480000000000002,0.15,0.03237204247206121,0.7
3.547985163008945,-1.8345738599706711,0.7,277.3369255433401,4.957640590253142,0.3490000000000002,0.03270742104134706,0.3490000000000002,0.15,0.03237204247206121,0.7
3.5481438500673255,-1.8320133644794394,0.7,277.35633284861734,4.95696423012327,0.3500000000000002,0.032705981448204344,0.3500000000000002,0.15,0.03237204247206121,0.7
3.548302052690156,-1.8294518911649684,0.7,277.3793186947769,4.956284954432872,0.3510000000000002,0.03270450284558839,0.3510000000000002,0.15,0.03237204247206121,0.7
3.5484597471268318,-1.8268893920871467,0.7,277.406058528302,4.955602620239657,0.3520000000000002,0.03270298332096694,0.3520000000000002,0.15,0.03237204247206121,0.7
3.54861690804838,-1.8243258161199603,0.7,277.4367394551284,4.954917075101971,0.3530000000000002,0.03270142083470869,0.3530000000000002,0.15,0.03237204247206121,0.7
3.5487735084141288,-1.821761108682368,0.7,277.47156122555714,4.954228156276366,0.3540000000000002,0.03269981320934683,0.3540000000000002,0.15,0.03237204247206121,0.7
3.548929519324632,-1.8191952114414294,0.7,277.51073732072103,4.953535689832407,0.3550000000000002,0.03269815811773552,0.3550000000000002,0.15,0.03237204247206121,0.7
3.5490849098591615,-1.8166280619842856,0.7,277.55449615303587,4.9528394896746315,0.3560000000000002,0.032696453069963834,0.3560000000000002,0.15,0.03237204247206121,0.7
3.5492396468958427,-1.8140595934551131,0.7,277.6030823948359,4.95213935646006,0.3570000000000002,0.032694695398872396,0.3570000000000002,0.15,0.03237204247206121,0.7
3.5493936949122458,-1.8114897341526135,0.7,277.6567584514514,4.951435076398034,0.35800000000000015,0.032692882243995434,0.3580000000000002,0.15,0.03237204247206121,0.7
3.54954701576389,-1.8089184070829318,0.7,277.7158060973866,4.950726419917156,0.3590000000000002,0.03269101053372489,0.3590000000000002,0.15,0.03237204247206121,0.7
3.5496995684377635,-1.8063455294621449,0.7,277.7805282970628,4.950013140181876,0.36000000000000026,0.03268907696546263,0.3600000000000002,0.15,0.03237204247206121,0.7
3.549851308777511,-1.803771012161555,0.7,277.85125123488154,4.949294971438526,0.3610000000000002,0.032687077983490805,0.3610000000000002,0.15,0.03237204247206121,0.7
3.5500021891764115,-1.8011947590879658,0.7,277.92832658323033,4.9485716271674995,0.3620000000000002,0.03268500975424846,0.3620000000000002,0.15,0.03237204247206121,0.7
3.5501521582336415,-1.7986166664898724,0.7,278.0121340416173,4.947842798014527,0.3630000000000002,0.03268286813865258,0.3630000000000002,0.15,0.03237204247206121,0.7
3.5503011603686288,-1.7960366221790236,0.7,278.1030841855178,4.947108149469626,0.3640000000000002,0.032680648661042956,0.3640000000000002,0.15,0.03237204247206121,0.7
3.5504491353873737,-1.793454504655066,0.7,278.20162166992,4.946367319257059,0.36500000000000016,0.03267834647426054,0.3650000000000002,0.15,0.03237204247206121,0.7
3.550596017993645,-1.7908701821188902,0.7,278.3082288401854,4.945619914393449,0.3660000000000002,0.03267595632028561,0.3660000000000002,0.15,0.03237204247206121,0.7
3.550741737236667,-1.7882835113578108,0.7,278.4234298119502,4.94486550786373,0.3670000000000002,0.03267347248576306,0.3670000000000002,0.15,0.03237204247206121,0.7
3.550886215885489,-1.785694336482733,0.7,278.54779509272265,4.944103634855784,0.3680000000000002,0.03267088875162256,0.3680000000000002,0.15,0.03237204247206121,0.7
3.551029369718397,-1.7831024874938532,0.7,278.6819468309847,4.943333788483811,0.3690000000000002,0.032668198335858455,0.3690000000000002,0.15,0.03237204247206121,0.7
3.551175033381267,-1.780470379299246,0.7,278.8087981047749,4.942533722196518,0.3700000000000002,0.032665249672030446,0.3700000000000002,0.15,0.03237204247206121,0.7
3.551327585570187,-1.777755743350761,0.7,278.9085123726267,4.9416786821990435,0.3710000000000002,0.03266188980042394,0.3710000000000002,0.15,0.03237204247206121,0.7
3.5514793841205776,-1.77503048656521,0.7,279.0157903508103,4.940810006845405,0.37200000000000016,0.03265839819341897,0.3720000000000002,0.15,0.03237204247206121,0.7
3.551630375479228,-1.772293854230753,0.7,279.1311695131335,4.939926727213408,0.3730000000000002,0.03265476548995816,0.3730000000000002,0.15,0.03237204247206121,0.7
3.551780500895874,-1.7695450183947588,0.7,279.25523949239397,4.939027780352088,0.3740000000000002,0.03265098142054307,0.3740000000000002,0.15,0.03237204247206121,0.7
3.5519296957770834,-1.766783068758357,0.7,279.38864856489346,4.938111997591853,0.3750000000000002,0.03264703469429486,0.3750000000000002,0.15,0.03237204247206121,0.7
3.5520778889413034,-1.764007002177941,0.7,279.5321111270215,4.937178091066191,0.3760000000000002,0.03264291286873638,0.3760000000000002,0.15,0.03237204247206121,0.7
3.552225001756949,-1.7612157105184787,0.7,279.68641634561527,4.936224638117386,0.3770000000000002,0.032638602199130805,0.3770000000000002,0.15,0.03237204247206121,0.7
3.552370947141542,-1.7584079665486279,0.7,279.85243820285945,4.9352500631882235,0.37800000000000017,0.032634087463532004,0.3780000000000002,0.15,0.03237204247206121,0.7
3.552515628395041,-1.7555824074991981,0.7,280.03114720525383,4.934252616713847,0.3790000000000002,0.03262935175885209,0.3790000000000002,0.15,0.03237204247206121,0.7
3.552659873657872,-1.7527452087805353,0.7,280.21125620652896,4.933241786640936,0.3800000000000002,0.03262428548729505,0.3800000000000002,0.15,0.03237204247206121,0.7
3.55280625155713,-1.7499159292914785,0.7,280.35973341946465,4.932247406274017,0.38100000000000017,0.03261863906547694,0.3810000000000002,0.15,0.03237204247206121,0.7
3.552951501219302,-1.7470663554912376,0.7,280.5202260161392,4.931228218670219,0.3820000000000002,0.0326127171582954,0.38200000000000023,0.15,0.03237204247206121,0.7
3.553095521041208,-1.744194659779407,0.7,280.6938160396925,4.930181989818455,0.38300000000000023,0.03260649495696739,0.38300000000000023,0.15,0.03237204247206121,0.7
3.553238196842308,-1.7412987883187225,0.7,280.8817194783208,4.9291062091616,0.38400000000000023,0.0325999445816551,0.38400000000000023,0.15,0.03237204247206121,0.7
3.553379399856383,-1.7383764249100475,0.7,281.08530765333694,4.927998045438218,0.38500000000000023,0.03259303459108635,0.38500000000000023,0.15,0.03237204247206121,0.7
3.5535189843256845,-1.73542494771696,0.7,281.30613284066754,4.9268542937838244,0.38600000000000023,0.03258572939511214,0.38600000000000023,0.15,0.03237204247206121,0.7
3.5536578614510734,-1.7324538822721336,0.7,281.5325152625372,4.925688124436948,0.38700000000000023,0.03257787221028989,0.38700000000000023,0.15,0.03237204247206121,0.7
3.553800067246832,-1.7295087331155492,0.7,281.7148067736482,4.924561185561703,0.38800000000000023,0.032569021680128755,0.38800000000000023,0.15,0.03237204247206121,0.7
3.5539408472364764,-1.7265328814466414,0.7,281.91288310856874,4.923397840849046,0.38900000000000023,0.032559670900489314,0.38900000000000023,0.15,0.03237204247206121,0.7
3.554080056008496,-1.7235231960551802,0.7,282.128354090015,4.922194377432447,0.39000000000000024,0.03254976885319208,0.39000000000000024,0.15,0.03237204247206121,0.7
3.554217527682386,-1.7204761049630213,0.7,282.3630561489958,4.920946559800029,0.39100000000000024,0.03253925733843293,0.39100000000000024,0.15,0.03237204247206121,0.7
3.5543530721755996,-1.717387515038809,0.7,282.6190936526253,4.919649534476836,0.39200000000000024,0.03252806966503027,0.39200000000000024,0.15,0.03237204247206121,0.7
3.554491357166309,-1.7143742627865306,0.7,282.83722691648944,4.918438809199516,0.39300000000000024,0.03251560323965076,0.39300000000000024,0.15,0.03237204247206121,0.7
3.5546298056492884,-1.7113707074885953,0.7,283.051182779277,4.917238435041622,0.39400000000000024,0.03250222604182294,0.39400000000000024,0.15,0.03237204247206121,0.7
3.554766659444168,-1.7083333034140216,0.7,283.28318488052514,4.915997833388505,0.39500000000000024,0.032488071158059566,0.39500000000000024,0.15,0.03237204247206121,0.7
3.554901760063129,-1.7052586865076234,0.7,283.5350267427216,4.914713006237068,0.39600000000000024,0.03247306129816981,0.39600000000000024,0.15,0.03237204247206121,0.7
3.5550349272970476,-1.7021430316588018,0.7,283.80874769682157,4.9133794076440385,0.39700000000000024,0.0324571085790746,0.39700000000000024,0.15,0.03237204247206121,0.7
3.5551705391993105,-1.6991084835057706,0.7,284.0237596321433,4.9121366941600915,0.3980000000000002,0.03243988086617342,0.39800000000000024,0.15,0.03237204247206121,0.7
3.555306340104829,-1.6960897781494486,0.7,284.2220097008222,4.910910579319425,0.39900000000000024,0.03242159204412647,0.39900000000000024,0.15,0.03237204247206121,0.7
3.5554405468694097,-1.6930379468889751,0.7,284.43496374194893,4.909644961941366,0.40000000000000024,0.032402271825094704,0.40000000000000024,0.15,0.03237204247206121,0.7
3.5556606372499715,-1.690549160757332,0.7,284.3551075891792,4.909005637618121,0.40100000000000025,0.03240175091184377,0.40100000000000025,0.15,0.03237204247206121,0.7
3.555880280316207,-1.6880505762659728,0.7,284.2788656854001,4.908354725667454,0.40200000000000025,0.032401254779903306,0.40200000000000025,0.15,0.03237204247206121,0.7
3.5560995135006266,-1.6855430133689608,0.7,284.20593558017805,4.907693195774337,0.40300000000000025,0.03240078135550415,0.40300000000000025,0.15,0.03237204247206121,0.7
3.5563183701724723,-1.6830272030150397,0.7,284.1360476538179,4.907021912365263,0.40400000000000025,0.03240032878998304,0.40400000000000025,0.15,0.03237204247206121,0.7
3.5565368801744843,-1.6805037989053764,0.7,284.06896078037096,4.906341648513048,0.40500000000000025,0.032399895430045754,0.40500000000000025,0.15,0.03237204247206121,0.7
3.5567550702767643,-1.677973387435419,0.7,284.0044586604545,4.905653097694172,0.4060000000000003,0.03239947979262286,0.40600000000000025,0.15,0.03237204247206121,0.7
3.556972964562304,-1.675436496139852,0.7,283.9423467062237,4.904956883775848,0.40700000000000025,0.03239908054351136,0.40700000000000025,0.15,0.03237204247206121,0.7
3.5571905847558893,-1.6728936008971538,0.7,283.8824493838791,4.9042535695362,0.40800000000000025,0.03239869647915347,0.40800000000000025,0.15,0.03237204247206121,0.7
3.5574079505058456,-1.6703451321012368,0.7,283.824607937179,4.903543663962901,0.40900000000000025,0.03239832651102768,0.40900000000000025,0.15,0.03237204247206121,0.7
3.5576250796263356,-1.6677914799689044,0.7,283.7686784297167,4.902827628529816,0.41000000000000025,0.03239796965222558,0.41000000000000025,0.15,0.03237204247206121,0.7
3.557841988306498,-1.6652329991210861,0.7,283.7145300550743,4.902105882614812,0.41100000000000025,0.03239762500586525,0.41100000000000025,0.15,0.03237204247206121,0.7
3.5580586912916172,-1.6626700125511906,0.7,283.66204367304516,4.901378808192772,0.41200000000000025,0.032397291755054895,0.41200000000000025,0.15,0.03237204247206121,0.7
3.558275240937075,-1.6601033386877146,0.7,283.6107146876885,4.900647433113045,0.41300000000000026,0.0323969691038062,0.41300000000000026,0.15,0.03237204247206121,0.7
3.5584932236812463,-1.6575534234948817,0.7,283.54502704622234,4.899938549057649,0.41400000000000037,0.03239665487879011,0.41400000000000026,0.15,0.03237204247206121,0.7
3.5587110596198666,-1.654998232064701,0.7,283.4816036092683,4.899223801545956,0.41500000000000026,0.032396350926128116,0.41500000000000026,0.15,0.03237204247206121,0.7
3.558928759056007,-1.6524381346928205,0.7,283.42028547095833,4.898503602085681,0.4160000000000002,0.0323960565248883,0.41600000000000026,0.15,0.03237204247206121,0.7
3.5591463313506635,-1.6498734678163034,0.7,283.3609282552407,4.8977783245576525,0.41700000000000026,0.03239577102005829,0.41700000000000026,0.15,0.03237204247206121,0.7
3.5593637850280206,-1.6473045377970368,0.7,283.30340049229665,4.897048309420313,0.41800000000000026,0.032395493815179366,0.41800000000000026,0.15,0.03237204247206121,0.7
3.559581127866917,-1.6447316242089123,0.7,283.24758220790494,4.896313867362735,0.4190000000000003,0.032395224365946614,0.41900000000000026,0.15,0.03237204247206121,0.7
3.5597983669805684,-1.642154982703089,0.7,283.1933636938644,4.89557528248878,0.4200000000000003,0.032394962174630455,0.42000000000000026,0.15,0.03237204247206121,0.7
3.560015508886269,-1.6395748475131946,0.7,283.1406444329312,4.894832815101111,0.4210000000000003,0.03239470678519935,0.42100000000000026,0.15,0.03237204247206121,0.7
3.5602325595665203,-1.636991433652167,0.7,283.08933215608255,4.894086704142535,0.4220000000000003,0.03239445777904266,0.42200000000000026,0.15,0.03237204247206121,0.7
3.560449524522779,-1.6344049388441322,0.7,283.03934201348494,4.893337169342891,0.42300000000000026,0.0323942147712095,0.42300000000000026,0.15,0.03237204247206121,0.7
3.5606664088228603,-1.6318155452278673,0.7,282.99059584348436,4.892584413112092,0.42400000000000027,0.03239397740709224,0.42400000000000027,0.15,0.03237204247206121,0.7
3.5608832171428313,-1.6292234208627394,0.7,282.9430215263573,4.891828622213679,0.42500000000000027,0.03239374535949458,0.42500000000000027,0.15,0.03237204247206121,0.7
3.5610999538041512,-1.6266287210633472,0.7,282.89655241157385,4.89106996924799,0.42600000000000027,0.032393518326033134,0.42600000000000027,0.15,0.03237204247206121,0.7
3.561316622806661,-1.6240315895851656,0.7,282.8511268089991,4.890308613969769,0.42700000000000027,0.032393296026829076,0.42700000000000027,0.15,0.03237204247206121,0.7
3.561533227857951,-1.6214321596802452,0.7,282.80668753585735,4.8895447044613585,0.42800000000000027,0.03239307820245276,0.42800000000000027,0.15,0.03237204247206121,0.7
3.5617497723995837,-1.6188305550392927,0.7,282.7631815124565,4.888778378179622,0.4290000000000003,0.032392864612089664,0.42900000000000027,0.15,0.03237204247206121,0.7
3.561966259630522,-1.616226890634134,0.7,282.72055940065843,4.888009762892178,0.4300000000000004,0.03239265503190008,0.43000000000000027,0.15,0.03237204247206121,0.7
3.562182692528144,-1.6136212734726465,0.7,282.67877527991305,4.88723897751635,0.43100000000000027,0.032392449253549414,0.43100000000000027,0.15,0.03237204247206121,0.7
3.5623990738671,-1.6110138032765886,0.7,282.6377863563812,4.886466132872427,0.4320000000000002,0.03239224708288848,0.4320000000000003,0.15,0.03237204247206121,0.7
3.5626154062362763,-1.6084045730913534,0.7,282.5975527012678,4.885691332361297,0.4330000000000002,0.032392048338766355,0.4330000000000003,0.15,0.03237204247206121,0.7
3.562831692054086,-1.6057936698354998,0.7,282.5580370150011,4.884914672575118,0.43400000000000033,0.032391852851960515,0.4340000000000003,0.15,0.03237204247206121,0.7
3.5630479335822764,-1.6031811747968832,0.7,282.5192044143267,4.88413624384868,0.43500000000000033,0.0323916604642109,0.4350000000000003,0.15,0.03237204247206121,0.7
3.563264132938408,-1.6005671640813455,0.7,282.4810222397606,4.883356130758024,0.43600000000000033,0.03239147102734636,0.4360000000000003,0.15,0.03237204247206121,0.7
3.5634802921071707,-1.597951709019171,0.7,282.4434598811649,4.882574412572144,0.43700000000000033,0.03239128440249332,0.4370000000000003,0.15,0.03237204247206121,0.7
3.563696412950635,-1.5953348765338775,0.7,282.40648861948847,4.881791163662809,0.43800000000000033,0.03239110045935778,0.4380000000000003,0.15,0.03237204247206121,0.7
3.5639124972175886,-1.5927167294773519,0.7,282.37008148294876,4.881006453877009,0.4390000000000003,0.03239091907557284,0.4390000000000003,0.15,0.03237204247206121,0.7
3.564128546552014,-1.5900973269348584,0.7,282.3342131161434,4.880220348875904,0.4400000000000002,0.03239074013610486,0.4400000000000003,0.15,0.03237204247206121,0.7
3.5643445625008274,-1.5874767245030335,0.7,282.298859660753,4.879432910443759,0.4410000000000003,0.03239056353271224,0.4410000000000003,0.15,0.03237204247206121,0.7
3.5645605465209367,-1.5848549745436193,0.7,282.26399864665643,4.878644196769916,0.4420000000000003,0.03239038916345144,0.4420000000000003,0.15,0.03237204247206121,0.7
3.564776499985695,-1.5822321264153678,0.7,282.22960889241267,4.877854262706514,0.4430000000000003,0.03239021693222546,0.4430000000000003,0.15,0.03237204247206121,0.7
3.5649924241908058,-1.5796082266862785,0.7,282.19567041418344,4.877063160004336,0.4440000000000003,0.03239004674837064,0.4440000000000003,0.15,0.03237204247206121,0.7
3.5652083203597367,-1.5769833193280864,0.7,282.1621643422718,4.876270937528952,0.4450000000000003,0.032389878526278025,0.4450000000000003,0.15,0.03237204247206121,0.7
3.5654241896486782,-1.5743574458947074,0.7,282.12907284454485,4.875477641459024,0.44600000000000034,0.032389712185045896,0.4460000000000003,0.15,0.03237204247206121,0.7
3.565640033151111,-1.5717306456861686,0.7,282.0963790560868,4.874683315468474,0.4470000000000003,0.032389547648160696,0.4470000000000003,0.15,0.03237204247206121,0.7
3.5658558519019987,-1.5691029558993779,0.7,282.0640670144988,4.873888000894042,0.44800000000000023,0.03238938484320342,0.4480000000000003,0.15,0.03237204247206121,0.7
3.566071646881651,-1.5664744117669487,0.7,282.03212160032376,4.873091736889557,0.44900000000000023,0.03238922370157937,0.4490000000000003,0.15,0.03237204247206121,0.7
3.566287419019283,-1.5638450466851759,0.7,282.0005284821289,4.872294560568153,0.4500000000000003,0.03238906415826902,0.4500000000000003,0.15,0.03237204247206121,0.7
3.566503169196302,-1.5612148923321314,0.7,281.96927406582654,4.871496507133514,0.4510000000000003,0.03238890615159802,0.4510000000000003,0.15,0.03237204247206121,0.7
3.5667188982493436,-1.558583978776764,0.7,281.93834544785597,4.870697610001114,0.4520000000000003,0.032388749623024876,0.4520000000000003,0.15,0.03237204247206121,0.7
3.5669346069730796,-1.5559523345797879,0.7,281.90773037188836,4.869897900910332,0.45300000000000035,0.032388594516944466,0.4530000000000003,0.15,0.03237204247206121,0.7
3.567150296122813,-1.5533199868870788,0.7,281.8774171887486,4.869097410028244,0.45400000000000024,0.03238844078050626,0.4540000000000003,0.15,0.03237204247206121,0.7
3.567365966416892,-1.550686961516211,0.7,281.8473948192785,4.868296166045793,0.4550000000000003,0.03238828836344577,0.4550000000000003,0.15,0.03237204247206121,0.7
3.567581618538935,-1.5480532830367209,0.7,281.8176527198934,4.867494196266982,0.4560000000000003,0.03238813721792835,0.4560000000000003,0.15,0.03237204247206121,0.7
3.5677972531399105,-1.5454189748446208,0.7,281.7881808506058,4.866691526691681,0.4570000000000003,0.0323879872984041,0.4570000000000003,0.15,0.03237204247206121,0.7
3.5680128708400627,-1.5427840592316358,0.7,281.75896964531364,4.865888182092577,0.4580000000000003,0.032387838561473044,0.4580000000000003,0.15,0.03237204247206121,0.7
3.5682284722307,-1.5401485574495974,0.7,281.730009984167,4.865084186086722,0.4590000000000003,0.03238769096575981,0.4590000000000003,0.15,0.03237204247206121,0.7
3.568444057875865,-1.5375124897703825,0.7,281.70129316784653,4.864279561202151,0.4600000000000003,0.0323875444717969,0.4600000000000003,0.15,0.03237204247206121,0.7
3.5686596283138887,-1.534875875541752,0.7,281.6728108936004,4.863474328939938,0.4610000000000003,0.03238739904191597,0.4610000000000003,0.15,0.03237204247206121,0.7
3.5688751840588373,-1.5322387332394185,0.7,281.64455523290155,4.862668509832046,0.4620000000000003,0.0323872546401465,0.4620000000000003,0.15,0.03237204247206121,0.7
3.569090725601866,-1.5296010805156286,0.7,281.61651861059863,4.861862123495331,0.4630000000000003,0.03238711123212118,0.4630000000000003,0.15,0.03237204247206121,0.7
3.569306253412478,-1.526962934244535,0.7,281.5886937854455,4.861055188681955,0.4640000000000003,0.03238696878498755,0.4640000000000003,0.15,0.03237204247206121,0.7
3.5695217679397095,-1.5243243105646016,0.7,281.56107383190385,4.860247723326513,0.46500000000000025,0.0323868272673255,0.4650000000000003,0.15,0.03237204247206121,0.7
3.5697372696132303,-1.5216852249182662,0.7,281.5336521231234,4.859439744590108,0.4660000000000003,0.032386686649070004,0.4660000000000003,0.15,0.03237204247206121,0.7
3.569952758844375,-1.519045692089061,0.7,281.50642231501087,4.858631268901606,0.4670000000000003,0.032386546901438884,0.4670000000000003,0.15,0.03237204247206121,0.7
3.5701682360271136,-1.5164057262363861,0.7,281.47937833130874,4.857822311996279,0.4680000000000003,0.03238640799686505,0.4680000000000003,0.15,0.03237204247206121,0.7
3.570383701538957,-1.5137653409281024,0.7,281.45251434960784,4.8570128889520205,0.4690000000000003,0.03238626990893313,0.4690000000000003,0.15,0.03237204247206121,0.7
3.5705991557418084,-1.511124549171104,0.7,281.42582478822857,4.856203014223331,0.4700000000000003,0.03238613261231989,0.4700000000000003,0.15,0.03237204247206121,0.7
3.5708145989827607,-1.5084833634400117,0.7,281.3993042939064,4.855392701673192,0.4710000000000003,0.03238599608273836,0.4710000000000003,0.15,0.03237204247206121,0.7
3.571030031594845,-1.5058417957041252,0.7,281.3729477302266,4.854581964603026,0.4720000000000003,0.03238586029688541,0.4720000000000003,0.15,0.03237204247206121,0.7
3.57124545389774,-1.5031998574527552,0.7,281.34675016675374,4.853770815780849,0.4730000000000003,0.0323857252323924,0.4730000000000003,0.15,0.03237204247206121,0.7
3.5714608661984317,-1.5005575597190421,0.7,281.32070686880945,4.8529592674677335,0.4740000000000003,0.032385590867778806,0.4740000000000003,0.15,0.03237204247206121,0.7
3.571676268791835,-1.4979149131023757,0.7,281.29481328785187,4.85214733144273,0.4750000000000003,0.03238545718240859,0.4750000000000003,0.15,0.03237204247206121,0.7
3.5718916619613856,-1.4952719277895017,0.7,281.2690650524183,4.851335019026315,0.4760000000000003,0.03238532415644907,0.4760000000000003,0.15,0.03237204247206121,0.7
3.5721070459795903,-1.492628613574409,0.7,281.2434579595904,4.850522341102505,0.4770000000000003,0.032385191770832246,0.4770000000000003,0.15,0.03237204247206121,0.7
3.5723224211085505,-1.4899849798770781,0.7,281.2179879669492,4.849709308139672,0.4780000000000003,0.03238506000721828,0.4780000000000003,0.15,0.03237204247206121,0.7
3.5725377876004516,-1.487341035761165,0.7,281.1926511849859,4.848895930210215,0.4790000000000003,0.03238492884796105,0.4790000000000003,0.15,0.03237204247206121,0.7
3.572753145698031,-1.4846967899506922,0.7,281.1674438699399,4.848082217009097,0.4800000000000003,0.03238479827607568,0.4800000000000003,0.15,0.03237204247206121,0.7
3.572968495635013,-1.4820522508458083,0.7,281.14236241703475,4.847268177871358,0.4810000000000003,0.032384668275207855,0.4810000000000003,0.15,0.03237204247206121,0.7
3.5731838376365257,-1.4794074265376802,0.7,281.11740335408854,4.846453821788677,0.4820000000000003,0.032384538829604785,0.4820000000000003,0.15,0.03237204247206121,0.7
3.5733991719194913,-1.4767623248225705,0.7,281.0925633354723,4.845639157424995,0.4830000000000003,0.03238440992408788,0.4830000000000003,0.15,0.03237204247206121,0.7
3.5736144986929976,-1.4741169532151508,0.7,281.0678391363967,4.844824193131334,0.4840000000000003,0.03238428154402675,0.4840000000000003,0.15,0.03237204247206121,0.7
3.573829818158648,-1.4714713189611024,0.7,281.0432276475051,4.844008936959781,0.4850000000000003,0.032384153675314706,0.4850000000000003,0.15,0.03237204247206121,0.7
3.574045130510893,-1.468825429049044,0.7,281.01872586975463,4.843193396676757,0.4860000000000003,0.03238402630434555,0.4860000000000003,0.15,0.03237204247206121,0.7
3.5742604359373447,-1.466179290221833,0.7,280.99433090956626,4.842377579775561,0.4870000000000003,0.03238389941799155,0.4870000000000003,0.15,0.03237204247206121,0.7
3.5744757346190776,-1.4635329089872742,0.7,280.97003997423053,4.841561493488288,0.4880000000000003,0.03238377300358261,0.4880000000000003,0.15,0.03237204247206121,0.7
3.5746910267309047,-1.4608862916282712,0.7,280.9458503675489,4.840745144797094,0.4890000000000003,0.03238364704888647,0.4890000000000003,0.15,0.03237204247206121,0.7
3.5749063124416516,-1.458239444212463,0.7,280.92175948570156,4.8399285404449195,0.4900000000000003,0.03238352154209001,0.4900000000000003,0.15,0.03237204247206121,0.7
3.575121591914409,-1.4555923726013613,0.7,280.8977648133236,4.839111686945632,0.4910000000000003,0.03238339647178139,0.4910000000000003,0.15,0.03237204247206121,0.7
3.575336865306773,-1.4529450824590304,0.7,280.8738639197812,4.838294590593676,0.4920000000000003,0.03238327182693318,0.4920000000000003,0.15,0.03237204247206121,0.7
3.5755521327710764,-1.4502975792603334,0.7,280.8500544556333,4.837477257473241,0.4930000000000003,0.03238314759688635,0.4930000000000003,0.15,0.03237204247206121,0.7
3.575767394454604,-1.4476498682987649,0.7,280.82633414926977,4.836659693466961,0.4940000000000003,0.03238302377133491,0.4940000000000003,0.15,0.03237204247206121,0.7
3.5759826504998027,-1.4450019546939,0.7,280.8027008037146,4.835841904264195,0.49500000000000033,0.03238290034031154,0.49500000000000033,0.15,0.03237204247206121,0.7
3.576197901044478,-1.4423538433984806,0.7,280.779152293586,4.835023895368901,0.49600000000000033,0.0323827772941737,0.49600000000000033,0.15,0.03237204247206121,0.7
3.5764131462219786,-1.439705539205154,0.7,280.75568656220355,4.834205672107124,0.49700000000000033,0.03238265462359054,0.49700000000000033,0.15,0.03237204247206121,0.7
3.5766283861613792,-1.4370570467528905,0.7,280.7323016188345,4.833387239634125,0.49800000000000033,0.032382532319530394,0.49800000000000033,0.15,0.03237204247206121,0.7
3.5768436209876495,-1.4344083705330952,0.7,280.70899553607165,4.832568602941185,0.49900000000000033,0.03238241037324891,0.49900000000000033,0.15,0.03237204247206121,0.7
3.577058850821813,-1.4317595148954276,0.7,280.68576644733486,4.831749766862056,0.5000000000000003,0.03238228877627771,0.5000000000000003,0.15,0.03237204247206121,0.7
3.5773600969439205,-1.428911487514057,0.7,280.7902647050188,4.830898536275449,0.5010000000000003,0.03238226760493616,0.5010000000000003,0.15,0.03237204247206121,0.7
3.5776636750808666,-1.4260677414450136,0.7,280.88561026667134,4.830060914963055,0.5020000000000003,0.03238224576294546,0.5020000000000003,0.15,0.03237204247206121,0.7
3.577967788342002,-1.4232251095336261,0.7,280.97863954202023,4.829226548285797,0.5030000000000003,0.032382223868658015,0.5030000000000003,0.15,0.03237204247206121,0.7
3.5782718264483693,-1.4203824980341773,0.7,281.07170515426606,4.8283919014076995,0.5040000000000003,0.03238220212097518,0.5040000000000003,0.15,0.03237204247206121,0.7
3.578575789965466,-1.4175399067930778,0.7,281.1648068299941,4.827556976437116,0.5050000000000003,0.03238218051879385,0.5050000000000003,0.15,0.03237204247206121,0.7
3.57887967945313,-1.4146973356582768,0.7,281.25794429852584,4.826721775461301,0.5060000000000003,0.03238215906102195,0.5060000000000003,0.15,0.03237204247206121,0.7
3.579183495465611,-1.4118547844792413,0.7,281.35111729188463,4.8258863005466734,0.5070000000000003,0.03238213774657831,0.5070000000000003,0.15,0.03237204247206121,0.7
3.5794872385516414,-1.4090122531069362,0.7,281.44432554476253,4.825050553739077,0.5080000000000003,0.0323821165743925,0.5080000000000003,0.15,0.03237204247206121,0.7
3.5797909092544984,-1.4061697413938075,0.7,281.5375687944868,4.8242145370640275,0.5090000000000003,0.032382095543404765,0.5090000000000003,0.15,0.03237204247206121,0.7
3.5800945081120807,-1.4033272491937625,0.7,281.63084678098716,4.823378252526982,0.5100000000000003,0.03238207465256581,0.5100000000000003,0.15,0.03237204247206121,0.7
3.5803980356569687,-1.4004847763621542,0.7,281.72415924676403,4.822541702113566,0.5110000000000003,0.03238205390083674,0.5110000000000003,0.15,0.03237204247206121,0.7
3.5807014924164924,-1.3976423227557593,0.7,281.81750593685655,4.821704887789832,0.5120000000000003,0.032382033287188874,0.5120000000000003,0.15,0.03237204247206121,0.7
3.5810048789127937,-1.3947998882327652,0.7,281.91088659881154,4.820867811502498,0.5130000000000003,0.03238201281060369,0.5130000000000003,0.15,0.03237204247206121,0.7
3.5813081956628943,-1.3919574726527495,0.7,282.00430098265264,4.820030475179179,0.5140000000000005,0.032381992470072625,0.5140000000000003,0.15,0.03237204247206121,0.7
3.5816114431787542,-1.3891150758766644,0.7,282.0977488408499,4.8191928807286235,0.5150000000000003,0.03238197226459699,0.5150000000000003,0.15,0.03237204247206121,0.7
3.5819146219673352,-1.3862726977668198,0.7,282.1912299282902,4.818355030040951,0.5160000000000005,0.03238195219318785,0.5160000000000003,0.15,0.03237204247206121,0.7
3.5822177325306614,-1.3834303381868667,0.7,282.2847440022477,4.817516924987863,0.5170000000000003,0.03238193225486593,0.5170000000000003,0.15,0.03237204247206121,0.7
3.5825207753658797,-1.3805879970017805,0.7,282.3782908223548,4.8166785674228825,0.5180000000000003,0.03238191244866141,0.5180000000000003,0.15,0.03237204247206121,0.7
3.582823750965319,-1.3777456740778453,0.7,282.4718701505735,4.8158399591815675,0.5190000000000003,0.03238189277361393,0.5190000000000003,0.15,0.03237204247206121,0.7
3.583126659816546,-1.3749033692826382,0.7,282.5654817511676,4.815001102081723,0.5200000000000005,0.032381873228772375,0.5200000000000004,0.15,0.03237204247206121,0.7
3.5834295024024274,-1.3720610824850141,0.7,282.65912539067443,4.8141619979236285,0.5210000000000004,0.032381853813194826,0.5210000000000004,0.15,0.03237204247206121,0.7
3.583732279201181,-1.3692188135550891,0.7,282.7528008378778,4.8133226484902325,0.5220000000000004,0.032381834525948415,0.5220000000000004,0.15,0.03237204247206121,0.7
3.5840349906864373,-1.366376562364226,0.7,282.84650786378126,4.812483055547374,0.5230000000000004,0.03238181536610924,0.5230000000000004,0.15,0.03237204247206121,0.7
3.5843376373272866,-1.3635343287850206,0.7,282.940246241581,4.81164322084398,0.5240000000000005,0.03238179633276223,0.5240000000000004,0.15,0.03237204247206121,0.7
3.5846402195883424,-1.3606921126912837,0.7,283.03401574664014,4.810803146112268,0.5250000000000004,0.032381777425001076,0.5250000000000004,0.15,0.03237204247206121,0.7
3.5849427379297865,-1.3578499139580316,0.7,283.1278161564625,4.80996283306795,0.5260000000000004,0.03238175864192809,0.5260000000000004,0.15,0.03237204247206121,0.7
3.585245192807428,-1.3550077324614662,0.7,283.2216472506676,4.8091222834104235,0.5270000000000004,0.03238173998265414,0.5270000000000004,0.15,0.03237204247206121,0.7
3.5855475846727503,-1.352165568078965,0.7,283.3155088109654,4.808281498822963,0.5280000000000004,0.032381721446298486,0.5280000000000004,0.15,0.03237204247206121,0.7
3.585849913972967,-1.349323420689067,0.7,283.4094006211312,4.80744048097292,0.5290000000000004,0.03238170303198877,0.5290000000000004,0.15,0.03237204247206121,0.7
3.5861521811510677,-1.3464812901714551,0.7,283.50332246698196,4.806599231511902,0.5300000000000004,0.03238168473886085,0.5300000000000004,0.15,0.03237204247206121,0.7
3.5864543866458702,-1.3436391764069477,0.7,283.59727413635164,4.805757752075962,0.5310000000000004,0.03238166656605872,0.5310000000000004,0.15,0.03237204247206121,0.7
3.5867565308920697,-1.3407970792774826,0.7,283.691255419068,4.804916044285778,0.5320000000000004,0.032381648512734416,0.5320000000000004,0.15,0.03237204247206121,0.7
3.5870586143202843,-1.3379549986661035,0.7,283.78526610692876,4.80407410974684,0.5330000000000004,0.03238163057804794,0.5330000000000004,0.15,0.03237204247206121,0.7
3.5873606373571088,-1.3351129344569481,0.7,283.87930599367905,4.803231950049618,0.5340000000000004,0.032381612761167106,0.5340000000000004,0.15,0.03237204247206121,0.7
3.587662600425153,-1.3322708865352362,0.7,283.97337487498817,4.802389566769743,0.5350000000000005,0.03238159506126756,0.5350000000000004,0.15,0.03237204247206121,0.7
3.587964503943096,-1.329428854787255,0.7,284.0674725484278,4.8015469614681825,0.5360000000000004,0.032381577477532564,0.5360000000000004,0.15,0.03237204247206121,0.7
3.5882663483257278,-1.3265868391003484,0.7,284.1615988134496,4.800704135691403,0.5370000000000004,0.032381560009152995,0.5370000000000004,0.15,0.03237204247206121,0.7
3.5885681339839954,-1.3237448393629034,0.7,284.2557534713631,4.799861090971542,0.5380000000000004,0.03238154265532721,0.5380000000000004,0.15,0.03237204247206121,0.7
3.588869861325045,-1.32090285546434,0.7,284.349936325315,4.79901782882658,0.5390000000000005,0.03238152541526099,0.5390000000000004,0.15,0.03237204247206121,0.7
3.5891715307522696,-1.3180608872950967,0.7,284.4441471802672,4.798174350760486,0.5400000000000004,0.03238150828816744,0.5400000000000004,0.15,0.03237204247206121,0.7
3.5894731426653506,-1.315218934746621,0.7,284.53838584297665,4.797330658263399,0.5410000000000004,0.0323814912732669,0.5410000000000004,0.15,0.03237204247206121,0.7
3.5897746974602978,-1.3123769977113569,0.7,284.63265212197416,4.796486752811775,0.5420000000000004,0.03238147436978686,0.5420000000000004,0.15,0.03237204247206121,0.7
3.590076195529496,-1.309535076082733,0.7,284.7269458275442,4.795642635868545,0.5430000000000004,0.03238145757696192,0.5430000000000004,0.15,0.03237204247206121,0.7
3.5903776372617426,-1.3066931697551525,0.7,284.8212667717053,4.794798308883273,0.5440000000000004,0.03238144089403362,0.5440000000000004,0.15,0.03237204247206121,0.7
3.590679023042291,-1.3038512786239813,0.7,284.9156147681898,4.7939537732923005,0.5450000000000004,0.032381424320250464,0.5450000000000004,0.15,0.03237204247206121,0.7
3.59098035325289,-1.3010094025855368,0.7,285.00998963242455,4.793109030518911,0.5460000000000004,0.03238140785486777,0.5460000000000004,0.15,0.03237204247206121,0.7
3.591281628271823,-1.298167541537078,0.7,285.1043911815117,4.792264081973466,0.5470000000000004,0.03238139149714762,0.5470000000000004,0.15,0.03237204247206121,0.7
3.5915828484739474,-1.2953256953767938,0.7,285.1988192342096,4.791418929053549,0.5480000000000003,0.032381375246358785,0.5480000000000004,0.15,0.03237204247206121,0.7
3.5918840142307347,-1.292483864003793,0.7,285.29327361091435,4.790573573144126,0.5490000000000004,0.03238135910177661,0.5490000000000004,0.15,0.03237204247206121,0.7
3.592185125910305,-1.2896420473180945,0.7,285.3877541336411,4.789728015617672,0.5500000000000004,0.03238134306268303,0.5500000000000004,0.15,0.03237204247206121,0.7
3.5924861838774707,-1.2868002452206164,0.7,285.48226062600594,4.788882257834314,0.5510000000000004,0.032381327128366395,0.5510000000000004,0.15,0.03237204247206121,0.7
3.5927871884937677,-1.2839584576131648,0.7,285.576792913208,4.788036301141979,0.5520000000000003,0.032381311298121454,0.5520000000000004,0.15,0.03237204247206121,0.7
3.593088140117496,-1.2811166843984274,0.7,285.6713508220117,4.787190146876519,0.5530000000000004,0.03238129557124927,0.5530000000000004,0.15,0.03237204247206121,0.7
3.5933890391037537,-1.2782749254799592,0.7,285.76593418072906,4.7863437963618525,0.5540000000000005,0.03238127994705715,0.5540000000000004,0.15,0.03237204247206121,0.7
3.593689885804473,-1.2754331807621757,0.7,285.86054281920275,4.785497250910095,0.5550000000000004,0.032381264424858586,0.5550000000000004,0.15,0.03237204247206121,0.7
3.5939906805684547,-1.2725914501503433,0.7,285.955176568789,4.7846505118216935,0.5560000000000004,0.03238124900397316,0.5560000000000004,0.15,0.03237204247206121,0.7
3.5942914237414074,-1.2697497335505679,0.7,286.0498352623407,4.783803580385548,0.5570000000000004,0.03238123368372651,0.5570000000000004,0.15,0.03237204247206121,0.7
3.594592115665975,-1.2669080308697878,0.7,286.14451873419097,4.782956457879153,0.5580000000000004,0.03238121846345023,0.5580000000000004,0.15,0.03237204247206121,0.7
3.594892756681775,-1.2640663420157634,0.7,286.2392268201366,4.782109145568707,0.5590000000000003,0.03238120334248184,0.5590000000000004,0.15,0.03237204247206121,0.7
3.5951933471254325,-1.2612246668970684,0.7,286.33395935742226,4.781261644709249,0.5600000000000004,0.032381188320164664,0.5600000000000004,0.15,0.03237204247206121,0.7
3.595493887330607,-1.2583830054230802,0.7,286.4287161847241,4.780413956544778,0.5610000000000004,0.032381173395847854,0.5610000000000004,0.15,0.03237204247206121,0.7
3.595794377628033,-1.2555413575039724,0.7,286.5234971421346,4.779566082308374,0.5620000000000005,0.03238115856888622,0.5620000000000004,0.15,0.03237204247206121,0.7
3.5960948183455472,-1.2526997230507049,0.7,286.6183020711467,4.778718023222314,0.5630000000000004,0.032381143838640276,0.5630000000000004,0.15,0.03237204247206121,0.7
3.596395209808121,-1.2498581019750157,0.7,286.7131308146384,4.777869780498196,0.5640000000000004,0.03238112920447608,0.5640000000000004,0.15,0.03237204247206121,0.7
3.596695552337892,-1.2470164941894126,0.7,286.8079832168582,4.777021355337049,0.5650000000000004,0.03238111466576525,0.5650000000000004,0.15,0.03237204247206121,0.7
3.596995846254195,-1.244174899607165,0.7,286.9028591234094,4.776172748929458,0.5660000000000004,0.032381100221884854,0.5660000000000004,0.15,0.03237204247206121,0.7
3.5972960918735915,-1.241333318142295,0.7,286.9977583812362,4.775323962455663,0.5670000000000003,0.032381085872217365,0.5670000000000004,0.15,0.03237204247206121,0.7
3.597596289509901,-1.2384917497095695,0.7,287.0926808386088,4.774474997085685,0.5680000000000004,0.03238107161615063,0.5680000000000004,0.15,0.03237204247206121,0.7
3.5978964394742317,-1.2356501942244926,0.7,287.1876263451089,4.7736258539794285,0.5690000000000004,0.03238105745307776,0.5690000000000004,0.15,0.03237204247206121,0.7
3.598196542075004,-1.2328086516032968,0.7,287.2825947516158,4.772776534286789,0.5700000000000004,0.03238104338239712,0.5700000000000004,0.15,0.03237204247206121,0.7
3.5984965976179875,-1.2299671217629358,0.7,287.37758591029245,4.771927039147769,0.5710000000000003,0.03238102940351225,0.5710000000000004,0.15,0.03237204247206121,0.7
3.5987966064063226,-1.227125604621077,0.7,287.4725996745715,4.771077369692577,0.5720000000000004,0.0323810155158318,0.5720000000000004,0.15,0.03237204247206121,0.7
3.599096568740555,-1.2242841000960931,0.7,287.5676358991419,4.770227527041734,0.5730000000000004,0.032381001718769516,0.5730000000000004,0.15,0.03237204247206121,0.7
3.5993964849186564,-1.2214426081070549,0.7,287.6626944399355,4.769377512306179,0.5740000000000004,0.03238098801174412,0.5740000000000004,0.15,0.03237204247206121,0.7
3.599696355236057,-1.2186011285737237,0.7,287.7577751541133,4.768527326587369,0.5750000000000004,0.032380974394179335,0.5750000000000004,0.15,0.03237204247206121,0.7
3.599996179985671,-1.2157596614165447,0.7,287.85287790005293,4.7676769709773845,0.5760000000000004,0.03238096086550375,0.5760000000000004,0.15,0.03237204247206121,0.7
3.6002959594579247,-1.212918206556639,0.7,287.94800253733564,4.766826446559019,0.5770000000000005,0.03238094742515086,0.5770000000000004,0.15,0.03237204247206121,0.7
3.600595693940779,-1.2100767639157957,0.7,288.0431489267331,4.765975754405888,0.5780000000000004,0.03238093407255891,0.5780000000000004,0.15,0.03237204247206121,0.7
3.60089538371976,-1.207235333416467,0.7,288.13831693019563,4.765124895582524,0.5790000000000004,0.03238092080717094,0.5790000000000004,0.15,0.03237204247206121,0.7
3.601195029077983,-1.2043939149817589,0.7,288.2335064108387,4.764273871144466,0.5800000000000004,0.03238090762843467,0.5800000000000004,0.15,0.03237204247206121,0.7
3.601494630296176,-1.2015525085354264,0.7,288.3287172329315,4.763422682138361,0.5810000000000004,0.032380894535802486,0.5810000000000004,0.15,0.03237204247206121,0.7
3.601794187652708,-1.1987111140018643,0.7,288.4239492618847,4.762571329602055,0.5820000000000003,0.03238088152873137,0.5820000000000004,0.15,0.03237204247206121,0.7
3.602093701423611,-1.195869731306103,0.7,288.5192023642379,4.761719814564686,0.5830000000000004,0.03238086860668287,0.5830000000000004,0.15,0.03237204247206121,0.7
3.602393171882607,-1.1930283603738,0.7,288.61447640764857,4.760868138046773,0.5840000000000004,0.03238085576912303,0.5840000000000004,0.15,0.03237204247206121,0.7
3.60269259930113,-1.190187001131234,0.7,288.70977126087996,4.760016301060308,0.5850000000000005,0.03238084301552237,0.5850000000000004,0.15,0.03237204247206121,0.7
3.6029919839483497,-1.1873456535052989,0.7,288.8050867937895,4.759164304608845,0.5860000000000004,0.03238083034535581,0.5860000000000004,0.15,0.03237204247206121,0.7
3.603291326091198,-1.1845043174234964,0.7,288.90042287731757,4.758312149687589,0.5870000000000004,0.03238081775810265,0.5870000000000004,0.15,0.03237204247206121,0.7
3.603590625994389,-1.1816629928139302,0.7,288.9957793834764,4.757459837283475,0.5880000000000004,0.03238080525324652,0.5880000000000004,0.15,0.03237204247206121,0.7
3.603889883920443,-1.1788216796053006,0.7,289.09115618533883,4.756607368375268,0.5890000000000004,0.032380792830275305,0.5890000000000004,0.15,0.03237204247206121,0.7
3.6041891001297106,-1.1759803777268965,0.7,289.18655315702705,4.7557547439336325,0.5900000000000003,0.032380780488681156,0.5900000000000004,0.15,0.03237204247206121,0.7
3.6044882748803926,-1.1731390871085907,0.7,289.28197017370246,4.754901964921224,0.5910000000000004,0.03238076822796038,0.5910000000000004,0.15,0.03237204247206121,0.7
3.6047874084285634,-1.170297807680834,0.7,289.3774071115543,4.754049032292773,0.5920000000000003,0.03238075604761347,0.5920000000000004,0.15,0.03237204247206121,0.7
3.605086501028194,-1.167456539374648,0.7,289.47286384778926,4.753195946995159,0.5930000000000004,0.03238074394714499,0.5930000000000004,0.15,0.03237204247206121,0.7
3.6053855529311707,-1.1646152821216211,0.7,289.56834026062154,4.752342709967498,0.5940000000000005,0.0323807319260636,0.5940000000000004,0.15,0.03237204247206121,0.7
3.60568456438732,-1.1617740358539004,0.7,289.6638362292618,4.75148932214122,0.5950000000000004,0.03238071998388194,0.5950000000000004,0.15,0.03237204247206121,0.7
3.6059835356444263,-1.158932800504188,0.7,289.75935163390756,4.750635784440144,0.5960000000000004,0.03238070812011669,0.5960000000000004,0.15,0.03237204247206121,0.7
3.606282466948255,-1.1560915760057342,0.7,289.8548863557327,4.749782097780563,0.5970000000000004,0.0323806963342884,0.5970000000000004,0.15,0.03237204247206121,0.7
3.606581358542571,-1.153250362292333,0.7,289.950440276878,4.748928263071311,0.5980000000000004,0.03238068462592157,0.5980000000000004,0.15,0.03237204247206121,0.7
3.606880210669162,-1.150409159298315,0.7,290.0460132804408,4.748074281213846,0.5990000000000004,0.03238067299454455,0.5990000000000004,0.15,0.03237204247206121,0.7
3.6071790235678556,-1.1475679669585437,0.7,290.14160525046594,4.747220153102323,0.6000000000000005,0.032380661439689505,0.6000000000000004,0.15,0.03237204247206121,0.7
3.6075381563611866,-1.1447328348866264,0.7,290.2166205130319,4.74649102014658,0.6010000000000004,0.032380659500466244,0.6010000000000004,0.15,0.03237204247206121,0.7
3.6078972900395154,-1.1418976702642245,0.7,290.29169356457555,4.745761858181299,0.6020000000000004,0.03238065755694852,0.6020000000000004,0.15,0.03237204247206121,0.7
3.608256424610544,-1.1390624728080396,0.7,290.3668249080562,4.745032666953999,0.6030000000000004,0.03238065560909895,0.6030000000000004,0.15,0.03237204247206121,0.7
3.6086155600820646,-1.1362272422314754,0.7,290.442015052287,4.744303446209257,0.6040000000000004,0.032380653656879727,0.6040000000000004,0.15,0.03237204247206121,0.7
3.60897469646196,-1.1333919782445896,0.7,290.5172645120198,4.743574195688674,0.6050000000000004,0.03238065170025258,0.6050000000000004,0.15,0.03237204247206121,0.7
3.6093338337582064,-1.1305566805540472,0.7,290.5925738080326,4.742844915130824,0.6060000000000005,0.03238064973917883,0.6060000000000004,0.15,0.03237204247206121,0.7
3.6096929719788715,-1.1277213488630677,0.7,290.66794346721764,4.742115604271214,0.6070000000000004,0.032380647773619306,0.6070000000000004,0.15,0.03237204247206121,0.7
3.61005211113212,-1.1248859828713773,0.7,290.7433740226712,4.741386262842231,0.6080000000000004,0.032380645803534405,0.6080000000000004,0.15,0.03237204247206121,0.7
3.610411251226212,-1.1220505822751556,0.7,290.81886601378596,4.7406568905731055,0.6090000000000004,0.03238064382888403,0.6090000000000004,0.15,0.03237204247206121,0.7
3.6107703922695067,-1.1192151467669826,0.7,290.89441998634334,4.739927487189864,0.6100000000000003,0.03238064184962763,0.6100000000000004,0.15,0.03237204247206121,0.7
3.611129534270461,-1.1163796760357867,0.7,290.97003649260904,4.7391980524152695,0.6110000000000004,0.03238063986572417,0.6110000000000004,0.15,0.03237204247206121,0.7
3.6114886772376327,-1.1135441697667903,0.7,291.04571609142914,4.738468585968789,0.6120000000000004,0.03238063787713211,0.6120000000000004,0.15,0.03237204247206121,0.7
3.6118478211796834,-1.1107086276414524,0.7,291.12145934832876,4.737739087566532,0.6130000000000004,0.032380635883809426,0.6130000000000004,0.15,0.03237204247206121,0.7
3.6122069661053766,-1.1078730493374145,0.7,291.1972668356119,4.73700955692121,0.6140000000000004,0.0323806338857136,0.6140000000000004,0.15,0.03237204247206121,0.7
3.612566112023583,-1.1050374345284428,0.7,291.27313913246354,4.736279993742076,0.6150000000000005,0.032380631882801575,0.6150000000000004,0.15,0.03237204247206121,0.7
3.612925258943279,-1.1022017828843682,0.7,291.3490768250531,4.735550397734877,0.6160000000000005,0.0323806298750298,0.6160000000000004,0.15,0.03237204247206121,0.7
3.6132844068735497,-1.0993660940710286,0.7,291.4250805066402,4.734820768601802,0.6170000000000004,0.03238062786235418,0.6170000000000004,0.15,0.03237204247206121,0.7
3.613643555823591,-1.096530367750208,0.7,291.5011507776822,4.73409110604143,0.6180000000000004,0.03238062584473011,0.6180000000000004,0.15,0.03237204247206121,0.7
3.61400270580271,-1.0936946035795743,0.7,291.57728824594375,4.733361409748667,0.6190000000000004,0.03238062382211241,0.6190000000000004,0.15,0.03237204247206121,0.7
3.614361856820328,-1.0908588012126161,0.7,291.6534935266079,4.732631679414695,0.6200000000000004,0.03238062179445536,0.6200000000000004,0.15,0.03237204247206121,0.7
3.614721008885982,-1.0880229602985798,0.7,291.7297672423904,4.731901914726919,0.6210000000000004,0.032380619761712706,0.6210000000000004,0.15,0.03237204247206121,0.7
3.6150801620093245,-1.0851870804824046,0.7,291.8061100236544,4.731172115368901,0.6220000000000004,0.03238061772383759,0.6220000000000004,0.15,0.03237204247206121,0.7
3.6154393162001295,-1.0823511614046546,0.7,291.882522508529,4.7304422810203075,0.6230000000000004,0.03238061568078258,0.6230000000000004,0.15,0.03237204247206121,0.7
3.6157984714682887,-1.0795152027014525,0.7,291.95900534302865,4.729712411356842,0.6240000000000006,0.03238061363249969,0.6240000000000004,0.15,0.03237204247206121,0.7
3.616157627823818,-1.0766792040044109,0.7,292.03555918117576,4.728982506050194,0.6250000000000004,0.0323806115789403,0.6250000000000004,0.15,0.03237204247206121,0.7
3.6165167852768594,-1.073843164940562,0.7,292.11218468512493,4.728252564767967,0.6260000000000004,0.03238060952005521,0.6260000000000004,0.15,0.03237204247206121,0.7
3.616875943837679,-1.071007085132285,0.7,292.18888252528984,4.72752258717362,0.6270000000000004,0.0323806074557946,0.6270000000000004,0.15,0.03237204247206121,0.7
3.6172351035166717,-1.068170964197235,0.7,292.2656533804722,4.7267925729264,0.6280000000000004,0.032380605386108034,0.6280000000000004,0.15,0.03237204247206121,0.7
3.6175942643243637,-1.0653348017482682,0.7,292.34249793799364,4.726062521681278,0.6290000000000004,0.03238060331094443,0.6290000000000004,0.15,0.03237204247206121,0.7
3.617953426271413,-1.0624985973933663,0.7,292.4194168938298,4.725332433088882,0.6300000000000004,0.032380601230252055,0.6300000000000004,0.15,0.03237204247206121,0.7
3.6183125893686134,-1.0596623507355594,0.7,292.49641095274654,4.724602306795423,0.6310000000000004,0.032380599143978554,0.6310000000000004,0.15,0.03237204247206121,0.7
3.618671753626894,-1.0568260613728477,0.7,292.57348082843976,4.723872142442635,0.6320000000000005,0.03238059705207088,0.6320000000000005,0.15,0.03237204247206121,0.7
3.6190309190573235,-1.0539897288981226,0.7,292.65062724367675,4.723141939667692,0.6330000000000006,0.032380594954475324,0.6330000000000005,0.15,0.03237204247206121,0.7
3.619390085671112,-1.0511533528990828,0.7,292.7278509304413,4.722411698103148,0.6340000000000006,0.032380592851137494,0.6340000000000005,0.15,0.03237204247206121,0.7
3.6197492534796125,-1.0483169329581545,0.7,292.8051526300805,4.721681417376854,0.6350000000000005,0.032380590742002294,0.6350000000000005,0.15,0.03237204247206121,0.7
3.6201084224943245,-1.045480468652404,0.7,292.8825330934554,4.7209510971118815,0.6360000000000006,0.03238058862701392,0.6360000000000005,0.15,0.03237204247206121,0.7
3.6204675927268943,-1.042643959553453,0.7,292.9599930810938,4.720220736926456,0.6370000000000005,0.03238058650611587,0.6370000000000005,0.15,0.03237204247206121,0.7
3.620826764189119,-1.0398074052273896,0.7,293.03753336334665,4.719490336433865,0.6380000000000005,0.032380584379250885,0.6380000000000005,0.15,0.03237204247206121,0.7
3.6211859368929495,-1.0369708052346802,0.7,293.1151547205469,4.718759895242391,0.6390000000000003,0.03238058224636098,0.6390000000000005,0.15,0.03237204247206121,0.7
3.621545110850492,-1.0341341591300772,0.7,293.1928579431718,4.718029412955221,0.6400000000000005,0.032380580107387404,0.6400000000000005,0.15,0.03237204247206121,0.7
3.621904286074008,-1.0312974664625256,0.7,293.27064383200815,4.717298889170365,0.6410000000000003,0.03238057796227066,0.6410000000000005,0.15,0.03237204247206121,0.7
3.6222634625759227,-1.028460726775068,0.7,293.34851319832114,4.716568323480578,0.6420000000000005,0.03238057581095046,0.6420000000000005,0.15,0.03237204247206121,0.7
3.6226226403688235,-1.0256239396047495,0.7,293.4264668640263,4.715837715473265,0.6430000000000005,0.03238057365336572,0.6430000000000005,0.15,0.03237204247206121,0.7
3.622981819465463,-1.0227871044825159,0.7,293.50450566186464,4.715107064730399,0.6440000000000005,0.03238057148945456,0.6440000000000005,0.15,0.03237204247206121,0.7
3.623340999878762,-1.0199502209331157,0.7,293.5826304355814,4.714376370828426,0.6450000000000005,0.03238056931915427,0.6450000000000005,0.15,0.03237204247206121,0.7
3.623700181621813,-1.0171132884749952,0.7,293.66084204010895,4.713645633338176,0.6460000000000005,0.032380567142401326,0.6460000000000005,0.15,0.03237204247206121,0.7
3.6240593647078847,-1.0142763066201959,0.7,293.7391413417522,4.7129148518247765,0.6470000000000005,0.03238056495913135,0.6470000000000005,0.15,0.03237204247206121,0.7
3.6244185491504184,-1.0114392748742465,0.7,293.81752921837875,4.7121840258475425,0.6480000000000005,0.0323805627692791,0.6480000000000005,0.15,0.03237204247206121,0.7
3.6247777349630406,-1.008602192736053,0.7,293.89600655961215,4.711453154959892,0.6490000000000005,0.03238056057277847,0.6490000000000005,0.15,0.03237204247206121,0.7
3.6251369221595566,-1.0057650596977887,0.7,293.97457426702965,4.710722238709241,0.6500000000000006,0.03238055836956246,0.6500000000000005,0.15,0.03237204247206121,0.7
3.62549611075396,-1.0029278752447812,0.7,294.05323325436336,4.709991276636904,0.6510000000000006,0.03238055615956317,0.6510000000000005,0.15,0.03237204247206121,0.7
3.6258553007604335,-1.0000906388553954,0.7,294.13198444770603,4.709260268277993,0.6520000000000006,0.03238055394271178,0.6520000000000005,0.15,0.03237204247206121,0.7
3.6262144921933515,-0.9972533500009152,0.7,294.2108287857205,4.708529213161306,0.6530000000000005,0.03238055171893853,0.6530000000000005,0.15,0.03237204247206121,0.7
3.6265736850672856,-0.9944160081454243,0.7,294.289767219854,4.707798110809226,0.6540000000000006,0.03238054948817271,0.6540000000000005,0.15,0.03237204247206121,0.7
3.6269328793970046,-0.9915786127456824,0.7,294.3688007145562,4.707066960737608,0.6550000000000005,0.032380547250342666,0.6550000000000005,0.15,0.03237204247206121,0.7
3.6272920751974818,-0.9887411632509995,0.7,294.44793024750265,4.706335762455667,0.6560000000000004,0.032380545005375724,0.6560000000000005,0.15,0.03237204247206121,0.7
3.6276512724838956,-0.9859036591031081,0.7,294.5271568098215,4.705604515465866,0.6570000000000004,0.032380542753198245,0.6570000000000005,0.15,0.03237204247206121,0.7
3.628010471271634,-0.9830660997360327,0.7,294.60648140632645,4.704873219263797,0.6580000000000005,0.03238054049373555,0.6580000000000005,0.15,0.03237204247206121,0.7
3.628369671576297,-0.980228484575955,0.7,294.685905055753,4.704141873338067,0.6590000000000005,0.03238053822691195,0.6590000000000005,0.15,0.03237204247206121,0.7
3.6287288734137046,-0.9773908130410792,0.7,294.7654287910011,4.703410477170166,0.6600000000000005,0.03238053595265066,0.6600000000000005,0.15,0.03237204247206121,0.7
3.629088076799894,-0.9745530845414925,0.7,294.8450536593819,4.702679030234355,0.6610000000000005,0.03238053367087388,0.6610000000000005,0.15,0.03237204247206121,0.7
3.62944728175113,-0.9717152984790218,0.7,294.92478072286985,4.701947531997533,0.6620000000000005,0.03238053138150267,0.6620000000000005,0.15,0.03237204247206121,0.7
3.6298064882839034,-0.9688774542470905,0.7,295.0046110583605,4.701215981919107,0.6630000000000005,0.032380529084457,0.6630000000000005,0.15,0.03237204247206121,0.7
3.6301656964149385,-0.9660395512305684,0.7,295.0845457579331,4.700484379450864,0.6640000000000005,0.032380526779655736,0.6640000000000005,0.15,0.03237204247206121,0.7
3.630524906161197,-0.9632015888056225,0.7,295.16458592911954,4.699752724036834,0.6650000000000005,0.03238052446701656,0.6650000000000005,0.15,0.03237204247206121,0.7
3.6308841175398823,-0.9603635663395609,0.7,295.24473269517847,4.69902101511315,0.6660000000000005,0.032380522146456,0.6660000000000005,0.15,0.03237204247206121,0.7
3.6312433305684384,-0.9575254831906757,0.7,295.3249871953753,4.698289252107912,0.6670000000000005,0.0323805198178894,0.6670000000000005,0.15,0.03237204247206121,0.7
3.6316025452645633,-0.9546873387080814,0.7,295.4053505852686,4.697557434441038,0.6680000000000006,0.03238051748123087,0.6680000000000005,0.15,0.03237204247206121,0.7
3.631961761646208,-0.9518491322315513,0.7,295.4858240370022,4.6968255615241254,0.6690000000000006,0.032380515136393326,0.6690000000000005,0.15,0.03237204247206121,0.7
3.632320979731581,-0.9490108630913482,0.7,295.5664087396042,4.696093632760292,0.6700000000000005,0.0323805127832884,0.6700000000000005,0.15,0.03237204247206121,0.7
3.6326801995391556,-0.9461725306080523,0.7,295.6471058992913,4.6953616475440265,0.6710000000000005,0.03238051042182645,0.6710000000000005,0.15,0.03237204247206121,0.7
3.63303942108767,-0.943334134092387,0.7,295.7279167397815,4.694629605261036,0.6720000000000004,0.03238050805191654,0.6720000000000005,0.15,0.03237204247206121,0.7
3.6333986443961397,-0.9404956728450383,0.7,295.80884250261187,4.693897505288079,0.6730000000000004,0.03238050567346641,0.6730000000000005,0.15,0.03237204247206121,0.7
3.6337578694838557,-0.9376571461564722,0.7,295.88988444746457,4.6931653469928065,0.6740000000000005,0.03238050328638246,0.6740000000000005,0.15,0.03237204247206121,0.7
3.634117096370391,-0.9348185533067461,0.7,295.97104385249924,4.692433129733594,0.6750000000000005,0.03238050089056968,0.6750000000000005,0.15,0.03237204247206121,0.7
3.6344763250756076,-0.9319798935653191,0.7,296.05232201469335,4.691700852859371,0.6760000000000005,0.0323804984859317,0.6760000000000005,0.15,0.03237204247206121,0.7
3.6348355556196625,-0.9291411661908543,0.7,296.1337202501894,4.690968515709445,0.6770000000000006,0.03238049607237072,0.6770000000000005,0.15,0.03237204247206121,0.7
3.63519478802301,-0.92630237043102,0.7,296.21523989465055,4.690236117613326,0.6780000000000005,0.03238049364978748,0.6780000000000005,0.15,0.03237204247206121,0.7
3.6355540223064096,-0.923463505522285,0.7,296.2968823036239,4.689503657890543,0.6790000000000005,0.03238049121808124,0.6790000000000005,0.15,0.03237204247206121,0.7
3.6359132584909304,-0.9206245706897083,0.7,296.3786488529115,4.6887711358504545,0.6800000000000005,0.03238048877714977,0.6800000000000005,0.15,0.03237204247206121,0.7
3.636272496597958,-0.9177855651467263,0.7,296.46054093895054,4.6880385507920606,0.6810000000000005,0.032380486326889286,0.6810000000000005,0.15,0.03237204247206121,0.7
3.6366317366491994,-0.9149464880949341,0.7,296.5425599792013,4.687305902003812,0.6820000000000005,0.03238048386719446,0.6820000000000005,0.15,0.03237204247206121,0.7
3.6369909786666903,-0.9121073387238607,0.7,296.6247074125446,4.6865731887634015,0.6830000000000005,0.03238048139795835,0.6830000000000005,0.15,0.03237204247206121,0.7
3.6373502226728007,-0.909268116210742,0.7,296.7069846996877,4.685840410337568,0.6840000000000005,0.03238047891907243,0.6840000000000005,0.15,0.03237204247206121,0.7
3.6377094686902405,-0.9064288197202846,0.7,296.78939332358,4.685107565981885,0.6850000000000005,0.03238047643042648,0.6850000000000005,0.15,0.03237204247206121,0.7
3.6380687167420676,-0.9035894484044286,0.7,296.87193478983767,4.684374654940545,0.6860000000000005,0.03238047393190861,0.6860000000000005,0.15,0.03237204247206121,0.7
3.638427966851692,-0.900750001402101,0.7,296.9546106271786,4.683641676446149,0.6870000000000005,0.032380471423405235,0.6870000000000005,0.15,0.03237204247206121,0.7
3.6387872190428876,-0.8979104778389666,0.7,297.03742238786737,4.682908629719471,0.6880000000000005,0.032380468904800994,0.6880000000000005,0.15,0.03237204247206121,0.7
3.6391464733397925,-0.8950708768271705,0.7,297.12037164816985,4.682175513969241,0.6890000000000005,0.03238046637597874,0.6890000000000005,0.15,0.03237204247206121,0.7
3.6395057297669213,-0.8922311974650762,0.7,297.20346000881943,4.681442328391907,0.6900000000000005,0.03238046383681952,0.6900000000000005,0.15,0.03237204247206121,0.7
3.6398649883491694,-0.8893914388369972,0.7,297.28668909549316,4.680709072171391,0.6910000000000005,0.03238046128720254,0.6910000000000005,0.15,0.03237204247206121,0.7
3.640224249111822,-0.8865516000129229,0.7,297.3700605592999,4.679975744478854,0.6920000000000005,0.03238045872700509,0.6920000000000005,0.15,0.03237204247206121,0.7
3.6405835120805636,-0.8837116800482359,0.7,297.4535760772792,4.679242344472436,0.6930000000000005,0.03238045615610254,0.6930000000000005,0.15,0.03237204247206121,0.7
3.640942777281481,-0.8808716779834254,0.7,297.5372373529129,4.678508871297005,0.6940000000000006,0.03238045357436831,0.6940000000000005,0.15,0.03237204247206121,0.7
3.6413020447410736,-0.8780315928437918,0.7,297.6210461166477,4.6777753240838935,0.6950000000000005,0.0323804509816738,0.6950000000000005,0.15,0.03237204247206121,0.7
3.6416613144862646,-0.8751914236391459,0.7,297.7050041264313,4.6770417019506265,0.6960000000000005,0.03238044837788837,0.6960000000000005,0.15,0.03237204247206121,0.7
3.642020586544404,-0.8723511693634987,0.7,297.78911316826066,4.67630800400065,0.6970000000000005,0.032380445762879295,0.6970000000000005,0.15,0.03237204247206121,0.7
3.642379860943283,-0.8695108289947456,0.7,297.8733750567438,4.675574229323049,0.6980000000000005,0.032380443136511734,0.6980000000000005,0.15,0.03237204247206121,0.7
3.6427391377111364,-0.8666704014943427,0.7,297.9577916356749,4.674840376992253,0.6990000000000005,0.03238044049864867,0.6990000000000005,0.15,0.03237204247206121,0.7
3.643098416876658,-0.8638298858069748,0.7,298.04236477862366,4.674106446067748,0.7000000000000005,0.03238043784915086,0.7000000000000005,0.15,0.03237204247206121,0.7
3.64348804284347,-0.8611841889435351,0.7,298.14772182294627,4.673599172523251,0.7010000000000005,0.03238043751135074,0.7010000000000005,0.15,0.03237204247206121,0.7
3.6438776644266717,-0.8585383112440137,0.7,298.25323728256666,4.6730917006102715,0.7020000000000005,0.032380437171548426,0.7020000000000005,0.15,0.03237204247206121,0.7
3.6442672815656687,-0.8558922502087074,0.7,298.3589133472651,4.67258402758675,0.7030000000000005,0.03238043682971624,0.7030000000000005,0.15,0.03237204247206121,0.7
3.644656894198743,-0.853246003291628,0.7,298.4647522473679,4.672076150659863,0.7040000000000004,0.03238043648582601,0.7040000000000005,0.15,0.03237204247206121,0.7
3.645046502263031,-0.8505995678994265,0.7,298.57075625469025,4.671568066984832,0.7050000000000005,0.032380436139849006,0.7050000000000005,0.15,0.03237204247206121,0.7
3.645436105694491,-0.8479529413902864,0.7,298.6769276835052,4.671059773663708,0.7060000000000005,0.03238043579175597,0.7060000000000005,0.15,0.03237204247206121,0.7
3.6458257044278835,-0.8453061210727871,0.7,298.7832688915409,4.670551267744136,0.7070000000000004,0.03238043544151712,0.7070000000000005,0.15,0.03237204247206121,0.7
3.6462152983967346,-0.842659104204733,0.7,298.8897822810043,4.670042546218056,0.7080000000000005,0.03238043508910209,0.7080000000000005,0.15,0.03237204247206121,0.7
3.646604887533309,-0.8400118879919505,0.7,298.99647029963575,4.669533606020395,0.7090000000000006,0.03238043473447995,0.7090000000000005,0.15,0.03237204247206121,0.7
3.6469944717685867,-0.8373644695870517,0.7,299.10333544179304,4.669024444027707,0.7100000000000006,0.03238043437761916,0.7100000000000005,0.15,0.03237204247206121,0.7
3.647384051032223,-0.8347168460881604,0.7,299.21038024956573,4.668515057056773,0.7110000000000004,0.03238043401848759,0.7110000000000005,0.15,0.03237204247206121,0.7
3.647773625252521,-0.8320690145376032,0.7,299.31760731392336,4.6680054418631665,0.7120000000000005,0.03238043365705251,0.7120000000000005,0.15,0.03237204247206121,0.7
3.6481631943563997,-0.829420971920561,0.7,299.42501927589524,4.6674955951397745,0.7130000000000006,0.032380433293280525,0.7130000000000005,0.15,0.03237204247206121,0.7
3.6485527582693575,-0.8267727151636834,0.7,299.53261882778565,4.6669855135152805,0.7140000000000004,0.03238043292713762,0.7140000000000005,0.15,0.03237204247206121,0.7
3.6489423169154427,-0.8241242411336609,0.7,299.64040871442415,4.666475193552596,0.7150000000000005,0.03238043255858909,0.7150000000000005,0.15,0.03237204247206121,0.7
3.64933187021721,-0.821475546635754,0.7,299.74839173445304,4.6659646317472445,0.7160000000000005,0.03238043218759957,0.7160000000000005,0.15,0.03237204247206121,0.7
3.6497214180956914,-0.8188266284122829,0.7,299.85657074165204,4.6654538245257084,0.7170000000000005,0.032380431814133,0.7170000000000005,0.15,0.03237204247206121,0.7
3.6501109604703563,-0.8161774831410685,0.7,299.96494864630347,4.6649427682437175,0.7180000000000006,0.032380431438152585,0.7180000000000005,0.15,0.03237204247206121,0.7
3.650500497259068,-0.8135281074338275,0.7,300.0735284165973,4.6644314591844855,0.7190000000000006,0.03238043105962081,0.7190000000000005,0.15,0.03237204247206121,0.7
3.6508904904262107,-0.8108792745958139,0.7,300.18031883630925,4.6639225184694535,0.7200000000000005,0.032380430673305476,0.7200000000000005,0.15,0.03237204247206121,0.7
3.6512818376751404,-0.8082324684353195,0.7,300.2814994589473,4.6634210206370055,0.7210000000000004,0.0323804302694005,0.7210000000000005,0.15,0.03237204247206121,0.7
3.651673196921124,-0.8055854156517187,0.7,300.3828972697836,4.662919324166048,0.7220000000000005,0.032380429863148714,0.7220000000000005,0.15,0.03237204247206121,0.7
3.652064568359373,-0.8029381122320398,0.7,300.484515802835,4.662417425824399,0.7230000000000005,0.03238042945451194,0.7230000000000005,0.15,0.03237204247206121,0.7
3.652455952189357,-0.8002905540757727,0.7,300.58635866920866,4.66191532230937,0.7240000000000004,0.03238042904345116,0.7240000000000005,0.15,0.03237204247206121,0.7
3.6528473486149218,-0.7976427369924672,0.7,300.68842955921593,4.661413010245832,0.7250000000000005,0.0323804286299265,0.7250000000000005,0.15,0.03237204247206121,0.7
3.65323875784441,-0.7949946566992571,0.7,300.79073224455624,4.660910486184219,0.7260000000000006,0.032380428213897194,0.7260000000000005,0.15,0.03237204247206121,0.7
3.6536301800907824,-0.7923463088182953,0.7,300.8932705805725,4.66040774659847,0.7270000000000005,0.0323804277953216,0.7270000000000005,0.15,0.03237204247206121,0.7
3.65402161557175,-0.7896976888741075,0.7,300.99604850858327,4.659904787883885,0.7280000000000006,0.03238042737415711,0.7280000000000005,0.15,0.03237204247206121,0.7
3.6544130645099044,-0.7870487922908548,0.7,301.09907005829257,4.6594016063549315,0.7290000000000004,0.0323804269503602,0.7290000000000005,0.15,0.03237204247206121,0.7
3.6548045271328604,-0.7843996143895053,0.7,301.2023393502819,4.6588981982429605,0.7300000000000004,0.032380426523886334,0.7300000000000005,0.15,0.03237204247206121,0.7
3.6551960036733924,-0.7817501503849085,0.7,301.3058605985855,4.658394559693852,0.7310000000000004,0.03238042609468999,0.7310000000000005,0.15,0.03237204247206121,0.7
3.6555874943695845,-0.7791003953827688,0.7,301.4096381133559,4.657890686765574,0.7320000000000005,0.03238042566272458,0.7320000000000005,0.15,0.03237204247206121,0.7
3.655978999464984,-0.7764503443765164,0.7,301.51367630361983,4.657386575425671,0.7330000000000005,0.032380425227942475,0.7330000000000005,0.15,0.03237204247206121,0.7
3.6563705192087537,-0.7737999922440699,0.7,301.61797968012917,4.656882221548646,0.7340000000000004,0.03238042479029492,0.7340000000000005,0.15,0.03237204247206121,0.7
3.656762053855843,-0.7711493337444848,0.7,301.72255285831255,4.656377620913264,0.7350000000000007,0.03238042434973206,0.7350000000000005,0.15,0.03237204247206121,0.7
3.6571536036671493,-0.7684983635144854,0.7,301.82740056132883,4.655872769199767,0.7360000000000007,0.032380423906202854,0.7360000000000005,0.15,0.03237204247206121,0.7
3.657545168909695,-0.7658470760648749,0.7,301.93252762322925,4.6553676619869675,0.7370000000000005,0.03238042345965506,0.7370000000000005,0.15,0.03237204247206121,0.7
3.6579367498568116,-0.763195465776819,0.7,302.03793899223086,4.654862294749273,0.7380000000000005,0.03238042301003522,0.7380000000000005,0.15,0.03237204247206121,0.7
3.658328346788322,-0.7605435268979936,0.7,302.1436397341068,4.654356662853567,0.7390000000000005,0.0323804225572886,0.7390000000000005,0.15,0.03237204247206121,0.7
3.658719959990738,-0.7578912535386001,0.7,302.24963503569853,4.653850761556007,0.7400000000000004,0.03238042210135915,0.7400000000000005,0.15,0.03237204247206121,0.7
3.6591115897574573,-0.7552386396672309,0.7,302.35593020855373,4.653344585998697,0.7410000000000005,0.03238042164218947,0.7410000000000005,0.15,0.03237204247206121,0.7
3.659503236388978,-0.7525856791065898,0.7,302.4625306926976,4.652838131206235,0.7420000000000007,0.03238042117972077,0.7420000000000005,0.15,0.03237204247206121,0.7
3.659894900193109,-0.7499323655290532,0.7,302.56944206054044,4.652331392082144,0.7430000000000007,0.03238042071389286,0.7430000000000005,0.15,0.03237204247206121,0.7
3.660286581485194,-0.7472786924520695,0.7,302.67667002092963,4.6518243634051535,0.7440000000000005,0.032380420244644055,0.7440000000000005,0.15,0.03237204247206121,0.7
3.6606782805883493,-0.7446246532333886,0.7,302.78422042335126,4.651317039825378,0.7450000000000006,0.032380419771911126,0.7450000000000006,0.15,0.03237204247206121,0.7
3.661069997833698,-0.7419702410661129,0.7,302.8920992622871,4.650809415860313,0.7460000000000006,0.03238041929562932,0.7460000000000006,0.15,0.03237204247206121,0.7
3.661461733560622,-0.7393154489735647,0.7,303.00031268173626,4.650301485890707,0.7470000000000006,0.03238041881573223,0.7470000000000006,0.15,0.03237204247206121,0.7
3.6618534881170226,-0.736660269803959,0.7,303.10886697990526,4.6497932441562755,0.7480000000000006,0.03238041833215182,0.7480000000000006,0.15,0.03237204247206121,0.7
3.6622452618595878,-0.7340046962248756,0.7,303.217768614077,4.6492846847512395,0.7490000000000007,0.032380417844818314,0.7490000000000006,0.15,0.03237204247206121,0.7
3.66263705515407,-0.7313487207175191,0.7,303.32702420566505,4.648775801619711,0.7500000000000006,0.03238041735366015,0.7500000000000006,0.15,0.03237204247206121,0.7
3.663028868375581,-0.7286923355707604,0.7,303.43664054546167,4.648266588550887,0.7510000000000006,0.03238041685860397,0.7510000000000006,0.15,0.03237204247206121,0.7
3.663420701908888,-0.7260355328749465,0.7,303.54662459908855,4.647757039174067,0.7520000000000006,0.0323804163595745,0.7520000000000006,0.15,0.03237204247206121,0.7
3.663812556148727,-0.7233783045154704,0.7,303.65698351265985,4.647247146953478,0.7530000000000006,0.03238041585649452,0.7530000000000006,0.15,0.03237204247206121,0.7
3.6642044315001314,-0.7207206421660897,0.7,303.7677246186661,4.646736905182883,0.7540000000000004,0.0323804153492848,0.7540000000000006,0.15,0.03237204247206121,0.7
3.6645963283787677,-0.7180625372819814,0.7,303.8788554420903,4.6462263069799965,0.7550000000000006,0.03238041483786403,0.7550000000000006,0.15,0.03237204247206121,0.7
3.6649882472112836,-0.7154039810925226,0.7,303.99038370676635,4.6457153452806645,0.7560000000000007,0.032380414322148755,0.7560000000000006,0.15,0.03237204247206121,0.7
3.6653801884356794,-0.7127449645937807,0.7,304.1023173419909,4.645204012832818,0.7570000000000006,0.032380413802053296,0.7570000000000006,0.15,0.03237204247206121,0.7
3.6657721525016824,-0.7100854785407051,0.7,304.2146644894013,4.644692302190183,0.7580000000000006,0.032380413277489674,0.7580000000000006,0.15,0.03237204247206121,0.7
3.6661641398711455,-0.7074255134390015,0.7,304.3274335101311,4.644180205705739,0.7590000000000006,0.032380412748367546,0.7590000000000006,0.15,0.03237204247206121,0.7
3.6665561510184577,-0.7047650595366746,0.7,304.4406329922576,4.643667715524901,0.7600000000000005,0.03238041221459412,0.7600000000000006,0.15,0.03237204247206121,0.7
3.6669481864309716,-0.7021041068152256,0.7,304.5542717585537,4.643154823578434,0.7610000000000007,0.032380411676074056,0.7610000000000006,0.15,0.03237204247206121,0.7
3.6673402466094496,-0.6994426449804854,0.7,304.66835887456097,4.64264152157507,0.7620000000000006,0.0323804111327094,0.7620000000000006,0.15,0.03237204247206121,0.7
3.66773233206853,-0.6967806634530679,0.7,304.78290365699706,4.6421278009938165,0.7630000000000006,0.03238041058439948,0.7630000000000006,0.15,0.03237204247206121,0.7
3.6681244433372076,-0.6941181513584225,0.7,304.8979156825157,4.641613653075947,0.7640000000000006,0.03238041003104081,0.7640000000000006,0.15,0.03237204247206121,0.7
3.6685165809593414,-0.6914550975164678,0.7,305.01340479683523,4.64109906881665,0.7650000000000006,0.032380409472527016,0.7650000000000006,0.15,0.03237204247206121,0.7
3.668908745494177,-0.6887914904307862,0.7,305.1293811242556,4.640584038956323,0.7660000000000006,0.0323804089087487,0.7660000000000006,0.15,0.03237204247206121,0.7
3.669300937516899,-0.6861273182773552,0.7,305.245855077581,4.640068553971505,0.7670000000000006,0.03238040833959333,0.7670000000000006,0.15,0.03237204247206121,0.7
3.669693157619197,-0.6834625688927948,0.7,305.3628373684706,4.639552604065403,0.7680000000000007,0.032380407764945184,0.7680000000000006,0.15,0.03237204247206121,0.7
3.670085406409868,-0.680797229762104,0.7,305.4803390182371,4.639036179158013,0.7690000000000006,0.03238040718468516,0.7690000000000006,0.15,0.03237204247206121,0.7
3.6704776845154337,-0.6781312880058636,0.7,305.5983713691185,4.638519268875822,0.7700000000000006,0.0323804065986907,0.7700000000000006,0.15,0.03237204247206121,0.7
3.670869992580796,-0.6754647303668739,0.7,305.7169460960439,4.638001862541035,0.7710000000000006,0.03238040600683567,0.7710000000000006,0.15,0.03237204247206121,0.7
3.6712623312699106,-0.6727975431962012,0.7,305.8360752189225,4.6374839491603455,0.7720000000000006,0.03238040540899017,0.7720000000000006,0.15,0.03237204247206121,0.7
3.671654701266499,-0.6701297124386012,0.7,305.9557711154801,4.636965517413189,0.7730000000000005,0.032380404805020455,0.7730000000000006,0.15,0.03237204247206121,0.7
3.6720471032747883,-0.667461223617286,0.7,306.076046534674,4.636446555639473,0.7740000000000005,0.03238040419478878,0.7740000000000006,0.15,0.03237204247206121,0.7
3.6724400340278045,-0.6647926251812594,0.7,306.1973279373219,4.635929599424684,0.7750000000000007,0.03238040358768852,0.7750000000000006,0.15,0.03237204247206121,0.7
3.672834298111869,-0.6621247696528068,0.7,306.3202832871204,4.635418719972875,0.7760000000000005,0.03238040299783241,0.7760000000000006,0.15,0.03237204247206121,0.7
3.673228629654659,-0.6594561747379595,0.7,306.44386274251457,4.634907370981077,0.7770000000000006,0.03238040240000114,0.7770000000000006,0.15,0.03237204247206121,0.7
3.6736230303523514,-0.6567868218456608,0.7,306.56808199595224,4.634395540643225,0.7780000000000006,0.03238040179399417,0.7780000000000006,0.15,0.03237204247206121,0.7
3.674017501958466,-0.6541166917563181,0.7,306.69295727042004,4.6338832167541115,0.7790000000000006,0.03238040117960421,0.7790000000000006,0.15,0.03237204247206121,0.7
3.6744120462863115,-0.6514457645950124,0.7,306.8185053420557,4.633370386692361,0.7800000000000005,0.03238040055661688,0.7800000000000006,0.15,0.03237204247206121,0.7
3.674806665211559,-0.6487740198033286,0.7,306.9447435639265,4.632857037402561,0.7810000000000005,0.03238039992481043,0.7810000000000006,0.15,0.03237204247206121,0.7
3.675201360674941,-0.6461014361097187,0.7,307.07168989104525,4.632343155376423,0.7820000000000006,0.032380399283955426,0.7820000000000006,0.15,0.03237204247206121,0.7
3.6755961346850996,-0.6434279914983101,0.7,307.1993629066988,4.631828726632986,0.7830000000000006,0.032380398633814395,0.7830000000000006,0.15,0.03237204247206121,0.7
3.6759909893215825,-0.640753663176061,0.7,307.3277818501708,4.6313137366977575,0.7840000000000006,0.032380397974141495,0.7840000000000006,0.15,0.03237204247206121,0.7
3.676385926738001,-0.6380784275381635,0.7,307.45696664594607,4.630798170580737,0.7850000000000006,0.03238039730468211,0.7850000000000006,0.15,0.03237204247206121,0.7
3.676780949165354,-0.6354022601315791,0.7,307.5869379344882,4.630282012753264,0.7860000000000005,0.032380396625172496,0.7860000000000006,0.15,0.03237204247206121,0.7
3.6771760589155384,-0.632725135616593,0.7,307.71771710469216,4.629765247123606,0.7870000000000006,0.032380395935339326,0.7870000000000006,0.15,0.03237204247206121,0.7
3.6775712583850475,-0.6300470277262574,0.7,307.8493263281169,4.629247857011199,0.7880000000000006,0.03238039523489928,0.7880000000000006,0.15,0.03237204247206121,0.7
3.6779665500588785,-0.627367909223588,0.7,307.9817885951156,4.628729825119465,0.7890000000000006,0.03238039452355858,0.7890000000000006,0.15,0.03237204247206121,0.7
3.6783619365146523,-0.6246877518563674,0.7,308.1151277529852,4.628211133507116,0.7900000000000005,0.032380393801012486,0.7900000000000006,0.15,0.03237204247206121,0.7
3.6787574204269737,-0.6220065263093982,0.7,308.24936854626924,4.6276917635578245,0.7910000000000006,0.032380393066944804,0.7910000000000006,0.15,0.03237204247206121,0.7
3.6791530045720324,-0.6193242021540353,0.7,308.3845366593565,4.627171695948183,0.7920000000000006,0.03238039232102732,0.7920000000000006,0.15,0.03237204247206121,0.7
3.679548691832476,-0.616640747794815,0.7,308.52065876153074,4.626650910613806,0.7930000000000006,0.03238039156291924,0.7930000000000006,0.15,0.03237204247206121,0.7
3.679944485202558,-0.6139561304129866,0.7,308.6577625546357,4.6261293867134725,0.7940000000000006,0.03238039079226658,0.7940000000000006,0.15,0.03237204247206121,0.7
3.6803403877935965,-0.6112703159067284,0.7,308.79587682353593,4.625607102591158,0.7950000000000006,0.03238039000870151,0.7950000000000006,0.15,0.03237204247206121,0.7
3.680736402839748,-0.6085832688278283,0.7,308.9350314895662,4.625084035735828,0.7960000000000005,0.03238038921184167,0.7960000000000006,0.15,0.03237204247206121,0.7
3.68113253370413,-0.605894952314573,0.7,309.0752576671771,4.624560162738819,0.7970000000000006,0.03238038840128947,0.7970000000000006,0.15,0.03237204247206121,0.7
3.6815287838853177,-0.6032053280205849,0.7,309.2165877240038,4.624035459248641,0.7980000000000007,0.0323803875766313,0.7980000000000006,0.15,0.03237204247206121,0.7
3.681925157024228,-0.6005143560393142,0.7,309.3590553445998,4.6235098999230395,0.7990000000000006,0.03238038673743671,0.7990000000000006,0.15,0.03237204247206121,0.7
3.682321656911436,-0.5978219948238784,0.7,309.50269559810147,4.622983458378077,0.8000000000000006,0.03238038588325759,0.8000000000000006,0.15,0.03237204247206121,0.7
3.6826845477997345,-0.5954171877568308,0.7,309.5101292427336,4.622541740287864,0.8010000000000006,0.032380385831492345,0.8010000000000006,0.15,0.03237204247206121,0.7
3.683047476810817,-0.5930119482071078,0.7,309.5177702448459,4.622099742206756,0.8020000000000006,0.032380385778935275,0.8020000000000006,0.15,0.03237204247206121,0.7
3.6834104446212494,-0.5906062684994089,0.7,309.5256222844262,4.6216574591657285,0.8030000000000006,0.03238038572557234,0.8030000000000006,0.15,0.03237204247206121,0.7
3.683773451923705,-0.5882001407757338,0.7,309.53368912905927,4.621214886077488,0.8040000000000006,0.03238038567138914,0.8040000000000006,0.15,0.03237204247206121,0.7
3.6841364994274426,-0.5857935569899139,0.7,309.5419746365487,4.620772017732913,0.8050000000000006,0.032380385616370966,0.8050000000000006,0.15,0.03237204247206121,0.7
3.6844995878588085,-0.583386508901946,0.7,309.5504827576337,4.620328848797394,0.8060000000000006,0.032380385560502704,0.8060000000000006,0.15,0.03237204247206121,0.7
3.684863009775453,-0.5809793245012589,0.7,309.55975261784084,4.619886877303848,0.8070000000000006,0.032380385499294916,0.8070000000000006,0.15,0.03237204247206121,0.7
3.685227127672057,-0.5785724227095984,0.7,309.57046738473747,4.619447971920887,0.8080000000000005,0.032380385427267996,0.8080000000000006,0.15,0.03237204247206121,0.7
3.6855912886430433,-0.5761650470571882,0.7,309.5814412616274,4.619008764975642,0.8090000000000007,0.03238038535447309,0.8090000000000006,0.15,0.03237204247206121,0.7
3.6859554934610808,-0.5737571890438967,0.7,309.59267889643525,4.618569251058681,0.8100000000000007,0.03238038528089642,0.8100000000000006,0.15,0.03237204247206121,0.7
3.6863197429174304,-0.5713488399650685,0.7,309.60418504892044,4.61812942463041,0.8110000000000006,0.032380385206523865,0.8110000000000006,0.15,0.03237204247206121,0.7
3.686684037822507,-0.5689399909053355,0.7,309.6159645940615,4.617689280017137,0.8120000000000007,0.03238038513134099,0.8120000000000006,0.15,0.03237204247206121,0.7
3.687048379006463,-0.5665306327322032,0.7,309.62802252556315,4.617248811406999,0.8130000000000007,0.032380385055333,0.8130000000000006,0.15,0.03237204247206121,0.7
3.6874127673197936,-0.5641207560893985,0.7,309.6403639594932,4.616808012845712,0.8140000000000005,0.03238038497848471,0.8140000000000006,0.15,0.03237204247206121,0.7
3.68777720363396,-0.5617103513899755,0.7,309.6529941380532,4.616366878232203,0.8150000000000006,0.03238038490078059,0.8150000000000006,0.15,0.03237204247206121,0.7
3.6881416888420424,-0.5592994088091605,0.7,309.66591843349045,4.61592540131404,0.8160000000000007,0.032380384822204726,0.8160000000000006,0.15,0.03237204247206121,0.7
3.6885062238594166,-0.5568879182769324,0.7,309.67914235215454,4.615483575682717,0.8170000000000006,0.03238038474274079,0.8170000000000006,0.15,0.03237204247206121,0.7
3.6888708096244494,-0.5544758694703217,0.7,309.6926715387094,4.615041394768759,0.8180000000000006,0.03238038466237205,0.8180000000000006,0.15,0.03237204247206121,0.7
3.689235447099228,-0.5520632518054182,0.7,309.7065117805026,4.6145988518366226,0.8190000000000006,0.03238038458108137,0.8190000000000006,0.15,0.03237204247206121,0.7
3.6896001372703138,-0.5496500544290736,0.7,309.72066901210286,4.614155939979427,0.8200000000000007,0.032380384498851125,0.8200000000000006,0.15,0.03237204247206121,0.7
3.6899648811495256,-0.5472362662102852,0.7,309.7351493200112,4.613712652113465,0.8210000000000007,0.03238038441566331,0.8210000000000006,0.15,0.03237204247206121,0.7
3.690329679774751,-0.5448218757312477,0.7,309.7499589475545,4.613268980972512,0.8220000000000006,0.032380384331499396,0.8220000000000006,0.15,0.03237204247206121,0.7
3.690694534210797,-0.5424068712780551,0.7,309.7651042999692,4.612824919101904,0.8230000000000007,0.03238038424634041,0.8230000000000006,0.15,0.03237204247206121,0.7
3.691059445550261,-0.5399912408310399,0.7,309.7805919496839,4.612380458852392,0.8240000000000006,0.03238038416016687,0.8240000000000006,0.15,0.03237204247206121,0.7
3.6914244149144495,-0.5375749720547309,0.7,309.79642864181045,4.611935592373754,0.8250000000000006,0.03238038407295879,0.8250000000000006,0.15,0.03237204247206121,0.7
3.691789443454324,-0.5351580522874138,0.7,309.81262129985305,4.611490311608145,0.8260000000000006,0.03238038398469564,0.8260000000000006,0.15,0.03237204247206121,0.7
3.692154532351488,-0.5327404685302723,0.7,309.82917703164446,4.611044608283196,0.8270000000000007,0.03238038389535635,0.8270000000000006,0.15,0.03237204247206121,0.7
3.6925196828192166,-0.5303222074360965,0.7,309.84610313552224,4.610598473904816,0.8280000000000006,0.03238038380491929,0.8280000000000006,0.15,0.03237204247206121,0.7
3.692884896103521,-0.5279032552975298,0.7,309.86340710675364,4.610151899749722,0.8290000000000006,0.03238038371336225,0.8290000000000006,0.15,0.03237204247206121,0.7
3.69325017348426,-0.525483598034841,0.7,309.8810966442228,4.609704876857651,0.8300000000000006,0.032380383620662416,0.8300000000000006,0.15,0.03237204247206121,0.7
3.693615516276304,-0.5230632211831922,0.7,309.899179657393,4.609257396023267,0.8310000000000006,0.03238038352679633,0.8310000000000006,0.15,0.03237204247206121,0.7
3.6939809258307283,-0.5206421098793808,0.7,309.9176642735551,4.608809447787709,0.8320000000000006,0.032380383431739906,0.8320000000000006,0.15,0.03237204247206121,0.7
3.694346403536082,-0.5182202488480319,0.7,309.93655884537907,4.608361022429817,0.8330000000000006,0.032380383335468395,0.8330000000000006,0.15,0.03237204247206121,0.7
3.6947119508196833,-0.5157976223872098,0.7,309.9558719587804,4.607912109956968,0.8340000000000007,0.03238038323795635,0.8340000000000006,0.15,0.03237204247206121,0.7
3.695077569148991,-0.5133742143534249,0.7,309.9756124411192,4.607462700095536,0.8350000000000007,0.03238038313917759,0.8350000000000006,0.15,0.03237204247206121,0.7
3.6954432600330223,-0.5109500081460021,0.7,309.9957893697477,4.6070127822809495,0.8360000000000006,0.03238038303910523,0.8360000000000006,0.15,0.03237204247206121,0.7
3.695809124179089,-0.5085256962629434,0.7,310.0174730285798,4.606563451875415,0.8370000000000007,0.032380382942810634,0.8370000000000006,0.15,0.03237204247206121,0.7
3.6961753799204264,-0.5061028582087974,0.7,310.0430829046629,4.606117161802028,0.8380000000000007,0.03238038286173257,0.8380000000000006,0.15,0.03237204247206121,0.7
3.696541711091976,-0.5036792319068316,0.7,310.06928675163164,4.6056703852178575,0.8390000000000005,0.0323803827797075,0.8390000000000006,0.15,0.03237204247206121,0.7
3.69690811928443,-0.5012548007342593,0.7,310.09609709530696,4.60522311186323,0.8400000000000005,0.03238038269671541,0.8400000000000006,0.15,0.03237204247206121,0.7
3.697274606133526,-0.4988295475975911,0.7,310.1235268162006,4.60477533118795,0.8410000000000007,0.03238038261273578,0.8410000000000006,0.15,0.03237204247206121,0.7
3.697641173321647,-0.4964034549158541,0.7,310.15158916215876,4.604327032340948,0.8420000000000006,0.03238038252774749,0.8420000000000006,0.15,0.03237204247206121,0.7
3.698007822579504,-0.49397650460308984,0.7,310.18029776155123,4.603878204159473,0.8430000000000005,0.03238038244172881,0.8430000000000006,0.15,0.03237204247206121,0.7
3.6983745556878773,-0.4915486780500919,0.7,310.20966663703257,4.603428835157825,0.8440000000000006,0.03238038235465737,0.8440000000000006,0.15,0.03237204247206121,0.7
3.698741374479442,-0.48911995610534476,0.7,310.23971021990513,4.602978913515582,0.8450000000000006,0.03238038226651019,0.8450000000000006,0.15,0.03237204247206121,0.7
3.6991082808406754,-0.4866903190551247,0.7,310.27044336511375,4.602528427065329,0.8460000000000006,0.03238038217726355,0.8460000000000006,0.15,0.03237204247206121,0.7
3.6994752767138395,-0.48425974660271676,0.7,310.30188136690657,4.602077363279827,0.8470000000000006,0.03238038208689309,0.8470000000000006,0.15,0.03237204247206121,0.7
3.6998423640990663,-0.4818282178467032,0.7,310.3340399751954,4.601625709258608,0.8480000000000006,0.032380381995373686,0.8480000000000006,0.15,0.03237204247206121,0.7
3.700209545056522,-0.47939571125827496,0.7,310.36693541265225,4.601173451713973,0.8490000000000005,0.03238038190267948,0.8490000000000006,0.15,0.03237204247206121,0.7
3.700576821708683,-0.4769622046575127,0.7,310.40058439258206,4.600720576956359,0.8500000000000006,0.03238038180878382,0.8500000000000006,0.15,0.03237204247206121,0.7
3.7009441962427037,-0.47452767518858513,0.7,310.4350041376122,4.600267070879024,0.8510000000000006,0.032380381713659236,0.8510000000000006,0.15,0.03237204247206121,0.7
3.7013116709129017,-0.4720920992938036,0.7,310.47021239924266,4.599812918942036,0.8520000000000006,0.032380381617277444,0.8520000000000006,0.15,0.03237204247206121,0.7
3.7016792480433565,-0.4696554526864729,0.7,310.5062274783039,4.599358106155518,0.8530000000000006,0.03238038151960925,0.8530000000000006,0.15,0.03237204247206121,0.7
3.702046930030629,-0.4672177103224723,0.7,310.54306824637206,4.5989026170621,0.8540000000000005,0.03238038142062458,0.8540000000000006,0.15,0.03237204247206121,0.7
3.7024147193466077,-0.464778846370496,0.7,310.58075416819315,4.598446435718564,0.8550000000000008,0.032380381320292376,0.8550000000000006,0.15,0.03237204247206121,0.7
3.7027826185414923,-0.46233883418087995,0.7,310.619305325173,4.5979895456765965,0.8560000000000006,0.032380381218580646,0.8560000000000006,0.15,0.03237204247206121,0.7
3.7031506302469213,-0.4598976462529352,0.7,310.65874243999326,4.59753192996262,0.8570000000000007,0.03238038111545633,0.8570000000000007,0.15,0.03237204247206121,0.7
3.7035187571792463,-0.4574552542007039,0.7,310.6990869024151,4.597073571056673,0.8580000000000008,0.03238038101088534,0.8580000000000007,0.15,0.03237204247206121,0.7
3.7038870685854395,-0.45501422567416555,0.7,310.7425132068467,4.596617313388948,0.8590000000000007,0.032380380916287775,0.8590000000000007,0.15,0.03237204247206121,0.7
3.7042555253082274,-0.45257309652309796,0.7,310.78776507081704,4.596161536253275,0.8600000000000007,0.032380380825409276,0.8600000000000007,0.15,0.03237204247206121,0.7
3.7046241012953756,-0.4501307451833012,0.7,310.8339432589231,4.595705013956104,0.8610000000000007,0.0323803807334225,0.8610000000000007,0.15,0.03237204247206121,0.7
3.704992799459766,-0.44768714180436825,0.7,310.88107039545537,4.595247728297815,0.8620000000000007,0.03238038064030036,0.8620000000000007,0.15,0.03237204247206121,0.7
3.705361622809914,-0.445242255555835,0.7,310.92916984751093,4.594789660481246,0.8630000000000007,0.032380380546014914,0.8630000000000007,0.15,0.03237204247206121,0.7
3.7057305744539315,-0.44279605458662635,0.7,310.9782657557312,4.594330791086981,0.8640000000000007,0.032380380450537274,0.8640000000000007,0.15,0.03237204247206121,0.7
3.7060996576036778,-0.4403485059824702,0.7,311.0283830665778,4.593871100047374,0.8650000000000008,0.0323803803538376,0.8650000000000007,0.15,0.03237204247206121,0.7
3.7064688755791297,-0.4378995757211629,0.7,311.0795475662393,4.593410566619282,0.8660000000000007,0.03238038025588503,0.8660000000000007,0.15,0.03237204247206121,0.7
3.706838231812964,-0.43544922862555446,0.7,311.1317859162629,4.592949169355398,0.8670000000000007,0.032380380156647674,0.8670000000000007,0.15,0.03237204247206121,0.7
3.7072077298553854,-0.4329974283141219,0.7,311.1851256910177,4.592486886074115,0.8680000000000007,0.03238038005609253,0.8680000000000007,0.15,0.03237204247206121,0.7
3.7075773733791957,-0.4305441371489802,0.7,311.23959541709735,4.592023693827827,0.8690000000000007,0.03238037995418548,0.8690000000000007,0.15,0.03237204247206121,0.7
3.7079471661851353,-0.4280893161811781,0.7,311.295224614782,4.5915595688695845,0.8700000000000007,0.0323803798508912,0.8700000000000007,0.15,0.03237204247206121,0.7
3.708317112207502,-0.42563292509310985,0.7,311.3520438416855,4.591094486617971,0.8710000000000007,0.03238037974617313,0.8710000000000007,0.15,0.03237204247206121,0.7
3.7086872155200683,-0.42317492213786456,0.7,311.41008473872404,4.590628421620132,0.8720000000000008,0.03238037963999341,0.8720000000000007,0.15,0.03237204247206121,0.7
3.7090574803423157,-0.4207152640753221,0.7,311.46938007855044,4.590161347512814,0.8730000000000007,0.03238037953231284,0.8730000000000007,0.15,0.03237204247206121,0.7
3.7094279110460153,-0.418253906104789,0.7,311.52996381661103,4.58969323698129,0.8740000000000007,0.032380379423090785,0.8740000000000007,0.15,0.03237204247206121,0.7
3.709798391842247,-0.4157924776982657,0.7,311.5904090632087,4.589225256518567,0.8750000000000007,0.03238037929614164,0.8750000000000007,0.15,0.03237204247206121,0.7
3.7101687227107503,-0.4133336486231053,0.7,311.6483546831087,4.588759276115388,0.8760000000000007,0.03238037912527531,0.8760000000000007,0.15,0.03237204247206121,0.7
3.7105391992921235,-0.4108732391502154,0.7,311.7074262408709,4.588292298175458,0.8770000000000007,0.03238037895028452,0.8770000000000007,0.15,0.03237204247206121,0.7
3.7109098253042836,-0.40841120895517735,0.7,311.7676524652067,4.587824297246264,0.8780000000000006,0.032380378771064006,0.8780000000000007,0.15,0.03237204247206121,0.7
3.7112806045927176,-0.405947516329948,0.7,311.82906307057567,4.587355247001963,0.8790000000000007,0.032380378587504935,0.8790000000000007,0.15,0.03237204247206121,0.7
3.711651541136001,-0.4034821181230029,0.7,311.8916887998312,4.586885120205596,0.8800000000000007,0.032380378399494696,0.8800000000000007,0.15,0.03237204247206121,0.7
3.7120226390516065,-0.40101496967634337,0.7,311.95556146909786,4.586413888669322,0.8810000000000007,0.032380378206916735,0.8810000000000007,0.15,0.03237204247206121,0.7
3.7123939026020207,-0.39854602475917716,0.7,312.02071401502116,4.585941523212567,0.8820000000000007,0.03238037800965041,0.8820000000000007,0.15,0.03237204247206121,0.7
3.7127653362011794,-0.39607523549806345,0.7,312.0871805445341,4.585467993617927,0.8830000000000007,0.03238037780757076,0.8830000000000007,0.15,0.03237204247206121,0.7
3.71313694442126,-0.3936025523033021,0.7,312.1549963873008,4.5849932685847055,0.8840000000000007,0.032380377600548384,0.8840000000000007,0.15,0.03237204247206121,0.7
3.713508731999833,-0.3911279237913281,0.7,312.2241981510058,4.584517315679932,0.8850000000000007,0.032380377388449184,0.8850000000000007,0.15,0.03237204247206121,0.7
3.7138807038474115,-0.38865129670285703,0.7,312.29482377967,4.584040101286694,0.8860000000000007,0.032380377171134164,0.8860000000000007,0.15,0.03237204247206121,0.7
3.7142528650554136,-0.38617261581650725,0.7,312.3669126151905,4.583561590549614,0.8870000000000006,0.0323803769484592,0.8870000000000007,0.15,0.03237204247206121,0.7
3.7146252209045723,-0.3836918238576041,0.7,312.44050546231125,4.583081747317291,0.8880000000000007,0.032380376720274835,0.8880000000000007,0.15,0.03237204247206121,0.7
3.7149971794715357,-0.3812151729914197,0.7,312.5143124206756,4.58260445565361,0.8890000000000008,0.032380376483434295,0.8890000000000007,0.15,0.03237204247206121,0.7
3.715369287081355,-0.3787367926504547,0.7,312.5897097210943,4.582126030677289,0.8900000000000007,0.03238037624144301,0.8900000000000007,0.15,0.03237204247206121,0.7
3.715741565773036,-0.37625644447824486,0.7,312.66678127947796,4.581646322200289,0.8910000000000007,0.03238037599427188,0.8910000000000007,0.15,0.03237204247206121,0.7
3.7161140200488365,-0.37377407668856555,0.7,312.745571156261,4.581165296445499,0.8920000000000006,0.03238037574178461,0.8920000000000007,0.15,0.03237204247206121,0.7
3.7164866545703896,-0.37128963566200845,0.7,312.8261249715754,4.5806829184401305,0.8930000000000007,0.03238037548384004,0.8930000000000007,0.15,0.03237204247206121,0.7
3.7168594741658194,-0.3688030658641417,0.7,312.9084899748818,4.580199151962337,0.8940000000000007,0.032380375220291996,0.8940000000000007,0.15,0.03237204247206121,0.7
3.717232483837242,-0.3663143097592455,0.7,312.9927151183642,4.57971395948495,0.8950000000000006,0.032380374950989034,0.8950000000000007,0.15,0.03237204247206121,0.7
3.7176056887686713,-0.3638233077193419,0.7,313.0788511343288,4.579227302116144,0.8960000000000008,0.03238037467577419,0.8960000000000007,0.15,0.03237204247206121,0.7
3.717979094334365,-0.3613299979282176,0.7,313.1669506168622,4.578739139536835,0.8970000000000007,0.03238037439448475,0.8970000000000007,0.15,0.03237204247206121,0.7
3.7183527061076322,-0.35883431628011436,0.7,313.257068108028,4.578249429934602,0.8980000000000007,0.03238037410695198,0.8980000000000007,0.15,0.03237204247206121,0.7
3.718726529870136,-0.35633619627273827,0.7,313.349260188895,4.577758129933911,0.8990000000000007,0.032380373813000816,0.8990000000000007,0.15,0.03237204247206121,0.7
3.719100094062049,-0.35384081444513654,0.7,313.4475739301072,4.5772685298484665,0.9000000000000007,0.032380373511124126,0.9000000000000007,0.15,0.03237204247206121,0.7
3.719400219078508,-0.3516728778852526,0.7,313.4739015895006,4.576758668392418,0.9010000000000008,0.032380373411379115,0.9010000000000007,0.15,0.03237204247206121,0.7
3.7197004351872858,-0.3495040637089786,0.7,313.5004582075629,4.576248293692787,0.9020000000000007,0.032380373311506845,0.9020000000000007,0.15,0.03237204247206121,0.7
3.720000744075299,-0.3473343556639479,0.7,313.5272480243244,4.575737396244942,0.9030000000000008,0.03238037321150496,0.9030000000000007,0.15,0.03237204247206121,0.7
3.720301147471375,-0.34516373709400333,0.7,313.5542753851596,4.575225966308104,0.9040000000000007,0.032380373111371055,0.9040000000000007,0.15,0.03237204247206121,0.7
3.720601647147565,-0.3429921909265784,0.7,313.5815447440781,4.574713993897974,0.9050000000000006,0.03238037301110264,0.9050000000000007,0.15,0.03237204247206121,0.7
3.720902244920498,-0.3408196996596021,0.7,313.609060667142,4.57420146877907,0.9060000000000007,0.032380372910697175,0.9060000000000007,0.15,0.03237204247206121,0.7
3.721202942652795,-0.3386462453479074,0.7,313.63682783601143,4.573688380456784,0.9070000000000007,0.03238037281015207,0.9070000000000007,0.15,0.03237204247206121,0.7
3.7215037422545323,-0.33647180958911915,0.7,313.66485105162593,4.573174718169123,0.9080000000000008,0.032380372709464644,0.9080000000000007,0.15,0.03237204247206121,0.7
3.721804645684766,-0.33429637350900043,0.7,313.6931352380278,4.572660470878142,0.9090000000000007,0.03238037260863217,0.9090000000000007,0.15,0.03237204247206121,0.7
3.722105654953106,-0.33211991774623023,0.7,313.721685446333,4.572145627261043,0.9100000000000008,0.03238037250765184,0.9100000000000007,0.15,0.03237204247206121,0.7
3.722406772121362,-0.3299424224365894,0.7,313.75050685885736,4.571630175700923,0.9110000000000009,0.03238037240652077,0.9110000000000007,0.15,0.03237204247206121,0.7
3.7227079993052468,-0.32776386719652584,0.7,313.7796047934037,4.571114104277168,0.9120000000000006,0.03238037230523601,0.9120000000000007,0.15,0.03237204247206121,0.7
3.723009338676153,-0.32558423110607043,0.7,313.808984707719,4.570597400755458,0.9130000000000007,0.032380372203794514,0.9130000000000007,0.15,0.03237204247206121,0.7
3.7233107924629922,-0.3234034926910752,0.7,313.8386522041285,4.5700800525773815,0.9140000000000007,0.03238037210219318,0.9140000000000007,0.15,0.03237204247206121,0.7
3.7236122676301697,-0.32122245998438026,0.7,313.86939636065335,4.5695624956877765,0.9150000000000007,0.03238037201760549,0.9150000000000007,0.15,0.03237204247206121,0.7
3.723913402628308,-0.31904421416905204,0.7,313.9040922837178,4.56904636524391,0.9160000000000007,0.032380372012356405,0.9160000000000007,0.15,0.03237204247206121,0.7
3.724214634080159,-0.31686490396281064,0.7,313.9390891793252,4.568529556181457,0.9170000000000007,0.03238037200583608,0.9170000000000007,0.15,0.03237204247206121,0.7
3.7245159638408367,-0.3146845088940009,0.7,313.9743928361439,4.5680120554484,0.9180000000000008,0.032380371998020074,0.9180000000000007,0.15,0.03237204247206121,0.7
3.724817393813336,-0.31250300796259955,0.7,314.0100091922465,4.567493849655856,0.9190000000000008,0.03238037198888329,0.9190000000000007,0.15,0.03237204247206121,0.7
3.7251189259500856,-0.3103203796230578,0.7,314.04594433996107,4.566974925067133,0.9200000000000007,0.03238037197840001,0.9200000000000007,0.15,0.03237204247206121,0.7
3.7254205622545666,-0.3081366017664718,0.7,314.0822045309126,4.566455267586365,0.9210000000000007,0.03238037196654382,0.9210000000000007,0.15,0.03237204247206121,0.7
3.725722304782989,-0.3059516517020484,0.7,314.1187961812643,4.565934862746691,0.9220000000000006,0.03238037195328763,0.9220000000000007,0.15,0.03237204247206121,0.7
3.726024155646038,-0.3037655061378353,0.7,314.15572587716616,4.565413695697973,0.9230000000000008,0.03238037193860361,0.9230000000000007,0.15,0.03237204247206121,0.7
3.726326117010693,-0.30157814116067916,0.7,314.1930003804218,4.5648917511940175,0.9240000000000007,0.0323803719224632,0.9240000000000007,0.15,0.03237204247206121,0.7
3.7266281911021144,-0.2993895322153775,0.7,314.23062663438435,4.564369013579284,0.9250000000000009,0.03238037190483708,0.9250000000000007,0.15,0.03237204247206121,0.7
3.726930380205609,-0.297199654082985,0.7,314.2686117700899,4.5638454667750485,0.9260000000000008,0.03238037188569513,0.9260000000000007,0.15,0.03237204247206121,0.7
3.727232686668679,-0.29500848085823406,0.7,314.30696311264245,4.563321094265015,0.9270000000000008,0.032380371865006405,0.9270000000000007,0.15,0.03237204247206121,0.7
3.72753511290315,-0.2928159859260273,0.7,314.34568818786136,4.562795879080323,0.9280000000000007,0.03238037184273913,0.9280000000000007,0.15,0.03237204247206121,0.7
3.727837454185805,-0.29062359993233894,0.7,314.3853179856174,4.562270432930634,0.9290000000000007,0.03238037178895886,0.9290000000000007,0.15,0.03237204247206121,0.7
3.728139415925142,-0.28843333841550883,0.7,314.4265856725362,4.5617455929809525,0.9300000000000008,0.03238037166532188,0.9300000000000007,0.15,0.03237204247206121,0.7
3.7284414653972497,-0.28624187739719975,0.7,314.4683107148258,4.561219904481704,0.9310000000000007,0.032380371541435395,0.9310000000000007,0.15,0.03237204247206121,0.7
3.7287436042535047,-0.2840491942994474,0.7,314.5105017211903,4.560693351460821,0.9320000000000008,0.03238037141729472,0.9320000000000007,0.15,0.03237204247206121,0.7
3.7290458341869885,-0.2818552659740694,0.7,314.553167517751,4.560165917542849,0.9330000000000007,0.03238037129289502,0.9330000000000007,0.15,0.03237204247206121,0.7
3.7293481569338147,-0.2796600686845497,0.7,314.5963171549536,4.559637585936137,0.9340000000000008,0.03238037116823135,0.9340000000000007,0.15,0.03237204247206121,0.7
3.729650574274503,-0.27746357808722705,0.7,314.63995991474115,4.559108339419529,0.9350000000000009,0.03238037104329868,0.9350000000000007,0.15,0.03237204247206121,0.7
3.7299530880354097,-0.2752657692117586,0.7,314.6841053180025,4.5585781603285405,0.9360000000000006,0.0323803709180918,0.9360000000000007,0.15,0.03237204247206121,0.7
3.730255700090213,-0.27306661644082264,0.7,314.72876313231177,4.558047030541003,0.9370000000000007,0.03238037079260537,0.9370000000000007,0.15,0.03237204247206121,0.7
3.7305584123614532,-0.2708660934890286,0.7,314.77394337996986,4.557514931462147,0.9380000000000007,0.032380370666833934,0.9380000000000007,0.15,0.03237204247206121,0.7
3.730861226822137,-0.26866417338099546,0.7,314.81965634636254,4.556981844009086,0.9390000000000007,0.032380370540771884,0.9390000000000007,0.15,0.03237204247206121,0.7
3.7311641454974045,-0.2664608284285625,0.7,314.8659125886495,4.556447748594702,0.9400000000000007,0.03238037041441345,0.9400000000000007,0.15,0.03237204247206121,0.7
3.7314671437937608,-0.26425621841429997,0.7,314.91253793093426,4.555912706609287,0.9410000000000007,0.03238037028772862,0.9410000000000007,0.15,0.03237204247206121,0.7
3.7317699646707574,-0.2620521334435968,0.7,314.9578450492101,4.555377479805944,0.9420000000000007,0.032380370160484756,0.9420000000000007,0.15,0.03237204247206121,0.7
3.7320728865638566,-0.25984658626770774,0.7,315.0038475621385,4.554841194865643,0.9430000000000008,0.032380370032932086,0.9430000000000007,0.15,0.03237204247206121,0.7
3.7323759114907604,-0.2576395476804649,0.7,315.05055935957085,4.5543038306530965,0.9440000000000006,0.03238036990506443,0.9440000000000007,0.15,0.03237204247206121,0.7
3.7326790415232662,-0.2554309876926659,0.7,315.09799470375384,4.553765365466369,0.9450000000000007,0.032380369776875466,0.9450000000000007,0.15,0.03237204247206121,0.7
3.732982278789091,-0.25322087550565525,0.7,315.14616824189346,4.553225777017754,0.9460000000000007,0.03238036964835869,0.9460000000000007,0.15,0.03237204247206121,0.7
3.7332856254737736,-0.25100917948382784,0.7,315.1950950192313,4.552685042413887,0.9470000000000007,0.0323803695195074,0.9470000000000007,0.15,0.03237204247206121,0.7
3.7335890838226513,-0.2487958671260049,0.7,315.24479049265835,4.552143138135017,0.9480000000000007,0.03238036939031476,0.9480000000000007,0.15,0.03237204247206121,0.7
3.733892656142916,-0.24658090503562644,0.7,315.2952705448902,4.5516000400134455,0.9490000000000007,0.032380369260773686,0.9490000000000007,0.15,0.03237204247206121,0.7
3.7341963448057642,-0.24436425888970376,0.7,315.34655149923293,4.5510557232110544,0.9500000000000008,0.03238036913087696,0.9500000000000007,0.15,0.03237204247206121,0.7
3.734500152248629,-0.2421458934064709,0.7,315.3986501349673,4.550510162195903,0.9510000000000007,0.032380369000617124,0.9510000000000007,0.15,0.03237204247206121,0.7
3.7348039286512327,-0.2399271447564471,0.7,315.45301617455675,4.549964094387001,0.9520000000000007,0.0323803688700017,0.9520000000000007,0.15,0.03237204247206121,0.7
3.735107573661137,-0.23770884843306408,0.7,315.51046029308685,4.54941795412289,0.9530000000000006,0.03238036873901521,0.9530000000000007,0.15,0.03237204247206121,0.7
3.735411311008956,-0.2354889504863342,0.7,315.56883884126296,4.548870581560104,0.9540000000000007,0.03238036860761989,0.9540000000000007,0.15,0.03237204247206121,0.7
3.735715142490647,-0.23326741976489748,0.7,315.6281699936167,4.548321952730595,0.9550000000000007,0.0323803684758078,0.9550000000000007,0.15,0.03237204247206121,0.7
3.7360190699490516,-0.23104422430426902,0.7,315.68847239907853,4.5477720430407,0.9560000000000007,0.032380368343570796,0.9560000000000007,0.15,0.03237204247206121,0.7
3.736323095275425,-0.2288193313001343,0.7,315.74976519655775,4.547220827250578,0.9570000000000008,0.03238036821090048,0.9570000000000007,0.15,0.03237204247206121,0.7
3.7366272204110453,-0.22659270708058477,0.7,315.81206803114105,4.5466682794528595,0.9580000000000007,0.03238036807778827,0.9580000000000007,0.15,0.03237204247206121,0.7
3.736931447348872,-0.22436431707724508,0.7,315.8754010709378,4.546114373050428,0.9590000000000007,0.032380367944225344,0.9590000000000007,0.15,0.03237204247206121,0.7
3.737235778135281,-0.22213412579523867,0.7,315.9397850246028,4.545559080733313,0.9600000000000007,0.03238036781020264,0.9600000000000007,0.15,0.03237204247206121,0.7
3.737540214871865,-0.2199020967819387,0.7,316.0052411595676,4.545002374454642,0.9610000000000007,0.03238036767571084,0.9610000000000007,0.15,0.03237204247206121,0.7
3.7378445762487567,-0.21767046571912171,0.7,316.0733364465238,4.54444576462968,0.9620000000000007,0.032380367603336804,0.9620000000000007,0.15,0.03237204247206121,0.7
3.7381490038248515,-0.2154374522436293,0.7,316.1428986781,4.543888037270316,0.9630000000000007,0.0323803675394834,0.9630000000000007,0.15,0.03237204247206121,0.7
3.738453533095306,-0.2132026040563878,0.7,316.2136673934593,4.543328882074981,0.9640000000000007,0.03238036747213879,0.9640000000000007,0.15,0.03237204247206121,0.7
3.7387581660933873,-0.21096588447433906,0.7,316.2856667149275,4.542768270495655,0.9650000000000007,0.03238036740123317,0.9650000000000007,0.15,0.03237204247206121,0.7
3.7390629049069313,-0.20872725582994664,0.7,316.3589214122113,4.54220617321816,0.9660000000000007,0.03238036732669487,0.9660000000000007,0.15,0.03237204247206121,0.7
3.7393677516801844,-0.2064866794379471,0.7,316.4334569242622,4.541642560136292,0.9670000000000007,0.03238036724845028,0.9670000000000007,0.15,0.03237204247206121,0.7
3.7396727086157204,-0.2042441155607438,0.7,316.5092993820328,4.541077400324881,0.9680000000000007,0.032380367166423785,0.9680000000000007,0.15,0.03237204247206121,0.7
3.73997777797644,-0.20199952337237942,0.7,316.58647563216834,4.540510662011759,0.9690000000000007,0.03238036708053769,0.9690000000000007,0.15,0.03237204247206121,0.7
3.7402828716203493,-0.19975381774354692,0.7,316.66565031869686,4.539942906633187,0.9700000000000008,0.03238036697538953,0.9700000000000008,0.15,0.03237204247206121,0.7
3.740587786758175,-0.19750916066834454,0.7,316.7483037822143,4.539375482989493,0.9710000000000008,0.03238036681961238,0.9710000000000008,0.15,0.03237204247206121,0.7
3.7408928091009286,-0.19526253509226077,0.7,316.8324732565786,4.538806519549505,0.9720000000000008,0.03238036666332958,0.9720000000000008,0.15,0.03237204247206121,0.7
3.741197940792458,-0.193013901649856,0.7,316.91818905848106,4.538235985520878,0.9730000000000008,0.032380366506531,0.9730000000000008,0.15,0.03237204247206121,0.7
3.7415031840341593,-0.19076321991902373,0.7,317.0054823183886,4.537663849284723,0.9740000000000008,0.03238036634920627,0.9740000000000008,0.15,0.03237204247206121,0.7
3.741808541086919,-0.18851044838529712,0.7,317.09438500803304,4.5370900783676875,0.9750000000000008,0.032380366191344725,0.9750000000000008,0.15,0.03237204247206121,0.7
3.742114014273134,-0.1862555444046979,0.7,317.184929969022,4.536514639412897,0.9760000000000006,0.03238036603293541,0.9760000000000008,0.15,0.03237204247206121,0.7
3.742419605978826,-0.1839984641650592,0.7,317.2771509426257,4.535937498149697,0.9770000000000008,0.03238036587396707,0.9770000000000008,0.15,0.03237204247206121,0.7
3.7427252905570834,-0.18173934153088586,0.7,317.3722921633325,4.535358687455107,0.9780000000000008,0.032380365714347985,0.9780000000000008,0.15,0.03237204247206121,0.7
3.7430310456443148,-0.17947827253904222,0.7,317.47138262681386,4.534778215250138,0.9790000000000008,0.032380365553994477,0.9790000000000008,0.15,0.03237204247206121,0.7
3.7433369211667356,-0.17721490049800778,0.7,317.5723824678073,4.534195921806247,0.9800000000000008,0.032380365393029034,0.9800000000000008,0.15,0.03237204247206121,0.7
3.743642919654301,-0.17494917702815058,0.7,317.67533179617334,4.533611768865084,0.9810000000000008,0.0323803652314388,0.9810000000000008,0.15,0.03237204247206121,0.7
3.743949043708327,-0.17268105238521644,0.7,317.7802718531326,4.533025717089158,0.9820000000000008,0.03238036506921056,0.9820000000000008,0.15,0.03237204247206121,0.7
3.7442552960040243,-0.17041047541187349,0.7,317.8872450514394,4.532437726023526,0.9830000000000008,0.03238036490633073,0.9830000000000008,0.15,0.03237204247206121,0.7
3.7445616792931418,-0.16813739348717668,0.7,317.99629501727816,4.5318477540558275,0.9840000000000007,0.03238036474278531,0.9840000000000008,0.15,0.03237204247206121,0.7
3.7448681188222963,-0.16586248741083146,0.7,318.1086660143746,4.531256182300345,0.9850000000000008,0.032380364578194536,0.9850000000000008,0.15,0.03237204247206121,0.7
3.7451744386084376,-0.16358740891564982,0.7,318.2271519494128,4.530663957009881,0.9860000000000008,0.032380364411703,0.9860000000000008,0.15,0.03237204247206121,0.7
3.745480885687758,-0.16130979788174976,0.7,318.3480140221418,4.530069708332416,0.9870000000000008,0.03238036424444674,0.9870000000000008,0.15,0.03237204247206121,0.7
3.745787462779606,-0.15902960020679957,0.7,318.47130299371617,4.5294733930425695,0.9880000000000008,0.03238036407640943,0.9880000000000008,0.15,0.03237204247206121,0.7
3.7460941726813446,-0.15674676023637255,0.7,318.5970710815335,4.528874966674901,0.9890000000000008,0.032380363907574254,0.9890000000000008,0.15,0.03237204247206121,0.7
3.746401018271166,-0.1544612207078867,0.7,318.7253720118322,4.528274383479129,0.9900000000000008,0.03238036373792393,0.9900000000000008,0.15,0.03237204247206121,0.7
3.7467080025110366,-0.15217292269209687,0.7,318.8562610745866,4.52767159637338,0.9910000000000008,0.03238036356744065,0.9910000000000008,0.15,0.03237204247206121,0.7
3.747014873105168,-0.14988489310721176,0.7,318.99356287606184,4.527068624104534,0.9920000000000007,0.03238036341141662,0.9920000000000008,0.15,0.03237204247206121,0.7
3.7473217466823,-0.14759568204235599,0.7,319.1355187396585,4.526464482746705,0.9930000000000008,0.03238036325756555,0.9930000000000008,0.15,0.03237204247206121,0.7
3.7476287468186666,-0.1453037679443105,0.7,319.28037683851966,4.5258581445560075,0.9940000000000008,0.032380363097451396,0.9940000000000008,0.15,0.03237204247206121,0.7
3.7479358762022024,-0.1430090934045924,0.7,319.4281988118898,4.525249562874918,0.9950000000000008,0.03238036293094115,0.9950000000000008,0.15,0.03237204247206121,0.7
3.748243137597501,-0.140711599377431,0.7,319.5790480569622,4.52463868971524,0.9960000000000008,0.03238036275789801,0.9960000000000008,0.15,0.03237204247206121,0.7
3.7485505338485665,-0.13841122512097942,0.7,319.7329897920001,4.524025475710326,0.9970000000000008,0.032380362578181214,0.9970000000000008,0.15,0.03237204247206121,0.7
3.7488578858643917,-0.13611024157545928,0.7,319.894233097638,4.523411474241123,0.9980000000000008,0.03238036238879289,0.9980000000000008,0.15,0.03237204247206121,0.7
3.749165219778901,-0.13380828176096946,0.7,320.06218268458224,4.522796423076456,0.9990000000000008,0.03238036219486718,0.9990000000000008,0.15,0.03237204247206121,0.7
3.7494726808072647,-0.1315034566327908,0.7,320.23362758746816,4.522179014983986,1.0000000000000009,0.03238036200000913,1.0000000000000009,0.15,0.03237204247206121,0.7
3.7497144250808776,-0.12953289534346174,0.7,320.4082628868656,4.521589356397154,1.0010000000000008,0.03238036201361332,1.0010000000000008,0.15,0.03237204247206121,0.7
3.7499563339095516,-0.12756089676619145,0.7,320.5830937403631,4.5209989187701085,1.002000000000001,0.03238036202718926,1.002000000000001,0.15,0.03237204247206121,0.7
3.7501984103824237,-0.12558743391925722,0.7,320.75812381903194,4.5204076874781896,1.0030000000000008,0.03238036204073643,1.0030000000000008,0.15,0.03237204247206121,0.7
3.750440657666438,-0.12361247914132374,0.7,320.93335688640997,4.5198156475283735,1.004000000000001,0.03238036205425428,1.004000000000001,0.15,0.03237204247206121,0.7
3.7506830790088146,-0.12163600406991308,0.7,321.10879680143086,4.519222783547601,1.0050000000000008,0.03238036206774226,1.0050000000000008,0.15,0.03237204247206121,0.7
3.7509253554836595,-0.11966066749804234,0.7,321.2887340798369,4.518630481264849,1.006000000000001,0.03238036208197747,1.006000000000001,0.15,0.03237204247206121,0.7
3.751167684293456,-0.11768455811736263,0.7,321.4700140375561,4.518037616240166,1.0070000000000008,0.032380362096371816,1.0070000000000008,0.15,0.03237204247206121,0.7
3.7514101463256346,-0.11570696461629576,0.7,321.6515302895625,4.517443800029071,1.0080000000000011,0.032380362110721414,1.008000000000001,0.15,0.03237204247206121,0.7
3.75165274397392,-0.11372786032835719,0.7,321.83328708156193,4.516849015540768,1.0090000000000008,0.032380362125025444,1.0090000000000008,0.15,0.03237204247206121,0.7
3.7518954796897255,-0.11174721794435809,0.7,322.0152887615877,4.516253245272549,1.010000000000001,0.032380362139283095,1.010000000000001,0.15,0.03237204247206121,0.7
3.7521383559839094,-0.10976500949292853,0.7,322.1975397831026,4.515656471297302,1.011000000000001,0.032380362153493505,1.0110000000000008,0.15,0.03237204247206121,0.7
3.752381375428579,-0.10778120632032141,0.7,322.38004470821437,4.515058675250581,1.012000000000001,0.03238036216765583,1.012000000000001,0.15,0.03237204247206121,0.7
3.752624540658978,-0.10579577906947957,0.7,322.56280821100785,4.514459838317175,1.0130000000000008,0.03238036218176917,1.0130000000000008,0.15,0.03237204247206121,0.7
3.7528677808820072,-0.10380909055660721,0.7,322.74588053483643,4.513860039636138,1.014000000000001,0.03238036219591933,1.014000000000001,0.15,0.03237204247206121,0.7
3.7531105798321645,-0.10182383738205197,0.7,322.9296021330979,4.513259907278628,1.0150000000000008,0.032380362210684854,1.0150000000000008,0.15,0.03237204247206121,0.7
3.753353492086793,-0.09983700040201536,0.7,323.11364836237595,4.512658644292234,1.016000000000001,0.03238036222538686,1.016000000000001,0.15,0.03237204247206121,0.7
3.7535965196428878,-0.09784855170186417,0.7,323.29802494430515,4.512056230749578,1.0170000000000008,0.0323803622400242,1.0170000000000008,0.15,0.03237204247206121,0.7
3.7538396645446515,-0.09585846270709134,0.7,323.48273773577336,4.511452646252222,1.018000000000001,0.03238036225459574,1.018000000000001,0.15,0.03237204247206121,0.7
3.754082928884897,-0.09386670416370506,0.7,323.6677927329418,4.510847869916658,1.0190000000000008,0.03238036226910032,1.0190000000000008,0.15,0.03237204247206121,0.7
3.754326314806501,-0.09187324611790748,0.7,323.8531960754103,4.510241880359815,1.020000000000001,0.032380362283536725,1.020000000000001,0.15,0.03237204247206121,0.7
3.7545698245039074,-0.08987805789504644,0.7,324.0389540505316,4.509634655684023,1.0210000000000008,0.03238036229790371,1.0210000000000008,0.15,0.03237204247206121,0.7
3.754813409405556,-0.0878813358460673,0.7,324.2248079146917,4.509026198193805,1.022000000000001,0.03238036231221526,1.022000000000001,0.15,0.03237204247206121,0.7
3.7550563986406207,-0.08588607302384081,0.7,324.407444499249,4.508416820531577,1.0230000000000008,0.03238036232666918,1.0230000000000008,0.15,0.03237204247206121,0.7
3.7552994730282667,-0.08388920444078213,0.7,324.5905839002698,4.50780617767015,1.024000000000001,0.03238036234105872,1.024000000000001,0.15,0.03237204247206121,0.7
3.755542633985983,-0.08189070336669256,0.7,324.77423448785765,4.507194248548466,1.0250000000000008,0.032380362355382795,1.0250000000000008,0.15,0.03237204247206121,0.7
3.755785882962895,-0.07989054247477766,0.7,324.9584048189294,4.506581011635398,1.026000000000001,0.03238036236964032,1.026000000000001,0.15,0.03237204247206121,0.7
3.7560292214406497,-0.07788869382491312,0.7,325.14310364245586,4.50596644491657,1.0270000000000008,0.03238036238383018,1.0270000000000008,0.15,0.03237204247206121,0.7
3.756272650934339,-0.07588512884633704,0.7,325.328339904881,4.505350525880719,1.028000000000001,0.03238036239795124,1.028000000000001,0.15,0.03237204247206121,0.7
3.756516172993445,-0.0738798183197596,0.7,325.5141227557243,4.504733231505598,1.0290000000000008,0.03238036241200229,1.0290000000000008,0.15,0.03237204247206121,0.7
3.7567596299752313,-0.07187344329677145,0.7,325.7016791432485,4.50411461135122,1.030000000000001,0.03238036242613402,1.030000000000001,0.15,0.03237204247206121,0.7
3.757003019126125,-0.06986598886572379,0.7,325.8908624394804,4.50349463969613,1.0310000000000008,0.032380362440314794,1.0310000000000008,0.15,0.03237204247206121,0.7
3.7572464688457123,-0.06785685825009855,0.7,326.08065176220975,4.502873234166963,1.032000000000001,0.03238036245441153,1.032000000000001,0.15,0.03237204247206121,0.7
3.7574899801045807,-0.06584602458979433,0.7,326.27105682273793,4.502250371786537,1.0330000000000008,0.032380362468422866,1.0330000000000008,0.15,0.03237204247206121,0.7
3.757733553894164,-0.06383346044773132,0.7,326.4620875409732,4.501626029084097,1.034000000000001,0.03238036248234744,1.034000000000001,0.15,0.03237204247206121,0.7
3.7579771912273094,-0.061819137794278736,0.7,326.65375405106164,4.501000182081993,1.0350000000000008,0.03238036249618385,1.0350000000000008,0.15,0.03237204247206121,0.7
3.7582208931388577,-0.059803027991167976,0.7,326.8460667072024,4.500372806281931,1.0360000000000007,0.03238036250993064,1.036000000000001,0.15,0.03237204247206121,0.7
3.7584645711844664,-0.057786294144977386,0.7,327.0397952556836,4.499744710813043,1.0370000000000008,0.03238036252373302,1.0370000000000008,0.15,0.03237204247206121,0.7
3.758708227805529,-0.05576885612021632,0.7,327.2349079324306,4.499115825360846,1.038000000000001,0.03238036253756485,1.038000000000001,0.15,0.03237204247206121,0.7
3.7589519398021625,-0.05374966517842209,0.7,327.43076288786307,4.498485408574524,1.0390000000000008,0.03238036255129335,1.0390000000000008,0.15,0.03237204247206121,0.7
3.759195708052337,-0.05172869352740171,0.7,327.62737189067957,4.497853436175045,1.040000000000001,0.03238036256491687,1.040000000000001,0.15,0.03237204247206121,0.7
3.759439533452681,-0.04970591278432209,0.7,327.8247469596877,4.497219883367393,1.0410000000000008,0.03238036257843375,1.0410000000000008,0.15,0.03237204247206121,0.7
3.7596834169189806,-0.047681293959932064,0.7,328.0229003704841,4.496584724826794,1.042000000000001,0.032380362591842266,1.042000000000001,0.15,0.03237204247206121,0.7
3.7599273593866918,-0.04565480744228358,0.7,328.2218446623494,4.495947934684488,1.043000000000001,0.03238036260514069,1.0430000000000008,0.15,0.03237204247206121,0.7
3.7601712178596403,-0.04362791019480975,0.7,328.42212132444087,4.495310399560321,1.044000000000001,0.03238036261843535,1.044000000000001,0.15,0.03237204247206121,0.7
3.7604151258553835,-0.04159924424147146,0.7,328.62328485500956,4.494671293837389,1.0450000000000008,0.0323803626316184,1.0450000000000008,0.15,0.03237204247206121,0.7
3.7606590929436425,-0.03956869184234411,0.7,328.825318046555,4.494030537948945,1.046000000000001,0.03238036264468125,1.046000000000001,0.15,0.03237204247206121,0.7
3.7609031200748824,-0.03753622265518442,0.7,329.02823488700403,4.49338810535316,1.0470000000000008,0.03238036265762197,1.0470000000000008,0.15,0.03237204247206121,0.7
3.7611472082200605,-0.03550180568352621,0.7,329.23204966588276,4.492743968935923,1.048000000000001,0.03238036267043859,1.048000000000001,0.15,0.03237204247206121,0.7
3.7613913583711844,-0.03346540925895611,0.7,329.43677698248894,4.49209810099534,1.0490000000000008,0.03238036268312909,1.0490000000000008,0.15,0.03237204247206121,0.7
3.7616357586642923,-0.03142670511795289,0.7,329.64347202834716,4.4914509231025415,1.050000000000001,0.03238036269575347,1.050000000000001,0.15,0.03237204247206121,0.7
3.761880295199327,-0.029385838028271563,0.7,329.8515296350787,4.490802126300384,1.051000000000001,0.03238036270826767,1.0510000000000008,0.15,0.03237204247206121,0.7
3.7621249046726484,-0.027342875103655098,0.7,330.06061072474876,4.4901515254535065,1.052000000000001,0.03238036272064752,1.052000000000001,0.15,0.03237204247206121,0.7
3.762369588305408,-0.025297781255156835,0.7,330.2707324327426,4.489499090358186,1.0530000000000008,0.032380362732890786,1.0530000000000008,0.15,0.03237204247206121,0.7
3.7626143473461666,-0.023250520606142862,0.7,330.481912279105,4.48884479013267,1.054000000000001,0.03238036274499516,1.054000000000001,0.15,0.03237204247206121,0.7
3.762859183071673,-0.02120105647006817,0.7,330.6941681793947,4.488188593198054,1.0550000000000008,0.0323803627569583,1.0550000000000008,0.15,0.03237204247206121,0.7
3.763103741613095,-0.01915359659391264,0.7,330.909089007175,4.487533296166803,1.056000000000001,0.03238036276871536,1.056000000000001,0.15,0.03237204247206121,0.7
3.7633483429903594,-0.017104329281231397,0.7,331.1252505123194,4.486876363197067,1.0570000000000008,0.03238036278031964,1.0570000000000008,0.15,0.03237204247206121,0.7
3.7635930069224695,-0.015052999133168026,0.7,331.3425874035554,4.4862176175270925,1.058000000000001,0.03238036279177205,1.058000000000001,0.15,0.03237204247206121,0.7
3.7638377344105627,-0.012999573135809166,0.7,331.5611184919313,4.485557030146167,1.059000000000001,0.03238036280307015,1.0590000000000008,0.15,0.03237204247206121,0.7
3.764082526477254,-0.010944017566982012,0.7,331.78086299205444,4.484894571421197,1.0600000000000012,0.03238036281421145,1.060000000000001,0.15,0.03237204247206121,0.7
3.764327478165782,-0.008885745317440413,0.7,332.0023912210752,4.484230033855173,1.0610000000000008,0.03238036282500692,1.0610000000000008,0.15,0.03237204247206121,0.7
3.7645726453846704,-0.006824405786700524,0.7,332.2260290976909,4.483563290373599,1.062000000000001,0.03238036283535469,1.062000000000001,0.15,0.03237204247206121,0.7
3.764817894202304,-0.004760759401024292,0.7,332.45099951446514,4.482894566576017,1.0630000000000008,0.03238036284552427,1.0630000000000008,0.15,0.03237204247206121,0.7
3.765063225994094,-0.0026947672765481557,0.7,332.6773249324153,4.482223829082635,1.064000000000001,0.03238036285551266,1.064000000000001,0.15,0.03237204247206121,0.7
3.7653086421665374,-0.00062638965058162,0.7,332.9050283202084,4.481551043759235,1.0650000000000008,0.03238036286531677,1.0650000000000008,0.15,0.03237204247206121,0.7
3.765554165027032,0.001444373427989852,0.7,333.1344112724814,4.480876299494535,1.066000000000001,0.03238036287439452,1.066000000000001,0.15,0.03237204247206121,0.7
3.7657998566933077,0.003517427593736781,0.7,333.36634000240616,4.480199937851589,1.0670000000000008,0.03238036288121999,1.0670000000000008,0.15,0.03237204247206121,0.7
3.766045636160145,0.005592964011746844,0.7,333.5997627578613,4.479521445105016,1.068000000000001,0.03238036288795044,1.068000000000001,0.15,0.03237204247206121,0.7
3.766291504936456,0.0076710253411697744,0.7,333.8347052146659,4.4788407846303855,1.0690000000000008,0.03238036289458422,1.0690000000000008,0.15,0.03237204247206121,0.7
3.766537464565928,0.009751655224290202,0.7,334.0711936403704,4.478157918959217,1.070000000000001,0.032380362901119675,1.070000000000001,0.15,0.03237204247206121,0.7
3.766783513134008,0.011834288427737507,0.7,334.3098438352601,4.477473406365383,1.0710000000000008,0.03238036290820689,1.0710000000000008,0.15,0.03237204247206121,0.7
3.767029644426999,0.013918007690076938,0.7,334.55156855731644,4.476788140312022,1.0720000000000007,0.03238036291670038,1.072000000000001,0.15,0.03237204247206121,0.7
3.767275867006905,0.016004301648404377,0.7,334.7949764236425,4.476100664726702,1.0730000000000008,0.032380362924957676,1.0730000000000008,0.15,0.03237204247206121,0.7
3.7675221824368856,0.018093214390781348,0.7,335.0400962557251,4.475410941774283,1.074000000000001,0.03238036293297472,1.074000000000001,0.15,0.03237204247206121,0.7
3.767768592315997,0.020184791017641045,0.7,335.28695753686543,4.474718932750837,1.0750000000000008,0.03238036294074739,1.0750000000000008,0.15,0.03237204247206121,0.7
3.768014995400252,0.022278199316692844,0.7,335.5371152351575,4.474025064553121,1.076000000000001,0.03238036294826991,1.076000000000001,0.15,0.03237204247206121,0.7
3.768261425013877,0.02437374180959205,0.7,335.79011666332195,4.473329168098163,1.0770000000000008,0.0323803629555381,1.0770000000000008,0.15,0.03237204247206121,0.7
3.768507947794823,0.026472016700344214,0.7,336.0450264907596,4.472630911958326,1.0780000000000012,0.032380362962548474,1.078000000000001,0.15,0.03237204247206121,0.7
3.7687545653566343,0.028573071310713974,0.7,336.3018777685955,4.471930255266776,1.0790000000000008,0.03238036296929658,1.0790000000000008,0.15,0.03237204247206121,0.7
3.769001395046193,0.03067784155491562,0.7,336.56097187338816,4.47122673121636,1.0800000000000007,0.032380362975788654,1.080000000000001,0.15,0.03237204247206121,0.7
3.7692490470395046,0.03279105723847586,0.7,336.82376331794364,4.470518049230468,1.0810000000000008,0.032380362982072475,1.0810000000000008,0.15,0.03237204247206121,0.7
3.769496834618159,0.03490749970205296,0.7,337.088706862058,4.469806682771934,1.082000000000001,0.03238036298807529,1.082000000000001,0.15,0.03237204247206121,0.7
3.7697447603537793,0.037027230147413895,0.7,337.3558433242243,4.469092580924839,1.0830000000000009,0.03238036299379178,1.0830000000000009,0.15,0.03237204247206121,0.7
3.7699928268834375,0.039150311333912544,0.7,337.62521456176626,4.468375691477453,1.084000000000001,0.03238036299921647,1.084000000000001,0.15,0.03237204247206121,0.7
3.770240105223688,0.04126791786329923,0.7,337.8990305149135,4.467661126042809,1.0850000000000009,0.03238036300428038,1.0850000000000009,0.15,0.03237204247206121,0.7
3.7704874803767243,0.043388471499421793,0.7,338.17518043161584,4.466944000770821,1.0860000000000012,0.03238036300904564,1.086000000000001,0.15,0.03237204247206121,0.7
3.7707349628177282,0.04551210772325587,0.7,338.4536847729919,4.466224222061066,1.0870000000000009,0.03238036301350761,1.0870000000000009,0.15,0.03237204247206121,0.7
3.770982554456975,0.04763888142066531,0.7,338.73458545986966,4.465501742668749,1.088000000000001,0.03238036301766087,1.088000000000001,0.15,0.03237204247206121,0.7
3.77123042357579,0.04976996014831169,0.7,339.0211000803554,4.4647760693637695,1.0890000000000006,0.03238036302150864,1.0890000000000009,0.15,0.03237204247206121,0.7
3.7714784247115065,0.05190440562634488,0.7,339.3104511440214,4.4640475575193195,1.090000000000001,0.032380363025035754,1.090000000000001,0.15,0.03237204247206121,0.7
3.771726547386285,0.05404219275835191,0.7,339.60244417998274,4.463316190230348,1.0910000000000009,0.032380363028235645,1.0910000000000009,0.15,0.03237204247206121,0.7
3.7719748235045256,0.056183682371504666,0.7,339.89733181161455,4.4625817339751945,1.092000000000001,0.03238036303109751,1.092000000000001,0.15,0.03237204247206121,0.7
3.7722236428083615,0.058332844489129704,0.7,340.19783013658866,4.461841773614659,1.0930000000000009,0.032380363033563474,1.0930000000000009,0.15,0.03237204247206121,0.7
3.7724726086341263,0.06048571398664041,0.7,340.50124667471647,4.461098691831573,1.094000000000001,0.03238036303570117,1.094000000000001,0.15,0.03237204247206121,0.7
3.7727217238094446,0.06264236241021186,0.7,340.80763774258753,4.4603524283877505,1.095000000000001,0.03238036303750429,1.0950000000000009,0.15,0.03237204247206121,0.7
3.772970595649206,0.06479933957078397,0.7,341.11799015589935,4.459604863054751,1.096000000000001,0.03238036303881662,1.096000000000001,0.15,0.03237204247206121,0.7
3.7732190786097974,0.06695531648758776,0.7,341.43264813768513,4.458856742787179,1.0970000000000009,0.03238036303970513,1.0970000000000009,0.15,0.03237204247206121,0.7
3.773467689217815,0.06911490740610267,0.7,341.750436359623,4.458105519032716,1.098000000000001,0.03238036304041203,1.098000000000001,0.15,0.03237204247206121,0.7
3.773716429839288,0.07127817931427828,0.7,342.07141284281744,4.457351134266145,1.0990000000000009,0.03238036304093397,1.0990000000000009,0.15,0.03237204247206121,0.7
3.773965824240506,0.07344912053050734,0.7,342.3991254583791,4.456591698243737,1.100000000000001,0.032380363041267485,1.100000000000001,0.15,0.03237204247206121,0.7
3.7741727497256883,0.07536426005926898,0.7,342.5259446782524,4.455882145966332,1.1010000000000009,0.03238036302044071,1.1010000000000009,0.15,0.03237204247206121,0.7
3.7743796945664303,0.07727899471601275,0.7,342.6522044496219,4.455173075961969,1.102000000000001,0.03238036299961393,1.102000000000001,0.15,0.03237204247206121,0.7
3.774586658651434,0.079193326828835,0.7,342.7779079894311,4.4544644854574775,1.1030000000000009,0.03238036297878715,1.1030000000000009,0.15,0.03237204247206121,0.7
3.7747936418702515,0.08110725870801848,0.7,342.90305849000674,4.45375637170091,1.104000000000001,0.03238036295796036,1.104000000000001,0.15,0.03237204247206121,0.7
3.77500064411328,0.08302079264619915,0.7,343.0276591192936,4.453048731961337,1.1050000000000009,0.032380362937133575,1.1050000000000009,0.15,0.03237204247206121,0.7
3.7752077333536436,0.08493450901395752,0.7,343.1522880422573,4.452341258293664,1.1060000000000008,0.032380362916306804,1.106000000000001,0.15,0.03237204247206121,0.7
3.775414848474099,0.08684792079167958,0.7,343.27648552181824,4.451634192833626,1.1070000000000009,0.03238036289548002,1.1070000000000009,0.15,0.03237204247206121,0.7
3.775621975827798,0.08876091718601917,0.7,343.40014406582776,4.450927591686348,1.1080000000000008,0.03238036287465324,1.108000000000001,0.15,0.03237204247206121,0.7
3.775829115355437,0.09067350021066226,0.7,343.52326628692606,4.450221452600944,1.1090000000000007,0.03238036285382646,1.1090000000000009,0.15,0.03237204247206121,0.7
3.776036266998095,0.09258567186630169,0.7,343.64585478089384,4.449515773341058,1.1100000000000008,0.03238036283299968,1.110000000000001,0.15,0.03237204247206121,0.7
3.776243430697231,0.09449743414073847,0.7,343.76791212678717,4.448810551684733,1.111000000000001,0.032380362812172894,1.1110000000000009,0.15,0.03237204247206121,0.7
3.7764506063946777,0.0964087890089885,0.7,343.88944088707194,4.448105785424315,1.1120000000000008,0.03238036279134611,1.112000000000001,0.15,0.03237204247206121,0.7
3.7766577940326456,0.09831973843338225,0.7,344.0104436077581,4.44740147236632,1.1130000000000009,0.03238036277051933,1.1130000000000009,0.15,0.03237204247206121,0.7
3.776864993553713,0.1002302843636696,0.7,344.13092281853045,4.446697610331336,1.114000000000001,0.032380362749692554,1.114000000000001,0.15,0.03237204247206121,0.7
3.7770722049008247,0.102140428737117,0.7,344.2508810328794,4.445994197153894,1.1150000000000009,0.03238036272886577,1.1150000000000009,0.15,0.03237204247206121,0.7
3.777279428017295,0.10405017347861088,0.7,344.37032074823134,4.44529123068237,1.1160000000000012,0.03238036270803899,1.116000000000001,0.15,0.03237204247206121,0.7
3.777486662846795,0.10595952050075283,0.7,344.48924444607536,4.4445887087788725,1.117000000000001,0.032380362687212214,1.1170000000000009,0.15,0.03237204247206121,0.7
3.7776939093333564,0.10786847170396083,0.7,344.6076545920911,4.443886629319127,1.1180000000000012,0.03238036266638543,1.118000000000001,0.15,0.03237204247206121,0.7
3.777901167421367,0.10977702897656273,0.7,344.72555363627424,4.443184990192371,1.119000000000001,0.032380362645558644,1.1190000000000009,0.15,0.03237204247206121,0.7
3.7781084370555686,0.11168519419489575,0.7,344.84294401306124,4.442483789301249,1.1200000000000012,0.032380362624731866,1.120000000000001,0.15,0.03237204247206121,0.7
3.778315718181052,0.11359296922339794,0.7,344.9598281414519,4.441783024561706,1.121000000000001,0.03238036260390509,1.1210000000000009,0.15,0.03237204247206121,0.7
3.7785230107432564,0.11550035591470584,0.7,345.0762084251322,4.441082693902875,1.122000000000001,0.032380362583078304,1.122000000000001,0.15,0.03237204247206121,0.7
3.778730314687965,0.11740735610974432,0.7,345.1920872525954,4.4403827952669825,1.1230000000000009,0.032380362562251526,1.1230000000000009,0.15,0.03237204247206121,0.7
3.7789376299613036,0.11931397163782233,0.7,345.3074669972612,4.43968332660924,1.124000000000001,0.03238036254142475,1.124000000000001,0.15,0.03237204247206121,0.7
3.779144956509739,0.12122020431672109,0.7,345.4223500175952,4.438984285897745,1.1250000000000009,0.03238036252059796,1.1250000000000009,0.15,0.03237204247206121,0.7
3.7793522942800726,0.12312605595278794,0.7,345.5367386572257,4.438285671113374,1.126000000000001,0.03238036249977118,1.126000000000001,0.15,0.03237204247206121,0.7
3.779559584670747,0.125031064325986,0.7,345.6507311818981,4.437587710088408,1.127000000000001,0.032380362478944394,1.127000000000001,0.15,0.03237204247206121,0.7
3.7797667887743223,0.12693493460365274,0.7,345.76439117009255,4.4368905420333595,1.128000000000001,0.03238036245811762,1.128000000000001,0.15,0.03237204247206121,0.7
3.779974004358358,0.12883844908167252,0.7,345.87755975334494,4.436193775689649,1.1290000000000007,0.03238036243729084,1.129000000000001,0.15,0.03237204247206121,0.7
3.780181231363016,0.13074160961452552,0.7,345.9902394929293,4.435497408963498,1.130000000000001,0.032380362416464054,1.130000000000001,0.15,0.03237204247206121,0.7
3.7803884697288743,0.13264441804382493,0.7,346.10243293235055,4.434801439775657,1.1310000000000007,0.032380362395637276,1.131000000000001,0.15,0.03237204247206121,0.7
3.7805957193969215,0.13454687619843153,0.7,346.214142597499,4.434105866061272,1.132000000000001,0.0323803623748105,1.132000000000001,0.15,0.03237204247206121,0.7
3.7808029803085543,0.1364489858945607,0.7,346.325370996802,4.4334106857697675,1.133000000000001,0.03238036235398372,1.133000000000001,0.15,0.03237204247206121,0.7
3.781010252405574,0.1383507489358946,0.7,346.436120621375,4.432715896864716,1.134000000000001,0.032380362333156935,1.134000000000001,0.15,0.03237204247206121,0.7
3.7812175356301823,0.14025216711368718,0.7,346.5463939451703,4.432021497323723,1.1350000000000007,0.03238036231233016,1.135000000000001,0.15,0.03237204247206121,0.7
3.78142482992498,0.14215324220687384,0.7,346.6561934251249,4.431327485138308,1.136000000000001,0.03238036229150338,1.136000000000001,0.15,0.03237204247206121,0.7
3.7816321352329596,0.14405397598217426,0.7,346.7655215013063,4.4306338583137705,1.137000000000001,0.032380362270676595,1.137000000000001,0.15,0.03237204247206121,0.7
3.781839451497507,0.1459543701942002,0.7,346.87438059705727,4.42994061486909,1.138000000000001,0.03238036224984982,1.138000000000001,0.15,0.03237204247206121,0.7
3.7820467786623935,0.14785442658555578,0.7,346.9827731191387,4.429247752836801,1.139000000000001,0.03238036222902303,1.139000000000001,0.15,0.03237204247206121,0.7
3.782254116671776,0.14975414688694333,0.7,347.0907014578713,4.4285552702628745,1.140000000000001,0.03238036220819625,1.140000000000001,0.15,0.03237204247206121,0.7
3.7824614654701896,0.15165353281726143,0.7,347.1981679872756,4.427863165206607,1.1410000000000007,0.03238036218736947,1.141000000000001,0.15,0.03237204247206121,0.7
3.78266882500255,0.15355258608370884,0.7,347.3051750652109,4.427171435740507,1.142000000000001,0.032380362166542685,1.142000000000001,0.15,0.03237204247206121,0.7
3.7828761952141465,0.1554513083818804,0.7,347.4117250335123,4.426480079950183,1.1430000000000007,0.03238036214571591,1.143000000000001,0.15,0.03237204247206121,0.7
3.783083576050638,0.15734970139586896,0.7,347.5178202181268,4.425789095934233,1.1440000000000008,0.03238036212488912,1.144000000000001,0.15,0.03237204247206121,0.7
3.7832909674580537,0.1592477667983591,0.7,347.6234629292476,4.4250984818041275,1.145000000000001,0.032380362104062345,1.145000000000001,0.15,0.03237204247206121,0.7
3.783498369382785,0.16114550625072738,0.7,347.7286554614475,4.424408235684115,1.1460000000000008,0.03238036208323557,1.146000000000001,0.15,0.03237204247206121,0.7
3.7837057817715882,0.1630429214031339,0.7,347.8334000938104,4.423718355711096,1.147000000000001,0.03238036206240878,1.147000000000001,0.15,0.03237204247206121,0.7
3.7839132045715766,0.16494001389462049,0.7,347.9376990900622,4.423028840034533,1.1480000000000012,0.032380362041582005,1.148000000000001,0.15,0.03237204247206121,0.7
3.784120637730219,0.16683678535320068,0.7,348.04155469869943,4.422339686816337,1.149000000000001,0.03238036202075523,1.149000000000001,0.15,0.03237204247206121,0.7
3.7843280775464887,0.16873349763316678,0.7,348.14537508163085,4.421650619091919,1.1500000000000012,0.03238036199992844,1.150000000000001,0.15,0.03237204247206121,0.7
3.7845355236727913,0.17062995499864247,0.7,348.2488792065778,4.420961831431624,1.151000000000001,0.032380361979101664,1.151000000000001,0.15,0.03237204247206121,0.7
3.784742976849957,0.1725260739276793,0.7,348.3519397824195,4.42027341041974,1.1520000000000012,0.03238036195827488,1.152000000000001,0.15,0.03237204247206121,0.7
3.784950437046842,0.1744218559151792,0.7,348.4545587683504,4.419585354436748,1.153000000000001,0.0323803619374481,1.153000000000001,0.15,0.03237204247206121,0.7
3.7851579042324848,0.17631730244725458,0.7,348.5567381120436,4.418897661872654,1.154000000000001,0.032380361916621324,1.154000000000001,0.15,0.03237204247206121,0.7
3.785365378376106,0.17821241500128965,0.7,348.6584797497348,4.418210331126919,1.155000000000001,0.03238036189579454,1.155000000000001,0.15,0.03237204247206121,0.7
3.7855728594471065,0.1801071950460073,0.7,348.75978560630654,4.4175233606083895,1.156000000000001,0.032380361874967754,1.156000000000001,0.15,0.03237204247206121,0.7
3.7857803474150677,0.18200164404152966,0.7,348.8606575953714,4.416836748735226,1.157000000000001,0.03238036185414098,1.157000000000001,0.15,0.03237204247206121,0.7
3.785987842249747,0.18389576343944397,0.7,348.9610976193541,4.416150493934839,1.1580000000000013,0.03238036183331419,1.158000000000001,0.15,0.03237204247206121,0.7
3.786195343921078,0.1857895546828616,0.7,349.0611075695732,4.415464594643817,1.159000000000001,0.032380361812487414,1.159000000000001,0.15,0.03237204247206121,0.7
3.786402852399173,0.18768301920648325,0.7,349.1606893263222,4.4147790493078665,1.1600000000000013,0.032380361791660636,1.160000000000001,0.15,0.03237204247206121,0.7
3.7866103676543146,0.1895761584366566,0.7,349.2598447589495,4.414093856381737,1.161000000000001,0.03238036177083385,1.161000000000001,0.15,0.03237204247206121,0.7
3.786817889656959,0.19146897379144048,0.7,349.3585757259382,4.413409014329163,1.162000000000001,0.032380361750007074,1.162000000000001,0.15,0.03237204247206121,0.7
3.7870254183777354,0.19336146668066181,0.7,349.4568840749846,4.412724521622794,1.163000000000001,0.03238036172918029,1.163000000000001,0.15,0.03237204247206121,0.7
3.787232953787442,0.19525363850597816,0.7,349.5547716430766,4.412040376744129,1.164000000000001,0.03238036170835351,1.164000000000001,0.15,0.03237204247206121,0.7
3.7874404958570462,0.197145490660934,0.7,349.6522402565712,4.411356578183461,1.165000000000001,0.032380361687526726,1.165000000000001,0.15,0.03237204247206121,0.7
3.7876480445576832,0.19903702453102223,0.7,349.74929173127094,4.410673124439801,1.1660000000000013,0.03238036166669995,1.166000000000001,0.15,0.03237204247206121,0.7
3.787855599860653,0.20092824149373917,0.7,349.8459278725005,4.409990014020822,1.167000000000001,0.03238036164587317,1.167000000000001,0.15,0.03237204247206121,0.7
3.7880631617374254,0.20281914291864542,0.7,349.9421504751819,4.409307245442804,1.168000000000001,0.032380361625046386,1.168000000000001,0.15,0.03237204247206121,0.7
3.7882707301596303,0.20470973016741956,0.7,350.0379613239092,4.408624817230554,1.169000000000001,0.03238036160421961,1.169000000000001,0.15,0.03237204247206121,0.7
3.788478305099062,0.20660000459391814,0.7,350.133362193023,4.40794272791736,1.170000000000001,0.032380361583392823,1.170000000000001,0.15,0.03237204247206121,0.7
3.788685886527677,0.20848996754422855,0.7,350.22835484668377,4.407260976044927,1.171000000000001,0.032380361562566046,1.171000000000001,0.15,0.03237204247206121,0.7
3.7888934744175913,0.21037962035672766,0.7,350.3229410389447,4.406579560163307,1.172000000000001,0.03238036154173926,1.172000000000001,0.15,0.03237204247206121,0.7
3.7891010687410818,0.21226896436213405,0.7,350.4171225138243,4.405898478830856,1.173000000000001,0.03238036152091248,1.173000000000001,0.15,0.03237204247206121,0.7
3.789308643402414,0.21415788684327797,0.7,350.5110173911308,4.405217740335328,1.1740000000000008,0.032380361500085705,1.174000000000001,0.15,0.03237204247206121,0.7
3.789516162415241,0.21604622811646565,0.7,350.6047721085297,4.404537360347734,1.1750000000000007,0.03238036147925892,1.175000000000001,0.15,0.03237204247206121,0.7
3.7897236849066114,0.21793424620456922,0.7,350.69811574749144,4.403857317457072,1.176000000000001,0.032380361458432136,1.176000000000001,0.15,0.03237204247206121,0.7
3.789931210863139,0.21982194235125824,0.7,350.7910498899147,4.403177610366133,1.177000000000001,0.03238036143760536,1.177000000000001,0.15,0.03237204247206121,0.7
3.790138740271507,0.22170931779383105,0.7,350.88357610959224,4.402498237784363,1.178000000000001,0.03238036141677858,1.178000000000001,0.15,0.03237204247206121,0.7
3.7903462731184665,0.22359637376325203,0.7,350.9756959722623,4.401819198427806,1.1790000000000012,0.032380361395951796,1.179000000000001,0.15,0.03237204247206121,0.7
3.7905538093908344,0.22548311148419553,0.7,351.0674110356603,4.401140491019072,1.180000000000001,0.03238036137512502,1.180000000000001,0.15,0.03237204247206121,0.7
3.790761349075498,0.2273695321750826,0.7,351.1587228495701,4.400462114287291,1.181000000000001,0.03238036135429824,1.181000000000001,0.15,0.03237204247206121,0.7
3.7909688921594094,0.2292556370481243,0.7,351.2496329558743,4.3997840669680714,1.1820000000000008,0.032380361333471455,1.182000000000001,0.15,0.03237204247206121,0.7
3.7911764386295874,0.2311414273093577,0.7,351.34014288860453,4.3991063478034595,1.183000000000001,0.03238036131264468,1.183000000000001,0.15,0.03237204247206121,0.7
3.7913839884731173,0.23302690415868868,0.7,351.430254173992,4.398428955541902,1.1840000000000013,0.03238036129181789,1.184000000000001,0.15,0.03237204247206121,0.7
3.7915915416771484,0.23491206878992724,0.7,351.5199683305159,4.397751888938195,1.185000000000001,0.032380361270991115,1.185000000000001,0.15,0.03237204247206121,0.7
3.7917990982288994,0.2367969223908299,0.7,351.60928686895375,4.3970751467534575,1.186000000000001,0.03238036125016433,1.186000000000001,0.15,0.03237204247206121,0.7
3.7920066581156484,0.23868146614313412,0.7,351.6982112924293,4.396398727755081,1.187000000000001,0.03238036122933755,1.187000000000001,0.15,0.03237204247206121,0.7
3.792214221324741,0.2405657012226003,0.7,351.7867430964612,4.395722630716694,1.188000000000001,0.032380361208510774,1.188000000000001,0.15,0.03237204247206121,0.7
3.792421787843587,0.2424496287990458,0.7,351.8748837690115,4.395046854418123,1.189000000000001,0.03238036118768399,1.189000000000001,0.15,0.03237204247206121,0.7
3.7926293576596573,0.24433325003638587,0.7,351.96263479053226,4.394371397645351,1.190000000000001,0.03238036116685721,1.190000000000001,0.15,0.03237204247206121,0.7
3.7928369307604886,0.24621656609266765,0.7,352.0499976340142,4.393696259190481,1.191000000000001,0.03238036114603043,1.191000000000001,0.15,0.03237204247206121,0.7
3.7930445071336787,0.24809957812011021,0.7,352.1369737650323,4.393021437851696,1.1920000000000013,0.03238036112520365,1.192000000000001,0.15,0.03237204247206121,0.7
3.7932520867668877,0.24998228726513783,0.7,352.22356464179353,4.392346932433222,1.193000000000001,0.032380361104376865,1.193000000000001,0.15,0.03237204247206121,0.7
3.7934596696478393,0.25186469466842004,0.7,352.30977171518253,4.391672741745288,1.1940000000000013,0.03238036108355009,1.194000000000001,0.15,0.03237204247206121,0.7
3.793667255764318,0.253746801464904,0.7,352.3955964288075,4.390998864604093,1.1950000000000012,0.0323803610627233,1.195000000000001,0.15,0.03237204247206121,0.7
3.7938748451041677,0.25562860878385385,0.7,352.48104021904584,4.390325299831762,1.196000000000001,0.032380361041896524,1.196000000000001,0.15,0.03237204247206121,0.7
3.794082437655295,0.2575101177488827,0.7,352.5661045150896,4.389652046256314,1.197000000000001,0.032380361021069747,1.197000000000001,0.15,0.03237204247206121,0.7
3.7942900334056673,0.25939132947799165,0.7,352.65079073898994,4.388979102711623,1.198000000000001,0.03238036100024297,1.198000000000001,0.15,0.03237204247206121,0.7
3.7944976323433113,0.26127224508360114,0.7,352.73510030570213,4.388306468037382,1.199000000000001,0.03238036097941619,1.199000000000001,0.15,0.03237204247206121,0.7
3.794705206020239,0.2631527658859478,0.7,352.81912105577925,4.387634127329974,1.2000000000000008,0.032380360958589406,1.200000000000001,0.15,0.03237204247206121,0.7
3.794893192314877,0.2648896635449881,0.7,352.8775914717968,4.386996796170514,1.201000000000001,0.03238036093931453,1.201000000000001,0.15,0.03237204247206121,0.7
3.795081178402028,0.26662656584052125,0.7,352.9360682452502,4.386359459544889,1.202000000000001,0.03238036092003965,1.202000000000001,0.15,0.03237204247206121,0.7
3.7952691642808483,0.2683634727914029,0.7,352.994551401995,4.385722117430866,1.203000000000001,0.03238036090076478,1.203000000000001,0.15,0.03237204247206121,0.7
3.7954571499504905,0.2701003844165923,0.7,353.0530409680267,4.385084769806095,1.2040000000000008,0.032380360881489906,1.204000000000001,0.15,0.03237204247206121,0.7
3.7956451354100995,0.27183730073515033,0.7,353.11153696948185,4.384447416648105,1.2050000000000007,0.03238036086221504,1.205000000000001,0.15,0.03237204247206121,0.7
3.7958331206588203,0.2735742217662434,0.7,353.17003943264007,4.383810057934298,1.206000000000001,0.03238036084294016,1.206000000000001,0.15,0.03237204247206121,0.7
3.796021105695788,0.2753111475291406,0.7,353.22854838392345,4.383172693641957,1.207000000000001,0.03238036082366529,1.207000000000001,0.15,0.03237204247206121,0.7
3.7962090905201373,0.2770480780432178,0.7,353.2870638498989,4.3825353237482405,1.208000000000001,0.03238036080439042,1.208000000000001,0.15,0.03237204247206121,0.7
3.7963970751309954,0.27878501332795547,0.7,353.3455858572783,4.381897948230182,1.2090000000000012,0.03238036078511555,1.209000000000001,0.15,0.03237204247206121,0.7
3.796585059527486,0.28052195340294195,0.7,353.4041144329199,4.381260567064685,1.2100000000000009,0.03238036076584067,1.210000000000001,0.15,0.03237204247206121,0.7
3.7967730437087273,0.28225889828787165,0.7,353.46264960382905,4.380623180228534,1.2110000000000007,0.0323803607465658,1.211000000000001,0.15,0.03237204247206121,0.7
3.796961027673835,0.28399584800254873,0.7,353.5211913971595,4.379985787698381,1.212000000000001,0.032380360727290926,1.212000000000001,0.15,0.03237204247206121,0.7
3.7971490114219155,0.2857328025668842,0.7,353.5797398402142,4.379348389450749,1.213000000000001,0.03238036070801606,1.213000000000001,0.15,0.03237204247206121,0.7
3.7973369949520746,0.2874697620009008,0.7,353.6382949604463,4.378710985462035,1.2140000000000013,0.03238036068874118,1.214000000000001,0.15,0.03237204247206121,0.7
3.79752497826341,0.2892067263247298,0.7,353.6968567854603,4.378073575708506,1.2150000000000012,0.032380360669466306,1.215000000000001,0.15,0.03237204247206121,0.7
3.797712961355017,0.29094369555861505,0.7,353.7554253430133,4.377436160166293,1.2160000000000009,0.032380360650191425,1.216000000000001,0.15,0.03237204247206121,0.7
3.797900944225985,0.292680669722911,0.7,353.8140006610157,4.376798738811402,1.217000000000001,0.032380360630916566,1.217000000000001,0.15,0.03237204247206121,0.7
3.798088926875397,0.29441764883808597,0.7,353.87258276753215,4.3761613116197,1.218000000000001,0.032380360611641686,1.218000000000001,0.15,0.03237204247206121,0.7
3.7982769093023308,0.29615463292472066,0.7,353.9311716907831,4.3755238785669235,1.219000000000001,0.03238036059236682,1.219000000000001,0.15,0.03237204247206121,0.7
3.7984648903220695,0.29789161870096964,0.7,353.98977190127385,4.3748864382002735,1.2200000000000013,0.032380360573091946,1.220000000000001,0.15,0.03237204247206121,0.7
3.798652870858518,0.2996286088749702,0.7,354.04838006395573,4.374248991503412,1.221000000000001,0.03238036055381707,1.221000000000001,0.15,0.03237204247206121,0.7
3.7988408511731206,0.30136560421191416,0.7,354.10699523527086,4.37361153875593,1.222000000000001,0.0323803605345422,1.222000000000001,0.15,0.03237204247206121,0.7
3.7990288312649043,0.3031026047344648,0.7,354.1656174459854,4.372974079931267,1.223000000000001,0.032380360515267326,1.223000000000001,0.15,0.03237204247206121,0.7
3.7992168111328866,0.30483961046541996,0.7,354.224246727046,4.372336615002706,1.224000000000001,0.03238036049599245,1.224000000000001,0.15,0.03237204247206121,0.7
3.7994047907760855,0.30657662142770964,0.7,354.2828831095811,4.371699143943372,1.225000000000001,0.03238036047671758,1.225000000000001,0.15,0.03237204247206121,0.7
3.799592770193508,0.3083136376444003,0.7,354.34152662490186,4.371061666726236,1.2260000000000009,0.032380360457442706,1.226000000000001,0.15,0.03237204247206121,0.7
3.799780749384158,0.31005065913869245,0.7,354.4001773045041,4.370424183324107,1.2270000000000008,0.03238036043816783,1.227000000000001,0.15,0.03237204247206121,0.7
3.799968728347032,0.31178768593392536,0.7,354.458835180069,4.369786693709633,1.2280000000000009,0.03238036041889296,1.228000000000001,0.15,0.03237204247206121,0.7
3.8001567070811215,0.31352471805357407,0.7,354.51750028346515,4.369149197855303,1.2290000000000008,0.032380360399618086,1.229000000000001,0.15,0.03237204247206121,0.7
3.800344685585412,0.3152617555212543,0.7,354.57617264674946,4.368511695733441,1.230000000000001,0.03238036038034321,1.230000000000001,0.15,0.03237204247206121,0.7
3.800532663858882,0.3169987983607199,0.7,354.63485230216855,4.36787418731621,1.231000000000001,0.03238036036106834,1.231000000000001,0.15,0.03237204247206121,0.7
3.800720641900506,0.3187358465958674,0.7,354.6935392821605,4.367236672575602,1.2320000000000009,0.032380360341793465,1.232000000000001,0.15,0.03237204247206121,0.7
3.8009086197092503,0.3204729002507335,0.7,354.75223361935593,4.366599151483451,1.233000000000001,0.03238036032251859,1.233000000000001,0.15,0.03237204247206121,0.7
3.8010965972840767,0.3222099593494996,0.7,354.8109353465798,4.365961624011417,1.234000000000001,0.03238036030324372,1.234000000000001,0.15,0.03237204247206121,0.7
3.801284574623939,0.3239470239164894,0.7,354.8696444968524,4.365324090130993,1.235000000000001,0.032380360283968845,1.235000000000001,0.15,0.03237204247206121,0.7
3.801472551727786,0.3256840939761735,0.7,354.92836110339096,4.364686549813502,1.236000000000001,0.03238036026469397,1.236000000000001,0.15,0.03237204247206121,0.7
3.8016605285945606,0.327421169553167,0.7,354.9870851996115,4.364049003030097,1.237000000000001,0.0323803602454191,1.237000000000001,0.15,0.03237204247206121,0.7
3.801848505223198,0.3291582506722341,0.7,355.04581681912987,4.363411449751754,1.238000000000001,0.032380360226144225,1.238000000000001,0.15,0.03237204247206121,0.7
3.8020364816126273,0.3308953373582855,0.7,355.1045559957633,4.362773889949283,1.239000000000001,0.03238036020686935,1.239000000000001,0.15,0.03237204247206121,0.7
3.8022244577617728,0.3326324296363834,0.7,355.163302763532,4.362136323593311,1.240000000000001,0.03238036018759448,1.240000000000001,0.15,0.03237204247206121,0.7
3.8024124336695513,0.33436952753173876,0.7,355.222057156661,4.361498750654293,1.2410000000000012,0.03238036016831961,1.241000000000001,0.15,0.03237204247206121,0.7
3.8026004093348726,0.336106631069716,0.7,355.28081920958107,4.3608611711025,1.242000000000001,0.03238036014904474,1.242000000000001,0.15,0.03237204247206121,0.7
3.8027883847566395,0.337843740275831,0.7,355.3395889569304,4.360223584908034,1.243000000000001,0.032380360129769865,1.243000000000001,0.15,0.03237204247206121,0.7
3.8029763599337496,0.33958085517575504,0.7,355.39836643355704,4.3595859920408095,1.244000000000001,0.03238036011049499,1.244000000000001,0.15,0.03237204247206121,0.7
3.8031643348650928,0.34131797579531337,0.7,355.4571516745191,4.358948392470558,1.245000000000001,0.032380360091220126,1.245000000000001,0.15,0.03237204247206121,0.7
3.8033523095495534,0.3430551021604892,0.7,355.5159447150872,4.358310786166829,1.246000000000001,0.032380360071945245,1.246000000000001,0.15,0.03237204247206121,0.7
3.803540283986008,0.34479223429742145,0.7,355.5747455907462,4.357673173098993,1.247000000000001,0.03238036005267037,1.247000000000001,0.15,0.03237204247206121,0.7
3.803728258173326,0.3465293722324098,0.7,355.6335543371963,4.357035553236226,1.2480000000000009,0.0323803600333955,1.248000000000001,0.15,0.03237204247206121,0.7
3.803916232110372,0.3482665159919124,0.7,355.6923709903549,4.356397926547522,1.2490000000000008,0.03238036001412063,1.249000000000001,0.15,0.03237204247206121,0.7
3.804104205796,0.35000366560254975,0.7,355.75119558635834,4.3557602930016825,1.250000000000001,0.03238035999484576,1.250000000000001,0.15,0.03237204247206121,0.7
3.80429217922906,0.3517408210911036,0.7,355.8100281615636,4.355122652567321,1.251000000000001,0.032380359975570885,1.251000000000001,0.15,0.03237204247206121,0.7
3.8044801524083947,0.353477982484521,0.7,355.86886875254964,4.354485005212858,1.2520000000000011,0.03238035995629601,1.2520000000000011,0.15,0.03237204247206121,0.7
3.8046681253328387,0.3552151498099122,0.7,355.9277173961196,4.353847350906522,1.2530000000000012,0.03238035993702114,1.253000000000001,0.15,0.03237204247206121,0.7
3.80485609800122,0.35695232309455543,0.7,355.9865741293021,4.353209689616345,1.2540000000000011,0.032380359917746265,1.2540000000000011,0.15,0.03237204247206121,0.7
3.8050440704123596,0.3586895023658947,0.7,356.04543898935316,4.352572021310164,1.255000000000001,0.03238035989847139,1.255000000000001,0.15,0.03237204247206121,0.7
3.805232042565071,0.36042668765154445,0.7,356.10431201375803,4.351934345955617,1.2560000000000011,0.03238035987919652,1.2560000000000011,0.15,0.03237204247206121,0.7
3.8054200144581607,0.3621638789792876,0.7,356.1631932402328,4.351296663520146,1.257000000000001,0.032380359859921645,1.257000000000001,0.15,0.03237204247206121,0.7
3.8056079860904255,0.36390107637708,0.7,356.22208270672616,4.350658973970985,1.2580000000000011,0.03238035984064677,1.2580000000000011,0.15,0.03237204247206121,0.7
3.805795957460659,0.36563827987304875,0.7,356.2809804514212,4.3500212772751725,1.2590000000000008,0.0323803598213719,1.259000000000001,0.15,0.03237204247206121,0.7
3.8059839285676436,0.36737548949549664,0.7,356.3398865127376,4.349383573399542,1.260000000000001,0.032380359802097025,1.2600000000000011,0.15,0.03237204247206121,0.7
3.8061718994101574,0.3691127052729001,0.7,356.39880092933294,4.348745862310716,1.261000000000001,0.03238035978282215,1.261000000000001,0.15,0.03237204247206121,0.7
3.8063598699869674,0.3708499272339139,0.7,356.4577237401047,4.348108143975118,1.2620000000000013,0.03238035976354728,1.2620000000000011,0.15,0.03237204247206121,0.7
3.8065478402968353,0.37258715540736953,0.7,356.5166549841922,4.347470418358957,1.263000000000001,0.032380359744272405,1.263000000000001,0.15,0.03237204247206121,0.7
3.806735810338516,0.37432438982227956,0.7,356.5755947009787,4.346832685428233,1.2640000000000011,0.03238035972499753,1.2640000000000011,0.15,0.03237204247206121,0.7
3.806923780110753,0.3760616305078358,0.7,356.6345429300926,4.346194945148735,1.265000000000001,0.03238035970572266,1.265000000000001,0.15,0.03237204247206121,0.7
3.8071117496122846,0.377798877493414,0.7,356.6934997114104,4.345557197486035,1.2660000000000011,0.032380359686447785,1.2660000000000011,0.15,0.03237204247206121,0.7
3.8072997188418407,0.3795361308085722,0.7,356.7524650850576,4.344919442405496,1.267000000000001,0.03238035966717291,1.267000000000001,0.15,0.03237204247206121,0.7
3.807487687798143,0.3812733904830551,0.7,356.8114390914112,4.344281679872257,1.2680000000000011,0.03238035964789804,1.2680000000000011,0.15,0.03237204247206121,0.7
3.8076756564799075,0.38301065654679267,0.7,356.8704217711019,4.3436439098512425,1.269000000000001,0.03238035962862317,1.269000000000001,0.15,0.03237204247206121,0.7
3.807863624885837,0.38474792902990435,0.7,356.92941316501543,4.343006132307155,1.2700000000000011,0.0323803596093483,1.2700000000000011,0.15,0.03237204247206121,0.7
3.808051593014631,0.38648520796269753,0.7,356.9884133142948,4.342368347204475,1.271000000000001,0.032380359590073425,1.271000000000001,0.15,0.03237204247206121,0.7
3.8082395608649793,0.3882224933756726,0.7,357.047422260343,4.3417305545074605,1.2720000000000011,0.03238035957079855,1.2720000000000011,0.15,0.03237204247206121,0.7
3.808427528435562,0.38995978529952086,0.7,357.10644004482384,4.341092754180141,1.273000000000001,0.03238035955152368,1.273000000000001,0.15,0.03237204247206121,0.7
3.8086154957250518,0.39169708376512924,0.7,357.165466709665,4.3404549461863215,1.2740000000000011,0.032380359532248805,1.2740000000000011,0.15,0.03237204247206121,0.7
3.8088034627321137,0.39343438880357884,0.7,357.2245022970598,4.339817130489576,1.275000000000001,0.03238035951297393,1.275000000000001,0.15,0.03237204247206121,0.7
3.808991429455404,0.39517170044614935,0.7,357.2835468494691,4.339179307053244,1.2760000000000011,0.03238035949369906,1.2760000000000011,0.15,0.03237204247206121,0.7
3.80917939589357,0.39690901872431794,0.7,357.34260040962374,4.33854147584044,1.277000000000001,0.032380359474424185,1.277000000000001,0.15,0.03237204247206121,0.7
3.8093673620452497,0.3986463436697637,0.7,357.40166302052654,4.337903636814038,1.2780000000000011,0.03238035945514931,1.2780000000000011,0.15,0.03237204247206121,0.7
3.8095553279090733,0.4003836753143658,0.7,357.46073472545424,4.3372657899366756,1.279000000000001,0.03238035943587444,1.279000000000001,0.15,0.03237204247206121,0.7
3.8097432934836646,0.402121013690209,0.7,357.5198155679605,4.336627935170753,1.2800000000000011,0.032380359416599565,1.2800000000000011,0.15,0.03237204247206121,0.7
3.8099312587676333,0.4038583588295813,0.7,357.578905591877,4.335990072478431,1.281000000000001,0.03238035939732469,1.281000000000001,0.15,0.03237204247206121,0.7
3.810119223759583,0.40559571076497936,0.7,357.63800484131633,4.335352201821626,1.2820000000000011,0.032380359378049825,1.2820000000000011,0.15,0.03237204247206121,0.7
3.8103071884581112,0.40733306952910664,0.7,357.6971133606742,4.33471432316201,1.283000000000001,0.032380359358774945,1.283000000000001,0.15,0.03237204247206121,0.7
3.810495152861801,0.4090704351548785,0.7,357.7562311946318,4.334076436461011,1.2840000000000011,0.03238035933950007,1.2840000000000011,0.15,0.03237204247206121,0.7
3.81068311696923,0.4108078076754204,0.7,357.8153583881575,4.333438541679806,1.285000000000001,0.0323803593202252,1.285000000000001,0.15,0.03237204247206121,0.7
3.8108710807789663,0.4125451871240732,0.7,357.87449498651023,4.332800638779323,1.286000000000001,0.03238035930095033,1.2860000000000011,0.15,0.03237204247206121,0.7
3.8110590442895664,0.41428257353439124,0.7,357.9336410352404,4.332162727720237,1.2870000000000008,0.03238035928167545,1.287000000000001,0.15,0.03237204247206121,0.7
3.811247007499581,0.4160199669401475,0.7,357.99279658019367,4.331524808462971,1.2880000000000011,0.032380359262400585,1.2880000000000011,0.15,0.03237204247206121,0.7
3.811434970407548,0.41775736737533253,0.7,358.05196166751256,4.330886880967689,1.289000000000001,0.03238035924312571,1.289000000000001,0.15,0.03237204247206121,0.7
3.8116229330119973,0.4194947748741585,0.7,358.1111363436389,4.330248945194295,1.2900000000000011,0.03238035922385084,1.2900000000000011,0.15,0.03237204247206121,0.7
3.811810895311451,0.4212321894710588,0.7,358.1703206553166,4.329611001102437,1.2910000000000008,0.032380359204575965,1.291000000000001,0.15,0.03237204247206121,0.7
3.811998857304418,0.4229696112006924,0.7,358.22951464959345,4.328973048651498,1.292000000000001,0.03238035918530109,1.2920000000000011,0.15,0.03237204247206121,0.7
3.812186818989401,0.42470704009794263,0.7,358.2887183738246,4.328335087800596,1.2930000000000008,0.03238035916602622,1.293000000000001,0.15,0.03237204247206121,0.7
3.8123747803648906,0.4264444761979225,0.7,358.34793187567425,4.32769711850858,1.2940000000000011,0.032380359146751345,1.2940000000000011,0.15,0.03237204247206121,0.7
3.8125627414293675,0.42818191953597284,0.7,358.40715520311824,4.327059140734035,1.2950000000000013,0.03238035912747647,1.295000000000001,0.15,0.03237204247206121,0.7
3.812750702181303,0.42991937014766785,0.7,358.46638840444706,4.326421154435269,1.2960000000000012,0.0323803591082016,1.2960000000000012,0.15,0.03237204247206121,0.7
3.812938662619161,0.43165682806881356,0.7,358.5256315282682,4.325783159570319,1.297000000000001,0.03238035908892673,1.297000000000001,0.15,0.03237204247206121,0.7
3.8131266227413896,0.43339429333545304,0.7,358.5848846235085,4.325145156096946,1.2980000000000012,0.03238035906965186,1.2980000000000012,0.15,0.03237204247206121,0.7
3.8133145825464316,0.4351317659838652,0.7,358.6441477394172,4.324507143972635,1.299000000000001,0.032380359050376985,1.299000000000001,0.15,0.03237204247206121,0.7
3.8135025420327184,0.43686924605056954,0.7,358.7034209255683,4.323869123154585,1.300000000000001,0.03238035903110211,1.3000000000000012,0.15,0.03237204247206121,0.7
3.813685510353639,0.4384481197905494,0.7,358.87226400609666,4.323343969712001,1.301000000000001,0.03238035904921305,1.301000000000001,0.15,0.03237204247206121,0.7
3.813868496925443,0.4400269550728017,0.7,359.0409771717568,4.3228189277315385,1.3020000000000012,0.03238035906732399,1.3020000000000012,0.15,0.03237204247206121,0.7
3.814051501758996,0.4416057518744271,0.7,359.20956034519315,4.322293997279566,1.303000000000001,0.032380359085434934,1.303000000000001,0.15,0.03237204247206121,0.7
3.8142345248651757,0.44318451017250887,0.7,359.3780134489889,4.321769178422503,1.3040000000000012,0.03238035910354588,1.3040000000000012,0.15,0.03237204247206121,0.7
3.814417566254865,0.4447632299441111,0.7,359.54633640566516,4.321244471226825,1.305000000000001,0.032380359121656814,1.305000000000001,0.15,0.03237204247206121,0.7
3.8146006179938525,0.44634192915265686,0.7,359.7146109933356,4.320719825838692,1.306000000000001,0.03238035913976776,1.3060000000000012,0.15,0.03237204247206121,0.7
3.81478368030385,0.44792060705209746,0.7,359.8828417580637,4.320195243877343,1.307000000000001,0.0323803591578787,1.307000000000001,0.15,0.03237204247206121,0.7
3.8149667620532104,0.44949924348221215,0.7,360.05093977123687,4.319670781141285,1.3080000000000012,0.03238035917598964,1.3080000000000012,0.15,0.03237204247206121,0.7
3.815149863260591,0.451077838403192,0.7,360.21890490542114,4.31914643774497,1.3090000000000013,0.03238035919410059,1.309000000000001,0.15,0.03237204247206121,0.7
3.8153329839446792,0.4526563917751785,0.7,360.3867370330198,4.318622213802989,1.3100000000000012,0.03238035921221153,1.3100000000000012,0.15,0.03237204247206121,0.7
3.8155161241241826,0.454234903558261,0.7,360.5544360262726,4.31809810943009,1.311000000000001,0.032380359230322474,1.311000000000001,0.15,0.03237204247206121,0.7
3.8156992838178327,0.45581337371247893,0.7,360.7220017572554,4.3175741247411565,1.312000000000001,0.03238035924843341,1.3120000000000012,0.15,0.03237204247206121,0.7
3.8158824630443875,0.457391802197819,0.7,360.88943409788027,4.317050259851232,1.313000000000001,0.032380359266544353,1.313000000000001,0.15,0.03237204247206121,0.7
3.816065661822628,0.4589701889742182,0.7,361.0567329198951,4.316526514875497,1.3140000000000012,0.03238035928465529,1.3140000000000012,0.15,0.03237204247206121,0.7
3.816248880171356,0.4605485340015606,0.7,361.2238980948834,4.316002889929283,1.315000000000001,0.03238035930276624,1.315000000000001,0.15,0.03237204247206121,0.7
3.8164321181094034,0.46212683723968034,0.7,361.39092949426373,4.315479385128072,1.3160000000000012,0.032380359320877176,1.3160000000000012,0.15,0.03237204247206121,0.7
3.81661537565562,0.46370509864835857,0.7,361.5578269892897,4.314956000587491,1.317000000000001,0.03238035933898813,1.317000000000001,0.15,0.03237204247206121,0.7
3.8167986528288855,0.465283318187326,0.7,361.72459045104983,4.314432736423316,1.3180000000000014,0.03238035935709906,1.3180000000000012,0.15,0.03237204247206121,0.7
3.8169819496480994,0.4668614958162607,0.7,361.89121975046686,4.313909592751474,1.319000000000001,0.032380359375210006,1.319000000000001,0.15,0.03237204247206121,0.7
3.817165266132188,0.4684396314947899,0.7,362.057714758298,4.3133865696880385,1.3200000000000012,0.03238035939332095,1.3200000000000012,0.15,0.03237204247206121,0.7
3.817348602300101,0.4700177251824879,0.7,362.2240753451341,4.312863667349232,1.321000000000001,0.03238035941143189,1.321000000000001,0.15,0.03237204247206121,0.7
3.817531958170813,0.47159577683887804,0.7,362.39030138140015,4.312340885851428,1.3220000000000012,0.03238035942954283,1.3220000000000012,0.15,0.03237204247206121,0.7
3.817715333763322,0.4731737864234307,0.7,362.55639273735403,4.311818225311148,1.323000000000001,0.03238035944765377,1.323000000000001,0.15,0.03237204247206121,0.7
3.8178987290966533,0.47475175389556523,0.7,362.722349283087,4.311295685845066,1.324000000000001,0.032380359465764716,1.3240000000000012,0.15,0.03237204247206121,0.7
3.818082144189851,0.47632967921464736,0.7,362.8881708885233,4.310773267570003,1.325000000000001,0.03238035948387566,1.325000000000001,0.15,0.03237204247206121,0.7
3.818265579061989,0.4779075623399921,0.7,363.0538574234195,4.310250970602929,1.3260000000000012,0.0323803595019866,1.3260000000000012,0.15,0.03237204247206121,0.7
3.818449033732164,0.4794854032308606,0.7,363.21940875736476,4.3097287950609715,1.327000000000001,0.032380359520097546,1.327000000000001,0.15,0.03237204247206121,0.7
3.8186325082194967,0.48106320184646273,0.7,363.38482475978014,4.309206741061403,1.3280000000000012,0.03238035953820849,1.3280000000000012,0.15,0.03237204247206121,0.7
3.818816002543133,0.4826409581459549,0.7,363.5501052999186,4.308684808721647,1.329000000000001,0.032380359556319425,1.329000000000001,0.15,0.03237204247206121,0.7
3.818999516722245,0.48421867208844194,0.7,363.7152502468645,4.308162998159282,1.330000000000001,0.03238035957443037,1.3300000000000012,0.15,0.03237204247206121,0.7
3.8191830507760254,0.48579634363297447,0.7,363.88025946953366,4.307641309492035,1.331000000000001,0.032380359592541305,1.331000000000001,0.15,0.03237204247206121,0.7
3.8193666047236956,0.4873739727385521,0.7,364.0451328366726,4.307119742837786,1.3320000000000012,0.03238035961065225,1.3320000000000012,0.15,0.03237204247206121,0.7
3.8195501785844996,0.4889515593641198,0.7,364.20987021685863,4.306598298314566,1.333000000000001,0.03238035962876319,1.333000000000001,0.15,0.03237204247206121,0.7
3.8197337723777074,0.4905291034685712,0.7,364.3744714784998,4.3060769760405595,1.3340000000000012,0.032380359646874135,1.3340000000000012,0.15,0.03237204247206121,0.7
3.8199173861226146,0.4921066050107454,0.7,364.5389364898338,4.305555776134104,1.335000000000001,0.03238035966498508,1.335000000000001,0.15,0.03237204247206121,0.7
3.820101019838538,0.4936840639494295,0.7,364.70326511892864,4.305034698713688,1.3360000000000012,0.03238035968309602,1.3360000000000012,0.15,0.03237204247206121,0.7
3.820284673544825,0.4952614802433565,0.7,364.86745723368176,4.304513743897953,1.3370000000000009,0.032380359701206965,1.337000000000001,0.15,0.03237204247206121,0.7
3.8204683472608423,0.496838853851207,0.7,365.03151270181985,4.303992911805697,1.3380000000000012,0.03238035971931791,1.3380000000000012,0.15,0.03237204247206121,0.7
3.820652041005985,0.4984161847316071,0.7,365.1954313908989,4.303472202555867,1.339000000000001,0.03238035973742885,1.339000000000001,0.15,0.03237204247206121,0.7
3.820835754799673,0.4999934728431307,0.7,365.3592131683033,4.302951616267568,1.3400000000000012,0.03238035975553979,1.3400000000000012,0.15,0.03237204247206121,0.7
3.8210194886613515,0.5015707181442969,0.7,365.5228579012465,4.302431153060055,1.341000000000001,0.032380359773650724,1.341000000000001,0.15,0.03237204247206121,0.7
3.8212032426104887,0.503147920593572,0.7,365.6863654567697,4.30191081305274,1.3420000000000012,0.032380359791761675,1.3420000000000012,0.15,0.03237204247206121,0.7
3.8213870166665798,0.5047250801493679,0.7,365.8497357017422,4.30139059636519,1.343000000000001,0.03238035980987261,1.343000000000001,0.15,0.03237204247206121,0.7
3.8215708108491455,0.5063021967700435,0.7,366.012968502861,4.300870503117123,1.3440000000000012,0.032380359827983554,1.3440000000000012,0.15,0.03237204247206121,0.7
3.821754625177731,0.5078792704139028,0.7,366.17606372665057,4.300350533428417,1.345000000000001,0.0323803598460945,1.345000000000001,0.15,0.03237204247206121,0.7
3.8219384596719066,0.5094563010391968,0.7,366.33902123946234,4.299830687419102,1.3460000000000012,0.03238035986420544,1.3460000000000012,0.15,0.03237204247206121,0.7
3.8221223143512693,0.5110332886041212,0.7,366.5018409074747,4.299310965209364,1.347000000000001,0.03238035988231638,1.347000000000001,0.15,0.03237204247206121,0.7
3.8223061892354395,0.5126102330668191,0.7,366.66452259669245,4.298791366919546,1.3480000000000012,0.03238035990042733,1.3480000000000012,0.15,0.03237204247206121,0.7
3.8224900843440643,0.5141871343853774,0.7,366.8270661729468,4.298271892670145,1.349000000000001,0.032380359918538264,1.349000000000001,0.15,0.03237204247206121,0.7
3.822673999696817,0.5157639925178308,0.7,366.98947150189497,4.297752542581817,1.350000000000001,0.032380359936649214,1.3500000000000012,0.15,0.03237204247206121,0.7
3.8228579353133942,0.5173408074221573,0.7,367.1517384490197,4.297233316775371,1.351000000000001,0.03238035995476015,1.351000000000001,0.15,0.03237204247206121,0.7
3.82304189121352,0.5189175790562824,0.7,367.3138668796295,4.296714215371775,1.3520000000000014,0.032380359972871094,1.3520000000000012,0.15,0.03237204247206121,0.7
3.823225867416943,0.5204943073780756,0.7,367.4758566588575,4.296195238492156,1.353000000000001,0.03238035999098203,1.353000000000001,0.15,0.03237204247206121,0.7
3.8234098639434393,0.5220709923453525,0.7,367.63770765166214,4.295676386257794,1.3540000000000012,0.03238036000909297,1.3540000000000012,0.15,0.03237204247206121,0.7
3.823593880812808,0.5236476339158731,0.7,367.79941972282637,4.29515765879013,1.3550000000000013,0.03238036002720392,1.355000000000001,0.15,0.03237204247206121,0.7
3.8237779180448754,0.5252242320473436,0.7,367.9609927369572,4.294639056210761,1.356000000000001,0.03238036004531486,1.3560000000000012,0.15,0.03237204247206121,0.7
3.823961975659494,0.5268007866974139,0.7,368.122426558486,4.294120578641441,1.357000000000001,0.0323803600634258,1.357000000000001,0.15,0.03237204247206121,0.7
3.8241460536765404,0.5283772978236803,0.7,368.28372105166744,4.293602226204086,1.358000000000001,0.03238036008153674,1.3580000000000012,0.15,0.03237204247206121,0.7
3.8243301521159196,0.5299537653836824,0.7,368.44487608057995,4.293083999020768,1.359000000000001,0.03238036009964768,1.359000000000001,0.15,0.03237204247206121,0.7
3.82451427099756,0.531530189334906,0.7,368.6058915091249,4.2925658972137155,1.3600000000000014,0.032380360117758626,1.3600000000000012,0.15,0.03237204247206121,0.7
3.8246984103414174,0.5331065696347804,0.7,368.76676720102665,4.292047920905323,1.361000000000001,0.03238036013586957,1.361000000000001,0.15,0.03237204247206121,0.7
3.8248825701674734,0.5346829062406804,0.7,368.92750301983216,4.291530070218139,1.3620000000000012,0.03238036015398051,1.3620000000000012,0.15,0.03237204247206121,0.7
3.8250667504957354,0.5362591991099245,0.7,369.0880988289105,4.291012345274871,1.363000000000001,0.03238036017209145,1.363000000000001,0.15,0.03237204247206121,0.7
3.8252509513462365,0.5378354481997762,0.7,369.24855449145286,4.29049474619839,1.3640000000000012,0.03238036019020239,1.3640000000000012,0.15,0.03237204247206121,0.7
3.825435172739036,0.5394116534674426,0.7,369.4088698704721,4.289977273111724,1.3650000000000013,0.03238036020831334,1.365000000000001,0.15,0.03237204247206121,0.7
3.8256194146942213,0.5409878148700762,0.7,369.5690448288025,4.289459926138063,1.3660000000000012,0.03238036022642428,1.3660000000000012,0.15,0.03237204247206121,0.7
3.825803677231902,0.5425639323647721,0.7,369.7290792290993,4.288942705400758,1.367000000000001,0.03238036024453522,1.367000000000001,0.15,0.03237204247206121,0.7
3.8259879603722178,0.5441400059085709,0.7,369.8889729338389,4.28842561102332,1.3680000000000012,0.032380360262646166,1.3680000000000012,0.15,0.03237204247206121,0.7
3.826172264135333,0.5457160354584558,0.7,370.04872580531793,4.2879086431294215,1.3690000000000009,0.03238036028075711,1.369000000000001,0.15,0.03237204247206121,0.7
3.8263565885414383,0.5472920209713551,0.7,370.20833770565355,4.2873918018428965,1.3700000000000012,0.032380360298868045,1.3700000000000012,0.15,0.03237204247206121,0.7
3.8265409336107505,0.5488679624041396,0.7,370.3678084967824,4.28687508728774,1.3710000000000009,0.03238036031697899,1.371000000000001,0.15,0.03237204247206121,0.7
3.8267252993635137,0.5504438597136252,0.7,370.5271380404613,4.28635849958811,1.3720000000000012,0.03238036033508993,1.3720000000000012,0.15,0.03237204247206121,0.7
3.826909685819998,0.5520197128565698,0.7,370.68632619826616,4.285842038868327,1.373000000000001,0.032380360353200875,1.373000000000001,0.15,0.03237204247206121,0.7
3.8270940930004986,0.5535955217896763,0.7,370.84537283159193,4.2853257052528715,1.3740000000000012,0.03238036037131181,1.3740000000000012,0.15,0.03237204247206121,0.7
3.82727852092534,0.5551712864695894,0.7,371.0042778016525,4.28480949886639,1.375000000000001,0.032380360389422755,1.375000000000001,0.15,0.03237204247206121,0.7
3.8274629696148703,0.5567470068528989,0.7,371.16304096948,4.28429341983369,1.3760000000000012,0.0323803604075337,1.3760000000000012,0.15,0.03237204247206121,0.7
3.8276474390894677,0.5583226828961358,0.7,371.32166219592494,4.2837774682797445,1.3770000000000011,0.03238036042564464,1.3770000000000011,0.15,0.03237204247206121,0.7
3.8278319293695344,0.5598983145557763,0.7,371.48014134165567,4.283261644329686,1.3780000000000014,0.032380360443755585,1.3780000000000012,0.15,0.03237204247206121,0.7
3.8280164404754995,0.5614739017882378,0.7,371.63847826715784,4.282745948108815,1.379000000000001,0.03238036046186653,1.3790000000000011,0.15,0.03237204247206121,0.7
3.82820097242782,0.5630494445498818,0.7,371.79667283273506,4.282230379742594,1.3800000000000012,0.032380360479977464,1.3800000000000012,0.15,0.03237204247206121,0.7
3.8283855252469783,0.5646249427970118,0.7,371.9547248985071,4.281714939356649,1.3810000000000011,0.032380360498088415,1.3810000000000011,0.15,0.03237204247206121,0.7
3.8285700989534845,0.5662003964858751,0.7,372.1126343244109,4.2811996270767745,1.382000000000001,0.03238036051619935,1.3820000000000012,0.15,0.03237204247206121,0.7
3.828754693567877,0.5677758055726604,0.7,372.2704009701997,4.2806844430289255,1.3830000000000011,0.032380360534310294,1.3830000000000011,0.15,0.03237204247206121,0.7
3.8289393091107176,0.5693511700134999,0.7,372.4280246954429,4.280169387339223,1.384000000000001,0.03238036055242123,1.3840000000000012,0.15,0.03237204247206121,0.7
3.829123945602598,0.5709264897644675,0.7,372.5855053595255,4.279654460133957,1.385000000000001,0.03238036057053218,1.3850000000000011,0.15,0.03237204247206121,0.7
3.829308603064137,0.5725017647815805,0.7,372.7428428216481,4.2791396615395785,1.3860000000000012,0.03238036058864312,1.3860000000000012,0.15,0.03237204247206121,0.7
3.829493281515978,0.5740769950207969,0.7,372.90003694082617,4.278624991682707,1.387000000000001,0.03238036060675406,1.3870000000000011,0.15,0.03237204247206121,0.7
3.8296779809787944,0.5756521804380189,0.7,373.0570875758907,4.278110450690131,1.3880000000000015,0.032380360624865004,1.3880000000000012,0.15,0.03237204247206121,0.7
3.8298627014732842,0.5772273209890885,0.7,373.2139945854867,4.277596038688799,1.3890000000000013,0.03238036064297595,1.3890000000000011,0.15,0.03237204247206121,0.7
3.830047443020174,0.5788024166297918,0.7,373.3707578280735,4.277081755805829,1.3900000000000012,0.032380360661086884,1.3900000000000012,0.15,0.03237204247206121,0.7
3.8302322056402174,0.580377467315855,0.7,373.5273771619247,4.2765676021685115,1.3910000000000013,0.032380360679197834,1.3910000000000011,0.15,0.03237204247206121,0.7
3.830416989354196,0.581952473002948,0.7,373.68385244512723,4.276053577904294,1.3920000000000012,0.03238036069730877,1.3920000000000012,0.15,0.03237204247206121,0.7
3.8306017941829174,0.5835274336466798,0.7,373.84018353558145,4.275539683140802,1.3930000000000011,0.03238036071541971,1.3930000000000011,0.15,0.03237204247206121,0.7
3.8307866201472174,0.5851023492026041,0.7,373.9963702910008,4.275025918005823,1.3940000000000015,0.03238036073353066,1.3940000000000012,0.15,0.03237204247206121,0.7
3.8309714672679585,0.5866772196262131,0.7,374.15241256891153,4.274512282627311,1.3950000000000011,0.0323803607516416,1.3950000000000011,0.15,0.03237204247206121,0.7
3.8311563355660327,0.588252044872943,0.7,374.3083102266521,4.273998777133396,1.3960000000000012,0.032380360769752536,1.3960000000000012,0.15,0.03237204247206121,0.7
3.8313412250623573,0.5898268248981691,0.7,374.46406312137333,4.27348540165237,1.3970000000000011,0.03238036078786348,1.3970000000000011,0.15,0.03237204247206121,0.7
3.8315261357778767,0.5914015596572095,0.7,374.6196711100376,4.272972156312695,1.3980000000000012,0.03238036080597442,1.3980000000000012,0.15,0.03237204247206121,0.7
3.831711067733565,0.5929762491053225,0.7,374.77513404941897,4.272459041243005,1.3990000000000011,0.032380360824085366,1.3990000000000011,0.15,0.03237204247206121,0.7
3.831896020950423,0.594550893197708,0.7,374.93045179610266,4.271946056572102,1.4000000000000012,0.03238036084219631,1.4000000000000012,0.15,0.03237204247206121,0.7
3.8321028949208737,0.5959598567887207,0.7,375.1059540959667,4.271664221462881,1.4010000000000011,0.03238036084180833,1.4010000000000011,0.15,0.03237204247206121,0.7
3.832309731775615,0.5973688567045896,0.7,375.2815661213012,4.27138220156079,1.4020000000000012,0.03238036084142035,1.4020000000000012,0.15,0.03237204247206121,0.7
3.8325165314769447,0.5987778929822126,0.7,375.45728798356294,4.271099996678118,1.4030000000000014,0.032380360841032366,1.4030000000000011,0.15,0.03237204247206121,0.7
3.832723293987112,0.6001869656585381,0.7,375.6331197943603,4.270817606626904,1.404000000000001,0.0323803608406444,1.4040000000000012,0.15,0.03237204247206121,0.7
3.832930019268312,0.6015960747705641,0.7,375.80906166545236,4.270535031218928,1.405000000000001,0.03238036084025642,1.4050000000000011,0.15,0.03237204247206121,0.7
3.8331367072826907,0.6030052203553391,0.7,375.9851137087503,4.2702522702657175,1.406000000000001,0.03238036083986845,1.4060000000000012,0.15,0.03237204247206121,0.7
3.833343357992341,0.6044144024499611,0.7,376.16127603631634,4.269969323578542,1.4070000000000011,0.03238036083948047,1.4070000000000011,0.15,0.03237204247206121,0.7
3.833549971359306,0.6058236210915802,0.7,376.3375487603653,4.26968619096842,1.4080000000000015,0.032380360839092494,1.4080000000000013,0.15,0.03237204247206121,0.7
3.833756547345576,0.6072328763173941,0.7,376.5139319932641,4.269402872246106,1.4090000000000011,0.03238036083870451,1.4090000000000011,0.15,0.03237204247206121,0.7
3.8339630859130893,0.6086421681646539,0.7,376.69042584753225,4.269119367222104,1.4100000000000013,0.03238036083831654,1.4100000000000013,0.15,0.03237204247206121,0.7
3.8341695870237347,0.6100514966706594,0.7,376.86703043584214,4.268835675706658,1.4110000000000011,0.03238036083792856,1.4110000000000011,0.15,0.03237204247206121,0.7
3.8343760506393476,0.6114608618727622,0.7,377.043745871019,4.268551797509753,1.412000000000001,0.03238036083754058,1.4120000000000013,0.15,0.03237204247206121,0.7
3.834582476721712,0.6128702638083634,0.7,377.2205722660414,4.268267732441119,1.413000000000001,0.03238036083715261,1.4130000000000011,0.15,0.03237204247206121,0.7
3.8347888652325595,0.6142797025149165,0.7,377.39750973404205,4.2679834803102255,1.4140000000000013,0.03238036083676463,1.4140000000000013,0.15,0.03237204247206121,0.7
3.8349952161335694,0.6156891780299244,0.7,377.57455838830657,4.267699040926281,1.415000000000001,0.03238036083637665,1.4150000000000011,0.15,0.03237204247206121,0.7
3.8352015293863704,0.6170986903909423,0.7,377.7517183422756,4.26741441409824,1.4160000000000013,0.03238036083598867,1.4160000000000013,0.15,0.03237204247206121,0.7
3.835407804952537,0.6185082396355756,0.7,377.92898970954343,4.2671295996347895,1.4170000000000011,0.032380360835600704,1.4170000000000011,0.15,0.03237204247206121,0.7
3.835614042793595,0.6199178258014814,0.7,378.10637260385954,4.266844597344364,1.4180000000000015,0.03238036083521272,1.4180000000000013,0.15,0.03237204247206121,0.7
3.8358202428710126,0.6213274489263675,0.7,378.2838671391279,4.26655940703513,1.4190000000000014,0.03238036083482475,1.4190000000000011,0.15,0.03237204247206121,0.7
3.836026405146208,0.6227371090479943,0.7,378.46147342940793,4.266274028514997,1.4200000000000013,0.03238036083443677,1.4200000000000013,0.15,0.03237204247206121,0.7
3.8362325295805477,0.6241468062041717,0.7,378.6391915889143,4.265988461591611,1.4210000000000012,0.03238036083404879,1.4210000000000012,0.15,0.03237204247206121,0.7
3.8364386161353456,0.6255565404327637,0.7,378.8170217320175,4.265702706072357,1.4220000000000015,0.03238036083366082,1.4220000000000013,0.15,0.03237204247206121,0.7
3.8366446647718613,0.6269663117716832,0.7,378.9949639732439,4.2654167617643575,1.4230000000000012,0.03238036083327284,1.4230000000000012,0.15,0.03237204247206121,0.7
3.8368506754513025,0.6283761202588971,0.7,379.173018427276,4.265130628474471,1.4240000000000013,0.03238036083288486,1.4240000000000013,0.15,0.03237204247206121,0.7
3.837056648134823,0.6297859659324222,0.7,379.351185208953,4.264844306009291,1.4250000000000014,0.03238036083249688,1.4250000000000012,0.15,0.03237204247206121,0.7
3.837262582783525,0.6311958488303291,0.7,379.5294644332706,4.264557794175148,1.426000000000001,0.032380360832108906,1.4260000000000013,0.15,0.03237204247206121,0.7
3.8374684793584573,0.6326057689907387,0.7,379.7078562153819,4.264271092778111,1.4270000000000014,0.03238036083172093,1.4270000000000012,0.15,0.03237204247206121,0.7
3.8376743378206144,0.634015726451825,0.7,379.8863606705969,4.263984201623982,1.428000000000001,0.03238036083133296,1.4280000000000013,0.15,0.03237204247206121,0.7
3.8378801581309374,0.6354257212518135,0.7,380.06497791438335,4.263697120518295,1.4290000000000007,0.032380360830944976,1.4290000000000012,0.15,0.03237204247206121,0.7
3.838085940250317,0.6368357534289829,0.7,380.2437080623667,4.263409849266323,1.4300000000000013,0.032380360830556995,1.4300000000000013,0.15,0.03237204247206121,0.7
3.838291684139588,0.638245823021663,0.7,380.4225512303308,4.263122387673069,1.431000000000001,0.032380360830169014,1.4310000000000012,0.15,0.03237204247206121,0.7
3.83849738975953,0.6396559300682373,0.7,380.6015075342176,4.262834735543271,1.4320000000000015,0.032380360829781046,1.4320000000000013,0.15,0.03237204247206121,0.7
3.838703057070872,0.6410660746071404,0.7,380.7805770901277,4.262546892681398,1.4330000000000012,0.032380360829393065,1.4330000000000012,0.15,0.03237204247206121,0.7
3.838908686034287,0.642476256676861,0.7,380.95976001432064,4.262258858891655,1.4340000000000013,0.03238036082900509,1.4340000000000013,0.15,0.03237204247206121,0.7
3.8391142766103976,0.6438864763159393,0.7,381.1390564232153,4.261970633977975,1.4350000000000014,0.032380360828617116,1.4350000000000012,0.15,0.03237204247206121,0.7
3.8393198287597685,0.645296733562969,0.7,381.3184664333898,4.261682217744025,1.4360000000000013,0.032380360828229135,1.4360000000000013,0.15,0.03237204247206121,0.7
3.8395253424429105,0.6467070284565963,0.7,381.4979901615821,4.261393609993203,1.4370000000000012,0.032380360827841154,1.4370000000000012,0.15,0.03237204247206121,0.7
3.839730817620285,0.648117361035521,0.7,381.6776277246902,4.261104810528635,1.4380000000000013,0.032380360827453186,1.4380000000000013,0.15,0.03237204247206121,0.7
3.8399362542522937,0.6495277313384945,0.7,381.85737923977223,4.260815819153178,1.4390000000000012,0.032380360827065205,1.4390000000000012,0.15,0.03237204247206121,0.7
3.840141652299286,0.6509381394043235,0.7,382.037244824047,4.2605266356694225,1.4400000000000013,0.03238036082667723,1.4400000000000013,0.15,0.03237204247206121,0.7
3.8403470117215592,0.6523485852718658,0.7,382.2172245948941,4.260237259879683,1.4410000000000012,0.03238036082628925,1.4410000000000012,0.15,0.03237204247206121,0.7
3.840552332479352,0.6537590689800342,0.7,382.3973186698543,4.259947691586005,1.4420000000000015,0.032380360825901275,1.4420000000000013,0.15,0.03237204247206121,0.7
3.8407576145328512,0.6551695905677934,0.7,382.5775271666296,4.259657930590163,1.4430000000000012,0.0323803608255133,1.4430000000000012,0.15,0.03237204247206121,0.7
3.840962857842188,0.6565801500741638,0.7,382.7578502030838,4.259367976693656,1.4440000000000015,0.032380360825125326,1.4440000000000013,0.15,0.03237204247206121,0.7
3.8411680623674394,0.6579907475382165,0.7,382.9382878972425,4.259077829697714,1.4450000000000012,0.032380360824737345,1.4450000000000012,0.15,0.03237204247206121,0.7
3.8413732280686275,0.6594013829990791,0.7,383.1188403672937,4.258787489403291,1.4460000000000013,0.03238036082434937,1.4460000000000013,0.15,0.03237204247206121,0.7
3.841578354905718,0.6608120564959309,0.7,383.29950773158765,4.2584969556110694,1.4470000000000012,0.03238036082396139,1.4470000000000012,0.15,0.03237204247206121,0.7
3.8417834428386235,0.6622227680680066,0.7,383.48029010863763,4.258206228121457,1.4480000000000013,0.032380360823573415,1.4480000000000013,0.15,0.03237204247206121,0.7
3.841988491827201,0.6636335177545936,0.7,383.66118761711977,4.257915306734587,1.4490000000000014,0.03238036082318543,1.4490000000000012,0.15,0.03237204247206121,0.7
3.8421935018312507,0.6650443055950346,0.7,383.8422003758736,4.257624191250316,1.4500000000000013,0.032380360822797466,1.4500000000000013,0.15,0.03237204247206121,0.7
3.84239847281052,0.6664551316287252,0.7,384.02332850390223,4.257332881468226,1.451000000000001,0.032380360822409485,1.4510000000000012,0.15,0.03237204247206121,0.7
3.8426034047246986,0.6678659958951166,0.7,384.2045721203728,4.257041377187625,1.4520000000000013,0.0323803608220215,1.4520000000000013,0.15,0.03237204247206121,0.7
3.8428082975334212,0.669276898433713,0.7,384.38593134461644,4.256749678207541,1.4530000000000012,0.03238036082163353,1.4530000000000012,0.15,0.03237204247206121,0.7
3.8430131511962684,0.6706878392840743,0.7,384.5674062961289,4.256457784326727,1.4540000000000013,0.032380360821245555,1.4540000000000013,0.15,0.03237204247206121,0.7
3.843217965672763,0.6720988184858138,0.7,384.7489970945705,4.256165695343661,1.4550000000000012,0.03238036082085757,1.4550000000000012,0.15,0.03237204247206121,0.7
3.8434227409223727,0.6735098360786004,0.7,384.9307038597667,4.255873411056537,1.456000000000001,0.0323803608204696,1.4560000000000013,0.15,0.03237204247206121,0.7
3.8436274769045107,0.6749208921021569,0.7,385.11252671170837,4.255580931263274,1.4570000000000012,0.03238036082008162,1.4570000000000012,0.15,0.03237204247206121,0.7
3.843832173578532,0.676331986596262,0.7,385.29446577055177,4.255288255761515,1.458000000000001,0.03238036081969364,1.4580000000000013,0.15,0.03237204247206121,0.7
3.8440368309037365,0.6777431196007477,0.7,385.4765211566192,4.254995384348618,1.4590000000000014,0.03238036081930566,1.4590000000000012,0.15,0.03237204247206121,0.7
3.844241448839368,0.6791542911555029,0.7,385.6586929903989,4.254702316821664,1.4600000000000013,0.03238036081891769,1.4600000000000013,0.15,0.03237204247206121,0.7
3.8444460273446133,0.6805655013004696,0.7,385.8409813925458,4.254409052977455,1.4610000000000012,0.03238036081852971,1.4610000000000012,0.15,0.03237204247206121,0.7
3.844650566378604,0.6819767500756472,0.7,386.0233864838816,4.25411559261251,1.462000000000001,0.03238036081814173,1.4620000000000013,0.15,0.03237204247206121,0.7
3.8448550659004144,0.6833880375210882,0.7,386.2059083853948,4.253821935523067,1.4630000000000012,0.03238036081775376,1.4630000000000012,0.15,0.03237204247206121,0.7
3.8450595258690616,0.6847993636769025,0.7,386.38854721824157,4.253528081505084,1.4640000000000013,0.03238036081736578,1.4640000000000013,0.15,0.03237204247206121,0.7
3.845263946243508,0.6862107285832537,0.7,386.57130310374515,4.253234030354233,1.465000000000001,0.0323803608169778,1.4650000000000012,0.15,0.03237204247206121,0.7
3.845468326982657,0.6876221322803625,0.7,386.75417616339723,4.2529397818659085,1.4660000000000013,0.03238036081658982,1.4660000000000013,0.15,0.03237204247206121,0.7
3.8456726680453563,0.689033574808504,0.7,386.9371665188574,4.252645335835217,1.4670000000000014,0.03238036081620185,1.4670000000000012,0.15,0.03237204247206121,0.7
3.845876969390396,0.6904450562080101,0.7,387.1202742919537,4.252350692056981,1.4680000000000013,0.03238036081581387,1.4680000000000013,0.15,0.03237204247206121,0.7
3.84608123097651,0.6918565765192677,0.7,387.3034996046832,4.252055850325746,1.4690000000000014,0.0323803608154259,1.4690000000000012,0.15,0.03237204247206121,0.7
3.8462854527623738,0.6932681357827207,0.7,387.4868425792117,4.251760810435764,1.470000000000001,0.032380360815037916,1.4700000000000013,0.15,0.03237204247206121,0.7
3.8464896347066078,0.694679734038868,0.7,387.6703033378746,4.251465572181006,1.4710000000000012,0.03238036081464994,1.4710000000000012,0.15,0.03237204247206121,0.7
3.846693776767772,0.6960913713282656,0.7,387.85388200317703,4.251170135355157,1.4720000000000015,0.03238036081426196,1.4720000000000013,0.15,0.03237204247206121,0.7
3.8468978789043704,0.6975030476915245,0.7,388.03757869779355,4.250874499751615,1.4730000000000012,0.03238036081387399,1.4730000000000012,0.15,0.03237204247206121,0.7
3.84710194107485,0.6989147631693138,0.7,388.22139354456965,4.250578665163493,1.4740000000000015,0.03238036081348601,1.4740000000000013,0.15,0.03237204247206121,0.7
3.847305963237599,0.7003265178023572,0.7,388.40532666652086,4.250282631383614,1.4750000000000014,0.03238036081309804,1.4750000000000012,0.15,0.03237204247206121,0.7
3.84750994535095,0.7017383116314369,0.7,388.58937818683376,4.249986398204515,1.4760000000000013,0.032380360812710056,1.4760000000000013,0.15,0.03237204247206121,0.7
3.8477138873731738,0.7031501446973897,0.7,388.773548228866,4.249689965418446,1.4770000000000012,0.03238036081232208,1.4770000000000012,0.15,0.03237204247206121,0.7
3.847917789262487,0.704562017041111,0.7,388.9578369161467,4.249393332817365,1.4780000000000013,0.0323803608119341,1.4780000000000013,0.15,0.03237204247206121,0.7
3.848121650977046,0.7059739287035515,0.7,389.1422443723766,4.249096500192945,1.4790000000000014,0.032380360811546126,1.4790000000000012,0.15,0.03237204247206121,0.7
3.8483254724749494,0.7073858797257203,0.7,389.32677072142855,4.248799467336565,1.4800000000000015,0.03238036081115815,1.4800000000000013,0.15,0.03237204247206121,0.7
3.848529253714238,0.7087978701486821,0.7,389.51141608734775,4.248502234039318,1.4810000000000012,0.03238036081077017,1.4810000000000012,0.15,0.03237204247206121,0.7
3.8487329946528948,0.71020990001356,0.7,389.696180594352,4.248204800092001,1.4820000000000013,0.032380360810382196,1.4820000000000013,0.15,0.03237204247206121,0.7
3.848936695248842,0.7116219693615335,0.7,389.8810643668318,4.247907165285126,1.4830000000000012,0.032380360809994214,1.4830000000000012,0.15,0.03237204247206121,0.7
3.8491403554599453,0.7130340782338401,0.7,390.0660675293513,4.247609329408907,1.4840000000000013,0.03238036080960624,1.4840000000000013,0.15,0.03237204247206121,0.7
3.849343975244011,0.7144462266717739,0.7,390.2511902066478,4.247311292253271,1.4850000000000012,0.032380360809218266,1.4850000000000012,0.15,0.03237204247206121,0.7
3.849547554558787,0.7158584147166875,0.7,390.43643252363256,4.2470130536078505,1.486000000000001,0.032380360808830284,1.4860000000000013,0.15,0.03237204247206121,0.7
3.849751093361961,0.7172706424099905,0.7,390.621794605391,4.246714613261983,1.4870000000000012,0.03238036080844231,1.4870000000000012,0.15,0.03237204247206121,0.7
3.849954591611164,0.7186829097931505,0.7,390.8072765771832,4.246415971004715,1.4880000000000013,0.032380360808054336,1.4880000000000013,0.15,0.03237204247206121,0.7
3.8501580492639653,0.7200952169076927,0.7,390.99287856444323,4.246117126624795,1.4890000000000012,0.03238036080766636,1.4890000000000012,0.15,0.03237204247206121,0.7
3.850361466277877,0.7215075637952009,0.7,391.17860069278106,4.245818079910683,1.4900000000000013,0.03238036080727838,1.4900000000000013,0.15,0.03237204247206121,0.7
3.8505648426103503,0.7229199504973157,0.7,391.36444308798156,4.2455188306505365,1.4910000000000014,0.032380360806890406,1.4910000000000012,0.15,0.03237204247206121,0.7
3.850768178218779,0.7243323770557375,0.7,391.5504058760053,4.24521937863222,1.4920000000000013,0.032380360806502424,1.4920000000000013,0.15,0.03237204247206121,0.7
3.8509714730604947,0.7257448435122233,0.7,391.7364891829888,4.244919723643305,1.493000000000001,0.03238036080611445,1.4930000000000012,0.15,0.03237204247206121,0.7
3.851174727092772,0.72715734990859,0.7,391.922693135245,4.24461986547106,1.4940000000000013,0.03238036080572647,1.4940000000000013,0.15,0.03237204247206121,0.7
3.8513779402728243,0.7285698962867114,0.7,392.10901785926336,4.244319803902463,1.4950000000000012,0.032380360805338494,1.4950000000000012,0.15,0.03237204247206121,0.7
3.851581112557805,0.7299824826885215,0.7,392.29546348171004,4.244019538724186,1.4960000000000013,0.03238036080495052,1.4960000000000013,0.15,0.03237204247206121,0.7
3.8517842439048096,0.7313951091560114,0.7,392.48203012942855,4.243719069722611,1.4970000000000012,0.03238036080456254,1.4970000000000012,0.15,0.03237204247206121,0.7
3.8519873342708695,0.7328077757312321,0.7,392.66871792943994,4.243418396683815,1.4980000000000013,0.032380360804174564,1.4980000000000013,0.15,0.03237204247206121,0.7
3.8521903836129607,0.7342204824562928,0.7,392.855527008943,4.243117519393578,1.4990000000000014,0.03238036080378659,1.4990000000000012,0.15,0.03237204247206121,0.7
3.8523933918879965,0.735633229373362,0.7,393.04245749531475,4.24281643763738,1.5000000000000013,0.032380360803398615,1.5000000000000013,0.15,0.03237204247206121,0.7
3.8525909667527163,0.7369342236684729,0.7,393.34579708869984,4.2425860302915135,1.5010000000000012,0.03238036080378659,1.5010000000000012,0.15,0.03237204247206121,0.7
3.8527886923828865,0.7382351009636784,0.7,393.6487796705914,4.242356343001191,1.5020000000000016,0.032380360804174564,1.5020000000000013,0.15,0.03237204247206121,0.7
3.852986570094449,0.739535860237756,0.7,393.95140212485126,4.242127382051341,1.5030000000000012,0.03238036080456254,1.5030000000000012,0.15,0.03237204247206121,0.7
3.8531846012187034,0.7408365004575659,0.7,394.2536612989705,4.241899153800249,1.5040000000000013,0.03238036080495052,1.5040000000000013,0.15,0.03237204247206121,0.7
3.8533827871025332,0.7421370205778717,0.7,394.55555400353694,4.241671664680634,1.505000000000001,0.032380360805338494,1.5050000000000012,0.15,0.03237204247206121,0.7
3.8535811291086373,0.7434374195411682,0.7,394.8570770116939,4.2414449212007375,1.5060000000000011,0.032380360805726476,1.5060000000000013,0.15,0.03237204247206121,0.7
3.853779628615756,0.7447376962774959,0.7,395.158227058588,4.241218929945429,1.5070000000000012,0.03238036080611445,1.5070000000000012,0.15,0.03237204247206121,0.7
3.8539782870189176,0.7460378497042612,0.7,395.45900084081006,4.240993697577349,1.5080000000000016,0.03238036080650243,1.5080000000000013,0.15,0.03237204247206121,0.7
3.8541771057296685,0.7473378787260462,0.7,395.7593950158224,4.24076923083805,1.5090000000000012,0.032380360806890406,1.5090000000000012,0.15,0.03237204247206121,0.7
3.8543760861763268,0.7486377822344209,0.7,396.05940620137915,4.2405455365491775,1.5100000000000011,0.03238036080727839,1.5100000000000013,0.15,0.03237204247206121,0.7
3.8545752298042295,0.749937559107747,0.7,396.35903097493406,4.240322621613655,1.5110000000000012,0.03238036080766636,1.5110000000000012,0.15,0.03237204247206121,0.7
3.8547745380759855,0.7512372082109828,0.7,396.65826587303883,4.240100493016902,1.5120000000000016,0.032380360808054336,1.5120000000000013,0.15,0.03237204247206121,0.7
3.8549740124717364,0.75253672839548,0.7,396.95710739073013,4.23987915782807,1.513000000000001,0.03238036080844231,1.5130000000000012,0.15,0.03237204247206121,0.7
3.855173654489419,0.7538361184987822,0.7,397.2555519809058,4.239658623201301,1.5140000000000013,0.032380360808830284,1.5140000000000013,0.15,0.03237204247206121,0.7
3.855373465645031,0.7551353773444132,0.7,397.5535960536894,4.239438896377004,1.515000000000001,0.03238036080921826,1.5150000000000012,0.15,0.03237204247206121,0.7
3.855573447472911,0.7564345037416687,0.7,397.851235975784,4.239219984683171,1.5160000000000013,0.03238036080960624,1.5160000000000013,0.15,0.03237204247206121,0.7
3.855773601526008,0.757733496485397,0.7,398.14846806981296,4.23900189553669,1.5170000000000012,0.03238036080999422,1.5170000000000012,0.15,0.03237204247206121,0.7
3.8559739293761712,0.7590323543557829,0.7,398.44528861365046,4.2387846364447075,1.5180000000000013,0.032380360810382196,1.5180000000000013,0.15,0.03237204247206121,0.7
3.856174432614437,0.7603310761181202,0.7,398.74169383973754,4.238568215006004,1.5190000000000015,0.03238036081077017,1.5190000000000012,0.15,0.03237204247206121,0.7
3.8563751128513166,0.761629660522587,0.7,399.0376799343878,4.238352638912391,1.5200000000000014,0.03238036081115815,1.5200000000000014,0.15,0.03237204247206121,0.7
3.8565759717171053,0.7629281063040113,0.7,399.33324303707866,4.2381379159501495,1.521000000000001,0.03238036081154613,1.5210000000000012,0.15,0.03237204247206121,0.7
3.8567770108621797,0.7642264121816368,0.7,399.6283792397305,4.237924054001473,1.5220000000000016,0.03238036081193411,1.5220000000000014,0.15,0.03237204247206121,0.7
3.8569782319573096,0.7655245768588796,0.7,399.9230845859717,4.237711061045958,1.5230000000000012,0.03238036081232208,1.5230000000000012,0.15,0.03237204247206121,0.7
3.857179636693974,0.7668225990230859,0.7,400.217355070391,4.237498945162106,1.5240000000000016,0.03238036081271006,1.5240000000000014,0.15,0.03237204247206121,0.7
3.857381226784685,0.7681204773452792,0.7,400.5111866377747,4.23728771452887,1.525000000000001,0.03238036081309803,1.5250000000000012,0.15,0.03237204247206121,0.7
3.857583003963312,0.769418210479909,0.7,400.80457518233055,4.2370773774272115,1.5260000000000011,0.03238036081348601,1.5260000000000014,0.15,0.03237204247206121,0.7
3.8577849699854196,0.770715797064588,0.7,401.09751654689666,4.236867942241696,1.527000000000001,0.032380360813873986,1.5270000000000012,0.15,0.03237204247206121,0.7
3.8579871266286037,0.7720132357198322,0.7,401.39000652213554,4.2366594174621275,1.5280000000000014,0.032380360814261974,1.5280000000000014,0.15,0.03237204247206121,0.7
3.8581894756928428,0.773310525048787,0.7,401.682040845713,4.236451811685196,1.529000000000001,0.03238036081464994,1.5290000000000012,0.15,0.03237204247206121,0.7
3.8583920190008487,0.7746076636369579,0.7,401.9736152014617,4.236245133616168,1.5300000000000011,0.03238036081503792,1.5300000000000014,0.15,0.03237204247206121,0.7
3.8585947583984264,0.7759046500519268,0.7,402.2647252185281,4.236039392070609,1.531000000000001,0.0323803608154259,1.5310000000000012,0.15,0.03237204247206121,0.7
3.8587976957548413,0.7772014828430704,0.7,402.555366470504,4.235834595976127,1.5320000000000014,0.03238036081581387,1.5320000000000014,0.15,0.03237204247206121,0.7
3.8590008329631944,0.778498160541268,0.7,402.8455344745408,4.235630754374167,1.5330000000000013,0.032380360816201846,1.5330000000000013,0.15,0.03237204247206121,0.7
3.8592041719408017,0.7797946816586073,0.7,403.1352246904474,4.235427876421831,1.5340000000000011,0.03238036081658983,1.5340000000000014,0.15,0.03237204247206121,0.7
3.859407331949707,0.7810907009849759,0.7,403.42504933452426,4.235224784176562,1.5350000000000013,0.0323803608169778,1.5350000000000013,0.15,0.03237204247206121,0.7
3.85961051794953,0.7823864072671285,0.7,403.7146771277718,4.235022108839017,1.5360000000000011,0.03238036081736578,1.5360000000000014,0.15,0.03237204247206121,0.7
3.8598139155105304,0.7836819655034369,0.7,404.00380759351145,4.23482042778862,1.537000000000001,0.03238036081775376,1.5370000000000013,0.15,0.03237204247206121,0.7
3.8600175266548082,0.7849773742788811,0.7,404.2924359782931,4.234619750528754,1.5380000000000014,0.03238036081814173,1.5380000000000014,0.15,0.03237204247206121,0.7
3.8602213534303154,0.7862726321603491,0.7,404.58055746789455,4.234420086684301,1.5390000000000013,0.03238036081852971,1.5390000000000013,0.15,0.03237204247206121,0.7
3.8604253979112677,0.7875677376963501,0.7,404.86816718634816,4.234221446003591,1.5400000000000014,0.03238036081891769,1.5400000000000014,0.15,0.03237204247206121,0.7
3.8606296621985727,0.7888626894167153,0.7,405.1552601949471,4.234023838360384,1.5410000000000013,0.03238036081930567,1.5410000000000013,0.15,0.03237204247206121,0.7
3.8608341484202557,0.7901574858322997,0.7,405.44183149123364,4.233827273755893,1.5420000000000014,0.03238036081969365,1.5420000000000014,0.15,0.03237204247206121,0.7
3.861038858731903,0.7914521254346722,0.7,405.7278760079665,4.233631762320858,1.5430000000000015,0.032380360820081625,1.5430000000000013,0.15,0.03237204247206121,0.7
3.8612437953171033,0.7927466066958048,0.7,406.0133886120691,4.233437314317629,1.5440000000000016,0.0323803608204696,1.5440000000000014,0.15,0.03237204247206121,0.7
3.8614489603879107,0.7940409280677508,0.7,406.2983641035569,4.233243940142333,1.5450000000000013,0.03238036082085757,1.5450000000000013,0.15,0.03237204247206121,0.7
3.8616543561853063,0.795335087982322,0.7,406.58279721444376,4.2330516503270434,1.5460000000000014,0.032380360821245555,1.5460000000000014,0.15,0.03237204247206121,0.7
3.861859984979672,0.7966290848507541,0.7,406.8666826076263,4.23286045554202,1.547000000000001,0.03238036082163353,1.5470000000000013,0.15,0.03237204247206121,0.7
3.8620658490712767,0.7979229170633702,0.7,407.1500148757469,4.2326703665979775,1.5480000000000014,0.0323803608220215,1.5480000000000014,0.15,0.03237204247206121,0.7
3.8622719507907695,0.7992165829892335,0.7,407.432788540034,4.232481394448407,1.5490000000000013,0.032380360822409485,1.5490000000000013,0.15,0.03237204247206121,0.7
3.86247829249968,0.800510080975798,0.7,407.7149980491192,4.232293550191939,1.5500000000000014,0.032380360822797466,1.5500000000000014,0.15,0.03237204247206121,0.7
3.8626848765909347,0.8018034093485461,0.7,407.9966377778305,4.232106845074757,1.5510000000000013,0.03238036082318543,1.5510000000000013,0.15,0.03237204247206121,0.7
3.8628917054893783,0.8030965664106252,0.7,408.2777020259623,4.231921290493056,1.5520000000000014,0.032380360823573415,1.5520000000000014,0.15,0.03237204247206121,0.7
3.8630987816523095,0.8043895504424715,0.7,408.5581850170195,4.231736897995551,1.5530000000000015,0.03238036082396139,1.5530000000000013,0.15,0.03237204247206121,0.7
3.8633061075700246,0.8056823597014311,0.7,408.8380808969377,4.231553679286043,1.5540000000000014,0.03238036082434936,1.5540000000000014,0.15,0.03237204247206121,0.7
3.8635136857663737,0.8069749924213694,0.7,409.1173837327757,4.231371646226025,1.5550000000000013,0.032380360824737345,1.5550000000000013,0.15,0.03237204247206121,0.7
3.863721518799326,0.808267446812275,0.7,409.39608751138366,4.231190810837349,1.5560000000000012,0.03238036082512532,1.5560000000000014,0.15,0.03237204247206121,0.7
3.863929609261553,0.8095597210598549,0.7,409.6741861380424,4.231011185304945,1.557000000000001,0.032380360825513294,1.5570000000000013,0.15,0.03237204247206121,0.7
3.8641379597810137,0.8108518133251215,0.7,409.95167343507563,4.230832781979598,1.5580000000000014,0.032380360825901275,1.5580000000000014,0.15,0.03237204247206121,0.7
3.8643465730215585,0.8121437217439696,0.7,410.2285431404338,4.230655613380772,1.5590000000000013,0.03238036082628925,1.5590000000000013,0.15,0.03237204247206121,0.7
3.864555451683546,0.8134354444267489,0.7,410.5047889062488,4.230479692199507,1.5600000000000014,0.032380360826677224,1.5600000000000014,0.15,0.03237204247206121,0.7
3.8647645985044687,0.8147269794578215,0.7,410.78040429735876,4.230305031301371,1.5610000000000013,0.032380360827065205,1.5610000000000013,0.15,0.03237204247206121,0.7
3.864974016259596,0.816018324895117,0.7,411.05538278980185,4.230131643729458,1.5620000000000012,0.032380360827453186,1.5620000000000014,0.15,0.03237204247206121,0.7
3.8651837077626228,0.8173094787696722,0.7,411.3297177692802,4.2299595427074745,1.5630000000000015,0.032380360827841154,1.5630000000000013,0.15,0.03237204247206121,0.7
3.8653929342826485,0.8186011061403357,0.7,411.6044666634479,4.229785108668027,1.5640000000000016,0.032380360828229135,1.5640000000000014,0.15,0.03237204247206121,0.7
3.8656022623689763,0.8198926729546739,0.7,411.8788288376999,4.229611141562147,1.5650000000000013,0.032380360828617116,1.5650000000000013,0.15,0.03237204247206121,0.7
3.865811885745976,0.8211840024593593,0.7,412.15252531795545,4.229438592936008,1.5660000000000012,0.03238036082900509,1.5660000000000014,0.15,0.03237204247206121,0.7
3.866021807739008,0.8224750919819713,0.7,412.4255486076225,4.22926747876356,1.5670000000000013,0.032380360829393065,1.5670000000000013,0.15,0.03237204247206121,0.7
3.8662320317235546,0.8237659388098135,0.7,412.697891097123,4.229097815259506,1.5680000000000016,0.032380360829781046,1.5680000000000014,0.15,0.03237204247206121,0.7
3.8664425611261626,0.8250565401891483,0.7,412.969545061756,4.228929618883862,1.5690000000000013,0.03238036083016902,1.5690000000000013,0.15,0.03237204247206121,0.7
3.8666533994254153,0.826346893324421,0.7,413.24050265951246,4.228762906346605,1.5700000000000012,0.032380360830556995,1.5700000000000014,0.15,0.03237204247206121,0.7
3.8668645501529237,0.8276369953774599,0.7,413.5107559288399,4.228597694612435,1.5710000000000013,0.032380360830944976,1.5710000000000013,0.15,0.03237204247206121,0.7
3.867076016894341,0.8289268434666647,0.7,413.7802967863559,4.228434000905656,1.5720000000000014,0.03238036083133295,1.5720000000000014,0.15,0.03237204247206121,0.7
3.8672878032903983,0.8302164346661687,0.7,414.04911702450835,4.228271842715153,1.5730000000000013,0.03238036083172093,1.5730000000000013,0.15,0.03237204247206121,0.7
3.8674999130379697,0.8315057660049892,0.7,414.3172083091829,4.228111237799495,1.5740000000000016,0.032380360832108906,1.5740000000000014,0.15,0.03237204247206121,0.7
3.8677123498911556,0.8327948344661512,0.7,414.58456217725296,4.227952204192152,1.5750000000000015,0.03238036083249689,1.5750000000000013,0.15,0.03237204247206121,0.7
3.867925117662396,0.8340836369857973,0.7,414.85117003407447,4.227794760206838,1.5760000000000012,0.03238036083288486,1.5760000000000014,0.15,0.03237204247206121,0.7
3.8681382202236065,0.8353721704522704,0.7,415.1170231509207,4.227638924442972,1.577000000000001,0.03238036083327284,1.5770000000000013,0.15,0.03237204247206121,0.7
3.868351661507345,0.8366604317051801,0.7,415.38211266235754,4.227484715791273,1.5780000000000012,0.03238036083366082,1.5780000000000014,0.15,0.03237204247206121,0.7
3.868565445508003,0.8379484175344436,0.7,415.6464295635563,4.227332153439487,1.5790000000000013,0.03238036083404879,1.5790000000000013,0.15,0.03237204247206121,0.7
3.868779576283024,0.839236124679306,0.7,415.9099647075439,4.227181256878246,1.5800000000000016,0.03238036083443677,1.5800000000000014,0.15,0.03237204247206121,0.7
3.8689940579541524,0.8405235498273355,0.7,416.17270880238584,4.227032045907067,1.581000000000001,0.03238036083482475,1.5810000000000013,0.15,0.03237204247206121,0.7
3.869208894708717,0.8418106896133974,0.7,416.43465240830454,4.226884540640499,1.5820000000000014,0.03238036083521272,1.5820000000000014,0.15,0.03237204247206121,0.7
3.869424090800934,0.8430975406185992,0.7,416.69578593472585,4.226738761514409,1.5830000000000015,0.0323803608356007,1.5830000000000013,0.15,0.03237204247206121,0.7
3.8696396505532524,0.8443840993692152,0.7,416.95609963725684,4.226594729292429,1.5840000000000014,0.03238036083598867,1.5840000000000014,0.15,0.03237204247206121,0.7
3.8698555783577264,0.8456703623355815,0.7,417.2155836145889,4.226452465072547,1.5850000000000013,0.03238036083637665,1.5850000000000013,0.15,0.03237204247206121,0.7
3.8700718786774226,0.8469563259309657,0.7,417.4742278053269,4.226311990293873,1.5860000000000012,0.03238036083676463,1.5860000000000014,0.15,0.03237204247206121,0.7
3.8702885560478597,0.8482419865104088,0.7,417.7320219847403,4.226173326743552,1.587000000000001,0.03238036083715261,1.5870000000000013,0.15,0.03237204247206121,0.7
3.870505481942197,0.8495272456741739,0.7,417.98918849377804,4.226036058635586,1.5880000000000014,0.03238036083754058,1.5880000000000014,0.15,0.03237204247206121,0.7
3.870722376203221,0.8508119407507305,0.7,418.2462139311369,4.225899227860498,1.5890000000000013,0.03238036083792856,1.5890000000000013,0.15,0.03237204247206121,0.7
3.8709396288321334,0.8520963692415519,0.7,418.5024138546951,4.225764097158674,1.5900000000000014,0.03238036083831654,1.5900000000000014,0.15,0.03237204247206121,0.7
3.8711572437998862,0.85338052819269,0.7,418.75777911720996,4.225630685368057,1.5910000000000013,0.03238036083870451,1.5910000000000013,0.15,0.03237204247206121,0.7
3.871375225136321,0.854664414606394,0.7,419.01230043579494,4.225499011605939,1.5920000000000012,0.032380360839092494,1.5920000000000014,0.15,0.03237204247206121,0.7
3.871593576931258,0.8559480254402928,0.7,419.26596838939497,4.225369095274159,1.5930000000000013,0.03238036083948047,1.5930000000000013,0.15,0.03237204247206121,0.7
3.87181230333562,0.8572313576065641,0.7,419.51877341620684,4.2252409560644075,1.5940000000000014,0.03238036083986844,1.5940000000000014,0.15,0.03237204247206121,0.7
3.872031408562574,0.8585144079710803,0.7,419.77070581104067,4.225114613963675,1.5950000000000013,0.032380360840256424,1.5950000000000013,0.15,0.03237204247206121,0.7
3.872250896888706,0.8597971733525392,0.7,420.0217557226222,4.224990089259796,1.5960000000000014,0.0323803608406444,1.5960000000000014,0.15,0.03237204247206121,0.7
3.8724707726552166,0.8610796505215715,0.7,420.27191315083354,4.224867402547135,1.5970000000000013,0.03238036084103237,1.5970000000000013,0.15,0.03237204247206121,0.7
3.8726910402691463,0.8623618361998305,0.7,420.52116794389167,4.224746574732399,1.5980000000000014,0.032380360841420354,1.5980000000000014,0.15,0.03237204247206121,0.7
3.8729117042046295,0.8636437270590593,0.7,420.7695097954621,4.224627627040581,1.5990000000000015,0.03238036084180833,1.5990000000000013,0.15,0.03237204247206121,0.7
3.8731327690041746,0.8649253197201385,0.7,421.01692824170675,4.224510581021036,1.6000000000000014,0.03238036084219631,1.6000000000000014,0.15,0.03237204247206121,0.7
3.8733114788803724,0.8661158511650972,0.7,421.27633358722517,4.224298178392197,1.6010000000000015,0.03238036078437169,1.6010000000000013,0.15,0.03237204247206121,0.7
3.8734901186876507,0.8673064972794946,0.7,421.5359597036959,4.224085380819538,1.6020000000000016,0.03238036072654707,1.6020000000000014,0.15,0.03237204247206121,0.7
3.8736686880742757,0.8684972586389504,0.7,421.7958076993507,4.223872186320511,1.6030000000000015,0.03238036066872244,1.6030000000000013,0.15,0.03237204247206121,0.7
3.873847186686154,0.8696881358229456,0.7,422.05587868985174,4.223658592899272,1.6040000000000016,0.03238036061089783,1.6040000000000014,0.15,0.03237204247206121,0.7
3.874025614166817,0.8708791294148506,0.7,422.316173798353,4.223444598546578,1.6050000000000013,0.03238036055307321,1.6050000000000013,0.15,0.03237204247206121,0.7
3.874203970157397,0.8720702400019621,0.7,422.57669415556427,4.2232302012396685,1.6060000000000014,0.03238036049524859,1.6060000000000014,0.15,0.03237204247206121,0.7
3.8743822542966075,0.8732614681755322,0.7,422.8374408998139,4.223015398942154,1.6070000000000013,0.032380360437423976,1.6070000000000013,0.15,0.03237204247206121,0.7
3.874560466220724,0.8744528145308056,0.7,423.09841517711374,4.222800189603898,1.6080000000000017,0.032380360379599356,1.6080000000000014,0.15,0.03237204247206121,0.7
3.874738605563563,0.8756442796670493,0.7,423.3596181412235,4.2225845711609065,1.6090000000000015,0.032380360321774736,1.6090000000000013,0.15,0.03237204247206121,0.7
3.8749166719564614,0.8768358641875909,0.7,423.62105095371703,4.222368541535203,1.6100000000000014,0.03238036026395012,1.6100000000000014,0.15,0.03237204247206121,0.7
3.875094665028254,0.8780275686998492,0.7,423.8827147840478,4.2221520986347185,1.6110000000000013,0.032380360206125496,1.6110000000000013,0.15,0.03237204247206121,0.7
3.875272584405253,0.8792193938153721,0.7,424.1446108096165,4.221935240353165,1.6120000000000014,0.03238036014830088,1.6120000000000014,0.15,0.03237204247206121,0.7
3.8754504297112295,0.8804113401498691,0.7,424.4067402158382,4.221717964569916,1.6130000000000015,0.03238036009047626,1.6130000000000013,0.15,0.03237204247206121,0.7
3.875628200567388,0.8816034083232491,0.7,424.66910419621126,4.22150026914989,1.6140000000000014,0.03238036003265164,1.6140000000000014,0.15,0.03237204247206121,0.7
3.875805896592344,0.8827955989596541,0.7,424.9317039523853,4.2212821519434165,1.6150000000000013,0.03238035997482702,1.6150000000000013,0.15,0.03237204247206121,0.7
3.8759835174021062,0.883987912687497,0.7,425.19454069423216,4.22106361078612,1.6160000000000014,0.0323803599170024,1.6160000000000014,0.15,0.03237204247206121,0.7
3.876161062610049,0.8851803501394976,0.7,425.4576156399151,4.2208446434987925,1.6170000000000013,0.03238035985917778,1.6170000000000013,0.15,0.03237204247206121,0.7
3.876338531826895,0.8863729119527195,0.7,425.72093001596136,4.220625247887262,1.6180000000000017,0.03238035980135316,1.6180000000000014,0.15,0.03237204247206121,0.7
3.8765159246606875,0.8875655987686072,0.7,425.98448505733234,4.220405421742267,1.6190000000000013,0.03238035974352854,1.6190000000000013,0.15,0.03237204247206121,0.7
3.8766932407167713,0.8887584112330252,0.7,426.24828200749806,4.220185162839329,1.6200000000000017,0.03238035968570393,1.6200000000000014,0.15,0.03237204247206121,0.7
3.8768704795977666,0.8899513499962938,0.7,426.51232211850896,4.219964468938617,1.6210000000000013,0.03238035962787931,1.6210000000000013,0.15,0.03237204247206121,0.7
3.877047640903546,0.8911444157132296,0.7,426.77660665107146,4.219743337784812,1.6220000000000014,0.03238035957005469,1.6220000000000014,0.15,0.03237204247206121,0.7
3.877224724231214,0.8923376090431834,0.7,427.04113687462143,4.219521767106985,1.6230000000000013,0.03238035951223007,1.6230000000000013,0.15,0.03237204247206121,0.7
3.877401729175078,0.8935309306500804,0.7,427.3059140674013,4.21929975461845,1.6240000000000017,0.03238035945440545,1.6240000000000014,0.15,0.03237204247206121,0.7
3.8775786553266256,0.8947243812024586,0.7,427.5709395165352,4.219077298016629,1.6250000000000013,0.03238035939658082,1.6250000000000013,0.15,0.03237204247206121,0.7
3.877755502274503,0.8959179613735102,0.7,427.83621451810774,4.21885439498292,1.6260000000000017,0.03238035933875621,1.6260000000000014,0.15,0.03237204247206121,0.7
3.8779322696044853,0.8971116718411211,0.7,428.1017403772405,4.218631043182548,1.6270000000000016,0.032380359280931595,1.6270000000000013,0.15,0.03237204247206121,0.7
3.878108956899457,0.8983055132879135,0.7,428.3675184081723,4.218407240264435,1.6280000000000014,0.03238035922310697,1.6280000000000014,0.15,0.03237204247206121,0.7
3.8782855637393827,0.8994994864012851,0.7,428.63354993433813,4.218182983861048,1.6290000000000013,0.03238035916528235,1.6290000000000013,0.15,0.03237204247206121,0.7
3.878462089701282,0.9006935918734528,0.7,428.8998362884503,4.217958271588254,1.6300000000000012,0.03238035910745773,1.6300000000000014,0.15,0.03237204247206121,0.7
3.878638431115514,0.9018878370692035,0.7,429.1665670739939,4.217732681365654,1.6310000000000013,0.032380359049633115,1.6310000000000013,0.15,0.03237204247206121,0.7
3.8788144929010024,0.9030822309731885,0.7,429.43391723985064,4.217505823850464,1.6320000000000017,0.032380358991808494,1.6320000000000014,0.15,0.03237204247206121,0.7
3.8789904723211186,0.9042767625922408,0.7,429.7015281466535,4.2172784991603605,1.6330000000000013,0.032380358933983874,1.6330000000000013,0.15,0.03237204247206121,0.7
3.879166368945646,0.9054714326456821,0.7,429.9694011563192,4.21705070485517,1.6340000000000017,0.032380358876159254,1.6340000000000015,0.15,0.03237204247206121,0.7
3.8793421823413676,0.9066662418578508,0.7,430.23753764026526,4.216822438477695,1.6350000000000016,0.032380358818334634,1.6350000000000013,0.15,0.03237204247206121,0.7
3.87951791207204,0.9078611909581494,0.7,430.505938979494,4.2165936975535665,1.6360000000000017,0.032380358760510014,1.6360000000000015,0.15,0.03237204247206121,0.7
3.8796935576983644,0.9090562806810843,0.7,430.7746065646755,4.216364479591089,1.6370000000000016,0.032380358702685394,1.6370000000000013,0.15,0.03237204247206121,0.7
3.879869118777961,0.9102515117663158,0.7,431.04354179623346,4.216134782081097,1.6380000000000017,0.03238035864486078,1.6380000000000015,0.15,0.03237204247206121,0.7
3.880044594865343,0.9114468849586987,0.7,431.3127460844299,4.2159046024967965,1.6390000000000016,0.03238035858703616,1.6390000000000013,0.15,0.03237204247206121,0.7
3.8802199855118866,0.9126424010083313,0.7,431.58222084945214,4.215673938293606,1.6400000000000015,0.032380358529211534,1.6400000000000015,0.15,0.03237204247206121,0.7
3.8803952902658083,0.9138380606705989,0.7,431.8519675215001,4.2154427869090085,1.6410000000000013,0.03238035847138692,1.6410000000000013,0.15,0.03237204247206121,0.7
3.8805705086721316,0.9150338647062237,0.7,432.1219875408751,4.215211145762387,1.6420000000000015,0.0323803584135623,1.6420000000000015,0.15,0.03237204247206121,0.7
3.8807456402726603,0.9162298138813084,0.7,432.39228235806854,4.214979012254864,1.6430000000000013,0.03238035835573769,1.6430000000000013,0.15,0.03237204247206121,0.7
3.880920684605952,0.9174259089673871,0.7,432.6628534338527,4.214746383769145,1.6440000000000015,0.03238035829791306,1.6440000000000015,0.15,0.03237204247206121,0.7
3.881095641207288,0.9186221507414702,0.7,432.9337022393717,4.214513257669352,1.6450000000000014,0.03238035824008845,1.6450000000000014,0.15,0.03237204247206121,0.7
3.8812705096086417,0.9198185399860974,0.7,433.2048302562341,4.214279631300854,1.6460000000000015,0.03238035818226383,1.6460000000000015,0.15,0.03237204247206121,0.7
3.881445289338656,0.9210150774893824,0.7,433.4762389766055,4.214045501990108,1.6470000000000014,0.0323803581244392,1.6470000000000014,0.15,0.03237204247206121,0.7
3.881619979922604,0.9222117640450657,0.7,433.7479299033035,4.213810867044488,1.6480000000000017,0.03238035806661459,1.6480000000000015,0.15,0.03237204247206121,0.7
3.8817945808823677,0.9234086004525636,0.7,434.01990454989186,4.213575723752107,1.6490000000000016,0.03238035800878997,1.6490000000000014,0.15,0.03237204247206121,0.7
3.8819690917364014,0.9246055875170195,0.7,434.2921644407781,4.213340069381653,1.6500000000000017,0.03238035795096535,1.6500000000000015,0.15,0.03237204247206121,0.7
3.8821435119997063,0.925802726049355,0.7,434.5647111113094,4.2131039011822145,1.6510000000000014,0.03238035789314073,1.6510000000000014,0.15,0.03237204247206121,0.7
3.8823178411837946,0.9270000168663222,0.7,434.83754610787224,4.212867216383098,1.6520000000000015,0.032380357835316106,1.6520000000000015,0.15,0.03237204247206121,0.7
3.882492078796659,0.9281974607905554,0.7,435.1106709879904,4.212630012193656,1.6530000000000014,0.032380357777491486,1.6530000000000014,0.15,0.03237204247206121,0.7
3.8826662243427457,0.9293950586506257,0.7,435.38408732042666,4.212392285803105,1.6540000000000017,0.03238035771966687,1.6540000000000015,0.15,0.03237204247206121,0.7
3.8828402773229147,0.9305928112810922,0.7,435.65779668528353,4.212154034380341,1.6550000000000014,0.03238035766184225,1.6550000000000014,0.15,0.03237204247206121,0.7
3.883014237234415,0.9317907195225591,0.7,435.9318006741064,4.211915255073762,1.6560000000000017,0.03238035760401764,1.6560000000000015,0.15,0.03237204247206121,0.7
3.8831881035708458,0.9329887842217279,0.7,436.20610088998677,4.211675945011074,1.6570000000000014,0.03238035754619301,1.6570000000000014,0.15,0.03237204247206121,0.7
3.8833618758221253,0.934187006231455,0.7,436.48069894766803,4.2114361012991095,1.6580000000000017,0.0323803574883684,1.6580000000000015,0.15,0.03237204247206121,0.7
3.8835355534744602,0.9353853864108058,0.7,436.7555964736502,4.211195721023634,1.6590000000000014,0.03238035743054377,1.6590000000000014,0.15,0.03237204247206121,0.7
3.8837091360103075,0.9365839256251126,0.7,437.0307951062987,4.210954801249153,1.6600000000000015,0.03238035737271916,1.6600000000000015,0.15,0.03237204247206121,0.7
3.8838826229083434,0.9377826247460315,0.7,437.30629649595124,4.210713339018726,1.6610000000000014,0.03238035731489453,1.6610000000000014,0.15,0.03237204247206121,0.7
3.884056013643425,0.9389814846516003,0.7,437.5821023050285,4.210471331353758,1.6620000000000017,0.03238035725706992,1.6620000000000015,0.15,0.03237204247206121,0.7
3.884229307686559,0.9401805062262958,0.7,437.8582142081443,4.210228775253808,1.6630000000000014,0.0323803571992453,1.6630000000000014,0.15,0.03237204247206121,0.7
3.884402504504866,0.9413796903610965,0.7,438.1346338922179,4.2099856676963885,1.6640000000000017,0.03238035714142068,1.6640000000000015,0.15,0.03237204247206121,0.7
3.8845756035615415,0.942579037953537,0.7,438.41136305658677,4.2097420056367625,1.6650000000000014,0.03238035708359606,1.6650000000000014,0.15,0.03237204247206121,0.7
3.884748604315825,0.9437785499077741,0.7,438.68840341312205,4.209497786007735,1.6660000000000015,0.03238035702577144,1.6660000000000015,0.15,0.03237204247206121,0.7
3.884921506222958,0.9449782271346435,0.7,438.965756686343,4.20925300571945,1.6670000000000014,0.03238035696794682,1.6670000000000014,0.15,0.03237204247206121,0.7
3.8850943087341485,0.9461780705517243,0.7,439.2434246135351,4.209007661659176,1.6680000000000017,0.0323803569101222,1.6680000000000015,0.15,0.03237204247206121,0.7
3.8852670112965377,0.9473780810834,0.7,439.5214089448681,4.208761750691099,1.6690000000000014,0.03238035685229758,1.6690000000000014,0.15,0.03237204247206121,0.7
3.8854396133531566,0.9485782596609234,0.7,439.7997114435152,4.208515269656102,1.6700000000000015,0.032380356794472966,1.6700000000000015,0.15,0.03237204247206121,0.7
3.885612114342891,0.9497786072224778,0.7,440.0783338857747,4.208268215371562,1.6710000000000016,0.032380356736648346,1.6710000000000014,0.15,0.03237204247206121,0.7
3.8857845137004423,0.9509791247132451,0.7,440.35727806119223,4.2080205846311065,1.6720000000000017,0.032380356678823725,1.6720000000000015,0.15,0.03237204247206121,0.7
3.8859568108562863,0.9521798130854673,0.7,440.6365457726839,4.207772374204416,1.6730000000000014,0.032380356620999105,1.6730000000000014,0.15,0.03237204247206121,0.7
3.8861290052366404,0.9533806732985166,0.7,440.9161388366625,4.2075235808369875,1.6740000000000015,0.032380356563174485,1.6740000000000015,0.15,0.03237204247206121,0.7
3.8863010962634115,0.9545817063189586,0.7,441.19605908316277,4.207274201249909,1.6750000000000014,0.032380356505349865,1.6750000000000014,0.15,0.03237204247206121,0.7
3.886473083354169,0.9557829131206222,0.7,441.47630835597005,4.207024232139632,1.6760000000000017,0.03238035644752525,1.6760000000000015,0.15,0.03237204247206121,0.7
3.886644965922096,0.9569842946846671,0.7,441.7568885127498,4.20677367017774,1.6770000000000014,0.032380356389700625,1.6770000000000014,0.15,0.03237204247206121,0.7
3.88681646746544,0.9581851891151588,0.7,442.0384693230728,4.2065220715013485,1.6780000000000015,0.03238035633187601,1.6780000000000015,0.15,0.03237204247206121,0.7
3.8869878643656364,0.9593862386693884,0.7,442.32038587423745,4.206269899127634,1.6790000000000012,0.03238035627405139,1.6790000000000014,0.15,0.03237204247206121,0.7
3.8871591564389147,0.9605874450446691,0.7,442.6026390505067,4.2060171506238655,1.6800000000000017,0.03238035621622677,1.6800000000000015,0.15,0.03237204247206121,0.7
3.8873303431286357,0.9617888090737299,0.7,442.88523063938277,4.205763822930751,1.6810000000000014,0.03238035615840215,1.6810000000000014,0.15,0.03237204247206121,0.7
3.887501423874215,0.962990331595209,0.7,443.1681624410464,4.205509912967303,1.6820000000000017,0.03238035610057753,1.6820000000000015,0.15,0.03237204247206121,0.7
3.8876723981110817,0.9641920134537009,0.7,443.4514362684686,4.205255417630641,1.6830000000000016,0.03238035604275292,1.6830000000000014,0.15,0.03237204247206121,0.7
3.887843265270649,0.9653938554998137,0.7,443.7350539475254,4.205000333795801,1.6840000000000017,0.0323803559849283,1.6840000000000015,0.15,0.03237204247206121,0.7
3.8880140247802744,0.9665958585902192,0.7,444.01901731711206,4.204744658315533,1.6850000000000016,0.03238035592710368,1.6850000000000014,0.15,0.03237204247206121,0.7
3.8881846760632253,0.9677980235877103,0.7,444.30332822925976,4.204488388020105,1.6860000000000015,0.03238035586927906,1.6860000000000015,0.15,0.03237204247206121,0.7
3.8883552185386416,0.9690003513612525,0.7,444.58798854925294,4.204231519717108,1.6870000000000016,0.03238035581145444,1.6870000000000014,0.15,0.03237204247206121,0.7
3.8885256516215,0.9702028427860424,0.7,444.87300015574823,4.203974050191239,1.6880000000000017,0.03238035575362982,1.6880000000000015,0.15,0.03237204247206121,0.7
3.8886959747225727,0.9714054987435605,0.7,445.158364940894,4.2037159762041085,1.6890000000000014,0.032380355695805205,1.6890000000000014,0.15,0.03237204247206121,0.7
3.888866187248398,0.9726083201216309,0.7,445.4440848104525,4.203457294494027,1.6900000000000017,0.03238035563798058,1.6900000000000015,0.15,0.03237204247206121,0.7
3.8890362886012313,0.9738113078144754,0.7,445.73016168392206,4.203198001775792,1.6910000000000016,0.032380355580155964,1.6910000000000014,0.15,0.03237204247206121,0.7
3.889206278179015,0.9750144627227736,0.7,446.0165974946608,4.202938094740487,1.6920000000000017,0.032380355522331344,1.6920000000000015,0.15,0.03237204247206121,0.7
3.889376155375336,0.97621778575372,0.7,446.3033941900123,4.202677570055252,1.6930000000000016,0.032380355464506724,1.6930000000000014,0.15,0.03237204247206121,0.7
3.8895459195793847,0.9774212778210839,0.7,446.5905537314326,4.202416424363078,1.6940000000000015,0.032380355406682104,1.6940000000000015,0.15,0.03237204247206121,0.7
3.8897155701759196,0.9786249398452677,0.7,446.87807809461736,4.2021546542825865,1.6950000000000016,0.032380355348857484,1.6950000000000014,0.15,0.03237204247206121,0.7
3.8898851065452233,0.9798287727533689,0.7,447.1659692696322,4.2018922564078,1.6960000000000015,0.032380355291032864,1.6960000000000015,0.15,0.03237204247206121,0.7
3.8900545280630623,0.9810327774792393,0.7,447.45422926104334,4.201629227307928,1.6970000000000014,0.032380355233208244,1.6970000000000014,0.15,0.03237204247206121,0.7
3.8902238341006474,0.982236954963549,0.7,447.7428600880496,4.2013655635271325,1.6980000000000017,0.03238035517538363,1.6980000000000015,0.15,0.03237204247206121,0.7
3.8903930240245894,0.9834413061538457,0.7,448.03186378461635,4.201101261584307,1.6990000000000014,0.03238035511755901,1.6990000000000014,0.15,0.03237204247206121,0.7
3.8905620971968613,0.9846458320046206,0.7,448.321242399611,4.200836317972837,1.7000000000000015,0.03238035505973439,1.7000000000000015,0.15,0.03237204247206121,0.7
3.8907160865182977,0.9857814184094715,0.7,448.5642688813609,4.200564924727146,1.7010000000000012,0.03238035513528198,1.7010000000000014,0.15,0.03237204247206121,0.7
3.890869964639748,0.9869172882142363,0.7,448.80769391053855,4.2002928032762865,1.7020000000000015,0.03238035521082955,1.7020000000000015,0.15,0.03237204247206121,0.7
3.8910237311168503,0.988053442551393,0.7,449.0515190797576,4.200019950710312,1.7030000000000012,0.032380355286377144,1.7030000000000014,0.15,0.03237204247206121,0.7
3.8911773855028757,0.9891898825594634,0.7,449.29574599012864,4.199746364103761,1.7040000000000013,0.032380355361924726,1.7040000000000015,0.15,0.03237204247206121,0.7
3.891330927348705,0.9903266093830501,0.7,449.5403762513155,4.199472040515536,1.7050000000000014,0.03238035543747231,1.7050000000000014,0.15,0.03237204247206121,0.7
3.8914843562028185,0.9914636241728794,0.7,449.7854114815931,4.199196976988809,1.7060000000000013,0.03238035551301989,1.7060000000000015,0.15,0.03237204247206121,0.7
3.8916376716112784,0.9926009280858415,0.7,450.030853307905,4.198921170550915,1.7070000000000014,0.03238035558856748,1.7070000000000014,0.15,0.03237204247206121,0.7
3.8917908731177104,0.9937385222850321,0.7,450.27670336592087,4.198644618213241,1.7080000000000015,0.03238035566411506,1.7080000000000015,0.15,0.03237204247206121,0.7
3.89194396026329,0.9948764079397932,0.7,450.5229633000958,4.198367316971128,1.7090000000000012,0.03238035573966264,1.7090000000000014,0.15,0.03237204247206121,0.7
3.8920969325867256,0.9960145862257566,0.7,450.7696347637292,4.198089263803748,1.7100000000000015,0.03238035581521023,1.7100000000000015,0.15,0.03237204247206121,0.7
3.89224978962424,0.9971530583248848,0.7,451.01671941902396,4.197810455674014,1.7110000000000014,0.032380355890757814,1.7110000000000014,0.15,0.03237204247206121,0.7
3.8924025309095556,0.9982918254255145,0.7,451.26421893714695,4.197530889528455,1.7120000000000017,0.0323803559663054,1.7120000000000015,0.15,0.03237204247206121,0.7
3.892554629663323,0.9994322462765168,0.7,451.51288773614726,4.197247099679515,1.7130000000000014,0.032380356041852985,1.7130000000000014,0.15,0.03237204247206121,0.7
3.8927065032562562,1.0005732230788171,0.7,451.7621339652039,4.196961853279281,1.7140000000000013,0.03238035611740057,1.7140000000000015,0.15,0.03237204247206121,0.7
3.892858258209127,1.0017144790175982,0.7,452.0118066288122,4.196675853190471,1.7150000000000012,0.03238035619294815,1.7150000000000014,0.15,0.03237204247206121,0.7
3.893009894069447,1.0028560151574784,0.7,452.2619073533795,4.196389096538541,1.7160000000000013,0.03238035626849573,1.7160000000000015,0.15,0.03237204247206121,0.7
3.893161410382421,1.0039978325684942,0.7,452.51243777359366,4.196101580434313,1.717000000000001,0.03238035634404332,1.7170000000000014,0.15,0.03237204247206121,0.7
3.8933128066909393,1.0051399323261396,0.7,452.76339953247697,4.195813301973878,1.7180000000000015,0.0323803564195909,1.7180000000000015,0.15,0.03237204247206121,0.7
3.893464082535555,1.0062823155113971,0.7,453.01479428143875,4.1955242582385015,1.7190000000000014,0.032380356495138485,1.7190000000000014,0.15,0.03237204247206121,0.7
3.8936152374544752,1.007424983210776,0.7,453.26662368032936,4.195234446294535,1.7200000000000015,0.032380356570686074,1.7200000000000015,0.15,0.03237204247206121,0.7
3.8937662709835434,1.0085679365163447,0.7,453.5188893974937,4.194943863193312,1.7210000000000016,0.032380356646233656,1.7210000000000014,0.15,0.03237204247206121,0.7
3.893917182656223,1.0097111765257687,0.7,453.77159310982614,4.1946525059710575,1.7220000000000013,0.032380356721781245,1.7220000000000015,0.15,0.03237204247206121,0.7
3.8940679720035862,1.010854704342345,0.7,454.0247365028251,4.1943603716487905,1.7230000000000012,0.03238035679732882,1.7230000000000014,0.15,0.03237204247206121,0.7
3.8942186385542943,1.0119985210750395,0.7,454.2783212706481,4.194067457232224,1.7240000000000015,0.03238035687287641,1.7240000000000015,0.15,0.03237204247206121,0.7
3.8943691818345827,1.013142627838522,0.7,454.53234911616784,4.193773759711669,1.7250000000000016,0.03238035694842399,1.7250000000000014,0.15,0.03237204247206121,0.7
3.8945196013682497,1.0142870257532046,0.7,454.78682175102824,4.1934792760619315,1.726000000000002,0.03238035702397157,1.7260000000000015,0.15,0.03237204247206121,0.7
3.8946698966766364,1.0154317159452768,0.7,455.04174089570034,4.193184003242219,1.7270000000000014,0.032380357099519155,1.7270000000000014,0.15,0.03237204247206121,0.7
3.89482006727861,1.0165766995467447,0.7,455.2971082795405,4.192887938196035,1.7280000000000015,0.032380357175066744,1.7280000000000015,0.15,0.03237204247206121,0.7
3.8949701126905536,1.017721977695467,0.7,455.55292564084675,4.192591077851078,1.7290000000000014,0.032380357250614326,1.7290000000000014,0.15,0.03237204247206121,0.7
3.8951200324263424,1.0188675515351941,0.7,455.80919472691704,4.192293419119139,1.7300000000000015,0.03238035732616191,1.7300000000000015,0.15,0.03237204247206121,0.7
3.8952698259973353,1.0200134222156054,0.7,456.06591729410775,4.191994958896001,1.7310000000000012,0.0323803574017095,1.7310000000000014,0.15,0.03237204247206121,0.7
3.8954194929123522,1.0211595908923492,0.7,456.32309510789224,4.191695694061331,1.7320000000000013,0.03238035747725708,1.7320000000000015,0.15,0.03237204247206121,0.7
3.895569032677661,1.022306058727079,0.7,456.58072994292,4.191395621478584,1.7330000000000014,0.03238035755280466,1.7330000000000014,0.15,0.03237204247206121,0.7
3.8957184447969593,1.0234528268874945,0.7,456.8388235830766,4.191094737994883,1.7340000000000015,0.032380357628352244,1.7340000000000015,0.15,0.03237204247206121,0.7
3.895867728771359,1.0245998965473804,0.7,457.0973778215436,4.190793040440924,1.7350000000000014,0.03238035770389983,1.7350000000000014,0.15,0.03237204247206121,0.7
3.8960168840993687,1.0257472688866467,0.7,457.35639446085963,4.190490525630868,1.7360000000000015,0.03238035777944742,1.7360000000000015,0.15,0.03237204247206121,0.7
3.8961659102768764,1.0268949450913676,0.7,457.61587531298073,4.190187190362229,1.7370000000000014,0.032380357854995004,1.7370000000000014,0.15,0.03237204247206121,0.7
3.8963148067971347,1.028042926353823,0.7,457.8758221993428,4.189883031415764,1.7380000000000015,0.032380357930542586,1.7380000000000015,0.15,0.03237204247206121,0.7
3.896463244599108,1.0291915165930918,0.7,458.13699902015,4.189576427853487,1.7390000000000014,0.03238035800609017,1.7390000000000014,0.15,0.03237204247206121,0.7
3.8966114564542544,1.0303405007033128,0.7,458.3988623030966,4.1892685264285445,1.7400000000000015,0.03238035808163776,1.7400000000000015,0.15,0.03237204247206121,0.7
3.8967595340466277,1.0314897947785564,0.7,458.6611995137628,4.188959778001995,1.7410000000000014,0.03238035815718534,1.7410000000000014,0.15,0.03237204247206121,0.7
3.8969074768407777,1.0326394000549826,0.7,458.92401254220204,4.188650179195943,1.7420000000000018,0.03238035823273292,1.7420000000000015,0.15,0.03237204247206121,0.7
3.897055284298405,1.0337893177753321,0.7,459.18730328853076,4.188339726614509,1.7430000000000017,0.03238035830828051,1.7430000000000014,0.15,0.03237204247206121,0.7
3.897202955878342,1.0349395491889737,0.7,459.45107366299675,4.1880284168437045,1.7440000000000015,0.03238035838382809,1.7440000000000015,0.15,0.03237204247206121,0.7
3.8973504910365295,1.0360900955519439,0.7,459.7153255860455,4.18771624645132,1.7450000000000014,0.032380358459375674,1.7450000000000014,0.15,0.03237204247206121,0.7
3.897497889226,1.0372409581269952,0.7,459.9800609883891,4.187403211986793,1.7460000000000016,0.03238035853492326,1.7460000000000016,0.15,0.03237204247206121,0.7
3.897645149896859,1.0383921381836394,0.7,460.2452818110747,4.187089309981093,1.7470000000000014,0.03238035861047084,1.7470000000000014,0.15,0.03237204247206121,0.7
3.897792272496265,1.0395436369981925,0.7,460.5109900055539,4.186774536946594,1.7480000000000016,0.03238035868601843,1.7480000000000016,0.15,0.03237204247206121,0.7
3.8979392564684083,1.0406954558538213,0.7,460.77718753375234,4.186458889376951,1.7490000000000012,0.03238035876156601,1.7490000000000014,0.15,0.03237204247206121,0.7
3.898086101254491,1.0418475960405895,0.7,461.0438763681402,4.186142363746973,1.7500000000000013,0.0323803588371136,1.7500000000000016,0.15,0.03237204247206121,0.7
3.8982328062927096,1.0430000588555028,0.7,461.311058491803,4.185824956512499,1.7510000000000017,0.03238035891266118,1.7510000000000014,0.15,0.03237204247206121,0.7
3.898379371018232,1.0441528456025575,0.7,461.5787358985135,4.185506664110266,1.7520000000000018,0.03238035898820876,1.7520000000000016,0.15,0.03237204247206121,0.7
3.898525794863179,1.045305957592786,0.7,461.8469105928032,4.185187482957785,1.7530000000000017,0.032380359063756345,1.7530000000000014,0.15,0.03237204247206121,0.7
3.8986720772566015,1.0464593961443052,0.7,462.1155845900356,4.184867409453204,1.7540000000000016,0.032380359139303934,1.7540000000000016,0.15,0.03237204247206121,0.7
3.898818217624463,1.0476131625823644,0.7,462.38475991647886,4.18454643997519,1.7550000000000014,0.032380359214851516,1.7550000000000014,0.15,0.03237204247206121,0.7
3.8989642153896136,1.0487672582393928,0.7,462.65443860938024,4.184224570882778,1.7560000000000016,0.032380359290399105,1.7560000000000016,0.15,0.03237204247206121,0.7
3.8991100699717745,1.0499216844550496,0.7,462.92462271704017,4.183901798515257,1.7570000000000014,0.03238035936594669,1.7570000000000014,0.15,0.03237204247206121,0.7
3.899255780787514,1.0510764425762726,0.7,463.1953142988875,4.183578119192025,1.7580000000000016,0.03238035944149427,1.7580000000000016,0.15,0.03237204247206121,0.7
3.899401347250226,1.0522315339573258,0.7,463.46651542555514,4.183253529212455,1.7590000000000012,0.03238035951704185,1.7590000000000015,0.15,0.03237204247206121,0.7
3.8995467687701093,1.053386959959853,0.7,463.7382281789564,4.1829280248557605,1.7600000000000018,0.03238035959258943,1.7600000000000016,0.15,0.03237204247206121,0.7
3.8996920447541434,1.054542721952925,0.7,464.0104546523614,4.182601602380858,1.7610000000000017,0.03238035966813702,1.7610000000000015,0.15,0.03237204247206121,0.7
3.8998371746060694,1.0556988213130905,0.7,464.28319695047577,4.182274258026225,1.7620000000000018,0.03238035974368461,1.7620000000000016,0.15,0.03237204247206121,0.7
3.8999820447250984,1.056857528433889,0.7,464.557173706238,4.181943266868376,1.7630000000000012,0.03238035981923219,1.7630000000000015,0.15,0.03237204247206121,0.7
3.900126736733139,1.0580175418217526,0.7,464.8319469381553,4.181610256943287,1.7640000000000016,0.032380359894779775,1.7640000000000016,0.15,0.03237204247206121,0.7
3.9002712957717436,1.0591780023077357,0.7,465.107242234159,4.18127626803128,1.7650000000000015,0.03238035997032736,1.7650000000000015,0.15,0.03237204247206121,0.7
3.90041572130677,1.0603389116878492,0.7,465.38306169140054,4.180941296199725,1.7660000000000016,0.03238036004587494,1.7660000000000016,0.15,0.03237204247206121,0.7
3.900560012801208,1.061500271767735,0.7,465.6594074182785,4.180605337494906,1.7670000000000015,0.03238036012142253,1.7670000000000015,0.15,0.03237204247206121,0.7
3.900704169715168,1.0626620843627332,0.7,465.93628153451493,4.180268387941866,1.7680000000000013,0.03238036019697011,1.7680000000000016,0.15,0.03237204247206121,0.7
3.9008481915058533,1.063824351297945,0.7,466.2136861712304,4.179930443544281,1.7690000000000017,0.0323803602725177,1.7690000000000015,0.15,0.03237204247206121,0.7
3.9009920776275444,1.0649870744083008,0.7,466.4916234710217,4.179591500284301,1.7700000000000016,0.03238036034806528,1.7700000000000016,0.15,0.03237204247206121,0.7
3.9011358275315833,1.0661502555386242,0.7,466.77009558803866,4.1792515541224144,1.7710000000000015,0.032380360423612864,1.7710000000000015,0.15,0.03237204247206121,0.7
3.9012794406663445,1.0673138965437006,0.7,467.04910468806264,4.178910600997296,1.7720000000000016,0.032380360499160446,1.7720000000000016,0.15,0.03237204247206121,0.7
3.9014229164772245,1.068477999288343,0.7,467.3286529485843,4.178568636825663,1.7730000000000012,0.032380360574708035,1.7730000000000015,0.15,0.03237204247206121,0.7
3.901566254406613,1.0696425656474615,0.7,467.6087425588836,4.178225657502127,1.7740000000000016,0.03238036065025561,1.7740000000000016,0.15,0.03237204247206121,0.7
3.9017094538938792,1.0708075975061293,0.7,467.88937572010934,4.177881658899041,1.7750000000000015,0.0323803607258032,1.7750000000000015,0.15,0.03237204247206121,0.7
3.9018525143753484,1.0719730967596555,0.7,468.17055464536,4.1775366368663525,1.7760000000000016,0.03238036080135078,1.7760000000000016,0.15,0.03237204247206121,0.7
3.9019954352842814,1.0731390653136497,0.7,468.45228155976446,4.177190587231445,1.7770000000000015,0.03238036087689837,1.7770000000000015,0.15,0.03237204247206121,0.7
3.9021382160508535,1.0743055050840966,0.7,468.7345587005643,4.176843505798991,1.7780000000000014,0.03238036095244595,1.7780000000000016,0.15,0.03237204247206121,0.7
3.9022808561021347,1.0754724179974235,0.7,469.0173883171961,4.176495388350793,1.7790000000000015,0.032380361027993534,1.7790000000000015,0.15,0.03237204247206121,0.7
3.9024233548620675,1.0766398059905748,0.7,469.3007726713746,4.176146230645631,1.7800000000000016,0.032380361103541117,1.7800000000000016,0.15,0.03237204247206121,0.7
3.9025657117514467,1.0778076710110795,0.7,469.58471403717687,4.175796028419101,1.7810000000000015,0.032380361179088706,1.7810000000000015,0.15,0.03237204247206121,0.7
3.902707926187895,1.0789760150171284,0.7,469.8692147011268,4.175444777383461,1.7820000000000016,0.03238036125463629,1.7820000000000016,0.15,0.03237204247206121,0.7
3.902849997585843,1.0801448399776417,0.7,470.1542769622798,4.1750924732274655,1.7830000000000013,0.03238036133018388,1.7830000000000015,0.15,0.03237204247206121,0.7
3.9029919253565115,1.0813141478723494,0.7,470.43990313230995,4.174739111616212,1.7840000000000016,0.03238036140573146,1.7840000000000016,0.15,0.03237204247206121,0.7
3.903132815363935,1.0824815877755722,0.7,470.7264983115645,4.174383467680146,1.7850000000000017,0.03238036148127904,1.7850000000000015,0.15,0.03237204247206121,0.7
3.903272558409885,1.0836468514491033,0.7,471.01410394885215,4.174025412935563,1.7860000000000014,0.03238036155682662,1.7860000000000016,0.15,0.03237204247206121,0.7
3.903412118107155,1.0848124715665513,0.7,471.3022844410451,4.173666268344918,1.7870000000000015,0.03238036163237421,1.7870000000000015,0.15,0.03237204247206121,0.7
3.9035514936083175,1.0859784497753815,0.7,471.59104244509354,4.173306028870997,1.7880000000000014,0.032380361707921794,1.7880000000000016,0.15,0.03237204247206121,0.7
3.9036906840607144,1.0871447877332285,0.7,471.88038063434664,4.172944689445497,1.7890000000000015,0.032380361783469376,1.7890000000000015,0.15,0.03237204247206121,0.7
3.9038296886064154,1.088311487107973,0.7,472.1703016986793,4.172582244968784,1.7900000000000018,0.03238036185901696,1.7900000000000016,0.15,0.03237204247206121,0.7
3.9039685063821783,1.0894785495778223,0.7,472.46080834461986,4.17221869030965,1.7910000000000013,0.03238036193456455,1.7910000000000015,0.15,0.03237204247206121,0.7
3.9041071365194115,1.0906459768313899,0.7,472.75190329547985,4.171854020305072,1.7920000000000016,0.03238036201011213,1.7920000000000016,0.15,0.03237204247206121,0.7
3.904245578144126,1.0918137705677757,0.7,473.04358929148304,4.171488229759961,1.7930000000000015,0.03238036208565972,1.7930000000000015,0.15,0.03237204247206121,0.7
3.904383830376895,1.0929819324966494,0.7,473.33586908989827,4.171121313446912,1.7940000000000016,0.0323803621612073,1.7940000000000016,0.15,0.03237204247206121,0.7
3.9045218923328178,1.0941504643383304,0.7,473.6287454651711,4.170753266105958,1.7950000000000015,0.03238036223675488,1.7950000000000015,0.15,0.03237204247206121,0.7
3.9046597631214683,1.0953193678238726,0.7,473.92222120905865,4.17038408244431,1.7960000000000014,0.032380362312302464,1.7960000000000016,0.15,0.03237204247206121,0.7
3.9047974418468585,1.0964886446951476,0.7,474.2162991307642,4.170013757136105,1.7970000000000015,0.03238036238785005,1.7970000000000015,0.15,0.03237204247206121,0.7
3.9049349276073917,1.0976582967049298,0.7,474.5109820570739,4.169642284822142,1.7980000000000016,0.032380362463397636,1.7980000000000016,0.15,0.03237204247206121,0.7
3.9050722194958167,1.0988283256169802,0.7,474.8062728324946,4.169269660109627,1.7990000000000015,0.03238036253894522,1.7990000000000015,0.15,0.03237204247206121,0.7
3.9052093165991897,1.0999987332061358,0.7,475.1021743193929,4.168895877571907,1.8000000000000016,0.0323803626144928,1.8000000000000016,0.15,0.03237204247206121,0.7
3.905334608981821,1.1010886482656501,0.7,475.30665707333753,4.168541943622744,1.8010000000000013,0.03238036257710699,1.8010000000000015,0.15,0.03237204247206121,0.7
3.905459774339968,1.1021788728891704,0.7,475.5116464408498,4.168187191999506,1.8020000000000018,0.032380362539721166,1.8020000000000016,0.15,0.03237204247206121,0.7
3.9055848121598413,1.103269408328824,0.7,475.7171444710859,4.167831619394859,1.8030000000000015,0.032380362502335364,1.8030000000000015,0.15,0.03237204247206121,0.7
3.9057097219248766,1.1043602558435026,0.7,475.92315322426873,4.167475222483602,1.8040000000000016,0.03238036246494955,1.8040000000000016,0.15,0.03237204247206121,0.7
3.9058345031157145,1.105451416698902,0.7,476.1296747717617,4.167117997922556,1.8050000000000013,0.03238036242756372,1.8050000000000015,0.15,0.03237204247206121,0.7
3.9059590879670836,1.1065430975426729,0.7,476.3369574203216,4.166759467930595,1.8060000000000014,0.032380362390177914,1.8060000000000016,0.15,0.03237204247206121,0.7
3.9060833446125263,1.1076356864405514,0.7,476.5454739054435,4.16639871684701,1.8070000000000017,0.0323803623527921,1.8070000000000015,0.15,0.03237204247206121,0.7
3.906207466206248,1.1087285845468202,0.7,476.7545109806234,4.166037116349944,1.8080000000000016,0.03238036231540629,1.8080000000000016,0.15,0.03237204247206121,0.7
3.9063314521845895,1.1098217931520102,0.7,476.9640708186297,4.16567466289423,1.8090000000000015,0.03238036227802047,1.8090000000000015,0.15,0.03237204247206121,0.7
3.906455301980749,1.1109153135538465,0.7,477.1741556043385,4.165311352914946,1.8100000000000018,0.032380362240634654,1.8100000000000016,0.15,0.03237204247206121,0.7
3.906579015024762,1.1120091470572935,0.7,477.3847675348185,4.164947182827276,1.8110000000000015,0.03238036220324884,1.8110000000000015,0.15,0.03237204247206121,0.7
3.9067025907434783,1.1131032949746096,0.7,477.59590881941597,4.1645821490263675,1.8120000000000018,0.03238036216586303,1.8120000000000016,0.15,0.03237204247206121,0.7
3.9068260285605403,1.1141977586253962,0.7,477.8075816798411,4.164216247887203,1.8130000000000013,0.03238036212847721,1.8130000000000015,0.15,0.03237204247206121,0.7
3.9069493278963634,1.1152925393366493,0.7,478.01978835025403,4.163849475764445,1.8140000000000016,0.032380362091091394,1.8140000000000016,0.15,0.03237204247206121,0.7
3.907072488168106,1.1163876384428124,0.7,478.2325310773521,4.1634818289923,1.8150000000000013,0.03238036205370558,1.8150000000000015,0.15,0.03237204247206121,0.7
3.907195508789654,1.1174830572858272,0.7,478.44581212045887,4.163113303884375,1.8160000000000016,0.03238036201631976,1.8160000000000016,0.15,0.03237204247206121,0.7
3.9073183891715946,1.1185787972151873,0.7,478.6596337516117,4.162743896733531,1.8170000000000015,0.03238036197893395,1.8170000000000015,0.15,0.03237204247206121,0.7
3.9074411287211936,1.1196748595879924,0.7,478.8739982556522,4.162373603811739,1.8180000000000016,0.032380361941548134,1.8180000000000016,0.15,0.03237204247206121,0.7
3.90756372684237,1.120771245768999,0.7,479.0889079303161,4.162002421369931,1.8190000000000015,0.032380361904162325,1.8190000000000015,0.15,0.03237204247206121,0.7
3.907686182935677,1.121867957130678,0.7,479.30436508632465,4.161630345637852,1.8200000000000016,0.03238036186677651,1.8200000000000016,0.15,0.03237204247206121,0.7
3.907808496398272,1.1229649950532665,0.7,479.5203720474762,4.161257372823908,1.8210000000000017,0.03238036182939069,1.8210000000000015,0.15,0.03237204247206121,0.7
3.9079306666238987,1.124062360924825,0.7,479.736931150739,4.160883499115015,1.8220000000000018,0.03238036179200488,1.8220000000000016,0.15,0.03237204247206121,0.7
3.9080526930028587,1.1251600561412907,0.7,479.9540447463445,4.160508720676455,1.8230000000000015,0.03238036175461906,1.8230000000000015,0.15,0.03237204247206121,0.7
3.908174574921988,1.1262580821065353,0.7,480.1717151978819,4.160133033651707,1.8240000000000016,0.03238036171723325,1.8240000000000016,0.15,0.03237204247206121,0.7
3.9082963117646345,1.1273564402324208,0.7,480.3899448823926,4.159756434162308,1.8250000000000013,0.03238036167984743,1.8250000000000015,0.15,0.03237204247206121,0.7
3.90841790291063,1.128455131938856,0.7,480.6087361904669,4.1593789183076835,1.8260000000000016,0.032380361642461615,1.8260000000000016,0.15,0.03237204247206121,0.7
3.908539347736265,1.1295541586538542,0.7,480.82809152633956,4.159000482164996,1.8270000000000015,0.032380361605075805,1.8270000000000015,0.15,0.03237204247206121,0.7
3.9086606456142694,1.130653521813592,0.7,481.0480133079883,4.158621121788987,1.8280000000000016,0.03238036156768999,1.8280000000000016,0.15,0.03237204247206121,0.7
3.908781172643109,1.1317535980366717,0.7,481.2694203595505,4.158237964231712,1.8290000000000015,0.03238036153030417,1.8290000000000015,0.15,0.03237204247206121,0.7
3.9089014572647325,1.13285406953668,0.7,481.49153649379986,4.157853441658333,1.8300000000000014,0.032380361492918355,1.8300000000000016,0.15,0.03237204247206121,0.7
3.909021590479965,1.133954882552024,0.7,481.7142293731436,4.157467971939868,1.8310000000000017,0.03238036145553254,1.8310000000000015,0.15,0.03237204247206121,0.7
3.909141571639342,1.1350560385476547,0.7,481.9375014715634,4.157081551013484,1.8320000000000014,0.032380361418146736,1.8320000000000016,0.15,0.03237204247206121,0.7
3.9092614000896764,1.1361575389969116,0.7,482.16135527721036,4.1566941747930795,1.8330000000000017,0.03238036138076091,1.8330000000000015,0.15,0.03237204247206121,0.7
3.9093810751740343,1.137259385381586,0.7,482.3857932925076,4.156305839169112,1.8340000000000016,0.0323803613433751,1.8340000000000016,0.15,0.03237204247206121,0.7
3.90950059623171,1.1383615791919806,0.7,482.61081803425185,4.155916540008434,1.8350000000000013,0.032380361305989286,1.8350000000000015,0.15,0.03237204247206121,0.7
3.9096199625981978,1.1394641219269712,0.7,482.8364320337177,4.155526273154126,1.8360000000000019,0.03238036126860347,1.8360000000000016,0.15,0.03237204247206121,0.7
3.909739173605161,1.1405670150940668,0.7,483.06263783676104,4.155135034425319,1.8370000000000015,0.03238036123121765,1.8370000000000015,0.15,0.03237204247206121,0.7
3.9098582285804095,1.1416702602094746,0.7,483.2894380039247,4.154742819617027,1.8380000000000019,0.03238036119383184,1.8380000000000016,0.15,0.03237204247206121,0.7
3.909977126847871,1.14277385879816,0.7,483.51683511054426,4.154349624499969,1.8390000000000013,0.032380361156446026,1.8390000000000015,0.15,0.03237204247206121,0.7
3.910095867727558,1.143877812393912,0.7,483.74483174685525,4.153955444820396,1.8400000000000016,0.03238036111906021,1.8400000000000016,0.15,0.03237204247206121,0.7
3.910214450535547,1.144982122539406,0.7,483.97343051810094,4.153560276299915,1.8410000000000017,0.03238036108167439,1.8410000000000015,0.15,0.03237204247206121,0.7
3.910332874583943,1.146086790786269,0.7,484.2026340446412,4.153164114635304,1.8420000000000014,0.032380361044288576,1.8420000000000016,0.15,0.03237204247206121,0.7
3.9104511391808567,1.147191818695143,0.7,484.4324449620621,4.15276695549834,1.8430000000000015,0.032380361006902766,1.8430000000000015,0.15,0.03237204247206121,0.7
3.9105692436303703,1.1482972078357538,0.7,484.6628659212873,4.152368794535608,1.8440000000000019,0.03238036096951695,1.8440000000000016,0.15,0.03237204247206121,0.7
3.910687187232511,1.1494029597869733,0.7,484.89389958868884,4.151969627368328,1.8450000000000013,0.03238036093213113,1.8450000000000015,0.15,0.03237204247206121,0.7
3.9108049692832223,1.1505090761368895,0.7,485.12554864620074,4.151569449592161,1.8460000000000016,0.032380360894745316,1.8460000000000016,0.15,0.03237204247206121,0.7
3.9109225890743287,1.1516155584828702,0.7,485.3578157914321,4.151168256777026,1.8470000000000015,0.0323803608573595,1.8470000000000015,0.15,0.03237204247206121,0.7
3.9110400458935146,1.1527224084316359,0.7,485.590703737782,4.150766044466911,1.8480000000000016,0.0323803608199737,1.8480000000000016,0.15,0.03237204247206121,0.7
3.911157328628106,1.153830086021375,0.7,485.8245766741587,4.150362308320127,1.8490000000000015,0.03238036078258787,1.8490000000000015,0.15,0.03237204247206121,0.7
3.911274390662699,1.154939961730016,0.7,486.0605532625289,4.149955491862817,1.8500000000000016,0.032380360745202064,1.8500000000000016,0.15,0.03237204247206121,0.7
3.9113912651275795,1.156050098281573,0.7,486.2971323767548,4.149547664287189,1.8510000000000018,0.03238036070781625,1.8510000000000015,0.15,0.03237204247206121,0.7
3.9115079511537894,1.1571604968844602,0.7,486.53431680817346,4.149138820909011,1.8520000000000016,0.03238036067043043,1.8520000000000016,0.15,0.03237204247206121,0.7
3.911624447866992,1.1582711587545669,0.7,486.7721093653903,4.148728957015067,1.8530000000000015,0.032380360633044614,1.8530000000000015,0.15,0.03237204247206121,0.7
3.9117407543874356,1.1593820851153167,0.7,487.0105128744133,4.148318067862943,1.8540000000000014,0.0323803605956588,1.8540000000000016,0.15,0.03237204247206121,0.7
3.9118568698299097,1.1604932771977245,0.7,487.2495301787877,4.147906148680793,1.8550000000000015,0.03238036055827299,1.8550000000000015,0.15,0.03237204247206121,0.7
3.911972793303699,1.1616047362404576,0.7,487.48916413973257,4.147493194667112,1.8560000000000016,0.03238036052088717,1.8560000000000016,0.15,0.03237204247206121,0.7
3.912088523912547,1.162716463489893,0.7,487.7294176362781,4.147079200990505,1.8570000000000015,0.032380360483501354,1.8570000000000015,0.15,0.03237204247206121,0.7
3.9122040607546054,1.1638284602001794,0.7,487.9702935654043,4.146664162789454,1.8580000000000019,0.03238036044611554,1.8580000000000017,0.15,0.03237204247206121,0.7
3.9123194029223964,1.1649407276332957,0.7,488.2117948421814,4.146248075172085,1.8590000000000013,0.03238036040872973,1.8590000000000015,0.15,0.03237204247206121,0.7
3.9124345495027684,1.1660532670591155,0.7,488.4539243999114,4.1458309332159295,1.8600000000000017,0.03238036037134391,1.8600000000000017,0.15,0.03237204247206121,0.7
3.912549499576847,1.1671660797554648,0.7,488.69668519027016,4.145412731967684,1.8610000000000015,0.032380360333958094,1.8610000000000015,0.15,0.03237204247206121,0.7
3.9126642522199924,1.168279167008188,0.7,488.9400801834521,4.1449934664429655,1.8620000000000017,0.03238036029657228,1.8620000000000017,0.15,0.03237204247206121,0.7
3.9127788065017577,1.1693925301112087,0.7,489.1841123683156,4.144573131626076,1.8630000000000015,0.03238036025918646,1.8630000000000015,0.15,0.03237204247206121,0.7
3.9128931614858384,1.170506170366594,0.7,489.42878475252945,4.144151722469745,1.8640000000000017,0.03238036022180065,1.8640000000000017,0.15,0.03237204247206121,0.7
3.913007316230028,1.1716200890846187,0.7,489.6741003627214,4.143729233894892,1.8650000000000015,0.032380360184414834,1.8650000000000015,0.15,0.03237204247206121,0.7
3.913121269786171,1.1727342875838298,0.7,489.92006224462796,4.143305660790369,1.8660000000000014,0.032380360147029025,1.8660000000000017,0.15,0.03237204247206121,0.7
3.913235021200117,1.1738487671911124,0.7,490.1666734632447,4.142880998012703,1.8670000000000015,0.03238036010964321,1.8670000000000015,0.15,0.03237204247206121,0.7
3.9133485695116734,1.174963529241755,0.7,490.41393710297973,4.14245524038585,1.8680000000000019,0.03238036007225739,1.8680000000000017,0.15,0.03237204247206121,0.7
3.913460706659025,1.1760778194908725,0.7,490.663777201589,4.142024309764229,1.8690000000000018,0.03238036003487158,1.8690000000000015,0.15,0.03237204247206121,0.7
3.9135725029746418,1.1771924268591079,0.7,490.9144907767847,4.1415916986974635,1.8700000000000017,0.032380359997485765,1.8700000000000017,0.15,0.03237204247206121,0.7
3.9136841291158193,1.1783074680199408,0.7,491.16580752881447,4.141157973162536,1.8710000000000016,0.03238035996009995,1.8710000000000016,0.15,0.03237204247206121,0.7
3.913795584386429,1.1794229447478748,0.7,491.41772992507646,4.1407231286005235,1.8720000000000014,0.03238035992271414,1.8720000000000017,0.15,0.03237204247206121,0.7
3.913906868086542,1.1805388588271035,0.7,491.67026044644444,4.140287160427606,1.8730000000000016,0.03238035988532832,1.8730000000000016,0.15,0.03237204247206121,0.7
3.9140179795124004,1.18165521205158,0.7,491.92340158736084,4.13985006403489,1.8740000000000017,0.032380359847942505,1.8740000000000017,0.15,0.03237204247206121,0.7
3.9141289179563916,1.1827720062250808,0.7,492.17715585592896,4.139411834788246,1.8750000000000016,0.03238035981055669,1.8750000000000016,0.15,0.03237204247206121,0.7
3.914239682707025,1.1838892431612769,0.7,492.4315257740071,4.138972468028124,1.8760000000000017,0.03238035977317087,1.8760000000000017,0.15,0.03237204247206121,0.7
3.914350273048898,1.1850069246837962,0.7,492.6865138773025,4.138531959069389,1.8770000000000018,0.032380359735785055,1.8770000000000016,0.15,0.03237204247206121,0.7
3.914460688262678,1.1861250526262976,0.7,492.9421227154672,4.1380903032011425,1.878000000000002,0.032380359698399246,1.8780000000000017,0.15,0.03237204247206121,0.7
3.914570927625071,1.1872436288325368,0.7,493.1983548521931,4.137647495686542,1.8790000000000016,0.03238035966101343,1.8790000000000016,0.15,0.03237204247206121,0.7
3.9146809904087907,1.1883626551564366,0.7,493.4552128653099,4.137203531762624,1.8800000000000017,0.03238035962362761,1.8800000000000017,0.15,0.03237204247206121,0.7
3.9147908758825403,1.1894821334621568,0.7,493.7126993468813,4.1367584066401255,1.8810000000000016,0.032380359586241796,1.8810000000000016,0.15,0.03237204247206121,0.7
3.914900583310975,1.190602065624166,0.7,493.9708169033051,4.1363121155033005,1.882000000000002,0.032380359548855986,1.8820000000000017,0.15,0.03237204247206121,0.7
3.9150101119546785,1.1917224535273119,0.7,494.2295681554105,4.135864653509734,1.8830000000000016,0.03238035951147017,1.8830000000000016,0.15,0.03237204247206121,0.7
3.9151194610701365,1.1928432990668938,0.7,494.4889557385599,4.135416015790166,1.8840000000000017,0.03238035947408435,1.8840000000000017,0.15,0.03237204247206121,0.7
3.9152286299097048,1.1939646041487344,0.7,494.74898230274823,4.134966197448292,1.8850000000000016,0.032380359436698536,1.8850000000000016,0.15,0.03237204247206121,0.7
3.9153375850690493,1.1950863910398477,0.7,495.00969561864315,4.134515042572162,1.8860000000000017,0.032380359399312726,1.8860000000000017,0.15,0.03237204247206121,0.7
3.915445523448726,1.196209154711966,0.7,495.27220214915627,4.134058843097359,1.8870000000000018,0.03238035936192691,1.8870000000000016,0.15,0.03237204247206121,0.7
3.915553269590777,1.1973323762273858,0.7,495.5353603005748,4.133601416816442,1.8880000000000015,0.03238035932454109,1.8880000000000017,0.15,0.03237204247206121,0.7
3.915660822663277,1.198456057567462,0.7,495.7991728928424,4.133142758420308,1.8890000000000016,0.03238035928715528,1.8890000000000016,0.15,0.03237204247206121,0.7
3.915768181829495,1.1995802007249994,0.7,496.0636427621981,4.1326828625691725,1.8900000000000017,0.032380359249769466,1.8900000000000017,0.15,0.03237204247206121,0.7
3.9158753462478577,1.2007048077043336,0.7,496.32877276129346,4.132221723892351,1.8910000000000016,0.03238035921238365,1.8910000000000016,0.15,0.03237204247206121,0.7
3.915982315071914,1.201829880521417,0.7,496.5945657593115,4.131759336988033,1.892000000000002,0.03238035917499784,1.8920000000000017,0.15,0.03237204247206121,0.7
3.9160890874503,1.2029554212039004,0.7,496.86102464208705,4.13129569642306,1.8930000000000013,0.032380359137612016,1.8930000000000016,0.15,0.03237204247206121,0.7
3.9161956625267056,1.2040814317912214,0.7,497.1281523122276,4.130830796732698,1.8940000000000017,0.03238035910022621,1.8940000000000017,0.15,0.03237204247206121,0.7
3.9163020394398353,1.2052079143346852,0.7,497.39595168923495,4.1303646324204015,1.8950000000000016,0.03238035906284039,1.8950000000000016,0.15,0.03237204247206121,0.7
3.9164082173233723,1.2063348708975568,0.7,497.6644257096288,4.129897197957586,1.8960000000000017,0.03238035902545458,1.8960000000000017,0.15,0.03237204247206121,0.7
3.9165141953059437,1.2074623035551435,0.7,497.93357732707074,4.129428487783399,1.8970000000000016,0.03238035898806876,1.8970000000000016,0.15,0.03237204247206121,0.7
3.916619972511083,1.2085902143948866,0.7,498.20340951248926,4.128958496304474,1.8980000000000015,0.03238035895068295,1.8980000000000017,0.15,0.03237204247206121,0.7
3.916725548057192,1.2097186055164466,0.7,498.47392525420656,4.1284872178946985,1.8990000000000016,0.03238035891329714,1.8990000000000016,0.15,0.03237204247206121,0.7
3.916830921057502,1.2108474790317962,0.7,498.7451275580657,4.128014646894975,1.9000000000000017,0.03238035887591132,1.9000000000000017,0.15,0.03237204247206121,0.7
3.916935936100197,1.2118967604827402,0.7,498.96355341216685,4.1276081888628005,1.9010000000000016,0.03238035879997576,1.9010000000000016,0.15,0.03237204247206121,0.7
3.9170403982281075,1.2129468746989092,0.7,499.18343702817987,4.127198686821971,1.9020000000000017,0.032380358724040194,1.9020000000000017,0.15,0.03237204247206121,0.7
3.9171437616937883,1.2139983039430473,0.7,499.4056829581006,4.12678347617085,1.9030000000000014,0.03238035864810463,1.9030000000000016,0.15,0.03237204247206121,0.7
3.917246964889081,1.215050474167694,0.7,499.6289040629164,4.126366883456347,1.9040000000000017,0.03238035857216907,1.9040000000000017,0.15,0.03237204247206121,0.7
3.917350007373585,1.2161033874089455,0.7,499.8531030222534,4.125948904880772,1.9050000000000016,0.03238035849623351,1.9050000000000016,0.15,0.03237204247206121,0.7
3.9174528887052906,1.2171570457103664,0.7,500.07828252556465,4.125529536632507,1.9060000000000017,0.03238035842029794,1.9060000000000017,0.15,0.03237204247206121,0.7
3.917555608440561,1.2182114511230206,0.7,500.3044452721745,4.125108774885941,1.9070000000000016,0.032380358344362384,1.9070000000000016,0.15,0.03237204247206121,0.7
3.917658166134131,1.2192666057055093,0.7,500.5315939713248,4.124686615801412,1.9080000000000017,0.03238035826842682,1.9080000000000017,0.15,0.03237204247206121,0.7
3.9177605613390996,1.2203225115240017,0.7,500.7597313422195,4.124263055525138,1.909000000000002,0.032380358192491264,1.9090000000000016,0.15,0.03237204247206121,0.7
3.917862793606918,1.2213791706522732,0.7,500.9888601140712,4.123838090189149,1.9100000000000017,0.0323803581165557,1.9100000000000017,0.15,0.03237204247206121,0.7
3.9179648624873877,1.222436585171739,0.7,501.2189830261471,4.12341171591123,1.9110000000000016,0.03238035804062014,1.9110000000000016,0.15,0.03237204247206121,0.7
3.9180667381467904,1.2234950976830796,0.7,501.45037870567955,4.122983470664642,1.9120000000000017,0.032380357964684574,1.9120000000000017,0.15,0.03237204247206121,0.7
3.918167814501263,1.2245609702951512,0.7,501.68823107332213,4.1225446662791185,1.9130000000000016,0.03238035788874901,1.9130000000000016,0.15,0.03237204247206121,0.7
3.918268633985367,1.2256272197864833,0.7,501.9269835924192,4.122104457539592,1.9140000000000021,0.03238035781281345,1.9140000000000017,0.15,0.03237204247206121,0.7
3.9183691957051305,1.2266938474687112,0.7,502.1666393957272,4.12166283955855,1.9150000000000016,0.03238035773687789,1.9150000000000016,0.15,0.03237204247206121,0.7
3.9184694987624242,1.2277608546595644,0.7,502.40720163055596,4.121219807425779,1.9160000000000017,0.03238035766094233,1.9160000000000017,0.15,0.03237204247206121,0.7
3.9185695422549447,1.2288282426829014,0.7,502.6486734588542,4.1207753562082265,1.9170000000000016,0.032380357585006764,1.9170000000000016,0.15,0.03237204247206121,0.7
3.9186693252761855,1.2298960128687444,0.7,502.89105805729446,4.1203294809498665,1.918000000000002,0.0323803575090712,1.9180000000000017,0.15,0.03237204247206121,0.7
3.9187688469154125,1.230964166553317,0.7,503.1343586173586,4.1198821766715685,1.9190000000000016,0.032380357433135644,1.9190000000000016,0.15,0.03237204247206121,0.7
3.9188681062576447,1.2320327050790794,0.7,503.37857834542467,4.119433438370967,1.920000000000002,0.03238035735720008,1.9200000000000017,0.15,0.03237204247206121,0.7
3.9189671023836214,1.2331016297947643,0.7,503.62372046285344,4.118983261022315,1.9210000000000016,0.03238035728126452,1.9210000000000016,0.15,0.03237204247206121,0.7
3.919065165735527,1.2341695675198485,0.7,503.87104906629395,4.118530339727388,1.9220000000000015,0.03238035720532896,1.9220000000000017,0.15,0.03237204247206121,0.7
3.9191597564071765,1.2352313663477892,0.7,504.1253685011941,4.118069667345013,1.923000000000002,0.0323803571293934,1.9230000000000016,0.15,0.03237204247206121,0.7
3.9192541475613596,1.2362938049380525,0.7,504.38051721401297,4.117607557118744,1.9240000000000017,0.032380357053457834,1.9240000000000017,0.15,0.03237204247206121,0.7
3.919348338642861,1.2373568850709664,0.7,504.63649751246174,4.117144005047356,1.9250000000000016,0.03238035697752228,1.9250000000000016,0.15,0.03237204247206121,0.7
3.919442329094402,1.2384206085334717,0.7,504.8933117128224,4.1166790071147625,1.9260000000000017,0.03238035690158671,1.9260000000000017,0.15,0.03237204247206121,0.7
3.919536118356632,1.2394849771191496,0.7,505.1509621399869,4.116212559289948,1.9270000000000014,0.03238035682565115,1.9270000000000016,0.15,0.03237204247206121,0.7
3.9196297058681195,1.240549992628257,0.7,505.4094511274977,4.115744657526898,1.928000000000002,0.03238035674971559,1.9280000000000017,0.15,0.03237204247206121,0.7
3.919723091065344,1.2416156568677539,0.7,505.66878101758755,4.1152752977645335,1.9290000000000016,0.032380356673780024,1.9290000000000016,0.15,0.03237204247206121,0.7
3.919816273382681,1.2426819716513364,0.7,505.92895416122076,4.114804475926631,1.9300000000000013,0.03238035659784446,1.9300000000000017,0.15,0.03237204247206121,0.7
3.9199092522523995,1.2437489387994687,0.7,506.1899729181332,4.1143321879217645,1.9310000000000016,0.032380356521908904,1.9310000000000016,0.15,0.03237204247206121,0.7
3.9200010274241266,1.2448175760916715,0.7,506.4534082826512,4.113853415487005,1.9320000000000013,0.032380356445973334,1.9320000000000017,0.15,0.03237204247206121,0.7
3.9200923080194534,1.2458871290665414,0.7,506.7181248411799,4.113371749267321,1.9330000000000014,0.03238035637003778,1.9330000000000016,0.15,0.03237204247206121,0.7
3.92018336358303,1.2469573208240579,0.7,506.9836982552233,4.112888544209287,1.9340000000000015,0.032380356294102214,1.9340000000000017,0.15,0.03237204247206121,0.7
3.9202741934361,1.2480281532909656,0.7,507.25013110929507,4.112403795671343,1.9350000000000016,0.03238035621816665,1.9350000000000016,0.15,0.03237204247206121,0.7
3.9203647968971698,1.249099628401767,0.7,507.51742599831346,4.111917498993235,1.9360000000000017,0.03238035614223109,1.9360000000000017,0.15,0.03237204247206121,0.7
3.9204551732820048,1.2501717480987595,0.7,507.7855855276536,4.11142964949594,1.9370000000000018,0.03238035606629553,1.9370000000000016,0.15,0.03237204247206121,0.7
3.9205453219036057,1.2512445143320763,0.7,508.05461231320044,4.1109402424815515,1.9380000000000017,0.03238035599035997,1.9380000000000017,0.15,0.03237204247206121,0.7
3.920635242072205,1.252317929059724,0.7,508.3245089814019,4.110449273233198,1.9390000000000016,0.03238035591442441,1.9390000000000016,0.15,0.03237204247206121,0.7
3.92072493309524,1.2533919942476244,0.7,508.5952781693218,4.109956737014939,1.9400000000000017,0.03238035583848885,1.9400000000000017,0.15,0.03237204247206121,0.7
3.9208134183934056,1.2544671270800014,0.7,508.8684541596852,4.109458309720233,1.9410000000000014,0.032380355762553284,1.9410000000000016,0.15,0.03237204247206121,0.7
3.9209012469794637,1.2555431021807038,0.7,509.1431964203209,4.108956413002931,1.9420000000000017,0.03238035568661772,1.9420000000000017,0.15,0.03237204247206121,0.7
3.920988854008837,1.2566197372079277,0.7,509.41882708365205,4.108452970075867,1.9430000000000018,0.032380355610682164,1.9430000000000016,0.15,0.03237204247206121,0.7
3.921076238849549,1.257697034044073,0.7,509.69534868379174,4.10794797652858,1.944000000000002,0.032380355534746594,1.9440000000000017,0.15,0.03237204247206121,0.7
3.921163400867217,1.2587749945787037,0.7,509.97276376449986,4.107441427933809,1.9450000000000016,0.03238035545881104,1.9450000000000016,0.15,0.03237204247206121,0.7
3.921250339425042,1.2598536207085862,0.7,510.2510748792297,4.10693331984743,1.9460000000000017,0.032380355382875474,1.9460000000000017,0.15,0.03237204247206121,0.7
3.9213370538837955,1.2609329143377197,0.7,510.5302845911732,4.1064236478083656,1.9470000000000018,0.03238035530693991,1.9470000000000016,0.15,0.03237204247206121,0.7
3.9214235436018083,1.262012877377373,0.7,510.8103954733085,4.105912407338507,1.9480000000000017,0.032380355231004354,1.9480000000000017,0.15,0.03237204247206121,0.7
3.921509807934959,1.2630935117461188,0.7,511.0914101084459,4.105399593942633,1.9490000000000014,0.03238035515506879,1.9490000000000016,0.15,0.03237204247206121,0.7
3.9215949554870497,1.2641789293162036,0.7,511.3750705589761,4.104877531309207,1.9500000000000017,0.03238035507913323,1.9500000000000017,0.15,0.03237204247206121,0.7
3.9216797184170646,1.2652654393953215,0.7,511.6598817589471,4.104352837850092,1.9510000000000016,0.032380355003197664,1.9510000000000016,0.15,0.03237204247206121,0.7
3.921764214652239,1.2663524758814781,0.7,511.94561042339154,4.103826551225214,1.9520000000000017,0.0323803549272621,1.9520000000000017,0.15,0.03237204247206121,0.7
3.9218484433538565,1.2674400404301467,0.7,512.2322594376009,4.1032986664243,1.9530000000000018,0.03238035485132654,1.9530000000000016,0.15,0.03237204247206121,0.7
3.9219324036796803,1.2685281347037487,0.7,512.5198316989778,4.102769178416048,1.9540000000000017,0.03238035477539098,1.9540000000000017,0.15,0.03237204247206121,0.7
3.922016094783935,1.2696167603716915,0.7,512.8083301170996,4.10223808214801,1.9550000000000016,0.03238035469945542,1.9550000000000016,0.15,0.03237204247206121,0.7
3.922099515817287,1.2707059191104053,0.7,513.0977576137823,4.1017053725464905,1.9560000000000017,0.032380354623519854,1.9560000000000017,0.15,0.03237204247206121,0.7
3.922182665926826,1.2717956126033785,0.7,513.3881171231453,4.101171044516427,1.9570000000000016,0.03238035454758429,1.9570000000000016,0.15,0.03237204247206121,0.7
3.9222644379497855,1.2728843758820303,0.7,513.6801419632005,4.100632133864484,1.9580000000000017,0.032380354471648734,1.9580000000000017,0.15,0.03237204247206121,0.7
3.9223438064862752,1.2739709492242628,0.7,513.9745520481354,4.100085798150039,1.9590000000000016,0.03238035439571317,1.9590000000000016,0.15,0.03237204247206121,0.7
3.92242296961482,1.2750582973343028,0.7,514.2699184474575,4.099537865953541,1.9600000000000017,0.03238035431977761,1.9600000000000017,0.15,0.03237204247206121,0.7
3.922501926828385,1.2761464221246126,0.7,514.5662435217657,4.098988333334178,1.9610000000000016,0.032380354243842044,1.9610000000000016,0.15,0.03237204247206121,0.7
3.9225806776182637,1.277235325513956,0.7,514.8635296394349,4.0984371963381605,1.9620000000000017,0.03238035416790649,1.9620000000000017,0.15,0.03237204247206121,0.7
3.9226592214740723,1.2783250094274206,0.7,515.1617791766477,4.097884450998659,1.9630000000000014,0.03238035409197092,1.9630000000000016,0.15,0.03237204247206121,0.7
3.9227375578837447,1.279415475796447,0.7,515.4609945174266,4.097330093335764,1.9640000000000017,0.03238035401603536,1.9640000000000017,0.15,0.03237204247206121,0.7
3.9228156863335215,1.2805067265588532,0.7,515.7611780536663,4.096774119356417,1.9650000000000019,0.0323803539400998,1.9650000000000016,0.15,0.03237204247206121,0.7
3.9228933855859336,1.2815989128279368,0.7,516.0626281279215,4.096215492918604,1.9660000000000017,0.03238035386416424,1.9660000000000017,0.15,0.03237204247206121,0.7
3.9229694843633625,1.282692809088191,0.7,516.3669089413582,4.095648754092505,1.9670000000000016,0.03238035378822867,1.9670000000000016,0.15,0.03237204247206121,0.7
3.9230453580007114,1.2837874732874028,0.7,516.6721721761626,4.095080346822542,1.9680000000000017,0.032380353712293114,1.9680000000000017,0.15,0.03237204247206121,0.7
3.9231210059116997,1.284882907425345,0.7,516.9784203906348,4.094510266763962,1.9690000000000014,0.03238035363635755,1.9690000000000016,0.15,0.03237204247206121,0.7
3.9231964275080067,1.2859791135087382,0.7,517.2856561519659,4.093938509556908,1.9700000000000017,0.032380353560421994,1.9700000000000017,0.15,0.03237204247206121,0.7
3.923271622199267,1.2870760935512833,0.7,517.5938820362758,4.093365070826364,1.9710000000000016,0.032380353484486424,1.9710000000000016,0.15,0.03237204247206121,0.7
3.9233465893930597,1.2881738495736912,0.7,517.903100628652,4.092789946182079,1.9720000000000018,0.03238035340855087,1.9720000000000018,0.15,0.03237204247206121,0.7
3.9234213284948996,1.2892723836037137,0.7,518.2133145231896,4.09221313121851,1.9730000000000016,0.0323803533326153,1.9730000000000016,0.15,0.03237204247206121,0.7
3.923495682993007,1.290372783604848,0.7,518.5257998736315,4.091632912121836,1.9740000000000018,0.03238035325667975,1.9740000000000018,0.15,0.03237204247206121,0.7
3.92356904081829,1.291479502530999,0.7,518.8457537666712,4.091042388416687,1.9750000000000016,0.032380353180744184,1.9750000000000016,0.15,0.03237204247206121,0.7
3.9236421908048706,1.2925871820328179,0.7,519.1668740135652,4.0904500727815405,1.9760000000000018,0.03238035310480862,1.9760000000000018,0.15,0.03237204247206121,0.7
3.9237151324307704,1.2936958245227468,0.7,519.4891635435595,4.089855960716045,1.9770000000000016,0.03238035302887306,1.9770000000000016,0.15,0.03237204247206121,0.7
3.923787865172264,1.2948054324213156,0.7,519.8126252957177,4.089260047704764,1.9780000000000018,0.032380352952937494,1.9780000000000018,0.15,0.03237204247206121,0.7
3.9238603885038663,1.2959160081571712,0.7,520.1372622189614,4.088662329217116,1.9790000000000016,0.03238035287700193,1.9790000000000016,0.15,0.03237204247206121,0.7
3.9239327018983285,1.2970275541671143,0.7,520.4630772721122,4.08806280070731,1.9800000000000018,0.032380352801066374,1.9800000000000018,0.15,0.03237204247206121,0.7
3.9240048048266334,1.2981400728961325,0.7,520.7900734239323,4.087461457614283,1.9810000000000016,0.032380352725130804,1.9810000000000016,0.15,0.03237204247206121,0.7
3.9240747795728828,1.2992503666597304,0.7,521.1212956234335,4.086853828177983,1.9820000000000018,0.032380352649195254,1.9820000000000018,0.15,0.03237204247206121,0.7
3.924141657450101,1.3003567779912348,0.7,521.458304415987,4.08623769585262,1.9830000000000017,0.032380352573259684,1.9830000000000017,0.15,0.03237204247206121,0.7
3.9242082355877232,1.30146396112553,0.7,521.7966734052035,4.085619592858286,1.9840000000000018,0.03238035249732413,1.9840000000000018,0.15,0.03237204247206121,0.7
3.9242745130240135,1.3025719185389975,0.7,522.1364069553669,4.084999512871955,1.9850000000000017,0.032380352421388564,1.9850000000000017,0.15,0.03237204247206121,0.7
3.9243404887931197,1.3036806527186255,0.7,522.4775094494528,4.084377449543521,1.9860000000000018,0.032380352345453,1.9860000000000018,0.15,0.03237204247206121,0.7
3.924406161925045,1.3047901661620636,0.7,522.8199852892272,4.083753396495653,1.9870000000000017,0.03238035226951744,1.9870000000000017,0.15,0.03237204247206121,0.7
3.9244715314456333,1.305900461377682,0.7,523.1638388953481,4.08312734732365,1.9880000000000018,0.03238035219358188,1.9880000000000018,0.15,0.03237204247206121,0.7
3.92453659637654,1.307011540884627,0.7,523.5090747074664,4.082499295595293,1.9890000000000017,0.03238035211764631,1.9890000000000017,0.15,0.03237204247206121,0.7
3.924600006105696,1.3081250399888613,0.7,523.8586882652481,4.081862197281916,1.9900000000000018,0.032380352041710754,1.9900000000000018,0.15,0.03237204247206121,0.7
3.924663072746243,1.3092391777094097,0.7,524.2096166153929,4.081223087873592,1.9910000000000017,0.03238035196577519,1.9910000000000017,0.15,0.03237204247206121,0.7
3.9247258045014233,1.3103539441871042,0.7,524.5618428730817,4.080582010085314,1.9920000000000018,0.032380351889839634,1.9920000000000018,0.15,0.03237204247206121,0.7
3.9247882002571415,1.3114693415136889,0.7,524.9153713561846,4.079938957368689,1.9930000000000017,0.032380351813904064,1.9930000000000017,0.15,0.03237204247206121,0.7
3.9248502588943563,1.3125853717901992,0.7,525.270206401746,4.079293923146245,1.9940000000000018,0.03238035173796851,1.9940000000000018,0.15,0.03237204247206121,0.7
3.924911979289052,1.3137020371270078,0.7,525.6263523660907,4.078646900811269,1.9950000000000017,0.032380351662032944,1.9950000000000017,0.15,0.03237204247206121,0.7
3.924973360312208,1.3148193396438819,0.7,525.9838136249317,4.077997883727644,1.9960000000000018,0.03238035158609738,1.9960000000000018,0.15,0.03237204247206121,0.7
3.9250325906350794,1.3159374101808428,0.7,526.3446048026941,4.07733949818217,1.9970000000000017,0.032380351510161824,1.9970000000000017,0.15,0.03237204247206121,0.7
3.9250910534132597,1.3170563496115846,0.7,526.7071078799296,4.076677174188674,1.9980000000000018,0.03238035143422626,1.9980000000000018,0.15,0.03237204247206121,0.7
3.925149258746503,1.3181761477720013,0.7,527.0707482438527,4.076012961637239,1.9990000000000017,0.0323803513582907,1.9990000000000017,0.15,0.03237204247206121,0.7
3.9252072059838325,1.3192968068334852,0.7,527.435528770218,4.075346855752436,2.0000000000000018,0.032380351282355134,2.0000000000000018,0.15,0.03237204247206121,0.7
3.9252780698623413,1.3203327066784813,0.7,527.6822425401546,4.074806304563176,2.0010000000000017,0.032380351282355134,2.0010000000000017,0.15,0.03237204247206121,0.7
3.925348740872168,1.3213692440248375,0.7,527.929726426923,4.074264344381388,2.0020000000000016,0.03238035128235514,2.0020000000000016,0.15,0.03237204247206121,0.7
3.9254192183324212,1.3224064211231488,0.7,528.1779831492944,4.073720970232853,2.003000000000002,0.03238035128235514,2.003000000000002,0.15,0.03237204247206121,0.7
3.9254895015590003,1.3234442402346143,0.7,528.4270154388524,4.073176177119913,2.004000000000002,0.032380351282355134,2.004000000000002,0.15,0.03237204247206121,0.7
3.9255586457470097,1.3244831810137812,0.7,528.6782055559669,4.072625705959204,2.0050000000000017,0.032380351282355134,2.0050000000000017,0.15,0.03237204247206121,0.7
3.925627090991946,1.325523046968367,0.7,528.9310208603308,4.072071513720674,2.0060000000000016,0.032380351282355134,2.0060000000000016,0.15,0.03237204247206121,0.7
3.9256953510880597,1.3265635853839899,0.7,529.184735869279,4.07151590840921,2.007000000000002,0.032380351282355134,2.007000000000002,0.15,0.03237204247206121,0.7
3.925763425414073,1.3276047985171344,0.7,529.4393536018265,4.070958885283159,2.008000000000002,0.032380351282355134,2.008000000000002,0.15,0.03237204247206121,0.7
3.925831313345924,1.3286466886343928,0.7,529.6948770905105,4.070400439579626,2.009000000000002,0.03238035128235514,2.0090000000000017,0.15,0.03237204247206121,0.7
3.9258990142567525,1.3296892580125212,0.7,529.9513093814668,4.069840566514363,2.0100000000000016,0.032380351282355134,2.0100000000000016,0.15,0.03237204247206121,0.7
3.9259665275168856,1.330732508938496,0.7,530.2086535345056,4.069279261281639,2.011000000000002,0.032380351282355134,2.011000000000002,0.15,0.03237204247206121,0.7
3.92603385249382,1.3317764437095705,0.7,530.4669126231883,4.068716519054133,2.012000000000002,0.032380351282355134,2.012000000000002,0.15,0.03237204247206121,0.7
3.926100988552205,1.3328210646333365,0.7,530.7260897349054,4.0681523349827975,2.0130000000000017,0.03238035128235514,2.0130000000000017,0.15,0.03237204247206121,0.7
3.926166988501784,1.3338660954376729,0.7,530.987526109064,4.0675831969902365,2.0140000000000016,0.032380351282355134,2.0140000000000016,0.15,0.03237204247206121,0.7
3.926231691976779,1.334911427941435,0.7,531.2514389523914,4.067008571883153,2.015000000000002,0.032380351282355134,2.015000000000002,0.15,0.03237204247206121,0.7
3.9262961495624085,1.3359573510756189,0.7,531.5163413106279,4.066432372621258,2.016000000000002,0.032380351282355134,2.016000000000002,0.15,0.03237204247206121,0.7
3.9263603602850465,1.337003867178895,0.7,531.7822371018736,4.065854592971504,2.0170000000000017,0.032380351282355134,2.0170000000000017,0.15,0.03237204247206121,0.7
3.9264243231659166,1.3380509786022976,0.7,532.0491302649416,4.065275226667887,2.0180000000000016,0.032380351282355134,2.0180000000000016,0.15,0.03237204247206121,0.7
3.9264880372210635,1.3390986877093052,0.7,532.3170247594951,4.0646942674112365,2.019000000000002,0.03238035128235514,2.019000000000002,0.15,0.03237204247206121,0.7
3.926551501461315,1.3401469968759234,0.7,532.5859245661846,4.064111708868996,2.020000000000002,0.032380351282355134,2.020000000000002,0.15,0.03237204247206121,0.7
3.92661471489225,1.3411959084907694,0.7,532.855833686789,4.063527544674996,2.0210000000000017,0.03238035128235514,2.0210000000000017,0.15,0.03237204247206121,0.7
3.926677676514164,1.342245424955155,0.7,533.1267561443541,4.062941768429236,2.0220000000000016,0.03238035128235514,2.0220000000000016,0.15,0.03237204247206121,0.7
3.926739256999286,1.3432956884860554,0.7,533.3998198518967,4.062349718786092,2.023000000000002,0.032380351282355134,2.023000000000002,0.15,0.03237204247206121,0.7
3.926799996335327,1.3443466411559315,0.7,533.6744985217068,4.061753614497966,2.024000000000002,0.032380351282355134,2.024000000000002,0.15,0.03237204247206121,0.7
3.9268604827269824,1.345398213764323,0.7,533.9502110853604,4.061155878533925,2.0250000000000017,0.03238035128235514,2.0250000000000017,0.15,0.03237204247206121,0.7
3.926920715182305,1.346450408742381,0.7,534.2269615973763,4.060556504495186,2.0260000000000016,0.032380351282355134,2.0260000000000016,0.15,0.03237204247206121,0.7
3.926980692704154,1.3475032285339856,0.7,534.5047541335017,4.059955485949467,2.027000000000002,0.032380351282355134,2.027000000000002,0.15,0.03237204247206121,0.7
3.927040414290162,1.3485566755958283,0.7,534.7835927908502,4.059352816430761,2.028000000000002,0.032380351282355134,2.028000000000002,0.15,0.03237204247206121,0.7
3.9270998789326983,1.3496107523974976,0.7,535.0634816880435,4.058748489439122,2.0290000000000017,0.032380351282355134,2.0290000000000017,0.15,0.03237204247206121,0.7
3.927159085618838,1.3506654614215627,0.7,535.3444249653518,4.0581424984404375,2.0300000000000016,0.032380351282355134,2.0300000000000016,0.15,0.03237204247206121,0.7
3.927217795661812,1.351720832915603,0.7,535.6267413068903,4.057533858755313,2.031000000000002,0.032380351282355134,2.031000000000002,0.15,0.03237204247206121,0.7
3.9272751451714076,1.3527769731083943,0.7,535.9115714565265,4.056919009691987,2.032000000000002,0.03238035128235513,2.032000000000002,0.15,0.03237204247206121,0.7
3.9273322238518054,1.3538337592796148,0.7,536.1974724862258,4.056302431309091,2.0330000000000017,0.03238035128235514,2.0330000000000017,0.15,0.03237204247206121,0.7
3.9273890306066543,1.3548911940442705,0.7,536.484448731051,4.055684116606111,2.0340000000000016,0.032380351282355134,2.0340000000000016,0.15,0.03237204247206121,0.7
3.927445564333676,1.3559492800315003,0.7,536.7725045494956,4.055064058544696,2.035000000000002,0.032380351282355134,2.035000000000002,0.15,0.03237204247206121,0.7
3.9275018239246267,1.3570080198846721,0.7,537.0616443236415,4.054442250048408,2.036000000000002,0.032380351282355134,2.036000000000002,0.15,0.03237204247206121,0.7
3.927557808265257,1.35806741626148,0.7,537.351872459319,4.053818684002452,2.0370000000000017,0.03238035128235514,2.0370000000000017,0.15,0.03237204247206121,0.7
3.9276135162352723,1.3591274718340403,0.7,537.6431933862682,4.053193353253427,2.0380000000000016,0.032380351282355134,2.0380000000000016,0.15,0.03237204247206121,0.7
3.927668946708286,1.3601881892889918,0.7,537.9356115583012,4.0525662506090585,2.039000000000002,0.03238035128235514,2.039000000000002,0.15,0.03237204247206121,0.7
3.9277221728774423,1.3612498829255812,0.7,538.2309427087647,4.051929355610821,2.040000000000002,0.032380351282355134,2.040000000000002,0.15,0.03237204247206121,0.7
3.9277750929295094,1.3623122542029658,0.7,538.5274157750807,4.051290558531695,2.0410000000000017,0.03238035128235514,2.0410000000000017,0.15,0.03237204247206121,0.7
3.927827737427491,1.3633753007102867,0.7,538.8250054778888,4.050649984017352,2.0420000000000016,0.03238035128235514,2.0420000000000016,0.15,0.03237204247206121,0.7
3.927880105279928,1.3644390251221004,0.7,539.1237162401368,4.050007625027447,2.043000000000002,0.03238035128235514,2.043000000000002,0.15,0.03237204247206121,0.7
3.9279321953895927,1.3655034301271056,0.7,539.4235525081612,4.0493634744844105,2.044000000000002,0.032380351282355134,2.044000000000002,0.15,0.03237204247206121,0.7
3.9279840066534444,1.3665685184282397,0.7,539.7245187518437,4.04871752527319,2.0450000000000017,0.03238035128235514,2.0450000000000017,0.15,0.03237204247206121,0.7
3.928035537962596,1.3676342927427707,0.7,540.0266194647663,4.04806977024101,2.0460000000000016,0.03238035128235514,2.0460000000000016,0.15,0.03237204247206121,0.7
3.9280866730139596,1.3687010251304292,0.7,540.3302676487256,4.047419471931363,2.047000000000002,0.032380351282355134,2.047000000000002,0.15,0.03237204247206121,0.7
3.928136458644543,1.3697708612577713,0.7,540.6387500787833,4.046760670552876,2.048000000000002,0.032380351282355134,2.048000000000002,0.15,0.03237204247206121,0.7
3.9281859325999573,1.3708413062326348,0.7,540.9483097072808,4.0461000136867815,2.0490000000000017,0.03238035128235514,2.0490000000000017,0.15,0.03237204247206121,0.7
3.9282350935675625,1.371912362619217,0.7,541.2589510709033,4.045437493518581,2.0500000000000016,0.032380351282355134,2.0500000000000016,0.15,0.03237204247206121,0.7
3.9282839402273404,1.3729840329961347,0.7,541.5706787318471,4.044773102189837,2.051000000000002,0.03238035128235514,2.051000000000002,0.15,0.03237204247206121,0.7
3.9283324712518364,1.3740563199565248,0.7,541.8834972779989,4.0441068317978575,2.052000000000002,0.032380351282355134,2.052000000000002,0.15,0.03237204247206121,0.7
3.9283806853061125,1.3751292261081483,0.7,542.197411323118,4.043438674395384,2.0530000000000017,0.032380351282355134,2.0530000000000017,0.15,0.03237204247206121,0.7
3.9284285810476907,1.3762027540734922,0.7,542.5124255070175,4.042768621990281,2.0540000000000016,0.032380351282355134,2.0540000000000016,0.15,0.03237204247206121,0.7
3.928475177986076,1.3772759350232984,0.7,542.8297685504872,4.042093721219901,2.055000000000002,0.032380351282355134,2.055000000000002,0.15,0.03237204247206121,0.7
3.928520336441706,1.3783486909339466,0.7,543.1495984932965,4.041413491249909,2.056000000000002,0.032380351282355134,2.056000000000002,0.15,0.03237204247206121,0.7
3.9285651756062494,1.3794221570618437,0.7,543.4705119754802,4.0407312738146635,2.0570000000000017,0.032380351282355134,2.0570000000000017,0.15,0.03237204247206121,0.7
3.9286096941317723,1.3804963364052747,0.7,543.792513571357,4.040047060523789,2.0580000000000016,0.032380351282355134,2.0580000000000016,0.15,0.03237204247206121,0.7
3.928653890662744,1.3815712319794269,0.7,544.1156078810308,4.039360842939621,2.059000000000002,0.032380351282355134,2.059000000000002,0.15,0.03237204247206121,0.7
3.92869776383598,1.3826468468165047,0.7,544.4397995305711,4.038672612576859,2.060000000000002,0.032380351282355134,2.060000000000002,0.15,0.03237204247206121,0.7
3.9287413122805908,1.3837231839658557,0.7,544.7650931721981,4.037982360902244,2.0610000000000017,0.032380351282355134,2.0610000000000017,0.15,0.03237204247206121,0.7
3.9287841648150144,1.384800338746238,0.7,545.0921657230633,4.037288508309469,2.0620000000000016,0.03238035128235514,2.0620000000000016,0.15,0.03237204247206121,0.7
3.928823714697982,1.3858789691996192,0.7,545.425721518497,4.036579972952292,2.063000000000002,0.032380351282355134,2.063000000000002,0.15,0.03237204247206121,0.7
3.9288629986985164,1.386958324188972,0.7,545.7602126984475,4.035869649491273,2.064000000000002,0.032380351282355134,2.064000000000002,0.15,0.03237204247206121,0.7
3.928902015905062,1.3880384061983069,0.7,546.095642469801,4.0351575317960515,2.0650000000000017,0.032380351282355134,2.0650000000000017,0.15,0.03237204247206121,0.7
3.9289407654018915,1.3891192177230012,0.7,546.4320140541196,4.03444361370821,2.0660000000000016,0.032380351282355134,2.0660000000000016,0.15,0.03237204247206121,0.7
3.928979246269083,1.3902007612698664,0.7,546.7693306877261,4.033727889041116,2.067000000000002,0.032380351282355134,2.067000000000002,0.15,0.03237204247206121,0.7
3.929017457582493,1.391283039357211,0.7,547.1075956217871,4.033010351579759,2.068000000000002,0.032380351282355134,2.068000000000002,0.15,0.03237204247206121,0.7
3.9290552706456747,1.3923659785622935,0.7,547.4469460479272,4.032290559785179,2.0690000000000017,0.032380351282355134,2.0690000000000017,0.15,0.03237204247206121,0.7
3.929091212520166,1.3934487458678189,0.7,547.7889144137376,4.031563452937339,2.0700000000000016,0.032380351282355134,2.0700000000000016,0.15,0.03237204247206121,0.7
3.92912685417996,1.394532312646411,0.7,548.131844560565,4.030834345758131,2.071000000000002,0.03238035128235514,2.071000000000002,0.15,0.03237204247206121,0.7
3.92916219449483,1.3956166819078621,0.7,548.4757401092457,4.030103230716866,2.072000000000002,0.032380351282355134,2.072000000000002,0.15,0.03237204247206121,0.7
3.929197232328872,1.3967018566770921,0.7,548.820604698815,4.029370100245004,2.0730000000000017,0.032380351282355134,2.0730000000000017,0.15,0.03237204247206121,0.7
3.929231966540465,1.397787839994243,0.7,549.1664419866203,4.028634946735925,2.0740000000000016,0.03238035128235514,2.0740000000000016,0.15,0.03237204247206121,0.7
3.929266395982236,1.398874634914775,0.7,549.5132556484369,4.027897762544674,2.075000000000002,0.032380351282355134,2.075000000000002,0.15,0.03237204247206121,0.7
3.9292999181202064,1.399963281406342,0.7,549.8625713133276,4.02715509734993,2.076000000000002,0.032380351282355134,2.076000000000002,0.15,0.03237204247206121,0.7
3.9293312120837385,1.401056103891701,0.7,550.2177935224155,4.026399342808101,2.0770000000000017,0.032380351282355134,2.0770000000000017,0.15,0.03237204247206121,0.7
3.92936218142213,1.4021498498043152,0.7,550.5741434329412,4.025641366397116,2.0780000000000016,0.032380351282355134,2.0780000000000016,0.15,0.03237204247206121,0.7
3.929392824844628,1.4032445228158523,0.7,550.9316255287941,4.02488115928253,2.079000000000002,0.032380351282355134,2.079000000000002,0.15,0.03237204247206121,0.7
3.929423141053629,1.4043401266174707,0.7,551.2902443176658,4.024118712583004,2.080000000000002,0.032380351282355134,2.080000000000002,0.15,0.03237204247206121,0.7
3.929453128744632,1.4054366649199508,0.7,551.6500043312095,4.023354017369985,2.0810000000000017,0.032380351282355134,2.0810000000000017,0.15,0.03237204247206121,0.7
3.92948278660619,1.4065341414538242,0.7,552.010910125199,4.022587064667399,2.0820000000000016,0.03238035128235514,2.0820000000000016,0.15,0.03237204247206121,0.7
3.9295095530412714,1.4076280346416985,0.7,552.3770051998499,4.021812130005481,2.083000000000002,0.032380351282355134,2.083000000000002,0.15,0.03237204247206121,0.7
3.9295346064189727,1.4087203763650806,0.7,552.7464638706874,4.021031894703053,2.084000000000002,0.032380351282355134,2.084000000000002,0.15,0.03237204247206121,0.7
3.929559266980408,1.4098134947806644,0.7,553.1172126336166,4.020249311367055,2.0850000000000017,0.032380351282355134,2.0850000000000017,0.15,0.03237204247206121,0.7
3.9295835330034268,1.410907393293557,0.7,553.4892571445478,4.019464369703443,2.0860000000000016,0.032380351282355134,2.0860000000000016,0.15,0.03237204247206121,0.7
3.929607402755796,1.412002075328799,0.7,553.8626030925013,4.018677059357907,2.087000000000002,0.032380351282355134,2.087000000000002,0.15,0.03237204247206121,0.7
3.929630874495128,1.4130975443315101,0.7,554.2372561998499,4.017887369915438,2.088000000000002,0.032380351282355134,2.088000000000002,0.15,0.03237204247206121,0.7
3.9296532731063136,1.4141949714476163,0.7,554.615385004198,4.017091430372866,2.0890000000000017,0.032380351282355134,2.0890000000000017,0.15,0.03237204247206121,0.7
3.9296739748278013,1.4152955017263087,0.7,554.9990702695222,4.016285601315738,2.0900000000000016,0.032380351282355134,2.0900000000000016,0.15,0.03237204247206121,0.7
3.9296942726831356,1.4163969245456978,0.7,555.3841972707847,4.015477264360592,2.091000000000002,0.032380351282355134,2.091000000000002,0.15,0.03237204247206121,0.7
3.9297141648841567,1.4174992438576037,0.7,555.7707723914275,4.01466640840344,2.092000000000002,0.032380351282355134,2.092000000000002,0.15,0.03237204247206121,0.7
3.929733649632131,1.4186024636372112,0.7,556.1588020526333,4.01385302227464,2.0930000000000017,0.032380351282355134,2.0930000000000017,0.15,0.03237204247206121,0.7
3.9297527251176745,1.4197065878832427,0.7,556.5482927136045,4.013037094738418,2.0940000000000016,0.032380351282355134,2.0940000000000016,0.15,0.03237204247206121,0.7
3.9297701074528377,1.4208100932604886,0.7,556.9410811810742,4.012215012636907,2.095000000000002,0.032380351282355134,2.095000000000002,0.15,0.03237204247206121,0.7
3.9297827730405888,1.421909366159531,0.7,557.341514319416,4.011378292894413,2.096000000000002,0.032380351282355134,2.096000000000002,0.15,0.03237204247206121,0.7
3.929794928143336,1.4230094133772895,0.7,557.7436081671256,4.0105387568064454,2.0970000000000018,0.03238035128235514,2.0970000000000018,0.15,0.03237204247206121,0.7
3.929806570142148,1.424110238886238,0.7,558.1473712441122,4.009696389924353,2.0980000000000016,0.03238035128235514,2.0980000000000016,0.15,0.03237204247206121,0.7
3.9298176964001463,1.4252118466860706,0.7,558.5528121286637,4.0088511777004845,2.099000000000002,0.032380351282355134,2.099000000000002,0.15,0.03237204247206121,0.7
3.929828304262354,1.4263142408039335,0.7,558.9599394579482,4.008003105487335,2.100000000000002,0.032380351282355134,2.100000000000002,0.15,0.03237204247206121,0.7
3.9298538607603524,1.4273262400322342,0.7,559.4257429127564,4.007295364199399,2.1010000000000018,0.03238035131935297,2.1010000000000018,0.15,0.03237204247206121,0.7
3.9298776388865226,1.4283392216482347,0.7,559.8936458024273,4.006579527792673,2.102000000000001,0.03238035135635082,2.1020000000000016,0.15,0.03237204247206121,0.7
3.9299012248319856,1.4293529753533316,0.7,560.362532043801,4.005862150619081,2.103000000000002,0.032380351393348654,2.103000000000002,0.15,0.03237204247206121,0.7
3.929924618167597,1.4303675028716125,0.7,560.8324038327189,4.005143229238065,2.104000000000002,0.03238035143034649,2.104000000000002,0.15,0.03237204247206121,0.7
3.929947818462936,1.4313828059323028,0.7,561.3032633715657,4.004422760198812,2.1050000000000018,0.03238035146734433,2.1050000000000018,0.15,0.03237204247206121,0.7
3.929970825286298,1.4323988862697852,0.7,561.7751128692923,4.003700740040223,2.106000000000001,0.03238035150434217,2.1060000000000016,0.15,0.03237204247206121,0.7
3.9299930956504787,1.4334157752604721,0.7,562.2486856864846,4.002974966739913,2.107000000000002,0.03238035154134,2.107000000000002,0.15,0.03237204247206121,0.7
3.9300142739415405,1.4344334862474812,0.7,562.7244325273098,4.002244005261524,2.108000000000002,0.032380351578337845,2.108000000000002,0.15,0.03237204247206121,0.7
3.930035228036884,1.435451970191271,0.7,563.2011720593746,4.001511374028613,2.1090000000000018,0.03238035161533569,2.1090000000000018,0.15,0.03237204247206121,0.7
3.9300559573774825,1.436471229019189,0.7,563.678906757929,4.000777068877687,2.1100000000000017,0.03238035165233352,2.1100000000000017,0.15,0.03237204247206121,0.7
3.9300764614024497,1.437491264664997,0.7,564.1576391064594,4.000041085631403,2.111000000000002,0.03238035168933136,2.111000000000002,0.15,0.03237204247206121,0.7
3.9300967395490316,1.438512079068895,0.7,564.637371596722,3.999303420098506,2.112000000000002,0.0323803517263292,2.112000000000002,0.15,0.03237204247206121,0.7
3.9301155773487846,1.439533502007751,0.7,565.1189983697458,3.998559382960457,2.1130000000000018,0.03238035176332704,2.1130000000000018,0.15,0.03237204247206121,0.7
3.9301329007515218,1.440555527983724,0.7,565.6025840021871,3.9978086833640774,2.1140000000000017,0.03238035180032487,2.1140000000000017,0.15,0.03237204247206121,0.7
3.930150000068239,1.4415783430319435,0.7,566.0871856069717,3.997056298274552,2.115000000000002,0.03238035183732271,2.115000000000002,0.15,0.03237204247206121,0.7
3.9301668747543093,1.4426019490701945,0.7,566.5728056533503,3.9963022235954058,2.116000000000002,0.03238035187432055,2.116000000000002,0.15,0.03237204247206121,0.7
3.9301835242633416,1.443626348022483,0.7,567.0594466185823,3.995546455216878,2.117000000000002,0.03238035191131839,2.1170000000000018,0.15,0.03237204247206121,0.7
3.93019994804717,1.44465154181906,0.7,567.5471109879683,3.9947889890158663,2.1180000000000017,0.03238035194831623,2.1180000000000017,0.15,0.03237204247206121,0.7
3.930214453413932,1.4456774955279943,0.7,568.0371252999716,3.994023090812676,2.119000000000002,0.03238035198531407,2.119000000000002,0.15,0.03237204247206121,0.7
3.930228119354894,1.44670424419512,0.7,568.5286524555557,3.993253040576312,2.120000000000002,0.03238035202231191,2.120000000000002,0.15,0.03237204247206121,0.7
3.930241556316972,1.4477318045584096,0.7,569.0212176561541,3.9924812627748745,2.1210000000000018,0.03238035205930975,2.1210000000000018,0.15,0.03237204247206121,0.7
3.9302547637452627,1.4487601785849116,0.7,569.5148234173438,3.9917077532218195,2.1220000000000017,0.03238035209630759,2.1220000000000017,0.15,0.03237204247206121,0.7
3.9302677410830693,1.4497893682480347,0.7,570.0094722628359,3.9909325077170625,2.123000000000002,0.03238035213330542,2.123000000000002,0.15,0.03237204247206121,0.7
3.930280178878145,1.4508193487700587,0.7,570.5054021789836,3.990154313011256,2.124000000000002,0.03238035217030326,2.124000000000002,0.15,0.03237204247206121,0.7
3.9302900555004037,1.4518499427912184,0.7,571.0041491488785,3.9893652584821733,2.1250000000000018,0.0323803522073011,2.1250000000000018,0.15,0.03237204247206121,0.7
3.930299684155326,1.452881349398494,0.7,571.5039464629923,3.9885743994722134,2.126000000000002,0.032380352244298936,2.1260000000000017,0.15,0.03237204247206121,0.7
3.9303090642161083,1.453913570645909,0.7,572.0047967763437,3.98778173142008,2.1270000000000024,0.03238035228129678,2.127000000000002,0.15,0.03237204247206121,0.7
3.930318195053834,1.4549466085944138,0.7,572.5067027529066,3.986987249749092,2.128000000000002,0.032380352318294614,2.128000000000002,0.15,0.03237204247206121,0.7
3.9303270760374636,1.4559804653119182,0.7,573.0096670656491,3.986190949867118,2.1290000000000013,0.032380352355292456,2.129000000000002,0.15,0.03237204247206121,0.7
3.930334336464197,1.4570147338110773,0.7,573.5149926453844,3.985387757420305,2.1300000000000017,0.03238035239229029,2.1300000000000017,0.15,0.03237204247206121,0.7
3.9303405880057363,1.4580496174223716,0.7,574.0221249677936,3.98457991516385,2.131000000000002,0.03238035242928813,2.131000000000002,0.15,0.03237204247206121,0.7
3.9303466093827675,1.459085354873165,0.7,574.530332267676,3.9837702984293486,2.132000000000002,0.03238035246628596,2.132000000000002,0.15,0.03237204247206121,0.7
3.9303524000590495,1.4601219481527472,0.7,575.0396170495317,3.982958903082592,2.1330000000000013,0.03238035250328381,2.133000000000002,0.15,0.03237204247206121,0.7
3.930357959496674,1.4611593992565912,0.7,575.549981825646,3.9821457249765215,2.1340000000000017,0.03238035254028165,2.1340000000000017,0.15,0.03237204247206121,0.7
3.9303625066681707,1.4621980220100363,0.7,576.0628889176301,3.98132732609052,2.1350000000000025,0.03238035257727948,2.135000000000002,0.15,0.03237204247206121,0.7
3.9303647522459255,1.463238369181075,0.7,576.5808648000155,3.980497996195215,2.1360000000000023,0.032380352614277325,2.136000000000002,0.15,0.03237204247206121,0.7
3.930366744655873,1.4642796447591917,0.7,577.1001445834563,3.979666725223562,2.137000000000002,0.03238035265127516,2.137000000000002,0.15,0.03237204247206121,0.7
3.930368483264178,1.4653218510687662,0.7,577.6207315324269,3.978833508315841,2.138000000000002,0.032380352688273,2.1380000000000017,0.15,0.03237204247206121,0.7
3.930369967434887,1.4663649904419447,0.7,578.1426289223085,3.977998340596096,2.139000000000002,0.032380352725270845,2.139000000000002,0.15,0.03237204247206121,0.7
3.9303710478843716,1.467408913674078,0.7,578.6661200025484,3.9771607739334938,2.140000000000002,0.03238035276226868,2.140000000000002,0.15,0.03237204247206121,0.7
3.9303687187266636,1.4684505344341632,0.7,579.196904255091,3.9763118670933144,2.141000000000002,0.03238035279926652,2.141000000000002,0.15,0.03237204247206121,0.7
3.9303660438931334,1.4694929571721795,0.7,579.7292464633111,3.9754607755327585,2.142000000000002,0.03238035283626436,2.1420000000000017,0.15,0.03237204247206121,0.7
3.9303630222997974,1.4705361844029934,0.7,580.263151512692,3.974607492400913,2.1430000000000016,0.0323803528732622,2.143000000000002,0.15,0.03237204247206121,0.7
3.930359652858141,1.4715802186519955,0.7,580.7986243091647,3.9737520108181967,2.144000000000002,0.03238035291026003,2.144000000000002,0.15,0.03237204247206121,0.7
3.930355934475085,1.4726250624551593,0.7,581.3356697792149,3.972894323876199,2.145000000000002,0.03238035294725788,2.145000000000002,0.15,0.03237204247206121,0.7
3.930347534803355,1.4736733339500638,0.7,581.8875546749425,3.972014487994044,2.1460000000000017,0.03238035298425571,2.1460000000000017,0.15,0.03237204247206121,0.7
3.9303386332334287,1.474722479315104,0.7,582.4412703787198,3.9711317709652727,2.147000000000002,0.03238035302125355,2.147000000000002,0.15,0.03237204247206121,0.7
3.9303294376295295,1.4757723737484727,0.7,582.9961762008818,3.9702471288639702,2.148000000000002,0.03238035305825139,2.148000000000002,0.15,0.03237204247206121,0.7
3.930319947236788,1.476823019173248,0.7,583.5522751968113,3.9693605567479104,2.1490000000000022,0.032380353095249226,2.149000000000002,0.15,0.03237204247206121,0.7
3.9303100461720617,1.477874264159267,0.7,584.1096446918575,3.9684717424757254,2.1500000000000017,0.03238035313224706,2.1500000000000017,0.15,0.03237204247206121,0.7
3.930297081357873,1.4789226436446175,0.7,584.6700034368419,3.9675735377391597,2.151000000000002,0.0323803531692449,2.151000000000002,0.15,0.03237204247206121,0.7
3.9302838225112176,1.4799719114617094,0.7,585.2315719667978,3.966673268376427,2.152000000000002,0.03238035320624274,2.152000000000002,0.15,0.03237204247206121,0.7
3.930270268876534,1.4810220698932526,0.7,585.794353390458,3.965770929082145,2.153000000000002,0.03238035324324058,2.153000000000002,0.15,0.03237204247206121,0.7
3.930256419695668,1.4820731212297822,0.7,586.3583508272159,3.9648665145327393,2.1540000000000017,0.032380353280238416,2.1540000000000017,0.15,0.03237204247206121,0.7
3.9302416120069363,1.4831249080600577,0.7,586.9242246040058,3.9639575300029226,2.155000000000002,0.03238035331723625,2.155000000000002,0.15,0.03237204247206121,0.7
3.930224336411436,1.4841770918337738,0.7,587.4934798310103,3.9630382759368588,2.156000000000002,0.0323803533542341,2.156000000000002,0.15,0.03237204247206121,0.7
3.9302067425870533,1.4852302079293005,0.7,588.063988505422,3.9621168166999015,2.1570000000000022,0.032380353391231936,2.157000000000002,0.15,0.03237204247206121,0.7
3.9301888296711702,1.4862842588738667,0.7,588.6357540249403,3.9611931463145296,2.1580000000000017,0.03238035342822977,2.1580000000000017,0.15,0.03237204247206121,0.7
3.9301705967980483,1.4873392472038451,0.7,589.208779799556,3.960267258781601,2.159000000000002,0.03238035346522761,2.159000000000002,0.15,0.03237204247206121,0.7
3.9301506803042003,1.4883949406587642,0.7,589.7840081888013,3.959333934889561,2.1600000000000015,0.032380353502225456,2.160000000000002,0.15,0.03237204247206121,0.7
3.9301292832289323,1.489451355983837,0.7,590.361320211902,3.9583939695905737,2.161000000000002,0.03238035353922329,2.161000000000002,0.15,0.03237204247206121,0.7
3.930107577473638,1.4905086913313057,0.7,590.9399166382883,3.9574518496050053,2.1620000000000017,0.03238035357622113,2.1620000000000017,0.15,0.03237204247206121,0.7
3.9300855622457207,1.4915669490635102,0.7,591.5198007659192,3.9565075694002747,2.163000000000002,0.03238035361321896,2.163000000000002,0.15,0.03237204247206121,0.7
3.9300632367498682,1.4926261315508826,0.7,592.1009759040537,3.955561123424841,2.1640000000000015,0.03238035365021681,2.164000000000002,0.15,0.03237204247206121,0.7
3.930037937450629,1.493685905791223,0.7,592.6857112286543,3.9546021851647173,2.1650000000000023,0.03238035368721465,2.165000000000002,0.15,0.03237204247206121,0.7
3.930012134711934,1.4947465896931007,0.7,593.2718694976073,3.953640323070449,2.1660000000000017,0.03238035372421248,2.1660000000000017,0.15,0.03237204247206121,0.7
3.9299859999565796,1.4958082075873618,0.7,593.8593063136082,3.9526761988473136,2.1670000000000025,0.03238035376121032,2.167000000000002,0.15,0.03237204247206121,0.7
3.929959532294182,1.4968707619787225,0.7,594.4480251053764,3.9517098064288874,2.1680000000000015,0.03238035379820816,2.168000000000002,0.15,0.03237204247206121,0.7
3.9299314735173096,1.4979339593181882,0.7,595.0388924091783,3.9507364083155965,2.169000000000002,0.032380353835205995,2.169000000000002,0.15,0.03237204247206121,0.7
3.929901480452139,1.4989977325993424,0.7,595.6321505503873,3.949754699425492,2.1700000000000017,0.03238035387220384,2.1700000000000017,0.15,0.03237204247206121,0.7
3.9298711549230547,1.5000624660415993,0.7,596.2267042720753,3.9487707006137143,2.171000000000002,0.03238035390920167,2.171000000000002,0.15,0.03237204247206121,0.7
3.929840496055036,1.5011281621720332,0.7,596.8225569841164,3.9477844058533536,2.172000000000002,0.032380353946199515,2.172000000000002,0.15,0.03237204247206121,0.7
3.929809398152288,1.502194801629941,0.7,597.4197816632704,3.94679541150216,2.173000000000002,0.03238035398319735,2.173000000000002,0.15,0.03237204247206121,0.7
3.929775227104887,1.5032618369893993,0.7,598.0201307890396,3.945793722958369,2.1740000000000017,0.03238035402019519,2.1740000000000017,0.15,0.03237204247206121,0.7
3.9297407122091195,1.5043298412644812,0.7,598.6217976997035,3.944789690067439,2.175000000000002,0.03238035405719303,2.175000000000002,0.15,0.03237204247206121,0.7
3.9297058525516304,1.5053988170288881,0.7,599.2247858956541,3.943783306602151,2.176000000000002,0.03238035409419087,2.176000000000002,0.15,0.03237204247206121,0.7
3.929670647215828,1.5064687668654448,0.7,599.8290988896928,3.9427745663132137,2.177000000000002,0.032380354131188706,2.177000000000002,0.15,0.03237204247206121,0.7
3.9296327554893056,1.5075391242196994,0.7,600.436062511328,3.9417546728213044,2.1780000000000017,0.03238035416818654,2.1780000000000017,0.15,0.03237204247206121,0.7
3.9295936177141164,1.5086102466721043,0.7,601.0448619146724,3.940729029999116,2.179000000000002,0.03238035420518438,2.179000000000002,0.15,0.03237204247206121,0.7
3.929554113479316,1.5096823518041043,0.7,601.6550024955055,3.939700938658324,2.180000000000002,0.032380354242182226,2.180000000000002,0.15,0.03237204247206121,0.7
3.929514241777531,1.5107554423170235,0.7,602.2664879406389,3.938670392068107,2.181000000000002,0.03238035427918006,2.181000000000002,0.15,0.03237204247206121,0.7
3.9294711957951853,1.5118298766725995,0.7,602.8871453809713,3.9376258078450284,2.182000000000002,0.032380354316177896,2.1820000000000017,0.15,0.03237204247206121,0.7
3.9294250370091315,1.5129056781175358,0.7,603.5169244928364,3.936567408466685,2.183000000000002,0.03238035435317574,2.183000000000002,0.15,0.03237204247206121,0.7
3.92937842796286,1.5139825213510154,0.7,604.14844162925,3.935506166208414,2.1840000000000024,0.032380354390173574,2.184000000000002,0.15,0.03237204247206121,0.7
3.9293313671979067,1.5150604097475564,0.7,604.7817024199489,3.934442071861673,2.185000000000002,0.03238035442717141,2.185000000000002,0.15,0.03237204247206121,0.7
3.929282268306845,1.5161375354434907,0.7,605.4215732279721,3.933370585686216,2.1860000000000017,0.03238035446416925,2.1860000000000017,0.15,0.03237204247206121,0.7
3.9292306384121307,1.51721325086782,0.7,606.0695198689305,3.932290383125938,2.1870000000000016,0.032380354501167094,2.187000000000002,0.15,0.03237204247206121,0.7
3.9291785318363925,1.518289873258306,0.7,606.7192246578555,3.9312073667920577,2.188000000000002,0.03238035453816493,2.188000000000002,0.15,0.03237204247206121,0.7
3.9291259470139797,1.5193674055938653,0.7,607.3706933693546,3.930121527442783,2.189000000000002,0.032380354575162765,2.189000000000002,0.15,0.03237204247206121,0.7
3.9290715981742212,1.5204450889372423,0.7,608.0248705416088,3.9290284831641986,2.1900000000000017,0.03238035461216061,2.1900000000000017,0.15,0.03237204247206121,0.7
3.9290151979814087,1.5215228115255184,0.7,608.6819380614904,3.9279271970513667,2.1910000000000016,0.03238035464915845,2.191000000000002,0.15,0.03237204247206121,0.7
3.9289582757691908,1.5226015056739646,0.7,609.3407705105791,3.9268228515303183,2.192000000000002,0.032380354686156285,2.192000000000002,0.15,0.03237204247206121,0.7
3.9289008296974406,1.523681174807345,0.7,610.0013741102769,3.9257154358165915,2.1930000000000014,0.03238035472315412,2.193000000000002,0.15,0.03237204247206121,0.7
3.9288410076915548,1.5247617077235605,0.7,610.6649255942797,3.9245976476966242,2.1940000000000017,0.03238035476015196,2.1940000000000017,0.15,0.03237204247206121,0.7
3.928779183521892,1.525843128653758,0.7,611.3311402844864,3.9234709587822048,2.195000000000002,0.032380354797149805,2.195000000000002,0.15,0.03237204247206121,0.7
3.9287168326154185,1.5269255318224537,0.7,611.9990744290727,3.9223411805634045,2.1960000000000024,0.03238035483414764,2.196000000000002,0.15,0.03237204247206121,0.7
3.9286539531442504,1.5280089206382148,0.7,612.6687339948948,3.921208302319708,2.197000000000002,0.03238035487114548,2.197000000000002,0.15,0.03237204247206121,0.7
3.928588096099441,1.5290927181319942,0.7,613.3418674221716,3.920063110070212,2.1980000000000017,0.032380354908143325,2.1980000000000017,0.15,0.03237204247206121,0.7
3.9285209047338148,1.5301773221919726,0.7,614.0171380688117,3.918911775667128,2.199000000000002,0.03238035494514115,2.199000000000002,0.15,0.03237204247206121,0.7
3.928453211301873,1.5312629344827353,0.7,614.6939323571743,3.91775742475217,2.200000000000002,0.032380354982138995,2.200000000000002,0.15,0.03237204247206121,0.7
3.92841242059564,1.5322660789630587,0.7,615.1263989319923,3.916784169911035,2.201000000000002,0.03238035498213899,2.201000000000002,0.15,0.03237204247206121,0.7
3.9283696162133133,1.5332694748603446,0.7,615.5618093058201,3.9158026088883284,2.2020000000000013,0.032380354982138995,2.2020000000000017,0.15,0.03237204247206121,0.7
3.9283258527027196,1.5342733557626018,0.7,615.9990464014118,3.914816726357573,2.2030000000000025,0.03238035498213898,2.203000000000002,0.15,0.03237204247206121,0.7
3.92828162379583,1.5352778432477294,0.7,616.4375255588697,3.913828375685414,2.2040000000000024,0.032380354982138995,2.204000000000002,0.15,0.03237204247206121,0.7
3.9282369277738733,1.5362829395559194,0.7,616.8772513652933,3.9128375477566775,2.205000000000002,0.032380354982138995,2.205000000000002,0.15,0.03237204247206121,0.7
3.928191404529128,1.5372885106387633,0.7,617.3185631669342,3.9118429356608297,2.2060000000000013,0.03238035498213899,2.2060000000000017,0.15,0.03237204247206121,0.7
3.928142973920936,1.5382937925423459,0.7,617.7635398295421,3.910836979718357,2.207000000000002,0.032380354982138995,2.207000000000002,0.15,0.03237204247206121,0.7
3.9280940606799084,1.5392997292394115,0.7,618.2100229432332,3.9098284384489483,2.208000000000002,0.032380354982138995,2.208000000000002,0.15,0.03237204247206121,0.7
3.9280446629964647,1.5403063231850402,0.7,618.6580181562865,3.908817302159193,2.209000000000002,0.03238035498213899,2.209000000000002,0.15,0.03237204247206121,0.7
3.9279947790519665,1.541313576846599,0.7,619.1075311452529,3.9078035611071633,2.210000000000002,0.032380354982138995,2.2100000000000017,0.15,0.03237204247206121,0.7
3.9279419834148688,1.5423215533875658,0.7,619.5598724203813,3.9067774541118436,2.211000000000002,0.03238035498213899,2.211000000000002,0.15,0.03237204247206121,0.7
3.9278871854028368,1.5433302350647944,0.7,620.0145627778176,3.9057426347580813,2.2120000000000024,0.032380354982138995,2.212000000000002,0.15,0.03237204247206121,0.7
3.927831903856554,1.5443395868567924,0.7,620.4707904942028,3.9047052110947815,2.213000000000002,0.032380354982138995,2.213000000000002,0.15,0.03237204247206121,0.7
3.9277761370161497,1.5453496112025091,0.7,620.928561164907,3.903665173643304,2.2140000000000017,0.032380354982138995,2.2140000000000017,0.15,0.03237204247206121,0.7
3.9277184347278182,1.5463593266894071,0.7,621.3881943532388,3.902617702714155,2.2150000000000016,0.032380354982138995,2.215000000000002,0.15,0.03237204247206121,0.7
3.927655591937083,1.5473665787591868,0.7,621.8504258024932,3.901552131622158,2.216000000000002,0.032380354982138995,2.216000000000002,0.15,0.03237204247206121,0.7
3.9275923223351232,1.5483745843918748,0.7,622.3142607794531,3.9004840997675774,2.217000000000002,0.03238035498213899,2.217000000000002,0.15,0.03237204247206121,0.7
3.927528624587764,1.5493833459430497,0.7,622.7797042966205,3.8994135994582635,2.2180000000000017,0.03238035498213899,2.2180000000000017,0.15,0.03237204247206121,0.7
3.9274644590902996,1.5503928170361208,0.7,623.246894831946,3.8983405186711346,2.219000000000002,0.032380354982138995,2.219000000000002,0.15,0.03237204247206121,0.7
3.9273980238103285,1.5514007328827562,0.7,623.7220133761264,3.897259914949967,2.220000000000002,0.032380354982138995,2.220000000000002,0.15,0.03237204247206121,0.7
3.927331128073716,1.5524094280677967,0.7,624.1986504714488,3.896176690106038,2.2210000000000023,0.03238035498213899,2.221000000000002,0.15,0.03237204247206121,0.7
3.9272637703556534,1.5534189051720353,0.7,624.676811146622,3.895090835459455,2.2220000000000018,0.032380354982138995,2.2220000000000018,0.15,0.03237204247206121,0.7
3.92719594912459,1.5544291667876724,0.7,625.1565004525827,3.894002342291956,2.2230000000000025,0.032380354982138995,2.223000000000002,0.15,0.03237204247206121,0.7
3.927125307254935,1.555439573014861,0.7,625.6450159923244,3.892902419788172,2.2240000000000015,0.032380354982138995,2.224000000000002,0.15,0.03237204247206121,0.7
3.9270538783217814,1.556450689296317,0.7,626.1359564068309,3.8917986385400933,2.225000000000002,0.03238035498213899,2.225000000000002,0.15,0.03237204247206121,0.7
3.9269819928661227,1.5574626092698782,0.7,626.6282913812233,3.89069222737368,2.2260000000000018,0.032380354982138995,2.2260000000000018,0.15,0.03237204247206121,0.7
3.9269096494214795,1.5584753355172312,0.7,627.122025395222,3.8895831778408887,2.227000000000002,0.032380354982138995,2.227000000000002,0.15,0.03237204247206121,0.7
3.9268340915365294,1.5594885431282008,0.7,627.6249800667956,3.8884607908825375,2.228000000000002,0.032380354982138995,2.228000000000002,0.15,0.03237204247206121,0.7
3.926757382078884,1.5605024336595785,0.7,628.13088402055,3.8873331151928103,2.229000000000002,0.032380354982138995,2.229000000000002,0.15,0.03237204247206121,0.7
3.926680119610321,1.5615170766871809,0.7,628.6379959902448,3.8862024750585937,2.2300000000000018,0.032380354982138995,2.2300000000000018,0.15,0.03237204247206121,0.7
3.9266023020537935,1.5625324750373006,0.7,629.1463205130542,3.885068859345764,2.231000000000002,0.032380354982138995,2.231000000000002,0.15,0.03237204247206121,0.7
3.926520786506079,1.563547403391197,0.7,629.6569928624074,3.8839209176405514,2.232000000000002,0.032380354982138995,2.232000000000002,0.15,0.03237204247206121,0.7
3.9264381601034906,1.5645628223794468,0.7,630.1690703209729,3.8827680412740238,2.233000000000002,0.032380354982138995,2.233000000000002,0.15,0.03237204247206121,0.7
3.9263549396532422,1.5655789334932853,0.7,630.6823695847079,3.8816120966665357,2.2340000000000018,0.032380354982138995,2.2340000000000018,0.15,0.03237204247206121,0.7
3.926271122836008,1.5665957394349581,0.7,631.1968954238718,3.8804530718388404,2.235000000000002,0.03238035498213899,2.235000000000002,0.15,0.03237204247206121,0.7
3.9261840700142283,1.5676118223901254,0.7,631.7142340788317,3.8792818297281264,2.236000000000002,0.032380354982138995,2.236000000000002,0.15,0.03237204247206121,0.7
3.9260963891345653,1.5686285641611306,0.7,632.2328226812758,3.8781074166421705,2.237000000000002,0.03238035498213899,2.237000000000002,0.15,0.03237204247206121,0.7
3.926008087901503,1.5696459728076986,0.7,632.7526600765841,3.8769298553251854,2.2380000000000018,0.032380354982138995,2.2380000000000018,0.15,0.03237204247206121,0.7
3.9259184050016382,1.5706637761847446,0.7,633.2740811469215,3.875746372862303,2.2390000000000025,0.032380354982138995,2.239000000000002,0.15,0.03237204247206121,0.7
3.9258253206855933,1.5716812524849348,0.7,633.7979708048844,3.8745496124119776,2.240000000000002,0.032380354982138995,2.240000000000002,0.15,0.03237204247206121,0.7
3.925731602843979,1.5726994115346304,0.7,634.3231314958264,3.873349634896414,2.2410000000000014,0.032380354982138995,2.241000000000002,0.15,0.03237204247206121,0.7
3.925637248959669,1.5737182560465368,0.7,634.8495682698252,3.8721464275335453,2.2420000000000013,0.03238035498213899,2.2420000000000018,0.15,0.03237204247206121,0.7
3.9255391475683385,1.5747366575104265,0.7,635.3809496611996,3.870928672034609,2.243000000000002,0.032380354982138995,2.243000000000002,0.15,0.03237204247206121,0.7
3.9254376618165874,1.575754787577077,0.7,635.9171505917391,3.8696976496493067,2.244000000000002,0.032380354982138995,2.244000000000002,0.15,0.03237204247206121,0.7
3.9253356311386223,1.5767736939014039,0.7,636.4549218861841,3.8684636713832075,2.245000000000002,0.032380354982138995,2.245000000000002,0.15,0.03237204247206121,0.7
3.925233053721567,1.5777933790658842,0.7,636.9942687688668,3.867226727402599,2.246000000000002,0.032380354982138995,2.2460000000000018,0.15,0.03237204247206121,0.7
3.925127555216235,1.5788115000043486,0.7,637.5425524782612,3.865979663953477,2.247000000000002,0.032380354982138995,2.247000000000002,0.15,0.03237204247206121,0.7
3.9250213878773916,1.5798303210813387,0.7,638.093054615687,3.8647292249348504,2.248000000000002,0.032380354982138995,2.248000000000002,0.15,0.03237204247206121,0.7
3.9249146684995253,1.5808499630866695,0.7,638.645420012369,3.8634757567005447,2.249000000000002,0.032380354982138995,2.249000000000002,0.15,0.03237204247206121,0.7
3.924805932632608,1.5818700096382148,0.7,639.2013085461163,3.862213818182417,2.2500000000000018,0.032380354982138995,2.2500000000000018,0.15,0.03237204247206121,0.7
3.924694771084461,1.5828903962050045,0.7,639.7612431851348,3.8609418374497206,2.251000000000002,0.032380354982138995,2.251000000000002,0.15,0.03237204247206121,0.7
3.9245830245163975,1.5839116729458824,0.7,640.3231690594041,3.859666626629279,2.252000000000002,0.032380354982138995,2.252000000000002,0.15,0.03237204247206121,0.7
3.92447068152244,1.584933839021761,0.7,640.8870964016,3.8583881409353546,2.253000000000002,0.032380354982138995,2.253000000000002,0.15,0.03237204247206121,0.7
3.924352546559458,1.5859547264903584,0.7,641.4548594804334,3.8570877652401814,2.254000000000002,0.032380354982138995,2.254000000000002,0.15,0.03237204247206121,0.7
3.9242337437329278,1.5869764685619712,0.7,642.024600103744,3.8557838634927064,2.255000000000002,0.032380354982138995,2.255000000000002,0.15,0.03237204247206121,0.7
3.9241142704943117,1.5879990684977254,0.7,642.5963258177552,3.854476422237668,2.256000000000002,0.032380354982138995,2.256000000000002,0.15,0.03237204247206121,0.7
3.923991327109884,1.5890206152623154,0.7,643.1707690555821,3.8531561535100365,2.257000000000002,0.032380354982138995,2.257000000000002,0.15,0.03237204247206121,0.7
3.923866187437581,1.5900419468943328,0.7,643.7475922083848,3.851827314653453,2.258000000000002,0.032380354982138995,2.258000000000002,0.15,0.03237204247206121,0.7
3.9237403094320786,1.5910640583061508,0.7,644.3264217898287,3.850494742591569,2.259000000000002,0.032380354982138995,2.259000000000002,0.15,0.03237204247206121,0.7
3.923612613469037,1.5920861638119896,0.7,644.9108346309379,3.8491549050425724,2.260000000000002,0.032380354982138995,2.260000000000002,0.15,0.03237204247206121,0.7
3.9234824686346124,1.5931077867511743,0.7,645.502646312597,3.8478057554722285,2.261000000000002,0.032380354982138995,2.261000000000002,0.15,0.03237204247206121,0.7
3.9233515662409872,1.5941301630610163,0.7,646.0961267839417,3.8464528224247725,2.2620000000000013,0.032380354982138995,2.262000000000002,0.15,0.03237204247206121,0.7
3.9232193935932425,1.5951531259333525,0.7,646.6923664237123,3.8450942212775794,2.263000000000002,0.032380354982138995,2.263000000000002,0.15,0.03237204247206121,0.7
3.923084149703509,1.5961760613782245,0.7,647.2950880240012,3.8437233596259617,2.264000000000002,0.032380354982138995,2.264000000000002,0.15,0.03237204247206121,0.7
3.922948135473077,1.5971997283838486,0.7,647.8993247780688,3.8423486849327135,2.265000000000002,0.032380354982138995,2.265000000000002,0.15,0.03237204247206121,0.7
3.922811227485631,1.5982241026729371,0.7,648.5051497481693,3.8409697279056543,2.266000000000002,0.032380354982138995,2.266000000000002,0.15,0.03237204247206121,0.7
3.922669989766952,1.5992484120400763,0.7,649.1144816340621,3.8395735196357474,2.267000000000002,0.032380354982138995,2.267000000000002,0.15,0.03237204247206121,0.7
3.92252794003691,1.6002734612675384,0.7,649.7253733585475,3.838173323433635,2.2680000000000025,0.032380354982138995,2.268000000000002,0.15,0.03237204247206121,0.7
3.9223850748620914,1.6012992534836619,0.7,650.3378315170646,3.8367691224372087,2.269000000000002,0.032380354982138995,2.269000000000002,0.15,0.03237204247206121,0.7
3.922236006319646,1.6023235941055118,0.7,650.9538169390056,3.8353415622721387,2.270000000000002,0.032380354982138995,2.270000000000002,0.15,0.03237204247206121,0.7
3.922085960131523,1.6033486542414228,0.7,651.571498118387,3.8339093721675184,2.271000000000002,0.032380354982138995,2.271000000000002,0.15,0.03237204247206121,0.7
3.9219352143573416,1.6043745522062776,0.7,652.1907804065386,3.832473545907174,2.272000000000002,0.032380354982138995,2.272000000000002,0.15,0.03237204247206121,0.7
3.9217808617257925,1.6053996654352514,0.7,652.812962851216,3.831024067550418,2.273000000000002,0.032380354982138995,2.273000000000002,0.15,0.03237204247206121,0.7
3.9216256441943855,1.606425551962028,0.7,653.4368269549151,3.829570355770167,2.2740000000000022,0.032380354982138995,2.274000000000002,0.15,0.03237204247206121,0.7
3.9214696999602365,1.6074522937079838,0.7,654.0623267639071,3.828112881933551,2.275000000000002,0.032380354982138995,2.275000000000002,0.15,0.03237204247206121,0.7
3.921309765790399,1.6084779179936208,0.7,654.6957677390391,3.826640574586366,2.276000000000002,0.032380354982138995,2.276000000000002,0.15,0.03237204247206121,0.7
3.9211491054313057,1.6095044512158176,0.7,655.3309730010724,3.82516445368558,2.2770000000000015,0.032380354982138995,2.277000000000002,0.15,0.03237204247206121,0.7
3.9209872575937865,1.6105316552187485,0.7,655.9690954102085,3.823682912088863,2.278000000000002,0.032380354982138995,2.278000000000002,0.15,0.03237204247206121,0.7
3.9208207258888224,1.6115576875467394,0.7,656.6189953593813,3.822183805473685,2.2790000000000017,0.03238035498213899,2.279000000000002,0.15,0.03237204247206121,0.7
3.9206534362349803,1.6125846132879802,0.7,657.2709580899434,3.8206807735272883,2.280000000000002,0.032380354982138995,2.280000000000002,0.15,0.03237204247206121,0.7
3.920483281249065,1.613611411312638,0.7,657.9287702197875,3.819166407963219,2.281000000000002,0.032380354982138995,2.281000000000002,0.15,0.03237204247206121,0.7
3.9203064461100037,1.6146362388061615,0.7,658.5993453314785,3.8176272926752968,2.282000000000002,0.032380354982138995,2.282000000000002,0.15,0.03237204247206121,0.7
3.9201286783729916,1.6156619040323188,0.7,659.2724016449748,3.8160836093895294,2.283000000000002,0.03238035498213899,2.283000000000002,0.15,0.03237204247206121,0.7
3.9199486222225746,1.6166878194399743,0.7,659.948707636812,3.8145305225226855,2.284000000000002,0.032380354982138995,2.284000000000002,0.15,0.03237204247206121,0.7
3.9197663706329107,1.617714035446313,0.7,660.628226049491,3.8129683534643157,2.285000000000002,0.032380354982138995,2.285000000000002,0.15,0.03237204247206121,0.7
3.9195831919247994,1.6187411134584968,0.7,661.3102563522776,3.8114016139452147,2.286000000000002,0.03238035498213899,2.286000000000002,0.15,0.03237204247206121,0.7
3.9193961588128605,1.6197667263251543,0.7,661.9961249479722,3.8098209189569046,2.2870000000000017,0.032380354982138995,2.287000000000002,0.15,0.03237204247206121,0.7
3.919207488904135,1.6207926219058655,0.7,662.6848225816103,3.8082333933562067,2.288000000000002,0.032380354982138995,2.288000000000002,0.15,0.03237204247206121,0.7
3.919017262408999,1.6218190582276,0.7,663.3765354015104,3.8066391006664455,2.289000000000002,0.032380354982138995,2.289000000000002,0.15,0.03237204247206121,0.7
3.918822645872377,1.6228446664366447,0.7,664.0733398351526,3.8050280759376363,2.290000000000002,0.03238035498213899,2.290000000000002,0.15,0.03237204247206121,0.7
3.918627037538478,1.623871089496702,0.7,664.7723440910922,3.8034122692182284,2.291000000000002,0.032380354982138995,2.291000000000002,0.15,0.03237204247206121,0.7
3.9184285777951273,1.6248978879322582,0.7,665.4748514506572,3.801784683783787,2.292000000000002,0.032380354982138995,2.292000000000002,0.15,0.03237204247206121,0.7
3.9182276427576945,1.6259252118370962,0.7,666.1804896055395,3.800146673562939,2.293000000000002,0.032380354982138995,2.293000000000002,0.15,0.03237204247206121,0.7
3.9180258182315217,1.6269534607717613,0.7,666.888123654525,3.7985041802965944,2.294000000000002,0.03238035498213899,2.294000000000002,0.15,0.03237204247206121,0.7
3.9178198202474652,1.6279809660597173,0.7,667.5996516340591,3.7968457327388023,2.295000000000002,0.032380354982138995,2.295000000000002,0.15,0.03237204247206121,0.7
3.9176128943820587,1.6290093716324476,0.7,668.3130409068432,3.795182673162892,2.296000000000002,0.032380354982138995,2.296000000000002,0.15,0.03237204247206121,0.7
3.917403140759023,1.6300376475034917,0.7,669.0299860554851,3.793508432840215,2.297000000000002,0.032380354982138995,2.297000000000002,0.15,0.03237204247206121,0.7
3.9171901511576457,1.6310655933492915,0.7,669.750875380946,3.791821579510028,2.298000000000002,0.032380354982138995,2.298000000000002,0.15,0.03237204247206121,0.7
3.9169762717240397,1.6320944956508792,0.7,670.4736591218946,3.79013021049375,2.299000000000002,0.032380354982138995,2.299000000000002,0.15,0.03237204247206121,0.7
3.916757929442663,1.6331231733846672,0.7,671.2000050479485,3.7884212190465707,2.300000000000002,0.032380354982138995,2.300000000000002,0.15,0.03237204247206121,0.7
3.916591735823665,1.6340791053487265,0.7,671.8278051705079,3.7869853500959505,2.301000000000002,0.032380355021076716,2.301000000000002,0.15,0.03237204247206121,0.7
3.916423881022528,1.63503526399114,0.7,672.4579117107555,3.7855426096897986,2.302000000000002,0.03238035506001444,2.302000000000002,0.15,0.03237204247206121,0.7
3.9162531525666315,1.635991163738656,0.7,673.090768476591,3.7840886332268324,2.303000000000002,0.03238035509895216,2.303000000000002,0.15,0.03237204247206121,0.7
3.9160817357365088,1.6369477866469015,0.7,673.72559641423,3.7826311799339867,2.304000000000002,0.03238035513788989,2.304000000000002,0.15,0.03237204247206121,0.7
3.9159066625935206,1.6379028336765373,0.7,674.3699438976729,3.781160672061394,2.305000000000002,0.03238035517682761,2.305000000000002,0.15,0.03237204247206121,0.7
3.9157283524625988,1.6388566566858789,0.7,675.022633424505,3.779678435946659,2.306000000000002,0.03238035521576533,2.306000000000002,0.15,0.03237204247206121,0.7
3.9155493780576474,1.63981126335573,0.7,675.6770889907084,3.7781927591904934,2.307000000000002,0.03238035525470305,2.307000000000002,0.15,0.03237204247206121,0.7
3.9153637036208933,1.6407643468402318,0.7,676.3486012165786,3.7766818093379118,2.3080000000000025,0.03238035529364078,2.308000000000002,0.15,0.03237204247206121,0.7
3.9151761327895027,1.6417177547173971,0.7,677.0248374464089,3.775162950422581,2.3090000000000015,0.032380355332578506,2.309000000000002,0.15,0.03237204247206121,0.7
3.914987570586785,1.642671866632896,0.7,677.7027721295719,3.773639423609209,2.310000000000002,0.03238035537151623,2.310000000000002,0.15,0.03237204247206121,0.7
3.9147967529602736,1.6436263005339564,0.7,678.3831974893139,3.7721065596303758,2.311000000000002,0.03238035541045395,2.311000000000002,0.15,0.03237204247206121,0.7
3.9146052999104715,1.6445815523543312,0.7,679.0650929220209,3.770570335951746,2.312000000000002,0.032380355449391676,2.312000000000002,0.15,0.03237204247206121,0.7
3.9144113135301093,1.645536162497748,0.7,679.7491199297239,3.7690246122959743,2.313000000000002,0.0323803554883294,2.313000000000002,0.15,0.03237204247206121,0.7
3.9142153108189146,1.6464905452701526,0.7,680.4351057379104,3.7674710447395183,2.314000000000002,0.03238035552726712,2.314000000000002,0.15,0.03237204247206121,0.7
3.9140186286568746,1.647445747224592,0.7,681.1225906903766,3.7659139403971063,2.315000000000002,0.03238035556620484,2.315000000000002,0.15,0.03237204247206121,0.7
3.913817735748697,1.6483999030255172,0.7,681.8127070143075,3.7643410536330313,2.316000000000002,0.03238035560514256,2.316000000000002,0.15,0.03237204247206121,0.7
3.913616194680799,1.6493549040187867,0.7,682.5043252533873,3.762764728952395,2.317000000000002,0.03238035564408029,2.317000000000002,0.15,0.03237204247206121,0.7
3.913412337284673,1.65031004047216,0.7,683.1980740621123,3.7611789986265327,2.318000000000002,0.03238035568301802,2.318000000000002,0.15,0.03237204247206121,0.7
3.913206012116468,1.6512652430872337,0.7,683.894031754946,3.759583325835006,2.319000000000002,0.03238035572195574,2.319000000000002,0.15,0.03237204247206121,0.7
3.9129990294333545,1.6522212863736292,0.7,684.5915304830193,3.7579841823335,2.320000000000002,0.03238035576089346,2.320000000000002,0.15,0.03237204247206121,0.7
3.912789071307727,1.6531776801984568,0.7,685.292001473273,3.7563727932502387,2.321000000000002,0.03238035579983117,2.321000000000002,0.15,0.03237204247206121,0.7
3.9125783806613397,1.6541348949511132,0.7,685.9940799161172,3.7547576531792815,2.322000000000002,0.03238035583876891,2.322000000000002,0.15,0.03237204247206121,0.7
3.9123645209623654,1.6550910842278985,0.7,686.7022192468391,3.7531308604222127,2.323000000000002,0.03238035587770663,2.323000000000002,0.15,0.03237204247206121,0.7
3.912147601284874,1.6560462974362287,0.7,687.4164849873563,3.7514928020652922,2.324000000000002,0.03238035591664436,2.324000000000002,0.15,0.03237204247206121,0.7
3.911929525387865,1.6570021117696616,0.7,688.1331632537758,3.7498495179635416,2.325000000000002,0.03238035595558207,2.325000000000002,0.15,0.03237204247206121,0.7
3.911707579313862,1.657957748771534,0.7,688.8544136347153,3.7481909329003593,2.326000000000002,0.0323803559945198,2.326000000000002,0.15,0.03237204247206121,0.7
3.911484769551059,1.6589141491918677,0.7,689.5779675612898,3.7465281296445285,2.327000000000002,0.03238035603345752,2.327000000000002,0.15,0.03237204247206121,0.7
3.9112584314788457,1.6598702982085891,0.7,690.3055371666412,3.7448514612546773,2.3280000000000016,0.03238035607239524,2.328000000000002,0.15,0.03237204247206121,0.7
3.911030187594796,1.6608268220693871,0.7,691.0360866024386,3.7431667936576485,2.3290000000000024,0.03238035611133297,2.329000000000002,0.15,0.03237204247206121,0.7
3.910799006299403,1.6617824293302959,0.7,691.7752441293793,3.7414712921767848,2.3300000000000023,0.03238035615027069,2.330000000000002,0.15,0.03237204247206121,0.7
3.910563445408457,1.6627359612182804,0.7,692.5272056402357,3.739760345849677,2.331000000000002,0.03238035618920841,2.331000000000002,0.15,0.03237204247206121,0.7
3.910326683403739,1.6636902245184972,0.7,693.2818349898394,3.73804386440016,2.3320000000000016,0.03238035622814614,2.332000000000002,0.15,0.03237204247206121,0.7
3.9100837154398325,1.664643753781682,0.7,694.0483502978798,3.7363033052982297,2.333000000000002,0.032380356267083854,2.333000000000002,0.15,0.03237204247206121,0.7
3.90983998834756,1.6655981649935065,0.7,694.8165520470861,3.7345588278568305,2.334000000000002,0.03238035630602158,2.334000000000002,0.15,0.03237204247206121,0.7
3.9095936198410732,1.6665535104467475,0.7,695.5873240508225,3.732802838938194,2.335000000000002,0.0323803563449593,2.335000000000002,0.15,0.03237204247206121,0.7
3.9093460284043267,1.667509735913206,0.7,696.3599955558174,3.7310410757262304,2.336000000000002,0.03238035638389703,2.336000000000002,0.15,0.03237204247206121,0.7
3.90909558200853,1.6684657053811358,0.7,697.1350372609476,3.7292681562366936,2.3370000000000024,0.03238035642283475,2.337000000000002,0.15,0.03237204247206121,0.7
3.9088428633218744,1.6694217529924034,0.7,697.9122715383573,3.727486074558446,2.3380000000000023,0.03238035646177248,2.338000000000002,0.15,0.03237204247206121,0.7
3.908588296860011,1.670378018977873,0.7,698.6916571432184,3.725696376784189,2.3390000000000026,0.0323803565007102,2.339000000000002,0.15,0.03237204247206121,0.7
3.908331214301967,1.6713340675514634,0.7,699.47347607561,3.723896821706556,2.340000000000002,0.03238035653964792,2.340000000000002,0.15,0.03237204247206121,0.7
3.9080726119591773,1.672290863465899,0.7,700.2573270816677,3.7220904436844333,2.341000000000002,0.032380356578585644,2.341000000000002,0.15,0.03237204247206121,0.7
3.9078103360252383,1.6732480017435052,0.7,701.0441022711337,3.720269042496844,2.342000000000002,0.03238035661752337,2.342000000000002,0.15,0.03237204247206121,0.7
3.9075470194542583,1.6742058588089725,0.7,701.833038705392,3.718442759815238,2.3430000000000026,0.03238035665646109,2.343000000000002,0.15,0.03237204247206121,0.7
3.9072794562161453,1.6751617303406694,0.7,702.6304583846506,3.716601474436151,2.3440000000000025,0.032380356695398814,2.344000000000002,0.15,0.03237204247206121,0.7
3.9070110228484953,1.6761184115246088,0.7,703.4299575568302,3.7147558988966654,2.3450000000000024,0.03238035673433654,2.345000000000002,0.15,0.03237204247206121,0.7
3.9067401127678614,1.677078529213222,0.7,704.2361946127221,3.712896969203943,2.3460000000000023,0.03238035677327426,2.346000000000002,0.15,0.03237204247206121,0.7
3.9064682315099897,1.6780397850495874,0.7,705.0450176127629,3.7110330160948326,2.347000000000002,0.032380356812211984,2.347000000000002,0.15,0.03237204247206121,0.7
3.9061904217456567,1.6789960998746627,0.7,705.8661889081698,3.7091502962588763,2.348000000000002,0.032380356851149705,2.348000000000002,0.15,0.03237204247206121,0.7
3.9059106144774813,1.6799519947965094,0.7,706.6920310752306,3.7072600073072173,2.349000000000002,0.03238035689008743,2.349000000000002,0.15,0.03237204247206121,0.7
3.9056273747145602,1.6809095882446947,0.7,707.5220736304553,3.705354291905643,2.350000000000002,0.03238035692902516,2.350000000000002,0.15,0.03237204247206121,0.7
3.9053423925592092,1.6818682674714023,0.7,708.3552683872047,3.7034405220333424,2.351000000000002,0.032380356967962876,2.351000000000002,0.15,0.03237204247206121,0.7
3.9050517101886215,1.6828245861565194,0.7,709.2066111807344,3.7015063067362433,2.352000000000002,0.032380357006900604,2.352000000000002,0.15,0.03237204247206121,0.7
3.9047584555381807,1.683780762361518,0.7,710.0655014865015,3.699561942952543,2.3530000000000024,0.032380357045838325,2.353000000000002,0.15,0.03237204247206121,0.7
3.904461572150018,1.6847384001814643,0.7,710.9272900206939,3.697601601733997,2.3540000000000014,0.032380357084776046,2.354000000000002,0.15,0.03237204247206121,0.7
3.9041627939164965,1.6856971174263333,0.7,711.791389386943,3.695632601055747,2.355000000000002,0.032380357123713774,2.355000000000002,0.15,0.03237204247206121,0.7
3.90386208455103,1.6866568605731063,0.7,712.658355081784,3.693654851563426,2.356000000000002,0.032380357162651495,2.356000000000002,0.15,0.03237204247206121,0.7
3.903560130408743,1.6876175382020573,0.7,713.5275901412043,3.691671189148263,2.357000000000002,0.032380357201589216,2.357000000000002,0.15,0.03237204247206121,0.7
3.903254748585626,1.6885787851624474,0.7,714.3996357992195,3.6896732539547124,2.358000000000002,0.03238035724052694,2.358000000000002,0.15,0.03237204247206121,0.7
3.902947841039381,1.6895408692409326,0.7,715.2738982845239,3.6876683807575095,2.359000000000002,0.032380357279464665,2.359000000000002,0.15,0.03237204247206121,0.7
3.9026379765581196,1.6905037190792895,0.7,716.1511278796735,3.685650907767787,2.360000000000002,0.032380357318402386,2.360000000000002,0.15,0.03237204247206121,0.7
3.9023268389490102,1.6914674646742716,0.7,717.030542658457,3.6836274453246576,2.361000000000002,0.03238035735734011,2.361000000000002,0.15,0.03237204247206121,0.7
3.9020132548699764,1.692431713408472,0.7,717.915037168948,3.681593688763918,2.3620000000000014,0.03238035739627783,2.362000000000002,0.15,0.03237204247206121,0.7
3.901698423153953,1.6933969419457764,0.7,718.8018879459773,3.6795539622281184,2.363000000000002,0.03238035743521556,2.363000000000002,0.15,0.03237204247206121,0.7
3.90137934676002,1.6943641492257862,0.7,719.692301022612,3.6774952914358834,2.364000000000002,0.03238035747415328,2.364000000000002,0.15,0.03237204247206121,0.7
3.901058304370328,1.6953314486539388,0.7,720.5898589032281,3.6754286623010968,2.365000000000002,0.032380357513091,2.365000000000002,0.15,0.03237204247206121,0.7
3.900731719879625,1.6962954997896538,0.7,721.5139591837639,3.673343101051779,2.366000000000002,0.03238035755202873,2.366000000000002,0.15,0.03237204247206121,0.7
3.9004033201716743,1.6972612350937752,0.7,722.443259820692,3.671248596827912,2.367000000000002,0.03238035759096645,2.367000000000002,0.15,0.03237204247206121,0.7
3.900072386259672,1.698229805847401,0.7,723.3798763067238,3.6691411250940043,2.3680000000000017,0.03238035762990417,2.368000000000002,0.15,0.03237204247206121,0.7
3.899739788652196,1.6992013873453153,0.7,724.32129397083,3.6670239868054044,2.369000000000002,0.0323803576688419,2.369000000000002,0.15,0.03237204247206121,0.7
3.899405465536782,1.7001760261584806,0.7,725.2675026499123,3.6648968879694155,2.370000000000002,0.03238035770777962,2.370000000000002,0.15,0.03237204247206121,0.7
3.8990680455460383,1.701149812497846,0.7,726.2222017897669,3.662758254643853,2.371000000000002,0.032380357746717346,2.371000000000002,0.15,0.03237204247206121,0.7
3.898728528636237,1.7021237742405984,0.7,727.1821289957595,3.6606110585898124,2.3720000000000017,0.03238035778565507,2.372000000000002,0.15,0.03237204247206121,0.7
3.898386943329021,1.703101697077813,0.7,728.1451403696558,3.6584516339880166,2.3730000000000016,0.03238035782459279,2.373000000000002,0.15,0.03237204247206121,0.7
3.898043990817119,1.7040813203183636,0.7,729.1105819429871,3.656285040153153,2.374000000000002,0.03238035786353051,2.374000000000002,0.15,0.03237204247206121,0.7
3.8976986735151273,1.7050652124525005,0.7,730.0791382948472,3.654104704400017,2.375000000000002,0.03238035790246824,2.375000000000002,0.15,0.03237204247206121,0.7
3.8973522605160036,1.706050617987543,0.7,731.0510107962684,3.6519184774019062,2.376000000000002,0.03238035794140596,2.376000000000002,0.15,0.03237204247206121,0.7
3.8970048145922958,1.7070383554772055,0.7,732.0278197423602,3.6497257986587077,2.3770000000000024,0.03238035798034368,2.377000000000002,0.15,0.03237204247206121,0.7
3.896656623755529,1.708028959286896,0.7,733.0074293967709,3.6475272684777305,2.378000000000002,0.0323803580192814,2.378000000000002,0.15,0.03237204247206121,0.7
3.896307636783584,1.7090223179025625,0.7,733.989823186936,3.645322794177697,2.3790000000000022,0.03238035805821913,2.3790000000000022,0.15,0.03237204247206121,0.7
3.895956443410603,1.710019774736078,0.7,734.9863988218602,3.643105397854052,2.380000000000002,0.03238035809715685,2.380000000000002,0.15,0.03237204247206121,0.7
3.8956036750491267,1.71101922031715,0.7,735.989600365794,3.6408797133369455,2.381000000000002,0.03238035813609458,2.381000000000002,0.15,0.03237204247206121,0.7
3.8952510326279106,1.712022074810011,0.7,737.0212507545863,3.638651123891512,2.382000000000002,0.03238035817503229,2.382000000000002,0.15,0.03237204247206121,0.7
3.8948970976653965,1.7130280403839822,0.7,738.0570071360052,3.636414253517054,2.383000000000002,0.03238035821397002,2.3830000000000022,0.15,0.03237204247206121,0.7
3.8945418462613848,1.7140414590477975,0.7,739.0980716158156,3.634164665347356,2.384000000000002,0.03238035825290774,2.384000000000002,0.15,0.03237204247206121,0.7
3.894186799036291,1.7150612377208099,0.7,740.1455326376924,3.6319095275276276,2.385000000000002,0.03238035829184547,2.385000000000002,0.15,0.03237204247206121,0.7
3.893831936368656,1.7160871942116231,0.7,741.1986920141637,3.6296489440714588,2.386000000000002,0.03238035833078319,2.386000000000002,0.15,0.03237204247206121,0.7
3.8934786401470416,1.7171211739706564,0.7,742.2552675486165,3.627386610982479,2.3870000000000022,0.03238035836972091,2.3870000000000022,0.15,0.03237204247206121,0.7
3.8931250103690958,1.7181585588408763,0.7,743.3147187715883,3.6251195410066686,2.388000000000002,0.03238035840865863,2.388000000000002,0.15,0.03237204247206121,0.7
3.8927766460159194,1.7192094117016974,0.7,744.3796357073569,3.6228600688771695,2.389000000000002,0.03238035844759636,2.389000000000002,0.15,0.03237204247206121,0.7
3.892429076588532,1.7202648847630349,0.7,745.4471822544594,3.6205991551500794,2.390000000000002,0.03238035848653408,2.390000000000002,0.15,0.03237204247206121,0.7
3.89208600028361,1.721331254964903,0.7,746.5173849310848,3.618345312708092,2.3910000000000022,0.03238035852547181,2.3910000000000022,0.15,0.03237204247206121,0.7
3.8917473961882743,1.7224060214656447,0.7,747.5949717518,3.6161009698309727,2.392000000000002,0.03238035856440953,2.392000000000002,0.15,0.03237204247206121,0.7
3.8914134280691255,1.723489575858587,0.7,748.680296606992,3.613866390838405,2.393000000000002,0.03238035860334725,2.393000000000002,0.15,0.03237204247206121,0.7
3.8910880714259797,1.7245916270186397,0.7,749.7911814339694,3.6116477437919996,2.394000000000002,0.03238035864228497,2.394000000000002,0.15,0.03237204247206121,0.7
3.8907660897360636,1.7257030195772596,0.7,750.9162310203149,3.6094332468136185,2.3950000000000022,0.0323803586812227,2.3950000000000022,0.15,0.03237204247206121,0.7
3.890470264808215,1.726855742107206,0.7,752.0432396922247,3.60728206038762,2.396000000000002,0.03238035872016042,2.396000000000002,0.15,0.03237204247206121,0.7
3.8901789233220483,1.7280179711649664,0.7,753.1731283122778,3.6051393039096675,2.397000000000002,0.03238035875909814,2.397000000000002,0.15,0.03237204247206121,0.7
3.8899151567787973,1.729231574718937,0.7,754.3279128909229,3.6030554703831394,2.398000000000002,0.03238035879803587,2.398000000000002,0.15,0.03237204247206121,0.7
3.889654143084481,1.730453475962596,0.7,755.4888883590853,3.600974350256142,2.3990000000000022,0.0323803588369736,2.3990000000000022,0.15,0.03237204247206121,0.7
3.889394223946831,1.731705472703722,0.7,756.6954451556212,3.598867507893689,2.400000000000002,0.03238035887591132,2.400000000000002,0.15,0.03237204247206121,0.7
3.889189192922955,1.732849494617147,0.7,757.7061697675482,3.597080646329749,2.401000000000002,0.03238035887591132,2.401000000000002,0.15,0.03237204247206121,0.7
3.8889887350678447,1.734010562140868,0.7,758.7304118296685,3.595295029793058,2.402000000000002,0.032380358875911314,2.402000000000002,0.15,0.03237204247206121,0.7
3.8887890845011346,1.7351772797576634,0.7,759.7603451663585,3.5935069919762808,2.403000000000002,0.032380358875911314,2.4030000000000022,0.15,0.03237204247206121,0.7
3.8885972061419767,1.7363653091643094,0.7,760.808612208389,3.591728735796973,2.4040000000000017,0.03238035887591132,2.404000000000002,0.15,0.03237204247206121,0.7
3.8884129756749717,1.7375743325971895,0.7,761.874740822631,3.5899600815920882,2.4050000000000016,0.032380358875911314,2.405000000000002,0.15,0.03237204247206121,0.7
3.888232662136243,1.7387918698677538,0.7,762.9470250134355,3.588198581266479,2.406000000000002,0.032380358875911314,2.406000000000002,0.15,0.03237204247206121,0.7
3.888079220556644,1.7400542313826242,0.7,764.0443898391507,3.5864997442862148,2.4070000000000022,0.032380358875911314,2.4070000000000022,0.15,0.03237204247206121,0.7
3.887925102135295,1.7413178537687843,0.7,765.1437178674423,3.5847969390330534,2.4080000000000017,0.032380358875911314,2.408000000000002,0.15,0.03237204247206121,0.7
3.887796869017609,1.7426236959856627,0.7,766.2492393931095,3.583155452316432,2.409000000000002,0.03238035887591132,2.409000000000002,0.15,0.03237204247206121,0.7
3.8876872439895633,1.7439605869024806,0.7,767.3605319580153,3.581557347157642,2.4100000000000015,0.03238035887591132,2.410000000000002,0.15,0.03237204247206121,0.7
3.887577035727702,1.7452989582716074,0.7,768.4747477524458,3.5799554285357695,2.4110000000000023,0.032380358875911314,2.4110000000000023,0.15,0.03237204247206121,0.7
3.887523892515546,1.7467224095809701,0.7,769.6061551359921,3.5784966908281137,2.4120000000000017,0.032380358875911314,2.412000000000002,0.15,0.03237204247206121,0.7
3.887497437811047,1.7481869017151492,0.7,770.7470907913303,3.577103666785619,2.4130000000000025,0.032380358875911314,2.413000000000002,0.15,0.03237204247206121,0.7
3.887470813960811,1.7496534970495352,0.7,771.8908900920339,3.575707863114783,2.414000000000002,0.03238035887591132,2.414000000000002,0.15,0.03237204247206121,0.7
3.8874463141838715,1.751125548114108,0.7,773.0402773715634,3.5743151002027465,2.4150000000000023,0.032380358875911314,2.4150000000000023,0.15,0.03237204247206121,0.7
3.887589126630773,1.7528439615791775,0.7,774.3908611038993,3.5733452267982004,2.4160000000000026,0.032380358875911314,2.416000000000002,0.15,0.03237204247206121,0.7
3.8877320877303188,1.7545647137286842,0.7,775.7446468350238,3.572373609275238,2.4170000000000016,0.032380358875911314,2.417000000000002,0.15,0.03237204247206121,0.7
3.8878751979227624,1.756287811488926,0.7,777.1016440480447,3.5714002424684397,2.418000000000002,0.032380358875911314,2.418000000000002,0.15,0.03237204247206121,0.7
3.8880184576500953,1.7580132618135789,0.7,778.4618622635552,3.5704251211919704,2.4190000000000023,0.032380358875911314,2.4190000000000023,0.15,0.03237204247206121,0.7
3.888403012478168,1.7600751292104695,0.7,780.1475691149869,3.5700787523070256,2.420000000000002,0.03238035887591132,2.420000000000002,0.15,0.03237204247206121,0.7
3.88879623208336,1.762151261994697,0.7,781.8494373169224,3.5697527767680923,2.421000000000002,0.032380358875911314,2.421000000000002,0.15,0.03237204247206121,0.7
3.889325531484435,1.7644241863226833,0.7,783.7716122089256,3.5697743458758624,2.4220000000000024,0.03238035887591132,2.422000000000002,0.15,0.03237204247206121,0.7
3.8899631489230706,1.7668536931923282,0.7,785.862726143061,3.5700726107134777,2.4230000000000027,0.032380358875911314,2.4230000000000023,0.15,0.03237204247206121,0.7
3.8907831110515168,1.7695415959657117,0.7,788.1977398811672,3.5708418219036777,2.424000000000002,0.03238035887591132,2.424000000000002,0.15,0.03237204247206121,0.7
3.891812672248823,1.7725311021702208,0.7,790.8414161464485,3.5721478471102657,2.425000000000002,0.03238035887591132,2.425000000000002,0.15,0.03237204247206121,0.7
3.8930797478226324,1.7758575329027328,0.7,793.8074979324202,3.574067015402395,2.4260000000000015,0.032380358875911314,2.426000000000002,0.15,0.03237204247206121,0.7
3.8946420706538234,1.7796235695382012,0.7,797.1810262423048,3.576727569029238,2.4270000000000023,0.032380358875911314,2.4270000000000023,0.15,0.03237204247206121,0.7
3.896682079861205,1.784138808247477,0.7,801.2062675785987,3.580549652720044,2.428000000000002,0.032380358875911314,2.428000000000002,0.15,0.03237204247206121,0.7
3.89933380875873,1.7895326190815106,0.7,806.0539139834809,3.585940032319288,2.4290000000000016,0.032380358875911314,2.429000000000002,0.15,0.03237204247206121,0.7
3.9028568071027863,1.7962411060185182,0.7,812.0938888673553,3.5935008374305815,2.430000000000002,0.03238035887591132,2.430000000000002,0.15,0.03237204247206121,0.7
3.9078534321038343,1.8054529651391307,0.7,820.2317441641909,3.6044527516337306,2.4310000000000023,0.032380358875911314,2.4310000000000023,0.15,0.03237204247206121,0.7
3.9156126351067884,1.8194443582914603,0.7,832.4776429201912,3.621675478102396,2.4320000000000017,0.032380358875911314,2.432000000000002,0.15,0.03237204247206121,0.7
3.9300235310917078,1.8472382482449172,0.7,853.9228855228166,3.6517024397028215,2.433000000000002,0.032380358875911314,2.433000000000002,0.15,0.03237204247206121,0.7
3.9256911410583615,1.8589218405659007,0.7,860.185887057481,3.6228665880267803,2.434000000000002,0.032380358875911314,2.434000000000002,0.15,0.03237204247206121,0.7
3.887249562867753,1.868465593780754,0.7,866.320393549021,3.45973380702984,2.4350000000000023,0.032380358875911314,2.4350000000000023,0.15,0.03237204247206121,0.7
3.859941414045174,1.8666449747621527,0.7,872.1952960537099,3.3524991102065242,2.4360000000000017,0.032380358875911314,2.436000000000002,0.15,0.03237204247206121,0.7
3.8331530850428104,1.8534880283726758,0.7,877.8056180905924,3.2586800395510953,2.437000000000002,0.032380358875911314,2.437000000000002,0.15,0.03237204247206121,0.7
3.808334049245987,1.8224738153855962,0.7,883.2070203819887,3.1905953915913616,2.438000000000002,0.03238035887591132,2.438000000000002,0.15,0.03237204247206121,0.7
3.7834857049697996,1.7621389286398705,0.7,888.2327447346194,3.1517141847101464,2.4390000000000023,0.03238040348497744,2.4390000000000023,0.15,0.03237204247206121,0.7
3.7600681185544835,1.7591124427761349,0.7,892.6649300562124,3.0612476253843175,2.440000000000002,0.032432824407448935,2.440000000000002,0.15,0.03237204247206121,0.7
3.742531198248206,1.8091638290974277,0.7,897.2123929763261,2.9412258377752463,2.441000000000002,0.032773900465269956,2.441000000000002,0.15,0.03237204247206121,0.7
3.727114576320402,1.8556895473778405,0.7,902.6413642575382,2.8332109257453735,2.442000000000002,0.0334763846519571,2.442000000000002,0.15,0.03237204247206121,0.7
3.712911652933823,1.8985792931596657,0.7,909.6031376721602,2.733686778693509,2.4430000000000027,0.03712552244495795,2.4430000000000023,0.15,0.03237204247206121,0.7
3.6985408763779466,1.9411031174530289,0.7,919.1647960613338,2.633857128867226,2.4440000000000026,0.03922698155050426,2.444000000000002,0.15,0.03237204247206121,0.7
3.6848464249598343,1.9804214226352586,0.7,932.9635099146465,2.539938303524785,2.445000000000002,0.03997194373692507,2.445000000000002,0.15,0.03237204247206121,0.7
3.681831166536777,1.8817913066833714,0.7,944.5126567056286,2.6266846788715026,2.4460000000000024,0.04015624101721636,2.446000000000002,0.15,0.03237204247206121,0.7
3.679457713634538,1.8510063615162546,0.7,955.0958212975996,2.6481530916678957,2.4470000000000023,0.0403553984470535,2.4470000000000023,0.15,0.03237204247206121,0.7
3.6787705615758424,1.8289320379789575,0.7,963.5337948655672,2.6676560996842777,2.448000000000002,0.04060380207369181,2.448000000000002,0.15,0.03237204247206121,0.7
3.6794319885605207,1.809607465537046,0.7,970.6525526384039,2.689803670207638,2.4490000000000025,0.04088603305957965,2.449000000000002,0.15,0.03237204247206121,0.7
3.680437040209403,1.792755950841342,0.7,976.8808867621717,2.710852673753376,2.450000000000002,0.041178329719575066,2.450000000000002,0.15,0.03237204247206121,0.7
3.681479991340534,1.7792601569764432,0.7,982.5022642797422,2.7286975604484294,2.4510000000000023,0.04147337333453598,2.4510000000000023,0.15,0.03237204247206121,0.7
3.6825178480060528,1.7689748941315369,0.7,987.6824200520624,2.743311547125977,2.4520000000000026,0.041724768763069214,2.452000000000002,0.15,0.03237204247206121,0.7
3.6835343447325437,1.7612678776699962,0.7,992.5415882594856,2.755261824532563,2.4530000000000016,0.04196551486443411,2.453000000000002,0.15,0.03237204247206121,0.7
3.684480113013386,1.7555056105288993,0.7,997.1707651899811,2.764984462735331,2.454000000000002,0.04218142911388187,2.454000000000002,0.15,0.03237204247206121,0.7
3.685231726967321,1.7519484128797962,0.7,1001.653065973185,2.771725395769297,2.4550000000000027,0.04237343504877822,2.4550000000000023,0.15,0.03237204247206121,0.7
3.685394175323437,1.7519282335783548,0.7,1006.0783508036365,2.772572657590805,2.456000000000002,0.04253763708635298,2.456000000000002,0.15,0.03237204247206121,0.7
3.685561537988628,1.751844666299647,0.7,1010.5029937859209,2.773502964596292,2.457000000000002,0.04270113942169036,2.457000000000002,0.15,0.03237204247206121,0.7
3.6855371268905226,1.7531845408938733,0.7,1014.9831661768663,2.772242735146561,2.4580000000000024,0.042864129915589105,2.458000000000002,0.15,0.03237204247206121,0.7
3.685440686218793,1.755044590282314,0.7,1019.4846150850301,2.770174212775574,2.4590000000000023,0.043026545018123856,2.4590000000000023,0.15,0.03237204247206121,0.7
3.685369396156722,1.7566862915075037,0.7,1023.9962312987868,2.7684246404194996,2.460000000000002,0.043187839833154586,2.460000000000002,0.15,0.03237204247206121,0.7
3.6854252007135337,1.757318611205724,0.7,1028.5703341952867,2.768192824745091,2.4610000000000025,0.043345673817131704,2.461000000000002,0.15,0.03237204247206121,0.7
3.685482898849359,1.7579257305968023,0.7,1033.1442028439383,2.7679937836932105,2.4620000000000015,0.04350322150428191,2.462000000000002,0.15,0.03237204247206121,0.7
3.6855424013217553,1.758508837345471,0.7,1037.7178482846057,2.7678259726293826,2.4630000000000023,0.043660496387482255,2.4630000000000023,0.15,0.03237204247206121,0.7
3.6856036244094144,1.759069045639523,0.7,1042.2912808741457,2.7676879424806162,2.464000000000002,0.04381751112484936,2.464000000000002,0.15,0.03237204247206121,0.7
3.6856664894917057,1.759607401785494,0.7,1046.8645103384367,2.767578332457875,2.4650000000000016,0.04397427760331146,2.465000000000002,0.15,0.03237204247206121,0.7
3.685730082704854,1.7601358712763158,0.7,1051.4689453871833,2.767481522240559,2.466000000000002,0.04413084511013593,2.466000000000002,0.15,0.03237204247206121,0.7
3.685793917465383,1.760660516236633,0.7,1056.120291087379,2.767389503690933,2.4670000000000023,0.044287237698296726,2.4670000000000023,0.15,0.03237204247206121,0.7
3.6858591893006833,1.7611656015781714,0.7,1060.771456872385,2.767322793068456,2.4680000000000026,0.044443406009706296,2.468000000000002,0.15,0.03237204247206121,0.7
3.6859258363286935,1.7616519695601605,0.7,1065.4224504895542,2.767280300585262,2.469000000000002,0.044599359701974386,2.469000000000002,0.15,0.03237204247206121,0.7
3.6859938001700265,1.7621204147679512,0.7,1070.0732792477202,2.7672609981380716,2.470000000000002,0.04475510788606697,2.470000000000002,0.15,0.03237204247206121,0.7
3.6860630257036022,1.7625716874390196,0.7,1074.7239500477901,2.7672639150047273,2.4710000000000027,0.04491065916444338,2.4710000000000023,0.15,0.03237204247206121,0.7
3.686133460842453,1.7630064965143533,0.7,1079.3744694108116,2.7672881338960376,2.472000000000002,0.04506602166604419,2.472000000000002,0.15,0.03237204247206121,0.7
3.6861883396623774,1.763570869971152,0.7,1084.0622778835796,2.7671205637931515,2.4730000000000025,0.04522150469111461,2.473000000000002,0.15,0.03237204247206121,0.7
3.6862344241612806,1.7642051327550479,0.7,1088.7726102306024,2.7668479274850615,2.474000000000002,0.045376961609250865,2.474000000000002,0.15,0.03237204247206121,0.7
3.6862818381357125,1.764821261362796,0.7,1093.4827929336334,2.766598743264196,2.4750000000000023,0.045532209946283174,2.4750000000000023,0.15,0.03237204247206121,0.7
3.6863305296784623,1.7654199638138455,0.7,1098.1928318352743,2.766372095481906,2.476000000000002,0.045687257845921786,2.476000000000002,0.15,0.03237204247206121,0.7
3.6863804495497785,1.7660019117432115,0.7,1102.9027324778888,2.766167115543841,2.4770000000000016,0.045842113033379754,2.477000000000002,0.15,0.03237204247206121,0.7
3.6864315510081966,1.7665677427090292,0.7,1107.6125001226326,2.7659829789256953,2.478000000000002,0.045996782841914365,2.478000000000002,0.15,0.03237204247206121,0.7
3.6864855809362838,1.7671052409980093,0.7,1112.326698609883,2.7658388886853476,2.4790000000000023,0.046151252286583025,2.4790000000000023,0.15,0.03237204247206121,0.7
3.6865541859813504,1.7675317606453287,0.7,1117.0752625409827,2.7658640761594113,2.480000000000002,0.04630539463046958,2.480000000000002,0.15,0.03237204247206121,0.7
3.6866237301529505,1.7679454930511755,0.7,1121.823730004273,2.765905807387026,2.481000000000002,0.04645939013783793,2.481000000000002,0.15,0.03237204247206121,0.7
3.6866941794009565,1.7683469018455207,0.7,1126.572104497409,2.7659634825374937,2.482000000000002,0.046613244132573686,2.482000000000002,0.15,0.03237204247206121,0.7
3.6867655013016676,1.7687364285127298,0.7,1131.3203893509813,2.7660365304314425,2.4830000000000023,0.04676696168426345,2.4830000000000023,0.15,0.03237204247206121,0.7
3.686837664961849,1.7691144936982095,0.7,1136.068587738362,2.766124406850328,2.484000000000002,0.0469205476231988,2.484000000000002,0.15,0.03237204247206121,0.7
3.686910640929481,1.7694814984236182,0.7,1140.8167026848885,2.76622659296423,2.485000000000002,0.04707400655433111,2.485000000000002,0.15,0.03237204247206121,0.7
3.6869844011106863,1.7698378252180225,0.7,1145.5647370763847,2.7663425938683934,2.4860000000000024,0.04722734287026033,2.486000000000002,0.15,0.03237204247206121,0.7
3.6870589186923346,1.7701838391716984,0.7,1150.3126936671201,2.766471937219853,2.487000000000002,0.04738056076333597,2.4870000000000023,0.15,0.03237204247206121,0.7
3.6871341927548515,1.770520415231582,0.7,1155.0692477512828,2.7666137447076435,2.4880000000000018,0.04753368317330135,2.488000000000002,0.15,0.03237204247206121,0.7
3.6872102531742796,1.77084901063449,0.7,1159.8531466821703,2.7667666792785757,2.4890000000000017,0.04768675469969784,2.489000000000002,0.15,0.03237204247206121,0.7
3.6872869991107264,1.7711682726278855,0.7,1164.6369818277658,2.766931689331673,2.490000000000002,0.04783971905995268,2.490000000000002,0.15,0.03237204247206121,0.7
3.687364408147954,1.771478506411959,0.7,1169.4207552738353,2.767108380001647,2.491000000000002,0.047992579758372345,2.4910000000000023,0.15,0.03237204247206121,0.7
3.687442458836528,1.7717800040237488,0.7,1174.2044690161795,2.7672963734535747,2.492000000000002,0.048145340148123925,2.492000000000002,0.15,0.03237204247206121,0.7
3.6875211306422497,1.7720730450392248,0.7,1178.988124965446,2.7674953079745546,2.493000000000002,0.04829800343929676,2.493000000000002,0.15,0.03237204247206121,0.7
3.6876004038978554,1.772357897230906,0.7,1183.7717249516138,2.767704837122886,2.4940000000000024,0.04845057270645302,2.494000000000002,0.15,0.03237204247206121,0.7
3.6876802597577445,1.7726348171842685,0.7,1188.5552707282118,2.7679246289305612,2.4950000000000023,0.04860305089570539,2.4950000000000023,0.15,0.03237204247206121,0.7
3.687760680155512,1.7729040508759262,0.7,1193.3387639762607,2.7681543651552274,2.496000000000002,0.04875544083135545,2.496000000000002,0.15,0.03237204247206121,0.7
3.687841647764091,1.7731658342163146,0.7,1198.1222063079936,2.7683937405780625,2.497000000000002,0.04890774522212521,2.497000000000002,0.15,0.03237204247206121,0.7
3.687923145958313,1.773420393559406,0.7,1202.9055992703313,2.7686424623443116,2.498000000000002,0.04905996666700939,2.498000000000002,0.15,0.03237204247206121,0.7
3.688004775982681,1.7736721100822714,0.7,1207.694345882109,2.7688945541008105,2.4990000000000023,0.049212152210318924,2.4990000000000023,0.15,0.03237204247206121,0.7
3.6880849787252936,1.7739379911297741,0.7,1212.5104190980808,2.7691267714291965,2.500000000000002,0.04936448484701729,2.500000000000002,0.15,0.03237204247206121,0.7
3.6878675526424387,1.7769905668658172,0.7,1215.3054015906055,2.765374823880813,2.501000000000002,0.04920164367357034,2.501000000000002,0.15,0.03237204247206121,0.7
3.6876481555294327,1.7800654985316013,0.7,1218.1005771069779,2.7615926362565544,2.502000000000002,0.04903892927538318,2.502000000000002,0.15,0.03237204247206121,0.7
3.6874267267723124,1.7831634736262616,0.7,1220.8959515831511,2.7577792786006445,2.5030000000000023,0.04887634555110286,2.5030000000000023,0.15,0.03237204247206121,0.7
3.687198524447262,1.7863230307520885,0.7,1223.7547091142533,2.753877242904809,2.5040000000000022,0.04871392933905214,2.5040000000000022,0.15,0.03237204247206121,0.7
3.6869648174114835,1.7895342963082677,0.7,1226.6581568413364,2.74990147870407,2.5050000000000026,0.048551678415331964,2.505000000000002,0.15,0.03237204247206121,0.7
3.686728816750621,1.7927715856777682,0.7,1229.561816766764,2.745890516161171,2.5060000000000016,0.04838957506624406,2.506000000000002,0.15,0.03237204247206121,0.7
3.6864914904075436,1.796031622202403,0.7,1232.4843675143923,2.7418515048295222,2.5070000000000023,0.04822761957915716,2.5070000000000023,0.15,0.03237204247206121,0.7
3.6862568469272823,1.7992990301618037,0.7,1235.4987484182166,2.7378158590028967,2.5080000000000022,0.04806579841272156,2.5080000000000022,0.15,0.03237204247206121,0.7
3.6860197088407367,1.8025947485265759,0.7,1238.513347953097,2.7337419243157433,2.5090000000000026,0.04790413768528809,2.509000000000002,0.15,0.03237204247206121,0.7
3.6857799935109474,1.8059197151143855,0.7,1241.528173361461,2.7296284324015603,2.510000000000002,0.047742642711599816,2.510000000000002,0.15,0.03237204247206121,0.7
3.6855463190017863,1.8092459843856563,0.7,1244.6525635127655,2.725537804936529,2.511000000000002,0.04758130610290728,2.5110000000000023,0.15,0.03237204247206121,0.7
3.6853104269387122,1.812602217145476,0.7,1247.78321874631,2.7214083439843866,2.5120000000000022,0.0474201414949675,2.5120000000000022,0.15,0.03237204247206121,0.7
3.6850717489793148,1.8159910894186007,0.7,1250.9141500512521,2.7172350999388653,2.513000000000002,0.0472591553959099,2.513000000000002,0.15,0.03237204247206121,0.7
3.684898334124042,1.8188533818555292,0.7,1254.1431733218276,2.7138494777339597,2.514000000000002,0.04709847295891718,2.514000000000002,0.15,0.03237204247206121,0.7
3.6847251039105244,1.821725481530052,0.7,1257.377217285697,2.7104547863860726,2.515000000000003,0.04693799341546283,2.5150000000000023,0.15,0.03237204247206121,0.7
3.6845203956670636,1.8248779351025162,0.7,1260.649296999029,2.7066538293348312,2.5160000000000022,0.04677790580120512,2.5160000000000022,0.15,0.03237204247206121,0.7
3.6842380244762487,1.828707059062867,0.7,1264.0207936461584,2.701865550884543,2.517000000000002,0.046618526781394734,2.517000000000002,0.15,0.03237204247206121,0.7
3.6839521286335555,1.8325781433530393,0.7,1267.3926271573519,2.6970212135302476,2.518000000000002,0.04645937342736574,2.518000000000002,0.15,0.03237204247206121,0.7
3.6836503827720986,1.8365807168042039,0.7,1270.878533815357,2.6919819923685466,2.5190000000000023,0.046300740116174965,2.5190000000000023,0.15,0.03237204247206121,0.7
3.6833421639343222,1.8406483368586266,0.7,1274.3886973147435,2.6868518338681007,2.5200000000000022,0.04614241733459218,2.5200000000000022,0.15,0.03237204247206121,0.7
3.6830355978142495,1.8447408767242532,0.7,1277.984832557815,2.6817033654468743,2.5210000000000026,0.045984331160625176,2.521000000000002,0.15,0.03237204247206121,0.7
3.682728821618963,1.8488668532544896,0.7,1281.6406940480972,2.676520619393257,2.5220000000000025,0.04582649901248569,2.522000000000002,0.15,0.03237204247206121,0.7
3.682414853935551,1.8530921952143915,0.7,1285.3647097318863,2.671209738421105,2.5230000000000024,0.04566905293234909,2.5230000000000024,0.15,0.03237204247206121,0.7
3.682092714657483,1.8574320405243083,0.7,1289.1738994919617,2.665751663290574,2.5240000000000022,0.04551204228334079,2.5240000000000022,0.15,0.03237204247206121,0.7
3.6817660582210454,1.8618487282150409,0.7,1293.056062615682,2.6601986821994834,2.525000000000002,0.04535566714089459,2.525000000000002,0.15,0.03237204247206121,0.7
3.6814348092590223,1.866348078968773,0.7,1297.0219911329987,2.654544673707526,2.526000000000002,0.04520003784808807,2.526000000000002,0.15,0.03237204247206121,0.7
3.681103660691734,1.8708376989650555,0.7,1301.0857879997175,2.648900793218011,2.5270000000000024,0.04504525757042161,2.5270000000000024,0.15,0.03237204247206121,0.7
3.6807707859169416,1.8753432678553743,0.7,1305.214520319634,2.6432340561347982,2.528000000000002,0.044891196535062745,2.5280000000000022,0.15,0.03237204247206121,0.7
3.6805071360340844,1.879330595353061,0.7,1309.4698358799665,2.638362464928925,2.529000000000002,0.04473832252776263,2.529000000000002,0.15,0.03237204247206121,0.7
3.6802405794685416,1.8833828246491668,0.7,1313.7835793704844,2.6334143460737267,2.530000000000002,0.044586279492096564,2.530000000000002,0.15,0.03237204247206121,0.7
3.6798209523088397,1.8887869477820471,0.7,1318.266025378843,2.626502046721638,2.5310000000000024,0.044435779199864675,2.5310000000000024,0.15,0.03237204247206121,0.7
3.6794042537484284,1.8942465425600121,0.7,1322.8779862566155,2.6195459864689252,2.5320000000000022,0.044286219499591654,2.5320000000000022,0.15,0.03237204247206121,0.7
3.678979784025522,1.8998445877544472,0.7,1327.606164813821,2.6124203942820627,2.533000000000002,0.04413783926830488,2.533000000000002,0.15,0.03237204247206121,0.7
3.678533861843294,1.9057036054512109,0.7,1332.4739354327123,2.6049480323777163,2.534000000000002,0.043991119501021615,2.534000000000002,0.15,0.03237204247206121,0.7
3.6780830482085167,1.911530171915794,0.7,1337.544624666096,2.5974885312855744,2.5350000000000024,0.04384527315557597,2.5350000000000024,0.15,0.03237204247206121,0.7
3.6776238742060965,1.917502673763731,0.7,1342.769203766192,2.5898496727352027,2.5360000000000023,0.04370042437364905,2.5360000000000023,0.15,0.03237204247206121,0.7
3.6772653272278855,1.9227094075340017,0.7,1348.14676877139,2.5833790842608915,2.537000000000002,0.04355702293341321,2.537000000000002,0.15,0.03237204247206121,0.7
3.6768872061640017,1.9282067636153883,0.7,1353.704987501872,2.5765395717442123,2.5380000000000025,0.04341562445525048,2.538000000000002,0.15,0.03237204247206121,0.7
3.676333783617561,1.935339627126546,0.7,1359.489221693966,2.567363351890905,2.5390000000000024,0.04327685917155872,2.5390000000000024,0.15,0.03237204247206121,0.7
3.675748015975435,1.942804567258888,0.7,1365.5255072926875,2.5577256771081713,2.5400000000000023,0.04314051077934061,2.5400000000000023,0.15,0.03237204247206121,0.7
3.6751505722506335,1.9504007007315203,0.7,1371.8327464135805,2.547910104388891,2.541000000000002,0.04300513563378487,2.541000000000002,0.15,0.03237204247206121,0.7
3.6745356370410676,1.958371954472139,0.7,1378.4229712635674,2.5376494441319584,2.542000000000002,0.04287186875095027,2.542000000000002,0.15,0.03237204247206121,0.7
3.67391901648214,1.9665227687628113,0.7,1385.3175462816769,2.5272024805830395,2.5430000000000024,0.04274011702218787,2.5430000000000024,0.15,0.03237204247206121,0.7
3.67349337868993,1.9731819747460357,0.7,1392.5432459250706,2.519011054916208,2.5440000000000023,0.042616357775983875,2.5440000000000023,0.15,0.03237204247206121,0.7
3.6728490502955964,1.9816359512181845,0.7,1400.039898614639,2.508150101125772,2.545000000000002,0.04249713806425765,2.545000000000002,0.15,0.03237204247206121,0.7
3.6720551082968895,1.991770922361022,0.7,1408.0230447259476,2.4950096841817415,2.5460000000000025,0.042378888969679236,2.546000000000002,0.15,0.03237204247206121,0.7
3.671262219934919,2.0020750074361837,0.7,1416.4730022020344,2.4817043754021393,2.5470000000000024,0.04226315979130588,2.5470000000000024,0.15,0.03237204247206121,0.7
3.6703990690513204,2.013033576478222,0.7,1425.5128291302801,2.4674635455160914,2.5480000000000023,0.042151426891517,2.5480000000000023,0.15,0.03237204247206121,0.7
3.669726603658565,2.0230035780650155,0.7,1435.124035957524,2.4549740259073927,2.5490000000000017,0.04205146502580281,2.549000000000002,0.15,0.03237204247206121,0.7
3.6688743675220357,2.03438139600777,0.7,1445.1575237321028,2.4403575890429794,2.550000000000002,0.04195597640668369,2.550000000000002,0.15,0.03237204247206121,0.7
3.667763027844004,2.048309278090529,0.7,1456.0385917639928,2.4221546774989955,2.5510000000000024,0.04185966005988185,2.5510000000000024,0.15,0.03237204247206121,0.7
3.6665514421079615,2.0635989373466126,0.7,1467.8690933272228,2.402189020385377,2.5520000000000027,0.041776761827596855,2.5520000000000023,0.15,0.03237204247206121,0.7
3.665625730987488,2.077062562898546,0.7,1480.7866533117297,2.3851928792192405,2.553000000000002,0.0417246015277583,2.553000000000002,0.15,0.03237204247206121,0.7
3.664268327940136,2.094563317394082,0.7,1494.3967096059775,2.362432857852415,2.554000000000002,0.04169543602372316,2.554000000000002,0.15,0.03237204247206121,0.7
3.662686172191201,2.114494273656264,0.7,1509.6396030052233,2.3363435916243085,2.5550000000000024,0.04177123544669117,2.5550000000000024,0.15,0.03237204247206121,0.7
3.660906479359325,2.1372662302252348,0.7,1526.9073955882598,2.306623212889365,2.556000000000002,0.04199311924138519,2.5560000000000023,0.15,0.03237204247206121,0.7
3.659475472923484,2.1592440125539434,0.7,1545.338550729879,2.2790917389388934,2.557000000000002,0.04267678426929171,2.557000000000002,0.15,0.03237204247206121,0.7
3.657206692546665,2.188226843016899,0.7,1566.3501557112681,2.2412041093235056,2.558000000000002,0.04327954536031738,2.558000000000002,0.15,0.03237204247206121,0.7
3.654179425929034,2.226955319815568,0.7,1591.6260334004921,2.1905369025899413,2.5590000000000024,0.04422908444149508,2.5590000000000024,0.15,0.03237204247206121,0.7
3.6515418419595354,2.26897741714295,0.7,1620.9429832172054,2.138134804382416,2.5600000000000023,0.04641689206926433,2.5600000000000023,0.15,0.03237204247206121,0.7
3.647570348632027,2.3184866297164244,0.7,1652.565113613646,2.0729099537635642,2.561000000000002,0.04731521260573744,2.561000000000002,0.15,0.03237204247206121,0.7
3.6429413995321998,2.3858916816303717,0.7,1695.0769951117936,1.9871594298457558,2.5620000000000016,0.0490982534802866,2.562000000000002,0.15,0.03237204247206121,0.7
3.636653496272807,2.461470751652506,0.7,1739.6871435201,1.8865990824040804,2.563000000000003,0.04969082046215382,2.5630000000000024,0.15,0.03237204247206121,0.7
3.628263325308421,2.64920998078225,0.7,2843.2306334610776,1.6863528879631884,2.690000000000002,0.050294694344421464,2.690000000000002,0.15,0.03237204247206121,0.7
3.6324944830439856,2.601934210362969,0.7,2820.5295916488067,1.750717189891372,2.691000000000002,0.050267369904614695,2.6910000000000025,0.15,0.03237204247206121,0.7
3.635747926560297,2.5663269311529344,0.7,2802.526528886031,1.7995021355579883,2.692000000000002,0.05024573589135232,2.6920000000000024,0.15,0.03237204247206121,0.7
3.638374322688871,2.537820506040019,0.7,2787.7667803495583,1.8386780719463671,2.6930000000000023,0.050228745123961076,2.6930000000000023,0.15,0.03237204247206121,0.7
3.6405479783803067,2.5141138345870946,0.7,2775.4338906806397,1.8712432551440243,2.694000000000002,0.05021666787066488,2.694000000000002,0.15,0.03237204247206121,0.7
3.6424242201204895,2.4938439456172685,0.7,2764.9358737465036,1.899182012372001,2.6950000000000025,0.05021017321467246,2.6950000000000025,0.15,0.03237204247206121,0.7
3.6440633256375174,2.4762238230910234,0.7,2755.956235118807,1.9235224767320802,2.6960000000000024,0.05020804570920981,2.6960000000000024,0.15,0.03237204247206121,0.7
3.6455756425899764,2.4603052826322167,0.7,2748.179958064235,1.9456541833006504,2.697000000000002,0.05020846307308231,2.6970000000000023,0.15,0.03237204247206121,0.7
3.647111191984087,2.4443721072704165,0.7,2741.470442716404,1.9678934600809108,2.698000000000002,0.0502108574842457,2.698000000000002,0.15,0.03237204247206121,0.7
3.6455388971204465,2.4601285388516185,0.7,2735.711999953924,1.946011746455943,2.6990000000000025,0.050199227892665205,2.6990000000000025,0.15,0.03237204247206121,0.7
3.642064368416047,2.492043200547058,0.7,2725.034044285964,1.9003628678122821,2.700000000000003,0.05017677611072037,2.7000000000000024,0.15,0.03237204247206121,0.7
3.6409255952571287,2.5055433078627023,0.7,2741.58164042502,1.882465617039605,2.7010000000000023,0.05018398009796763,2.7010000000000023,0.15,0.03237204247206121,0.7
3.648207668634027,2.4356402949024387,0.7,2757.000337782328,1.981654859179988,2.7020000000000017,0.050227681893990496,2.702000000000002,0.15,0.03237204247206121,0.7
3.6478094193781,2.4402657491841993,0.7,2770.432729624953,1.9755943563518463,2.7030000000000025,0.05023148006548535,2.7030000000000025,0.15,0.03237204247206121,0.7
3.6469305009216693,2.4501420442028876,0.7,2784.2100006904816,1.96236034293259,2.704000000000003,0.05023353643633867,2.7040000000000024,0.15,0.03237204247206121,0.7
3.6461436328941015,2.459302074721769,0.7,2798.33288893149,1.9502107764723828,2.705000000000002,0.05023526671318546,2.7050000000000023,0.15,0.03237204247206121,0.7
3.6453746661049857,2.4683114133196034,0.7,2812.7817073000397,1.9382835136548495,2.706000000000002,0.05023689085869022,2.706000000000002,0.15,0.03237204247206121,0.7
3.6445892882313298,2.4775320700566477,0.7,2827.5690825911347,1.926079288811963,2.7070000000000025,0.05023841777743433,2.7070000000000025,0.15,0.03237204247206121,0.7
3.643776883236691,2.4871814933956027,0.7,2842.714920027008,1.9133381895445212,2.708000000000003,0.050239535338721046,2.7080000000000024,0.15,0.03237204247206121,0.7
3.6429158289560273,2.497393395114857,0.7,2858.2432441302653,1.899840004078664,2.709000000000002,0.050240435767647224,2.7090000000000023,0.15,0.03237204247206121,0.7
3.6419861316941153,2.508292925874352,0.7,2874.2140150355726,1.8853796165235344,2.710000000000002,0.05024132180127012,2.710000000000002,0.15,0.03237204247206121,0.7
3.6409961629713417,2.5199815805610974,0.7,2890.6814207978377,1.8698890417582046,2.711000000000002,0.05024229422842932,2.7110000000000025,0.15,0.03237204247206121,0.7
3.6399337380103787,2.5324942637297587,0.7,2907.643784750827,1.8532846166377248,2.712000000000003,0.0502433432860567,2.7120000000000024,0.15,0.03237204247206121,0.7
3.6387690493226477,2.5460959915979697,0.7,2925.2325590202295,1.8351820774551433,2.7130000000000023,0.05024444214475424,2.7130000000000023,0.15,0.03237204247206121,0.7
3.6374911540917068,2.5608722322112456,0.7,2943.481535804347,1.8154521886452923,2.714000000000002,0.05024570440055178,2.714000000000002,0.15,0.03237204247206121,0.7
3.636085837316379,2.5770444604556326,0.7,2962.4837570671475,1.7938166232699604,2.715000000000002,0.050247193604596216,2.7150000000000025,0.15,0.03237204247206121,0.7
3.63452629346199,2.594934239035357,0.7,2982.3549437590123,1.7698466199025358,2.7160000000000024,0.050248838776902956,2.7160000000000024,0.15,0.03237204247206121,0.7
3.632770130872695,2.6149809875998904,0.7,3003.2493287452226,1.7429331704281608,2.7170000000000023,0.050250277037878106,2.7170000000000023,0.15,0.03237204247206121,0.7
3.630794662067078,2.637739325405611,0.7,3025.351093470924,1.7124308930704044,2.7180000000000017,0.05025109805292244,2.718000000000002,0.15,0.03237204247206121,0.7
3.6284875195174107,2.664208647035942,0.7,3048.960506966169,1.6768909548781878,2.7190000000000025,0.05025211583733255,2.7190000000000025,0.15,0.03237204247206121,0.7
3.6257618533647715,2.6958363747145886,0.7,3074.4149094020295,1.6345185023708846,2.720000000000003,0.05025079726424167,2.7200000000000024,0.15,0.03237204247206121,0.7
