log_Teff,LogL_lsun,Age_gyr,Step,Log_g,Mass_msun,feh,Mass_input,Metallicity_input,Z_used,Age_input
3.5406398065560674,-1.9344309511307074,4.0,294.2237183747653,4.9668962813607545,0.3000000000000002,0.02506839321078103,0.30000000000000016,0.0,0.022917651,4.0
3.540795276152304,-1.931806353382733,4.0,294.24669728975596,4.966142949715794,0.30100000000000016,0.025062450497204906,0.30100000000000016,0.0,0.022917651,4.0
3.5409506351866433,-1.929179489941536,4.0,294.27068464736874,4.965386910125285,0.30200000000000016,0.02505643649670365,0.30200000000000016,0.0,0.022917651,4.0
3.5411058811080065,-1.92655030852906,4.0,294.29570371616444,4.964628100106752,0.30300000000000016,0.025050349564420038,0.30300000000000016,0.0,0.022917651,4.0
3.5412610112862226,-1.9239187552464485,4.0,294.3217784861094,4.963866455240539,0.30400000000000016,0.02504418800450057,0.30400000000000016,0.0,0.022917651,4.0
3.5414160230089404,-1.9212847745107386,4.0,294.3489336967526,4.963101909094162,0.30500000000000016,0.025037950068103693,0.30500000000000016,0.0,0.022917651,4.0
3.541570913478391,-1.9186483089885706,4.0,294.3771948667315,4.962334393143065,0.30600000000000016,0.025031633951313973,0.30600000000000016,0.0,0.022917651,4.0
3.5417256798079997,-1.916009299526735,4.0,294.4065883246846,4.961563836687621,0.3070000000000001,0.02502523779295693,0.30700000000000016,0.0,0.022917651,4.0
3.541880319018836,-1.9133676850793895,4.0,294.43714124164643,4.960790166766136,0.3080000000000002,0.025018759672308995,0.30800000000000016,0.0,0.022917651,4.0
3.542034737570189,-1.9107319739260855,4.0,294.47112497382824,4.9600215172446465,0.30900000000000016,0.025011919436075666,0.30900000000000016,0.0,0.022917651,4.0
3.5421888413639806,-1.9081134000094733,4.0,294.5111287610596,4.959268745359569,0.3100000000000002,0.025004355414308746,0.31000000000000016,0.0,0.022917651,4.0
3.5423428474109637,-1.9054925441338355,4.0,294.5518932941982,4.958513300533042,0.31100000000000017,0.02499669768454884,0.31100000000000017,0.0,0.022917651,4.0
3.5424967534251963,-1.9028693529324388,4.0,294.59343636432783,4.957755120254673,0.3120000000000001,0.024988944055306307,0.31200000000000017,0.0,0.022917651,4.0
3.542650557048896,-1.9002437713614035,4.0,294.6357763216496,4.956994140049568,0.31300000000000017,0.02498109226622003,0.31300000000000017,0.0,0.022917651,4.0
3.5428042558495956,-1.8976157426332974,4.0,294.67893209761894,4.956230293400547,0.31400000000000017,0.024973139985330378,0.31400000000000017,0.0,0.022917651,4.0
3.542957847317162,-1.8949852081475496,4.0,294.72292322814513,4.955463511666631,0.3150000000000002,0.024965084806221744,0.31500000000000017,0.0,0.022917651,4.0
3.543111328860675,-1.8923521074175065,4.0,294.76776987790885,4.954693723997608,0.3160000000000002,0.024956924245026994,0.31600000000000017,0.0,0.022917651,4.0
3.543264697805145,-1.889716377993932,4.0,294.81349286586396,4.953920857244422,0.31700000000000017,0.024948655737286208,0.31700000000000017,0.0,0.022917651,4.0
3.543417951388081,-1.8870779553847628,4.0,294.8601136919909,4.953144835865177,0.31800000000000017,0.02494027663465124,0.31800000000000017,0.0,0.022917651,4.0
3.5435710867558785,-1.8844367729708833,4.0,294.9076545653731,4.952365581826484,0.3190000000000002,0.02493178420142727,0.3190000000000002,0.0,0.022917651,4.0
3.5437241009600373,-1.88179276191771,4.0,294.95613843367437,4.951583014499897,0.3200000000000002,0.02492317561094182,0.3200000000000002,0.0,0.022917651,4.0
3.543876990953177,-1.8791458510823194,4.0,295.0055890140987,4.950797050553127,0.32100000000000023,0.024914447941731158,0.3210000000000002,0.0,0.022917651,4.0
3.5440297535848626,-1.8764959669158692,4.0,295.0560308259208,4.950007603835744,0.32200000000000023,0.02490559817353318,0.3220000000000002,0.0,0.022917651,4.0
3.544182385597209,-1.873843033361028,4.0,295.10748922468105,4.949214585259035,0.32300000000000023,0.02489662318307535,0.3230000000000002,0.0,0.022917651,4.0
3.5443348836202597,-1.871186971744109,4.0,295.15999043814435,4.9484179026696555,0.3240000000000002,0.024887519739645318,0.3240000000000002,0.0,0.022917651,4.0
3.544487244167128,-1.8685277006615935,4.0,295.2135616041311,4.9476174607167085,0.3250000000000002,0.024878284500430888,0.3250000000000002,0.0,0.022917651,4.0
3.5446393955927844,-1.865889552035274,4.0,295.26872166475937,4.946837304727443,0.3260000000000002,0.024868136422780757,0.3260000000000002,0.0,0.022917651,4.0
3.5447913877779436,-1.863269704172088,4.0,295.3247406854504,4.946074812550388,0.3270000000000002,0.024857163785571016,0.3270000000000002,0.0,0.022917651,4.0
3.544943288757357,-1.860647816820054,4.0,295.3810106281549,4.945309916090243,0.32800000000000024,0.0248460105416255,0.3280000000000002,0.0,0.022917651,4.0
3.54509509661819,-1.858023847205554,4.0,295.43753675538846,4.94454256492266,0.32900000000000024,0.02483467290313074,0.3290000000000002,0.0,0.022917651,4.0
3.545246809393745,-1.8553977513504452,4.0,295.4943244778619,4.943772707203327,0.3300000000000002,0.024823146975606565,0.3300000000000002,0.0,0.022917651,4.0
3.5453984250615482,-1.852769484029358,4.0,295.55137935973437,4.943000289617612,0.3310000000000001,0.02481142875412478,0.3310000000000002,0.0,0.022917651,4.0
3.5455499415413576,-1.850138998725166,4.0,295.6087071240925,4.94222525732808,0.33200000000000024,0.024799514119365818,0.3320000000000002,0.0,0.022917651,4.0
3.5457013566930877,-1.8475062475825352,4.0,295.6663136586648,4.941447553919726,0.33300000000000024,0.0247873988335052,0.3330000000000002,0.0,0.022917651,4.0
3.545852668314639,-1.844871181359451,4.0,295.72420502178556,4.940667121342838,0.3340000000000002,0.024775078535921206,0.3340000000000002,0.0,0.022917651,4.0
3.5460038741396414,-1.8422337493766288,4.0,295.7823874486194,4.939883899853355,0.33500000000000024,0.02476254873871466,0.3350000000000002,0.0,0.022917651,4.0
3.5461549718350818,-1.8395938994646859,4.0,295.8408673576597,4.939097827950588,0.3360000000000002,0.02474980482203106,0.3360000000000002,0.0,0.022917651,4.0
3.5463059589988486,-1.836951577908974,4.0,295.8996513575175,4.938308842312192,0.3370000000000002,0.024736842029174918,0.3370000000000002,0.0,0.022917651,4.0
3.5464568331571447,-1.8343067293919364,4.0,295.9587462540119,4.937516877726205,0.3380000000000002,0.024723655461505383,0.3380000000000002,0.0,0.022917651,4.0
3.5466075917617994,-1.8316592969328678,4.0,296.0181590575827,4.9367218670200375,0.3390000000000002,0.024710240073101682,0.3390000000000002,0.0,0.022917651,4.0
3.5467582321874476,-1.8290092218249367,4.0,296.0778969910376,4.935923740986232,0.3400000000000002,0.024696590665186143,0.3400000000000002,0.0,0.022917651,4.0
3.5469087517285884,-1.826356443569326,4.0,296.13796749765595,4.935122428304818,0.34100000000000025,0.024682701880291882,0.3410000000000002,0.0,0.022917651,4.0
3.5470595391248976,-1.823729739804378,4.0,296.1926376802309,4.934348261371811,0.3420000000000002,0.024667644410988752,0.3420000000000002,0.0,0.022917651,4.0
3.5472104591283715,-1.8211168567980636,4.0,296.24351155484857,4.933588445491739,0.3430000000000002,0.02465182303370543,0.3430000000000002,0.0,0.022917651,4.0
3.5473613064009735,-1.8185022232071573,4.0,296.29348975096866,4.9328265880651045,0.34400000000000014,0.024635734606894163,0.3440000000000002,0.0,0.022917651,4.0
3.547512079563939,-1.8158858058456981,4.0,296.34255528914815,4.932062650390158,0.34500000000000014,0.024619374068077456,0.3450000000000002,0.0,0.022917651,4.0
3.5476627772034335,-1.81326757068358,4.0,296.39069075804093,4.931296592780704,0.34600000000000025,0.02460273622600442,0.3460000000000002,0.0,0.022917651,4.0
3.547813397869425,-1.8106474828195382,4.0,296.4378783005766,4.930528374534591,0.34700000000000014,0.024585815756530075,0.3470000000000002,0.0,0.022917651,4.0
3.5479639400745264,-1.8080255064530946,4.0,296.48409959960617,4.929757953900997,0.3480000000000002,0.024568607198335413,0.3480000000000002,0.0,0.022917651,4.0
3.5481144022927773,-1.805401604855408,4.0,296.5293358629886,4.928985288046439,0.3490000000000002,0.024551104948480982,0.3490000000000002,0.0,0.022917651,4.0
3.548264782958391,-1.802775740338989,4.0,296.5735678080939,4.928210333019447,0.3500000000000002,0.02453330325778639,0.3500000000000002,0.0,0.022917651,4.0
3.548415080464442,-1.800147874226213,4.0,296.61677564569504,4.927433043713848,0.3510000000000002,0.0245151962260277,0.3510000000000002,0.0,0.022917651,4.0
3.54856529316151,-1.7975179668165926,4.0,296.65893906322157,4.926653373830599,0.3520000000000002,0.024496777796944345,0.3520000000000002,0.0,0.022917651,4.0
3.548715419356263,-1.7948859773527388,4.0,296.70003720734394,4.925871275838085,0.35300000000000015,0.02447804175304665,0.3530000000000002,0.0,0.022917651,4.0
3.548865457309988,-1.7922518639849532,4.0,296.74004866585784,4.925086700930836,0.3540000000000002,0.024458981710214576,0.3540000000000002,0.0,0.022917651,4.0
3.549015405237058,-1.7896155837343888,4.0,296.7789514488356,4.924299598986558,0.3550000000000002,0.024439591112077916,0.3550000000000002,0.0,0.022917651,4.0
3.549165261303343,-1.786977092454711,4.0,296.8167229690093,4.923509918521419,0.35600000000000026,0.024419863224167487,0.3560000000000002,0.0,0.022917651,4.0
3.549315128518088,-1.7843428736569427,4.0,296.85103953961334,4.922724555198445,0.35700000000000026,0.02439958463886135,0.3570000000000002,0.0,0.022917651,4.0
3.549466101906918,-1.781779426886927,4.0,296.8581353317219,4.922014389851877,0.35800000000000026,0.024376689311216004,0.3580000000000002,0.0,0.022917651,4.0
3.549617066971456,-1.7792159423973946,4.0,296.8626871163894,4.921304153486398,0.3590000000000002,0.024353451151544386,0.3590000000000002,0.0,0.022917651,4.0
3.549768023654476,-1.7766524199290394,4.0,296.86467740463956,4.920593845613782,0.36000000000000015,0.02432986780302116,0.3600000000000002,0.0,0.022917651,4.0
3.5499189718982294,-1.7740888592201747,4.0,296.86408854682236,4.919883465741317,0.3610000000000002,0.024305936887168495,0.3610000000000002,0.0,0.022917651,4.0
3.5500699116444303,-1.7715252600067017,4.0,296.86090273076417,4.919173013371759,0.3620000000000002,0.024281656003606794,0.3620000000000002,0.0,0.022917651,4.0
3.550220842834258,-1.7689616220220856,4.0,296.855101979893,4.918462488003268,0.36300000000000027,0.024257022729802027,0.3630000000000002,0.0,0.022917651,4.0
3.5503717654083458,-1.766397944997325,4.0,296.8466681513375,4.917751889129366,0.3640000000000002,0.02423203462080957,0.3640000000000002,0.0,0.022917651,4.0
3.5505226793067792,-1.7638342286609254,4.0,296.8355829339995,4.917041216238877,0.3650000000000002,0.024206689209014406,0.3650000000000002,0.0,0.022917651,4.0
3.550673584469085,-1.7612704727388677,4.0,296.8218278465993,4.916330468815875,0.36600000000000027,0.02418098400386781,0.3660000000000002,0.0,0.022917651,4.0
3.5508244808342257,-1.7587066769545814,4.0,296.8053842356946,4.9156196463396284,0.36700000000000016,0.024154916491620253,0.3670000000000002,0.0,0.022917651,4.0
3.5509753683405965,-1.7561428410289128,4.0,296.78623327367046,4.914908748284542,0.36800000000000027,0.024128484135050653,0.3680000000000002,0.0,0.022917651,4.0
3.5511262469260143,-1.7535789646800957,4.0,296.76435595670205,4.914197774120101,0.3690000000000002,0.02410168437319175,0.3690000000000002,0.0,0.022917651,4.0
3.5512771165277126,-1.7510150476237212,4.0,296.73973310268843,4.913486723310816,0.3700000000000003,0.02407451462105166,0.3700000000000002,0.0,0.022917651,4.0
3.551427977082335,-1.7484510895727043,4.0,296.7123453491568,4.912775595316162,0.37100000000000016,0.02404697226933151,0.3710000000000002,0.0,0.022917651,4.0
3.5515788285259293,-1.7458870902372572,4.0,296.6821731511376,4.912064389590517,0.3720000000000002,0.02401905468413903,0.3720000000000002,0.0,0.022917651,4.0
3.5517296707939363,-1.7433230493248513,4.0,296.64919677900934,4.911353105583106,0.3730000000000002,0.023990759206698152,0.3730000000000002,0.0,0.022917651,4.0
3.5518805038211876,-1.7407589665401892,4.0,296.6133963163127,4.910641742737937,0.3740000000000002,0.023962083153054422,0.3740000000000002,0.0,0.022917651,4.0
3.5520313275418967,-1.738194841585171,4.0,296.57475165753374,4.909930300493743,0.3750000000000002,0.02393302381377627,0.3750000000000002,0.0,0.022917651,4.0
3.552182141889648,-1.7356306741588587,4.0,296.5332425058554,4.909218778283916,0.3760000000000002,0.023903578453651982,0.3760000000000002,0.0,0.022917651,4.0
3.5523331690891307,-1.7330950126802993,4.0,296.48442194366083,4.908536613244101,0.3770000000000003,0.023873078762553908,0.3770000000000002,0.0,0.022917651,4.0
3.5524846238998906,-1.7306140760342994,4.0,296.42457701823633,4.9079108831432805,0.37800000000000017,0.023840999273560832,0.3780000000000002,0.0,0.022917651,4.0
3.552636093629574,-1.7281342026899527,4.0,296.3622178059534,4.907286276029816,0.3790000000000002,0.02380863488467773,0.3790000000000002,0.0,0.022917651,4.0
3.552787578172043,-1.7256553850826115,4.0,296.297362194203,4.906662783914441,0.3800000000000002,0.02377598762276791,0.3800000000000002,0.0,0.022917651,4.0
3.552939077422164,-1.7231776157192153,4.0,296.230027901103,4.906040398883489,0.3810000000000002,0.0237430594955139,0.3810000000000002,0.0,0.022917651,4.0
3.553090591275796,-1.7207008871774452,4.0,296.1602324774953,4.9054191130980085,0.38200000000000023,0.0237098524916438,0.38200000000000023,0.0,0.022917651,4.0
3.5532421196297803,-1.7182251921048912,4.0,296.08799330891486,4.904798918792882,0.38300000000000023,0.023676368581154385,0.38300000000000023,0.0,0.022917651,4.0
3.553393662381925,-1.7157505232182308,4.0,296.0133276175322,4.904179808275954,0.38400000000000023,0.023642609715531206,0.38400000000000023,0.0,0.022917651,4.0
3.553545219430998,-1.713276873302419,4.0,295.9362524640667,4.903561773927185,0.38500000000000023,0.023608577827965428,0.38500000000000023,0.0,0.022917651,4.0
3.553696790676714,-1.710804235209892,4.0,295.85678474967517,4.902944808197798,0.38600000000000023,0.023574274833567742,0.38600000000000023,0.0,0.022917651,4.0
3.553848376019723,-1.7083326018597775,4.0,295.7749412178123,4.902328903609455,0.3870000000000003,0.023539702629579263,0.38700000000000023,0.0,0.022917651,4.0
3.553999975361599,-1.7058619662371202,4.0,295.6907384560656,4.901714052753435,0.3880000000000002,0.02350486309557944,0.38800000000000023,0.0,0.022917651,4.0
3.5541515886048325,-1.7033923213921167,4.0,295.6041928979655,4.901100248289825,0.38900000000000023,0.0234697580936911,0.38900000000000023,0.0,0.022917651,4.0
3.5543032156528156,-1.7009236604393607,4.0,295.5153208247691,4.9004874829467235,0.39000000000000024,0.023434389468782655,0.39000000000000024,0.0,0.022917651,4.0
3.554454856409833,-1.6984559765570975,4.0,295.42413836722034,4.899875749519455,0.3910000000000003,0.023398759048667478,0.39100000000000024,0.0,0.022917651,4.0
3.554606510781053,-1.6959892629864919,4.0,295.3306615072849,4.8992650408697935,0.39200000000000024,0.023362868644300542,0.39200000000000024,0.0,0.022917651,4.0
3.5547581786725186,-1.6935235130309045,4.0,295.23490607986173,4.8986553499252015,0.3930000000000003,0.023326720049972313,0.39300000000000024,0.0,0.022917651,4.0
3.5549098599911324,-1.6910587200551759,4.0,295.1368877744706,4.898046669678072,0.39400000000000024,0.023290315043500015,0.39400000000000024,0.0,0.022917651,4.0
3.555061554644651,-1.6885948774849247,4.0,295.036622136917,4.897438993184988,0.39500000000000024,0.023253655386416244,0.39500000000000024,0.0,0.022917651,4.0
3.5552132625416726,-1.686131978805853,4.0,294.93412457093353,4.896832313565987,0.39600000000000024,0.023216742824154993,0.39600000000000024,0.0,0.022917651,4.0
3.5553649835916326,-1.6836700175630612,4.0,294.82941033979967,4.896226624003842,0.39700000000000024,0.023179579086235143,0.39700000000000024,0.0,0.022917651,4.0
3.5555167177047857,-1.6812089873603713,4.0,294.72249456793827,4.89562191774334,0.3980000000000003,0.023142165886441437,0.39800000000000024,0.0,0.022917651,4.0
3.5556684647922046,-1.6787488818596634,4.0,294.6133922424916,4.895018188090589,0.39900000000000024,0.023104504923003012,0.39900000000000024,0.0,0.022917651,4.0
3.555820224765765,-1.6762896947802162,4.0,294.5021182148756,4.894415428412314,0.40000000000000024,0.023066597878769492,0.40000000000000024,0.0,0.022917651,4.0
3.5560432304284615,-1.673656654848984,4.0,294.56291515209296,4.893643511134592,0.40100000000000025,0.02306472238281041,0.40100000000000025,0.0,0.022917651,4.0
3.5562662099422817,-1.6710238789599863,4.0,294.622837161712,4.892871753301608,0.40200000000000025,0.023062853635856,0.40200000000000025,0.0,0.022917651,4.0
3.556489162978859,-1.6683913704289484,4.0,294.6818732567807,4.892100156915596,0.40300000000000025,0.02306099172265728,0.40300000000000025,0.0,0.022917651,4.0
3.556712089204306,-1.6657591326273442,4.0,294.7400122656143,4.891328724012458,0.4040000000000003,0.023059136729390226,0.40400000000000025,0.0,0.022917651,4.0
3.556934988279098,-1.6631271689835763,4.0,294.79724282789726,4.89055745666247,0.40500000000000025,0.0230572887436859,0.40500000000000025,0.0,0.022917651,4.0
3.5571578598579543,-1.6604954829841794,4.0,294.8535533906845,4.889786356971015,0.4060000000000003,0.02305544785466125,0.40600000000000025,0.0,0.022917651,4.0
3.5573807035897125,-1.657864078175058,4.0,294.90893220430115,4.889015427079327,0.40700000000000025,0.023053614152950753,0.40700000000000025,0.0,0.022917651,4.0
3.5576035191172064,-1.6552329581627574,4.0,294.9633673181377,4.888244669165252,0.40800000000000025,0.023051787730738866,0.40800000000000025,0.0,0.022917651,4.0
3.557826306077134,-1.652602126615764,4.0,295.0168465763356,4.88747408544405,0.40900000000000025,0.023049968681793282,0.40900000000000025,0.0,0.022917651,4.0
3.5580490640999294,-1.6499715872658418,4.0,295.06935761336223,4.886703678169185,0.41000000000000036,0.02304815710149908,0.41000000000000025,0.0,0.022917651,4.0
3.558271792809622,-1.6473413439094011,4.0,295.1208878494705,4.885933449633159,0.41100000000000025,0.023046353086893748,0.41100000000000025,0.0,0.022917651,4.0
3.5584944918237005,-1.6447114004089056,4.0,295.17142448603965,4.885163402168362,0.41200000000000025,0.023044556736703102,0.41200000000000025,0.0,0.022917651,4.0
3.5587171607529697,-1.642081760694316,4.0,295.220954500795,4.884393538147947,0.4130000000000003,0.023042768151378203,0.41300000000000026,0.0,0.022917651,4.0
3.558939799201403,-1.639452428764569,4.0,295.2694646429004,4.883623859986708,0.41400000000000026,0.023040987433133167,0.41400000000000026,0.0,0.022917651,4.0
3.559162406765993,-1.6368234086890987,4.0,295.31694142792185,4.882854370142023,0.41500000000000026,0.023039214685984036,0.41500000000000026,0.0,0.022917651,4.0
3.559384983036595,-1.634194704609396,4.0,295.3633711326572,4.882085071114772,0.4160000000000003,0.023037450015788653,0.41600000000000026,0.0,0.022917651,4.0
3.559607527595771,-1.6315663207406121,4.0,295.40873978982796,4.8813159654503195,0.41700000000000037,0.023035693530287636,0.41700000000000026,0.0,0.022917651,4.0
3.5598300400186234,-1.6289382613732006,4.0,295.4530331826282,4.880547055739504,0.41800000000000026,0.02303394533914639,0.41800000000000026,0.0,0.022917651,4.0
3.5600525198726323,-1.6263105308746102,4.0,295.4962368391278,4.879778344619654,0.41900000000000026,0.023032205553998285,0.41900000000000026,0.0,0.022917651,4.0
3.5602749667174796,-1.6236831336910171,4.0,295.5383360265236,4.879009834775641,0.4200000000000003,0.023030474288489023,0.42000000000000026,0.0,0.022917651,4.0
3.5604973801048736,-1.6210560743491074,4.0,295.57931574523457,4.878241528940955,0.4210000000000003,0.023028751658322175,0.42100000000000026,0.0,0.022917651,4.0
3.5607197595783693,-1.6184293574579083,4.0,295.61916072283617,4.877473429898805,0.42200000000000026,0.023027037781305954,0.42200000000000026,0.0,0.022917651,4.0
3.56094210467318,-1.6158029877106688,4.0,295.65785540782787,4.876705540483259,0.4230000000000003,0.02302533277740132,0.42300000000000026,0.0,0.022917651,4.0
3.5611644149159893,-1.613176969886792,4.0,295.6953839632297,4.875937863580413,0.4240000000000003,0.02302363676877135,0.42400000000000027,0.0,0.022917651,4.0
3.5613866898247473,-1.6105513088538208,4.0,295.73173026000086,4.875170402129582,0.42500000000000027,0.023021949879832027,0.42500000000000027,0.0,0.022917651,4.0
3.561608928908478,-1.6079260095694805,4.0,295.76687787027663,4.874403159124545,0.4260000000000002,0.023020272237304386,0.42600000000000027,0.0,0.022917651,4.0
3.561831131667063,-1.6053010770837746,4.0,295.8008100604152,4.873636137614798,0.4270000000000003,0.02301860397026817,0.42700000000000027,0.0,0.022917651,4.0
3.562053297591036,-1.602676516541145,4.0,295.8335097838501,4.872869340706869,0.4280000000000003,0.023016945210216952,0.42800000000000027,0.0,0.022917651,4.0
3.5622754261613525,-1.6000523331826868,4.0,295.8649596737414,4.8721027715656495,0.4290000000000003,0.023015296091114832,0.42900000000000027,0.0,0.022917651,4.0
3.5624975168491764,-1.5974285323484312,4.0,295.89514203541796,4.871336433415773,0.4300000000000003,0.023013656749454724,0.43000000000000027,0.0,0.022917651,4.0
3.562719569115636,-1.5948051194796902,4.0,295.9240388386059,4.870570329543037,0.4310000000000003,0.023012027324318302,0.43100000000000027,0.0,0.022917651,4.0
3.5629415824115958,-1.5921821001214684,4.0,295.9516317094336,4.86980446329585,0.4320000000000003,0.023010407957437695,0.4320000000000003,0.0,0.022917651,4.0
3.5631635561774013,-1.5895594799249466,4.0,295.9779019222084,4.8690388380867375,0.4330000000000003,0.0230087987932589,0.4330000000000003,0.0,0.022917651,4.0
3.5633854898426325,-1.5869372646500342,4.0,296.0028303909548,4.868273457393885,0.4340000000000004,0.023007199979007055,0.4340000000000003,0.0,0.022917651,4.0
3.563607382825839,-1.5843154601679967,4.0,296.0263976607076,4.867508324762717,0.43500000000000033,0.0230056116647536,0.4350000000000003,0.0,0.022917651,4.0
3.5638292345342792,-1.5816940724641608,4.0,296.04858389855235,4.866743443807539,0.43600000000000033,0.023004034003485413,0.4360000000000003,0.0,0.022917651,4.0
3.5640510443636346,-1.579073107640696,4.0,296.06936888440146,4.865978818213208,0.43700000000000033,0.02300246715117593,0.4370000000000003,0.0,0.022917651,4.0
3.564272811697737,-1.5764525719194822,4.0,296.08873200150117,4.86521445173688,0.43800000000000033,0.02300091126685839,0.4380000000000003,0.0,0.022917651,4.0
3.5644945359082656,-1.5738324716450567,4.0,296.10665222665546,4.864450348209764,0.4390000000000003,0.022999366512701225,0.4390000000000003,0.0,0.022917651,4.0
3.5647162163544555,-1.5712128132876548,4.0,296.1231081201616,4.863686511538986,0.4400000000000002,0.02299783305408574,0.4400000000000003,0.0,0.022917651,4.0
3.5649378523827826,-1.5685936034463368,4.0,296.13807781544347,4.862922945709458,0.44100000000000034,0.022996311059686025,0.4410000000000003,0.0,0.022917651,4.0
3.565159443326644,-1.5659748488522094,4.0,296.1515390083748,4.862159654785829,0.4420000000000003,0.022994800701551354,0.4420000000000003,0.0,0.022917651,4.0
3.5653809885060337,-1.5633565563717462,4.0,296.1634689462797,4.861396642914497,0.4430000000000003,0.022993302155191006,0.4430000000000003,0.0,0.022917651,4.0
3.565602487227201,-1.5607387330102076,4.0,296.17384441659976,4.8606339143256605,0.4440000000000003,0.0229918155996617,0.4440000000000003,0.0,0.022917651,4.0
3.5658239387823003,-1.558121385915166,4.0,296.18264173521675,4.859871473335459,0.44500000000000034,0.022990341217657667,0.4450000000000003,0.0,0.022917651,4.0
3.5660453424490326,-1.5555045223801347,4.0,296.18983673441574,4.859109324348157,0.4460000000000003,0.022988879195603502,0.4460000000000003,0.0,0.022917651,4.0
3.566266697490277,-1.5528881498483171,4.0,296.1954047504796,4.858347471858415,0.4470000000000003,0.022987429723749855,0.4470000000000003,0.0,0.022917651,4.0
3.566488003153704,-1.5502722759164622,4.0,296.1993206108989,4.8575859204536105,0.44800000000000034,0.022985992996272086,0.4480000000000003,0.0,0.022917651,4.0
3.566709258671387,-1.5476569083388465,4.0,296.2015586211835,4.856824674816246,0.4490000000000003,0.022984569211372007,0.4490000000000003,0.0,0.022917651,4.0
3.5669304632593875,-1.5450420550313781,4.0,296.2020925512624,4.856063739726429,0.4500000000000003,0.022983158571382778,0.4500000000000003,0.0,0.022917651,4.0
3.5671516161173455,-1.5424277240758304,4.0,296.20089562145586,4.855303120064424,0.4510000000000003,0.02298176128287714,0.4510000000000003,0.0,0.022917651,4.0
3.5673726780088053,-1.5398281541470942,4.0,296.19521942991855,4.854556897567905,0.4520000000000003,0.022980397753659607,0.4520000000000003,0.0,0.022917651,4.0
3.567593644785656,-1.5372424880184485,4.0,296.18534018169316,4.853824198423571,0.4530000000000003,0.022979070103652258,0.4530000000000003,0.0,0.022917651,4.0
3.567814552465508,-1.5346566766711471,4.0,296.173987222335,4.853091117676674,0.4540000000000003,0.02297775943258705,0.4540000000000003,0.0,0.022917651,4.0
3.5680354011377347,-1.5320707203248058,4.0,296.1611627805664,4.852357655904318,0.4550000000000003,0.022976465714786398,0.4550000000000003,0.0,0.022917651,4.0
3.56825619089153,-1.5294846191986002,4.0,296.1468690806179,4.851623813682449,0.45600000000000035,0.022975188924624468,0.4560000000000003,0.0,0.022917651,4.0
3.568476921815909,-1.5268983735112627,4.0,296.1311083422393,4.850889591585843,0.4570000000000003,0.022973929036527046,0.4570000000000003,0.0,0.022917651,4.0
3.5686975939997048,-1.5243119834810859,4.0,296.1138827807115,4.8501549901881305,0.4580000000000004,0.022972686024971403,0.4580000000000003,0.0,0.022917651,4.0
3.568918207531573,-1.5217254493259222,4.0,296.0951946068572,4.849420010061776,0.4590000000000003,0.022971459864486177,0.4590000000000003,0.0,0.022917651,4.0
3.5691387624999917,-1.519138771263188,4.0,296.0750460270526,4.848684651778101,0.4600000000000003,0.022970250529651234,0.4600000000000003,0.0,0.022917651,4.0
3.5693592589932615,-1.51655194950986,4.0,296.0534392432381,4.847948915907276,0.4610000000000003,0.022969057995097544,0.4610000000000003,0.0,0.022917651,4.0
3.5695796970995013,-1.5139649842824814,4.0,296.0303764529296,4.847212803018325,0.4620000000000003,0.022967882235507057,0.4620000000000003,0.0,0.022917651,4.0
3.5698000769066596,-1.5113778757971583,4.0,296.00585984923,4.846476313679129,0.4630000000000003,0.022966723225612568,0.4630000000000003,0.0,0.022917651,4.0
3.5700203985025034,-1.5087906242695643,4.0,295.9798916208396,4.845739448456431,0.4640000000000003,0.022965580940197586,0.4640000000000003,0.0,0.022917651,4.0
3.5702406619746268,-1.5062032299149404,4.0,295.95247395206786,4.845002207915836,0.46500000000000036,0.022964455354096216,0.4650000000000003,0.0,0.022917651,4.0
3.5704608674104437,-1.5036156929480946,4.0,295.9236090228435,4.844264592621812,0.4660000000000003,0.022963346442193028,0.4660000000000003,0.0,0.022917651,4.0
3.5706810148971986,-1.5010280135834064,4.0,295.89329900872656,4.8435266031377004,0.4670000000000003,0.022962254179422933,0.4670000000000003,0.0,0.022917651,4.0
3.5709011045219574,-1.4984401920348245,4.0,295.8615460809184,4.842788240025713,0.4680000000000003,0.022961178540771048,0.4680000000000003,0.0,0.022917651,4.0
3.5711211363716124,-1.4958522285158689,4.0,295.8283524062731,4.842049503846931,0.4690000000000003,0.022960119501272584,0.4690000000000003,0.0,0.022917651,4.0
3.571341110532883,-1.493264123239633,4.0,295.7937201473084,4.841310395161319,0.4700000000000003,0.02295907703601272,0.4700000000000003,0.0,0.022917651,4.0
3.5715610270923146,-1.4906758764187846,4.0,295.7576514622161,4.840570914527718,0.4710000000000003,0.022958051120126444,0.4710000000000003,0.0,0.022917651,4.0
3.571780886136278,-1.4880874882655648,4.0,295.7201485048733,4.839831062503854,0.47200000000000036,0.0229570417287985,0.4720000000000003,0.0,0.022917651,4.0
3.572000687750974,-1.485498958991791,4.0,295.681213424853,4.839090839646335,0.4730000000000003,0.02295604883726318,0.4730000000000003,0.0,0.022917651,4.0
3.5722204320224296,-1.4829102888088588,4.0,295.640848367435,4.838350246510662,0.4740000000000003,0.022955072420804263,0.4740000000000003,0.0,0.022917651,4.0
3.572440119036501,-1.48032147792774,4.0,295.59905547361615,4.837609283651223,0.4750000000000003,0.02295411245475486,0.4750000000000003,0.0,0.022917651,4.0
3.5726597488788716,-1.4777325265589867,4.0,295.5558368801216,4.836867951621299,0.4760000000000003,0.022953168914497307,0.4760000000000003,0.0,0.022917651,4.0
3.572879321635056,-1.4751434349127304,4.0,295.5111947194152,4.8361262509730745,0.4770000000000003,0.022952241775463025,0.4770000000000003,0.0,0.022917651,4.0
3.5730988373903965,-1.4725542031986845,4.0,295.46513111971007,4.835384182257627,0.4780000000000003,0.02295133101313242,0.4780000000000003,0.0,0.022917651,4.0
3.5733182962300667,-1.4699648316261436,4.0,295.41764820497923,4.8346417460249365,0.47900000000000037,0.02295043660303474,0.4790000000000003,0.0,0.022917651,4.0
3.5735376982390687,-1.467375320403986,4.0,295.36874809496624,4.833898942823889,0.4800000000000003,0.02294955852074796,0.4800000000000003,0.0,0.022917651,4.0
3.5737570435022383,-1.4647856697406747,4.0,295.3184329051957,4.8331557732022805,0.4810000000000003,0.02294869674189868,0.4810000000000003,0.0,0.022917651,4.0
3.573976332104241,-1.4621958798442574,4.0,295.26670474698346,4.832412237706813,0.4820000000000003,0.02294785124216196,0.4820000000000003,0.0,0.022917651,4.0
3.574195564129573,-1.459605950922368,4.0,295.21356572744753,4.831668336883102,0.4830000000000003,0.022947021997261254,0.4830000000000003,0.0,0.022917651,4.0
3.5744147396625627,-1.4570158831822284,4.0,295.1590179495183,4.830924071275684,0.4840000000000003,0.02294620898296825,0.4840000000000003,0.0,0.022917651,4.0
3.5746338587873745,-1.4544256768306485,4.0,295.1030635119487,4.830179441428007,0.4850000000000003,0.022945412175102757,0.4850000000000003,0.0,0.022917651,4.0
3.574852921588001,-1.4518353320740276,4.0,295.04570450932505,4.829434447882443,0.4860000000000004,0.0229446315495326,0.4860000000000003,0.0,0.022917651,4.0
3.5750719281482692,-1.4492448491183552,4.0,294.98694303207697,4.828689091180288,0.4870000000000003,0.022943867082173493,0.4870000000000003,0.0,0.022917651,4.0
3.5752908785518427,-1.446654228169213,4.0,294.92678116648796,4.827943371861765,0.4880000000000003,0.022943118748988918,0.4880000000000003,0.0,0.022917651,4.0
3.5755097728822176,-1.4440634694317742,4.0,294.8652209947055,4.827197290466024,0.4890000000000004,0.02294238652599,0.4890000000000003,0.0,0.022917651,4.0
3.5757286112227216,-1.441472573110806,4.0,294.80226459475153,4.826450847531145,0.4900000000000003,0.02294167038923541,0.4900000000000003,0.0,0.022917651,4.0
3.5759473936565227,-1.43888153941067,4.0,294.73791404053236,4.8257040435941505,0.4910000000000003,0.02294097031483122,0.4910000000000003,0.0,0.022917651,4.0
3.5761661202666204,-1.4362903685353232,4.0,294.6721714018489,4.824956879190991,0.4920000000000003,0.022940286278930817,0.4920000000000003,0.0,0.022917651,4.0
3.5763848025001463,-1.4337037959986385,4.0,294.6139328308942,4.824214135687087,0.4930000000000004,0.02293962481413143,0.4930000000000003,0.0,0.022917651,4.0
3.57660344836832,-1.4311253329686018,4.0,294.57140690091825,4.8234793563368985,0.4940000000000003,0.02293898706099437,0.4940000000000003,0.0,0.022917651,4.0
3.5768220368742294,-1.4285460864150519,4.0,294.5286493523345,4.822743564001813,0.49500000000000033,0.022938358824251603,0.49500000000000033,0.0,0.022917651,4.0
3.577040568753116,-1.425966066380817,4.0,294.4856631539191,4.822006771665784,0.4960000000000004,0.022937739981926546,0.49600000000000033,0.0,0.022917651,4.0
3.577259044727711,-1.4233852827378217,4.0,294.4424512239276,4.821268992091816,0.49700000000000033,0.022937130414118347,0.49700000000000033,0.0,0.022917651,4.0
3.577477465508497,-1.4208037451907116,4.0,294.3990164311646,4.8205302378266355,0.49800000000000033,0.022936530002957905,0.49800000000000033,0.0,0.022917651,4.0
3.577695831793969,-1.418221463280376,4.0,294.3553615960278,4.819790521205264,0.49900000000000033,0.022935938632564996,0.49900000000000033,0.0,0.022917651,4.0
3.5779141442708853,-1.4156384463873908,4.0,294.3114894915239,4.819049854355456,0.5000000000000003,0.02293535618900653,0.5000000000000003,0.0,0.022917651,4.0
3.578220408891253,-1.4127588214429267,4.0,294.5134529407836,4.818187100503166,0.5010000000000003,0.02293528842396217,0.5010000000000003,0.0,0.022917651,4.0
3.5785266955499226,-1.4098790800842447,4.0,294.7156582838078,4.817324318393712,0.5020000000000003,0.02293522048316022,0.5020000000000003,0.0,0.022917651,4.0
3.5788330044905936,-1.4069992210240263,4.0,294.918108195479,4.816461507714623,0.5030000000000003,0.02293515236465713,0.5030000000000003,0.0,0.022917651,4.0
3.579139335960576,-1.4041192429559022,4.0,295.1208053902643,4.815598668148803,0.5040000000000003,0.022935084066480614,0.5040000000000003,0.0,0.022917651,4.0
3.57944569021085,-1.4012391445540995,4.0,295.3237526229504,4.81473579937445,0.5050000000000003,0.02293501558662906,0.5050000000000003,0.0,0.022917651,4.0
3.579752067496139,-1.3983589244730779,4.0,295.5269526893953,4.81387290106496,0.5060000000000003,0.02293494692307102,0.5060000000000003,0.0,0.022917651,4.0
3.580058468074978,-1.3954785813471628,4.0,295.730408427296,4.813009972888846,0.5070000000000003,0.022934878073744665,0.5070000000000003,0.0,0.022917651,4.0
3.5803648922097864,-1.3925981137901655,4.0,295.9341227169748,4.812147014509637,0.5080000000000005,0.022934809036557167,0.5080000000000003,0.0,0.022917651,4.0
3.580671340166938,-1.3897175203949963,4.0,296.1380984821818,4.811284025585791,0.5090000000000003,0.02293473980938417,0.5090000000000003,0.0,0.022917651,4.0
3.58097781221684,-1.3868367997332702,4.0,296.34233869091736,4.810421005770598,0.5100000000000005,0.02293467039006915,0.5100000000000003,0.0,0.022917651,4.0
3.5812843086340074,-1.3839559503549024,4.0,296.5468463562719,4.809557954712076,0.5110000000000003,0.02293460077642283,0.5110000000000003,0.0,0.022917651,4.0
3.5815908296971415,-1.3810749707876935,4.0,296.7516245372855,4.808694872052885,0.5120000000000003,0.02293453096622253,0.5120000000000003,0.0,0.022917651,4.0
3.5818973756892083,-1.3781938595369079,4.0,296.95667633982725,4.807831757430204,0.5130000000000005,0.02293446095721157,0.5130000000000003,0.0,0.022917651,4.0
3.5822039468975255,-1.3753126150848394,4.0,297.1620049174947,4.806968610475642,0.5140000000000003,0.02293439074709858,0.5140000000000003,0.0,0.022917651,4.0
3.5825105436138402,-1.3724312358903694,4.0,297.3676134725344,4.806105430815124,0.5150000000000003,0.022934320333556822,0.5150000000000003,0.0,0.022917651,4.0
3.582817166134419,-1.3695497203885132,4.0,297.5735052567832,4.8052422180687815,0.5160000000000003,0.02293424971422356,0.5160000000000003,0.0,0.022917651,4.0
3.5831238147601345,-1.3666680669899556,4.0,297.7796835726327,4.804378971850842,0.5170000000000003,0.022934178886699297,0.5170000000000003,0.0,0.022917651,4.0
3.5834304897965543,-1.3637862740805782,4.0,297.98615177401456,4.803515691769512,0.5180000000000005,0.022934107848547106,0.5180000000000003,0.0,0.022917651,4.0
3.5837371915540333,-1.3609043400209708,4.0,298.1929132674108,4.802652377426855,0.5190000000000003,0.02293403659729188,0.5190000000000003,0.0,0.022917651,4.0
3.58404392034781,-1.3580222631459367,4.0,298.3999715128864,4.801789028418683,0.5200000000000004,0.022933965130419554,0.5200000000000004,0.0,0.022917651,4.0
3.584350676498099,-1.3551400417639827,4.0,298.6073300251474,4.800925644334416,0.5210000000000005,0.022933893445376392,0.5210000000000004,0.0,0.022917651,4.0
3.5846574603301926,-1.3522576741567973,4.0,298.81499237462384,4.8000622247569735,0.5220000000000005,0.022933821539568147,0.5220000000000004,0.0,0.022917651,4.0
3.5849642721745623,-1.3493751585787173,4.0,299.0229621885778,4.799198769262629,0.5230000000000004,0.022933749410359288,0.5230000000000004,0.0,0.022917651,4.0
3.5852711135638526,-1.3464936255021636,4.0,299.2338168454295,4.798336414439107,0.5240000000000005,0.02293367673881749,0.5240000000000004,0.0,0.022917651,4.0
3.585577985936419,-1.3436140091502482,4.0,299.4496229978426,4.7974761002449675,0.5250000000000004,0.022933603281666035,0.5250000000000004,0.0,0.022917651,4.0
3.585884887543595,-1.3407342106454117,4.0,299.6655870416113,4.796615720833779,0.5260000000000005,0.02293352963162672,0.5260000000000004,0.0,0.022917651,4.0
3.586191818828396,-1.337854227227333,4.0,299.8817113693994,4.795755275217251,0.5270000000000004,0.022933455785776546,0.5270000000000004,0.0,0.022917651,4.0
3.5864987802428363,-1.3349740560796366,4.0,300.09799842246036,4.794894762387022,0.5280000000000004,0.02293338174113317,0.5280000000000004,0.0,0.022917651,4.0
3.586805772248156,-1.33209369432846,4.0,300.31445069187714,4.794034181314153,0.5290000000000005,0.022933307494653346,0.5290000000000004,0.0,0.022917651,4.0
3.5871127953150594,-1.3292131390409807,4.0,300.5310707198395,4.79317353094859,0.5300000000000004,0.02293323304323142,0.5300000000000004,0.0,0.022917651,4.0
3.587419849923954,-1.3263323872238961,4.0,300.74786110096176,4.792312810218625,0.5310000000000004,0.022933158383697683,0.5310000000000004,0.0,0.022917651,4.0
3.5877269365652085,-1.3234514358218563,4.0,300.96482448364156,4.791452018030343,0.5320000000000004,0.022933083512816716,0.5320000000000004,0.0,0.022917651,4.0
3.5880340557394095,-1.320570281715849,4.0,301.18196357146,4.790591153267024,0.5330000000000004,0.0229330084272857,0.5330000000000004,0.0,0.022917651,4.0
3.5883412079576265,-1.3176889217215297,4.0,301.3992811246267,4.789730214788564,0.5340000000000004,0.02293293312373262,0.5340000000000004,0.0,0.022917651,4.0
3.5886483937416913,-1.3148073525875057,4.0,301.61677996147074,4.788869201430853,0.5350000000000004,0.022932857598714464,0.5350000000000004,0.0,0.022917651,4.0
3.588955613624483,-1.3119255709935618,4.0,301.83446295997766,4.788008112005139,0.5360000000000005,0.02293278184871535,0.5360000000000004,0.0,0.022917651,4.0
3.5892628681502186,-1.3090435735488253,4.0,302.0523330593768,4.787146945297372,0.5370000000000005,0.022932705870144565,0.5370000000000004,0.0,0.022917651,4.0
3.589570157874757,-1.3061613567898822,4.0,302.27039326177925,4.786285700067529,0.5380000000000004,0.022932629659334583,0.5380000000000004,0.0,0.022917651,4.0
3.589877483365915,-1.3032789171788224,4.0,302.4886466338679,4.7854243750489145,0.5390000000000004,0.022932553212539,0.5390000000000004,0.0,0.022917651,4.0
3.59018484520379,-1.3003962511012297,4.0,302.7070963086439,4.784562968947447,0.5400000000000004,0.022932476525930383,0.5400000000000004,0.0,0.022917651,4.0
3.590492243981088,-1.2975133548640991,4.0,302.9257454872277,4.783701480440899,0.5410000000000004,0.02293239959559808,0.5410000000000004,0.0,0.022917651,4.0
3.5907996803034745,-1.2946302246936907,4.0,303.14459744072184,4.7828399081781425,0.5420000000000003,0.02293232241754596,0.5420000000000004,0.0,0.022917651,4.0
3.5911071547899316,-1.2917468567333117,4.0,303.36365551213333,4.781978250778348,0.5430000000000005,0.022932244987690035,0.5430000000000004,0.0,0.022917651,4.0
3.5914146680731176,-1.288863247041024,4.0,303.58292311836,4.7811165068301635,0.5440000000000004,0.022932167301856054,0.5440000000000004,0.0,0.022917651,4.0
3.5917222207997552,-1.285979391587276,4.0,303.8024037522439,4.780254674890873,0.5450000000000005,0.022932089355776997,0.5450000000000004,0.0,0.022917651,4.0
3.5920298136310223,-1.2830952862524547,4.0,304.02210098469294,4.779392753485511,0.5460000000000004,0.022932011145090456,0.5460000000000004,0.0,0.022917651,4.0
3.5923374472429552,-1.2802109268243553,4.0,304.2420184668736,4.778530741105963,0.5470000000000003,0.022931932665335993,0.5470000000000004,0.0,0.022917651,4.0
3.592645122326872,-1.2773263089955662,4.0,304.46215993247915,4.7776686362100245,0.5480000000000004,0.022931853911952342,0.5480000000000004,0.0,0.022917651,4.0
3.592952839589804,-1.2744414283607624,4.0,304.6825292000743,4.776806437220439,0.5490000000000004,0.02293177488027456,0.5490000000000004,0.0,0.022917651,4.0
3.593260599754947,-1.2715562804139082,4.0,304.9031301755205,4.7759441425238895,0.5500000000000004,0.022931695565531044,0.5500000000000004,0.0,0.022917651,4.0
3.593568403562125,-1.268670860545363,4.0,305.1239668544849,4.775081750469964,0.5510000000000004,0.022931615962840504,0.5510000000000004,0.0,0.022917651,4.0
3.59387625176827,-1.2657851640388849,4.0,305.3450433250365,4.774219259370086,0.5520000000000004,0.022931536067208744,0.5520000000000004,0.0,0.022917651,4.0
3.594184145147921,-1.262899186068534,4.0,305.5663637703325,4.773356667496402,0.5530000000000005,0.02293145587352541,0.5530000000000004,0.0,0.022917651,4.0
3.594492084493738,-1.2600129216954616,4.0,305.7879324713993,4.77249397308063,0.5540000000000004,0.022931375376560606,0.5540000000000004,0.0,0.022917651,4.0
3.5948000706170347,-1.2571263658645904,4.0,306.0097538100117,4.7716311743128825,0.5550000000000004,0.022931294570961325,0.5550000000000004,0.0,0.022917651,4.0
3.5951081043483315,-1.2542395134011735,4.0,306.23183227167385,4.770768269340418,0.5560000000000005,0.022931213451247854,0.5560000000000004,0.0,0.022917651,4.0
3.5954161865379253,-1.2513523590072346,4.0,306.4541724487069,4.7699052562663775,0.5570000000000004,0.022931132011809994,0.5570000000000004,0.0,0.022917651,4.0
3.595724318056486,-1.248464897257876,4.0,306.67677904344833,4.769042133148462,0.5580000000000003,0.022931050246903135,0.5580000000000004,0.0,0.022917651,4.0
3.596032499795665,-1.245577122597455,4.0,306.8996568715655,4.768178897997557,0.5590000000000004,0.02293096815064422,0.5590000000000004,0.0,0.022917651,4.0
3.596340732668735,-1.2426890293356219,4.0,307.12281086549126,4.767315548776322,0.5600000000000004,0.02293088571700755,0.5600000000000004,0.0,0.022917651,4.0
3.5966490176112447,-1.239800611643212,4.0,307.3462460779839,4.766452083397711,0.5610000000000005,0.022930802939820416,0.5610000000000004,0.0,0.022917651,4.0
3.5969573555817105,-1.2369118635479872,4.0,307.5699676858193,4.765588499723461,0.5620000000000004,0.022930719812758626,0.5620000000000004,0.0,0.022917651,4.0
3.5972657475623158,-1.234022778930218,4.0,307.79398099361913,4.764724795562494,0.5630000000000004,0.022930636329341784,0.5630000000000004,0.0,0.022917651,4.0
3.5975741945596518,-1.231133351518103,4.0,308.0182914378221,4.763860968669288,0.5640000000000004,0.02293055248292848,0.5640000000000004,0.0,0.022917651,4.0
3.5978826976054825,-1.2282435748830167,4.0,308.24290459080373,4.762997016742175,0.5650000000000004,0.022930468266711208,0.5650000000000004,0.0,0.022917651,4.0
3.5981912577575286,-1.2253534424345747,4.0,308.4678261651523,4.762132937421566,0.5660000000000004,0.022930383673711204,0.5660000000000004,0.0,0.022917651,4.0
3.5984998761002966,-1.2224629474155158,4.0,308.6930620181066,4.7612687282881305,0.5670000000000005,0.022930298696772967,0.5670000000000004,0.0,0.022917651,4.0
3.5988085537459282,-1.2195720828963854,4.0,308.91861815616363,4.760404386860881,0.5680000000000004,0.022930213328558675,0.5680000000000004,0.0,0.022917651,4.0
3.5991172918350873,-1.2166808417700161,4.0,309.1445007398633,4.75953991059521,0.5690000000000004,0.022930127561542293,0.5690000000000004,0.0,0.022917651,4.0
3.5994260915378806,-1.2137892167457927,4.0,309.37071608875885,4.7586752968808215,0.5700000000000005,0.022930041388003558,0.5700000000000004,0.0,0.022917651,4.0
3.5997349540548114,-1.2108972003436957,4.0,309.59727068658026,4.757810543039609,0.5710000000000004,0.02292995480002162,0.5710000000000004,0.0,0.022917651,4.0
3.6000438806177777,-1.2080047848881112,4.0,309.82417118660084,4.756945646323439,0.5720000000000005,0.02292986778946851,0.5720000000000004,0.0,0.022917651,4.0
3.600352872491101,-1.205111962501394,4.0,310.05142441721546,4.756080603911843,0.5730000000000004,0.022929780348002332,0.5730000000000004,0.0,0.022917651,4.0
3.6006619309726013,-1.2022187250971768,4.0,310.2790373877403,4.755215412909619,0.5740000000000004,0.022929692467060152,0.5740000000000004,0.0,0.022917651,4.0
3.6009710573947142,-1.1993250643734128,4.0,310.5070172944448,4.754350070344349,0.5750000000000004,0.02292960413785066,0.5750000000000004,0.0,0.022917651,4.0
3.601280253125654,-1.1964309718051345,4.0,310.73537152682667,4.753484573163798,0.5760000000000004,0.022929515351346474,0.5760000000000004,0.0,0.022917651,4.0
3.6015895195706205,-1.1935364386369232,4.0,310.96410767414125,4.752618918233224,0.5770000000000005,0.02292942609827619,0.5770000000000004,0.0,0.022917651,4.0
3.601898858173057,-1.1906414558750666,4.0,311.1932335321972,4.751753102332566,0.5780000000000004,0.022929336369116062,0.5780000000000004,0.0,0.022917651,4.0
3.6022082704159635,-1.1877460142793987,4.0,311.42275711043186,4.750887122153527,0.5790000000000004,0.022929246154081373,0.5790000000000004,0.0,0.022917651,4.0
3.6025177578232586,-1.1848501043547977,4.0,311.65268663927935,4.750020974296523,0.5800000000000005,0.022929155443117414,0.5800000000000004,0.0,0.022917651,4.0
3.6028273219612004,-1.1819537163423324,4.0,311.8830305778458,4.749154655267518,0.5810000000000004,0.022929064225890115,0.5810000000000004,0.0,0.022917651,4.0
3.6031369644398676,-1.179056840210036,4.0,312.113797621906,4.748288161474723,0.5820000000000004,0.02292897249177631,0.5820000000000004,0.0,0.022917651,4.0
3.603446686914704,-1.1761594656432903,4.0,312.3449967122396,4.747421489225148,0.5830000000000005,0.022928880229853482,0.5830000000000004,0.0,0.022917651,4.0
3.603756491088126,-1.1732615820347996,4.0,312.5766370433202,4.746554634721011,0.5840000000000004,0.022928787428889222,0.5840000000000004,0.0,0.022917651,4.0
3.6040663787112006,-1.1703631784741366,4.0,312.8087280723784,4.745687594056002,0.5850000000000004,0.022928694077330107,0.5850000000000004,0.0,0.022917651,4.0
3.604376351585398,-1.1674642437368352,4.0,313.04127952885534,4.744820363211376,0.5860000000000004,0.022928600163290173,0.5860000000000004,0.0,0.022917651,4.0
3.6046864115644146,-1.1645647662730112,4.0,313.2743014242675,4.743952938051875,0.5870000000000004,0.022928505674538857,0.5870000000000004,0.0,0.022917651,4.0
3.6049965605560828,-1.1616647341954807,4.0,313.507804062504,4.743085314321474,0.5880000000000005,0.022928410598488415,0.5880000000000004,0.0,0.022917651,4.0
3.605306800524359,-1.1587641352673583,4.0,313.7417980505779,4.7422174876389445,0.5890000000000004,0.02292831492218081,0.5890000000000004,0.0,0.022917651,4.0
3.605617133491405,-1.1558629568891021,4.0,313.97629430985546,4.741349453493215,0.5900000000000004,0.022928218632273952,0.5900000000000004,0.0,0.022917651,4.0
3.6059275615397604,-1.1529611860849787,4.0,314.21130408778833,4.740481207238524,0.5910000000000005,0.022928121715027408,0.5910000000000004,0.0,0.022917651,4.0
3.6062380868146104,-1.1500588094889157,4.0,314.44683897017586,4.739612744089355,0.5920000000000004,0.022928024156287388,0.5920000000000004,0.0,0.022917651,4.0
3.606548711526162,-1.1471558133297155,4.0,314.6829108939833,4.7387440591151435,0.5930000000000004,0.022927925941471108,0.5930000000000004,0.0,0.022917651,4.0
3.606859437952125,-1.1442521834155872,4.0,314.91953216074927,4.737875147234737,0.5940000000000004,0.022927827055550402,0.5940000000000004,0.0,0.022917651,4.0
3.607170268440307,-1.1413479051179654,4.0,315.1567154506101,4.737006003210601,0.5950000000000004,0.022927727483034597,0.5950000000000004,0.0,0.022917651,4.0
3.607481205411337,-1.138442963354579,4.0,315.3944738369783,4.7361366216427605,0.5960000000000004,0.02292762720795256,0.5960000000000004,0.0,0.022917651,4.0
3.607792251361505,-1.1355373425717223,4.0,315.63282080190845,4.735266996962455,0.5970000000000004,0.02292752621383396,0.5970000000000004,0.0,0.022917651,4.0
3.608103408865742,-1.1326310267256918,4.0,315.8717702521896,4.734397123425479,0.5980000000000004,0.022927424483689566,0.5980000000000004,0.0,0.022917651,4.0
3.6084146805807435,-1.1297239992633346,4.0,316.11133653620317,4.7335269951052314,0.5990000000000004,0.02292732199999069,0.5990000000000004,0.0,0.022917651,4.0
3.6087261547654252,-1.1268167898897838,4.0,316.3513696567715,4.732657494832654,0.6000000000000004,0.022927218749003966,0.6000000000000004,0.0,0.022917651,4.0
3.6090954929353574,-1.123937737577838,4.0,316.4708435170285,4.731925262948433,0.6010000000000005,0.022927212502918917,0.6010000000000004,0.0,0.022917651,4.0
3.609464897959002,-1.1210581763023166,4.0,316.5909827476878,4.731192789516364,0.6020000000000004,0.022927206222544554,0.6020000000000004,0.0,0.022917651,4.0
3.6098343708124827,-1.1181780986318883,4.0,316.71179706376086,4.73046007100963,0.6030000000000005,0.022927199907380225,0.6030000000000004,0.0,0.022917651,4.0
3.6102039124910204,-1.1152974969898433,4.0,316.8332963703151,4.729727103832416,0.6040000000000004,0.022927193556915474,0.6040000000000004,0.0,0.022917651,4.0
3.610573524009402,-1.1124163636505198,4.0,316.95549076714406,4.7289938843182195,0.6050000000000004,0.022927187170629828,0.6050000000000004,0.0,0.022917651,4.0
3.6109432064024625,-1.1095346907356238,4.0,317.078390553576,4.728260408728099,0.6060000000000005,0.022927180747992507,0.6060000000000004,0.0,0.022917651,4.0
3.6113129607255816,-1.1066524702104448,4.0,317.2020062334265,4.727526673248879,0.6070000000000004,0.02292717428846221,0.6070000000000004,0.0,0.022917651,4.0
3.6116827880551985,-1.1037696938799495,4.0,317.3263485200981,4.726792673991297,0.6080000000000004,0.02292716779148683,0.6080000000000004,0.0,0.022917651,4.0
3.6120526894893388,-1.100886353384768,4.0,317.45142834183434,4.726058406988102,0.6090000000000004,0.02292716125650319,0.6090000000000004,0.0,0.022917651,4.0
3.612422666148159,-1.09800244019705,4.0,317.5772568471323,4.725323868192078,0.6100000000000004,0.022927154682936764,0.6100000000000004,0.0,0.022917651,4.0
3.6127927191745033,-1.0951179456162008,4.0,317.70384541031945,4.724589053474031,0.6110000000000004,0.022927148070201384,0.6110000000000004,0.0,0.022917651,4.0
3.6131628497344876,-1.0922328607644833,4.0,317.8312056373011,4.723853958620696,0.6120000000000005,0.02292714141769895,0.6120000000000004,0.0,0.022917651,4.0
3.613533059018089,-1.0893471765824896,4.0,317.9593493714838,4.72311857933259,0.6130000000000005,0.022927134724819116,0.6130000000000004,0.0,0.022917651,4.0
3.6139033482397607,-1.0864608838244658,4.0,318.0882886998824,4.722382911221793,0.6140000000000005,0.022927127990938993,0.6140000000000004,0.0,0.022917651,4.0
3.6142737186390668,-1.0835739730535001,4.0,318.21803595941515,4.72164694980966,0.6150000000000004,0.02292712121542281,0.6150000000000004,0.0,0.022917651,4.0
3.614644171481332,-1.0806864346365548,4.0,318.34860374339644,4.720910690524472,0.6160000000000004,0.022927114397621576,0.6160000000000004,0.0,0.022917651,4.0
3.6150147080583164,-1.0777982587393447,4.0,318.48000490823216,4.720174128699,0.6170000000000004,0.02292710753687275,0.6170000000000004,0.0,0.022917651,4.0
3.6153853296889067,-1.0749094353210535,4.0,318.6122525803262,4.719437259567991,0.6180000000000004,0.02292710063249987,0.6180000000000004,0.0,0.022917651,4.0
3.615756037719835,-1.0720199541288862,4.0,318.7453601632056,4.7187000782655995,0.6190000000000005,0.022927093683812197,0.6190000000000004,0.0,0.022917651,4.0
3.6161268335264167,-1.0691298046924416,4.0,318.8793413448728,4.7179625798227,0.6200000000000004,0.02292708669010434,0.6200000000000004,0.0,0.022917651,4.0
3.6164977185133105,-1.0662389763179108,4.0,319.0142101053927,4.717224759164142,0.6210000000000004,0.02292707965065583,0.6210000000000004,0.0,0.022917651,4.0
3.6168686941153108,-1.0633474580820865,4.0,319.1499807247243,4.716486611105908,0.6220000000000006,0.022927072564730783,0.6220000000000004,0.0,0.022917651,4.0
3.6172397617981518,-1.0604552388261774,4.0,319.28666779080584,4.7157481303521696,0.6230000000000004,0.022927065431577402,0.6230000000000004,0.0,0.022917651,4.0
3.6176109230593556,-1.0575623071494247,4.0,319.424286207902,4.71500931149227,0.6240000000000006,0.022927058250427627,0.6240000000000004,0.0,0.022917651,4.0
3.61798217942909,-1.0546686514025054,4.0,319.56285120522534,4.714270148997583,0.6250000000000004,0.022927051020496608,0.6250000000000004,0.0,0.022917651,4.0
3.618353532471069,-1.0517742596807225,4.0,319.70237834584015,4.713530637218286,0.6260000000000004,0.02292704374098234,0.6260000000000004,0.0,0.022917651,4.0
3.6187249837834736,-1.048879119816969,4.0,319.8428835358615,4.7127907703800185,0.6270000000000006,0.022927036411065103,0.6270000000000004,0.0,0.022917651,4.0
3.619096534999911,-1.0459832193744565,4.0,319.98438303395943,4.712050542580435,0.6280000000000006,0.02292702902990702,0.6280000000000004,0.0,0.022917651,4.0
3.6194681877903947,-1.043086545639202,4.0,320.1268934611816,4.711309947785636,0.6290000000000006,0.022927021596651543,0.6290000000000004,0.0,0.022917651,4.0
3.61983994386237,-1.0401890856122622,4.0,320.27043181110565,4.7105689798264825,0.6300000000000004,0.022927014110422916,0.6300000000000004,0.0,0.022917651,4.0
3.6202118803323953,-1.0372910795867611,4.0,320.41485415926104,4.709828187745305,0.6310000000000006,0.02292700655559629,0.6310000000000004,0.0,0.022917651,4.0
3.6205840824584046,-1.034392783532118,4.0,320.5600004804471,4.709088168836215,0.6320000000000006,0.022926998916119174,0.6320000000000005,0.0,0.022917651,4.0
3.6209563973071006,-1.0314936566897954,4.0,320.70622081543587,4.708347770015633,0.6330000000000005,0.02292699122191543,0.6330000000000005,0.0,0.022917651,4.0
3.6213288268413875,-1.0285936845927917,4.0,320.85353386667043,4.707606984667932,0.6340000000000005,0.022926983472032085,0.6340000000000005,0.0,0.022917651,4.0
3.6217013730700183,-1.0256928524362474,4.0,321.0019587733651,4.70686580602299,0.6350000000000005,0.022926975665493888,0.6350000000000005,0.0,0.022917651,4.0
3.622074038048926,-1.0227911450675247,4.0,321.1515151243302,4.706124227151646,0.6360000000000005,0.02292696780130268,0.6360000000000005,0.0,0.022917651,4.0
3.6224468238826275,-1.0198885469759347,4.0,321.30222297125175,4.705382240961005,0.6370000000000006,0.022926959878436737,0.6370000000000005,0.0,0.022917651,4.0
3.6228197327256644,-1.0169850422820994,4.0,321.4541028424452,4.704639840189575,0.6380000000000005,0.022926951895850017,0.6380000000000005,0.0,0.022917651,4.0
3.623192766784097,-1.0140806147269306,4.0,321.6071757571013,4.703897017402227,0.6390000000000006,0.022926943852471498,0.6390000000000005,0.0,0.022917651,4.0
3.6235659283170545,-1.0111752476602136,4.0,321.76146324004696,4.70315376498497,0.6400000000000005,0.022926935747204367,0.6400000000000005,0.0,0.022917651,4.0
3.6239392196383418,-1.0082689240287726,4.0,321.916987337042,4.702410075139548,0.6410000000000005,0.022926927578925282,0.6410000000000005,0.0,0.022917651,4.0
3.6243126431181,-1.005361626364208,4.0,322.07377063063353,4.701665939877822,0.6420000000000005,0.02292691934648354,0.6420000000000005,0.0,0.022917651,4.0
3.6246862011845353,-1.0024533367701818,4.0,322.2318362565944,4.700921351015964,0.6430000000000005,0.02292691104870026,0.6430000000000005,0.0,0.022917651,4.0
3.6250598963257055,-0.9995440369092298,4.0,322.3912079209682,4.700176300168422,0.6440000000000006,0.02292690268436749,0.6440000000000005,0.0,0.022917651,4.0
3.625433731091378,-0.9966337079890881,4.0,322.5519099177493,4.699430778741667,0.6450000000000005,0.022926894252247323,0.6450000000000005,0.0,0.022917651,4.0
3.625807708094951,-0.9937223307485042,4.0,322.71396714722357,4.698684777927706,0.6460000000000005,0.02292688575107096,0.6460000000000005,0.0,0.022917651,4.0
3.6261818300154562,-0.9908098854425152,4.0,322.8774051350018,4.697938288697355,0.6470000000000005,0.02292687717953774,0.6470000000000005,0.0,0.022917651,4.0
3.6265560995996258,-0.9878963518271675,4.0,323.0422500517726,4.697191301793238,0.6480000000000005,0.022926868536314125,0.6480000000000005,0.0,0.022917651,4.0
3.6269305196640516,-0.9849817091436528,4.0,323.20852873381034,4.696443807722548,0.6490000000000005,0.02292685982003267,0.6490000000000005,0.0,0.022917651,4.0
3.627305093097415,-0.9820659361018375,4.0,323.3762687042697,4.695695796749501,0.6500000000000005,0.022926851029290925,0.6500000000000005,0.0,0.022917651,4.0
3.6276798228628095,-0.9791490108631523,4.0,323.5454981953034,4.694947258887525,0.6510000000000005,0.022926842162650316,0.6510000000000005,0.0,0.022917651,4.0
3.628054712000154,-0.976230911022819,4.0,323.71624617104,4.69419818389112,0.6520000000000005,0.022926833218634965,0.6520000000000005,0.0,0.022917651,4.0
3.6284297636286973,-0.9733116135913805,4.0,323.88854235146084,4.693448561247425,0.6530000000000005,0.022926824195730493,0.6530000000000005,0.0,0.022917651,4.0
3.628805029384322,-0.9703912491113982,4.0,324.06228552434777,4.692698727762918,0.6540000000000006,0.02292681508918749,0.6540000000000005,0.0,0.022917651,4.0
3.629180603597794,-0.9674700712379615,4.0,324.23726273976393,4.691949313940886,0.6550000000000005,0.022926805891617656,0.6550000000000005,0.0,0.022917651,4.0
3.6295563534796167,-0.9645476142940183,4.0,324.41387874548695,4.691199323761624,0.6560000000000005,0.02292679661048597,0.6560000000000005,0.0,0.022917651,4.0
3.6299322825935523,-0.9616238523312239,4.0,324.5921667874523,4.690448745532646,0.6570000000000005,0.022926787244097226,0.6570000000000005,0.0,0.022917651,4.0
3.630308394600416,-0.9586987586945749,4.0,324.77216101699247,4.689697567243041,0.6580000000000006,0.022926777790710055,0.6580000000000005,0.0,0.022917651,4.0
3.630684693261403,-0.955772305998186,4.0,324.9538965218702,4.688945776552553,0.6590000000000005,0.022926768248535328,0.6590000000000005,0.0,0.022917651,4.0
3.631061182441551,-0.9528444661000682,4.0,325.13740935859585,4.688193360780228,0.6600000000000005,0.022926758615734524,0.6600000000000005,0.0,0.022917651,4.0
3.6314378661133517,-0.9499152100758529,4.0,325.3227365860925,4.687440306892563,0.6610000000000005,0.022926748890418017,0.6610000000000005,0.0,0.022917651,4.0
3.631814748360508,-0.946984508191411,4.0,325.5099163007758,4.6866866014911714,0.6620000000000006,0.022926739070643264,0.6620000000000005,0.0,0.022917651,4.0
3.632191833381857,-0.9440523298743184,4.0,325.6989876731158,4.685932230799925,0.6630000000000005,0.02292672915441297,0.6630000000000005,0.0,0.022917651,4.0
3.6325691254954537,-0.9411186436841014,4.0,325.8899909857574,4.685177180651549,0.6640000000000006,0.022926719139673125,0.6640000000000005,0.0,0.022917651,4.0
3.6329466291428316,-0.9381834172812097,4.0,326.08296767327477,4.68442143647364,0.6650000000000005,0.022926709024310977,0.6650000000000005,0.0,0.022917651,4.0
3.6333243488934492,-0.9352466173946465,4.0,326.2779603636441,4.683664983274075,0.6660000000000005,0.02292669880615293,0.6660000000000005,0.0,0.022917651,4.0
3.6337022894493334,-0.9323082097881911,4.0,326.4750129215207,4.682907805625799,0.6670000000000006,0.022926688482962327,0.6670000000000005,0.0,0.022917651,4.0
3.6340804556499124,-0.92936815922514,4.0,326.6741704934132,4.6821498876509295,0.6680000000000005,0.022926678052437154,0.6680000000000005,0.0,0.022917651,4.0
3.6344588524770827,-0.9264264294314926,4.0,326.8754795548527,4.681391213004175,0.6690000000000006,0.022926667512207618,0.6690000000000005,0.0,0.022917651,4.0
3.6348374850604808,-0.9234829830574973,4.0,327.07898795965946,4.680631764855502,0.6700000000000005,0.022926656859833656,0.6700000000000005,0.0,0.022917651,4.0
3.6352163586830097,-0.9205377816374762,4.0,327.2847449914191,4.6798715258720325,0.6710000000000005,0.02292664609280231,0.6710000000000005,0.0,0.022917651,4.0
3.6355955289997945,-0.9175911752695294,4.0,327.4925657035778,4.679111068944096,0.6720000000000006,0.022926635217916914,0.6720000000000005,0.0,0.022917651,4.0
3.635974991436754,-0.9146430315333082,4.0,327.7025556938463,4.678350243270645,0.6730000000000004,0.022926624231251285,0.6730000000000005,0.0,0.022917651,4.0
3.6363547132577088,-0.9116930052223375,4.0,327.9149516940636,4.677588572555412,0.6740000000000005,0.02292661312303246,0.6740000000000005,0.0,0.022917651,4.0
3.6367347004849555,-0.9087410526275784,4.0,328.12980956622465,4.676826037178474,0.6750000000000005,0.022926601890438273,0.6750000000000005,0.0,0.022917651,4.0
3.6371149593286773,-0.9057871286763418,4.0,328.34718691512796,4.676062616907803,0.6760000000000006,0.022926590530558483,0.6760000000000005,0.0,0.022917651,4.0
3.637495496194327,-0.9028311868786897,4.0,328.56714315687526,4.675298290875202,0.6770000000000006,0.022926579040391352,0.6770000000000005,0.0,0.022917651,4.0
3.6378763176903672,-0.8998731792712902,4.0,328.7897395906283,4.674533037551106,0.6780000000000005,0.02292656741684001,0.6780000000000005,0.0,0.022917651,4.0
3.6382574306363695,-0.8969130563585811,4.0,329.0150394738037,4.673766834718164,0.6790000000000006,0.022926555656708644,0.6790000000000005,0.0,0.022917651,4.0
3.638638842071519,-0.8939507670510916,4.0,329.2431081009,4.672999659443564,0.6800000000000005,0.022926543756698538,0.6800000000000005,0.0,0.022917651,4.0
3.639020559263524,-0.8909862586007615,4.0,329.47401288616373,4.67223148804999,0.6810000000000005,0.02292653171340388,0.6810000000000005,0.0,0.022917651,4.0
3.639402589717963,-0.888019476533083,4.0,329.7078234503139,4.671462296085166,0.6820000000000006,0.022926519523307393,0.6820000000000005,0.0,0.022917651,4.0
3.6397849411881023,-0.8850503645758849,4.0,329.9446117115589,4.670692058289892,0.6830000000000005,0.02292650718277571,0.6830000000000005,0.0,0.022917651,4.0
3.6401676216851913,-0.8820788645845627,4.0,330.18445198115637,4.669920748564475,0.6840000000000005,0.022926494688054584,0.6840000000000005,0.0,0.022917651,4.0
3.6405506394892915,-0.8791049164635436,4.0,330.42742106378387,4.669148339933483,0.6850000000000005,0.022926482035263797,0.6850000000000005,0.0,0.022917651,4.0
3.64093408903962,-0.8761285807817628,4.0,330.6734337800047,4.668375270229781,0.6860000000000005,0.022926469100964474,0.6860000000000005,0.0,0.022917651,4.0
3.641317959789903,-0.8731497776582732,4.0,330.92260192674485,4.667601417465845,0.6870000000000005,0.022926455909781485,0.6870000000000005,0.0,0.022917651,4.0
3.6417021918405146,-0.8701683461032335,4.0,331.175139988237,4.666826381439055,0.6880000000000005,0.02292644255398195,0.6880000000000005,0.0,0.022917651,4.0
3.642086794550187,-0.8671842180326049,4.0,331.4311352550959,4.666050131499452,0.6890000000000006,0.022926429029301813,0.6890000000000005,0.0,0.022917651,4.0
3.6424717776036903,-0.8641973229904358,4.0,331.69067805896856,4.665272635929294,0.6900000000000005,0.022926415331328484,0.6900000000000005,0.0,0.022917651,4.0
3.642857151026159,-0.8612075880446626,4.0,331.95386190612743,4.664493861896149,0.6910000000000005,0.022926401455494284,0.6910000000000005,0.0,0.022917651,4.0
3.643242925198174,-0.8582149376773702,4.0,332.22078361816807,4.66371377540349,0.6920000000000006,0.022926387397069595,0.6920000000000005,0.0,0.022917651,4.0
3.6436291108716596,-0.8552192936691629,4.0,332.49154348025695,4.662932341238645,0.6930000000000005,0.022926373151155588,0.6930000000000005,0.0,0.022917651,4.0
3.6440157191866334,-0.8522205749772752,4.0,332.76624539740556,4.6621495229179155,0.6940000000000005,0.02292635871267662,0.6940000000000005,0.0,0.022917651,4.0
3.644402761688882,-0.8492186976070236,4.0,333.04499705928293,4.661365282628719,0.6950000000000005,0.022926344076372177,0.6950000000000005,0.0,0.022917651,4.0
3.6447902503486005,-0.8462135744761692,4.0,333.3279101141156,4.66057958116852,0.6960000000000005,0.02292632923678837,0.6960000000000005,0.0,0.022917651,4.0
3.645178263778439,-0.843205035881398,4.0,333.61502881133447,4.65979256345017,0.6970000000000006,0.022926314223436578,0.6970000000000005,0.0,0.022917651,4.0
3.6455669716252745,-0.8401928048264767,4.0,333.90629385350695,4.659004631493359,0.6980000000000005,0.022926299120096576,0.6980000000000005,0.0,0.022917651,4.0
3.6459561614385123,-0.8371770584220934,4.0,334.2020666146115,4.658215112059879,0.6990000000000005,0.022926283805002588,0.6990000000000005,0.0,0.022917651,4.0
3.6463458469190355,-0.8341576967372278,4.0,334.50247523580623,4.65742396002245,0.7000000000000005,0.022926268272135064,0.7000000000000005,0.0,0.022917651,4.0
3.6467534509726764,-0.8314286635942999,4.0,334.6980409187879,4.656905262431669,0.7010000000000006,0.02292626710146322,0.7010000000000005,0.0,0.022917651,4.0
3.6471611998049123,-0.8286986308005255,4.0,334.89486917950074,4.656386144294798,0.7020000000000004,0.022926265922843754,0.7020000000000005,0.0,0.022917651,4.0
3.647569095555167,-0.8259675835838594,4.0,335.0929786753144,4.6558665993973385,0.7030000000000004,0.022926264736159226,0.7030000000000005,0.0,0.022917651,4.0
3.6479771404052252,-0.8232355068797631,4.0,335.29238843302306,4.6553466214017485,0.7040000000000005,0.022926263541289873,0.7040000000000005,0.0,0.022917651,4.0
3.6483853365802856,-0.8205023853239292,4.0,335.49311785803496,4.654826203844369,0.7050000000000005,0.02292626233811353,0.7050000000000005,0.0,0.022917651,4.0
3.6487936863500496,-0.8177682032447873,4.0,335.6951867438362,4.6543053401322805,0.7060000000000006,0.02292626112650562,0.7060000000000005,0.0,0.022917651,4.0
3.6492021920298363,-0.8150329446557856,4.0,335.89861528174134,4.653784023540054,0.7070000000000005,0.022926259906339022,0.7070000000000005,0.0,0.022917651,4.0
3.6496108559817344,-0.8122965932474362,4.0,336.1034240709387,4.653262247206405,0.7080000000000005,0.02292625867748409,0.7080000000000005,0.0,0.022917651,4.0
3.650019680615791,-0.8095591323791206,4.0,336.30963412884114,4.652740004130736,0.7090000000000005,0.022926257439808514,0.7090000000000005,0.0,0.022917651,4.0
3.6504287389964953,-0.8068204472565564,4.0,336.5171517125113,4.652217472821621,0.7100000000000005,0.02292625619271941,0.7100000000000005,0.0,0.022917651,4.0
3.6508380075594955,-0.8040805595219566,4.0,336.7260458721074,4.65169458027552,0.7110000000000005,0.02292625493614393,0.7110000000000005,0.0,0.022917651,4.0
3.651247444008923,-0.801339514411763,4.0,336.93641323364994,4.651171201880822,0.7120000000000006,0.022926253670205964,0.7120000000000005,0.0,0.022917651,4.0
3.651657050944599,-0.798597294003313,4.0,337.1482766105643,4.650647330113867,0.7130000000000006,0.022926252394760517,0.7130000000000005,0.0,0.022917651,4.0
3.6520668310203064,-0.7958538800019657,4.0,337.3616592897598,4.6501229572948395,0.7140000000000005,0.022926251109659606,0.7140000000000005,0.0,0.022917651,4.0
3.652476786945192,-0.7931092537314017,4.0,337.5765850439772,4.649598075583712,0.7150000000000005,0.022926249814752137,0.7150000000000005,0.0,0.022917651,4.0
3.6528869214852184,-0.7903633961236176,4.0,337.793078144525,4.649072676976024,0.7160000000000005,0.022926248509883874,0.7160000000000005,0.0,0.022917651,4.0
3.653297237464664,-0.787616287708603,4.0,338.01116337441823,4.648546753298563,0.7170000000000005,0.022926247194897307,0.7170000000000005,0.0,0.022917651,4.0
3.6537077377676677,-0.7848679086036912,4.0,338.2308660419356,4.6480202962048915,0.7180000000000005,0.022926245869631608,0.7180000000000005,0.0,0.022917651,4.0
3.654118425339818,-0.7821182385025669,4.0,338.4522119946089,4.647493297170725,0.7190000000000006,0.0229262445339225,0.7190000000000005,0.0,0.022917651,4.0
3.6545293031898054,-0.7793672566639235,4.0,338.67522763366287,4.646965747489182,0.7200000000000004,0.022926243187602197,0.7200000000000005,0.0,0.022917651,4.0
3.6549403743911157,-0.7766149418997524,4.0,338.8999399289216,4.64643763826586,0.7210000000000005,0.022926241830499308,0.7210000000000005,0.0,0.022917651,4.0
3.655351675166075,-0.7738611982812864,4.0,339.12634387766485,4.645909017946929,0.7220000000000005,0.022926240459950193,0.7220000000000005,0.0,0.022917651,4.0
3.6557633197692083,-0.7711057562434624,4.0,339.3543610962402,4.645380072308297,0.7230000000000005,0.022926239066542054,0.7230000000000005,0.0,0.022917651,4.0
3.6561751690329207,-0.7683489143661688,4.0,339.5841624580058,4.644850545506559,0.7240000000000006,0.022926237660187136,0.7240000000000005,0.0,0.022917651,4.0
3.656587226334199,-0.7655906495514718,4.0,339.81577740206717,4.6443204279522785,0.7250000000000005,0.022926236240671808,0.7250000000000005,0.0,0.022917651,4.0
3.656999495124734,-0.7628309381904592,4.0,340.0492360187887,4.643789709843885,0.7260000000000005,0.022926234807777723,0.7260000000000005,0.0,0.022917651,4.0
3.6574119789329997,-0.7600697561490328,4.0,340.2845690679024,4.643258381161766,0.7270000000000005,0.022926233361281665,0.7270000000000005,0.0,0.022917651,4.0
3.657824681366403,-0.7573070787532226,4.0,340.5218079972254,4.642726431662174,0.7280000000000005,0.022926231900955434,0.7280000000000005,0.0,0.022917651,4.0
3.6582376061134996,-0.7545428807740058,4.0,340.76098496200814,4.642193850870925,0.7290000000000005,0.022926230426565684,0.7290000000000005,0.0,0.022917651,4.0
3.658650756946291,-0.7517771364116118,4.0,341.00213284493947,4.641660628076881,0.7300000000000006,0.02292622893787381,0.7300000000000005,0.0,0.022917651,4.0
3.6590641377225963,-0.7490098192792892,4.0,341.24528527683447,4.641126752325208,0.7310000000000004,0.022926227434635765,0.7310000000000005,0.0,0.022917651,4.0
3.659477752388507,-0.7462409023865184,4.0,341.49047665803215,4.640592212410413,0.7320000000000004,0.022926225916601914,0.7320000000000005,0.0,0.022917651,4.0
3.6598916313740726,-0.7434702810979038,4.0,341.7377262506166,4.640057025691416,0.7330000000000005,0.02292622438046858,0.7330000000000005,0.0,0.022917651,4.0
3.660305821694888,-0.740697802307905,4.0,341.9870484245074,4.639521227582326,0.7340000000000005,0.02292622282090328,0.7340000000000005,0.0,0.022917651,4.0
3.6607202567504897,-0.7379236440364139,4.0,342.238525153097,4.6389847289754425,0.7350000000000005,0.022926221245748273,0.7350000000000005,0.0,0.022917651,4.0
3.6611349408200033,-0.7351477769181313,4.0,342.4921941082163,4.638447517622744,0.7360000000000005,0.022926219654730975,0.7360000000000005,0.0,0.022917651,4.0
3.661549878282896,-0.7323701708991518,4.0,342.7480938450881,4.637909580988997,0.7370000000000005,0.02292621804757241,0.7370000000000005,0.0,0.022917651,4.0
3.661965073621939,-0.7295907952166604,4.0,343.0062638283731,4.637370906243284,0.7380000000000005,0.02292621642398703,0.7380000000000005,0.0,0.022917651,4.0
3.66238053142627,-0.7268096183779063,4.0,343.26674445914443,4.636831480250242,0.7390000000000007,0.022926214783682498,0.7390000000000005,0.0,0.022917651,4.0
3.6627962563945675,-0.724026608138424,4.0,343.52957710282664,4.636291289560972,0.7400000000000007,0.022926213126359507,0.7400000000000005,0.0,0.022917651,4.0
3.663212253338336,-0.7212417314794694,4.0,343.79480411814205,4.635750320403629,0.7410000000000007,0.022926211451711566,0.7410000000000005,0.0,0.022917651,4.0
3.663628527185318,-0.7184549545846388,4.0,344.0624688871051,4.63520855867367,0.7420000000000007,0.022926209759424776,0.7420000000000005,0.0,0.022917651,4.0
3.664045164390019,-0.71566596870612,4.0,344.3325757641962,4.634666041510727,0.7430000000000005,0.022926207995760495,0.7430000000000005,0.0,0.022917651,4.0
3.6644621459067173,-0.7128748235202138,4.0,344.60518683389387,4.634122742272397,0.7440000000000007,0.022926206181085786,0.7440000000000005,0.0,0.022917651,4.0
3.6648794209392634,-0.7100816725719657,4.0,344.880377583198,4.633578611240662,0.7450000000000007,0.022926204353198424,0.7450000000000006,0.0,0.022917651,4.0
3.6652969949296383,-0.7072864786732135,4.0,345.15819584107805,4.633033632993526,0.7460000000000007,0.022926202511853438,0.7460000000000006,0.0,0.022917651,4.0
3.6657148734551854,-0.7044892037107525,4.0,345.4386906262301,4.632487791725369,0.7470000000000006,0.022926200656799765,0.7470000000000006,0.0,0.022917651,4.0
3.6661330622328543,-0.7016898086173954,4.0,345.72191218430186,4.631941071234957,0.7480000000000007,0.022926198787780055,0.7480000000000006,0.0,0.022917651,4.0
3.6665515671235895,-0.6988882533419344,4.0,346.0079120265221,4.631393454912978,0.7490000000000006,0.022926196904530474,0.7490000000000006,0.0,0.022917651,4.0
3.666970394136897,-0.6960844968179645,4.0,346.2967429698006,4.630844925729116,0.7500000000000006,0.022926195006780507,0.7500000000000006,0.0,0.022917651,4.0
3.6673895494355815,-0.6932784969315109,4.0,346.58845917836123,4.6302954662186275,0.7510000000000006,0.02292619309425273,0.7510000000000006,0.0,0.022917651,4.0
3.667809174130645,-0.6904696465537666,4.0,346.8831163037118,4.629745036173377,0.7520000000000006,0.02292619126963984,0.7520000000000006,0.0,0.022917651,4.0
3.668229147306489,-0.6876584366619812,4.0,347.1807772539766,4.629193640743537,0.7530000000000007,0.022926189432334553,0.7530000000000006,0.0,0.022917651,4.0
3.6686494681539554,-0.6848448531672721,4.0,347.48150061289385,4.628641262472957,0.7540000000000007,0.022926187576212693,0.7540000000000006,0.0,0.022917651,4.0
3.6690701434793263,-0.682028849602203,4.0,347.7853463324783,4.628087882120806,0.7550000000000006,0.02292618570090589,0.7550000000000006,0.0,0.022917651,4.0
3.6694911802677095,-0.6792103782784634,4.0,348.09237593991116,4.627533479940726,0.7560000000000006,0.02292618380603611,0.7560000000000006,0.0,0.022917651,4.0
3.669912585688951,-0.6763893902465045,4.0,348.402652589614,4.626978035664116,0.7570000000000006,0.022926181891215293,0.7570000000000006,0.0,0.022917651,4.0
3.6703343671037842,-0.673565835253568,4.0,348.71624111740283,4.626421528482752,0.7580000000000006,0.022926179956045078,0.7580000000000006,0.0,0.022917651,4.0
3.6707565670670412,-0.6707395375435523,4.0,349.03321450894504,4.625863952026355,0.7590000000000006,0.022926177970149703,0.7590000000000006,0.0,0.022917651,4.0
3.671179313262491,-0.6679100180257855,4.0,349.3536666136751,4.625305335020797,0.7600000000000006,0.022926175830505442,0.7600000000000006,0.0,0.022917651,4.0
3.6716024581318356,-0.6650777736273569,4.0,349.67764151349206,4.624745587831037,0.7610000000000006,0.022926173669901392,0.7610000000000006,0.0,0.022917651,4.0
3.6720260098281865,-0.6622427486228613,4.0,350.0052112516172,4.624184687344145,0.7620000000000006,0.022926171487908913,0.7620000000000006,0.0,0.022917651,4.0
3.6724499767285015,-0.6594048857569763,4.0,350.3364498491896,4.623622609812639,0.7630000000000007,0.022926169284087593,0.7630000000000006,0.0,0.022917651,4.0
3.67287436744131,-0.6565641261915929,4.0,350.6714333736144,4.6230593308325485,0.7640000000000006,0.02292616705798486,0.7640000000000006,0.0,0.022917651,4.0
3.6732991908147743,-0.653720409450742,4.0,351.01024000976355,4.62249482532058,0.7650000000000006,0.02292616480913552,0.7650000000000006,0.0,0.022917651,4.0
3.6737244818583012,-0.6508735249132022,4.0,351.35295240542774,4.6219290224159,0.7660000000000006,0.022926162535715625,0.7660000000000006,0.0,0.022917651,4.0
3.6741503495423267,-0.6480228452033531,4.0,351.69966460901304,4.621361729521799,0.7670000000000006,0.022926160231964667,0.7670000000000006,0.0,0.022917651,4.0
3.6745766799300457,-0.6451690177038054,4.0,352.05045264538757,4.620793139568388,0.7680000000000007,0.022926157903723626,0.7680000000000006,0.0,0.022917651,4.0
3.675003482942359,-0.6423119749223049,4.0,352.40540390512393,4.620223224745215,0.7690000000000006,0.02292615555046741,0.7690000000000006,0.0,0.022917651,4.0
3.675430768785834,-0.6394516474232242,4.0,352.7646082951193,4.619651956441053,0.7700000000000007,0.0229261531716558,0.7700000000000006,0.0,0.022917651,4.0
3.6758585479630534,-0.636587963757111,4.0,353.1281583298206,4.619079305214868,0.7710000000000006,0.022926150766732916,0.7710000000000006,0.0,0.022917651,4.0
3.676286831283431,-0.6337208503871445,4.0,353.49614922644764,4.618505240765522,0.7720000000000007,0.02292614833512664,0.7720000000000006,0.0,0.022917651,4.0
3.6767158908112663,-0.6308493300957321,4.0,353.86898408075893,4.617929880204115,0.7730000000000005,0.022926145942271964,0.7730000000000006,0.0,0.022917651,4.0
3.677145528132551,-0.6279740341511738,4.0,354.246533879591,4.6173530566303125,0.7740000000000006,0.022926143532843522,0.7740000000000006,0.0,0.022917651,4.0
3.677575690879841,-0.6250951024130603,4.0,354.62882839913345,4.616774698990399,0.7750000000000007,0.02292614108981685,0.7750000000000006,0.0,0.022917651,4.0
3.6780063907499305,-0.6222124539430234,4.0,355.0159732641824,4.616194773133696,0.7760000000000006,0.022926138612443994,0.7760000000000006,0.0,0.022917651,4.0
3.6784376397893936,-0.6193260053823171,4.0,355.40807725813335,4.615613243888288,0.7770000000000006,0.02292613609995465,0.7770000000000006,0.0,0.022917651,4.0
3.678869453666001,-0.6164356580690775,4.0,355.80525283616777,4.615030075229466,0.7780000000000005,0.022926133551107623,0.7780000000000006,0.0,0.022917651,4.0
3.679302339045625,-0.6135393881460043,4.0,356.20767704542857,4.614445264773171,0.7790000000000007,0.0229261309003141,0.7790000000000006,0.0,0.022917651,4.0
3.67973581643462,-0.6106390422823111,4.0,356.6154109528425,4.6138587464658904,0.7800000000000007,0.02292612821755503,0.7800000000000006,0.0,0.022917651,4.0
3.6801698994889547,-0.6077345264576642,4.0,357.0285770380138,4.6132704809123695,0.7810000000000006,0.022926125502093067,0.7810000000000006,0.0,0.022917651,4.0
3.6806046022878585,-0.6048257437376149,4.0,357.4473015767428,4.612680427496314,0.7820000000000007,0.022926122753167986,0.7820000000000006,0.0,0.022917651,4.0
3.6810399393503466,-0.601912594159815,4.0,357.87171478925154,4.612088544332721,0.7830000000000005,0.022926119969995846,0.7830000000000006,0.0,0.022917651,4.0
3.6814758701116985,-0.5989946050329022,4.0,358.30217388223167,4.6114941991104965,0.7840000000000006,0.02292611719229556,0.7840000000000006,0.0,0.022917651,4.0
3.681912429776321,-0.5960719104610753,4.0,358.7386817205147,4.610897665192241,0.7850000000000006,0.022926114398110292,0.7850000000000006,0.0,0.022917651,4.0
3.6823496544476124,-0.5931445579581076,4.0,359.1812876249898,4.6102991334211705,0.7860000000000006,0.02292611157046634,0.7860000000000006,0.0,0.022917651,4.0
3.68278756005505,-0.590212435948552,4.0,359.6301376679023,4.609698555940989,0.7870000000000006,0.02292610870856225,0.7870000000000006,0.0,0.022917651,4.0
3.683226163040973,-0.5872754292647282,4.0,360.08538262437474,4.6090958833546445,0.7880000000000006,0.022926105811570743,0.7880000000000006,0.0,0.022917651,4.0
3.6836656315118095,-0.584332447551807,4.0,360.54735689994664,4.608490692285164,0.7890000000000006,0.02292610297048516,0.7890000000000006,0.0,0.022917651,4.0
3.684105862914773,-0.5813841441387928,4.0,361.0160792216062,4.607883229841286,0.7900000000000005,0.022926100110038202,0.7900000000000006,0.0,0.022917651,4.0
3.684546841125855,-0.5784306128227337,4.0,361.4916743424877,4.607273526513176,0.7910000000000006,0.02292609720840435,0.7910000000000006,0.0,0.022917651,4.0
3.6849885846640626,-0.5754717239644616,4.0,361.97431269114855,4.606661526732404,0.7920000000000006,0.022926094264562272,0.7920000000000006,0.0,0.022917651,4.0
3.6854312386667942,-0.5725067213140259,4.0,362.4641724421138,4.606047057843965,0.7930000000000007,0.022926091260327356,0.7930000000000006,0.0,0.022917651,4.0
3.685875007821626,-0.5695345615161349,4.0,362.96145901097674,4.605429899739184,0.7940000000000005,0.02292608817518229,0.7940000000000006,0.0,0.022917651,4.0
3.6863196196214707,-0.5665565527688148,4.0,363.4663686457456,4.604810263499712,0.7950000000000006,0.022926085051110316,0.7950000000000006,0.0,0.022917651,4.0
3.6867650958530414,-0.5635725438465966,4.0,363.97909844193777,4.604188085053005,0.7960000000000006,0.022926081887104963,0.7960000000000006,0.0,0.022917651,4.0
3.687211415751607,-0.5605822633162044,4.0,364.49988727858965,4.603563008720854,0.7970000000000007,0.02292607866274267,0.7970000000000006,0.0,0.022917651,4.0
3.6876582970656013,-0.5575848110236017,4.0,365.0291632718034,4.602932997163386,0.7980000000000006,0.022926075243537836,0.7980000000000006,0.0,0.022917651,4.0
3.6881060848240437,-0.5545809332627126,4.0,365.56685971929693,4.602300185824064,0.7990000000000007,0.022926071774851398,0.7990000000000006,0.0,0.022917651,4.0
3.6885548029915047,-0.5515704601570495,4.0,366.11319924098365,4.601664500682276,0.8000000000000006,0.022926068255375145,0.8000000000000006,0.0,0.022917651,4.0
3.6889323774536353,-0.5490332316606376,4.0,366.28760611117303,4.6011490932347,0.8010000000000007,0.022926067839222977,0.8010000000000006,0.0,0.022917651,4.0
3.6893100927689177,-0.546494469595494,4.0,366.4640394816183,4.600632716874992,0.8020000000000006,0.022926067421624396,0.8020000000000006,0.0,0.022917651,4.0
3.6896879694851794,-0.5439540657606943,4.0,366.6425583446745,4.600115346183902,0.8030000000000006,0.02292606700710481,0.8030000000000006,0.0,0.022917651,4.0
3.6900659500373854,-0.5414122505510032,4.0,366.82309979509836,4.599596979467029,0.8040000000000006,0.022926066593693912,0.8040000000000006,0.0,0.022917651,4.0
3.6904440357332002,-0.538869006192168,4.0,367.0056893044913,4.5990776041808505,0.8050000000000007,0.02292606618140567,0.8050000000000006,0.0,0.022917651,4.0
3.69082222790234,-0.5363243146102233,4.0,367.19035277396205,4.598557207570333,0.8060000000000006,0.02292606577025428,0.8060000000000006,0.0,0.022917651,4.0
3.6912005278970366,-0.5337781574251459,4.0,367.37711654321856,4.598035776664451,0.8070000000000006,0.022926065360254176,0.8070000000000006,0.0,0.022917651,4.0
3.691578937092519,-0.5312305159443496,4.0,367.5660073998911,4.597513298271603,0.8080000000000007,0.022926064951420053,0.8080000000000006,0.0,0.022917651,4.0
3.691957456887501,-0.5286813711560125,4.0,367.7570525890941,4.596989758974893,0.8090000000000006,0.022926064543766837,0.8090000000000006,0.0,0.022917651,4.0
3.6923361553512404,-0.5261296542054451,4.0,367.95041037262047,4.5964643606406845,0.8100000000000007,0.02292606418785463,0.8100000000000006,0.0,0.022917651,4.0
3.6927149684993057,-0.5235763248954186,4.0,368.1459953996016,4.595937808535478,0.8110000000000007,0.022926063830174176,0.8110000000000006,0.0,0.022917651,4.0
3.6930938933488973,-0.5210214310970245,4.0,368.34382815646177,4.595410138697496,0.8120000000000008,0.022926063467194172,0.8120000000000006,0.0,0.022917651,4.0
3.6934729313490493,-0.5184649525151054,4.0,368.54393780163525,4.594881336627072,0.8130000000000006,0.022926063098845876,0.8130000000000006,0.0,0.022917651,4.0
3.6938520839739715,-0.5159068685019441,4.0,368.7463540000859,4.594351387572652,0.8140000000000006,0.02292606272505934,0.8140000000000006,0.0,0.022917651,4.0
3.6942313527235933,-0.5133471580495739,4.0,368.9511069343549,4.59382027652531,0.8150000000000006,0.022926062345763408,0.8150000000000006,0.0,0.022917651,4.0
3.6946107391241267,-0.5107857997818881,4.0,369.15822731589714,4.593287988213104,0.8160000000000008,0.022926061960885667,0.8160000000000006,0.0,0.022917651,4.0
3.6949902443330402,-0.5082217335196582,4.0,369.3678743909716,4.592753466914888,0.8170000000000006,0.02292606158432477,0.8170000000000006,0.0,0.022917651,4.0
3.6953698724042017,-0.5056559314288137,4.0,369.5799622030603,4.592217701249697,0.8180000000000006,0.022926061202458298,0.8180000000000006,0.0,0.022917651,4.0
3.695749625038606,-0.5030884191860369,4.0,369.7945173264935,4.591680723708094,0.8190000000000006,0.022926060814555536,0.8190000000000006,0.0,0.022917651,4.0
3.6961295039010955,-0.5005191739344034,4.0,370.0115727379601,4.591142518092821,0.8200000000000006,0.02292606042053582,0.8200000000000006,0.0,0.022917651,4.0
3.6965095106863126,-0.4979481724078429,4.0,370.23116200444264,4.590603067916688,0.8210000000000006,0.02292606002031701,0.8210000000000006,0.0,0.022917651,4.0
3.6968896471193724,-0.4953753909219421,4.0,370.4533192964846,4.590062356396052,0.8220000000000007,0.022926059613815525,0.8220000000000006,0.0,0.022917651,4.0
3.697269922675779,-0.4928005848096259,4.0,370.67814296956163,4.589520178114723,0.8230000000000006,0.022926059186024795,0.8230000000000006,0.0,0.022917651,4.0
3.6976503418358684,-0.4902236053558513,4.0,370.90570658049535,4.588976403018741,0.8240000000000006,0.022926058729241416,0.8240000000000006,0.0,0.022917651,4.0
3.698030893799721,-0.487644766802533,4.0,371.13594945394,4.588431300067638,0.8250000000000007,0.022926058266680455,0.8250000000000006,0.0,0.022917651,4.0
3.6984115803889197,-0.48506404364961564,4.0,371.3689083395915,4.587884851048095,0.8260000000000007,0.022926057798262647,0.8260000000000006,0.0,0.022917651,4.0
3.6987924034585125,-0.4824814099285445,4.0,371.6046206623284,4.587337037412165,0.8270000000000007,0.022926057323907307,0.8270000000000006,0.0,0.022917651,4.0
3.6991733648977894,-0.4798968391914573,4.0,371.84312453778904,4.586787840269555,0.8280000000000007,0.022926056843532234,0.8280000000000006,0.0,0.022917651,4.0
3.699554511878758,-0.4773099708381689,4.0,372.08449423379614,4.58623708700592,0.8290000000000008,0.02292605634769879,0.8290000000000006,0.0,0.022917651,4.0
3.6999359758069588,-0.4747198210084936,4.0,372.3288751300896,4.585684317306507,0.8300000000000007,0.022926055810315694,0.8300000000000006,0.0,0.022917651,4.0
3.7003175840295315,-0.4721276483956111,4.0,372.57617361858644,4.585130101920085,0.8310000000000007,0.0229260552679155,0.8310000000000006,0.0,0.022917651,4.0
3.700699338576188,-0.4695334245460897,4.0,372.8264307395277,4.584574420510934,0.8320000000000005,0.022926054720427642,0.8320000000000006,0.0,0.022917651,4.0
3.7010812415148906,-0.4669371204703309,4.0,373.079688306503,4.584017252360131,0.8330000000000007,0.02292605416778021,0.8330000000000006,0.0,0.022917651,4.0
3.701463294952751,-0.4643387066298806,4.0,373.3359889247518,4.583458576356488,0.8340000000000007,0.02292605360989995,0.8340000000000006,0.0,0.022917651,4.0
3.7018454554119353,-0.4617377597637575,4.0,373.59551598428243,4.582897795519022,0.8350000000000007,0.022926053082460863,0.8350000000000006,0.0,0.022917651,4.0
3.70222768941905,-0.4591340128823534,4.0,373.8584069789564,4.582334509227786,0.8360000000000007,0.022926052611360763,0.8360000000000006,0.0,0.022917651,4.0
3.7026100681738425,-0.4565280620793164,4.0,374.1244876095018,4.581769598135523,0.8370000000000006,0.02292605214156459,0.8370000000000006,0.0,0.022917651,4.0
3.70299259375294,-0.4539198757360277,4.0,374.39380363611247,4.581203038931985,0.8380000000000006,0.022926051673091034,0.8380000000000006,0.0,0.022917651,4.0
3.7033752682728838,-0.4513094216261393,4.0,374.66640169852116,4.5806348078588845,0.8390000000000005,0.022926051205959173,0.8390000000000006,0.0,0.022917651,4.0
3.703758093891092,-0.4486966669009018,4.0,374.9423293372336,4.580064880699083,0.8400000000000007,0.022926050740188435,0.8400000000000006,0.0,0.022917651,4.0
3.7041410984146954,-0.44608085229076494,4.0,375.2218362081259,4.579492608339658,0.8410000000000006,0.02292605017621214,0.8410000000000006,0.0,0.022917651,4.0
3.704524262525844,-0.44346256922440364,4.0,375.5048045162505,4.578918505584988,0.8420000000000006,0.02292604959217188,0.8420000000000006,0.0,0.022917651,4.0
3.704907584935961,-0.4408418853412581,4.0,375.79125668710674,4.578342635051103,0.8430000000000007,0.02292604900151577,0.8430000000000006,0.0,0.022917651,4.0
3.705291067979963,-0.4382187652291553,4.0,376.08124410785183,4.577764970663168,0.8440000000000007,0.022926048404146214,0.8440000000000006,0.0,0.022917651,4.0
3.7056747140389175,-0.43559317277603954,4.0,376.37481918125417,4.5771854858310075,0.8450000000000006,0.02292604779996371,0.8450000000000006,0.0,0.022917651,4.0
3.7060586488833067,-0.43296395594203907,4.0,376.67218856988575,4.57660353344114,0.8460000000000006,0.022926047183036747,0.8460000000000006,0.0,0.022917651,4.0
3.7064428137667313,-0.430331594078733,4.0,376.9733382835001,4.576019357118941,0.8470000000000008,0.022926046555963846,0.8470000000000006,0.0,0.022917651,4.0
3.7068271460833335,-0.4276966295958103,4.0,377.27824464664764,4.575433247912853,0.8480000000000006,0.022926045921675135,0.8480000000000006,0.0,0.022917651,4.0
3.7072116483618083,-0.42505902318668226,4.0,377.58696439488716,4.574845176631104,0.8490000000000006,0.02292604528006164,0.8490000000000006,0.0,0.022917651,4.0
3.707596323182026,-0.4224187347492411,4.0,377.89955541203847,4.574255113491118,0.8500000000000006,0.02292604463101217,0.8500000000000006,0.0,0.022917651,4.0
3.7079812225137987,-0.4197748349307418,4.0,378.2163165817947,4.573662337823948,0.8510000000000006,0.022926043971620326,0.8510000000000006,0.0,0.022917651,4.0
3.7083663183820805,-0.4171278223928428,4.0,378.53717062045916,4.573067235926159,0.8520000000000006,0.022926043303714876,0.8520000000000006,0.0,0.022917651,4.0
3.7087515937594095,-0.41447800835529086,4.0,378.8620848776951,4.5724700505918525,0.8530000000000008,0.02292604262833464,0.8530000000000006,0.0,0.022917651,4.0
3.709137051417038,-0.4118253495686679,4.0,379.19112203496303,4.571870749657034,0.8540000000000006,0.02292604194536421,0.8540000000000006,0.0,0.022917651,4.0
3.709522698012673,-0.40916976944625166,4.0,379.5243497694933,4.571269283017769,0.8550000000000006,0.02292604125468415,0.8550000000000006,0.0,0.022917651,4.0
3.7099086920786952,-0.4065099112219691,4.0,379.86198445952,4.5706649220496365,0.8560000000000006,0.022926040556113268,0.8560000000000006,0.0,0.022917651,4.0
3.7102948809656966,-0.40384705398169657,4.0,380.20394331867595,4.57005834131989,0.8570000000000007,0.0229260398496034,0.8570000000000007,0.0,0.022917651,4.0
3.71068126775475,-0.4011811502963317,4.0,380.5502947332123,4.569449505723247,0.8580000000000007,0.02292603913502899,0.8580000000000007,0.0,0.022917651,4.0
3.711067855592239,-0.39851215173135734,4.0,380.9011085390501,4.568838379410252,0.8590000000000008,0.022926038412261818,0.8590000000000007,0.0,0.022917651,4.0
3.7114546881224664,-0.39583908317598626,4.0,381.2566509028021,4.568224166625589,0.8600000000000008,0.022926037822440407,0.8600000000000007,0.0,0.022917651,4.0
3.711841757876122,-0.39316210607179125,4.0,381.6169555897244,4.567606997977,0.8610000000000005,0.022926037341628874,0.8610000000000007,0.0,0.022917651,4.0
3.7122290366010033,-0.3904818822134306,4.0,381.9819483240231,4.5669874186083215,0.8620000000000007,0.02292603686336067,0.8620000000000007,0.0,0.022917651,4.0
3.7126165276811016,-0.3877983590243137,4.0,382.35170502199327,4.56636538948135,0.8630000000000008,0.02292603638767699,0.8630000000000007,0.0,0.022917651,4.0
3.7130042677333948,-0.38511096263765787,4.0,382.7264311314867,4.565740481021099,0.8640000000000008,0.022926035830391576,0.8640000000000007,0.0,0.022917651,4.0
3.7133922953564302,-0.3824190617877535,4.0,383.10635263342186,4.565112213798587,0.8650000000000008,0.022926035089583654,0.8650000000000007,0.0,0.022917651,4.0
3.7137805432207744,-0.37972369913598303,4.0,383.49128285715005,4.564481365683612,0.8660000000000007,0.0229260343385958,0.8660000000000007,0.0,0.022917651,4.0
3.7141690149576045,-0.37702481760670803,4.0,383.8813043827859,4.563847894124321,0.8670000000000008,0.022926033577260155,0.8670000000000007,0.0,0.022917651,4.0
3.7145577644691645,-0.37432187418770646,4.0,384.2765868858606,4.563211472828427,0.8680000000000007,0.022926032796938296,0.8680000000000007,0.0,0.022917651,4.0
3.714946876598711,-0.37161402638853236,4.0,384.67735815401954,4.562571600471185,0.8690000000000007,0.022926031985122594,0.8690000000000007,0.0,0.022917651,4.0
3.7153362254131572,-0.36890246667346327,4.0,385.08348809972,4.56192896290666,0.8700000000000007,0.022926031164316192,0.8700000000000007,0.0,0.022917651,4.0
3.715725814903383,-0.3661871324537851,4.0,385.4950670786561,4.56128351350913,0.8710000000000007,0.022926030334367475,0.8710000000000007,0.0,0.022917651,4.0
3.7161156995241575,-0.3634672490283915,4.0,385.91234714841664,4.560634693401273,0.8720000000000007,0.022926029501478658,0.8720000000000007,0.0,0.022917651,4.0
3.716505901538182,-0.36074248301835493,4.0,386.33548781693486,4.559982257483493,0.8730000000000007,0.022926028667189676,0.8730000000000007,0.0,0.022917651,4.0
3.7168963560010653,-0.3580137385634629,4.0,386.76436954649733,4.559326852834824,0.8740000000000007,0.022926027822355432,0.8740000000000007,0.0,0.022917651,4.0
3.717287067261226,-0.3552809471352067,4.0,387.19909122658623,4.558668428319025,0.8750000000000007,0.022926026966794275,0.8750000000000007,0.0,0.022917651,4.0
3.7176781064542257,-0.3525427576629209,4.0,387.6400307275957,4.5580059221310005,0.8760000000000008,0.022926026106323133,0.8760000000000007,0.0,0.022917651,4.0
3.7180694345740974,-0.349799921223762,4.0,388.0871173990296,4.55733992655571,0.8770000000000008,0.022926025235924765,0.8770000000000007,0.0,0.022917651,4.0
3.7184610326188365,-0.34705281652811754,4.0,388.5403600043231,4.55667074267191,0.8780000000000007,0.022926024353122795,0.8780000000000007,0.0,0.022917651,4.0
3.7188529555062577,-0.34430092553973796,4.0,389.00000216915186,4.555998071348195,0.8790000000000007,0.022926023553240898,0.8790000000000007,0.0,0.022917651,4.0
3.719245333291074,-0.3415430288440116,4.0,389.466508238862,4.5553212111456585,0.8800000000000007,0.022926023095499896,0.8800000000000007,0.0,0.022917651,4.0
3.719637984475554,-0.33878066953727926,4.0,389.93949871928066,4.554640981822958,0.8810000000000008,0.022926022638603032,0.8810000000000007,0.0,0.022917651,4.0
3.720030913901013,-0.3360137685963451,4.0,390.4190884353065,4.553957323720258,0.8820000000000007,0.02292602218256524,0.8820000000000007,0.0,0.022917651,4.0
3.7204240288112937,-0.33324077681674236,4.0,390.905417465673,4.553268311071403,0.8830000000000007,0.022926021289382675,0.8830000000000007,0.0,0.022917651,4.0
3.7208174339655344,-0.3304627407649267,4.0,391.3986174703934,4.552575413911926,0.8840000000000007,0.022926020308474997,0.8840000000000007,0.0,0.022917651,4.0
3.721211154412163,-0.3276798337070905,4.0,391.89881259954865,4.551878906695721,0.8850000000000008,0.022926019318527068,0.8850000000000007,0.0,0.022917651,4.0
3.7216054196011035,-0.3248906305466296,4.0,392.4064729949259,4.5511782928626685,0.8860000000000007,0.022926018335841826,0.8860000000000007,0.0,0.022917651,4.0
3.7220001469936728,-0.32209553591675255,4.0,392.9216045652805,4.550473643363384,0.8870000000000007,0.02292601735094207,0.8870000000000007,0.0,0.022917651,4.0
3.7223951996045517,-0.31929530194139455,4.0,393.4441260111084,4.549765155694717,0.8880000000000007,0.022926016352392678,0.8880000000000007,0.0,0.022917651,4.0
3.7227906136432685,-0.31648879900964216,4.0,393.974479523375,4.549051835667094,0.8890000000000007,0.022926015338666145,0.8890000000000007,0.0,0.022917651,4.0
3.7231863914433814,-0.3136760153029029,4.0,394.51278846570506,4.548333681076439,0.8900000000000007,0.022926014309645578,0.8900000000000007,0.0,0.022917651,4.0
3.7235825103740994,-0.31085782833319653,4.0,395.0589116820007,4.547611487655028,0.8910000000000007,0.022926013266281495,0.8910000000000007,0.0,0.022917651,4.0
3.723979045530613,-0.3080328639037327,4.0,395.6132209805675,4.546884185364266,0.8920000000000008,0.022926012206384665,0.8920000000000007,0.0,0.022917651,4.0
3.7243759957617586,-0.30520118111887506,4.0,396.17584876726016,4.546151828073232,0.8930000000000007,0.02292601112991806,0.8930000000000007,0.0,0.022917651,4.0
3.724773310822784,-0.30236373568163133,4.0,396.7467665162932,4.545415167299833,0.8940000000000008,0.022926010038197355,0.8940000000000007,0.0,0.022917651,4.0
3.7251709940638067,-0.2995190045474873,4.0,397.32649257168333,4.54467269677557,0.8950000000000008,0.022926009132334932,0.8950000000000007,0.0,0.022917651,4.0
3.7255690574982845,-0.2966676245079093,4.0,397.91501194747065,4.543925099769227,0.8960000000000007,0.022926008311283698,0.8960000000000007,0.0,0.022917651,4.0
3.725967510826112,-0.293810122253958,4.0,398.51233238303655,4.543172940273471,0.8970000000000007,0.02292600748417491,0.8970000000000007,0.0,0.022917651,4.0
3.72636650990312,-0.2909441173943358,4.0,399.11914027897046,4.542414457300496,0.8980000000000008,0.022926006691359312,0.8980000000000007,0.0,0.022917651,4.0
3.726765929188735,-0.28807155208066165,4.0,399.7351604621115,4.541651094516452,0.8990000000000008,0.02292600589639,0.8990000000000007,0.0,0.022917651,4.0
3.7271657858533684,-0.2851917670782434,4.0,400.36070963656323,4.540882262777592,0.9000000000000007,0.02292600498598922,0.9000000000000007,0.0,0.022917651,4.0
3.7274740873937593,-0.28281690854255065,4.0,400.63289426378265,4.540198187643667,0.9010000000000007,0.022926004698151876,0.9010000000000007,0.0,0.022917651,4.0
3.727782419104068,-0.28044016452974635,4.0,400.908063865961,4.539512347563269,0.9020000000000007,0.022926004409900263,0.9020000000000007,0.0,0.022917651,4.0
3.72809078131127,-0.27806151460544226,4.0,401.1862507936041,4.538824723408294,0.9030000000000008,0.022926004121229877,0.9030000000000007,0.0,0.022917651,4.0
3.7283990890693444,-0.27568086089027566,4.0,401.467525683806,4.538134877143116,0.9040000000000008,0.022926003832139105,0.9040000000000007,0.0,0.022917651,4.0
3.728706654634707,-0.2732975553807828,4.0,401.75222439123803,4.5374394068958,0.9050000000000007,0.02292600354272081,0.9050000000000007,0.0,0.022917651,4.0
3.7290142627178215,-0.27091228244454707,4.0,402.0400309455315,4.5367421393635095,0.9060000000000007,0.02292600325300485,0.9060000000000007,0.0,0.022917651,4.0
3.729321913790904,-0.2685250202306981,4.0,402.330979863427,4.536043054585028,0.9070000000000008,0.022926002962987937,0.9070000000000007,0.0,0.022917651,4.0
3.729629608333187,-0.26613574656358635,4.0,402.6251061747027,4.535342132302438,0.9080000000000008,0.02292600267266669,0.9080000000000007,0.0,0.022917651,4.0
3.729937574683179,-0.2637432372254794,4.0,402.92278881097866,4.534639062447597,0.9090000000000007,0.022926002381944522,0.9090000000000007,0.0,0.022917651,4.0
3.7302456328570575,-0.2613483911191209,4.0,403.22381399695166,4.5339340232793415,0.9100000000000008,0.022926002090867675,0.9100000000000007,0.0,0.022917651,4.0
3.7305537302904535,-0.25895146157187793,4.0,403.52814075398607,4.533227057674133,0.9110000000000007,0.022926001799451617,0.9110000000000007,0.0,0.022917651,4.0
3.730861867425288,-0.25655242513176263,4.0,403.8358062457974,4.532518143947279,0.9120000000000007,0.02292600150769251,0.9120000000000007,0.0,0.022917651,4.0
3.7311697656119254,-0.25415008241098647,4.0,404.14710137422554,4.531804970279787,0.9130000000000007,0.022926001215169637,0.9130000000000007,0.0,0.022917651,4.0
3.731477578217662,-0.25174502667393134,4.0,404.46193257053886,4.5310887422982455,0.9140000000000007,0.022926000922021406,0.9140000000000007,0.0,0.022917651,4.0
3.731785440023404,-0.24933779359950914,4.0,404.78021841389346,4.5303705337781475,0.9150000000000007,0.022926000628426816,0.9150000000000007,0.0,0.022917651,4.0
3.7320933515937775,-0.24692835820026668,4.0,405.1019985503416,4.52965032199053,0.9160000000000007,0.022926000334380754,0.9160000000000007,0.0,0.022917651,4.0
3.732401434250386,-0.24451578747083189,4.0,405.427593657038,4.528927653747256,0.9170000000000009,0.022926000061308474,0.9170000000000007,0.0,0.022917651,4.0
3.732709626436689,-0.24210050945283082,4.0,405.7569070183508,4.5282027136860314,0.9180000000000008,0.022925999797916614,0.9180000000000007,0.0,0.022917651,4.0
3.733017869711038,-0.23968293893298204,4.0,406.08984447927054,4.527475685502423,0.9190000000000007,0.022925999533668372,0.9190000000000007,0.0,0.022917651,4.0
3.7333261646693563,-0.23726304917005753,4.0,406.4264483136448,4.526746544839217,0.9200000000000008,0.02292599926855376,0.9200000000000007,0.0,0.022917651,4.0
3.7336345330685785,-0.2348395921650961,4.0,406.76716845956577,4.526014140665133,0.9210000000000009,0.022925999254837105,0.9210000000000007,0.0,0.022917651,4.0
3.7339429608320343,-0.23241346262210946,4.0,407.11175642140626,4.525279303939029,0.9220000000000007,0.022925999298508838,0.9220000000000007,0.0,0.022917651,4.0
3.734251443404387,-0.22998494067152514,4.0,407.46015555788136,4.524542294070871,0.9230000000000007,0.02292599933547706,0.9230000000000007,0.0,0.022917651,4.0
3.7345599765236726,-0.2275539217125593,4.0,407.81243528277383,4.523802988665503,0.9240000000000009,0.022925999348493462,0.9240000000000007,0.0,0.022917651,4.0
3.734868473044206,-0.2251190110394467,4.0,408.16908170277605,4.523059631107026,0.9250000000000009,0.022925999034433084,0.9250000000000007,0.0,0.022917651,4.0
3.735177025998959,-0.22268161546024084,4.0,408.5296856781567,4.522314014415605,0.9260000000000008,0.02292599871995007,0.9260000000000007,0.0,0.022917651,4.0
3.7354856360625788,-0.22024170526890177,4.0,408.8942945198777,4.521566111584228,0.9270000000000007,0.02292599840503937,0.9270000000000007,0.0,0.022917651,4.0
3.735794384519704,-0.21779843295207058,4.0,409.2631699756027,4.520815404187312,0.9280000000000008,0.022925998089162025,0.9280000000000007,0.0,0.022917651,4.0
3.7361033026623987,-0.2153514373342566,4.0,409.63645280560337,4.52006165783262,0.9290000000000008,0.022925997772025537,0.9290000000000007,0.0,0.022917651,4.0
3.736412278264855,-0.2129018239009943,4.0,410.01389778525237,4.519305523619078,0.9300000000000007,0.02292599745433664,0.9300000000000007,0.0,0.022917651,4.0
3.7367213120243954,-0.21044956088286537,4.0,410.3955554257779,4.518546972567984,0.9310000000000008,0.022925997136088644,0.9310000000000007,0.0,0.022917651,4.0
3.73703040112203,-0.20799316205513896,4.0,410.78198801631476,4.5177845068244675,0.9320000000000008,0.022925996815264506,0.9320000000000007,0.0,0.022917651,4.0
3.7373395480973532,-0.2055338876061603,4.0,411.17280341986543,4.517019396769366,0.9330000000000007,0.022925996493877537,0.9330000000000007,0.0,0.022917651,4.0
3.7376487539784735,-0.2030718613044601,4.0,411.56800003539996,4.5162517703054705,0.9340000000000008,0.022925996172152716,0.9340000000000007,0.0,0.022917651,4.0
3.7379580474296175,-0.20060613528753832,4.0,411.9679499746639,4.515480794699858,0.9350000000000008,0.022925995850246114,0.9350000000000007,0.0,0.022917651,4.0
3.7382674277271284,-0.19813665174853776,4.0,412.37272687810827,4.514706409384665,0.9360000000000007,0.022925995527962508,0.9360000000000007,0.0,0.022917651,4.0
3.73857686621719,-0.1956643124847022,4.0,412.7820640605767,4.513929401096507,0.9370000000000007,0.02292599520506458,0.9370000000000007,0.0,0.022917651,4.0
3.7388863974199276,-0.19318869470735503,4.0,413.1961352867497,4.513149484618008,0.9380000000000008,0.02292599488127398,0.9380000000000007,0.0,0.022917651,4.0
3.73919613274626,-0.1907084843108807,4.0,413.61539191873806,4.5123657898541865,0.9390000000000008,0.022925994555846322,0.9390000000000007,0.0,0.022917651,4.0
3.7395059273945224,-0.18822530571776871,4.0,414.0393955440445,4.511579364236176,0.9400000000000007,0.022925994230044218,0.9400000000000007,0.0,0.022917651,4.0
3.7398157821099343,-0.18573912164065312,4.0,414.46820579580594,4.510790173458177,0.9410000000000008,0.022925993903862973,0.9410000000000007,0.0,0.022917651,4.0
3.7401256386402637,-0.18324858011514375,4.0,414.9024007054754,4.509996634910177,0.942000000000001,0.022925993773009315,0.9420000000000007,0.0,0.022917651,4.0
3.7404355599717176,-0.18075492259536127,4.0,415.3415416265239,4.509200239606892,0.9430000000000007,0.022925993639381907,0.9430000000000007,0.0,0.022917651,4.0
3.7407455478684883,-0.17825812935825383,4.0,415.7856838405554,4.5084009748457685,0.9440000000000007,0.022925993499900748,0.9440000000000007,0.0,0.022917651,4.0
3.7410555360922877,-0.17575648970682825,4.0,416.23557370171574,4.507596860414882,0.9450000000000008,0.022925993304164945,0.9450000000000007,0.0,0.022917651,4.0
3.741365573311257,-0.1732513815986905,4.0,416.6907117812061,4.506789472649887,0.9460000000000008,0.02292599309672142,0.9460000000000007,0.0,0.022917651,4.0
3.741675669581671,-0.17074301089922483,4.0,417.1510643681007,4.5059790583026285,0.9470000000000007,0.022925992885097033,0.9470000000000007,0.0,0.022917651,4.0
3.7419858182591295,-0.168229431603378,4.0,417.6174496864385,4.505163647258756,0.9480000000000007,0.022925992559296723,0.9480000000000007,0.0,0.022917651,4.0
3.7422960176528526,-0.16571216315104176,4.0,418.0893396255603,4.504344750695935,0.9490000000000008,0.022925992212401824,0.9490000000000007,0.0,0.022917651,4.0
3.7426062690739763,-0.16319151029346668,4.0,418.56666811403255,4.503522678207026,0.9500000000000007,0.022925991864743114,0.9500000000000007,0.0,0.022917651,4.0
3.7429158398776154,-0.16066578446892754,4.0,419.0506284513861,4.502692810453273,0.9510000000000007,0.022925991515844932,0.9510000000000007,0.0,0.022917651,4.0
3.7432253483078477,-0.15813641786107802,4.0,419.54030717825793,4.501859052156961,0.9520000000000008,0.022925991166449774,0.9520000000000007,0.0,0.022917651,4.0
3.7435348746184145,-0.15560344786181574,4.0,420.03570126343936,4.501021761768577,0.9530000000000007,0.022925990816457926,0.9530000000000007,0.0,0.022917651,4.0
3.7438445703782803,-0.1530649673103768,4.0,420.5377259826423,4.500179639834643,0.9540000000000007,0.02292599046234028,0.9540000000000007,0.0,0.022917651,4.0
3.7441542764096103,-0.15052289542924405,4.0,421.04559286206455,4.499333967768703,0.9550000000000008,0.022925990107593136,0.9550000000000007,0.0,0.022917651,4.0
3.744463961199309,-0.14797666198422962,4.0,421.55956851596676,4.498484049639611,0.9560000000000007,0.02292598975371527,0.9560000000000007,0.0,0.022917651,4.0
3.74477356132053,-0.1454252089044542,4.0,422.08010233806414,4.497628574348726,0.9570000000000007,0.02292598940351171,0.9570000000000007,0.0,0.022917651,4.0
3.745083166971451,-0.1428700023035453,4.0,422.6067243748568,4.496769367776709,0.9580000000000007,0.02292598905255561,0.9580000000000007,0.0,0.022917651,4.0
3.74539278620939,-0.1403098099919625,4.0,423.1399228732049,4.495905226388892,0.9590000000000007,0.022925988698150303,0.9590000000000007,0.0,0.022917651,4.0
3.7457024202481817,-0.1377447503479867,4.0,423.6797288093381,4.495036273743615,0.9600000000000009,0.022925988340812057,0.9600000000000007,0.0,0.022917651,4.0
3.7460120631774902,-0.1351757636578054,4.0,424.22588588414476,4.494163429427797,0.9610000000000007,0.022925987982828015,0.9610000000000007,0.0,0.022917651,4.0
3.7463216972617217,-0.13260080848147418,4.0,424.77942075144244,4.493284590114074,0.962000000000001,0.022925987822591646,0.9620000000000007,0.0,0.022917651,4.0
3.7466313300507714,-0.13002160947827965,4.0,425.3395994769831,4.4924015029097575,0.9630000000000007,0.02292598767441241,0.9630000000000007,0.0,0.022917651,4.0
3.7469408482974265,-0.1274375790432945,4.0,425.90664113542823,4.491513122651762,0.9640000000000007,0.022925987461577424,0.9640000000000007,0.0,0.022917651,4.0
3.747250144569988,-0.12484787032339065,4.0,426.4808940724224,4.490618168913141,0.9650000000000006,0.022925987131840696,0.9650000000000007,0.0,0.022917651,4.0
3.7475594617675227,-0.12225397528273287,4.0,427.06197565116577,4.4897191125948455,0.9660000000000007,0.022925986799121303,0.9660000000000007,0.0,0.022917651,4.0
3.7478687580780736,-0.11965454733638167,4.0,427.65049157833613,4.488814440968055,0.9670000000000007,0.022925986428907,0.9670000000000007,0.0,0.022917651,4.0
3.7481780775441456,-0.11705048011526964,4.0,428.24615905603645,4.487905222684614,0.9680000000000007,0.022925986050302632,0.9680000000000007,0.0,0.022917651,4.0
3.7484873285555658,-0.11444128759977927,4.0,428.84934756410917,4.486990609131447,0.9690000000000009,0.022925985668986855,0.9690000000000007,0.0,0.022917651,4.0
3.748796436479207,-0.11182640026903658,4.0,429.4604467661371,4.4860697355787815,0.9700000000000008,0.022925985283137277,0.9700000000000008,0.0,0.022917651,4.0
3.7491055775165476,-0.10920697420938032,4.0,430.07890573380683,4.485144455993369,0.9710000000000008,0.022925984896559764,0.9710000000000008,0.0,0.022917651,4.0
3.749414727401499,-0.10658092343685037,4.0,430.7061224328973,4.484212574810296,0.9720000000000008,0.02292598451867019,0.9720000000000008,0.0,0.022917651,4.0
3.7497239021074247,-0.1039501927081975,4.0,431.3409543992527,4.48327611266686,0.9730000000000008,0.022925984140457115,0.9730000000000008,0.0,0.022917651,4.0
3.7500332807820644,-0.10131274128898346,4.0,431.98413157395504,4.482333752973903,0.9740000000000008,0.022925983756359004,0.9740000000000008,0.0,0.022917651,4.0
3.7503427860720597,-0.0986693905319742,4.0,432.63548797504023,4.481386004403573,0.9750000000000008,0.02292598336852645,0.9750000000000008,0.0,0.022917651,4.0
3.750652349488295,-0.09602016692834751,4.0,433.29519703809547,4.480432610067572,0.9760000000000009,0.022925982979719456,0.9760000000000008,0.0,0.022917651,4.0
3.750961989893552,-0.09336431263579882,4.0,433.9636663018577,4.4794728837036475,0.9770000000000008,0.02292598258984741,0.9770000000000008,0.0,0.022917651,4.0
3.7512716116229172,-0.09070311453246603,4.0,434.6405280512485,4.478507740877339,0.9780000000000008,0.02292598220030493,0.9780000000000008,0.0,0.022917651,4.0
3.751581002417998,-0.08803513568752172,4.0,435.32677026781965,4.477534906149688,0.9790000000000008,0.02292598181651022,0.9790000000000008,0.0,0.022917651,4.0
3.7518904132090762,-0.08536199745254115,4.0,436.02146019011514,4.476556992337717,0.9800000000000008,0.022925981432058762,0.9800000000000008,0.0,0.022917651,4.0
3.752199844956001,-0.08268152662112857,4.0,436.7259457850461,4.4755718228061605,0.9810000000000008,0.022925981176172037,0.9810000000000008,0.0,0.022917651,4.0
3.752509298513179,-0.07999573806300966,4.0,437.4391553603958,4.474581422639144,0.9820000000000008,0.022925980907076024,0.9820000000000008,0.0,0.022917651,4.0
3.752818876534574,-0.07730202354354575,4.0,438.162293029493,4.473583597342546,0.9830000000000009,0.022925980533456455,0.9830000000000008,0.0,0.022917651,4.0
3.7531284982034334,-0.07460249745708522,4.0,438.89457945473964,4.472580135575633,0.9840000000000008,0.0229259801432955,0.9840000000000008,0.0,0.022917651,4.0
3.753437977494848,-0.07189539602288415,4.0,439.6370227844899,4.4715685309379785,0.9850000000000008,0.02292597973224618,0.9850000000000008,0.0,0.022917651,4.0
3.7537474450934623,-0.06918216362070474,4.0,440.3890000286204,4.470550749051895,0.9860000000000009,0.022925979316012726,0.9860000000000008,0.0,0.022917651,4.0
3.754056978596689,-0.06646130411875274,4.0,441.1514669096764,4.469525590789618,0.9870000000000008,0.022925978907167122,0.9870000000000008,0.0,0.022917651,4.0
3.754366556561213,-0.06373410632110713,4.0,441.92381878112417,4.468494268628188,0.9880000000000008,0.02292597849973363,0.9880000000000008,0.0,0.022917651,4.0
3.754676164637659,-0.06099873962880669,4.0,442.70713359182105,4.467454912457451,0.9890000000000008,0.02292597808382048,0.9890000000000008,0.0,0.022917651,4.0
3.7549858052582303,-0.05825686178884607,4.0,443.5006417176504,4.466409178528724,0.9900000000000009,0.022925977665233205,0.9900000000000008,0.0,0.022917651,4.0
3.75529536095637,-0.05550642505414263,4.0,444.305548104504,4.465354539030599,0.9910000000000008,0.022925977242970262,0.9910000000000008,0.0,0.022917651,4.0
3.7556049345837055,-0.05274944524274021,4.0,445.1208962872519,4.464293427320437,0.9920000000000008,0.0229259768196354,0.9920000000000008,0.0,0.022917651,4.0
3.7559144579381956,-0.04998372359933829,4.0,445.9482566354694,4.463223364214194,0.9930000000000008,0.022925976405894957,0.9930000000000008,0.0,0.022917651,4.0
3.756223982052366,-0.04721115618864707,4.0,446.78649182146563,4.462146459576779,0.9940000000000008,0.022925975990363518,0.9940000000000008,0.0,0.022917651,4.0
3.7565334051405093,-0.04442977133186237,4.0,447.6368908060202,4.461060341056834,0.9950000000000008,0.022925975568660693,0.9950000000000008,0.0,0.022917651,4.0
3.756842873876928,-0.04164052534119836,4.0,448.49878149408687,4.459966550029954,0.9960000000000008,0.022925975144591312,0.9960000000000008,0.0,0.022917651,4.0
3.7571524274141606,-0.03884221824264022,4.0,449.37281356052233,4.458864048138109,0.9970000000000009,0.022925974716858553,0.9970000000000008,0.0,0.022917651,4.0
3.7574620279947353,-0.03603533090239661,4.0,450.2591642431403,4.457753144028443,0.9980000000000008,0.022925974294347187,0.9980000000000008,0.0,0.022917651,4.0
3.7577716687588594,-0.033220284553875164,4.0,451.15774033382417,4.456634234370576,0.9990000000000008,0.022925973866792633,0.9990000000000008,0.0,0.022917651,4.0
3.758081179280729,-0.030396061430043243,4.0,452.0695320723534,4.455505619061754,1.0000000000000009,0.02292597342756915,1.0000000000000009,0.0,0.022917651,4.0
3.7583241974235175,-0.028118568046957986,4.0,452.6208432771517,4.4546141186462505,1.0010000000000008,0.022925973408448812,1.0010000000000008,0.0,0.022917651,4.0
3.7585670338577137,-0.025837922811158605,4.0,453.17784358194876,4.453718746019992,1.002000000000001,0.022925973390237327,1.002000000000001,0.0,0.022917651,4.0
3.7588097520239248,-0.02355451437613933,4.0,453.7402131347905,4.452820140071153,1.0030000000000008,0.02292597337240046,1.0030000000000008,0.0,0.022917651,4.0
3.7590524077485346,-0.02126868587742919,4.0,454.3076561027008,4.451918863986393,1.004000000000001,0.02292597335446383,1.004000000000001,0.0,0.022917651,4.0
3.7592947519948448,-0.018978541997037992,4.0,454.8812807088732,4.451012022533248,1.005000000000001,0.022925973337788598,1.0050000000000008,0.0,0.022917651,4.0
3.759537034214062,-0.016685973375238524,4.0,455.46008554849345,4.450102508419825,1.006000000000001,0.022925973320965316,1.006000000000001,0.0,0.022917651,4.0
3.7597784054017933,-0.01439010372420586,4.0,456.0446039926929,4.449186047565725,1.0070000000000008,0.02292597330410434,1.0070000000000008,0.0,0.022917651,4.0
3.7600185280479357,-0.012090560284407909,4.0,456.63509070710006,4.448260916339477,1.008000000000001,0.022925973287311954,1.008000000000001,0.0,0.022917651,4.0
3.7602586170295322,-0.009788537500470304,4.0,457.23090750715227,4.447333171186741,1.009000000000001,0.022925973270453637,1.0090000000000008,0.0,0.022917651,4.0
3.7604987941916277,-0.007483211948940292,4.0,457.8331274076649,4.446402491149377,1.0100000000000011,0.022925973253747105,1.010000000000001,0.0,0.022917651,4.0
3.760738957450225,-0.005175192317979602,4.0,458.4409812973857,4.445469064023132,1.0110000000000008,0.022925973237059225,1.0110000000000008,0.0,0.022917651,4.0
3.7609789628575663,-0.0028638794393810243,4.0,459.0547728164456,4.444531704344568,1.012000000000001,0.022925973219236034,1.012000000000001,0.0,0.022917651,4.0
3.761218678525996,-0.0005484741827297195,4.0,459.675047721579,4.443589077179107,1.0130000000000008,0.02292597319900134,1.0130000000000008,0.0,0.022917651,4.0
3.7614583564200053,0.0017695481903677284,4.0,460.3009611953169,4.44264368181829,1.0140000000000011,0.022925973178650968,1.014000000000001,0.0,0.022917651,4.0
3.7616978118068687,0.004092074874035045,4.0,460.9337165396616,4.441692910896898,1.0150000000000008,0.022925973158122264,1.0150000000000008,0.0,0.022917651,4.0
3.761937192946613,0.0064175987310045425,4.0,461.5724522939652,4.440738849071211,1.016000000000001,0.022925973137465753,1.016000000000001,0.0,0.022917651,4.0
3.7621765012403157,0.008746568852269392,4.0,462.2176187104307,4.439781042297658,1.0170000000000008,0.02292597311668685,1.0170000000000008,0.0,0.022917651,4.0
3.7624157269461085,0.011079291866270874,4.0,462.869518145838,4.438819142451289,1.0180000000000011,0.022925973095782832,1.018000000000001,0.0,0.022917651,4.0
3.762654912151235,0.013414820044674177,4.0,463.52745375611994,4.437854275797008,1.019000000000001,0.02292597307480436,1.0190000000000008,0.0,0.022917651,4.0
3.7628940402358073,0.015754820570406655,4.0,464.19293704387326,4.436884712529318,1.020000000000001,0.022925973054926902,1.020000000000001,0.0,0.022917651,4.0
3.7631331237808476,0.018097600951833423,4.0,464.8645602169025,4.435912191010313,1.021000000000001,0.022925973034903114,1.0210000000000008,0.0,0.022917651,4.0
3.76337206398438,0.02044461838104413,4.0,465.54337877408256,4.4349348612808885,1.022000000000001,0.022925973015731266,1.022000000000001,0.0,0.022917651,4.0
3.763610910822488,0.02279511944384679,4.0,466.22892008027696,4.433953675493298,1.023000000000001,0.022925972996828862,1.0230000000000008,0.0,0.022917651,4.0
3.7638496476420675,0.025149307036923106,4.0,466.9214008100165,4.432968363282486,1.024000000000001,0.022925972977757413,1.024000000000001,0.0,0.022917651,4.0
3.764088241780691,0.0275076542764022,4.0,467.62122592126366,4.431978320988759,1.0250000000000008,0.022925972958519943,1.0250000000000008,0.0,0.022917651,4.0
3.764326781366737,0.029869248232433025,4.0,468.32777409845716,4.430984813278985,1.026000000000001,0.02292597293909351,1.026000000000001,0.0,0.022917651,4.0
3.7645652535511736,0.0322357478542346,4.0,469.0423261113265,4.429986127123082,1.0270000000000008,0.02292597291944086,1.0270000000000008,0.0,0.022917651,4.0
3.76480367172724,0.03460525122710094,4.0,469.763553936677,4.428984221187504,1.0280000000000011,0.02292597289960286,1.028000000000001,0.0,0.022917651,4.0
3.7650420014314268,0.03697976796262925,4.0,470.49315260942694,4.427976948307833,1.0290000000000008,0.022925972878462694,1.0290000000000008,0.0,0.022917651,4.0
3.765280273408336,0.03935751907178733,4.0,471.22975628713334,4.426966210280086,1.030000000000001,0.022925972857172214,1.030000000000001,0.0,0.022917651,4.0
3.7655182922527652,0.041739884289176264,4.0,471.9745447894885,4.425949854828902,1.0310000000000006,0.02292597283670009,1.0310000000000008,0.0,0.022917651,4.0
3.7657561770705494,0.04412592344992892,4.0,472.72681665793937,4.424929292636953,1.032000000000001,0.02292597281657361,1.032000000000001,0.0,0.022917651,4.0
3.7659938501643535,0.04651629545111642,4.0,473.4871879272803,4.423903542497712,1.0330000000000008,0.02292597279488057,1.0330000000000008,0.0,0.022917651,4.0
3.7662313527443105,0.04891068260367307,4.0,474.2554564040915,4.422873089428055,1.034000000000001,0.022925972771959676,1.034000000000001,0.0,0.022917651,4.0
3.766468706553086,0.05130903259282564,4.0,475.03187449024796,4.421838077803108,1.0350000000000008,0.022925972749640373,1.0350000000000008,0.0,0.022917651,4.0
3.7667059082996857,0.053711437481481925,4.0,475.81661344900704,4.420798402424359,1.036000000000001,0.02292597272795359,1.036000000000001,0.0,0.022917651,4.0
3.7669430172647322,0.05611810648791149,4.0,476.6096414368037,4.419754094478054,1.037000000000001,0.02292597270483333,1.0370000000000008,0.0,0.022917651,4.0
3.7671800147822516,0.05852952063552977,4.0,477.4114488903325,4.418704599397885,1.038000000000001,0.022925972679751296,1.038000000000001,0.0,0.022917651,4.0
3.7674168812189874,0.06094533301067652,4.0,478.22165760411184,4.417650182212786,1.0390000000000008,0.022925972655130987,1.0390000000000008,0.0,0.022917651,4.0
3.767653571294846,0.06336633700224197,4.0,479.0409118150076,4.416589868731007,1.040000000000001,0.02292597263136096,1.040000000000001,0.0,0.022917651,4.0
3.7678901277778722,0.06579133384774619,4.0,479.8687279683881,4.415525025328138,1.041000000000001,0.022925972607644503,1.0410000000000008,0.0,0.022917651,4.0
3.7681265064309883,0.06822081439552022,4.0,480.7057403362046,4.414454982282379,1.0420000000000011,0.02292597258412761,1.042000000000001,0.0,0.022917651,4.0
3.7683626693725576,0.07065438339264823,4.0,481.5516522122121,4.413379989761238,1.0430000000000008,0.02292597256114332,1.0430000000000008,0.0,0.022917651,4.0
3.768598532318446,0.07309242160887734,4.0,482.4070497524893,4.412299330773123,1.044000000000001,0.022925972539058467,1.044000000000001,0.0,0.022917651,4.0
3.768834318602686,0.07553537214977017,4.0,483.2717377105344,4.4112134498289155,1.045000000000001,0.022925972514467895,1.0450000000000008,0.0,0.022917651,4.0
3.7690700295851816,0.07798359192564426,4.0,484.146084935352,4.410121994453517,1.0460000000000012,0.022925972486913,1.046000000000001,0.0,0.022917651,4.0
3.7693054763375526,0.08043655984899636,4.0,485.03016927097576,4.4090247420310815,1.0470000000000008,0.02292597246075817,1.0470000000000008,0.0,0.022917651,4.0
3.769540679711064,0.08289415689190975,4.0,485.9239616547428,4.407921894353835,1.048000000000001,0.022925972435746726,1.048000000000001,0.0,0.022917651,4.0
3.7697755775252277,0.08535670901251449,4.0,486.8280227776533,4.406812860875714,1.0490000000000008,0.022925972416503224,1.0490000000000008,0.0,0.022917651,4.0
3.770010262076845,0.08782365350937342,4.0,487.7417756029252,4.405698577329651,1.0500000000000012,0.022925972400481553,1.050000000000001,0.0,0.022917651,4.0
3.770244668660835,0.09029623390842648,4.0,488.6663209889545,4.404577547910798,1.0510000000000008,0.022925972378781998,1.0510000000000008,0.0,0.022917651,4.0
3.7704789248487476,0.09277308772490667,4.0,489.6004472250246,4.403451643927475,1.052000000000001,0.022925972355419023,1.052000000000001,0.0,0.022917651,4.0
3.77071288870569,0.09525619799987055,4.0,490.5460851218968,4.402318322419528,1.053000000000001,0.02292597232597737,1.0530000000000008,0.0,0.022917651,4.0
3.770946717125318,0.09774374921429527,4.0,491.5016403482631,4.4011800158048136,1.054000000000001,0.022925972297196458,1.054000000000001,0.0,0.022917651,4.0
3.771180325788781,0.10023746333890464,4.0,492.468906505801,4.400034655484015,1.0550000000000006,0.02292597227220665,1.0550000000000008,0.0,0.022917651,4.0
3.771413699052672,0.10273590036576534,4.0,493.44684300849036,4.398883637747922,1.056000000000001,0.022925972247463625,1.056000000000001,0.0,0.022917651,4.0
3.771646780418583,0.10523944132046631,4.0,494.43604530126885,4.397726358506693,1.0570000000000008,0.0229259722231389,1.0570000000000008,0.0,0.022917651,4.0
3.771879484305796,0.107748537941185,4.0,495.4369089119348,4.396562003414679,1.058000000000001,0.022925972195393485,1.058000000000001,0.0,0.022917651,4.0
3.7721119311859783,0.11026247192491119,4.0,496.4487170351423,4.395391777515729,1.0590000000000008,0.022925972165960637,1.0590000000000008,0.0,0.022917651,4.0
3.77234398956607,0.11278254739272486,4.0,497.4733473180819,4.394213862639527,1.060000000000001,0.022925972139047308,1.060000000000001,0.0,0.022917651,4.0
3.772575736017606,0.11530747808302459,4.0,498.5091630371675,4.393029843780783,1.061000000000001,0.022925972112540494,1.0610000000000008,0.0,0.022917651,4.0
3.7728068675869273,0.11783834208255353,4.0,499.55748551118194,4.391837427009793,1.062000000000001,0.02292597208712955,1.062000000000001,0.0,0.022917651,4.0
3.77303711171686,0.12037464183223494,4.0,500.61797148920135,4.390636029887437,1.0630000000000006,0.022925972059409428,1.0630000000000008,0.0,0.022917651,4.0
3.7732667103852378,0.122916070478517,4.0,501.69035356385376,4.389426926219093,1.064000000000001,0.022925972030094565,1.064000000000001,0.0,0.022917651,4.0
3.7734955776037356,0.12546363681444242,4.0,502.7762688329631,4.388208754561599,1.0650000000000008,0.022925972001421505,1.0650000000000008,0.0,0.022917651,4.0
3.7737242097775057,0.12801654987730157,4.0,503.8744535553166,4.386984295962536,1.0660000000000012,0.02292597197315196,1.066000000000001,0.0,0.022917651,4.0
3.773952544374551,0.13057574625824195,4.0,504.98606888261776,4.385752365033712,1.0670000000000008,0.02292597194581207,1.0670000000000008,0.0,0.022917651,4.0
3.774180483205313,0.1331414563408889,4.0,506.1113827260796,4.384512341737467,1.0680000000000007,0.022925971921243012,1.068000000000001,0.0,0.022917651,4.0
3.7744080981378056,0.13571269531001387,4.0,507.24973043548056,4.383265495001229,1.0690000000000008,0.022925971898101857,1.0690000000000008,0.0,0.022917651,4.0
3.77463495990611,0.13828957778274223,4.0,508.4029907759872,4.382009985906034,1.070000000000001,0.022925971874851393,1.070000000000001,0.0,0.022917651,4.0
3.7748603987591576,0.14087250978164714,4.0,509.57027155161865,4.38074273214312,1.0710000000000006,0.022925971849261987,1.0710000000000008,0.0,0.022917651,4.0
3.7750846473953286,0.14346126583477303,4.0,510.7513848101932,4.379464891236415,1.072000000000001,0.022925971821606054,1.072000000000001,0.0,0.022917651,4.0
3.7753083906887626,0.14605732057787585,4.0,511.94818231712856,4.3781777445292125,1.0730000000000008,0.022925971788949878,1.0730000000000008,0.0,0.022917651,4.0
3.7755316665557412,0.14865935037040418,4.0,513.1593226237204,4.376882746855096,1.0740000000000012,0.022925971758667514,1.074000000000001,0.0,0.022917651,4.0
3.7757544671741803,0.15126739254623212,4.0,514.3849994567793,4.375579829245924,1.0750000000000008,0.022925971730462083,1.0750000000000008,0.0,0.022917651,4.0
3.7759766886305846,0.153882828119013,4.0,515.6272694395179,4.374267205346838,1.0760000000000007,0.022925971698107023,1.076000000000001,0.0,0.022917651,4.0
3.7761984581000747,0.1565045008030573,4.0,516.8847999686574,4.372946538569582,1.0770000000000008,0.022925971667351667,1.0770000000000008,0.0,0.022917651,4.0
3.7764197503066894,0.15913245278943577,4.0,518.1578614037551,4.371617685157429,1.078000000000001,0.022925971637773317,1.078000000000001,0.0,0.022917651,4.0
3.776640288684569,0.16176738902977705,4.0,519.4481280271906,4.370278829331611,1.0790000000000008,0.022925971606788855,1.0790000000000008,0.0,0.022917651,4.0
3.7768602353254006,0.16440843618078307,4.0,520.754739469339,4.368931491711671,1.080000000000001,0.022925971575297296,1.080000000000001,0.0,0.022917651,4.0
3.7770796421167545,0.16705567379551828,4.0,522.0777552162124,4.367575805037611,1.0810000000000008,0.02292597154386727,1.0810000000000008,0.0,0.022917651,4.0
3.7772984841762236,0.16970995049314105,4.0,523.4183628478276,4.366210833041925,1.082000000000001,0.022925971513826686,1.082000000000001,0.0,0.022917651,4.0
3.7775166605568997,0.172371609549587,4.0,524.7767775951276,4.364835801601679,1.083000000000001,0.022925971480782736,1.0830000000000009,0.0,0.022917651,4.0
3.777734193552396,0.17504006314464404,4.0,526.1525625022596,4.363451402133701,1.084000000000001,0.022925971448294186,1.084000000000001,0.0,0.022917651,4.0
3.777951040123805,0.17771532757328254,4.0,527.5460852036654,4.362057452125706,1.0850000000000009,0.022925971417354998,1.0850000000000009,0.0,0.022917651,4.0
3.7781671100424754,0.18039780245141035,4.0,528.9592497699574,4.36065318494994,1.086000000000001,0.02292597138372678,1.086000000000001,0.0,0.022917651,4.0
3.7783824621878104,0.1830871114479757,4.0,530.3911879425182,4.359239204499629,1.0870000000000006,0.022925971359679463,1.0870000000000009,0.0,0.022917651,4.0
3.778597113151766,0.1857833097860888,4.0,531.8421057248213,4.357815530969882,1.0880000000000012,0.022925971337628442,1.088000000000001,0.0,0.022917651,4.0
3.7788110636730923,0.1884865296494103,4.0,533.3123815773185,4.356382043176172,1.0890000000000009,0.022925971310401888,1.0890000000000009,0.0,0.022917651,4.0
3.7790242060444394,0.19119678126548567,4.0,534.8039178273528,4.354938303695956,1.090000000000001,0.022925971277015608,1.090000000000001,0.0,0.022917651,4.0
3.779236586521486,0.19391443442748754,4.0,536.315719503429,4.353484089965539,1.091000000000001,0.02292597124299379,1.0910000000000009,0.0,0.022917651,4.0
3.7794480229948353,0.19663899422308662,4.0,537.8482759162065,4.352019195076951,1.0920000000000012,0.022925971209383635,1.092000000000001,0.0,0.022917651,4.0
3.7796584170759235,0.19937023179155694,4.0,539.4020803858192,4.350543468608605,1.093000000000001,0.022925971176289,1.0930000000000009,0.0,0.022917651,4.0
3.7798678902835094,0.20210899322522194,4.0,540.9781495954795,4.349056523383183,1.094000000000001,0.022925971142320405,1.094000000000001,0.0,0.022917651,4.0
3.7800764149080948,0.20485594037734672,4.0,542.5771089370552,4.347557604837391,1.095000000000001,0.022925971108135053,1.0950000000000009,0.0,0.022917651,4.0
3.7802839591972273,0.20760999701348573,4.0,544.1986758708905,4.346047652239217,1.096000000000001,0.02292597107345707,1.096000000000001,0.0,0.022917651,4.0
3.78049052868795,0.21037103538241367,4.0,545.8433962231319,4.344526821512573,1.0970000000000009,0.022925971038837548,1.0970000000000009,0.0,0.022917651,4.0
3.7806961048937326,0.2131390672561304,4.0,547.5118454808921,4.342995029796999,1.098000000000001,0.022925971004275982,1.098000000000001,0.0,0.022917651,4.0
3.7809004588446555,0.21591418931326006,4.0,549.2048810076747,4.341451246427268,1.099000000000001,0.022925970969204987,1.0990000000000009,0.0,0.022917651,4.0
3.781103400045684,0.218696894321793,4.0,550.9240716387199,4.339894229699372,1.1000000000000012,0.022925970933926423,1.100000000000001,0.0,0.022917651,4.0
3.781130485271536,0.22074034757317165,4.0,552.0177559720031,4.3383370038789755,1.1010000000000009,0.022925970912174375,1.1010000000000009,0.0,0.022917651,4.0
3.781159279440373,0.22278629677980055,4.0,553.1056515735661,4.336784117860924,1.102000000000001,0.022925970890319305,1.102000000000001,0.0,0.022917651,4.0
3.7811897897112177,0.22483475239761702,4.0,554.1877341935258,4.335235589825313,1.103000000000001,0.02292597086836078,1.1030000000000009,0.0,0.022917651,4.0
3.7812219641034477,0.22688582257101586,4.0,555.2644037085208,4.333691103732599,1.1040000000000014,0.022925970846339985,1.104000000000001,0.0,0.022917651,4.0
3.7812556691975243,0.22893971722322792,4.0,556.3366438726201,4.332149916021543,1.105000000000001,0.02292597082440972,1.1050000000000009,0.0,0.022917651,4.0
3.781291108068651,0.2309961024944049,4.0,557.4030252172018,4.33061317274624,1.1060000000000008,0.022925970802465886,1.106000000000001,0.0,0.022917651,4.0
3.781328287638422,0.23305498832760865,4.0,558.4635243526535,4.329080891649792,1.1070000000000009,0.022925970780508436,1.1070000000000009,0.0,0.022917651,4.0
3.7813672148653246,0.23511638471889984,4.0,559.5181177646969,4.327553090569868,1.108000000000001,0.02292597075853731,1.108000000000001,0.0,0.022917651,4.0
3.781407753765496,0.23718042130869715,4.0,560.5677934381547,4.326029093834393,1.1090000000000009,0.022925970736287875,1.1090000000000009,0.0,0.022917651,4.0
3.7814499378220043,0.23924704162752986,4.0,561.6123225008663,4.324509092360778,1.1100000000000012,0.022925970713735633,1.110000000000001,0.0,0.022917651,4.0
3.7814938837300094,0.24131615051787733,4.0,562.6508987376875,4.322993649736759,1.1110000000000009,0.022925970691063287,1.1110000000000009,0.0,0.022917651,4.0
3.781539598068062,0.24338775727177853,4.0,563.6834999214555,4.321482782984553,1.112000000000001,0.02292597066827039,1.112000000000001,0.0,0.022917651,4.0
3.7815870874475035,0.2454618712275888,4.0,564.7101037142108,4.319976509211231,1.1130000000000009,0.022925970645356498,1.1130000000000009,0.0,0.022917651,4.0
3.781636160264163,0.24753850852656273,4.0,565.7325297689794,4.318474048949399,1.114000000000001,0.02292597062260299,1.114000000000001,0.0,0.022917651,4.0
3.7816870002692404,0.24961760928684745,4.0,566.7490749424431,4.316976194175772,1.115000000000001,0.022925970599788036,1.1150000000000009,0.0,0.022917651,4.0
3.7817396261985654,0.2516991798412911,4.0,567.7596013716966,4.315483013302342,1.116000000000001,0.022925970576894612,1.116000000000001,0.0,0.022917651,4.0
3.7817940443761535,0.25378322893551397,4.0,568.7640877441702,4.313994522879545,1.1170000000000009,0.022925970553922457,1.1170000000000009,0.0,0.022917651,4.0
3.7818501575028027,0.255869715192766,4.0,569.7631854029701,4.312510374936638,1.118000000000001,0.02292597053098356,1.118000000000001,0.0,0.022917651,4.0
3.781907881941147,0.2579585585545618,4.0,570.7574258389546,4.311030314947723,1.119000000000001,0.022925970508189904,1.1190000000000009,0.0,0.022917651,4.0
3.781967404459632,0.2600498332247092,4.0,571.7456005610551,4.309555016091199,1.1200000000000012,0.022925970485352384,1.120000000000001,0.0,0.022917651,4.0
3.7820287308743588,0.2621435470675597,4.0,572.7276899490073,4.30808449376751,1.121000000000001,0.022925970462470854,1.1210000000000009,0.0,0.022917651,4.0
3.782091867026539,0.2642397079814206,4.0,573.7036742978381,4.306618763443587,1.122000000000001,0.022925970439545175,1.122000000000001,0.0,0.022917651,4.0
3.7821565741890266,0.2663385580675167,4.0,574.6751046710215,4.305156628159504,1.123000000000001,0.022925970416979566,1.1230000000000009,0.0,0.022917651,4.0
3.782223030783199,0.26843988022852117,4.0,575.6407934509203,4.303699018493226,1.1240000000000012,0.022925970394503614,1.124000000000001,0.0,0.022917651,4.0
3.7822912972522476,0.2705436224790483,4.0,576.600362287781,4.3022462281738845,1.1250000000000009,0.02292597037202767,1.1250000000000009,0.0,0.022917651,4.0
3.7823613788480412,0.27264979184167715,4.0,577.5537934228481,4.300798271186187,1.126000000000001,0.022925970349551714,1.126000000000001,0.0,0.022917651,4.0
3.78243315316521,0.2747589612751866,4.0,578.5011590104498,4.29935408432311,1.127000000000001,0.022925970326613507,1.127000000000001,0.0,0.022917651,4.0
3.782506405495085,0.27687204659073344,4.0,579.4425560028061,4.297911892080617,1.128000000000001,0.022925970302432826,1.128000000000001,0.0,0.022917651,4.0
3.782581446341007,0.27898765579059215,4.0,580.3777331600512,4.2964743300993,1.129000000000001,0.02292597027812956,1.129000000000001,0.0,0.022917651,4.0
3.782658278845192,0.28110579330893887,4.0,581.306679554649,4.295041406513993,1.130000000000001,0.022925970253703496,1.130000000000001,0.0,0.022917651,4.0
3.7827369061572234,0.2832264635903411,4.0,582.2293842334492,4.293613129478604,1.131000000000001,0.0229259702291544,1.131000000000001,0.0,0.022917651,4.0
3.782817151275404,0.28534681476394314,4.0,583.1491888800089,4.2921916472813395,1.132000000000001,0.022925970205906678,1.132000000000001,0.0,0.022917651,4.0
3.7828991452842837,0.2874684587455387,4.0,584.0640628765708,4.2907758693204725,1.1330000000000007,0.02292597018315606,1.133000000000001,0.0,0.022917651,4.0
3.782982959306705,0.28959239689836835,4.0,584.9728025497931,4.289365077099619,1.134000000000001,0.022925970160405443,1.134000000000001,0.0,0.022917651,4.0
3.7830685977136724,0.291718634732189,4.0,585.8753931672805,4.287959282592701,1.135000000000001,0.02292597013765483,1.135000000000001,0.0,0.022917651,4.0
3.783155954547007,0.29384698235689916,4.0,586.772435405406,4.2865582498702475,1.136000000000001,0.022925970114375954,1.136000000000001,0.0,0.022917651,4.0
3.78324478181928,0.2959769632867196,4.0,587.6652898967437,4.285161459314647,1.137000000000001,0.02292597008935165,1.137000000000001,0.0,0.022917651,4.0
3.7833354230880203,0.2981091623608615,4.0,588.5520294288996,4.283769706669214,1.138000000000001,0.022925970064201964,1.138000000000001,0.0,0.022917651,4.0
3.7834278821984846,0.3002435842812829,4.0,589.432641039557,4.282383002613166,1.1390000000000011,0.02292597003892663,1.139000000000001,0.0,0.022917651,4.0
3.7835221630068094,0.30238023376324275,4.0,590.3071117297382,4.281001357855928,1.140000000000001,0.022925970013525376,1.140000000000001,0.0,0.022917651,4.0
3.7836179203928273,0.30451856034939373,4.0,591.1774681062495,4.27962394563936,1.141000000000001,0.022925969989060237,1.141000000000001,0.0,0.022917651,4.0
3.7837153692411167,0.30665888036869127,4.0,592.042409348439,4.278251306959503,1.142000000000001,0.022925969964962562,1.142000000000001,0.0,0.022917651,4.0
3.7838146250731577,0.3088013729261544,4.0,592.9012605691046,4.276883723712871,1.143000000000001,0.022925969940901094,1.143000000000001,0.0,0.022917651,4.0
3.7839156910772616,0.3109460418550956,4.0,593.7540110227742,4.275521204819464,1.144000000000001,0.022925969916875906,1.144000000000001,0.0,0.022917651,4.0
3.7840182697312867,0.3130924187541531,4.0,594.6013462298458,4.27416302872691,1.145000000000001,0.022925969892548387,1.145000000000001,0.0,0.022917651,4.0
3.7841217851795292,0.3152395741816359,4.0,595.4445671500341,4.272807821623037,1.146000000000001,0.022925969867332575,1.146000000000001,0.0,0.022917651,4.0
3.784227067766411,0.3173887970081874,4.0,596.28173116153,4.2714576155908945,1.147000000000001,0.022925969842199172,1.147000000000001,0.0,0.022917651,4.0
3.7843341201446288,0.3195400903372348,4.0,597.1128291721515,4.270112418137721,1.148000000000001,0.022925969817148315,1.148000000000001,0.0,0.022917651,4.0
3.7844429449721915,0.3216934572784179,4.0,597.937852071508,4.268772236785789,1.1490000000000007,0.022925969792180118,1.149000000000001,0.0,0.022917651,4.0
3.7845530885125807,0.32384531228942726,4.0,598.7585492711169,4.267438842411104,1.150000000000001,0.022925969768928904,1.150000000000001,0.0,0.022917651,4.0
3.7846648575778206,0.3259979798513263,4.0,599.5737101432493,4.266111137679522,1.151000000000001,0.022925969746178283,1.151000000000001,0.0,0.022917651,4.0
3.7847783899600165,0.32815251638521975,4.0,600.3828009834043,4.264788617266657,1.152000000000001,0.022925969723427666,1.152000000000001,0.0,0.022917651,4.0
3.784893688291876,0.330308924681561,4.0,601.1858127287666,4.263471288912914,1.153000000000001,0.02292596970067705,1.153000000000001,0.0,0.022917651,4.0
3.7850104766187944,0.33246781001390024,4.0,601.9833770878016,4.262157442777836,1.154000000000001,0.022925969677463798,1.154000000000001,0.0,0.022917651,4.0
3.785128301729469,0.33463006552147406,4.0,602.7765379475983,4.260844371738013,1.1550000000000011,0.022925969653072295,1.155000000000001,0.0,0.022917651,4.0
3.7852478243461047,0.3367942121000329,4.0,603.563777179717,4.259536199607051,1.156000000000001,0.022925969628621316,1.156000000000001,0.0,0.022917651,4.0
3.785369044644676,0.33896024994561663,4.0,604.3450941702831,4.258232926892801,1.157000000000001,0.022925969604110863,1.157000000000001,0.0,0.022917651,4.0
3.785491962801183,0.341128179254294,4.0,605.1204883053374,4.25693455410319,1.1580000000000013,0.022925969579540923,1.158000000000001,0.0,0.022917651,4.0
3.7856155857778653,0.3432969736527312,4.0,605.892208476724,4.255638137868169,1.1590000000000011,0.02292596955491092,1.159000000000001,0.0,0.022917651,4.0
3.7857404287560854,0.34546713810155805,4.0,606.6590845104954,4.254345232567014,1.1600000000000013,0.022925969530221926,1.160000000000001,0.0,0.022917651,4.0
3.7858669024250995,0.3476390922019294,4.0,607.4201868991264,4.253057060333777,1.1610000000000011,0.022925969505474337,1.161000000000001,0.0,0.022917651,4.0
3.7859950057212433,0.3498128347864959,4.0,608.1755194086393,4.251773618081177,1.162000000000001,0.022925969480668197,1.162000000000001,0.0,0.022917651,4.0
3.7861246843566345,0.3519884962494656,4.0,608.9251471992918,4.250494558198226,1.1630000000000011,0.02292596945586688,1.163000000000001,0.0,0.022917651,4.0
3.786254431329233,0.3541697168586068,4.0,609.6708410915136,4.249210210694923,1.164000000000001,0.022925969432841597,1.164000000000001,0.0,0.022917651,4.0
3.7863857202210363,0.3563527705399464,4.0,610.4109346571314,4.2479301979075075,1.165000000000001,0.02292596940981631,1.165000000000001,0.0,0.022917651,4.0
3.786518548261276,0.35853765399952486,4.0,611.1454379597182,4.246654512046659,1.166000000000001,0.02292596938679103,1.166000000000001,0.0,0.022917651,4.0
3.7866529126858155,0.3607243639512681,4.0,611.874361038748,4.245383145341712,1.167000000000001,0.022925969363765744,1.167000000000001,0.0,0.022917651,4.0
3.7867871824268344,0.36291551644292197,4.0,612.5973529772423,4.244106957758056,1.1680000000000013,0.02292596934074046,1.168000000000001,0.0,0.022917651,4.0
3.78691699000708,0.36511793120065295,4.0,613.3136962912364,4.24280166032175,1.169000000000001,0.022925969317715178,1.169000000000001,0.0,0.022917651,4.0
3.787048020011887,0.3673223207718025,4.0,614.0248272731243,4.241499277767144,1.170000000000001,0.022925969294689895,1.170000000000001,0.0,0.022917651,4.0
3.7871802665342056,0.3695286756135971,4.0,614.7307711101454,4.2401997960088265,1.1710000000000012,0.022925969271664615,1.171000000000001,0.0,0.022917651,4.0
3.7873137237049845,0.3717369862446504,4.0,615.4315528275198,4.238903201051997,1.172000000000001,0.02292596924863933,1.172000000000001,0.0,0.022917651,4.0
3.787448385692866,0.3739472432444663,4.0,616.127197289748,4.237609478991734,1.173000000000001,0.022925969225614042,1.173000000000001,0.0,0.022917651,4.0
3.7875766793410848,0.37606432005737783,4.0,616.8307654010382,4.236383461312135,1.174000000000001,0.022925969202588763,1.174000000000001,0.0,0.022917651,4.0
3.787705834751698,0.3781770559954682,4.0,617.5293122086118,4.235165231412619,1.175000000000001,0.02292596917956348,1.175000000000001,0.0,0.022917651,4.0
3.787836161162442,0.3802892848195763,4.0,618.2222923081486,4.233952192582197,1.176000000000001,0.022925969156538193,1.176000000000001,0.0,0.022917651,4.0
3.787967659506472,0.3824010061255884,4.0,618.9097012636099,4.2327443489575645,1.1770000000000012,0.02292596913351291,1.177000000000001,0.0,0.022917651,4.0
3.7881056850028823,0.3845402434000701,4.0,619.5899378501214,4.231535098695591,1.178000000000001,0.02292596910887874,1.178000000000001,0.0,0.022917651,4.0
3.788254231620556,0.38672817282737615,4.0,620.2620215480937,4.230319242080853,1.1790000000000012,0.02292596908142072,1.179000000000001,0.0,0.022917651,4.0
3.78840423133646,0.38891746857038595,4.0,620.9287616444218,4.22910783156925,1.180000000000001,0.022925969053856268,1.180000000000001,0.0,0.022917651,4.0
3.788555681580488,0.3911081282124852,4.0,621.590167590375,4.227900859296926,1.181000000000001,0.022925969026185572,1.181000000000001,0.0,0.022917651,4.0
3.7887085797885924,0.3933001493427575,4.0,622.2462488149473,4.22669831741856,1.182000000000001,0.02292596899840883,1.182000000000001,0.0,0.022917651,4.0
3.788862035528084,0.3954914947195021,4.0,622.8996620696055,4.2254986814869655,1.183000000000001,0.02292596897256388,1.183000000000001,0.0,0.022917651,4.0
3.7890157714861887,0.3976815307248467,4.0,623.5512275581797,4.224301475866575,1.184000000000001,0.022925968949263926,1.184000000000001,0.0,0.022917651,4.0
3.789170890810387,0.3998727889559171,4.0,624.1976548725428,4.223108581492042,1.185000000000001,0.02292596892596398,1.185000000000001,0.0,0.022917651,4.0
3.7893273905900062,0.4020652668410885,4.0,624.8389548236775,4.221919989292282,1.1860000000000008,0.02292596890266403,1.186000000000001,0.0,0.022917651,4.0
3.7894852679225335,0.40425896181594373,4.0,625.4751381922581,4.220735690221645,1.1870000000000012,0.022925968879364076,1.187000000000001,0.0,0.022917651,4.0
3.7896441025082765,0.40645236919806615,4.0,626.1084065722647,4.219555506964328,1.188000000000001,0.022925968856064127,1.188000000000001,0.0,0.022917651,4.0
3.7898037230891757,0.4086448826905431,4.0,626.7396327093095,4.218379360449136,1.189000000000001,0.02292596883276418,1.189000000000001,0.0,0.022917651,4.0
3.7899646843109056,0.41083850767449914,4.0,627.3658919107985,4.2172074649405475,1.190000000000001,0.022925968809464226,1.190000000000001,0.0,0.022917651,4.0
3.790126983060964,0.4130332415694358,4.0,627.9871957082312,4.216039810569201,1.191000000000001,0.022925968786164277,1.191000000000001,0.0,0.022917651,4.0
3.790290616236476,0.4152290818028387,4.0,628.6035555974395,4.214876387496263,1.1920000000000013,0.02292596876286433,1.192000000000001,0.0,0.022917651,4.0
3.7904548654680594,0.4174262267044523,4.0,629.2170607292937,4.2137141234901625,1.1930000000000012,0.022925968739564376,1.193000000000001,0.0,0.022917651,4.0
3.790618901837585,0.4196248758152196,4.0,629.8301268823902,4.212549502940027,1.194000000000001,0.022925968716264428,1.194000000000001,0.0,0.022917651,4.0
3.790784193399652,0.4218245974918403,4.0,630.4384955502568,4.211388830628058,1.1950000000000012,0.022925968692964475,1.195000000000001,0.0,0.022917651,4.0
3.7909507364171087,0.42402538854090827,4.0,631.0421807189649,4.2102320947989575,1.196000000000001,0.022925968669664527,1.196000000000001,0.0,0.022917651,4.0
3.791118527167624,0.42622724578167986,4.0,631.6411963191192,4.209079283744046,1.197000000000001,0.022925968646364574,1.197000000000001,0.0,0.022917651,4.0
3.7912866118713064,0.4284300366346109,4.0,632.2358912398545,4.207926715174341,1.198000000000001,0.022925968623064626,1.198000000000001,0.0,0.022917651,4.0
3.7914372575235435,0.4306313603994272,4.0,632.8323991115032,4.206705862405814,1.199000000000001,0.022925968599764673,1.199000000000001,0.0,0.022917651,4.0
3.791588832731427,0.43283373310705614,4.0,633.4241316979566,4.205487678932208,1.200000000000001,0.022925968576464725,1.200000000000001,0.0,0.022917651,4.0
3.7916060983336717,0.43463254741600693,4.0,634.2410202769216,4.204105545075826,1.201000000000001,0.022925968557010106,1.201000000000001,0.0,0.022917651,4.0
3.791620185539184,0.43643096563837297,4.0,635.0617836240424,4.202711094228583,1.202000000000001,0.022925968537555488,1.202000000000001,0.0,0.022917651,4.0
3.791614254203348,0.43822668111008556,4.0,635.8918986991142,4.201239276917793,1.203000000000001,0.022925968518100873,1.203000000000001,0.0,0.022917651,4.0
3.7916074077608797,0.44002227736773863,4.0,636.7250006436311,4.19976391836261,1.2040000000000013,0.022925968498646254,1.204000000000001,0.0,0.022917651,4.0
3.791599634485566,0.4418177528837181,4.0,637.5611277314481,4.198284973185399,1.2050000000000012,0.022925968479191636,1.205000000000001,0.0,0.022917651,4.0
3.791590922449992,0.4436131061041994,4.0,638.4003188931489,4.196802395229904,1.206000000000001,0.02292596845973702,1.206000000000001,0.0,0.022917651,4.0
3.7915804606997634,0.44540844138991326,4.0,639.2449658828034,4.195312836048813,1.207000000000001,0.022925968440282406,1.207000000000001,0.0,0.022917651,4.0
3.7915671374531206,0.44720386111469657,4.0,640.0983595046249,4.193811745800709,1.2080000000000013,0.022925968420827794,1.208000000000001,0.0,0.022917651,4.0
3.791552836476639,0.44899908888161605,4.0,640.9549642422066,4.192306936602383,1.2090000000000012,0.022925968401373172,1.209000000000001,0.0,0.022917651,4.0
3.791537545300258,0.4507941222424231,4.0,641.8148210504331,4.190798361021978,1.2100000000000013,0.022925968381918554,1.210000000000001,0.0,0.022917651,4.0
3.7915212512409515,0.45258895870705623,4.0,642.6779715836182,4.189285970817596,1.211000000000001,0.022925968362463935,1.211000000000001,0.0,0.022917651,4.0
3.7915028847146868,0.45437996741326064,4.0,643.5496494782099,4.187769116439415,1.2120000000000013,0.022925968343009317,1.212000000000001,0.0,0.022917651,4.0
3.791483214427053,0.45616985726306797,4.0,644.4260224128541,4.186248165351186,1.213000000000001,0.022925968323554702,1.213000000000001,0.0,0.022917651,4.0
3.7914624944923956,0.4579595473709163,4.0,645.3058159154507,4.184723215422376,1.2140000000000013,0.022925968304100083,1.214000000000001,0.0,0.022917651,4.0
3.7914407112493778,0.4597490351371291,4.0,646.1890745052733,4.1831942146073935,1.2150000000000007,0.022925968284645465,1.215000000000001,0.0,0.022917651,4.0
3.791416465634479,0.4615351883619046,4.0,647.080047032732,4.181658699164417,1.2160000000000013,0.022925968268012246,1.216000000000001,0.0,0.022917651,4.0
3.7913897930524985,0.4633181230580298,4.0,647.9786536946531,4.180116694760245,1.2170000000000007,0.022925968254055778,1.217000000000001,0.0,0.022917651,4.0
3.7913620281396905,0.46510088645816333,4.0,648.8808558247462,4.178570492427485,1.2180000000000013,0.022925968240013576,1.218000000000001,0.0,0.022917651,4.0
3.791333156571887,0.4668834763160321,4.0,649.7867005718113,4.177020037117035,1.219000000000001,0.022925968225884535,1.219000000000001,0.0,0.022917651,4.0
3.791310122616328,0.4687048253965807,4.0,650.697935216704,4.175454173470101,1.2200000000000013,0.022925968209345712,1.220000000000001,0.0,0.022917651,4.0
3.7912951952291025,0.4705776830991819,4.0,651.6155517258292,4.173869227844223,1.2210000000000008,0.022925968189616428,1.221000000000001,0.0,0.022917651,4.0
3.791278774357505,0.47244839459456994,4.0,652.5374114737268,4.1722804543215535,1.2220000000000013,0.022925968169887144,1.222000000000001,0.0,0.022917651,4.0
3.791260844056481,0.47431693696895216,4.0,653.4635597629605,4.170687812033888,1.223000000000001,0.022925968150157863,1.223000000000001,0.0,0.022917651,4.0
3.7912376162515518,0.47609198916097223,4.0,654.3924874039162,4.169167469244199,1.2240000000000013,0.022925968130428576,1.224000000000001,0.0,0.022917651,4.0
3.7912117535606185,0.4778346353005216,4.0,655.3247996501728,4.1676689928478625,1.225000000000001,0.02292596811069929,1.225000000000001,0.0,0.022917651,4.0
3.79118460762549,0.4795775032655991,4.0,656.2610391928752,4.166165161746879,1.2260000000000013,0.02292596809097001,1.226000000000001,0.0,0.022917651,4.0
3.791156158243225,0.4813205965485463,4.0,657.2012678619848,4.164655891638677,1.227000000000001,0.022925968071240727,1.227000000000001,0.0,0.022917651,4.0
3.7911182396522034,0.48307270816363884,4.0,658.1539592596081,4.163099726064535,1.2280000000000013,0.02292596805151144,1.228000000000001,0.0,0.022917651,4.0
3.7910728154244446,0.48483172807309755,4.0,659.1176432304604,4.1615066294367224,1.2290000000000008,0.022925968031782155,1.229000000000001,0.0,0.022917651,4.0
3.7910260975702768,0.4865909431664141,4.0,660.0860956233986,4.15990816321059,1.2300000000000009,0.02292596801205287,1.230000000000001,0.0,0.022917651,4.0
3.7909780673309386,0.4883503562739314,4.0,661.0593855848886,4.158304249522067,1.231000000000001,0.02292596799232359,1.231000000000001,0.0,0.022917651,4.0
3.790924507073904,0.4901056666394202,4.0,662.0452406303285,4.156682316442739,1.232000000000001,0.02292596797511938,1.232000000000001,0.0,0.022917651,4.0
3.79086923228139,0.49186014414301676,4.0,663.0367469040017,4.1550543577648185,1.233000000000001,0.022925967958069875,1.233000000000001,0.0,0.022917651,4.0
3.7908125692786134,0.4936141097573544,4.0,664.0333447370018,4.153421357982898,1.2340000000000009,0.02292596794096406,1.234000000000001,0.0,0.022917651,4.0
3.7907527917247554,0.4953656744447501,4.0,665.0399783206221,4.151778304470968,1.235000000000001,0.022925967924373746,1.235000000000001,0.0,0.022917651,4.0
3.790690020639686,0.497115009547371,4.0,666.0564028894928,4.150125509876676,1.236000000000001,0.0229259679083154,1.236000000000001,0.0,0.022917651,4.0
3.7906258435369975,0.49886388728041575,4.0,667.0781303068977,4.148467548625057,1.237000000000001,0.022925967892270735,1.237000000000001,0.0,0.022917651,4.0
3.7905589671030433,0.5006121996210471,4.0,668.1089249090631,4.146799353770396,1.2380000000000009,0.02292596787575192,1.238000000000001,0.0,0.022917651,4.0
3.790487359770192,0.5023596976342501,4.0,669.1547295172107,4.1451130452278475,1.239000000000001,0.02292596785806268,1.239000000000001,0.0,0.022917651,4.0
3.7904142907014453,0.50410659066057,4.0,670.2061096844344,4.1434214947086,1.240000000000001,0.022925967840505233,1.240000000000001,0.0,0.022917651,4.0
3.790339445657362,0.5058504354900277,4.0,671.264241770089,4.14172589017335,1.2410000000000012,0.022925967822497423,1.241000000000001,0.0,0.022917651,4.0
3.7902622070301755,0.507586368975863,4.0,672.3314697905544,4.140028627923582,1.2420000000000009,0.022925967802768135,1.242000000000001,0.0,0.022917651,4.0
3.790183453942549,0.5093218373368305,4.0,673.4045287683373,4.138325773111928,1.243000000000001,0.022925967783038854,1.243000000000001,0.0,0.022917651,4.0
3.790102273762576,0.5110549108080186,4.0,674.4856715433972,4.136615602524155,1.244000000000001,0.022925967763309567,1.244000000000001,0.0,0.022917651,4.0
3.790017492387573,0.5127830620061212,4.0,675.5778479891003,4.134895943734073,1.2450000000000012,0.022925967743580286,1.245000000000001,0.0,0.022917651,4.0
3.7899311762387926,0.5145107614434395,4.0,676.6760817811102,4.133170597524015,1.2460000000000009,0.022925967723851005,1.246000000000001,0.0,0.022917651,4.0
3.7898424144730427,0.5162353048926546,4.0,677.7843540932317,4.131438626681043,1.247000000000001,0.02292596770649381,1.247000000000001,0.0,0.022917651,4.0
3.7897510118123323,0.5179560646628314,4.0,678.9035363871398,4.129699878184477,1.248000000000001,0.022925967691889478,1.248000000000001,0.0,0.022917651,4.0
3.7896580273168365,0.5196762688801608,4.0,680.02899039354,4.127955357812861,1.2490000000000012,0.022925967677130052,1.249000000000001,0.0,0.022917651,4.0
3.789560087639129,0.5213926556240861,4.0,681.1632811010779,4.126194835125708,1.250000000000001,0.0229259676586672,1.250000000000001,0.0,0.022917651,4.0
3.78945895514562,0.5231071271467858,4.0,682.3049529045963,4.124423456868006,1.251000000000001,0.02292596763866325,1.251000000000001,0.0,0.022917651,4.0
3.7893560808364177,0.5248201861942668,4.0,683.453552195613,4.122646523726452,1.2520000000000011,0.022925967619094687,1.2520000000000011,0.0,0.022917651,4.0
3.7892520302130808,0.5265233740622486,4.0,684.6143636031052,4.120874755000778,1.2530000000000012,0.022925967604067628,1.253000000000001,0.0,0.022917651,4.0
3.789146051360139,0.5282262656917895,4.0,685.7817292335296,4.11909556969547,1.2540000000000011,0.02292596758887831,1.2540000000000011,0.0,0.022917651,4.0
3.789035684124017,0.5299282731675254,4.0,686.9611423469917,4.117299713893146,1.255000000000001,0.022925967571007448,1.255000000000001,0.0,0.022917651,4.0
3.7889210920050767,0.531629287826961,4.0,688.1523906897534,4.115487950088302,1.2560000000000011,0.022925967550728836,1.2560000000000011,0.0,0.022917651,4.0
3.7888043827071813,0.5333294889475753,4.0,689.3511047574631,4.113668530811607,1.2570000000000012,0.022925967530580918,1.257000000000001,0.0,0.022917651,4.0
3.788683623959572,0.5350251942678834,4.0,690.5642918372951,4.111837408606859,1.2580000000000013,0.022925967512032276,1.2580000000000011,0.0,0.022917651,4.0
3.788560870222451,0.5367203687594394,4.0,691.7845034770739,4.109998837475288,1.259000000000001,0.022925967493417364,1.259000000000001,0.0,0.022917651,4.0
3.788434722152869,0.5384183527230023,4.0,693.0282092246488,4.1081438797756356,1.2600000000000011,0.022925967475727078,1.2600000000000011,0.0,0.022917651,4.0
3.7883059896088676,0.5401175340534834,4.0,694.2862089404852,4.106277386771197,1.2610000000000012,0.022925967458316807,1.261000000000001,0.0,0.022917651,4.0
3.7881739291319536,0.5418078038379278,4.0,695.559431210678,4.104406496669285,1.2620000000000011,0.022925967444808674,1.2620000000000011,0.0,0.022917651,4.0
3.7880380688229796,0.5434858976229416,4.0,696.8505669200459,4.1025325874579694,1.263000000000001,0.022925967436661237,1.263000000000001,0.0,0.022917651,4.0
3.7878997334587337,0.5451623211446227,4.0,698.1521841920259,4.1006504466426374,1.2640000000000011,0.022925967425970223,1.2640000000000011,0.0,0.022917651,4.0
3.7877581728884744,0.5468346858622315,4.0,699.4692581239119,4.098759457644184,1.2650000000000012,0.02292596740592518,1.265000000000001,0.0,0.022917651,4.0
3.7876143133958924,0.5485060106205428,4.0,700.795630620012,4.096860313136902,1.2660000000000011,0.022925967386090772,1.2660000000000011,0.0,0.022917651,4.0
3.7874668830088836,0.550171953126033,4.0,702.1381536269758,4.094952273495525,1.2670000000000012,0.022925967369307892,1.267000000000001,0.0,0.022917651,4.0
3.787317212041532,0.5518371750822537,4.0,703.4896242115549,4.093035992223266,1.2680000000000011,0.02292596735232958,1.2680000000000011,0.0,0.022917651,4.0
3.787163852975621,0.5534974658195309,4.0,704.8580811935186,4.0911098865291,1.2690000000000012,0.022925967335637665,1.269000000000001,0.0,0.022917651,4.0
3.7870081679377683,0.5551569645471207,4.0,706.2359225650176,4.089175268819034,1.2700000000000011,0.02292596731873048,1.2700000000000011,0.0,0.022917651,4.0
3.786849715056948,0.5568113002121613,4.0,707.6283805144818,4.087234742648146,1.2710000000000012,0.022925967298323045,1.271000000000001,0.0,0.022917651,4.0
3.786688874614017,0.558464620660644,4.0,709.0306967342578,4.0852856817387515,1.2720000000000011,0.022925967277636666,1.2720000000000011,0.0,0.022917651,4.0
3.786530868576921,0.560114044082567,4.0,710.4451764435511,4.083351857051402,1.273000000000001,0.02292596727079154,1.273000000000001,0.0,0.022917651,4.0
3.786370510420511,0.561762466175595,4.0,711.8695623960127,4.081409625253141,1.2740000000000014,0.022925967265046258,1.2740000000000011,0.0,0.022917651,4.0
3.786200028900338,0.5633996295083796,4.0,713.3173870146499,4.07943815876792,1.2750000000000012,0.02292596724962855,1.275000000000001,0.0,0.022917651,4.0
3.786026340563707,0.5650357562491575,4.0,714.7763633151442,4.077454901235931,1.2760000000000011,0.022925967232946407,1.2760000000000011,0.0,0.022917651,4.0
3.785841398396674,0.5666743814815595,4.0,716.25541487374,4.075424117932531,1.2770000000000008,0.022925967211354085,1.277000000000001,0.0,0.022917651,4.0
3.7856531379874454,0.5683115568033641,4.0,717.7455942540178,4.073381515374654,1.2780000000000014,0.022925967193651847,1.2780000000000011,0.0,0.022917651,4.0
3.785459114715028,0.5699450781841828,4.0,719.24993163847,4.071319529140248,1.279000000000001,0.022925967190155504,1.279000000000001,0.0,0.022917651,4.0
3.7852612847111597,0.571580573002618,4.0,720.7835275405084,4.069240338682172,1.2800000000000011,0.022925967179893158,1.2800000000000011,0.0,0.022917651,4.0
3.785059425116628,0.5732185859989469,4.0,722.3497295915874,4.067142507140901,1.281000000000001,0.02292596716181126,1.281000000000001,0.0,0.022917651,4.0
3.784853391725301,0.5748436651027146,4.0,723.9448380376797,4.065040915222311,1.2820000000000011,0.022925967142783454,1.2820000000000011,0.0,0.022917651,4.0
3.7846441624528344,0.5764642844613304,4.0,725.5581252660882,4.062931000350187,1.283000000000001,0.022925967124818022,1.283000000000001,0.0,0.022917651,4.0
3.784432207653454,0.5780837777156482,4.0,727.1904420121214,4.060811313722794,1.2840000000000011,0.02292596711909132,1.2840000000000011,0.0,0.022917651,4.0
3.7842173606457004,0.5797026126279793,4.0,728.8387768397303,4.058680712313695,1.285000000000001,0.022925967114337902,1.285000000000001,0.0,0.022917651,4.0
3.783999608492045,0.5813209047971951,4.0,730.5035981337232,4.056539027816986,1.2860000000000011,0.02292596711009496,1.2860000000000011,0.0,0.022917651,4.0
3.783779798120331,0.582938786230577,4.0,732.1861696029555,4.0543895184650935,1.2870000000000013,0.02292596709448696,1.287000000000001,0.0,0.022917651,4.0
3.7835572982367873,0.5845565276218974,4.0,733.8846988957115,4.052229394380416,1.2880000000000011,0.022925967080117026,1.2880000000000011,0.0,0.022917651,4.0
3.783332118509165,0.5861749608507267,4.0,735.6019019548289,4.050057868641022,1.289000000000001,0.022925967074302323,1.289000000000001,0.0,0.022917651,4.0
3.783104083856004,0.5877966025016195,4.0,737.3431227585444,4.047871718126052,1.2900000000000011,0.022925967059984825,1.2900000000000011,0.0,0.022917651,4.0
3.782873588032421,0.5894200003986549,4.0,739.1027604529744,4.045673965660088,1.2910000000000008,0.022925967043338637,1.291000000000001,0.0,0.022917651,4.0
3.782641796219508,0.5910474328928677,4.0,740.8805411969336,4.043466981181137,1.2920000000000011,0.022925967038474087,1.2920000000000011,0.0,0.022917651,4.0
3.78240974596,0.5926798506093461,4.0,742.6964108911176,4.041253981061425,1.293000000000001,0.022925967033300198,1.293000000000001,0.0,0.022917651,4.0
3.7821764493346604,0.5943156574231803,4.0,744.5447137356254,4.039032608515969,1.2940000000000011,0.02292596702792304,1.2940000000000011,0.0,0.022917651,4.0
3.781938255345,0.5959478053305073,4.0,746.452832957552,4.036795306799324,1.295000000000001,0.022925967023179554,1.295000000000001,0.0,0.022917651,4.0
3.7816984037421615,0.5975923319749235,4.0,748.3796409336296,4.034538998036534,1.2960000000000012,0.022925967016546037,1.2960000000000012,0.0,0.022917651,4.0
3.7814561201343158,0.599247244249361,4.0,750.3242311773395,4.032262575858043,1.297000000000001,0.022925967008917855,1.297000000000001,0.0,0.022917651,4.0
3.781202893441459,0.6009108793932667,4.0,752.2872394450098,4.029933640808053,1.2980000000000012,0.022925967004974485,1.2980000000000012,0.0,0.022917651,4.0
3.780949300732169,0.6025922884032878,4.0,754.2712742853967,4.027585483328789,1.299000000000001,0.02292596699915407,1.299000000000001,0.0,0.022917651,4.0
3.7806958135759285,0.6042911271999709,4.0,756.275374050362,4.025220324570406,1.3000000000000012,0.022925966992150333,1.3000000000000012,0.0,0.022917651,4.0
3.780524649367639,0.6058501046766257,4.0,757.8597813508048,4.023298535314969,1.301000000000001,0.022925967022157837,1.301000000000001,0.0,0.022917651,4.0
3.7803541256453235,0.6074186556481183,4.0,759.4532816406654,4.021369735532748,1.3020000000000012,0.022925967056470837,1.3020000000000012,0.0,0.022917651,4.0
3.7801851987682213,0.6090016085551769,4.0,761.056615626734,4.019432922768017,1.3030000000000013,0.022925967097479072,1.303000000000001,0.0,0.022917651,4.0
3.780018525465358,0.6106082733871037,4.0,762.6946901287404,4.017481414084886,1.3040000000000014,0.022925967133690186,1.3040000000000012,0.0,0.022917651,4.0
3.7798540906320413,0.6122386172145067,4.0,764.3668170117996,4.0155151818982295,1.305000000000001,0.02292596716500455,1.305000000000001,0.0,0.022917651,4.0
3.7796937228122043,0.6138964979984581,4.0,766.0611101120938,4.013537671419791,1.3060000000000012,0.02292596719428932,1.3060000000000012,0.0,0.022917651,4.0
3.7795359431441096,0.615574858471706,4.0,767.7734604737723,4.011550027267854,1.307000000000001,0.02292596722207132,1.307000000000001,0.0,0.022917651,4.0
3.7793846453157562,0.6172925157361042,4.0,769.5008891174527,4.009549022594062,1.3080000000000014,0.022925967249386364,1.3080000000000012,0.0,0.022917651,4.0
3.779236697732192,0.6190345322474362,4.0,771.2408559698549,4.00753706481331,1.309000000000001,0.022925967276340817,1.309000000000001,0.0,0.022917651,4.0
3.779096463172733,0.6208292643877577,4.0,772.9983829347583,4.005503247043824,1.3100000000000014,0.02292596730288976,1.3100000000000012,0.0,0.022917651,4.0
3.7789602691585853,0.6226561524834313,4.0,774.7700916026128,4.003453437685307,1.3110000000000013,0.02292596732911601,1.311000000000001,0.0,0.022917651,4.0
3.7788354811205243,0.624557094903846,4.0,776.5725175073972,4.001375193048104,1.3120000000000012,0.022925967347855236,1.3120000000000012,0.0,0.022917651,4.0
3.7787177192060297,0.6265072763377416,4.0,778.3979729267002,3.9992758107247095,1.313000000000001,0.02292596736182809,1.313000000000001,0.0,0.022917651,4.0
3.778615909640643,0.6285548537416221,4.0,780.2780690355519,3.9971428368831634,1.3140000000000014,0.022925967375794325,1.3140000000000012,0.0,0.022917651,4.0
3.778526153822722,0.6306782032585451,4.0,782.201440781178,3.9949823019828754,1.315000000000001,0.022925967389755605,1.315000000000001,0.0,0.022917651,4.0
3.778456438511045,0.6329177320056742,4.0,784.1497557207687,3.9927857563779323,1.3160000000000014,0.02292596740371689,1.3160000000000012,0.0,0.022917651,4.0
3.7784033464586564,0.6352550002936741,4.0,786.121264676063,3.9905579699179405,1.317000000000001,0.022925967417678172,1.317000000000001,0.0,0.022917651,4.0
3.7783806582073702,0.6377614171139989,4.0,788.1277832884109,3.9882826448750297,1.3180000000000014,0.02292596743163946,1.3180000000000012,0.0,0.022917651,4.0
3.7783743040747226,0.6403623159938919,4.0,790.1590130647352,3.985978171436583,1.319000000000001,0.02292596744560074,1.319000000000001,0.0,0.022917651,4.0
3.7784312642203894,0.6433060083724843,4.0,792.4404727248318,3.983584180904193,1.3200000000000014,0.02292596745956202,1.3200000000000012,0.0,0.022917651,4.0
3.7785364846899796,0.6464866714121714,4.0,794.9582806147607,3.9811462438441882,1.3210000000000013,0.02292596747352331,1.321000000000001,0.0,0.022917651,4.0
3.7787100567167604,0.6500101501115839,4.0,797.78198051313,3.978638900419004,1.3220000000000012,0.022925967487484593,1.3220000000000012,0.0,0.022917651,4.0
3.778968803537238,0.65395986350221,4.0,800.9698744544224,3.9760460104218907,1.323000000000001,0.022925967501445873,1.323000000000001,0.0,0.022917651,4.0
3.7793517303748176,0.6585217509226728,4.0,804.6720631519494,3.973337679642443,1.3240000000000014,0.02292596751540716,1.3240000000000012,0.0,0.022917651,4.0
3.779905079754359,0.663946694107141,4.0,809.06164863604,3.9704479902867518,1.325000000000001,0.022925967529368443,1.325000000000001,0.0,0.022917651,4.0
3.7807099956672414,0.6706448605735653,4.0,814.4896204268795,3.9672913334665694,1.3260000000000012,0.022925967543329727,1.3260000000000012,0.0,0.022917651,4.0
3.7818538163391837,0.6791947087981701,4.0,821.3781084197008,3.963638617666568,1.327000000000001,0.022925967557291014,1.327000000000001,0.0,0.022917651,4.0
3.783673780736393,0.6912750875245333,4.0,831.0747472923968,3.9591599468530663,1.3280000000000012,0.022925967571252294,1.3280000000000012,0.0,0.022917651,4.0
3.7868805076962047,0.7113493683192604,4.0,846.7939735036756,3.952234409350232,1.329000000000001,0.022925967585213574,1.329000000000001,0.0,0.022917651,4.0
3.794694385095039,0.7652422332411185,4.0,875.8358332900988,3.9299188981792645,1.330000000000001,0.022925967599174858,1.3300000000000012,0.0,0.022917651,4.0
3.787678804015929,0.792115813058833,4.0,881.5153462786409,3.8753048515992305,1.331000000000001,0.022925967613136145,1.331000000000001,0.0,0.022917651,4.0
3.7837229294533814,0.7953257021376383,4.0,886.1945582520304,3.856593302850274,1.3320000000000014,0.022925967627097428,1.3320000000000012,0.0,0.022917651,4.0
3.781280009472429,0.7970828416526771,4.0,890.9527429846198,3.845386341375499,1.3330000000000013,0.02292596764562172,1.333000000000001,0.0,0.022917651,4.0
3.7790522105660225,0.7982128903143428,4.0,895.7972392364403,3.835666935877367,1.3340000000000012,0.02292596774166502,1.3340000000000012,0.0,0.022917651,4.0
3.7767991348741212,0.7987544180594857,4.0,900.7479059282268,3.8264349474532393,1.335000000000001,0.022925968063739727,1.335000000000001,0.0,0.022917651,4.0
3.774429191891578,0.7986069295781442,4.0,905.7715541113309,3.8174245140380316,1.3360000000000014,0.022925968704091217,1.3360000000000012,0.0,0.022917651,4.0
3.7718331318975817,0.7976242110184042,4.0,910.8478887393246,3.808344848695423,1.337000000000001,0.022925969956049952,1.337000000000001,0.0,0.022917651,4.0
3.7689300501161833,0.7955108835157464,4.0,915.9368629029267,3.79916770013419,1.3380000000000014,0.022925973405575322,1.3380000000000012,0.0,0.022917651,4.0
3.765649858696555,0.7918736292931587,4.0,921.0148215489766,3.7900060219282814,1.3390000000000009,0.022925979973851675,1.339000000000001,0.0,0.022917651,4.0
3.7618986923466493,0.7862593851197058,4.0,926.0507978385017,3.7809374515456313,1.3400000000000012,0.022925995639216115,1.3400000000000012,0.0,0.022917651,4.0
3.757619855477438,0.7781312107166233,4.0,931.006310050918,3.772272126121923,1.341000000000001,0.02292603847542977,1.341000000000001,0.0,0.022917651,4.0
3.752815018043585,0.767135570902764,4.0,935.8450985781192,3.7643702614182426,1.3420000000000014,0.02292616332419384,1.3420000000000012,0.0,0.022917651,4.0
3.747518981740862,0.7531031925125502,4.0,940.5232267730509,3.757540337143898,1.343000000000001,0.022926552092329456,1.343000000000001,0.0,0.022917651,4.0
3.741916026711048,0.7366612092761606,4.0,944.9914933691422,3.7518923428388202,1.3440000000000012,0.022927844192237857,1.3440000000000012,0.0,0.022917651,4.0
3.7362980511633963,0.7194422822019058,4.0,949.203063978085,3.7469612182042327,1.345000000000001,0.022932454690068445,1.345000000000001,0.0,0.022917651,4.0
3.7308429452781033,0.70315504591855,4.0,953.193170582535,3.74174988582426,1.3460000000000012,0.022945981979352662,1.3460000000000012,0.0,0.022917651,4.0
3.725672634517841,0.6888628638108557,4.0,957.0528610850184,3.735682672201731,1.347000000000001,0.02297075964888658,1.347000000000001,0.0,0.022917651,4.0
3.7209451993645697,0.6775321964499611,4.0,960.8171913089844,3.72842543287552,1.3480000000000012,0.023006437239802818,1.3480000000000012,0.0,0.022917651,4.0
3.716788942751099,0.6699105145495674,4.0,964.4987170840814,3.719743951649097,1.349000000000001,0.02305586495103579,1.349000000000001,0.0,0.022917651,4.0
3.713198793131971,0.6660146843277636,4.0,968.1208988192333,3.7096010242968673,1.3500000000000012,0.023118276133754237,1.3500000000000012,0.0,0.022917651,4.0
3.7100186918547813,0.6652742477611022,4.0,971.7293940411347,3.6979429055801036,1.3510000000000013,0.023201769427147207,1.351000000000001,0.0,0.022917651,4.0
3.7071693524306317,0.6674658508395426,4.0,975.3712210492715,3.6846757735748987,1.3520000000000014,0.02331307366660519,1.3520000000000012,0.0,0.022917651,4.0
3.7045634268419816,0.6721774622920438,4.0,979.0903242892031,3.6698623188102326,1.3530000000000013,0.023448523786218714,1.353000000000001,0.0,0.022917651,4.0
3.7021536453230186,0.6793698748280297,4.0,982.9215517950784,3.6533526204969964,1.3540000000000014,0.023616198809761152,1.3540000000000012,0.0,0.022917651,4.0
3.699975958844391,0.6891798208957896,4.0,986.8910674274505,3.635153788648993,1.355000000000001,0.023818408739447502,1.355000000000001,0.0,0.022917651,4.0
3.6980610193663157,0.7014367371303427,4.0,991.0190695369203,3.6155589617998545,1.3560000000000012,0.02405999560979327,1.3560000000000012,0.0,0.022917651,4.0
3.6964249845733925,0.7155491431558287,4.0,995.3198956338209,3.595224263312746,1.3570000000000009,0.02434235801509406,1.357000000000001,0.0,0.022917651,4.0
3.6950749195079444,0.7309172790829658,4.0,999.8167442776676,3.5747777098005846,1.3580000000000014,0.0246628969142714,1.3580000000000012,0.0,0.022917651,4.0
3.69395169062755,0.7468542394946319,4.0,1004.5396216372346,3.5546696684522856,1.3590000000000013,0.02500910032063281,1.359000000000001,0.0,0.022917651,4.0
3.692995379614976,0.763087032030617,4.0,1009.4934331454215,3.5349334836271926,1.3600000000000012,0.025343988545203578,1.3600000000000012,0.0,0.022917651,4.0
3.6920653430393373,0.7803377997768807,4.0,1014.6802754323243,3.5142844199853425,1.361000000000001,0.025772272290907276,1.361000000000001,0.0,0.022917651,4.0
3.6910319878716757,0.8001439789069265,4.0,1020.1300512968364,3.4906666616471904,1.3620000000000014,0.02632683975652311,1.3620000000000012,0.0,0.022917651,4.0
3.690013856062961,0.8218197284374227,4.0,1025.9066706439653,3.465240236778126,1.3630000000000013,0.02693754103583095,1.363000000000001,0.0,0.022917651,4.0
3.68908540891691,0.8437893423072391,4.0,1032.0661030289705,3.4398786955786744,1.3640000000000012,0.02757085769374825,1.3640000000000012,0.0,0.022917651,4.0
3.6882237166528498,0.8662612635069651,4.0,1038.6281986948977,3.414281839858961,1.365000000000001,0.02827818968909595,1.365000000000001,0.0,0.022917651,4.0
3.6873641766400533,0.8896999952433419,4.0,1045.6232291380888,3.387726796475734,1.3660000000000012,0.02897670735757121,1.3660000000000012,0.0,0.022917651,4.0
3.686496874623787,0.9142172628043453,4.0,1053.0951110530423,3.360062154675379,1.367000000000001,0.029661151798778512,1.367000000000001,0.0,0.022917651,4.0
3.6856015243885345,0.9399651930605023,4.0,1061.1073235456,3.331054675749601,1.3680000000000012,0.03037575481813332,1.3680000000000012,0.0,0.022917651,4.0
3.684654192493435,0.9669444379614055,4.0,1069.7098811811788,3.300607955973216,1.3690000000000013,0.03104764762910079,1.369000000000001,0.0,0.022917651,4.0
3.6836444287747625,0.9954168634511095,4.0,1078.9761083299363,3.2684183179113138,1.3700000000000014,0.03168122744752969,1.3700000000000012,0.0,0.022917651,4.0
3.682550819205798,1.025519668221137,4.0,1088.9891320701408,3.2342629285702795,1.371000000000001,0.032276783936244655,1.371000000000001,0.0,0.022917651,4.0
3.681330649942747,1.0574931578407456,4.0,1099.855065732207,3.1977306074942047,1.3720000000000014,0.03282795418041765,1.3720000000000012,0.0,0.022917651,4.0
3.6800092099575523,1.0917028097559442,4.0,1111.7043442879287,3.158557038335443,1.3730000000000013,0.03326518905256559,1.373000000000001,0.0,0.022917651,4.0
3.6785463290445364,1.1283853134457422,4.0,1124.7273152009448,3.1163448647130867,1.3740000000000012,0.03368088168164328,1.3740000000000012,0.0,0.022917651,4.0
3.67688267904241,1.1679762934623432,4.0,1139.1200205173677,3.0704211199032065,1.375000000000001,0.033991590028540485,1.375000000000001,0.0,0.022917651,4.0
3.675019312271853,1.2110365560854257,4.0,1155.157430883696,3.020229235731338,1.3760000000000012,0.03426869258051266,1.3760000000000012,0.0,0.022917651,4.0
3.672900114528243,1.2582241803042118,4.0,1173.1760810634696,2.964886687476558,1.3770000000000011,0.034483292698935145,1.3770000000000011,0.0,0.022917651,4.0
3.6704250590266394,1.31042542444001,4.0,1193.66069903082,2.903107048561855,1.3780000000000012,0.03462266504772767,1.3780000000000012,0.0,0.022917651,4.0
3.6675471041288423,1.3690352978512925,4.0,1217.9693661306833,2.8333072157000285,1.3790000000000011,0.034691699046532576,1.3790000000000011,0.0,0.022917651,4.0
3.6642288694998713,1.433571893510812,4.0,1249.3388496086613,2.755819523481688,1.3800000000000012,0.03470784113575068,1.3800000000000012,0.0,0.022917651,4.0
3.660389033507977,1.505889870554725,4.0,1289.4670393943527,2.668464044543066,1.3810000000000011,0.034703160140925796,1.3810000000000011,0.0,0.022917651,4.0
3.655484585583995,1.59353986776243,4.0,1342.977917306456,2.5615181108336635,1.3820000000000012,0.03469847914610092,1.3820000000000012,0.0,0.022917651,4.0
3.6496534289302307,1.693457902828626,4.0,1417.5566320001058,2.4385972789107466,1.3830000000000011,0.034693798151276045,1.3830000000000011,0.0,0.022917651,4.0
3.6485989611870067,1.7173486348491243,4.0,1518.887982088599,2.410810543894997,1.3840000000000012,0.03468911715645116,1.3840000000000012,0.0,0.022917651,4.0
3.6433038680861545,1.805331285194893,4.0,1650.4639753376375,2.301969363010922,1.3850000000000011,0.03468443616162628,1.3850000000000011,0.0,0.022917651,4.0
3.632936263395691,1.965157896279932,4.0,1859.7075975751281,2.100994171113098,1.3860000000000012,0.0346797551668014,1.3860000000000012,0.0,0.022917651,4.0
3.6173658293530817,2.1914734090214476,4.0,2246.0229167298776,1.812718764747187,1.3870000000000011,0.03467507417197653,1.3870000000000011,0.0,0.022917651,4.0
3.5883545269275317,2.579015162180254,4.0,3264.7248208757183,1.3094536629652853,1.3880000000000012,0.03467039317715165,1.3880000000000012,0.0,0.022917651,4.0
