log_Teff,LogL_lsun,Age_gyr,Step,Log_g,Mass_msun,feh,Mass_input,Metallicity_input,Z_used,Age_input
3.540400060659213,-1.9277733855456132,0.15,265.7913968934875,4.959279712179311,0.3000000000000002,0.022950286102616135,0.30000000000000016,0.0,0.022917651,0.15
3.540574522876492,-1.9253702412133493,0.15,265.73629900991773,4.958823803628136,0.30100000000000016,0.022950159435286895,0.30100000000000016,0.0,0.022917651,0.15
3.5407490342786248,-1.9229676859625948,0.15,265.6813886019214,4.958368680906795,0.30200000000000016,0.02295003098012938,0.30200000000000016,0.0,0.022917651,0.15
3.540923595040916,-1.9205657218929675,0.15,265.626666337703,4.957914346816159,0.30300000000000016,0.022949900730771362,0.30300000000000016,0.0,0.022917651,0.15
3.541098205339505,-1.9181643511140738,0.15,265.57213288864654,4.9574608041704264,0.30400000000000016,0.022949768680810324,0.30400000000000016,0.0,0.022917651,0.15
3.541272865351372,-1.9157635757455709,0.15,265.517788929334,4.957008055797201,0.30500000000000016,0.022949634823813212,0.30500000000000016,0.0,0.022917651,0.15
3.5414475752543386,-1.9133633979172242,0.15,265.46363513756484,4.956556104537574,0.30600000000000016,0.022949499153316313,0.30600000000000016,0.0,0.022917651,0.15
3.5416223352270784,-1.91096381976897,0.15,265.40967219437476,4.956104953246201,0.3070000000000001,0.022949361662825057,0.30700000000000016,0.0,0.022917651,0.15
3.541797145449116,-1.9085648434509728,0.15,265.35590078405545,4.955654604791384,0.3080000000000002,0.022949222345813806,0.30800000000000016,0.0,0.022917651,0.15
3.541972185252943,-1.9061535237703455,0.15,265.2997940339032,4.9551928314946,0.30900000000000016,0.02294908319631728,0.30900000000000016,0.0,0.022917651,0.15
3.5421477686983627,-1.9037056139971937,0.15,265.23670485267473,4.954696643207734,0.3100000000000002,0.022948948066372637,0.31000000000000016,0.0,0.022917651,0.15
3.5423233644558367,-1.9012586033277448,0.15,265.1740039685143,4.954201403273481,0.31100000000000017,0.022948811218403812,0.31100000000000017,0.0,0.022917651,0.15
3.5424989726226084,-1.898812498863431,0.15,265.1116944483265,4.953707119182259,0.3120000000000001,0.022948672638841254,0.31200000000000017,0.0,0.022917651,0.15
3.542674593296951,-1.896367307780668,0.15,265.0497793913994,4.9532137985035725,0.31300000000000017,0.022948532313972134,0.31300000000000017,0.0,0.022917651,0.15
3.5428502265781763,-1.8939230373318476,0.15,264.98826192983233,4.952721448887071,0.31400000000000017,0.022948390229938442,0.31400000000000017,0.0,0.022917651,0.15
3.5430258725666492,-1.891479694846345,0.15,264.92714522897205,4.9522300780635975,0.3150000000000002,0.02294824637273508,0.31500000000000017,0.0,0.022917651,0.15
3.5432015313638057,-1.8890372877315433,0.15,264.86643248785487,4.951739693846278,0.3160000000000002,0.02294810072820788,0.31600000000000017,0.0,0.022917651,0.15
3.5433772030721613,-1.8865958234738749,0.15,264.8061269396558,4.951250304131622,0.31700000000000017,0.02294795328205162,0.31700000000000017,0.0,0.022917651,0.15
3.5435528877953315,-1.8841553096398784,0.15,264.7462318521455,4.950761916900626,0.31800000000000017,0.022947804019808015,0.31800000000000017,0.0,0.022917651,0.15
3.5437285856380414,-1.8817157538772717,0.15,264.6867505281537,4.950274540219917,0.3190000000000002,0.022947652926863668,0.3190000000000002,0.0,0.022917651,0.15
3.543904296706142,-1.8792771639160457,0.15,264.6276863060415,4.949788182242901,0.3200000000000002,0.022947499988447972,0.3200000000000002,0.0,0.022917651,0.15
3.544080021106628,-1.876839547569572,0.15,264.5690425601796,4.949302851210931,0.32100000000000023,0.022947345189630982,0.3210000000000002,0.0,0.022917651,0.15
3.5442557589476507,-1.8744029127357302,0.15,264.5108227014356,4.948818555454497,0.32200000000000023,0.022947188515321286,0.3220000000000002,0.0,0.022917651,0.15
3.5444315103385344,-1.8719672673980552,0.15,264.4530301776687,4.948335303394438,0.32300000000000023,0.022947029950263795,0.3230000000000002,0.0,0.022917651,0.15
3.544607275389791,-1.8695326196268998,0.15,264.3956684742327,4.947853103543164,0.3240000000000002,0.02294686947903753,0.3240000000000002,0.0,0.022917651,0.15
3.54478305421314,-1.8670989775806188,0.15,264.33874111448665,4.947371964505907,0.3250000000000002,0.022946707086053352,0.3250000000000002,0.0,0.022917651,0.15
3.5449588469215203,-1.8646663495067715,0.15,264.2822516603145,4.946891894981993,0.3260000000000002,0.022946542755551667,0.3260000000000002,0.0,0.022917651,0.15
3.5451346536291095,-1.8622347437433444,0.15,264.2262037126534,4.9464129037661255,0.3270000000000002,0.022946376471600097,0.3270000000000002,0.0,0.022917651,0.15
3.5453104744513415,-1.8598041687199949,0.15,264.1706009120299,4.945934999749701,0.32800000000000024,0.0229462082180911,0.3280000000000002,0.0,0.022917651,0.15
3.545486309504921,-1.8573746329593122,0.15,264.1154469391057,4.945458191922139,0.32900000000000024,0.022946037978739554,0.3290000000000002,0.0,0.022917651,0.15
3.545662158907845,-1.8549461450781033,0.15,264.06074551523255,4.944982489372236,0.3300000000000002,0.02294586573708029,0.3300000000000002,0.0,0.022917651,0.15
3.5458380227794173,-1.8525187137886994,0.15,264.0065004030157,4.944507901289546,0.3310000000000001,0.022945691476465628,0.3310000000000002,0.0,0.022917651,0.15
3.546013901240267,-1.8500923479002807,0.15,263.95271540688736,4.9440344369657785,0.33200000000000024,0.022945515180062825,0.3320000000000002,0.0,0.022917651,0.15
3.5461897944123706,-1.8476670563202278,0.15,263.8993943736893,4.943562105796219,0.33300000000000024,0.022945336830851492,0.3330000000000002,0.0,0.022917651,0.15
3.546365702419066,-1.845242848055494,0.15,263.84654119326575,4.943090917281181,0.3340000000000002,0.02294515641162097,0.3340000000000002,0.0,0.022917651,0.15
3.546541625385074,-1.8428197322139994,0.15,263.7941597990661,4.94262088102748,0.33500000000000024,0.02294497390496768,0.3350000000000002,0.0,0.022917651,0.15
3.5467175634365185,-1.8403977180060496,0.15,263.74225416875674,4.942152006749917,0.3360000000000002,0.022944789293292397,0.3360000000000002,0.0,0.022917651,0.15
3.5468935167009428,-1.8379768147457802,0.15,263.6908283248455,4.941684304272818,0.3370000000000002,0.022944602558797492,0.3370000000000002,0.0,0.022917651,0.15
3.5470694853073357,-1.8355570318526222,0.15,263.6398863353139,4.941217783531565,0.3380000000000002,0.022944413683484138,0.3380000000000002,0.0,0.022917651,0.15
3.5472454693861453,-1.8331383788527955,0.15,263.5894323142628,4.940752454574186,0.3390000000000002,0.022944222649149467,0.3390000000000002,0.0,0.022917651,0.15
3.5474214690693047,-1.8307208653808253,0.15,263.53947042256704,4.940288327562939,0.3400000000000002,0.02294402943738363,0.3400000000000002,0.0,0.022917651,0.15
3.547597484490249,-1.8283045011810866,0.15,263.4900048685422,4.939825412775955,0.34100000000000025,0.02294383402956691,0.3410000000000002,0.0,0.022917651,0.15
3.547773515783942,-1.8258892961093738,0.15,263.441039908623,4.939363720608885,0.3420000000000002,0.022943636406866665,0.3420000000000002,0.0,0.022917651,0.15
3.5479495630868922,-1.8234752601344983,0.15,263.3925798480525,4.938903261576585,0.3430000000000002,0.0229434365502343,0.3430000000000002,0.0,0.022917651,0.15
3.5481256265371806,-1.8210624033399125,0.15,263.3446290415844,4.938444046314837,0.34400000000000014,0.022943234440402176,0.3440000000000002,0.0,0.022917651,0.15
3.5483017062744784,-1.8186507359253623,0.15,263.29719189419626,4.937986085582083,0.34500000000000014,0.02294303005788041,0.3450000000000002,0.0,0.022917651,0.15
3.548477802440074,-1.8162402682085708,0.15,263.2502728618156,4.937529390261204,0.34600000000000025,0.022942823382953715,0.3460000000000002,0.0,0.022917651,0.15
3.5486539151768937,-1.8138310106269435,0.15,263.20387645205915,4.937073971361324,0.34700000000000014,0.022942614395678105,0.3470000000000002,0.0,0.022917651,0.15
3.548830044629528,-1.8114229737393162,0.15,263.15800722498415,4.936619840019639,0.3480000000000002,0.02294240307587755,0.3480000000000002,0.0,0.022917651,0.15
3.5490061909442514,-1.80901616822772,0.15,263.1126697938533,4.936167007503299,0.3490000000000002,0.02294218940314063,0.3490000000000002,0.0,0.022917651,0.15
3.549182354269054,-1.8066106048991863,0.15,263.06786882591297,4.935715485211294,0.3500000000000002,0.022941973356817066,0.3500000000000002,0.0,0.022917651,0.15
3.5493585347536607,-1.8042062946875792,0.15,263.0236090431853,4.935265284676399,0.3510000000000002,0.022941754916014225,0.3510000000000002,0.0,0.022917651,0.15
3.549534732549558,-1.8018032486554636,0.15,262.97989522327373,4.934816417567135,0.3520000000000002,0.022941534059593552,0.3520000000000002,0.0,0.022917651,0.15
3.549710902648221,-1.7993861095301589,0.15,262.93696311667753,4.934353346386997,0.35300000000000015,0.022941313517874585,0.3530000000000002,0.0,0.022917651,0.15
3.549886989087615,-1.7969432599594939,0.15,262.8950936287729,4.933864229788788,0.3540000000000002,0.02294109522991128,0.3540000000000002,0.0,0.022917651,0.15
3.550063060698876,-1.7945016583024698,0.15,262.8539364407515,4.9333763017871375,0.3550000000000002,0.022940874286869722,0.3550000000000002,0.0,0.022917651,0.15
3.5502391173169947,-1.7920613184461238,0.15,262.8134994792316,4.932889575608991,0.35600000000000026,0.02294065065920366,0.3560000000000002,0.0,0.022917651,0.15
3.550415158774503,-1.7896222544843114,0.15,262.77379078888157,4.932404064678281,0.35700000000000026,0.02294042431692682,0.3570000000000002,0.0,0.022917651,0.15
3.5505911849014304,-1.7871844807215687,0.15,262.73481853462516,4.931919782619606,0.35800000000000026,0.022940195229604665,0.3580000000000002,0.0,0.022917651,0.15
3.550767195525254,-1.7847480116770669,0.15,262.69659100389777,4.931436743261998,0.3590000000000002,0.022939963366346013,0.3590000000000002,0.0,0.022917651,0.15
3.5509431904708544,-1.7823128620886501,0.15,262.6591166089522,4.930954960642766,0.36000000000000015,0.022939728695794418,0.3600000000000002,0.0,0.022917651,0.15
3.5511191695604643,-1.7798790469169705,0.15,262.622403889218,4.930474449011439,0.3610000000000002,0.022939491186119394,0.3610000000000002,0.0,0.022917651,0.15
3.5512951326136175,-1.7774465813497131,0.15,262.5864615137131,4.929995222833784,0.3620000000000002,0.02293925080500741,0.3620000000000002,0.0,0.022917651,0.15
3.5514710794471007,-1.7750154808059184,0.15,262.5512982835123,4.929517296795929,0.36300000000000027,0.022939007519652704,0.3630000000000002,0.0,0.022917651,0.15
3.551647009874898,-1.7725857609404057,0.15,262.5169231342708,4.929040685808572,0.3640000000000002,0.02293876129674787,0.3640000000000002,0.0,0.022917651,0.15
3.551822923708138,-1.770157437648297,0.15,262.48334513880667,4.928565405011294,0.3650000000000002,0.022938512102474228,0.3650000000000002,0.0,0.022917651,0.15
3.551998820755038,-1.767730527069645,0.15,262.4505735097427,4.9280914697769616,0.36600000000000027,0.022938259902491973,0.3660000000000002,0.0,0.022917651,0.15
3.552174700820851,-1.7653050455941697,0.15,262.4186176022099,4.927618895716241,0.36700000000000016,0.022938004661930116,0.3670000000000002,0.0,0.022917651,0.15
3.5523505637078054,-1.7628810098661045,0.15,262.3874869166135,4.927147698682216,0.36800000000000027,0.02293774634537616,0.3680000000000002,0.0,0.022917651,0.15
3.552526409215045,-1.7604584367891545,0.15,262.357191101464,4.926677894775109,0.3690000000000002,0.02293748491686554,0.3690000000000002,0.0,0.022917651,0.15
3.5527022371385697,-1.758037343531576,0.15,262.32773995627446,4.926209500347117,0.3700000000000003,0.022937220339870844,0.3700000000000002,0.0,0.022917651,0.15
3.5528780472711756,-1.7556177475313675,0.15,262.2991434345262,4.925742532007356,0.37100000000000016,0.022936952577290743,0.3710000000000002,0.0,0.022917651,0.15
3.553053839402391,-1.7531996665015928,0.15,262.2714116467046,4.925277006626938,0.3720000000000002,0.022936681591438683,0.3720000000000002,0.0,0.022917651,0.15
3.5532296133184107,-1.7507831184358222,0.15,262.24455486340725,4.924812941344143,0.3730000000000002,0.022936407344031295,0.3730000000000002,0.0,0.022917651,0.15
3.5534053688020277,-1.7483681216137108,0.15,262.21858351852546,4.924350353569739,0.3740000000000002,0.022936129796176524,0.3740000000000002,0.0,0.022917651,0.15
3.553581105632571,-1.7459546946067037,0.15,262.19350821250333,4.923889260992415,0.3750000000000002,0.02293584890836152,0.3750000000000002,0.0,0.022917651,0.15
3.553756823585832,-1.7435428562838835,0.15,262.16933971567346,4.92342968158435,0.3760000000000002,0.022935564640440154,0.3760000000000002,0.0,0.022917651,0.15
3.553932522433994,-1.7411326258179562,0.15,262.1460889716748,4.922971633606914,0.3770000000000003,0.02293527695162032,0.3770000000000002,0.0,0.022917651,0.15
3.5541082019455583,-1.7387240226913825,0.15,262.12376710095214,4.922515135616506,0.37800000000000017,0.02293498580045086,0.3780000000000002,0.0,0.022917651,0.15
3.554283861885275,-1.7363170667026597,0.15,262.10238540434136,4.922060206470543,0.3790000000000002,0.022934691144808228,0.3790000000000002,0.0,0.022917651,0.15
3.554459502014058,-1.7339117779727558,0.15,262.08195536674197,4.921606865333583,0.3800000000000002,0.02293439294188276,0.3800000000000002,0.0,0.022917651,0.15
3.5546351220889143,-1.7315081769517005,0.15,262.06248866088004,4.921155131683602,0.3810000000000002,0.0229340911481647,0.3810000000000002,0.0,0.022917651,0.15
3.5548107218628586,-1.729106284425341,0.15,262.0439971511637,4.920705025318437,0.38200000000000023,0.022933785719429795,0.38200000000000023,0.0,0.022917651,0.15
3.5549863010848344,-1.7267061215222643,0.15,262.0264928976337,4.920256566362368,0.38300000000000023,0.02293347661072457,0.38300000000000023,0.0,0.022917651,0.15
3.5551618594996275,-1.724307709720888,0.15,262.00998816001265,4.919809775272879,0.38400000000000023,0.02293316377635125,0.38400000000000023,0.0,0.022917651,0.15
3.5553373968477815,-1.7219110708567336,0.15,261.99449540185464,4.919364672847584,0.38500000000000023,0.022932847169852274,0.38500000000000023,0.0,0.022917651,0.15
3.555512912865507,-1.7195162271298783,0.15,261.9800272947993,4.918921280231322,0.38600000000000023,0.022932526743994458,0.38600000000000023,0.0,0.022917651,0.15
3.5556884072845927,-1.7171232011125925,0.15,261.9665967229326,4.918479618923439,0.3870000000000003,0.022932202450752722,0.38700000000000023,0.0,0.022917651,0.15
3.5558638798323114,-1.7147320157571773,0.15,261.95421678725756,4.9180397107852425,0.3880000000000002,0.022931874241293438,0.38800000000000023,0.0,0.022917651,0.15
3.556039330231326,-1.7123426944039921,0.15,261.94290081027907,4.917601578047654,0.38900000000000023,0.022931542065957333,0.38900000000000023,0.0,0.022917651,0.15
3.556214758199589,-1.7099552607896917,0.15,261.9326623407044,4.9171652433190545,0.39000000000000024,0.022931205874241977,0.39000000000000024,0.0,0.022917651,0.15
3.5563901634502435,-1.707569739055674,0.15,261.923515158265,4.916730729593329,0.3910000000000003,0.022930865614783795,0.39100000000000024,0.0,0.022917651,0.15
3.5565655456915217,-1.7051861537567432,0.15,261.9154732786614,4.916298060258117,0.39200000000000024,0.022930521235339653,0.39200000000000024,0.0,0.022917651,0.15
3.5567409046266376,-1.702804529869996,0.15,261.90855095863606,4.915867259103281,0.3930000000000003,0.022930172682767935,0.39300000000000024,0.0,0.022917651,0.15
3.556916239953677,-1.7004248928039405,0.15,261.90276270117755,4.915438350329585,0.39400000000000024,0.022929819903009144,0.39400000000000024,0.0,0.022917651,0.15
3.5570906647050946,-1.698018442671005,0.15,261.898216635298,4.914978986463557,0.39500000000000024,0.022929464668683886,0.39500000000000024,0.0,0.022917651,0.15
3.557264362079152,-1.6955932366687982,0.15,261.8954553692141,4.914497957429438,0.39600000000000024,0.022929105534414594,0.39600000000000024,0.0,0.022917651,0.15
3.5574379681949795,-1.6931706171484975,0.15,261.8945956811175,4.9140191498484045,0.39700000000000024,0.022928740803242094,0.39700000000000024,0.0,0.022917651,0.15
3.557611481054784,-1.690750640732494,0.15,261.89567919971216,4.913542612351758,0.3980000000000003,0.022928370352640857,0.39800000000000024,0.0,0.022917651,0.15
3.5577848986020277,-1.6883333657080692,0.15,261.89874877772974,4.913068395000729,0.39900000000000024,0.022927994056482704,0.39900000000000024,0.0,0.022917651,0.15
3.557958218719258,-1.6859188520890467,0.15,261.9038485372506,4.912596549339421,0.40000000000000024,0.022927611784903375,0.40000000000000024,0.0,0.022917651,0.15
3.5582021582883896,-1.683238035460649,0.15,261.9611707505458,4.91186059110467,0.40100000000000025,0.022927598633409697,0.40100000000000025,0.0,0.022917651,0.15
3.5584460849603055,-1.6805572465803376,0.15,262.0184818845853,4.911124609029267,0.40200000000000025,0.022927585479801345,0.40200000000000025,0.0,0.022917651,0.15
3.558689998603627,-1.6778764857307746,0.15,262.07578182650747,4.910388602870355,0.40300000000000025,0.022927572324056785,0.40300000000000025,0.0,0.022917651,0.15
3.5589338990851815,-1.6751957531984756,0.15,262.1330704619124,4.909652572381762,0.4040000000000003,0.022927559166154177,0.40400000000000025,0.0,0.022917651,0.15
3.5591777862699763,-1.6725150492738738,0.15,262.19034767483595,4.908916517313954,0.40500000000000025,0.02292754600607139,0.40500000000000025,0.0,0.022917651,0.15
3.559421660021167,-1.6698343742513888,0.15,262.2476133477224,4.908180437413972,0.4060000000000003,0.022927532843785993,0.40600000000000025,0.0,0.022917651,0.15
3.5596655202000242,-1.6671537284294924,0.15,262.3048673613977,4.907444332425373,0.40700000000000025,0.02292751967927523,0.40700000000000025,0.0,0.022917651,0.15
3.559909366665903,-1.6644731121107816,0.15,262.3621095950409,4.906708202088173,0.40800000000000025,0.02292750651251604,0.40800000000000025,0.0,0.022917651,0.15
3.560153199276206,-1.6617925256020487,0.15,262.41933992615617,4.90597204613878,0.40900000000000025,0.02292749334348505,0.40900000000000025,0.0,0.022917651,0.15
3.560397017886354,-1.6591119692143548,0.15,262.4765582305432,4.905235864309938,0.41000000000000036,0.02292748017215855,0.41000000000000025,0.0,0.022917651,0.15
3.560640822349749,-1.6564314432631027,0.15,262.53376438226763,4.904499656330656,0.41100000000000025,0.0229274669985125,0.41100000000000025,0.0,0.022917651,0.15
3.5608846125177376,-1.653750948068115,0.15,262.5909582536306,4.903763421926149,0.41200000000000025,0.022927453822522533,0.41200000000000025,0.0,0.022917651,0.15
3.561128388239578,-1.6510704839537105,0.15,262.6481397151382,4.903027160817769,0.4130000000000003,0.02292744064416393,0.41300000000000026,0.0,0.022917651,0.15
3.561372149362401,-1.648390051248785,0.15,262.7053086354692,4.902290872722933,0.41400000000000026,0.022927427463411622,0.41400000000000026,0.0,0.022917651,0.15
3.561615895731173,-1.64570965028689,0.15,262.76246488144284,4.901554557355062,0.41500000000000026,0.022927414280240196,0.41500000000000026,0.0,0.022917651,0.15
3.5618596271886562,-1.6430292814063172,0.15,262.81960831798614,4.9008182144234995,0.4160000000000003,0.022927401094623868,0.41600000000000026,0.0,0.022917651,0.15
3.562103343575373,-1.640348944950182,0.15,262.87673880809996,4.9000818436334495,0.41700000000000037,0.022927387906536485,0.41700000000000026,0.0,0.022917651,0.15
3.562347044729561,-1.6376686412665107,0.15,262.9338562128243,4.899345444685893,0.41800000000000026,0.022927374715951535,0.41800000000000026,0.0,0.022917651,0.15
3.562590730487136,-1.6349883707083284,0.15,262.99096039120354,4.898609017277515,0.41900000000000026,0.022927361522842107,0.41900000000000026,0.0,0.022917651,0.15
3.562834400681649,-1.6323081336337477,0.15,263.0480512002501,4.897872561100636,0.4200000000000003,0.022927348327180904,0.42000000000000026,0.0,0.022917651,0.15
3.563078055144239,-1.6296279304060632,0.15,263.10512849490794,4.897136075843116,0.4210000000000003,0.02292733512894025,0.42100000000000026,0.0,0.022917651,0.15
3.5633216937035996,-1.6269477613938432,0.15,263.1621921280151,4.89639956118829,0.42200000000000026,0.022927321928092048,0.42200000000000026,0.0,0.022917651,0.15
3.563565316185925,-1.6242676269710274,0.15,263.21924195026486,4.895663016814875,0.4230000000000003,0.022927308724607805,0.42300000000000026,0.0,0.022917651,0.15
3.5638089224148666,-1.6215875275170242,0.15,263.2762778101671,4.894926442396891,0.4240000000000003,0.022927295518458606,0.42400000000000027,0.0,0.022917651,0.15
3.5640525122114872,-1.6189074634168112,0.15,263.33329955400797,4.8941898376035695,0.42500000000000027,0.02292728230961512,0.42500000000000027,0.0,0.022917651,0.15
3.564296085394216,-1.6162274350610382,0.15,263.39030702580885,4.893453202099276,0.4260000000000002,0.022927269098047553,0.42600000000000027,0.0,0.022917651,0.15
3.564539641778795,-1.6135474428461314,0.15,263.44730006728474,4.892716535543405,0.4270000000000003,0.022927255883725718,0.42700000000000027,0.0,0.022917651,0.15
3.564783181178231,-1.6108674871744002,0.15,263.50427851780114,4.891979837590299,0.4280000000000003,0.022927242666618945,0.42800000000000027,0.0,0.022917651,0.15
3.565026703402746,-1.6081875684541491,0.15,263.56124221433066,4.891243107889152,0.4290000000000003,0.02292722944669611,0.42900000000000027,0.0,0.022917651,0.15
3.5652702082597245,-1.605507687099787,0.15,263.61819099140797,4.89050634608391,0.4300000000000003,0.022927216223925646,0.43000000000000027,0.0,0.022917651,0.15
3.56551369555366,-1.602827843531943,0.15,263.67512468108436,4.8897695518131785,0.4310000000000003,0.022927202998275484,0.43100000000000027,0.0,0.022917651,0.15
3.5657571650860995,-1.6001480381775828,0.15,263.7320431128808,4.8890327247101135,0.4320000000000003,0.022927189769713092,0.4320000000000003,0.0,0.022917651,0.15
3.5660006166555887,-1.5974682714701298,0.15,263.78894611373994,4.888295864402326,0.4330000000000003,0.022927176538205443,0.4330000000000003,0.0,0.022917651,0.15
3.5662440500576174,-1.5947885438495877,0.15,263.8458335079776,4.887558970511775,0.4340000000000004,0.022927163303719,0.4340000000000003,0.0,0.022917651,0.15
3.566487465084557,-1.5921088557626624,0.15,263.90270511723236,4.886822042654656,0.43500000000000033,0.022927150066219707,0.4350000000000003,0.0,0.022917651,0.15
3.5667308615256026,-1.5894292076628955,0.15,263.95956076041466,4.886085080441297,0.43600000000000033,0.022927136825673017,0.4360000000000003,0.0,0.022917651,0.15
3.566974239166713,-1.5867496000107912,0.15,264.0164002536541,4.885348083476038,0.43700000000000033,0.022927123582043837,0.4370000000000003,0.0,0.022917651,0.15
3.5672175977905503,-1.5840700332739528,0.15,264.07322341024627,4.884611051357125,0.43800000000000033,0.02292711033529652,0.4380000000000003,0.0,0.022917651,0.15
3.567460937176409,-1.5813905079272186,0.15,264.1300300405975,4.883873983676586,0.4390000000000003,0.022927097085394883,0.4390000000000003,0.0,0.022917651,0.15
3.5677042571001576,-1.578711024452803,0.15,264.1868199521692,4.883136880020109,0.4400000000000002,0.022927083832302173,0.4400000000000003,0.0,0.022917651,0.15
3.56794755733417,-1.5760315833404417,0.15,264.2435929494201,4.882399739966925,0.44100000000000034,0.022927070575981076,0.4410000000000003,0.0,0.022917651,0.15
3.568190837647254,-1.5733521850875354,0.15,264.3003488337474,4.881662563089673,0.4420000000000003,0.022927057316393683,0.4420000000000003,0.0,0.022917651,0.15
3.5684340978045874,-1.5706728301993038,0.15,264.3570874034275,4.880925348954278,0.4430000000000003,0.022927044053501485,0.4430000000000003,0.0,0.022917651,0.15
3.5686773375676393,-1.5679935191889385,0.15,264.41380845355303,4.8801880971198175,0.4440000000000003,0.022927030787265375,0.4440000000000003,0.0,0.022917651,0.15
3.5689205566941027,-1.5653142525777608,0.15,264.4705117759711,4.8794508071383795,0.44500000000000034,0.022927017517645625,0.4450000000000003,0.0,0.022917651,0.15
3.5691637549378132,-1.5626350308953825,0.15,264.52719715921785,4.878713478554932,0.4460000000000003,0.02292700424460187,0.4460000000000003,0.0,0.022917651,0.15
3.56940693204868,-1.5599558546798735,0.15,264.58386438845304,4.877976110907174,0.4470000000000003,0.022926990968093117,0.4470000000000003,0.0,0.022917651,0.15
3.5696500877726,-1.5572767244779293,0.15,264.64051324539196,4.877238703725396,0.44800000000000034,0.022926977688077683,0.4480000000000003,0.0,0.022917651,0.15
3.5698932218513817,-1.554597640845046,0.15,264.69714350823637,4.876501256532326,0.4490000000000003,0.022926964404513243,0.4490000000000003,0.0,0.022917651,0.15
3.5701363340226577,-1.5519186043456965,0.15,264.75375495160324,4.875763768842979,0.4500000000000003,0.02292695111735678,0.4500000000000003,0.0,0.022917651,0.15
3.5703794240198072,-1.5492396155535142,0.15,264.8103473464524,4.875026240164497,0.4510000000000003,0.022926937826564586,0.4510000000000003,0.0,0.022917651,0.15
3.5706224915718634,-1.5465606750514782,0.15,264.8669204600116,4.874288669995999,0.4520000000000003,0.022926924532092215,0.4520000000000003,0.0,0.022917651,0.15
3.570865536403425,-1.5438817834321066,0.15,264.92347405570086,4.873551057828401,0.4530000000000003,0.02292691123389452,0.4530000000000003,0.0,0.022917651,0.15
3.571108558234569,-1.541202941297649,0.15,264.9800078930536,4.872813403144263,0.4540000000000003,0.022926897931925604,0.4540000000000003,0.0,0.022917651,0.15
3.5713515567807534,-1.5385241492602895,0.15,265.0365217276367,4.872075705417605,0.4550000000000003,0.022926884626138812,0.4550000000000003,0.0,0.022917651,0.15
3.5715945317527256,-1.5358454079423531,0.15,265.0930153109686,4.87133796411374,0.45600000000000035,0.022926871316486717,0.4560000000000003,0.0,0.022917651,0.15
3.571837482856419,-1.5331667179765138,0.15,265.14948839043507,4.870600178689084,0.4570000000000003,0.022926858002921102,0.4570000000000003,0.0,0.022917651,0.15
3.5720804097928593,-1.5304880800060132,0.15,265.20594070920276,4.869862348590976,0.4580000000000004,0.02292684468539295,0.4580000000000003,0.0,0.022917651,0.15
3.572323312258053,-1.5278094946848801,0.15,265.26237200613076,4.869124473257486,0.4590000000000003,0.022926831363852415,0.4590000000000003,0.0,0.022917651,0.15
3.5725661899428927,-1.5251309626781597,0.15,265.3187820156802,4.868386552117219,0.4600000000000003,0.022926818038248812,0.4600000000000003,0.0,0.022917651,0.15
3.572809042533038,-1.5224524846621441,0.15,265.3751704678208,4.867648584589118,0.4610000000000003,0.022926804708530604,0.4610000000000003,0.0,0.022917651,0.15
3.573051869708811,-1.5197740613246131,0.15,265.431537087936,4.866910570082254,0.4620000000000003,0.022926791374645376,0.4620000000000003,0.0,0.022917651,0.15
3.5732946711450833,-1.5170956933650779,0.15,265.48788159672495,4.866172507995621,0.4630000000000003,0.022926778036539818,0.4630000000000003,0.0,0.022917651,0.15
3.573537446511153,-1.5144173814950337,0.15,265.54420371010207,4.865434397717913,0.4640000000000003,0.022926764694159704,0.4640000000000003,0.0,0.022917651,0.15
3.573780195470631,-1.511739126438215,0.15,265.60050313909437,4.864696238627315,0.46500000000000036,0.022926751347449884,0.4650000000000003,0.0,0.022917651,0.15
3.574022917681315,-1.509060928930862,0.15,265.6567795897357,4.863958030091256,0.4660000000000003,0.022926737996354245,0.4660000000000003,0.0,0.022917651,0.15
3.5742656127950654,-1.5063827897219926,0.15,265.7130327629587,4.863219771466199,0.4670000000000003,0.02292672464081571,0.4670000000000003,0.0,0.022917651,0.15
3.5745082804576724,-1.5037047095736775,0.15,265.7692623544835,4.862481462097385,0.4680000000000003,0.022926711280776196,0.4680000000000003,0.0,0.022917651,0.15
3.5747509203087287,-1.5010266892613287,0.15,265.82546805470344,4.861743101318591,0.4690000000000003,0.022926697916176613,0.4690000000000003,0.0,0.022917651,0.15
3.5749935319814883,-1.4983487295739921,0.15,265.8816495485686,4.861004688451889,0.4700000000000003,0.022926684546956826,0.4700000000000003,0.0,0.022917651,0.15
3.575236115102728,-1.4956708313146478,0.15,265.9378065154649,4.860266222807369,0.4710000000000003,0.022926671173055642,0.4710000000000003,0.0,0.022917651,0.15
3.5754786692926057,-1.4929929953005192,0.15,265.99393862909136,4.859527703682889,0.47200000000000036,0.022926657794410776,0.4720000000000003,0.0,0.022917651,0.15
3.575721194164511,-1.4903152223633909,0.15,266.05004555733296,4.8587891303637925,0.4730000000000003,0.022926644410958846,0.4730000000000003,0.0,0.022917651,0.15
3.5759636893249134,-1.4876375133499342,0.15,266.10612696213104,4.858050502122637,0.4740000000000003,0.022926631022635324,0.4740000000000003,0.0,0.022917651,0.15
3.576206154373209,-1.484959869122041,0.15,266.16218249934917,4.857311818218902,0.4750000000000003,0.022926617629374525,0.4750000000000003,0.0,0.022917651,0.15
3.576448588901559,-1.4822822905571678,0.15,266.2182118186366,4.856573077898688,0.4760000000000003,0.02292660423110958,0.4760000000000003,0.0,0.022917651,0.15
3.576690992494726,-1.4796047785486894,0.15,266.2742145632867,4.855834280394428,0.4770000000000003,0.0229265908277724,0.4770000000000003,0.0,0.022917651,0.15
3.5769333647299058,-1.4769273340062596,0.15,266.3301903700928,4.855095424924563,0.4780000000000003,0.02292657741929367,0.4780000000000003,0.0,0.022917651,0.15
3.5771757051765536,-1.4742499578561856,0.15,266.3861388691988,4.854356510693226,0.47900000000000037,0.02292656400560279,0.4790000000000003,0.0,0.022917651,0.15
3.5774180133962066,-1.4715726510418108,0.15,266.442059683947,4.853617536889912,0.4800000000000003,0.022926550586627865,0.4800000000000003,0.0,0.022917651,0.15
3.5776602889423033,-1.4688954145239064,0.15,266.49795243072043,4.852878502689148,0.4810000000000003,0.022926537162295688,0.4810000000000003,0.0,0.022917651,0.15
3.5779025313599897,-1.4662182492810771,0.15,266.55381671878166,4.852139407250129,0.4820000000000003,0.022926523732531665,0.4820000000000003,0.0,0.022917651,0.15
3.5781447401859316,-1.4635411563101774,0.15,266.60965215010674,4.85140024971638,0.4830000000000003,0.022926510297259835,0.4830000000000003,0.0,0.022917651,0.15
3.578386914948116,-1.4608641366267374,0.15,266.66545831921485,4.850661029215374,0.4840000000000003,0.022926496856402804,0.4840000000000003,0.0,0.022917651,0.15
3.57862905516564,-1.4581871912654036,0.15,266.7212348129923,4.849921744858164,0.4850000000000003,0.02292648340988172,0.4850000000000003,0.0,0.022917651,0.15
3.57887116034851,-1.4555103212803904,0.15,266.77698121051253,4.849182395738984,0.4860000000000004,0.022926469957616245,0.4860000000000003,0.0,0.022917651,0.15
3.5791132299974193,-1.4528335277459439,0.15,266.83269708285025,4.848442980934864,0.4870000000000003,0.022926456499524503,0.4870000000000003,0.0,0.022917651,0.15
3.5793552636035293,-1.4501568117568215,0.15,266.88838199289086,4.847703499505208,0.4880000000000003,0.022926443035523075,0.4880000000000003,0.0,0.022917651,0.15
3.5795972606482374,-1.4474801744287835,0.15,266.9440354951337,4.846963950491374,0.4890000000000004,0.022926429565526926,0.4890000000000003,0.0,0.022917651,0.15
3.5798392206029463,-1.444803616899098,0.15,266.9996571354901,4.846224332916242,0.4900000000000003,0.022926416089449373,0.4900000000000003,0.0,0.022917651,0.15
3.580081142928818,-1.4421271403270632,0.15,267.05524645107585,4.845484645783768,0.4910000000000003,0.022926402607202086,0.4910000000000003,0.0,0.022917651,0.15
3.5803230270765263,-1.439450745894542,0.15,267.1108029699963,4.84474488807851,0.4920000000000003,0.02292638911869498,0.4920000000000003,0.0,0.022917651,0.15
3.580564872486001,-1.436774434806515,0.15,267.16632621112706,4.844005058765175,0.4930000000000004,0.022926375623836235,0.4930000000000003,0.0,0.022917651,0.15
3.580806678586161,-1.434098208291648,0.15,267.2218156838864,4.843265156788114,0.4940000000000003,0.022926362122532202,0.4940000000000003,0.0,0.022917651,0.15
3.5810484447946482,-1.4314220676028762,0.15,267.2772708880024,4.84252518107083,0.49500000000000033,0.02292634861468741,0.49500000000000033,0.0,0.022917651,0.15
3.581290170517541,-1.4287460140180073,0.15,267.3326913132719,4.84178513051545,0.4960000000000004,0.022926335100204476,0.49600000000000033,0.0,0.022917651,0.15
3.5815318551490694,-1.4260700488403415,0.15,267.3880764393133,4.841045004002206,0.49700000000000033,0.022926321578984065,0.49700000000000033,0.0,0.022917651,0.15
3.58177349807132,-1.42339417339931,0.15,267.4434257353112,4.840304800388872,0.49800000000000033,0.022926308050924868,0.49800000000000033,0.0,0.022917651,0.15
3.5820150986539248,-1.420718389051134,0.15,267.4987386597537,4.839564518510209,0.49900000000000033,0.02292629451592353,0.49900000000000033,0.0,0.022917651,0.15
3.5822566562537497,-1.4180426971795015,0.15,267.5540146601617,4.838824157177376,0.5000000000000003,0.0229262809738746,0.5000000000000003,0.0,0.022917651,0.15
3.5825284707306597,-1.4154556180907645,0.15,267.7158866640395,4.838116149153653,0.5010000000000003,0.02292627914806818,0.5010000000000003,0.0,0.022917651,0.15
3.582799843670214,-1.4128706214613718,0.15,267.8776329608058,4.837408457440867,0.5020000000000003,0.022926277318196134,0.5020000000000003,0.0,0.022917651,0.15
3.583070768352979,-1.4102877389827448,0.15,268.0392516374163,4.83670108685272,0.5030000000000003,0.02292627548419658,0.5030000000000003,0.0,0.022917651,0.15
3.583341237922484,-1.4077070029926353,0.15,268.2007407418112,4.835994042301093,0.5040000000000003,0.022926273646006395,0.5040000000000003,0.0,0.022917651,0.15
3.583611245381704,-1.4051284464916856,0.15,268.36209828191534,4.835287328798546,0.5050000000000003,0.02292627180356114,0.5050000000000003,0.0,0.022917651,0.15
3.5838807835894446,-1.4025521031605026,0.15,268.5233222246076,4.834580951460932,0.5060000000000003,0.022926269956795066,0.5060000000000003,0.0,0.022917651,0.15
3.58414984525661,-1.3999780073772625,0.15,268.68441049465866,4.833874915510051,0.5070000000000003,0.022926268105641058,0.5070000000000003,0.0,0.022917651,0.15
3.584418422942351,-1.3974061942358624,0.15,268.8453609736344,4.833169226276421,0.5080000000000005,0.02292626625003059,0.5080000000000003,0.0,0.022917651,0.15
3.5846865090500937,-1.3948366995646448,0.15,269.0061714987665,4.8324638892021134,0.5090000000000003,0.022926264389893734,0.5090000000000003,0.0,0.022917651,0.15
3.5849540958234507,-1.392269559945711,0.15,269.1668398617859,4.8317589098436935,0.5100000000000005,0.022926262525159048,0.5100000000000003,0.0,0.022917651,0.15
3.5852211753419914,-1.3897048127348484,0.15,269.32736380772036,4.831054293875244,0.5110000000000003,0.022926260655753615,0.5110000000000003,0.0,0.022917651,0.15
3.5854877395168816,-1.3871424960820933,0.15,269.487741033653,4.8303500470914855,0.5120000000000003,0.022926258781602947,0.5120000000000003,0.0,0.022917651,0.15
3.585753780086388,-1.384582648952951,0.15,269.6479691874412,4.829646175411003,0.5130000000000005,0.022926256902630976,0.5130000000000003,0.0,0.022917651,0.15
3.5860192886112285,-1.382025311150303,0.15,269.8080458663946,4.828942684879579,0.5140000000000003,0.022926255018759993,0.5140000000000003,0.0,0.022917651,0.15
3.5862842564697823,-1.3794705233370228,0.15,269.96796861590946,4.828239581673615,0.5150000000000003,0.022926253129910604,0.5150000000000003,0.0,0.022917651,0.15
3.586548674853134,-1.3769183270593275,0.15,270.1277349280593,4.827536872103689,0.5160000000000003,0.022926251236001706,0.5160000000000003,0.0,0.022917651,0.15
3.5868125347599618,-1.3743687647708958,0.15,270.28734224013897,4.826834562618216,0.5170000000000003,0.022926249336950415,0.5170000000000003,0.0,0.022917651,0.15
3.587075826991258,-1.371821879857781,0.15,270.44678793316075,4.826132659807235,0.5180000000000005,0.02292624743267202,0.5180000000000003,0.0,0.022917651,0.15
3.5873385421448667,-1.3692777166641483,0.15,270.6060693303008,4.825431170406313,0.5190000000000003,0.022926245523079956,0.5190000000000003,0.0,0.022917651,0.15
3.587605171244986,-1.3666626268722917,0.15,270.7492562265816,4.824674409483335,0.5200000000000004,0.02292624378076379,0.5200000000000004,0.0,0.022917651,0.15
3.587871873896173,-1.364041536430591,0.15,270.8907033419096,4.823911942037223,0.5210000000000005,0.02292624204811569,0.5210000000000004,0.0,0.022917651,0.15
3.588138180806485,-1.3614221706956713,0.15,271.03209096978316,4.823149616331427,0.5220000000000005,0.022926240306697078,0.5220000000000004,0.0,0.022917651,0.15
3.588404086459446,-1.358804553709282,0.15,271.1734182809699,4.8223874343417465,0.5230000000000004,0.022926238556385686,0.5230000000000004,0.0,0.022917651,0.15
3.5886695852355723,-1.356188709962102,0.15,271.3146844307535,4.821625398080884,0.5240000000000005,0.022926236797056992,0.5240000000000004,0.0,0.022917651,0.15
3.588934671409955,-1.353574664404267,0.15,271.4558885585702,4.820863509599299,0.5250000000000004,0.02292623502858411,0.5250000000000004,0.0,0.022917651,0.15
3.5891993391497774,-1.350962442456196,0.15,271.59702978763573,4.820101770986098,0.5260000000000005,0.022926233250837764,0.5260000000000004,0.0,0.022917651,0.15
3.589463582511759,-1.3483520700197227,0.15,271.7381072245608,4.819340184369953,0.5270000000000004,0.022926231463686247,0.5270000000000004,0.0,0.022917651,0.15
3.5897273954395317,-1.345743573489547,0.15,271.8791199589569,4.818578751920039,0.5280000000000004,0.022926229666995333,0.5280000000000004,0.0,0.022917651,0.15
3.5899907717609323,-1.3431369797650152,0.15,272.02006706302944,4.817817475847007,0.5290000000000005,0.02292622786062824,0.5290000000000004,0.0,0.022917651,0.15
3.590253705185225,-1.340532316262235,0.15,272.1609475911599,4.817056358403973,0.5300000000000004,0.02292622604444553,0.5300000000000004,0.0,0.022917651,0.15
3.5905161893002395,-1.3379296109265482,0.15,272.301760579476,4.816295401887551,0.5310000000000004,0.022926224218305122,0.5310000000000004,0.0,0.022917651,0.15
3.590778217569426,-1.3353288922453617,0.15,272.44250504540884,4.815534608638897,0.5320000000000004,0.022926222382062135,0.5320000000000004,0.0,0.022917651,0.15
3.5910397833288257,-1.332730189261354,0.15,272.58317998723726,4.814773981044809,0.5330000000000004,0.02292622053556888,0.5330000000000004,0.0,0.022917651,0.15
3.5913008797839514,-1.3301335315860712,0.15,272.7237843836193,4.8140135215388264,0.5340000000000004,0.022926218678674785,0.5340000000000004,0.0,0.022917651,0.15
3.591561500006573,-1.3275389494139245,0.15,272.86431719310923,4.8132532326023965,0.5350000000000004,0.022926216811226297,0.5350000000000004,0.0,0.022917651,0.15
3.5918216369314164,-1.324946473536601,0.15,273.0047773536603,4.81249311676605,0.5360000000000005,0.022926214933066832,0.5360000000000004,0.0,0.022917651,0.15
3.592081283352752,-1.3223561353579056,0.15,273.14516378211306,4.811733176610623,0.5370000000000005,0.022926213044036706,0.5370000000000004,0.0,0.022917651,0.15
3.59234043192089,-1.3197679669090494,0.15,273.28547537366796,4.810973414768512,0.5380000000000004,0.022926211143973023,0.5380000000000004,0.0,0.022917651,0.15
3.5925990751385672,-1.3171820008643942,0.15,273.4257110013425,4.810213833924971,0.5390000000000004,0.02292620923270963,0.5390000000000004,0.0,0.022917651,0.15
3.592857205357225,-1.3145982705576782,0.15,273.56586951541124,4.809454436819442,0.5400000000000004,0.022926207310077013,0.5400000000000004,0.0,0.022917651,0.15
3.593114814773171,-1.3120168099987317,0.15,273.7059497428294,4.808695226246929,0.5410000000000004,0.022926205375902235,0.5410000000000004,0.0,0.022917651,0.15
3.593371895423628,-1.3094376538907062,0.15,273.8459504866385,4.807936205059416,0.5420000000000003,0.022926203430008816,0.5420000000000004,0.0,0.022917651,0.15
3.5936284391826594,-1.3068608376478332,0.15,273.98587052535436,4.807177376167327,0.5430000000000005,0.022926201472216662,0.5430000000000004,0.0,0.022917651,0.15
3.5938844377569663,-1.3042863974137295,0.15,274.12570861233485,4.806418742541023,0.5440000000000004,0.022926199502341985,0.5440000000000004,0.0,0.022917651,0.15
3.594139882681561,-1.3017143700802736,0.15,274.2654634751296,4.805660307212365,0.5450000000000005,0.022926197520197172,0.5450000000000004,0.0,0.022917651,0.15
3.594394765315297,-1.2991447933070674,0.15,274.4051338148083,4.804902073276302,0.5460000000000004,0.022926195525590727,0.5460000000000004,0.0,0.022917651,0.15
3.594665396192138,-1.2964465709757784,0.15,274.53082420074765,4.804078186773073,0.5470000000000003,0.022926193525073878,0.5470000000000004,0.0,0.022917651,0.15
3.594941939017294,-1.2936997932193115,0.15,274.6513549054941,4.8032293926400005,0.5480000000000004,0.02292619150745174,0.5480000000000004,0.0,0.022917651,0.15
3.595218426277562,-1.2909525791808556,0.15,274.7718768353707,4.802379939958736,0.5490000000000004,0.022926189469178612,0.5490000000000004,0.0,0.022917651,0.15
3.595494858036021,-1.288204929355681,0.15,274.8923900003389,4.801529829476863,0.5500000000000004,0.022926187410277927,0.5500000000000004,0.0,0.022917651,0.15
3.595771234355652,-1.2854568442383068,0.15,275.01289441034476,4.800679061940837,0.5510000000000004,0.0229261853307731,0.5510000000000004,0.0,0.022917651,0.15
3.596047555299343,-1.282708324322505,0.15,275.1333900753196,4.799827638095989,0.5520000000000004,0.022926183230687503,0.5520000000000004,0.0,0.022917651,0.15
3.596323820929884,-1.279959370101301,0.15,275.2538770051795,4.798975558686515,0.5530000000000005,0.022926181110044467,0.5530000000000004,0.0,0.022917651,0.15
3.5966000313099733,-1.2772099820669751,0.15,275.3743552098255,4.798122824455492,0.5540000000000004,0.022926178968867297,0.5540000000000004,0.0,0.022917651,0.15
3.5968761865022127,-1.2744601607110642,0.15,275.4948246991441,4.797269436144871,0.5550000000000004,0.022926176807179257,0.5550000000000004,0.0,0.022917651,0.15
3.5971522865691097,-1.271709906524362,0.15,275.61528548300623,4.796415394495486,0.5560000000000005,0.02292617462500358,0.5560000000000004,0.0,0.022917651,0.15
3.597428331573077,-1.2689592199969222,0.15,275.7357375712684,4.795560700247047,0.5570000000000004,0.02292617242236347,0.5570000000000004,0.0,0.022917651,0.15
3.597704321576435,-1.2662081016180582,0.15,275.8561809737721,4.794705354138154,0.5580000000000003,0.022926170199282076,0.5580000000000004,0.0,0.022917651,0.15
3.597980256641407,-1.2634565518763463,0.15,275.976615700344,4.793849356906292,0.5590000000000004,0.02292616795578253,0.5590000000000004,0.0,0.022917651,0.15
3.5982561368301256,-1.260704571259625,0.15,276.0970417607958,4.792992709287829,0.5600000000000004,0.02292616569188792,0.5600000000000004,0.0,0.022917651,0.15
3.5985319622046266,-1.257952160254998,0.15,276.2174591649246,4.792135412018027,0.5610000000000005,0.022926163407621304,0.5610000000000004,0.0,0.022917651,0.15
3.598807732826856,-1.255199319348835,0.15,276.33786792251277,4.7912774658310395,0.5620000000000004,0.02292616110300571,0.5620000000000004,0.0,0.022917651,0.15
3.599083448758664,-1.2524460490267737,0.15,276.4582680433279,4.7904188714599165,0.5630000000000004,0.022926158778064115,0.5630000000000004,0.0,0.022917651,0.15
3.5993591100618065,-1.2496923497737191,0.15,276.5786595371225,4.789559629636598,0.5640000000000004,0.02292615643281948,0.5640000000000004,0.0,0.022917651,0.15
3.599634716797951,-1.2469382220738483,0.15,276.699042413635,4.788699741091928,0.5650000000000004,0.02292615406729472,0.5650000000000004,0.0,0.022917651,0.15
3.5999102690286673,-1.244183666410608,0.15,276.81941668258895,4.787839206555649,0.5660000000000004,0.022926151681512717,0.5660000000000004,0.0,0.022917651,0.15
3.6001857668154367,-1.2414286832667196,0.15,276.93978235369303,4.786978026756406,0.5670000000000005,0.02292614927549632,0.5670000000000004,0.0,0.022917651,0.15
3.600461210219643,-1.2386732731241776,0.15,277.06013943664163,4.78611620242175,0.5680000000000004,0.022926146849268348,0.5680000000000004,0.0,0.022917651,0.15
3.600736599302584,-1.235917436464253,0.15,277.18048794111445,4.785253734278136,0.5690000000000004,0.022926144402851577,0.5690000000000004,0.0,0.022917651,0.15
3.601011934125461,-1.2331611737674928,0.15,277.3008278767768,4.784390623050932,0.5700000000000005,0.022926141936268758,0.5700000000000004,0.0,0.022917651,0.15
3.601287214749384,-1.230404485513723,0.15,277.42115925327903,4.78352686946441,0.5710000000000004,0.022926139449542596,0.5710000000000004,0.0,0.022917651,0.15
3.6015624412353726,-1.2276473721820498,0.15,277.5414820802576,4.78266247424176,0.5720000000000005,0.022926136942695772,0.5720000000000004,0.0,0.022917651,0.15
3.6018376136443546,-1.2248898342508596,0.15,277.66179636733415,4.781797438105086,0.5730000000000004,0.022926134415750934,0.5730000000000004,0.0,0.022917651,0.15
3.602112732037165,-1.222131872197822,0.15,277.7821021241159,4.780931761775408,0.5740000000000004,0.02292613186873069,0.5740000000000004,0.0,0.022917651,0.15
3.6023877964745488,-1.2193734864998893,0.15,277.9023993601958,4.780065445972665,0.5750000000000004,0.022926129301657616,0.5750000000000004,0.0,0.022917651,0.15
3.6026628070171602,-1.2166146776333,0.15,278.0226880851523,4.779198491415718,0.5760000000000004,0.022926126714554247,0.5760000000000004,0.0,0.022917651,0.15
3.6029377637255613,-1.2138554460735784,0.15,278.14296830854965,4.77833089882235,0.5770000000000005,0.022926124107443106,0.5770000000000004,0.0,0.022917651,0.15
3.6032126666602244,-1.2110957922955372,0.15,278.2632400399375,4.777462668909267,0.5780000000000004,0.022926121480346652,0.5780000000000004,0.0,0.022917651,0.15
3.603487515881532,-1.2083357167732778,0.15,278.3835032888515,4.776593802392107,0.5790000000000004,0.022926118833287337,0.5790000000000004,0.0,0.022917651,0.15
3.6037623114497745,-1.2055752199801917,0.15,278.50375806481287,4.775724299985432,0.5800000000000005,0.02292611616628757,0.5800000000000004,0.0,0.022917651,0.15
3.604037053425153,-1.202814302388963,0.15,278.6240043773287,4.774854162402739,0.5810000000000004,0.022926113479369715,0.5810000000000004,0.0,0.022917651,0.15
3.6043117418677775,-1.200052964471568,0.15,278.7442422358916,4.773983390356452,0.5820000000000004,0.02292611077255612,0.5820000000000004,0.0,0.022917651,0.15
3.604586376837671,-1.1972912066992785,0.15,278.8644716499803,4.773111984557937,0.5830000000000005,0.022926108045869087,0.5830000000000004,0.0,0.022917651,0.15
3.604860958394764,-1.194529029542661,0.15,278.98469262905934,4.772239945717493,0.5840000000000004,0.0229261052993309,0.5840000000000004,0.0,0.022917651,0.15
3.6051354865988983,-1.1917664334715794,0.15,279.10490518257876,4.7713672745443585,0.5850000000000004,0.022926102532963788,0.5850000000000004,0.0,0.022917651,0.15
3.605409961509826,-1.1890034189551968,0.15,279.22510931997493,4.770493971746714,0.5860000000000004,0.022926099746789965,0.5860000000000004,0.0,0.022917651,0.15
3.6056843831872114,-1.1862399864619746,0.15,279.34530505067,4.769620038031681,0.5870000000000004,0.0229260969408316,0.5870000000000004,0.0,0.022917651,0.15
3.605958751690628,-1.183476136459676,0.15,279.4654923840718,4.768745474105328,0.5880000000000005,0.022926094115110835,0.5880000000000004,0.0,0.022917651,0.15
3.606233067079562,-1.1807118694153662,0.15,279.58567132957455,4.767870280672668,0.5890000000000004,0.022926091269649788,0.5890000000000004,0.0,0.022917651,0.15
3.60650732941341,-1.1779471857954145,0.15,279.7058418965581,4.766994458437664,0.5900000000000004,0.022926088404470524,0.5900000000000004,0.0,0.022917651,0.15
3.6067815387514797,-1.1751820860654945,0.15,279.8260040943886,4.7661180081032315,0.5910000000000005,0.022926085519595085,0.5910000000000004,0.0,0.022917651,0.15
3.607055695152991,-1.1724165706905858,0.15,279.9461579324181,4.7652409303712355,0.5920000000000004,0.022926082615045487,0.5920000000000004,0.0,0.022917651,0.15
3.6073297986770765,-1.1696506401349764,0.15,280.0663034199846,4.764363225942498,0.5930000000000004,0.0229260796908437,0.5930000000000004,0.0,0.022917651,0.15
3.607603849382779,-1.1668842948622622,0.15,280.1864405664125,4.763484895516798,0.5940000000000004,0.02292607674701167,0.5940000000000004,0.0,0.022917651,0.15
3.607877847329054,-1.1641175353353495,0.15,280.3065693810121,4.762605939792868,0.5950000000000004,0.02292607378357131,0.5950000000000004,0.0,0.022917651,0.15
3.60815179257477,-1.161350362016456,0.15,280.4266898730798,4.761726359468407,0.5960000000000004,0.0229260708005445,0.5960000000000004,0.0,0.022917651,0.15
3.608425685178708,-1.158582775367112,0.15,280.54680205189845,4.760846155240077,0.5970000000000004,0.022926067797953083,0.5970000000000004,0.0,0.022917651,0.15
3.6086995251995604,-1.1558147758481612,0.15,280.6669059267369,4.7599653278034975,0.5980000000000004,0.02292606477581887,0.5980000000000004,0.0,0.022917651,0.15
3.608973312695933,-1.153046363919763,0.15,280.7870015068501,4.759083877853259,0.5990000000000004,0.022926061734163648,0.5990000000000004,0.0,0.022917651,0.15
3.6092470477263454,-1.1502775400413932,0.15,280.9070888014797,4.758201806082922,0.6000000000000004,0.02292605867300916,0.6000000000000004,0.0,0.022917651,0.15
3.6095872287900246,-1.1475041134946704,0.15,280.9779382050382,4.757458571648917,0.6010000000000005,0.02292605815287049,0.6010000000000004,0.0,0.022917651,0.15
3.6099276125297313,-1.144729424010251,0.15,281.048970324452,4.75671488499594,0.6020000000000004,0.02292605763009765,0.6020000000000004,0.0,0.022917651,0.15
3.6102681966903543,-1.141953485640443,0.15,281.1201831266996,4.755970751155688,0.6030000000000005,0.022926057104719965,0.6030000000000004,0.0,0.022917651,0.15
3.6106089790501126,-1.1391763122298497,0.15,281.1915746088094,4.755226175085485,0.6040000000000004,0.0229260565767663,0.6040000000000004,0.0,0.022917651,0.15
3.6109499574199457,-1.1363979174191934,0.15,281.2631427973058,4.754481161669654,0.6050000000000004,0.022926056046265113,0.6050000000000004,0.0,0.022917651,0.15
3.611291129642912,-1.1336183146490575,0.15,281.3348857476692,4.75373571572085,0.6060000000000005,0.022926055513244427,0.6060000000000004,0.0,0.022917651,0.15
3.6116324935935995,-1.1308375171635388,0.15,281.40680154380595,4.752989841981378,0.6070000000000004,0.02292605497773189,0.6070000000000004,0.0,0.022917651,0.15
3.611974047177556,-1.12805553801383,0.15,281.47888829753146,4.752243545124464,0.6080000000000004,0.0229260544397547,0.6080000000000004,0.0,0.022917651,0.15
3.6123157883307244,-1.1252723900617152,0.15,281.5511441480633,4.751496829755517,0.6090000000000004,0.022926053899339684,0.6090000000000004,0.0,0.022917651,0.15
3.6126577150188943,-1.122488085982996,0.15,281.6235672615268,4.750749700413349,0.6100000000000004,0.022926053356513293,0.6100000000000004,0.0,0.022917651,0.15
3.612999825237165,-1.1197026382708395,0.15,281.6961558304692,4.750002161571379,0.6110000000000004,0.022926052811301573,0.6110000000000004,0.0,0.022917651,0.15
3.613342117009416,-1.1169160592390566,0.15,281.76890807338685,4.749254217638801,0.6120000000000005,0.022926052263730217,0.6120000000000004,0.0,0.022917651,0.15
3.6136956426557183,-1.1140821954665179,0.15,281.8312138426311,4.748503924798206,0.6130000000000005,0.022926051707585247,0.6130000000000004,0.0,0.022917651,0.15
3.6140494654724655,-1.111247272565314,0.15,281.8932657315903,4.747753761512907,0.6140000000000005,0.0229260511495483,0.6140000000000004,0.0,0.022917651,0.15
3.6144033130285766,-1.1084124337227315,0.15,281.9553213604297,4.747003781237748,0.6150000000000004,0.022926050589790102,0.6150000000000004,0.0,0.022917651,0.15
3.6147571851657343,-1.1055776784008509,0.15,282.01738070521657,4.746253982801581,0.6160000000000004,0.022926050028321675,0.6160000000000004,0.0,0.022917651,0.15
3.6151110817269716,-1.1027430060663312,0.15,282.0794437422218,4.745504365043235,0.6170000000000004,0.022926049465153937,0.6170000000000004,0.0,0.022917651,0.15
3.615465002556652,-1.099908416190364,0.15,282.14151044791794,4.744754926811402,0.6180000000000004,0.02292604890029772,0.6180000000000004,0.0,0.022917651,0.15
3.6158189475004643,-1.0970739082486234,0.15,282.20358079897727,4.744005666964532,0.6190000000000005,0.022926048333763768,0.6190000000000004,0.0,0.022917651,0.15
3.6161729164053975,-1.09423948172122,0.15,282.265654772269,4.743256584370741,0.6200000000000004,0.022926047765562715,0.6200000000000004,0.0,0.022917651,0.15
3.616526909119734,-1.0914051360926535,0.15,282.32773234485785,4.742507677907689,0.6210000000000004,0.022926047195705117,0.6210000000000004,0.0,0.022917651,0.15
3.6168809254930347,-1.088570870851766,0.15,282.38981349400177,4.741758946462501,0.6220000000000006,0.022926046624201453,0.6220000000000004,0.0,0.022917651,0.15
3.617234965376125,-1.0857366854916977,0.15,282.4518981971499,4.741010388931654,0.6230000000000004,0.022926046051062084,0.6230000000000004,0.0,0.022917651,0.15
3.6175890286210843,-1.0829025795098404,0.15,282.51398643194057,4.7402620042208845,0.6240000000000006,0.022926045476297324,0.6240000000000004,0.0,0.022917651,0.15
3.6179431150812236,-1.0800685524077933,0.15,282.5760781761992,4.739513791245088,0.6250000000000004,0.022926044899917352,0.6250000000000004,0.0,0.022917651,0.15
3.618297224611087,-1.07723460369132,0.15,282.6381734079365,4.738765748928225,0.6260000000000004,0.022926044321932303,0.6260000000000004,0.0,0.022917651,0.15
3.6186513570664274,-1.0744007328703047,0.15,282.70027210534664,4.738017876203229,0.6270000000000006,0.022926043742352215,0.6270000000000004,0.0,0.022917651,0.15
3.6190055123041973,-1.0715669394587082,0.15,282.7623742468051,4.737270172011911,0.6280000000000006,0.022926043161187033,0.6280000000000004,0.0,0.022917651,0.15
3.61935969018254,-1.068733222974527,0.15,282.8244798108669,4.736522635304864,0.6290000000000006,0.02292604257844664,0.6290000000000004,0.0,0.022917651,0.15
3.6197138905607695,-1.0658995829397515,0.15,282.8865887762647,4.735775265041377,0.6300000000000004,0.02292604199414081,0.6300000000000004,0.0,0.022917651,0.15
3.620068113299367,-1.0630660188803234,0.15,282.94870112190705,4.735028060189347,0.6310000000000006,0.022926041408279255,0.6310000000000004,0.0,0.022917651,0.15
3.620422358259962,-1.060232530326096,0.15,283.0108168268766,4.73428101972518,0.6320000000000006,0.022926040820871605,0.6320000000000005,0.0,0.022917651,0.15
3.620776625305326,-1.0573991168107943,0.15,283.0729358704279,4.733534142633719,0.6330000000000005,0.022926040231927403,0.6330000000000005,0.0,0.022917651,0.15
3.621130914299355,-1.0545657778719741,0.15,283.13505823198636,4.7327874279081374,0.6340000000000005,0.02292603964145612,0.6340000000000005,0.0,0.022917651,0.15
3.6214852251070653,-1.0517325130509834,0.15,283.197183891146,4.732040874549874,0.6350000000000005,0.022926039049467155,0.6350000000000005,0.0,0.022917651,0.15
3.6218395575945728,-1.0488993218929232,0.15,283.2593128276676,4.731294481568535,0.6360000000000005,0.022926038455969806,0.6360000000000005,0.0,0.022917651,0.15
3.6221939116290907,-1.0460662039466104,0.15,283.32144502147753,4.730548247981818,0.6370000000000006,0.022926037860973327,0.6370000000000005,0.0,0.022917651,0.15
3.6225482870789123,-1.0432331587645385,0.15,283.38358045266557,4.729802172815421,0.6380000000000005,0.022926037264486873,0.6380000000000005,0.0,0.022917651,0.15
3.6229026838134026,-1.0404001859028402,0.15,283.44571910148346,4.72905625510297,0.6390000000000006,0.02292603666651954,0.6390000000000005,0.0,0.022917651,0.15
3.6232571017029884,-1.037567284921252,0.15,283.5078609483434,4.728310493885934,0.6400000000000005,0.022926036067080338,0.6400000000000005,0.0,0.022917651,0.15
3.623611540619144,-1.0347344553830764,0.15,283.570005973816,4.72756488821355,0.6410000000000005,0.022926035466178215,0.6410000000000005,0.0,0.022917651,0.15
3.623966000434383,-1.0319016968551458,0.15,283.6321541586292,4.726819437142734,0.6420000000000005,0.02292603486382203,0.6420000000000005,0.0,0.022917651,0.15
3.62432048102225,-1.0290690089077879,0.15,283.6943054836662,4.726074139738017,0.6430000000000005,0.02292603426002059,0.6430000000000005,0.0,0.022917651,0.15
3.624674982257304,-1.0262363911147894,0.15,283.7564599299642,4.72532899507146,0.6440000000000006,0.02292603365478262,0.6440000000000005,0.0,0.022917651,0.15
3.625029504015115,-1.0234038430533625,0.15,283.81861747871295,4.724584002222579,0.6450000000000005,0.022926033048116773,0.6450000000000005,0.0,0.022917651,0.15
3.6253840461722486,-1.0205713643041088,0.15,283.8807781112526,4.723839160278271,0.6460000000000005,0.02292603244003165,0.6460000000000005,0.0,0.022917651,0.15
3.62573860860626,-1.0177389544509878,0.15,283.9429418090731,4.723094468332747,0.6470000000000005,0.022926031830535754,0.6470000000000005,0.0,0.022917651,0.15
3.6260931911956824,-1.014906613081281,0.15,284.0051085538121,4.7223499254874435,0.6480000000000005,0.022926031219637544,0.6480000000000005,0.0,0.022917651,0.15
3.6264477938200153,-1.0120743397855598,0.15,284.0672783272535,4.721605530850965,0.6490000000000005,0.02292603060734541,0.6490000000000005,0.0,0.022917651,0.15
3.6268024163597192,-1.0092421341576538,0.15,284.12945111132626,4.72086128353901,0.6500000000000005,0.022926029993667656,0.6500000000000005,0.0,0.022917651,0.15
3.627157058696202,-1.006409995794616,0.15,284.1916268881027,4.720117182674292,0.6510000000000005,0.02292602937861254,0.6510000000000005,0.0,0.022917651,0.15
3.6275117207118126,-1.0035779242966936,0.15,284.2538056397973,4.71937322738648,0.6520000000000005,0.022926028762188248,0.6520000000000005,0.0,0.022917651,0.15
3.627866402289829,-1.0007459192672943,0.15,284.31598734876525,4.718629416812126,0.6530000000000005,0.022926028144402897,0.6530000000000005,0.0,0.022917651,0.15
3.6282211033144516,-0.9979139803129569,0.15,284.3781719975008,4.717885750094593,0.6540000000000006,0.022926027525264552,0.6540000000000005,0.0,0.022917651,0.15
3.6285758236707935,-0.9950821070433186,0.15,284.44035956863615,4.717142226383999,0.6550000000000005,0.022926026904781197,0.6550000000000005,0.0,0.022917651,0.15
3.6289305632448676,-0.992250299071086,0.15,284.5025500449403,4.716398844837134,0.6560000000000005,0.02292602628296077,0.6560000000000005,0.0,0.022917651,0.15
3.629285321923586,-0.9894185560120045,0.15,284.56474340931703,4.715655604617412,0.6570000000000005,0.022926025659811132,0.6570000000000005,0.0,0.022917651,0.15
3.629640099594742,-0.9865868774848285,0.15,284.6269396448044,4.714912504894797,0.6580000000000006,0.022926025035340098,0.6580000000000005,0.0,0.022917651,0.15
3.6299948961470094,-0.9837552631112918,0.15,284.6891387345727,4.714169544845736,0.6590000000000005,0.022926024409555403,0.6590000000000005,0.0,0.022917651,0.15
3.630349711469928,-0.9809237125160795,0.15,284.75134066192373,4.713426723653103,0.6600000000000005,0.02292602378246474,0.6600000000000005,0.0,0.022917651,0.15
3.6307045454538986,-0.9780922253267976,0.15,284.8135454102892,4.712684040506135,0.6610000000000005,0.022926023154075735,0.6610000000000005,0.0,0.022917651,0.15
3.6310593979901737,-0.9752608011739464,0.15,284.87575296322956,4.711941494600364,0.6620000000000006,0.02292602252439595,0.6620000000000005,0.0,0.022917651,0.15
3.6314142689708477,-0.9724294396908914,0.15,284.9379633044327,4.711199085137564,0.6630000000000005,0.0229260218934329,0.6630000000000005,0.0,0.022917651,0.15
3.6317691582888525,-0.9695981405138356,0.15,285.00017641771285,4.710456811325688,0.6640000000000006,0.02292602126119402,0.6640000000000005,0.0,0.022917651,0.15
3.6321240658379454,-0.9667669032817932,0.15,285.0623922870093,4.709714672378807,0.6650000000000005,0.02292602062768671,0.6650000000000005,0.0,0.022917651,0.15
3.632478991512703,-0.9639357276365603,0.15,285.12461089638504,4.708972667517046,0.6660000000000005,0.02292601999291831,0.6660000000000005,0.0,0.022917651,0.15
3.632833935208514,-0.9611046132226906,0.15,285.18683223002586,4.708230795966542,0.6670000000000006,0.02292601935689609,0.6670000000000005,0.0,0.022917651,0.15
3.63318889682157,-0.9582735596874675,0.15,285.24905627223876,4.707489056959368,0.6680000000000005,0.02292601871962728,0.6680000000000005,0.0,0.022917651,0.15
3.6335438762488588,-0.955442566680878,0.15,285.31128300745144,4.706747449733483,0.6690000000000006,0.02292601808111904,0.6690000000000005,0.0,0.022917651,0.15
3.6338988733881545,-0.9526116338555871,0.15,285.37351242021026,4.706005973532682,0.6700000000000005,0.02292601744137849,0.6700000000000005,0.0,0.022917651,0.15
3.634253888138015,-0.949780760866913,0.15,285.4357444951801,4.705264627606532,0.6710000000000005,0.022926016800412678,0.6710000000000005,0.0,0.022917651,0.15
3.634608920397769,-0.9469499473728,0.15,285.4979792171422,4.704523411210317,0.6720000000000006,0.022926016158228615,0.6720000000000005,0.0,0.022917651,0.15
3.6349639700675116,-0.944119193033795,0.15,285.56021657099404,4.703782323604991,0.6730000000000004,0.022926015514833253,0.6730000000000005,0.0,0.022917651,0.15
3.6353190370480966,-0.9412884975130229,0.15,285.6224565417474,4.703041364057119,0.6740000000000005,0.022926014870233487,0.6740000000000005,0.0,0.022917651,0.15
3.635674121241131,-0.9384578604761609,0.15,285.6846991145281,4.702300531838821,0.6750000000000005,0.022926014224436162,0.6750000000000005,0.0,0.022917651,0.15
3.636029222548962,-0.9356272815914153,0.15,285.7469442745739,4.701559826227726,0.6760000000000006,0.022926013577448074,0.6760000000000005,0.0,0.022917651,0.15
3.6363843408746774,-0.9327967605294978,0.15,285.80919200723446,4.700819246506915,0.6770000000000006,0.02292601292927596,0.6770000000000005,0.0,0.022917651,0.15
3.636739476122095,-0.9299662969636016,0.15,285.87144229796974,4.7000787919648745,0.6780000000000005,0.022926012279926525,0.6780000000000005,0.0,0.022917651,0.15
3.637094628195755,-0.9271358905693772,0.15,285.93369513234893,4.699338461895439,0.6790000000000006,0.022926011629406398,0.6790000000000005,0.0,0.022917651,0.15
3.637449797000913,-0.924305541024911,0.15,285.9959504960497,4.698598255597747,0.6800000000000005,0.022926010977722178,0.6800000000000005,0.0,0.022917651,0.15
3.6378049824435386,-0.9214752480107017,0.15,286.05820837485703,4.69785817237619,0.6810000000000005,0.022926010324880404,0.6810000000000005,0.0,0.022917651,0.15
3.6381601844303018,-0.918645011209637,0.15,286.12046875466217,4.697118211540359,0.6820000000000006,0.02292600967088757,0.6820000000000005,0.0,0.022917651,0.15
3.638515402868569,-0.9158148303069725,0.15,286.18273162146164,4.696378372405,0.6830000000000005,0.02292600901575012,0.6830000000000005,0.0,0.022917651,0.15
3.638870637666398,-0.9129847049903091,0.15,286.2449969613565,4.695638654289967,0.6840000000000005,0.02292600835947445,0.6840000000000005,0.0,0.022917651,0.15
3.6392258887325313,-0.9101546349495713,0.15,286.30726476055094,4.694899056520173,0.6850000000000005,0.022926007702066917,0.6850000000000005,0.0,0.022917651,0.15
3.639581155976386,-0.9073246198769851,0.15,286.3695350053518,4.69415957842554,0.6860000000000005,0.022926007043533814,0.6860000000000005,0.0,0.022917651,0.15
3.639936439308053,-0.9044946594670578,0.15,286.4318076821673,4.693420219340958,0.6870000000000005,0.0229260063838814,0.6870000000000005,0.0,0.022917651,0.15
3.6402917386382887,-0.901664753416556,0.15,286.4940827775061,4.692680978606236,0.6880000000000005,0.022926005723115886,0.6880000000000005,0.0,0.022917651,0.15
3.640647053878505,-0.898834901424485,0.15,286.55636027797664,4.6919418555660535,0.6890000000000006,0.02292600506124343,0.6890000000000005,0.0,0.022917651,0.15
3.64100238494077,-0.8960051031920683,0.15,286.61864017028586,4.691202849569927,0.6900000000000005,0.022926004398270156,0.6900000000000005,0.0,0.022917651,0.15
3.6413577317377963,-0.8931753584227266,0.15,286.68092244123864,4.690463959972148,0.6910000000000005,0.022926003734202133,0.6910000000000005,0.0,0.022917651,0.15
3.64171309418294,-0.8903456668220591,0.15,286.74320707773666,4.689725186131758,0.6920000000000006,0.022926003069045395,0.6920000000000005,0.0,0.022917651,0.15
3.6420684721901893,-0.8875160280978216,0.15,286.80549406677756,4.68898652741249,0.6930000000000005,0.02292600240280592,0.6930000000000005,0.0,0.022917651,0.15
3.6424238656741634,-0.8846864419599084,0.15,286.8677833954542,4.688247983182732,0.6940000000000005,0.022926001735489646,0.6940000000000005,0.0,0.022917651,0.15
3.6427792745501044,-0.8818569081203321,0.15,286.9300750509535,4.68750955281549,0.6950000000000005,0.02292600106710248,0.6950000000000005,0.0,0.022917651,0.15
3.6431346987338724,-0.879027426293204,0.15,286.99236902055605,4.6867712356883295,0.6960000000000005,0.022926000397650265,0.6960000000000005,0.0,0.022917651,0.15
3.6434901381419382,-0.8761979961947155,0.15,287.05466529163493,4.686033031183355,0.6970000000000006,0.022925999727138827,0.6970000000000005,0.0,0.022917651,0.15
3.6438455926913815,-0.873368617543119,0.15,287.1169638516544,4.685294938687149,0.6980000000000005,0.02292599905557392,0.6980000000000005,0.0,0.022917651,0.15
3.6442010622998833,-0.8705392900587097,0.15,287.1792646881705,4.6845569575907495,0.6990000000000005,0.022925998382961277,0.6990000000000005,0.0,0.022917651,0.15
3.6445565468857164,-0.8677100134638063,0.15,287.2415677888285,4.683819087289596,0.7000000000000005,0.02292599770930659,0.7000000000000005,0.0,0.022917651,0.15
3.6449457288910834,-0.8650691044179063,0.15,287.34803982719745,4.683314825496092,0.7010000000000006,0.022925997524251555,0.7010000000000005,0.0,0.022917651,0.15
3.645334895600891,-0.862428155134742,0.15,287.4546315455201,4.6828104622879065,0.7020000000000004,0.022925997338749587,0.7020000000000005,0.0,0.022917651,0.15
3.6457240468934193,-0.8597871652941103,0.15,287.56134389619564,4.682305996857992,0.7030000000000004,0.02292599715279713,0.7030000000000005,0.0,0.022917651,0.15
3.6461131826456525,-0.8571461345724007,0.15,287.66817784175544,4.681801428390717,0.7040000000000005,0.02292599696639059,0.7040000000000005,0.0,0.022917651,0.15
3.646502302733264,-0.8545050626425517,0.15,287.77513435499833,4.681296756061748,0.7050000000000005,0.02292599677952633,0.7050000000000005,0.0,0.022917651,0.15
3.646891407030597,-0.8518639491740029,0.15,287.88221441912776,4.680791979037937,0.7060000000000006,0.022925996592200692,0.7060000000000005,0.0,0.022917651,0.15
3.647280495410645,-0.8492227938326491,0.15,287.9894190278913,4.680287096477198,0.7070000000000005,0.022925996404409947,0.7070000000000005,0.0,0.022917651,0.15
3.647669567745039,-0.8465815962807928,0.15,288.09674918572284,4.6797821075283945,0.7080000000000005,0.02292599621615035,0.7080000000000005,0.0,0.022917651,0.15
3.648058623904024,-0.8439403561770947,0.15,288.20420590788564,4.679277011331205,0.7090000000000005,0.022925996027418124,0.7090000000000005,0.0,0.022917651,0.15
3.6484476637564414,-0.841299073176526,0.15,288.3117902206195,4.678771807016018,0.7100000000000005,0.022925995838209416,0.7100000000000005,0.0,0.022917651,0.15
3.6488366871697138,-0.8386577469303166,0.15,288.4195031612893,4.678266493703786,0.7110000000000005,0.022925995648520364,0.7110000000000005,0.0,0.022917651,0.15
3.64922569400982,-0.8360163770859064,0.15,288.52734577853596,4.677761070505908,0.7120000000000006,0.022925995458347045,0.7120000000000005,0.0,0.022917651,0.15
3.6496146841412793,-0.8333749632868916,0.15,288.6353191324302,4.6772555365241,0.7130000000000006,0.0229259952676855,0.7130000000000005,0.0,0.022917651,0.15
3.650003657427129,-0.8307335051729737,0.15,288.7434242946288,4.676749890850259,0.7140000000000005,0.02292599507653174,0.7140000000000005,0.0,0.022917651,0.15
3.6503926137289078,-0.8280920023799052,0.15,288.8516623485332,4.67624413256633,0.7150000000000005,0.022925994884881704,0.7150000000000005,0.0,0.022917651,0.15
3.650781552906629,-0.8254504545394359,0.15,288.96003438945064,4.675738260744168,0.7160000000000005,0.02292599469273131,0.7160000000000005,0.0,0.022917651,0.15
3.651170474818768,-0.8228088612792573,0.15,289.06854152475876,4.675232274445403,0.7170000000000005,0.02292599450007642,0.7170000000000005,0.0,0.022917651,0.15
3.651559379322231,-0.8201672222229477,0.15,289.1771848740715,4.674726172721291,0.7180000000000005,0.022925994306912854,0.7180000000000005,0.0,0.022917651,0.15
3.651948266272344,-0.8175255369899129,0.15,289.2859655694095,4.67421995461258,0.7190000000000006,0.02292599411323638,0.7190000000000005,0.0,0.022917651,0.15
3.652337135522821,-0.8148838051953308,0.15,289.39488475537144,4.673713619149354,0.7200000000000004,0.022925993919042726,0.7200000000000005,0.0,0.022917651,0.15
3.652725986925749,-0.812242026450091,0.15,289.50394358931015,4.673207165350896,0.7210000000000005,0.022925993724327576,0.7210000000000005,0.0,0.022917651,0.15
3.6531148203315604,-0.8096002003607357,0.15,289.61314324151004,4.672700592225526,0.7220000000000005,0.022925993529086554,0.7220000000000005,0.0,0.022917651,0.15
3.653503635589013,-0.8069583265293978,0.15,289.7224848953687,4.672193898770455,0.7230000000000005,0.022925993333315242,0.7230000000000005,0.0,0.022917651,0.15
3.653892432545164,-0.8043164045537399,0.15,289.8319697475808,4.671687083971624,0.7240000000000006,0.02292599313700917,0.7240000000000005,0.0,0.022917651,0.15
3.6542812110453493,-0.8016744340268912,0.15,289.94159900832545,4.671180146803548,0.7250000000000005,0.022925992940163818,0.7250000000000005,0.0,0.022917651,0.15
3.6546699709331536,-0.7990324145373832,0.15,290.0513739014568,4.670673086229156,0.7260000000000005,0.02292599274277462,0.7260000000000005,0.0,0.022917651,0.15
3.6550587120503923,-0.7963903456690841,0.15,290.1612956646976,4.670165901199622,0.7270000000000005,0.02292599254483695,0.7270000000000005,0.0,0.022917651,0.15
3.6554474342370824,-0.7937482270011342,0.15,290.27136554983616,4.669658590654205,0.7280000000000005,0.02292599234634613,0.7280000000000005,0.0,0.022917651,0.15
3.655836137331416,-0.7911060581078766,0.15,290.3815848229268,4.66915115352007,0.7290000000000005,0.022925992147297444,0.7290000000000005,0.0,0.022917651,0.15
3.6562248211697383,-0.78846383855879,0.15,290.491954764494,4.668643588712126,0.7300000000000006,0.0229259919476861,0.7300000000000005,0.0,0.022917651,0.15
3.656613485586517,-0.785821567918418,0.15,290.6024766697388,4.66813589513284,0.7310000000000004,0.02292599174750726,0.7310000000000005,0.0,0.022917651,0.15
3.6570021304143174,-0.7831792457462993,0.15,290.7131518487508,4.667628071672066,0.7320000000000004,0.02292599154675604,0.7320000000000005,0.0,0.022917651,0.15
3.6573907554837763,-0.7805368715968949,0.15,290.82398162672183,4.667120117206861,0.7330000000000005,0.022925991345427485,0.7330000000000005,0.0,0.022917651,0.15
3.6577793606235685,-0.7778944450195144,0.15,290.9349673441647,4.666612030601296,0.7340000000000005,0.022925991143516587,0.7340000000000005,0.0,0.022917651,0.15
3.6581679456603884,-0.7752519655582426,0.15,291.04611035713503,4.666103810706275,0.7350000000000005,0.02292599094101829,0.7350000000000005,0.0,0.022917651,0.15
3.658556510418908,-0.772609432751862,0.15,291.1574120374572,4.665595456359338,0.7360000000000005,0.022925990737927462,0.7360000000000005,0.0,0.022917651,0.15
3.658945054721761,-0.7699668461337764,0.15,291.2688737729544,4.665086966384468,0.7370000000000005,0.022925990534238928,0.7370000000000005,0.0,0.022917651,0.15
3.6593335783895005,-0.7673242052319321,0.15,291.3804969676821,4.664578339591892,0.7380000000000005,0.022925990329947438,0.7380000000000005,0.0,0.022917651,0.15
3.659722081240581,-0.764681509568738,0.15,291.4922830421668,4.664069574777882,0.7390000000000007,0.022925990125047698,0.7390000000000005,0.0,0.022917651,0.15
3.660110563091316,-0.7620387586609841,0.15,291.6042334336474,4.663560670724548,0.7400000000000007,0.022925989919534324,0.7400000000000005,0.0,0.022917651,0.15
3.660499023755854,-0.7593959520197584,0.15,291.7163495963224,4.663051626199627,0.7410000000000007,0.0229259897134019,0.7410000000000005,0.0,0.022917651,0.15
3.660887463046142,-0.7567530891503623,0.15,291.82863300160045,4.662542439956271,0.7420000000000007,0.02292598950664493,0.7420000000000005,0.0,0.022917651,0.15
3.661275880771899,-0.7541101695522258,0.15,291.9410851383558,4.662033110732837,0.7430000000000005,0.022925989299257845,0.7430000000000005,0.0,0.022917651,0.15
3.6616642767405723,-0.7514671927188193,0.15,292.0537075131882,4.661523637252659,0.7440000000000007,0.022925989091235027,0.7440000000000005,0.0,0.022917651,0.15
3.6620526507573157,-0.7488241581375644,0.15,292.16650165068745,4.661014018223824,0.7450000000000007,0.02292598888257077,0.7450000000000006,0.0,0.022917651,0.15
3.6624410026249463,-0.7461810652897444,0.15,292.27946909370286,4.660504252338953,0.7460000000000007,0.02292598867325933,0.7460000000000006,0.0,0.022917651,0.15
3.662829332143914,-0.7435379136504107,0.15,292.392611403617,4.659994338274952,0.7470000000000006,0.022925988463294866,0.7470000000000006,0.0,0.022917651,0.15
3.6632176391122626,-0.7408947026882906,0.15,292.5059301606256,4.6594842746927965,0.7480000000000007,0.02292598825267148,0.7480000000000006,0.0,0.022917651,0.15
3.6636059233255978,-0.7382514318656903,0.15,292.619426964021,4.658974060237272,0.7490000000000006,0.022925988041383197,0.7490000000000006,0.0,0.022917651,0.15
3.6639941845770454,-0.7356081006383984,0.15,292.7331034324818,4.6584636935367385,0.7500000000000006,0.02292598782942398,0.7500000000000006,0.0,0.022917651,0.15
3.6643824226572166,-0.7329647084555865,0.15,292.8469612043676,4.657953173202879,0.7510000000000006,0.022925987616787696,0.7510000000000006,0.0,0.022917651,0.15
3.6647706373541697,-0.7303212547597084,0.15,292.9610019380189,4.657442497830447,0.7520000000000006,0.02292598740346816,0.7520000000000006,0.0,0.022917651,0.15
3.665158828453369,-0.727677738986398,0.15,293.0752273120627,4.656931665997001,0.7530000000000007,0.02292598718945911,0.7530000000000006,0.0,0.022917651,0.15
3.6655469957376483,-0.7250341605643634,0.15,293.1896390257235,4.656420676262649,0.7540000000000007,0.022925986974754193,0.7540000000000006,0.0,0.022917651,0.15
3.6659351389871646,-0.7223905189152816,0.15,293.3042387991404,4.655909527169775,0.7550000000000006,0.022925986759346983,0.7550000000000006,0.0,0.022917651,0.15
3.6663232579793665,-0.7197468134536894,0.15,293.4190283736898,4.6553982172427695,0.7560000000000006,0.022925986543230987,0.7560000000000006,0.0,0.022917651,0.15
3.6667113524889414,-0.7171030435868724,0.15,293.53400951231424,4.654886744987743,0.7570000000000006,0.02292598632639961,0.7570000000000006,0.0,0.022917651,0.15
3.667099422287779,-0.7144592087147538,0.15,293.64918399985686,4.6543751088922525,0.7580000000000006,0.02292598610884619,0.7580000000000006,0.0,0.022917651,0.15
3.6674874671449285,-0.7118153082297782,0.15,293.7645536434034,4.653863307425007,0.7590000000000006,0.022925985890563983,0.7590000000000006,0.0,0.022917651,0.15
3.6678754868265484,-0.7091713415167956,0.15,293.8801202726288,4.653351339035568,0.7600000000000006,0.022925985671546155,0.7600000000000006,0.0,0.022917651,0.15
3.6682634810958685,-0.7065273079529424,0.15,293.9958857401521,4.652839202154063,0.7610000000000006,0.02292598545178579,0.7610000000000006,0.0,0.022917651,0.15
3.6686514497131375,-0.7038832069075193,0.15,294.11185192189663,4.652326895190864,0.7620000000000006,0.02292598523127587,0.7620000000000006,0.0,0.022917651,0.15
3.6690393924355806,-0.7012390377418689,0.15,294.22802071745775,4.6518144165362925,0.7630000000000007,0.022925985010009316,0.7630000000000006,0.0,0.022917651,0.15
3.6694273090173484,-0.6985947998092487,0.15,294.3443940504777,4.651301764560283,0.7640000000000006,0.022925984787978932,0.7640000000000006,0.0,0.022917651,0.15
3.66981519920947,-0.6959504924547031,0.15,294.4609738690271,4.650788937612076,0.7650000000000006,0.022925984565177457,0.7650000000000006,0.0,0.022917651,0.15
3.670203062759803,-0.6933061150149331,0.15,294.57776214599386,4.650275934019883,0.7660000000000006,0.02292598434159751,0.7660000000000006,0.0,0.022917651,0.15
3.670590899412982,-0.6906616668181627,0.15,294.69476087947965,4.649762752090545,0.7670000000000006,0.022925984117231638,0.7670000000000006,0.0,0.022917651,0.15
3.6709787089103685,-0.6880171471840024,0.15,294.8119720932044,4.649249390109201,0.7680000000000007,0.02292598389207228,0.7680000000000006,0.0,0.022917651,0.15
3.671366490989995,-0.6853725554233117,0.15,294.92939783691753,4.648735846338926,0.7690000000000006,0.022925983666111784,0.7690000000000006,0.0,0.022917651,0.15
3.6717542453865173,-0.6827278908380573,0.15,295.04704018681855,4.648222119020388,0.7700000000000007,0.022925983439342393,0.7700000000000006,0.0,0.022917651,0.15
3.672141971831152,-0.6800831527211697,0.15,295.1649012459841,4.647708206371474,0.7710000000000006,0.02292598321175626,0.7710000000000006,0.0,0.022917651,0.15
3.672529670051629,-0.6774383403563962,0.15,295.2829831448055,4.647194106586931,0.7720000000000007,0.02292598298334542,0.7720000000000006,0.0,0.022917651,0.15
3.672917339772127,-0.6747934530181509,0.15,295.40128804143245,4.646679817837978,0.7730000000000005,0.022925982754101817,0.7730000000000006,0.0,0.022917651,0.15
3.673305333421583,-0.6721498608893478,0.15,295.516303587297,4.6461681199851315,0.7740000000000006,0.022925982527460056,0.7740000000000006,0.0,0.022917651,0.15
3.67369415541317,-0.6695095356304688,0.15,295.62293743412835,4.645663002278494,0.7750000000000007,0.022925982308613514,0.7750000000000006,0.0,0.022917651,0.15
3.6740829363451,-0.6668691051396701,0.15,295.72981297390356,4.645157615098536,0.7760000000000006,0.022925982089223373,0.7760000000000006,0.0,0.022917651,0.15
3.6744716750754596,-0.6642285664903376,0.15,295.83693692836647,4.644651950950913,0.7770000000000006,0.022925981869274525,0.7770000000000006,0.0,0.022917651,0.15
3.674860370419595,-0.6615879166463183,0.15,295.94431627084526,4.6441460020607765,0.7780000000000005,0.022925981648751276,0.7780000000000006,0.0,0.022917651,0.15
3.6752490211480926,-0.6589471524567474,0.15,296.0519582381342,4.6436397603595285,0.7790000000000007,0.022925981427637354,0.7790000000000006,0.0,0.022917651,0.15
3.6756376259846486,-0.6563062706505797,0.15,296.1598703430548,4.643133217470816,0.7800000000000007,0.022925981205915862,0.7800000000000006,0.0,0.022917651,0.15
3.6760261836038084,-0.6536652678308033,0.15,296.26806038774345,4.642626364695724,0.7810000000000006,0.022925980983569256,0.7810000000000006,0.0,0.022917651,0.15
3.676414692628578,-0.6510241404683176,0.15,296.37653647771265,4.642119192997083,0.7820000000000007,0.022925980760579296,0.7820000000000006,0.0,0.022917651,0.15
3.6768031516278965,-0.6483828848954505,0.15,296.4853070367423,4.641611692982876,0.7830000000000005,0.02292598053692704,0.7830000000000006,0.0,0.022917651,0.15
3.6771915591139535,-0.6457414972990889,0.15,296.5943808226548,4.641103854888652,0.7840000000000006,0.022925980312592797,0.7840000000000006,0.0,0.022917651,0.15
3.67757991353935,-0.6430999737133983,0.15,296.70376694403944,4.6405956685588725,0.7850000000000006,0.022925980087556072,0.7850000000000006,0.0,0.022917651,0.15
3.6779682132940823,-0.6404583100120981,0.15,296.81347487799053,4.640087123427137,0.7860000000000006,0.022925979861795554,0.7860000000000006,0.0,0.022917651,0.15
3.6783564567023475,-0.6378165019002656,0.15,296.9235144889341,4.639578208495198,0.7870000000000006,0.022925979635289057,0.7870000000000006,0.0,0.022917651,0.15
3.6787446420191436,-0.6351745449056317,0.15,297.0338960486197,4.639068912310661,0.7880000000000006,0.022925979408013476,0.7880000000000006,0.0,0.022917651,0.15
3.679132767426664,-0.632532434369331,0.15,297.14463025736393,4.638559222943307,0.7890000000000006,0.022925979179944753,0.7890000000000006,0.0,0.022917651,0.15
3.6795208310304557,-0.6298901654360682,0.15,297.25572826663745,4.638049127959906,0.7900000000000005,0.022925978951057795,0.7900000000000006,0.0,0.022917651,0.15
3.6799088308553425,-0.6272477330436549,0.15,297.3672017030955,4.6375386143974255,0.7910000000000006,0.02292597872132646,0.7910000000000006,0.0,0.022917651,0.15
3.6802967648410734,-0.6246051319118703,0.15,297.47906269416086,4.63702766873451,0.7920000000000006,0.022925978490723472,0.7920000000000006,0.0,0.022917651,0.15
3.680684630837698,-0.6219623565305962,0.15,297.59132389527815,4.6365162768610855,0.7930000000000007,0.02292597825922036,0.7930000000000006,0.0,0.022917651,0.15
3.6810724266006245,-0.6193194011471667,0.15,297.70399851896724,4.636004424045975,0.7940000000000005,0.02292597802678742,0.7940000000000006,0.0,0.022917651,0.15
3.681460149785362,-0.6166762597528732,0.15,297.8171003658162,4.635492094902342,0.7950000000000006,0.022925977793393604,0.7950000000000006,0.0,0.022917651,0.15
3.6818477979418915,-0.6140329260685606,0.15,297.9306438575672,4.634979273350795,0.7960000000000006,0.022925977559006473,0.7960000000000006,0.0,0.022917651,0.15
3.6822353685086697,-0.6113893935292365,0.15,298.044644072461,4.634465942579991,0.7970000000000007,0.02292597732359213,0.7970000000000006,0.0,0.022917651,0.15
3.6826228588062024,-0.6087456552676205,0.15,298.1591167830232,4.633952085004496,0.7980000000000006,0.022925977087115076,0.7980000000000006,0.0,0.022917651,0.15
3.6830102660301822,-0.6061017040965437,0.15,298.27407849649046,4.633437682219721,0.7990000000000007,0.022925976849538208,0.7990000000000006,0.0,0.022917651,0.15
3.6833975872441327,-0.6034575324901008,0.15,298.38954649809443,4.632922714953654,0.8000000000000006,0.02292597661082264,0.8000000000000006,0.0,0.022917651,0.15
3.6837504760209363,-0.6010840250668813,0.15,298.4080230743542,4.632472287628532,0.8010000000000007,0.02292597661342936,0.8010000000000006,0.0,0.022917651,0.15
3.6841033629032434,-0.5987104020647609,0.15,298.4265561101438,4.632021737148257,0.8020000000000006,0.02292597661584528,0.8020000000000006,0.0,0.022917651,0.15
3.6844562478676113,-0.596336662053616,0.15,298.4451463040693,4.6315710619889625,0.8030000000000006,0.022925976618068035,0.8030000000000006,0.0,0.022917651,0.15
3.684809130890212,-0.5939628035796309,0.15,298.4637943663101,4.6311202606015325,0.8040000000000006,0.022925976620095226,0.8040000000000006,0.0,0.022917651,0.15
3.685162011946818,-0.5915888251648048,0.15,298.48250101885975,4.630669331411083,0.8050000000000007,0.02292597662192441,0.8050000000000006,0.0,0.022917651,0.15
3.6855148910127973,-0.5892147253064475,0.15,298.50126699577265,4.630218272816422,0.8060000000000006,0.02292597662355311,0.8060000000000006,0.0,0.022917651,0.15
3.6858677680631065,-0.5868405024766612,0.15,298.5200930434167,4.629767083189496,0.8070000000000006,0.0229259766249788,0.8070000000000006,0.0,0.022917651,0.15
3.68622064307228,-0.58446615512181,0.15,298.5389799207327,4.629315760874832,0.8080000000000007,0.022925976626198916,0.8080000000000006,0.0,0.022917651,0.15
3.686573516014419,-0.5820916816619756,0.15,298.5579283995004,4.628864304188943,0.8090000000000006,0.022925976627210853,0.8090000000000006,0.0,0.022917651,0.15
3.686926386863188,-0.5797170804903989,0.15,298.57693926461087,4.628412711419746,0.8100000000000007,0.022925976628011952,0.8100000000000006,0.0,0.022917651,0.15
3.6872792555918,-0.5773423499729085,0.15,298.5960133143463,4.627960980825951,0.8110000000000007,0.022925976628599527,0.8110000000000006,0.0,0.022917651,0.15
3.6876321221730106,-0.5749674884473318,0.15,298.6151513606668,4.627509110636429,0.8120000000000008,0.022925976628970817,0.8120000000000006,0.0,0.022917651,0.15
3.687984986579104,-0.5725924942228947,0.15,298.6343542295045,4.627057099049573,0.8130000000000006,0.022925976629123043,0.8130000000000006,0.0,0.022917651,0.15
3.6883378487818885,-0.5702173655796026,0.15,298.65362276106544,4.626604944232644,0.8140000000000006,0.02292597662905337,0.8140000000000006,0.0,0.022917651,0.15
3.6886907087526817,-0.5678421007676063,0.15,298.6729578101391,4.62615264432109,0.8150000000000006,0.022925976628758893,0.8150000000000006,0.0,0.022917651,0.15
3.6890435664623,-0.5654666980065522,0.15,298.6923602464168,4.62570019741785,0.8160000000000008,0.02292597662823669,0.8160000000000006,0.0,0.022917651,0.15
3.6893964218810513,-0.5630911554849143,0.15,298.711830954817,4.6252476015926565,0.8170000000000006,0.022925976627483753,0.8170000000000006,0.0,0.022917651,0.15
3.6897492749787197,-0.5607154713593083,0.15,298.7313708358205,4.624794854881288,0.8180000000000006,0.022925976626497056,0.8180000000000006,0.0,0.022917651,0.15
3.6901021257245556,-0.5583396437537895,0.15,298.7509808058142,4.624341955284832,0.8190000000000006,0.02292597662527349,0.8190000000000006,0.0,0.022917651,0.15
3.690454974087264,-0.5559636707591296,0.15,298.7706617974432,4.6238889007689075,0.8200000000000006,0.022925976623809904,0.8200000000000006,0.0,0.022917651,0.15
3.6908078200349923,-0.5535875504320756,0.15,298.79041475997406,4.623435689262883,0.8210000000000006,0.022925976622103102,0.8210000000000006,0.0,0.022917651,0.15
3.691160663535319,-0.5512112807945888,0.15,298.8102406596655,4.622982318659056,0.8220000000000007,0.022925976620149804,0.8220000000000006,0.0,0.022917651,0.15
3.6915135045552363,-0.548834859833062,0.15,298.83014048015133,4.622528786811828,0.8230000000000006,0.02292597661794669,0.8230000000000006,0.0,0.022917651,0.15
3.6918663430611436,-0.5464582854975178,0.15,298.850115222832,4.622075091536844,0.8240000000000006,0.022925976615490385,0.8240000000000006,0.0,0.022917651,0.15
3.6922191790188292,-0.5440815557007825,0.15,298.8701659072781,4.621621230610114,0.8250000000000007,0.02292597661277743,0.8250000000000006,0.0,0.022917651,0.15
3.692572012393457,-0.5417046683176392,0.15,298.89029357164407,4.621167201767115,0.8260000000000007,0.022925976609804322,0.8260000000000006,0.0,0.022917651,0.15
3.6929248431495547,-0.5393276211839565,0.15,298.9104992730936,4.620713002701853,0.8270000000000007,0.022925976606567488,0.8270000000000006,0.0,0.022917651,0.15
3.693277671250997,-0.5369504120957949,0.15,298.9307840882369,4.620258631065921,0.8280000000000007,0.022925976603063298,0.8280000000000006,0.0,0.022917651,0.15
3.6936304966609903,-0.5345730388084858,0.15,298.95114911357956,4.61980408446751,0.8290000000000008,0.02292597659928803,0.8290000000000006,0.0,0.022917651,0.15
3.693983319342057,-0.5321954990356874,0.15,298.9715954659845,4.619349360470408,0.8300000000000007,0.022925976595237926,0.8300000000000006,0.0,0.022917651,0.15
3.6943361392560243,-0.5298177904484124,0.15,298.9921242831466,4.618894456592962,0.8310000000000007,0.022925976590909128,0.8310000000000006,0.0,0.022917651,0.15
3.694688956364,-0.5274399106740296,0.15,299.01273672408064,4.618439370307012,0.8320000000000005,0.022925976586297726,0.8320000000000006,0.0,0.022917651,0.15
3.6950417706263616,-0.5250618572952361,0.15,299.03343396962316,4.617984099036803,0.8330000000000007,0.022925976581399724,0.8330000000000006,0.0,0.022917651,0.15
3.695394582002736,-0.5226836278490015,0.15,299.054217222948,4.617528640157848,0.8340000000000007,0.022925976576211062,0.8340000000000006,0.0,0.022917651,0.15
3.6957473904519844,-0.5203052198254815,0.15,299.0750877100978,4.617072990995784,0.8350000000000007,0.022925976570727598,0.8350000000000006,0.0,0.022917651,0.15
3.696100195932181,-0.5179266306668999,0.15,299.09604668052907,4.616617148825171,0.8360000000000007,0.022925976564945102,0.8360000000000006,0.0,0.022917651,0.15
3.6964529984005954,-0.5155478577663996,0.15,299.1170954076746,4.61616111086827,0.8370000000000006,0.02292597655885928,0.8370000000000006,0.0,0.022917651,0.15
3.696805797813674,-0.5131688984668589,0.15,299.1382351895205,4.615704874293783,0.8380000000000006,0.022925976552465734,0.8380000000000006,0.0,0.022917651,0.15
3.697158594127019,-0.5107897500596748,0.15,299.15946734920175,4.61524843621556,0.8390000000000005,0.02292597654576,0.8390000000000006,0.0,0.022917651,0.15
3.6975113872953695,-0.5084104097835096,0.15,299.1807932356134,4.6147917936912535,0.8400000000000007,0.022925976538737517,0.8400000000000006,0.0,0.022917651,0.15
3.6978641772725758,-0.5060308748230017,0.15,299.20221422404103,4.614334943720955,0.8410000000000006,0.022925976531393638,0.8410000000000006,0.0,0.022917651,0.15
3.698216964011584,-0.5036511423074373,0.15,299.22373171680925,4.613877883245774,0.8420000000000006,0.022925976523723628,0.8420000000000006,0.0,0.022917651,0.15
3.69856974746441,-0.5012712093093844,0.15,299.24534714394963,4.613420609146384,0.8430000000000007,0.02292597651572265,0.8430000000000006,0.0,0.022917651,0.15
3.6989225275821154,-0.49889107284328393,0.15,299.2670619638876,4.612963118241519,0.8440000000000007,0.02292597650738577,0.8440000000000006,0.0,0.022917651,0.15
3.6992753043147872,-0.4965107298640004,0.15,299.28887766415215,4.612505407286436,0.8450000000000006,0.022925976498707968,0.8450000000000006,0.0,0.022917651,0.15
3.69962807761151,-0.4941301772653285,0.15,299.31079576210374,4.612047472971317,0.8460000000000006,0.022925976489684113,0.8460000000000006,0.0,0.022917651,0.15
3.6999808474203424,-0.4917494118784543,0.15,299.33281780568734,4.611589311919629,0.8470000000000008,0.022925976480308977,0.8470000000000006,0.0,0.022917651,0.15
3.7003336136882905,-0.48936843047036965,0.15,299.35494537420595,4.611130920686438,0.8480000000000006,0.022925976470577224,0.8480000000000006,0.0,0.022917651,0.15
3.7006863763612827,-0.48698722974223857,0.15,299.377180079119,4.610672295756671,0.8490000000000006,0.0229259764604834,0.8490000000000006,0.0,0.022917651,0.15
3.70103913538414,-0.48460580632771333,0.15,299.3995235648654,4.6102134335433105,0.8500000000000006,0.022925976450021954,0.8500000000000006,0.0,0.022917651,0.15
3.701391890700548,-0.4822241567911984,0.15,299.4219775097107,4.6097543303855595,0.8510000000000006,0.02292597643918721,0.8510000000000006,0.0,0.022917651,0.15
3.701744642253028,-0.4798422776260604,0.15,299.4445436266223,4.609294982546921,0.8520000000000006,0.02292597642797339,0.8520000000000006,0.0,0.022917651,0.15
3.7020973899829075,-0.477460165252783,0.15,299.4672236641702,4.608835386213241,0.8530000000000008,0.022925976416374574,0.8530000000000006,0.0,0.022917651,0.15
3.7024501338302853,-0.4750778160170631,0.15,299.4900194074573,4.608375537490675,0.8540000000000006,0.02292597640438473,0.8540000000000006,0.0,0.022917651,0.15
3.7028028737340075,-0.4726952261878478,0.15,299.5129326790784,4.607915432403596,0.8550000000000006,0.022925976391997702,0.8550000000000006,0.0,0.022917651,0.15
3.7031556096316245,-0.47031239195530833,0.15,299.5359653401097,4.6074550668924426,0.8560000000000006,0.022925976379207198,0.8560000000000006,0.0,0.022917651,0.15
3.7035083414593615,-0.46792930942875033,0.15,299.55911929112966,4.606994436811481,0.8570000000000007,0.0229259763660068,0.8570000000000007,0.0,0.022917651,0.15
3.7038610691520844,-0.4655459746344567,0.15,299.58239647327275,4.606533537926515,0.8580000000000007,0.022925976352389934,0.8580000000000007,0.0,0.022917651,0.15
3.704213792643262,-0.46316238351346173,0.15,299.6057988693171,4.606072365912513,0.8590000000000008,0.022925976338349915,0.8590000000000007,0.0,0.022917651,0.15
3.7045665118649262,-0.46077853191925183,0.15,299.6293285048072,4.6056109163511545,0.8600000000000008,0.022925976323879892,0.8600000000000007,0.0,0.022917651,0.15
3.7049192267476365,-0.45839441561539296,0.15,299.6529874492129,4.605149184728307,0.8610000000000005,0.022925976308972876,0.8610000000000007,0.0,0.022917651,0.15
3.7052719372204383,-0.4560100302730799,0.15,299.67677781712723,4.604687166431408,0.8620000000000007,0.02292597629362171,0.8620000000000007,0.0,0.022917651,0.15
3.70562464321082,-0.45362537146860427,0.15,299.70070176950236,4.604224856746775,0.8630000000000008,0.0229259762778191,0.8630000000000007,0.0,0.022917651,0.15
3.7059773446446735,-0.45124043468074015,0.15,299.72476151492737,4.6037622508568115,0.8640000000000008,0.022925976261557575,0.8640000000000007,0.0,0.022917651,0.15
3.706330041446246,-0.4488552152880415,0.15,299.7489593109482,4.603299343837135,0.8650000000000008,0.02292597624482951,0.8650000000000007,0.0,0.022917651,0.15
3.7066827335380976,-0.4464697085660502,0.15,299.77329746543126,4.6028361306535945,0.8660000000000007,0.022925976227627112,0.8660000000000007,0.0,0.022917651,0.15
3.707035420841052,-0.4440839096844094,0.15,299.7977783379741,4.602372606159205,0.8670000000000008,0.022925976209942397,0.8670000000000007,0.0,0.022917651,0.15
3.7073881032741487,-0.4416978137038799,0.15,299.82240434136247,4.601908765090954,0.8680000000000007,0.02292597619176721,0.8680000000000007,0.0,0.022917651,0.15
3.707740780754591,-0.4393114155732547,0.15,299.84717794307767,4.601444602066529,0.8690000000000007,0.02292597617309322,0.8690000000000007,0.0,0.022917651,0.15
3.7080935940665904,-0.43692490974782267,0.15,299.8715203856139,4.600980874682536,0.8700000000000007,0.0229259761540712,0.8700000000000007,0.0,0.022917651,0.15
3.7084491619663926,-0.43454200503157014,0.15,299.8846358579049,4.600531766847276,0.8710000000000007,0.022925976137860387,0.8710000000000007,0.0,0.022917651,0.15
3.7088047468653733,-0.4321588184691443,0.15,299.8978309865325,4.600082445163201,0.8720000000000007,0.0229259761215478,0.8720000000000007,0.0,0.022917651,0.15
3.7091603491506873,-0.4297753436415361,0.15,299.91110758565884,4.599632904759935,0.8730000000000007,0.022925976105131102,0.8730000000000007,0.0,0.022917651,0.15
3.709515969221334,-0.42739157393332294,0.15,299.92446752495766,4.599183140618072,0.8740000000000007,0.02292597608860792,0.8740000000000007,0.0,0.022917651,0.15
3.7098716074886173,-0.42500750252509756,0.15,299.93791273175316,4.598733147563434,0.8750000000000007,0.02292597607197577,0.8750000000000007,0.0,0.022917651,0.15
3.710227264376623,-0.4226231223855454,0.15,299.9514451932597,4.59828292026106,0.8760000000000008,0.022925976055232136,0.8760000000000007,0.0,0.022917651,0.15
3.710582940322715,-0.4202384262631487,0.15,299.9650669589264,4.597832453208911,0.8770000000000008,0.02292597603837438,0.8770000000000007,0.0,0.022917651,0.15
3.7109386357780645,-0.41785340667749815,0.15,299.97878014289205,4.59738174073128,0.8780000000000007,0.022925976021399817,0.8780000000000007,0.0,0.022917651,0.15
3.7112943512081977,-0.41546805591019026,0.15,299.99258692655866,4.596930776971883,0.8790000000000007,0.022925976004305647,0.8790000000000007,0.0,0.022917651,0.15
3.7116500870935702,-0.4130823659952863,0.15,300.0064895612872,4.596479555886618,0.8800000000000007,0.022925975987089,0.8800000000000007,0.0,0.022917651,0.15
3.7120058439301675,-0.41069632870930867,0.15,300.02049037122504,4.596028071235979,0.8810000000000008,0.0229259759697469,0.8810000000000007,0.0,0.022917651,0.15
3.7123616222301465,-0.40830993556074885,0.15,300.03459175627177,4.595576316577095,0.8820000000000007,0.022925975952276283,0.8820000000000007,0.0,0.022917651,0.15
3.71271742252249,-0.4059231777790573,0.15,300.04879619519045,4.595124285255369,0.8830000000000007,0.022925975934673985,0.8830000000000007,0.0,0.022917651,0.15
3.713073245353709,-0.403536046303086,0.15,300.0631062488737,4.594671970395723,0.8840000000000007,0.022925975916936736,0.8840000000000007,0.0,0.022917651,0.15
3.713429091288574,-0.40114853176895326,0.15,300.077524563774,4.594219364893375,0.8850000000000008,0.022925975899061146,0.8850000000000007,0.0,0.022917651,0.15
3.713784960910883,-0.39876062449729355,0.15,300.09205387550713,4.593766461404173,0.8860000000000007,0.022925975881043725,0.8860000000000007,0.0,0.022917651,0.15
3.7141408548242705,-0.3963723144798584,0.15,300.10669701263873,4.59331325233443,0.8870000000000007,0.02292597586288085,0.8870000000000007,0.0,0.022917651,0.15
3.714496773653056,-0.39398359136542854,0.15,300.121456900666,4.592859729830231,0.8880000000000007,0.022925975844568798,0.8880000000000007,0.0,0.022917651,0.15
3.714852718043139,-0.3915944444449951,0.15,300.1363365662059,4.592405885766189,0.8890000000000007,0.02292597582610369,0.8890000000000007,0.0,0.022917651,0.15
3.715208688662941,-0.38920486263616655,0.15,300.1513391414021,4.591951711733619,0.8900000000000007,0.022925975807481524,0.8900000000000007,0.0,0.022917651,0.15
3.7155646862043907,-0.38681483446675213,0.15,300.16646786856484,4.591497199028074,0.8910000000000007,0.022925975788698164,0.8910000000000007,0.0,0.022917651,0.15
3.715920711383971,-0.3844243480574722,0.15,300.1817261050569,4.5910423386362345,0.8920000000000008,0.02292597576974931,0.8920000000000007,0.0,0.022917651,0.15
3.716276764943817,-0.3820333911037395,0.15,300.197117328443,4.5905871212220815,0.8930000000000007,0.02292597575063053,0.8930000000000007,0.0,0.022917651,0.15
3.716632847652874,-0.3796419508564538,0.15,300.21264514191796,4.590131537112324,0.8940000000000008,0.022925975731337207,0.8940000000000007,0.0,0.022917651,0.15
3.716988960308119,-0.3772500141017454,0.15,300.2283132800311,4.589675576281031,0.8950000000000008,0.022925975711864586,0.8950000000000007,0.0,0.022917651,0.15
3.71734510373585,-0.374857567139602,0.15,300.2441256147271,4.5892192283334134,0.8960000000000007,0.022925975692207702,0.8960000000000007,0.0,0.022917651,0.15
3.7177012787930472,-0.372464595761304,0.15,300.2600861617233,4.588762482488705,0.8970000000000007,0.022925975672361435,0.8970000000000007,0.0,0.022917651,0.15
3.7180574863688096,-0.3700710852255917,0.15,300.2761990872451,4.588305327562078,0.8980000000000008,0.022925975652320452,0.8980000000000007,0.0,0.022917651,0.15
3.7184137273858764,-0.36767702023348026,0.15,300.29246871514454,4.587847751945533,0.8990000000000008,0.022925975632079234,0.8990000000000007,0.0,0.022917651,0.15
3.7187700028022297,-0.3652823849016314,0.15,300.30889953442534,4.5873897435877025,0.9000000000000007,0.02292597561163205,0.9000000000000007,0.0,0.022917651,0.15
3.719057036478365,-0.3631565790399624,0.15,300.317557823795,4.586869647335184,0.9010000000000007,0.02292597555833908,0.9010000000000007,0.0,0.022917651,0.15
3.719344104160607,-0.36103052012320824,0.15,300.3263203169151,4.586349434048483,0.9020000000000007,0.022925975504986602,0.9020000000000007,0.0,0.022917651,0.15
3.719631206632582,-0.358904202320037,0.15,300.3351894150282,4.585829101030695,0.9030000000000008,0.022925975451573242,0.9030000000000007,0.0,0.022917651,0.15
3.7199183447021795,-0.3567776196185619,0.15,300.34416759372607,4.585308645501413,0.9040000000000008,0.02292597539809758,0.9040000000000007,0.0,0.022917651,0.15
3.720205519202502,-0.35465076581929966,0.15,300.35325740585006,4.584788064593467,0.9050000000000007,0.02292597534455817,0.9050000000000007,0.0,0.022917651,0.15
3.720492730992848,-0.352523634527795,0.15,300.3624614845272,4.584267355349521,0.9060000000000007,0.022925975290953488,0.9060000000000007,0.0,0.022917651,0.15
3.720779980959761,-0.35039621914689545,0.15,300.37178254635205,4.583746514718489,0.9070000000000008,0.022925975237282008,0.9070000000000007,0.0,0.022917651,0.15
3.7210672700181044,-0.3482685128686551,0.15,300.3812233947199,4.583225539551798,0.9080000000000008,0.022925975183542106,0.9080000000000007,0.0,0.022917651,0.15
3.721354599112215,-0.3461405086658486,0.15,300.39078692332197,4.582704426599461,0.9090000000000007,0.02292597512973215,0.9090000000000007,0.0,0.022917651,0.15
3.721641969217089,-0.34401219928307003,0.15,300.4004761198101,4.582183172505962,0.9100000000000008,0.022925975075850414,0.9100000000000007,0.0,0.022917651,0.15
3.7219293813396424,-0.341883577227396,0.15,300.41029406964185,4.581661773805938,0.9110000000000007,0.022925975021895154,0.9110000000000007,0.0,0.022917651,0.15
3.722216836520025,-0.3397546347585858,0.15,300.42024396011567,4.581140226919641,0.9120000000000007,0.022925974967864533,0.9120000000000007,0.0,0.022917651,0.15
3.7225043358330074,-0.33762536387879316,0.15,300.4303290846078,4.580618528148188,0.9130000000000007,0.02292597491375668,0.9130000000000007,0.0,0.022917651,0.15
3.722791880389427,-0.3354957563217587,0.15,300.4405528470224,4.580096673668559,0.9140000000000007,0.02292597485956965,0.9140000000000007,0.0,0.022917651,0.15
3.723079471337717,-0.33336580354145484,0.15,300.45091876646705,4.579574659528342,0.9150000000000007,0.02292597480530143,0.9150000000000007,0.0,0.022917651,0.15
3.7233671098655123,-0.3312354967001493,0.15,300.46143048216874,4.579052481640222,0.9160000000000007,0.02292597475094995,0.9160000000000007,0.0,0.022917651,0.15
3.723654797201335,-0.3291048266558515,0.15,300.47209175864253,4.5785301357761625,0.9170000000000009,0.022925974696513047,0.9170000000000007,0.0,0.022917651,0.15
3.7239425346163655,-0.32697378394910537,0.15,300.48290649113034,4.5780076175613065,0.9180000000000008,0.022925974641988502,0.9180000000000007,0.0,0.022917651,0.15
3.7242303234263177,-0.3248423587890889,0.15,300.4938787113251,4.577484922467547,0.9190000000000007,0.022925974587374023,0.9190000000000007,0.0,0.022917651,0.15
3.724518164993401,-0.3227105410389754,0.15,300.50501259339853,4.576962045806755,0.9200000000000008,0.022925974532667207,0.9200000000000007,0.0,0.022917651,0.15
3.724806060728394,-0.3205783202005132,0.15,300.5163124603507,4.576438982723643,0.9210000000000009,0.0229259744778656,0.9210000000000007,0.0,0.022917651,0.15
3.725094012092827,-0.3184456853977723,0.15,300.5277827907035,4.57591572818826,0.9220000000000007,0.022925974422966636,0.9220000000000007,0.0,0.022917651,0.15
3.7253820206012893,-0.3163126253600066,0.15,300.53942822555695,4.575392276988052,0.9230000000000007,0.02292597436796767,0.9230000000000007,0.0,0.022917651,0.15
3.725670087823855,-0.31417912840357426,0.15,300.5512535760349,4.574868623719512,0.9240000000000009,0.022925974312865954,0.9240000000000007,0.0,0.022917651,0.15
3.7259582153886464,-0.31204518241285456,0.15,300.56326383114225,4.574344762779345,0.9250000000000009,0.02292597425765863,0.9250000000000007,0.0,0.022917651,0.15
3.726246404984547,-0.3099107748200982,0.15,300.5754641660631,4.573820688355156,0.9260000000000008,0.022925974202342755,0.9260000000000007,0.0,0.022917651,0.15
3.7265346583640575,-0.3077758925841374,0.15,300.5878599509269,4.5732963944156015,0.9270000000000007,0.02292597414691525,0.9270000000000007,0.0,0.022917651,0.15
3.7268229773463224,-0.30564052216788257,0.15,300.60045676007536,4.572771874699981,0.9280000000000008,0.022925974091372942,0.9280000000000007,0.0,0.022917651,0.15
3.727111363820326,-0.30350464951452266,0.15,300.6132603818625,4.572247122707228,0.9290000000000008,0.022925974035712515,0.9290000000000007,0.0,0.022917651,0.15
3.727399819748282,-0.3013682600223419,0.15,300.62627682902485,4.571722131684268,0.9300000000000007,0.022925973979930542,0.9300000000000007,0.0,0.022917651,0.15
3.7276883471692077,-0.29923133851805755,0.15,300.63951234966044,4.571196894613688,0.9310000000000008,0.022925973924023457,0.9310000000000007,0.0,0.022917651,0.15
3.7279769482027274,-0.2970938692285769,0.15,300.65297343885857,4.570671404200666,0.9320000000000008,0.022925973867987542,0.9320000000000007,0.0,0.022917651,0.15
3.7282656250530906,-0.29495583575106316,0.15,300.66666685102666,4.5701456528591375,0.9330000000000007,0.022925973811818948,0.9330000000000007,0.0,0.022917651,0.15
3.728554380013438,-0.2928172210211898,0.15,300.6805996129621,4.569619632697106,0.9340000000000008,0.022925973755513657,0.9340000000000007,0.0,0.022917651,0.15
3.7288432154703335,-0.29067800727945575,0.15,300.69477903772326,4.569093335501071,0.9350000000000008,0.022925973699067494,0.9350000000000007,0.0,0.022917651,0.15
3.7291321339085615,-0.28853817603542065,0.15,300.7092127393568,4.568566752719477,0.9360000000000007,0.02292597364247611,0.9360000000000007,0.0,0.022917651,0.15
3.7294215694344666,-0.28639858864653445,0.15,300.7218231784585,4.568042482087135,0.9370000000000007,0.022925973585363624,0.9370000000000007,0.0,0.022917651,0.15
3.7297125141563536,-0.2842612993413459,0.15,300.72778783015735,4.567526546162155,0.9380000000000008,0.022925973526879855,0.9380000000000007,0.0,0.022917651,0.15
3.7300035384884715,-0.2821233996977107,0.15,300.7340061117684,4.567010318341672,0.9390000000000008,0.022925973468256425,0.9390000000000007,0.0,0.022917651,0.15
3.730294645117776,-0.2799848691158669,0.15,300.74048658364995,4.566493788773811,0.9400000000000007,0.022925973409488615,0.9400000000000007,0.0,0.022917651,0.15
3.730585836853515,-0.2778456860584772,0.15,300.7472381957756,4.5659769471583,0.9410000000000008,0.022925973350571498,0.9410000000000007,0.0,0.022917651,0.15
3.7308771166342685,-0.27570582799667465,0.15,300.7542703101552,4.5654597827206675,0.942000000000001,0.02292597329149992,0.9420000000000007,0.0,0.022917651,0.15
3.7311684875354776,-0.2735652713523379,0.15,300.7615927248228,4.56494228418463,0.9430000000000007,0.022925973232268488,0.9430000000000007,0.0,0.022917651,0.15
3.731459952777504,-0.27142399143628737,0.15,300.76921569951935,4.5644244397425435,0.9440000000000007,0.02292597317287155,0.9440000000000007,0.0,0.022917651,0.15
3.731751515734274,-0.2692819623820603,0.15,300.77714998321335,4.563906237023726,0.9450000000000008,0.02292597311330318,0.9450000000000007,0.0,0.022917651,0.15
3.732043179942531,-0.26713915707489183,0.15,300.78540684361286,4.563387663060485,0.9460000000000008,0.02292597305355719,0.9460000000000007,0.0,0.022917651,0.15
3.73233494911179,-0.2649955470754922,0.15,300.79399809884046,4.562868704251681,0.9470000000000007,0.022925972993627055,0.9470000000000007,0.0,0.022917651,0.15
3.73262682713501,-0.2628511025381705,0.15,300.8029361514573,4.562349346323555,0.9480000000000007,0.022925972933505956,0.9480000000000007,0.0,0.022917651,0.15
3.732918818100076,-0.2607057921228078,0.15,300.8122340250435,4.561829574287637,0.9490000000000008,0.022925972873186713,0.9490000000000007,0.0,0.022917651,0.15
3.7332109263021573,-0.2585595829001358,0.15,300.8219054035599,4.561309372395443,0.9500000000000007,0.022925972812661805,0.9500000000000007,0.0,0.022917651,0.15
3.733503156257013,-0.2564124402497182,0.15,300.8319646737428,4.560788724089684,0.9510000000000007,0.022925972751923294,0.9510000000000007,0.0,0.022917651,0.15
3.7337955127153353,-0.2542643277499706,0.15,300.8424269708064,4.56026761195167,0.9520000000000008,0.022925972690962852,0.9520000000000007,0.0,0.022917651,0.15
3.734088000678232,-0.2521152070594851,0.15,300.8533082277598,4.55974601764455,0.9530000000000007,0.02292597262977171,0.9530000000000007,0.0,0.022917651,0.15
3.734380625413947,-0.24996503778884543,0.15,300.86462522867436,4.559223921852012,0.9540000000000007,0.022925972568340617,0.9540000000000007,0.0,0.022917651,0.15
3.734673392475932,-0.24781377736203367,0.15,300.87639566627746,4.558701304211993,0.9550000000000008,0.02292597250665984,0.9550000000000007,0.0,0.022917651,0.15
3.7349663077224213,-0.24566138086642678,0.15,300.88863820428696,4.558178143244949,0.9560000000000007,0.02292597244471909,0.9560000000000007,0.0,0.022917651,0.15
3.7352593773376226,-0.24350780089027385,0.15,300.9013725449489,4.557654416276121,0.9570000000000007,0.02292597238250753,0.9570000000000007,0.0,0.022917651,0.15
3.7355526078547157,-0.24135298734641583,0.15,300.9146195022917,4.557130099351232,0.9580000000000007,0.022925972320013685,0.9580000000000007,0.0,0.022917651,0.15
3.735846006180816,-0.2391968872808716,0.15,300.9284010816694,4.55660516714494,0.9590000000000007,0.02292597225722545,0.9590000000000007,0.0,0.022917651,0.15
3.7361395796241204,-0.2370394446647511,0.15,300.94274056623334,4.556079592861326,0.9600000000000009,0.022925972194129996,0.9600000000000007,0.0,0.022917651,0.15
3.7364333359234445,-0.2348806001677768,0.15,300.9576626110469,4.555553348125572,0.9610000000000007,0.022925972130713755,0.9610000000000007,0.0,0.022917651,0.15
3.7367272832804166,-0.23272029091148919,0.15,300.97319334564236,4.555026402865938,0.962000000000001,0.022925972066962327,0.9620000000000007,0.0,0.022917651,0.15
3.7370214303945977,-0.23055845019997673,0.15,300.9893604859178,4.554498725184978,0.9630000000000007,0.022925972002860458,0.9630000000000007,0.0,0.022917651,0.15
3.737315786501854,-0.22839500722570671,0.15,301.0061934563811,4.553970281218859,0.9640000000000007,0.022925971938391944,0.9640000000000007,0.0,0.022917651,0.15
3.7376103614163294,-0.22622988674772768,0.15,301.02372352387414,4.553441034983454,0.9650000000000006,0.02292597187353957,0.9650000000000007,0.0,0.022917651,0.15
3.737905165576426,-0.22406300873916912,0.15,301.04198394405756,4.552910948205765,0.9660000000000007,0.02292597180828502,0.9660000000000007,0.0,0.022917651,0.15
3.738200210095239,-0.22189428800056457,0.15,301.06101012209604,4.552379980138984,0.9670000000000007,0.02292597174260879,0.9670000000000007,0.0,0.022917651,0.15
3.7384955068159638,-0.2197236337350693,0.15,301.0808397891794,4.551848087359354,0.9680000000000007,0.02292597167649012,0.9680000000000007,0.0,0.022917651,0.15
3.7387916803226346,-0.21755486962308068,0.15,301.0979617884722,4.551321592437654,0.9690000000000009,0.022925971601636848,0.9690000000000007,0.0,0.022917651,0.15
3.7390885340695044,-0.21538695682852052,0.15,301.11328390350565,4.550798670214549,0.9700000000000008,0.022925971520901974,0.9700000000000008,0.0,0.022917651,0.15
3.739385650249997,-0.21321715428080146,0.15,301.12924337802696,4.550274908018339,0.9710000000000008,0.02292597144010372,0.9710000000000008,0.0,0.022917651,0.15
3.7396830417919156,-0.21104536888836425,0.15,301.1458716091465,4.549750264470916,0.9720000000000008,0.022925971359238944,0.9720000000000008,0.0,0.022917651,0.15
3.739980722486356,-0.20887150134316684,0.15,301.16320209061575,4.549224695431023,0.9730000000000008,0.02292597127830433,0.9730000000000008,0.0,0.022917651,0.15
3.740278707060997,-0.20669544559296726,0.15,301.1812705908115,4.54869815375968,0.9740000000000008,0.022925971197296318,0.9740000000000008,0.0,0.022917651,0.15
3.7405770112609735,-0.2045170882589216,0.15,301.2001153491627,4.548170589061324,0.9750000000000008,0.022925971116211103,0.9750000000000008,0.0,0.022917651,0.15
3.7408756519382886,-0.20233630799176774,0.15,301.2197772932916,4.547641947397629,0.9760000000000009,0.022925971035044602,0.9760000000000008,0.0,0.022917651,0.15
3.7411746471508183,-0.2001529747589058,0.15,301.24030027946105,4.5471121709706335,0.9770000000000008,0.02292597095379248,0.9770000000000008,0.0,0.022917651,0.15
3.7414740162721336,-0.19796694905356332,0.15,301.2617313593005,4.54658119777121,0.9780000000000008,0.022925970872450036,0.9780000000000008,0.0,0.022917651,0.15
3.7417737801135527,-0.1957780810159266,0.15,301.28412107622256,4.546048961188433,0.9790000000000008,0.022925970791012256,0.9790000000000008,0.0,0.022917651,0.15
3.742073961060032,-0.19358620945458913,0.15,301.3075237954611,4.545515389574611,0.9800000000000008,0.022925970709473727,0.9800000000000008,0.0,0.022917651,0.15
3.7423745832217743,-0.1913911607548722,0.15,301.3319980722632,4.54498040576006,0.9810000000000008,0.022925970627828616,0.9810000000000008,0.0,0.022917651,0.15
3.742675672603699,-0.1891927476584601,0.15,301.35760706348253,4.544443926510652,0.9820000000000008,0.02292597054607066,0.9820000000000008,0.0,0.022917651,0.15
3.742977257295295,-0.18699076789629715,0.15,301.3844189886647,4.543905861920167,0.9830000000000009,0.02292597046419306,0.9830000000000008,0.0,0.022917651,0.15
3.7432793676837686,-0.1847850026537418,0.15,301.4125076477064,4.543366114728063,0.9840000000000008,0.02292597038218849,0.9840000000000008,0.0,0.022917651,0.15
3.743582003405038,-0.1825763636083252,0.15,301.4413516134282,4.542825595004792,0.9850000000000008,0.022925970300143043,0.9850000000000008,0.0,0.022917651,0.15
3.743884957281493,-0.1803713017990894,0.15,301.46747601966604,4.542289924162558,0.9860000000000009,0.02292597021861448,0.9860000000000008,0.0,0.022917651,0.15
3.744188434365815,-0.17816233239997434,0.15,301.49470827826656,4.541752438568548,0.9870000000000008,0.022925970137017096,0.9870000000000008,0.0,0.022917651,0.15
3.7444924667851036,-0.17594921546901598,0.15,301.52311641588574,4.541213026789597,0.9880000000000008,0.02292597005534665,0.9880000000000008,0.0,0.022917651,0.15
3.744797089351732,-0.17373169100920877,0.15,301.55277414504326,4.540671568078635,0.9890000000000008,0.02292596997359857,0.9890000000000008,0.0,0.022917651,0.15
3.74510233984989,-0.17150947682846523,0.15,301.58376147085255,4.540127931380817,0.9900000000000009,0.022925969891767883,0.9900000000000008,0.0,0.022917651,0.15
3.7454082593596185,-0.16928226611956756,0.15,301.6161653771352,4.539581974209604,0.9910000000000008,0.02292596980984919,0.9910000000000008,0.0,0.022917651,0.15
3.745714892624184,-0.16704972471641505,0.15,301.65008060431074,4.53903354137253,0.9920000000000008,0.022925969727836594,0.9920000000000008,0.0,0.022917651,0.15
3.7460222884677123,-0.16481148797490075,0.15,301.6856105337082,4.538482463522614,0.9930000000000008,0.02292596964572368,0.9930000000000008,0.0,0.022917651,0.15
3.7463305002712994,-0.16256715721710638,0.15,301.72286819568325,4.5379285555069915,0.9940000000000008,0.022925969563503425,0.9940000000000008,0.0,0.022917651,0.15
3.7466395865173596,-0.1603162956657858,0.15,301.7619774222447,4.5373716144788165,0.9950000000000008,0.022925969481168127,0.9950000000000008,0.0,0.022917651,0.15
3.746948695057619,-0.1580690039051338,0.15,301.79730644413115,4.536818330879764,0.9960000000000008,0.022925969399076762,0.9960000000000008,0.0,0.022917651,0.15
3.7472582137199884,-0.15582041611801756,0.15,301.83130819768775,4.536265390899293,0.9970000000000009,0.022925969317020553,0.9970000000000008,0.0,0.022917651,0.15
3.7475686125224295,-0.15356521429111938,0.15,301.86672621064326,4.535709357313852,0.9980000000000008,0.02292596923481082,0.9980000000000008,0.0,0.022917651,0.15
3.747879954313489,-0.1513029261328062,0.15,301.9036616144526,4.535150009217037,0.9990000000000008,0.022925969152436616,0.9990000000000008,0.0,0.022917651,0.15
3.7481923080714212,-0.1490330332881779,0.15,301.9422254040633,4.534587104157131,1.0000000000000009,0.022925969069885904,1.0000000000000009,0.0,0.022917651,0.15
3.7484243654400324,-0.1471003141851232,0.15,302.076563052297,4.533996540615089,1.0010000000000008,0.02292596908567168,1.0010000000000008,0.0,0.022917651,0.15
3.7486565685095616,-0.14516676750999383,0.15,302.21111509742445,4.53340573230412,1.002000000000001,0.022925969101453902,1.002000000000001,0.0,0.022917651,0.15
3.7488889209791028,-0.14323237225217256,0.15,302.3458869826105,4.532814673009963,1.0030000000000008,0.022925969117232485,1.0030000000000008,0.0,0.022917651,0.15
3.7491214266740367,-0.14129710668373946,0.15,302.48088433684944,4.53222335630621,1.004000000000001,0.02292596913300733,1.004000000000001,0.0,0.022917651,0.15
3.7493540895514643,-0.13936094832860063,0.15,302.61611298296305,4.5316317755451605,1.005000000000001,0.022925969148778338,1.0050000000000008,0.0,0.022917651,0.15
3.7495869137059312,-0.13742387393000244,0.15,302.7515789460165,4.531039923848223,1.006000000000001,0.02292596916454541,1.006000000000001,0.0,0.022917651,0.15
3.7498199033754416,-0.13548585941634464,0.15,302.8872884621753,4.5304477940957995,1.0070000000000008,0.022925969180308446,1.0070000000000008,0.0,0.022917651,0.15
3.7500530629477997,-0.13354687986517444,0.15,303.0232479880329,4.529855378916639,1.008000000000001,0.022925969196067337,1.008000000000001,0.0,0.022917651,0.15
3.7502857092469912,-0.1316125556065368,0.15,303.15764676404416,4.529265566767728,1.009000000000001,0.022925969211724215,1.0090000000000008,0.0,0.022917651,0.15
3.75051819632013,-0.12967995203479682,0.15,303.2914318939763,4.528676838789628,1.0100000000000011,0.02292596922733138,1.010000000000001,0.0,0.022917651,0.15
3.7507508510067913,-0.12774638964585844,0.15,303.4254650265606,4.528087822443171,1.0110000000000008,0.02292596924293508,1.0110000000000008,0.0,0.022917651,0.15
3.7509836780281316,-0.12581184143279953,0.15,303.55975314726606,4.527498509605908,1.012000000000001,0.022925969258535205,1.012000000000001,0.0,0.022917651,0.15
3.751216682284293,-0.12387627936481771,0.15,303.694303506394,4.526908891847457,1.0130000000000008,0.02292596927413166,1.0130000000000008,0.0,0.022917651,0.15
3.751449868862971,-0.121939674338241,0.15,303.82912363174813,4.5263189604147644,1.0140000000000011,0.022925969289724336,1.014000000000001,0.0,0.022917651,0.15
3.7516832430484692,-0.12000199612470587,0.15,303.9642213420393,4.525728706216521,1.0150000000000008,0.022925969305313133,1.0150000000000008,0.0,0.022917651,0.15
3.751916810331295,-0.11806321331629502,0.15,304.09960476107534,4.5251381198066625,1.016000000000001,0.022925969320897924,1.016000000000001,0.0,0.022917651,0.15
3.7521505764183116,-0.11612329326743918,0.15,304.23528233278904,4.524547191366894,1.0170000000000008,0.0229259693364786,1.0170000000000008,0.0,0.022917651,0.15
3.752384547243504,-0.11418220203334405,0.15,304.3712628371634,4.523955910688175,1.0180000000000011,0.02292596935205504,1.018000000000001,0.0,0.022917651,0.15
3.752618728979388,-0.11223990430471095,0.15,304.5075554071176,4.5233642671510825,1.019000000000001,0.022925969367627103,1.0190000000000008,0.0,0.022917651,0.15
3.752853128049123,-0.110296363338475,0.15,304.64416954642064,4.522772249704983,1.020000000000001,0.022925969383194668,1.020000000000001,0.0,0.022917651,0.15
3.75308775113936,-0.10835154088428813,0.15,304.7811151487083,4.522179846845922,1.021000000000001,0.022925969398757594,1.0210000000000008,0.0,0.022917651,0.15
3.753322605213894,-0.10640539710642417,0.15,304.91840251768133,4.521587046593135,1.022000000000001,0.022925969414315732,1.022000000000001,0.0,0.022917651,0.15
3.7535576975281715,-0.1044578905007855,0.15,305.05604238857313,4.520993836464087,1.023000000000001,0.022925969429868936,1.0230000000000008,0.0,0.022917651,0.15
3.753793035644724,-0.10250897780663305,0.15,305.19404595098047,4.5204002034479265,1.024000000000001,0.02292596944541705,1.024000000000001,0.0,0.022917651,0.15
3.7540286274495855,-0.10055861391266001,0.15,305.3324248731588,4.519806133977238,1.0250000000000008,0.02292596946095991,1.0250000000000008,0.0,0.022917651,0.15
3.7542640056857,-0.098610526481633,0.15,305.47029408994194,4.519213486682942,1.026000000000001,0.022925969476143174,1.026000000000001,0.0,0.022917651,0.15
3.754499268259342,-0.0966639688051823,0.15,305.6077900843384,4.518621906488143,1.0270000000000008,0.022925969491047613,1.0270000000000008,0.0,0.022917651,0.15
3.7547347891404095,-0.09471599516855903,0.15,305.7456008279929,4.518029943561883,1.0280000000000011,0.022925969505949596,1.028000000000001,0.0,0.022917651,0.15
3.7549705767827968,-0.09276655923016544,0.15,305.883736622031,4.517437585378114,1.0290000000000008,0.022925969520849052,1.0290000000000008,0.0,0.022917651,0.15
3.755206640013376,-0.09081561260387139,0.15,306.02220822205084,4.516844818858153,1.030000000000001,0.022925969535745896,1.030000000000001,0.0,0.022917651,0.15
3.755442988052789,-0.08886310474500779,0.15,306.1610268634653,4.516251630339865,1.0310000000000006,0.022925969550640038,1.0310000000000008,0.0,0.022917651,0.15
3.7556796305376587,-0.08690898282863803,0.15,306.30020428856045,4.515658005544768,1.032000000000001,0.02292596956553138,1.032000000000001,0.0,0.022917651,0.15
3.75591657754431,-0.08495319161950507,0.15,306.4397527754051,4.515063929542872,1.0330000000000008,0.02292596958041984,1.0330000000000008,0.0,0.022917651,0.15
3.756153839614145,-0.08299567333296745,0.15,306.57968516876224,4.514469386715093,1.034000000000001,0.022925969595305313,1.034000000000001,0.0,0.022917651,0.15
3.7563914277807795,-0.08103636748620244,0.15,306.72001491316524,4.513874360713035,1.0350000000000008,0.02292596961018769,1.0350000000000008,0.0,0.022917651,0.15
3.7566293535991173,-0.07907521073885686,0.15,306.8607560883385,4.513278834415915,1.036000000000001,0.022925969625066864,1.036000000000001,0.0,0.022917651,0.15
3.7568676291765004,-0.07711213672227779,0.15,307.0019234471577,4.512682789884406,1.037000000000001,0.022925969639942718,1.0370000000000008,0.0,0.022917651,0.15
3.757106267206129,-0.07514707585634071,0.15,307.14353245636596,4.512086208311128,1.038000000000001,0.022925969654815137,1.038000000000001,0.0,0.022917651,0.15
3.7573450285967436,-0.07318161897460633,0.15,307.285528991043,4.5114897240365615,1.0390000000000008,0.02292596966967694,1.0390000000000008,0.0,0.022917651,0.15
3.7575827634422976,-0.07122333554669195,0.15,307.42758364179275,4.510896306327847,1.040000000000001,0.022925969684496374,1.040000000000001,0.0,0.022917651,0.15
3.757820874040976,-0.06926297815612065,0.15,307.5700841275264,4.510302317674065,1.041000000000001,0.022925969699312723,1.0410000000000008,0.0,0.022917651,0.15
3.758059375246326,-0.06730046481898962,0.15,307.7130480721347,4.509707735505713,1.0420000000000011,0.022925969714125864,1.042000000000001,0.0,0.022917651,0.15
3.7582982827052356,-0.06533570917259325,0.15,307.85649404081033,4.50911253604784,1.0430000000000008,0.022925969728935666,1.0430000000000008,0.0,0.022917651,0.15
3.7585376129116073,-0.06336862017912023,0.15,308.000441603742,4.508516694238476,1.044000000000001,0.022925969743742,1.044000000000001,0.0,0.022917651,0.15
3.758777383264467,-0.06139910180496809,0.15,308.1449114050524,4.507920183640351,1.045000000000001,0.022925969758544718,1.0450000000000008,0.0,0.022917651,0.15
3.7590176121309082,-0.0594270526732865,0.15,308.28992523749014,4.507322976345242,1.0460000000000012,0.022925969773343668,1.046000000000001,0.0,0.022917651,0.15
3.759258318914373,-0.05745236568712034,0.15,308.43550612344126,4.506725042870226,1.0470000000000008,0.022925969788138694,1.0470000000000008,0.0,0.022917651,0.15
3.7594995241287936,-0.05547492762019348,0.15,308.58167840289804,4.506126352045032,1.048000000000001,0.02292596980292963,1.048000000000001,0.0,0.022917651,0.15
3.759741249479185,-0.053494618672059534,0.15,308.72846782908715,4.505526870889567,1.0490000000000008,0.02292596981771629,1.0490000000000008,0.0,0.022917651,0.15
3.7599833017984676,-0.051512628492250224,0.15,308.8758699059624,4.504927016500419,1.0500000000000012,0.022925969832493738,1.050000000000001,0.0,0.022917651,0.15
3.7602238460552333,-0.049540127363955,0.15,309.0236034359437,4.504330620005933,1.0510000000000008,0.02292596984722193,1.0510000000000008,0.0,0.022917651,0.15
3.760464939796059,-0.04756458065955016,0.15,309.1719658059206,4.503733375866877,1.052000000000001,0.022925969861946283,1.052000000000001,0.0,0.022917651,0.15
3.7607066095012867,-0.04558584160880117,0.15,309.32098732050224,4.50313524323417,1.053000000000001,0.02292596987666661,1.0530000000000008,0.0,0.022917651,0.15
3.7609488833805362,-0.04360375385677653,0.15,309.47070026331266,4.502536178591114,1.054000000000001,0.02292596989138271,1.054000000000001,0.0,0.022917651,0.15
3.761191791516205,-0.04161815066846616,0.15,309.62113906121886,4.501936135532032,1.0550000000000006,0.022925969906094378,1.0550000000000008,0.0,0.022917651,0.15
3.761435366021504,-0.03962885405285022,0.15,309.77234046518925,4.501335064518475,1.056000000000001,0.022925969920801394,1.056000000000001,0.0,0.022917651,0.15
3.7616796412147697,-0.03763567379675329,0.15,309.9243437497809,4.50073291261032,1.0570000000000008,0.02292596993550351,1.0570000000000008,0.0,0.022917651,0.15
3.7619246538120477,-0.03563840639743929,0.15,310.07719093353313,4.500129623168699,1.058000000000001,0.02292596995020047,1.058000000000001,0.0,0.022917651,0.15
3.762170443140212,-0.03363683388136116,0.15,310.23092702286834,4.499525135527226,1.0590000000000008,0.022925969964892004,1.0590000000000008,0.0,0.022917651,0.15
3.762414340223749,-0.03164689152984455,0.15,310.3831478955531,4.49892470856774,1.060000000000001,0.02292596997955736,1.060000000000001,0.0,0.022917651,0.15
3.7626586183819786,-0.02965499749523256,0.15,310.5357998633799,4.498323854164262,1.061000000000001,0.022925969994213837,1.0610000000000008,0.0,0.022917651,0.15
3.7629036675641627,-0.027658840961770945,0.15,310.68923276438204,4.497721821364787,1.062000000000001,0.022925970008863795,1.062000000000001,0.0,0.022917651,0.15
3.7631495305611513,-0.025658185366193745,0.15,310.8434899393578,4.497118544769841,1.0630000000000006,0.022925970023506867,1.0630000000000008,0.0,0.022917651,0.15
3.7633962533899252,-0.02365277631000835,0.15,310.99861799670055,4.496513954049277,1.064000000000001,0.022925970038142663,1.064000000000001,0.0,0.022917651,0.15
3.7636438856034746,-0.02164233984639521,0.15,311.1546671262559,4.495907973468683,1.0650000000000008,0.02292597005277077,1.0650000000000008,0.0,0.022917651,0.15
3.7638924806370877,-0.019626580565777013,0.15,311.3116914500652,4.495300521360131,1.0660000000000012,0.02292597006739073,1.066000000000001,0.0,0.022917651,0.15
3.764141931911489,-0.017606134656871407,0.15,311.46965273120236,4.494691807525327,1.0670000000000008,0.022925970082,1.0670000000000008,0.0,0.022917651,0.15
3.764389718876069,-0.015595660111595392,0.15,311.6270332488143,4.4940864066821895,1.0680000000000007,0.0229259700965669,1.068000000000001,0.0,0.022917651,0.15
3.7646385612952615,-0.013579348135078575,0.15,311.78540343707823,4.493479390265126,1.0690000000000008,0.02292597011112514,1.0690000000000008,0.0,0.022917651,0.15
3.764888527694953,-0.011556819729354389,0.15,311.94482755082623,4.49287065338224,1.070000000000001,0.02292597012567416,1.070000000000001,0.0,0.022917651,0.15
3.765139692664353,-0.009527662361880863,0.15,312.10537553029974,4.492260081860568,1.0710000000000006,0.02292597014021335,1.0710000000000008,0.0,0.022917651,0.15
3.76539213754178,-0.007491426172618464,0.15,312.2671236441962,4.4916475511963485,1.072000000000001,0.022925970154742046,1.072000000000001,0.0,0.022917651,0.15
3.765645951195691,-0.005447619654404564,0.15,312.43015522201375,4.491032925359516,1.0730000000000008,0.022925970169259506,1.0730000000000008,0.0,0.022917651,0.15
3.765899507642565,-0.0034060153744119373,0.15,312.59403895328944,4.49041947377851,1.0740000000000012,0.02292597018374271,1.074000000000001,0.0,0.022917651,0.15
3.766153041015456,-0.0013652077309090353,0.15,312.7588391830435,4.489806727271046,1.0750000000000008,0.022925970198194888,1.0750000000000008,0.0,0.022917651,0.15
3.7664082025312418,0.0006846478735435333,0.15,312.9251055742518,4.489191445386833,1.0760000000000007,0.022925970212635722,1.076000000000001,0.0,0.022917651,0.15
3.7666651249922416,0.0027442894516939657,0.15,313.0929577169358,4.488573421323437,1.0770000000000008,0.02292597022706429,1.0770000000000008,0.0,0.022917651,0.15
3.7669239560474472,0.0048145375226161845,0.15,313.26252857071415,4.487952425158891,1.078000000000001,0.02292597024147957,1.078000000000001,0.0,0.022917651,0.15
3.7671845043154737,0.006894425182992298,0.15,313.4336476613539,4.487328658135421,1.0790000000000008,0.022925970255880876,1.0790000000000008,0.0,0.022917651,0.15
3.76744348602524,0.008966640425631047,0.15,313.6032996208648,4.48670629589651,1.080000000000001,0.02292597027026984,1.080000000000001,0.0,0.022917651,0.15
3.7677044442932233,0.011049958775751104,0.15,313.77458567213677,4.486080736721394,1.0810000000000008,0.022925970284639028,1.0810000000000008,0.0,0.022917651,0.15
3.7679675459569526,0.013145317425606092,0.15,313.9476437457576,4.48545171076275,1.082000000000001,0.022925970298986752,1.082000000000001,0.0,0.022917651,0.15
3.7682329771741427,0.015253762096520612,0.15,314.12262774500203,4.484818916924297,1.083000000000001,0.022925970313311155,1.0830000000000009,0.0,0.022917651,0.15
3.768498064759073,0.01736055386510331,0.15,314.2972750699025,4.4841864008063235,1.084000000000001,0.022925970327589695,1.084000000000001,0.0,0.022917651,0.15
3.7687628141088156,0.01946586874527661,0.15,314.4714156362971,4.483554007938813,1.0850000000000009,0.022925970341822106,1.0850000000000009,0.0,0.022917651,0.15
3.7690300039950992,0.021585123916593507,0.15,314.6473220143266,4.482917436729122,1.086000000000001,0.022925970356025435,1.086000000000001,0.0,0.022917651,0.15
3.7692998553276325,0.02371958121047053,0.15,314.82515403971996,4.482276308966827,1.0870000000000006,0.02292597037019705,1.0870000000000009,0.0,0.022917651,0.15
3.769572345239282,0.025868764561357983,0.15,315.0052705930385,4.481631009588999,1.0880000000000012,0.022925970384388768,1.088000000000001,0.0,0.022917651,0.15
3.769847726672069,0.028034120360145836,0.15,315.18785295676565,4.480981103950844,1.0890000000000009,0.022925970398597336,1.0890000000000009,0.0,0.022917651,0.15
3.7701266471382433,0.030219777298294264,0.15,315.37290218865127,4.480325052936473,1.090000000000001,0.02292597041275086,1.090000000000001,0.0,0.022917651,0.15
3.7704067736353344,0.0324144720106625,0.15,315.5586893998997,4.479664788460482,1.091000000000001,0.022925970426882485,1.0910000000000009,0.0,0.022917651,0.15
3.77067806522081,0.034568523670480716,0.15,315.73772511108825,4.479009829987486,1.0920000000000012,0.02292597044109345,1.092000000000001,0.0,0.022917651,0.15
3.770952002541653,0.036738883944469655,0.15,315.91835848185076,4.478349146055474,1.093000000000001,0.022925970455184165,1.0930000000000009,0.0,0.022917651,0.15
3.771228814925789,0.03892696643609107,0.15,316.1007279946532,4.477682240391213,1.094000000000001,0.02292597046914421,1.094000000000001,0.0,0.022917651,0.15
3.771505911848723,0.0411201888581052,0.15,316.2831437055811,4.477011334626281,1.095000000000001,0.022925970482920093,1.0950000000000009,0.0,0.022917651,0.15
3.7717852525005506,0.04332844219680701,0.15,316.46667269435846,4.476334373356963,1.096000000000001,0.022925970496544754,1.096000000000001,0.0,0.022917651,0.15
3.772067816982384,0.04555692025047951,0.15,316.6518969173875,4.475650082798513,1.0970000000000009,0.0229259705100189,1.0970000000000009,0.0,0.022917651,0.15
3.772342865700804,0.04775442494480771,0.15,316.8408001814356,4.474966699176698,1.098000000000001,0.02292597052326319,1.098000000000001,0.0,0.022917651,0.15
3.772617393170792,0.04995425842529431,0.15,317.0318085386331,4.474278900819681,1.099000000000001,0.022925970536382023,1.0990000000000009,0.0,0.022917651,0.15
3.7728943279883254,0.05217076758536356,0.15,317.2245122300244,4.473584056118653,1.1000000000000012,0.02292597054939309,1.100000000000001,0.0,0.022917651,0.15
3.773101397044886,0.05400922723996161,0.15,317.25290640324846,4.472951758449817,1.1010000000000009,0.02292597052938914,1.1010000000000009,0.0,0.022917651,0.15
3.7733085261687744,0.05584789066852302,0.15,317.28114623632666,4.472319497274893,1.102000000000001,0.022925970509385194,1.102000000000001,0.0,0.022917651,0.15
3.7735157133449078,0.057686751035028766,0.15,317.30923690691776,4.471687271369619,1.103000000000001,0.022925970489381244,1.1030000000000009,0.0,0.022917651,0.15
3.77372295664734,0.05952580180585111,0.15,317.3371833636481,4.471055079563886,1.1040000000000014,0.02292597046937729,1.104000000000001,0.0,0.022917651,0.15
3.7739302542343878,0.06136503673321309,0.15,317.3649903386367,4.470422920738776,1.105000000000001,0.02292597044937334,1.1050000000000009,0.0,0.022917651,0.15
3.77413760434407,0.06320444983972805,0.15,317.39266235920815,4.469790793823801,1.1060000000000008,0.022925970429369384,1.106000000000001,0.0,0.022917651,0.15
3.7743450052898457,0.06504403540392573,0.15,317.4202037588525,4.469158697794302,1.1070000000000009,0.022925970409365438,1.1070000000000009,0.0,0.022917651,0.15
3.7745524554566154,0.06688378794670426,0.15,317.44761868748895,4.4685266316690235,1.108000000000001,0.022925970389361484,1.108000000000001,0.0,0.022917651,0.15
3.7747599532969813,0.06872370221862795,0.15,317.47491112108463,4.467894594507845,1.1090000000000009,0.022925970369357535,1.1090000000000009,0.0,0.022917651,0.15
3.7749674973277347,0.07056377318802148,0.15,317.502084870674,4.4672625854096415,1.1100000000000012,0.022925970349353588,1.110000000000001,0.0,0.022917651,0.15
3.7751750861265605,0.07240399602979114,0.15,317.5291435908239,4.466630603510287,1.1110000000000009,0.022925970329349635,1.1110000000000009,0.0,0.022917651,0.15
3.775382718328949,0.07424436611493387,0.15,317.55609078758147,4.465998647980773,1.112000000000001,0.022925970309345685,1.112000000000001,0.0,0.022917651,0.15
3.7755903926252836,0.07608487900067291,0.15,317.5829298259432,4.46536671802544,1.1130000000000009,0.022925970289341735,1.1130000000000009,0.0,0.022917651,0.15
3.775798107758111,0.07792553042118933,0.15,317.6096639368778,4.464734812880325,1.114000000000001,0.02292597026933779,1.114000000000001,0.0,0.022917651,0.15
3.776005862519566,0.07976631627889527,0.15,317.6362962239325,4.4641029318115875,1.115000000000001,0.022925970249333835,1.1150000000000009,0.0,0.022917651,0.15
3.7762136557489567,0.08160723263622496,0.15,317.662829669454,4.463471074114049,1.116000000000001,0.022925970229329882,1.116000000000001,0.0,0.022917651,0.15
3.7764214863304786,0.0834482757078955,0.15,317.6892671404477,4.462839239109804,1.1170000000000009,0.022925970209325932,1.1170000000000009,0.0,0.022917651,0.15
3.776629353191068,0.08528944185361859,0.15,317.7156113940995,4.462207426146911,1.118000000000001,0.022925970189321982,1.118000000000001,0.0,0.022917651,0.15
3.776837255298375,0.08713072757122087,0.15,317.74186508298504,4.461575634598166,1.119000000000001,0.022925970169318032,1.1190000000000009,0.0,0.022917651,0.15
3.777045191658849,0.0889721294901583,0.15,317.7680307599837,4.460943863859935,1.1200000000000012,0.022925970149314082,1.120000000000001,0.0,0.022917651,0.15
3.777253161315935,0.09081364436538654,0.15,317.7941108829194,4.460312113351066,1.121000000000001,0.022925970129310136,1.1210000000000009,0.0,0.022917651,0.15
3.7774611633483652,0.09265526907157676,0.15,317.82010781894354,4.459680382511843,1.122000000000001,0.022925970109306183,1.122000000000001,0.0,0.022917651,0.15
3.77766919686855,0.09449700059764242,0.15,317.8460238486783,4.459048670803009,1.123000000000001,0.022925970089302233,1.1230000000000009,0.0,0.022917651,0.15
3.7778772610210503,0.0963388360415696,0.15,317.8718611701345,4.458416977704841,1.1240000000000012,0.022925970069298283,1.124000000000001,0.0,0.022917651,0.15
3.7780853549811333,0.09818077260551951,0.15,317.89762190241856,4.4577853027162755,1.1250000000000009,0.022925970049294336,1.1250000000000009,0.0,0.022917651,0.15
3.778293477953414,0.1000228075911986,0.15,317.92330808924174,4.457153645354073,1.126000000000001,0.02292597002929038,1.126000000000001,0.0,0.022917651,0.15
3.778501629170552,0.10186493839546727,0.15,317.94892170224375,4.456522005152039,1.127000000000001,0.02292597000928643,1.127000000000001,0.0,0.022917651,0.15
3.778709807892033,0.10370716250618532,0.15,317.9744646441417,4.455890381660271,1.128000000000001,0.02292596998928248,1.128000000000001,0.0,0.022917651,0.15
3.7789180134030045,0.10554947749826667,0.15,317.9999387517159,4.455258774444461,1.129000000000001,0.02292596996927853,1.129000000000001,0.0,0.022917651,0.15
3.7791262450131735,0.10739188102994417,0.15,318.02534579864147,4.454627183085223,1.130000000000001,0.02292596994927458,1.130000000000001,0.0,0.022917651,0.15
3.779334502055761,0.10923437083921865,0.15,318.0506874981754,4.453995607177453,1.131000000000001,0.022925969929270623,1.131000000000001,0.0,0.022917651,0.15
3.7795427838865097,0.11107694474049418,0.15,318.0759655057075,4.453364046329734,1.132000000000001,0.02292596990926668,1.132000000000001,0.0,0.022917651,0.15
3.7797510898827387,0.11291960062137628,0.15,318.10118142118256,4.452732500163757,1.1330000000000007,0.02292596988926273,1.133000000000001,0.0,0.022917651,0.15
3.7799594194424526,0.11476233643963579,0.15,318.1263367914033,4.452100968313776,1.134000000000001,0.022925969869258777,1.134000000000001,0.0,0.022917651,0.15
3.7801677719834847,0.11660515022031642,0.15,318.1514331122178,4.4514694504261,1.135000000000001,0.02292596984925483,1.135000000000001,0.0,0.022917651,0.15
3.780376146942691,0.1184480400529906,0.15,318.176471830601,4.450837946158589,1.136000000000001,0.022925969829250874,1.136000000000001,0.0,0.022917651,0.15
3.780584543775175,0.12029100408914199,0.15,318.20145434663425,4.450206455180189,1.137000000000001,0.02292596980924693,1.137000000000001,0.0,0.022917651,0.15
3.780792961953559,0.12213404053968116,0.15,318.22638201539,4.449574977170494,1.138000000000001,0.022925969789242974,1.138000000000001,0.0,0.022917651,0.15
3.7810014009672837,0.12397714767257305,0.15,318.2512561487256,4.448943511819313,1.1390000000000011,0.022925969769239028,1.139000000000001,0.0,0.022917651,0.15
3.781209860321945,0.12582032381058408,0.15,318.27607801699304,4.448312058826271,1.140000000000001,0.022925969749235074,1.140000000000001,0.0,0.022917651,0.15
3.7814183395386554,0.12766356732912829,0.15,318.30084885066685,4.447680617900419,1.141000000000001,0.022925969729231124,1.141000000000001,0.0,0.022917651,0.15
3.781626838153445,0.12950687665422111,0.15,318.32556984189705,4.447049188759872,1.142000000000001,0.022925969709227174,1.142000000000001,0.0,0.022917651,0.15
3.7818353557166833,0.1313502502605212,0.15,318.3502421459898,4.446417771131459,1.143000000000001,0.022925969689223225,1.143000000000001,0.0,0.022917651,0.15
3.7820438917925268,0.13319368666946882,0.15,318.3748668828193,4.445786364750381,1.144000000000001,0.022925969669219275,1.144000000000001,0.0,0.022917651,0.15
3.7822524459584006,0.13503718444750304,0.15,318.3994451381763,4.445154969359904,1.145000000000001,0.022925969649215325,1.145000000000001,0.0,0.022917651,0.15
3.7824610178044917,0.13688074220436577,0.15,318.423977965055,4.444523584711044,1.146000000000001,0.022925969629211375,1.146000000000001,0.0,0.022917651,0.15
3.7826696069332733,0.138724358591476,0.15,318.44846638488144,4.443892210562286,1.147000000000001,0.022925969609207418,1.147000000000001,0.0,0.022917651,0.15
3.782878212959047,0.14056803230038256,0.15,318.47291138868843,4.443260846679297,1.148000000000001,0.02292596958920347,1.148000000000001,0.0,0.022917651,0.15
3.783086835507507,0.1424117620612796,0.15,318.4973139382372,4.442629492834669,1.1490000000000007,0.022925969569199522,1.149000000000001,0.0,0.022917651,0.15
3.783295474215323,0.14425554664159326,0.15,318.5216749670902,4.4419981488076585,1.150000000000001,0.022925969549195572,1.150000000000001,0.0,0.022917651,0.15
3.783504128729737,0.14609938484462398,0.15,318.5459953816375,4.44136681438395,1.151000000000001,0.022925969529191625,1.151000000000001,0.0,0.022917651,0.15
3.7837127987081876,0.14794327550825379,0.15,318.5702760620778,4.440735489355419,1.152000000000001,0.02292596950918767,1.152000000000001,0.0,0.022917651,0.15
3.7839214838179394,0.14978721750370305,0.15,318.59451786335785,4.440104173519912,1.153000000000001,0.02292596948918372,1.153000000000001,0.0,0.022917651,0.15
3.7841301837357353,0.15163120973434666,0.15,318.6187216160715,4.439472866681034,1.154000000000001,0.02292596946917977,1.154000000000001,0.0,0.022917651,0.15
3.7843388981474613,0.1534752511345739,0.15,318.6428881273209,4.438841568647945,1.1550000000000011,0.02292596944917582,1.155000000000001,0.0,0.022917651,0.15
3.7845476267478237,0.15531934066870295,0.15,318.66701818154064,4.438210279235164,1.156000000000001,0.02292596942917187,1.156000000000001,0.0,0.022917651,0.15
3.784756369240046,0.1571634773299345,0.15,318.6911125412889,4.437578998262382,1.157000000000001,0.02292596940916792,1.157000000000001,0.0,0.022917651,0.15
3.7849651253355674,0.15900766013935472,0.15,318.7151719480039,4.4369477255542895,1.1580000000000013,0.02292596938916397,1.158000000000001,0.0,0.022917651,0.15
3.7851738947537674,0.16085188814497353,0.15,318.7391971227304,4.436316460940392,1.1590000000000011,0.02292596936916002,1.159000000000001,0.0,0.022917651,0.15
3.7853826772216888,0.1626961604208084,0.15,318.76318876681614,4.4356852042548525,1.1600000000000013,0.02292596934915607,1.160000000000001,0.0,0.022917651,0.15
3.7855914724737816,0.16454047606599906,0.15,318.78714756257983,4.435053955336339,1.1610000000000011,0.02292596932915212,1.161000000000001,0.0,0.022917651,0.15
3.7858002802516526,0.1663848342039645,0.15,318.81107417395214,4.434422714027864,1.162000000000001,0.02292596930914817,1.162000000000001,0.0,0.022917651,0.15
3.7860091003038248,0.16822923398158723,0.15,318.83496924709084,4.433791480176643,1.1630000000000011,0.022925969289144213,1.163000000000001,0.0,0.022917651,0.15
3.786217932385508,0.17007367456843667,0.15,318.8588334109718,4.433160253633951,1.164000000000001,0.022925969269140267,1.164000000000001,0.0,0.022917651,0.15
3.7864267762583785,0.1719181551560168,0.15,318.88266727795616,4.432529034254997,1.165000000000001,0.022925969249136317,1.165000000000001,0.0,0.022917651,0.15
3.786635631690367,0.17376267495704995,0.15,318.9064714443355,4.4318978218987874,1.166000000000001,0.022925969229132367,1.166000000000001,0.0,0.022917651,0.15
3.7868444984554546,0.17560723320478192,0.15,318.93024649085527,4.431266616428003,1.167000000000001,0.022925969209128413,1.167000000000001,0.0,0.022917651,0.15
3.787053376333477,0.17745182915232094,0.15,318.95399298321854,4.430635417708883,1.1680000000000013,0.022925969189124464,1.168000000000001,0.0,0.022917651,0.15
3.7872622651099337,0.17929646207199518,0.15,318.9777114725694,4.43000422561111,1.169000000000001,0.022925969169120514,1.169000000000001,0.0,0.022917651,0.15
3.787471164575813,0.18114113125474193,0.15,319.00140249595864,4.429373040007696,1.170000000000001,0.022925969149116567,1.170000000000001,0.0,0.022917651,0.15
3.78768007452741,0.18298583600951315,0.15,319.02506657679146,4.428741860774881,1.1710000000000012,0.022925969129112614,1.171000000000001,0.0,0.022917651,0.15
3.787888994766167,0.1848305756627102,0.15,319.04870422525767,4.428110687792031,1.172000000000001,0.022925969109108664,1.172000000000001,0.0,0.022917651,0.15
3.788097925098505,0.18667534955763332,0.15,319.0723159387469,4.427479520941539,1.173000000000001,0.022925969089104714,1.173000000000001,0.0,0.022917651,0.15
3.788306865335672,0.18852015705395825,0.15,319.09590220224675,4.426848360108726,1.174000000000001,0.022925969069100764,1.174000000000001,0.0,0.022917651,0.15
3.7885158152935943,0.19036499752722574,0.15,319.1194634887273,4.426217205181759,1.175000000000001,0.022925969049096814,1.175000000000001,0.0,0.022917651,0.15
3.7887247747927306,0.1922098703683564,0.15,319.1430002595112,4.425586056051559,1.176000000000001,0.02292596902909286,1.176000000000001,0.0,0.022917651,0.15
3.7889337436579353,0.194054774983177,0.15,319.1665129646299,4.424954912611714,1.1770000000000012,0.02292596900908891,1.177000000000001,0.0,0.022917651,0.15
3.7891427217183207,0.19589971079197016,0.15,319.19000204316654,4.4243237747584025,1.178000000000001,0.02292596898908496,1.178000000000001,0.0,0.022917651,0.15
3.7893517088071333,0.19774467722903466,0.15,319.2134679235878,4.423692642390313,1.1790000000000012,0.022925968969081008,1.179000000000001,0.0,0.022917651,0.15
3.789560704761627,0.1995896737422672,0.15,319.2369110240619,4.42306151540857,1.180000000000001,0.022925968949077058,1.180000000000001,0.0,0.022917651,0.15
3.7897697094229446,0.20143469979275305,0.15,319.2603317527669,4.422430393716658,1.181000000000001,0.022925968929073108,1.181000000000001,0.0,0.022917651,0.15
3.7899787226360004,0.20327975485437816,0.15,319.2837305081868,4.421799277220356,1.182000000000001,0.022925968909069158,1.182000000000001,0.0,0.022917651,0.15
3.79018774424937,0.20512483841344772,0.15,319.3071076793977,4.421168165827667,1.183000000000001,0.022925968889065212,1.183000000000001,0.0,0.022917651,0.15
3.7903967741151843,0.20696994996832535,0.15,319.33046364634384,4.42053705944875,1.184000000000001,0.02292596886906126,1.184000000000001,0.0,0.022917651,0.15
3.7906058120890243,0.2088150890290779,0.15,319.35379878010434,4.419905957995866,1.185000000000001,0.02292596884905731,1.185000000000001,0.0,0.022917651,0.15
3.7908148580298198,0.21066025511713954,0.15,319.3771134431497,4.419274861383307,1.1860000000000008,0.02292596882905336,1.186000000000001,0.0,0.022917651,0.15
3.7910239117997557,0.21250544776498073,0.15,319.4004079895901,4.4186437695273435,1.1870000000000012,0.02292596880904941,1.187000000000001,0.0,0.022917651,0.15
3.7912329732641776,0.21435066651579499,0.15,319.4236827654153,4.4180126823461645,1.188000000000001,0.02292596878904546,1.188000000000001,0.0,0.022917651,0.15
3.7914420422915,0.21619591092319007,0.15,319.44693810872593,4.417381599759828,1.189000000000001,0.022925968769041506,1.189000000000001,0.0,0.022917651,0.15
3.7916511187531223,0.2180411805508963,0.15,319.4701743499571,4.416750521690201,1.190000000000001,0.022925968749037556,1.190000000000001,0.0,0.022917651,0.15
3.791860202523342,0.21988647497247768,0.15,319.4933918120944,4.416119448060912,1.191000000000001,0.022925968729033606,1.191000000000001,0.0,0.022917651,0.15
3.792069293479275,0.22173179377105987,0.15,319.51659081088286,4.415488378797305,1.1920000000000013,0.022925968709029656,1.192000000000001,0.0,0.022917651,0.15
3.792278391500776,0.22357713653906025,0.15,319.53977165502806,4.414857313826387,1.1930000000000012,0.022925968689025706,1.193000000000001,0.0,0.022917651,0.15
3.792487496470364,0.225422502877934,0.15,319.5629346463921,4.4142262530767775,1.194000000000001,0.022925968669021753,1.194000000000001,0.0,0.022917651,0.15
3.7926966082731495,0.22726789239792142,0.15,319.5860800801817,4.4135951964786795,1.1950000000000012,0.022925968649017803,1.195000000000001,0.0,0.022917651,0.15
3.7929057267967607,0.2291133047178107,0.15,319.6092082451307,4.41296414396382,1.196000000000001,0.022925968629013856,1.196000000000001,0.0,0.022917651,0.15
3.793114851931275,0.23095873946470125,0.15,319.6323194236762,4.4123330954654145,1.197000000000001,0.022925968609009903,1.197000000000001,0.0,0.022917651,0.15
3.7933239835691555,0.2328041962737822,0.15,319.65541389213007,4.41170205091813,1.198000000000001,0.022925968589005953,1.198000000000001,0.0,0.022917651,0.15
3.7935331216051855,0.23464967478811055,0.15,319.6784919208432,4.411071010258043,1.199000000000001,0.022925968569002,1.199000000000001,0.0,0.022917651,0.15
3.7937422659364053,0.23649517465840342,0.15,319.70155377436583,4.4104399734226,1.200000000000001,0.022925968548998053,1.200000000000001,0.0,0.022917651,0.15
3.793932073706373,0.23817069161002413,0.15,319.6760510591774,4.409871308656455,1.201000000000001,0.0229259685298181,1.201000000000001,0.0,0.022917651,0.15
3.7941218904605893,0.239846154077482,0.15,319.6503384951216,4.4093027342986035,1.202000000000001,0.02292596851063815,1.202000000000001,0.0,0.022917651,0.15
3.794311716196398,0.24152156207688485,0.15,319.62441614424165,4.408734250322314,1.203000000000001,0.022925968491458202,1.203000000000001,0.0,0.022917651,0.15
3.7945015509111437,0.24319691562433557,0.15,319.5982840685558,4.408165856700867,1.2040000000000013,0.02292596847227825,1.204000000000001,0.0,0.022917651,0.15
3.7946913946021725,0.24487221473592918,0.15,319.5719423300578,4.407597553407556,1.2050000000000012,0.022925968453098296,1.205000000000001,0.0,0.022917651,0.15
3.794881247266831,0.24654745942775597,0.15,319.5453909907176,4.407029340415681,1.206000000000001,0.022925968433918347,1.206000000000001,0.0,0.022917651,0.15
3.795070086097537,0.24821739251564684,0.15,319.5187816579067,4.406462383658968,1.207000000000001,0.0229259684147384,1.207000000000001,0.0,0.022917651,0.15
3.795258682758337,0.24988595916496173,0.15,319.4919705638551,4.405895824662072,1.2080000000000013,0.022925968395558455,1.208000000000001,0.0,0.022917651,0.15
3.7954473215153754,0.251554618699304,0.15,319.4649135056382,4.405329341173758,1.2090000000000012,0.0229259683763785,1.209000000000001,0.0,0.022917651,0.15
3.795636002092317,0.2532233705089427,0.15,319.4376120978554,4.404762932698361,1.2100000000000013,0.02292596835719855,1.210000000000001,0.0,0.022917651,0.15
3.7958247242152416,0.2548922139894707,0.15,319.41006794100537,4.404196598744545,1.211000000000001,0.022925968338018597,1.211000000000001,0.0,0.022917651,0.15
3.796013487612613,0.25656114854174905,0.15,319.3822826216394,4.403630338825253,1.2120000000000013,0.022925968318838648,1.212000000000001,0.0,0.022917651,0.15
3.796202292015258,0.2582301735718473,0.15,319.35425771251295,4.403064152457663,1.213000000000001,0.0229259682996587,1.213000000000001,0.0,0.022917651,0.15
3.7963911371563372,0.25989928849098964,0.15,319.32599477273567,4.402498039163145,1.2140000000000013,0.022925968280478746,1.214000000000001,0.0,0.022917651,0.15
3.7965800227713236,0.26156849271549626,0.15,319.2974953479184,4.401931998467213,1.2150000000000007,0.022925968261298793,1.215000000000001,0.0,0.022917651,0.15
3.796768948597975,0.26323778566673145,0.15,319.2687609703196,4.401366029899477,1.2160000000000013,0.022925968242118847,1.216000000000001,0.0,0.022917651,0.15
3.7969579143763084,0.26490716677104587,0.15,319.239793158989,4.400800132993604,1.2170000000000007,0.022925968222938898,1.217000000000001,0.0,0.022917651,0.15
3.797146919848579,0.2665766354597264,0.15,319.2105934199095,4.400234307287273,1.2180000000000013,0.022925968203758945,1.218000000000001,0.0,0.022917651,0.15
3.797335964759251,0.26824619116893955,0.15,319.18116324613743,4.3996685523221295,1.219000000000001,0.022925968184578996,1.219000000000001,0.0,0.022917651,0.15
3.7975250488549825,0.2699158333396832,0.15,319.15150411794093,4.399102867643744,1.2200000000000013,0.022925968165399047,1.220000000000001,0.0,0.022917651,0.15
3.797714171884593,0.2715855614177309,0.15,319.12161750293683,4.398537252801576,1.2210000000000008,0.022925968146219097,1.221000000000001,0.0,0.022917651,0.15
3.797903333599045,0.27325537485358464,0.15,319.0915048562252,4.397971707348923,1.2220000000000013,0.022925968127039145,1.222000000000001,0.0,0.022917651,0.15
3.7980925337514213,0.2749252731024213,0.15,319.0611676205225,4.397406230842883,1.223000000000001,0.022925968107859195,1.223000000000001,0.0,0.022917651,0.15
3.7982817720969,0.2765952556240462,0.15,319.03060722629317,4.396840822844319,1.2240000000000013,0.022925968088679242,1.224000000000001,0.0,0.022917651,0.15
3.7984710483927344,0.2782653218828409,0.15,318.99982509187976,4.396275482917814,1.225000000000001,0.022925968069499293,1.225000000000001,0.0,0.022917651,0.15
3.7986603623982336,0.27993547134771785,0.15,318.9688226236302,4.395710210631634,1.2260000000000013,0.022925968050319344,1.226000000000001,0.0,0.022917651,0.15
3.7988497138747332,0.2816057034920696,0.15,318.93760121602514,4.395145005557685,1.227000000000001,0.022925968031139395,1.227000000000001,0.0,0.022917651,0.15
3.7990391025855805,0.2832760177937247,0.15,318.90616225180236,4.3945798672714815,1.2280000000000013,0.02292596801195944,1.228000000000001,0.0,0.022917651,0.15
3.7992285282961125,0.2849464137348982,0.15,318.8745071020805,4.394014795352103,1.2290000000000008,0.022925967992779486,1.229000000000001,0.0,0.022917651,0.15
3.799417990773632,0.28661689080214836,0.15,318.8426371264805,4.393449789382158,1.2300000000000009,0.02292596797359954,1.230000000000001,0.0,0.022917651,0.15
3.799607489787391,0.28828744848632853,0.15,318.8105536732461,4.3928848489477526,1.231000000000001,0.02292596795441959,1.231000000000001,0.0,0.022917651,0.15
3.7997970251085667,0.2899580862825452,0.15,318.77825807936244,4.3923199736384415,1.232000000000001,0.022925967935239638,1.232000000000001,0.0,0.022917651,0.15
3.7999865965102435,0.29162880369011057,0.15,318.74575167067354,4.391755163047206,1.233000000000001,0.02292596791605969,1.233000000000001,0.0,0.022917651,0.15
3.8001762037673945,0.293299600212502,0.15,318.71303576199784,4.391190416770408,1.2340000000000009,0.022925967896879736,1.234000000000001,0.0,0.022917651,0.15
3.800365846656857,0.29497047535731596,0.15,318.6801116572429,4.390625734407763,1.235000000000001,0.02292596787769979,1.235000000000001,0.0,0.022917651,0.15
3.800555524957319,0.2966414286362279,0.15,318.6469806495179,4.390061115562298,1.236000000000001,0.022925967858519837,1.236000000000001,0.0,0.022917651,0.15
3.8007452384492963,0.2983124595649475,0.15,318.61364402124565,4.389496559840319,1.237000000000001,0.022925967839339888,1.237000000000001,0.0,0.022917651,0.15
3.8009349869151148,0.29998356766318,0.15,318.58010304427245,4.388932066851388,1.2380000000000009,0.02292596782015994,1.238000000000001,0.0,0.022917651,0.15
3.801124770138893,0.3016547524545823,0.15,318.5463589799771,4.388367636208269,1.239000000000001,0.02292596780097999,1.239000000000001,0.0,0.022917651,0.15
3.8013145879065213,0.30332601346672466,0.15,318.5124130793781,4.387803267526912,1.240000000000001,0.022925967781800036,1.240000000000001,0.0,0.022917651,0.15
3.801504440005646,0.3049973502310487,0.15,318.47826658324027,4.387238960426417,1.2410000000000012,0.022925967762620087,1.241000000000001,0.0,0.022917651,0.15
3.801694326225649,0.3066687622828297,0.15,318.44392072217886,4.3866747145289935,1.2420000000000009,0.022925967743440138,1.242000000000001,0.0,0.022917651,0.15
3.8018842463576332,0.30834024916113534,0.15,318.40937671676403,4.386110529459941,1.243000000000001,0.022925967724260185,1.243000000000001,0.0,0.022917651,0.15
3.8020742001944026,0.3100118104087898,0.15,318.3746357776222,4.38554640484761,1.244000000000001,0.022925967705080236,1.244000000000001,0.0,0.022917651,0.15
3.8022641875304446,0.31168344557233224,0.15,318.3396991055379,4.38498234032337,1.2450000000000012,0.022925967685900286,1.245000000000001,0.0,0.022917651,0.15
3.802454208161915,0.3133551542019825,0.15,318.3045678915529,4.384418335521582,1.2460000000000009,0.022925967666720337,1.246000000000001,0.0,0.022917651,0.15
3.80264426188662,0.3150269358516011,0.15,318.26924331706545,4.383854390079569,1.247000000000001,0.022925967647540384,1.247000000000001,0.0,0.022917651,0.15
3.802834348504001,0.31669879007865476,0.15,318.23372655392745,4.3832905036375855,1.248000000000001,0.02292596762836043,1.248000000000001,0.0,0.022917651,0.15
3.8030244678151144,0.3183707164441776,0.15,318.19801876454034,4.382726675838783,1.2490000000000012,0.022925967609180482,1.249000000000001,0.0,0.022917651,0.15
3.8032146196226186,0.3200427145127379,0.15,318.16212110195045,4.38216290632919,1.250000000000001,0.022925967590000533,1.250000000000001,0.0,0.022917651,0.15
3.803404803730759,0.3217147838524001,0.15,318.1260347099432,4.381599194757675,1.251000000000001,0.022925967570820584,1.251000000000001,0.0,0.022917651,0.15
3.803594704855254,0.3233853633578036,0.15,318.0896718335449,4.381035840960287,1.2520000000000011,0.02292596755164063,1.2520000000000011,0.0,0.022917651,0.15
3.803784071227462,0.3250531916712806,0.15,318.05295855022115,4.380473099100808,1.2530000000000012,0.022925967532460678,1.253000000000001,0.0,0.022917651,0.15
3.803973508415834,0.32672126228595705,0.15,318.0160660505813,4.379910398207543,1.2540000000000011,0.02292596751328073,1.2540000000000011,0.0,0.022917651,0.15
3.8041630154909685,0.32838957202183783,0.15,317.9789966866849,4.379347737742847,1.255000000000001,0.02292596749410078,1.255000000000001,0.0,0.022917651,0.15
3.804352591539658,0.33005811775433375,0.15,317.9417527696124,4.378785117178439,1.2560000000000011,0.02292596747492083,1.2560000000000011,0.0,0.022917651,0.15
3.804542235664535,0.33172689641305597,0.15,317.90433657035356,4.378222535995204,1.2570000000000012,0.02292596745574088,1.257000000000001,0.0,0.022917651,0.15
3.804731946983733,0.3333959049806499,0.15,317.86675032067353,4.377659993682993,1.2580000000000013,0.022925967436560928,1.2580000000000011,0.0,0.022917651,0.15
3.804921724630549,0.33506514049165154,0.15,317.8289962139555,4.377097489740432,1.259000000000001,0.02292596741738098,1.259000000000001,0.0,0.022917651,0.15
3.8051115677531264,0.3367346000313797,0.15,317.79107640602297,4.376535023674733,1.2600000000000011,0.022925967398201026,1.2600000000000011,0.0,0.022917651,0.15
3.8053014755141272,0.3384042807348508,0.15,317.75299301593924,4.375972595001506,1.2610000000000012,0.022925967379021077,1.261000000000001,0.0,0.022917651,0.15
3.8054914470904366,0.34007417978572707,0.15,317.7147481267889,4.37541020324459,1.2620000000000011,0.022925967359841128,1.2620000000000011,0.0,0.022917651,0.15
3.8056814816728535,0.3417442944152854,0.15,317.676343786437,4.374847847935873,1.263000000000001,0.02292596734066118,1.263000000000001,0.0,0.022917651,0.15
3.8058715784658004,0.3434146219014184,0.15,317.63778200827113,4.3742855286151245,1.2640000000000011,0.022925967321481226,1.2640000000000011,0.0,0.022917651,0.15
3.8060617366870404,0.3450851595676544,0.15,317.59906477192357,4.37372324482983,1.2650000000000012,0.02292596730230128,1.265000000000001,0.0,0.022917651,0.15
3.806251955567391,0.346755904782208,0.15,317.5601940239755,4.373160996135029,1.2660000000000011,0.022925967283121323,1.2660000000000011,0.0,0.022917651,0.15
3.8064422343504645,0.3484268549570486,0.15,317.52117167864463,4.372598782093159,1.2670000000000012,0.022925967263941378,1.267000000000001,0.0,0.022917651,0.15
3.8066325722923926,0.35009800754699777,0.15,317.4819996184541,4.372036602273905,1.2680000000000011,0.022925967244761425,1.2680000000000011,0.0,0.022917651,0.15
3.8068229686615753,0.3517693600488426,0.15,317.4426796948865,4.371474456254043,1.2690000000000012,0.022925967225581476,1.269000000000001,0.0,0.022917651,0.15
3.807013422738424,0.3534409100004779,0.15,317.40321372902054,4.370912343617302,1.2700000000000011,0.022925967206401523,1.2700000000000011,0.0,0.022917651,0.15
3.8072039338151193,0.35511265498006256,0.15,317.3636035121528,4.370350263954219,1.2710000000000012,0.022925967187221574,1.271000000000001,0.0,0.022917651,0.15
3.807394501195372,0.35678459260520273,0.15,317.32385080640404,4.369788216861997,1.2720000000000011,0.022925967168041624,1.2720000000000011,0.0,0.022917651,0.15
3.8075851241941843,0.35845672053214916,0.15,317.28395734531097,4.369226201944377,1.273000000000001,0.02292596714886167,1.273000000000001,0.0,0.022917651,0.15
3.807775802137629,0.3601290364550195,0.15,317.243924834403,4.3686642188114995,1.2740000000000014,0.022925967129681722,1.2740000000000011,0.0,0.022917651,0.15
3.8079665343626217,0.36180153810503385,0.15,317.20375495176614,4.368102267079778,1.2750000000000012,0.022925967110501773,1.275000000000001,0.0,0.022917651,0.15
3.8081573202167025,0.36347422324977446,0.15,317.16344934859245,4.367540346371775,1.2760000000000011,0.022925967091321824,1.2760000000000011,0.0,0.022917651,0.15
3.80834815905783,0.3651470896924573,0.15,317.1230096497168,4.366978456316076,1.2770000000000008,0.02292596707214187,1.277000000000001,0.0,0.022917651,0.15
3.8085390502541694,0.3668201352712264,0.15,317.0824374541407,4.366416596547175,1.2780000000000014,0.022925967052961925,1.2780000000000011,0.0,0.022917651,0.15
3.8087299931838903,0.36849335785846016,0.15,317.04173433554325,4.3658547667053496,1.279000000000001,0.02292596703378197,1.279000000000001,0.0,0.022917651,0.15
3.8089209872349725,0.3701667553600988,0.15,317.0009018427813,4.365292966436557,1.2800000000000011,0.02292596701460202,1.2800000000000011,0.0,0.022917651,0.15
3.8091120318050113,0.3718403257149824,0.15,316.9599415003761,4.36473119539231,1.281000000000001,0.02292596699542207,1.281000000000001,0.0,0.022917651,0.15
3.80930312630103,0.37351406689421013,0.15,316.91885480898975,4.364169453229582,1.2820000000000011,0.022925966976242114,1.2820000000000011,0.0,0.022917651,0.15
3.809494270139296,0.37518797690050915,0.15,316.8776432458904,4.363607739610693,1.283000000000001,0.022925966957062168,1.283000000000001,0.0,0.022917651,0.15
3.809685462745141,0.37686205376762294,0.15,316.8363082654054,4.3630460542032,1.2840000000000011,0.022925966937882222,1.2840000000000011,0.0,0.022917651,0.15
3.809876703552786,0.37853629555970925,0.15,316.79485129936637,4.362484396679811,1.285000000000001,0.022925966918702266,1.285000000000001,0.0,0.022917651,0.15
3.8100679920051697,0.3802107003707566,0.15,316.7532737575409,4.361922766718274,1.2860000000000011,0.022925966899522317,1.2860000000000011,0.0,0.022917651,0.15
3.810259327553784,0.38188526632400954,0.15,316.71157702805715,4.361361164001282,1.2870000000000013,0.022925966880342367,1.287000000000001,0.0,0.022917651,0.15
3.810450709658505,0.3835599915714122,0.15,316.66976247781685,4.360799588216382,1.2880000000000011,0.022925966861162415,1.2880000000000011,0.0,0.022917651,0.15
3.8106421377874384,0.3852348742930585,0.15,316.62783145289933,4.360238039055878,1.289000000000001,0.022925966841982465,1.289000000000001,0.0,0.022917651,0.15
3.810833611416762,0.38690991269666175,0.15,316.58578527895713,4.35967651621675,1.2900000000000011,0.022925966822802516,1.2900000000000011,0.0,0.022917651,0.15
3.8110251300305715,0.3885851050170293,0.15,316.54362526160173,4.35911501940055,1.2910000000000008,0.022925966803622563,1.291000000000001,0.0,0.022917651,0.15
3.811216693120733,0.3902604495155557,0.15,316.5013526867804,4.358553548313332,1.2920000000000011,0.022925966784442614,1.2920000000000011,0.0,0.022917651,0.15
3.8114083001867374,0.3919359444797207,0.15,316.4589688211457,4.357992102665556,1.293000000000001,0.022925966765262668,1.293000000000001,0.0,0.022917651,0.15
3.8115999507355567,0.3936115882226052,0.15,316.4164749124156,4.357430682172013,1.2940000000000011,0.022925966746082715,1.2940000000000011,0.0,0.022917651,0.15
3.8117916442815054,0.3952873790824115,0.15,316.37387218972606,4.356869286551741,1.295000000000001,0.022925966726902763,1.295000000000001,0.0,0.022917651,0.15
3.811983380346106,0.39696331542200053,0.15,316.3311618639758,4.356307915527946,1.2960000000000012,0.022925966707722813,1.2960000000000012,0.0,0.022917651,0.15
3.8121751584579515,0.3986393956284328,0.15,316.28834512816303,4.355746568827924,1.297000000000001,0.022925966688542864,1.297000000000001,0.0,0.022917651,0.15
3.8123669781525797,0.4003156181125263,0.15,316.2454231577152,4.3551852461829945,1.2980000000000012,0.02292596666936291,1.2980000000000012,0.0,0.022917651,0.15
3.812558838972344,0.4019919813084175,0.15,316.20239711081143,4.35462394732841,1.299000000000001,0.022925966650182962,1.299000000000001,0.0,0.022917651,0.15
3.8127507404662895,0.4036684836731382,0.15,316.1592681286974,4.3540626720033,1.3000000000000012,0.022925966631003013,1.3000000000000012,0.0,0.022917651,0.15
3.812941142235765,0.4051899190549939,0.15,316.22449522622105,4.353624690190457,1.301000000000001,0.022925966649358965,1.301000000000001,0.0,0.022917651,0.15
3.8131315594754382,0.40671127570277565,0.15,316.2894738878346,4.353186848991354,1.3020000000000012,0.022925966667714914,1.3020000000000012,0.0,0.022917651,0.15
3.8133219921813035,0.4082325536368624,0.15,316.3542041778439,4.352749148369596,1.3030000000000013,0.022925966686070866,1.303000000000001,0.0,0.022917651,0.15
3.813512392811732,0.40975355224804083,0.15,316.41871575853736,4.3523115987867325,1.3040000000000014,0.022925966704426815,1.3040000000000012,0.0,0.022917651,0.15
3.8137024655017275,0.41127301681809236,0.15,316.48318940051183,4.351874271625026,1.305000000000001,0.022925966722782763,1.305000000000001,0.0,0.022917651,0.15
3.8138925555866408,0.4127924001076493,0.15,316.54740743382314,4.3514370953335,1.3060000000000012,0.022925966741138712,1.3060000000000012,0.0,0.022917651,0.15
3.814082663059312,0.4143117021501547,0.15,316.6113699636446,4.351000069850082,1.307000000000001,0.02292596675949466,1.307000000000001,0.0,0.022917651,0.15
3.814272787912588,0.4158309229790349,0.15,316.67507709509204,4.350563195112724,1.3080000000000014,0.022925966777850613,1.3080000000000012,0.0,0.022917651,0.15
3.8144629301393187,0.41735006262769625,0.15,316.73852893322305,4.35012647105942,1.309000000000001,0.022925966796206565,1.309000000000001,0.0,0.022917651,0.15
3.8146530897323605,0.4188691211295283,0.15,316.8017255830382,4.349689897628191,1.3100000000000014,0.022925966814562517,1.3100000000000012,0.0,0.022917651,0.15
3.81484326668457,0.42038809851790104,0.15,316.86466714948017,4.3492534747570994,1.3110000000000013,0.02292596683291847,1.311000000000001,0.0,0.022917651,0.15
3.8150334609888104,0.4219069948261671,0.15,316.9273537374344,4.348817202384235,1.3120000000000012,0.022925966851274415,1.3120000000000012,0.0,0.022917651,0.15
3.815223672637947,0.4234258100876601,0.15,316.98978545172827,4.348381080447727,1.313000000000001,0.022925966869630367,1.313000000000001,0.0,0.022917651,0.15
3.8154139016248516,0.4249445443356963,0.15,317.05196239713234,4.347945108885734,1.3140000000000014,0.02292596688798632,1.3140000000000012,0.0,0.022917651,0.15
3.815604147942396,0.4264631976035724,0.15,317.1138846783593,4.347509287636452,1.315000000000001,0.022925966906342268,1.315000000000001,0.0,0.022917651,0.15
3.8157944115834592,0.42798176992456827,0.15,317.1755524000649,4.347073616638108,1.3160000000000014,0.02292596692469822,1.3160000000000012,0.0,0.022917651,0.15
3.815984692540923,0.4295002613319443,0.15,317.236965666847,4.346638095828963,1.317000000000001,0.02292596694305417,1.317000000000001,0.0,0.022917651,0.15
3.816174990807673,0.4310186718589439,0.15,317.2981245832468,4.346202725147315,1.3180000000000014,0.02292596696141012,1.3180000000000012,0.0,0.022917651,0.15
3.8163653063765985,0.4325370015387907,0.15,317.3590292537476,4.345767504531493,1.319000000000001,0.02292596697976607,1.319000000000001,0.0,0.022917651,0.15
3.816555639240593,0.434055250404692,0.15,317.4196797827759,4.34533243391986,1.3200000000000014,0.022925966998122018,1.3200000000000012,0.0,0.022917651,0.15
3.816745989392554,0.43557341848983516,0.15,317.4800762747009,4.344897513250814,1.3210000000000013,0.02292596701647797,1.321000000000001,0.0,0.022917651,0.15
3.816936356825383,0.43709150582739087,0.15,317.5402188338346,4.3444627424627855,1.3220000000000012,0.022925967034833922,1.3220000000000012,0.0,0.022917651,0.15
3.8171267415319856,0.4386095124505102,0.15,317.60010756443205,4.344028121494239,1.323000000000001,0.022925967053189868,1.323000000000001,0.0,0.022917651,0.15
3.817317143505269,0.4401274383923277,0.15,317.65974257069115,4.343593650283673,1.3240000000000014,0.022925967071545823,1.3240000000000012,0.0,0.022917651,0.15
3.817507562738148,0.44164528368595807,0.15,317.7191239567527,4.3431593287696195,1.325000000000001,0.022925967089901775,1.325000000000001,0.0,0.022917651,0.15
3.8176979992235385,0.44316304836449943,0.15,317.7782518267006,4.342725156890646,1.3260000000000012,0.02292596710825772,1.3260000000000012,0.0,0.022917651,0.15
3.817888452954362,0.4446807324610304,0.15,317.83712628456186,4.342291134585348,1.327000000000001,0.022925967126613676,1.327000000000001,0.0,0.022917651,0.15
3.8180789239235415,0.4461983360086131,0.15,317.89574743430643,4.341857261792361,1.3280000000000012,0.02292596714496962,1.3280000000000012,0.0,0.022917651,0.15
3.818269412124007,0.44771585904028977,0.15,317.9541153798475,4.341423538450352,1.329000000000001,0.02292596716332557,1.329000000000001,0.0,0.022917651,0.15
3.818459917548689,0.44923330158908614,0.15,318.0122302250414,4.340989964498017,1.330000000000001,0.02292596718168152,1.3300000000000012,0.0,0.022917651,0.15
3.8186504401905257,0.4507506636880088,0.15,318.0700920736878,4.340556539874094,1.331000000000001,0.022925967200037475,1.331000000000001,0.0,0.022917651,0.15
3.8188409800424568,0.4522679453700472,0.15,318.12770102952936,4.340123264517349,1.3320000000000014,0.022925967218393427,1.3320000000000012,0.0,0.022917651,0.15
3.8190315370974246,0.45378514666817166,0.15,318.18505719625216,4.3396901383665805,1.3330000000000013,0.022925967236749376,1.333000000000001,0.0,0.022917651,0.15
3.819222111348377,0.45530226761533565,0.15,318.24216067748563,4.339257161360623,1.3340000000000012,0.022925967255105324,1.3340000000000012,0.0,0.022917651,0.15
3.819412702788267,0.4568193082444735,0.15,318.2990115768025,4.338824333438344,1.335000000000001,0.02292596727346128,1.335000000000001,0.0,0.022917651,0.15
3.819603311410049,0.4583362685885028,0.15,318.35560999771917,4.338391654538645,1.3360000000000014,0.02292596729181723,1.3360000000000012,0.0,0.022917651,0.15
3.819793937206683,0.45985314868032173,0.15,318.411956043695,4.33795912460046,1.337000000000001,0.022925967310173177,1.337000000000001,0.0,0.022917651,0.15
3.8199845801711314,0.461369948552812,0.15,318.4680498181332,4.337526743562757,1.3380000000000014,0.02292596732852913,1.3380000000000012,0.0,0.022917651,0.15
3.8201752402963614,0.4628866682388358,0.15,318.5238914243803,4.337094511364534,1.3390000000000009,0.022925967346885078,1.339000000000001,0.0,0.022917651,0.15
3.820365917575344,0.464403307771239,0.15,318.57948096572665,4.336662427944828,1.3400000000000012,0.02292596736524103,1.3400000000000012,0.0,0.022917651,0.15
3.8205566120010532,0.46591986718284795,0.15,318.63481854540584,4.336230493242706,1.341000000000001,0.02292596738359698,1.341000000000001,0.0,0.022917651,0.15
3.8207473235664686,0.46743634650647237,0.15,318.6899042665954,4.335798707197267,1.3420000000000014,0.022925967401952928,1.3420000000000012,0.0,0.022917651,0.15
3.8209380522645713,0.46895274577490315,0.15,318.7447382324164,4.335367069747645,1.343000000000001,0.02292596742030888,1.343000000000001,0.0,0.022917651,0.15
3.8211287980883477,0.47046906502091407,0.15,318.79932054593354,4.33493558083301,1.3440000000000012,0.022925967438664832,1.3440000000000012,0.0,0.022917651,0.15
3.821319561030789,0.4719853042772601,0.15,318.85365131015544,4.334504240392559,1.345000000000001,0.02292596745702078,1.345000000000001,0.0,0.022917651,0.15
3.8215103410848874,0.4735014635766794,0.15,318.90773062803447,4.3340730483655285,1.3460000000000012,0.02292596747537673,1.3460000000000012,0.0,0.022917651,0.15
3.8217007897791557,0.4750158882245256,0.15,318.96144392219867,4.333642265448647,1.347000000000001,0.022925967493732678,1.347000000000001,0.0,0.022917651,0.15
3.8218906327968387,0.47652728018457496,0.15,319.014697300401,4.333212092301732,1.3480000000000012,0.02292596751208863,1.3480000000000012,0.0,0.022917651,0.15
3.8220805295835265,0.47803877392811045,0.15,319.067707406992,4.332782032437641,1.349000000000001,0.022925967530444583,1.349000000000001,0.0,0.022917651,0.15
3.822270479776738,0.47955036876896195,0.15,319.1204758819805,4.332352085092675,1.3500000000000012,0.02292596754880053,1.3500000000000012,0.0,0.022917651,0.15
3.8224604830172395,0.48106206402711227,0.15,319.1730043506673,4.3319222495099945,1.3510000000000013,0.022925967567156483,1.351000000000001,0.0,0.022917651,0.15
3.822650538949016,0.48257385902863026,0.15,319.22529442380903,4.331492524939526,1.3520000000000014,0.022925967585512436,1.3520000000000012,0.0,0.022917651,0.15
3.822840647219229,0.48408575310560104,0.15,319.277347697781,4.331062910637897,1.3530000000000013,0.022925967603868384,1.353000000000001,0.0,0.022917651,0.15
3.823030807478183,0.4855977455960607,0.15,319.3291657547368,4.330633405868352,1.3540000000000014,0.022925967622224333,1.3540000000000012,0.0,0.022917651,0.15
3.8232210193792926,0.48710983584392836,0.15,319.38075016276684,4.330204009900693,1.355000000000001,0.022925967640580285,1.355000000000001,0.0,0.022917651,0.15
3.8234112825790443,0.4886220231989432,0.15,319.43210247605407,4.329774722011189,1.3560000000000012,0.022925967658936237,1.3560000000000012,0.0,0.022917651,0.15
3.8236015967369656,0.49013430701659777,0.15,319.4832242350278,4.329345541482518,1.3570000000000009,0.022925967677292186,1.357000000000001,0.0,0.022917651,0.15
3.82379196151559,0.4916466866580763,0.15,319.5341169665155,4.328916467603694,1.3580000000000014,0.022925967695648135,1.3580000000000012,0.0,0.022917651,0.15
3.823982376580425,0.4931591614901904,0.15,319.5847821838927,4.328487499669991,1.3590000000000013,0.022925967714004084,1.359000000000001,0.0,0.022917651,0.15
3.8241728415999163,0.4946717308853193,0.15,319.6352213872305,4.328058636982878,1.3600000000000012,0.022925967732360036,1.3600000000000012,0.0,0.022917651,0.15
3.8243633562454216,0.4961843942213462,0.15,319.6854360634417,4.327629878849956,1.361000000000001,0.022925967750715988,1.361000000000001,0.0,0.022917651,0.15
3.824553920191172,0.49769715088160105,0.15,319.73542768642517,4.3272012245848845,1.3620000000000014,0.022925967769071937,1.3620000000000012,0.0,0.022917651,0.15
3.8247445331142447,0.49921000025479767,0.15,319.7851977172068,4.326772673507312,1.3630000000000013,0.022925967787427885,1.363000000000001,0.0,0.022917651,0.15
3.8249351946945316,0.5007229417349786,0.15,319.83474760408103,4.326344224942822,1.3640000000000012,0.02292596780578384,1.3640000000000012,0.0,0.022917651,0.15
3.825125904614708,0.5022359747214541,0.15,319.8840787827482,4.3259158782228635,1.365000000000001,0.02292596782413979,1.365000000000001,0.0,0.022917651,0.15
3.825316662560201,0.503749098618748,0.15,319.9331926764517,4.325487632684679,1.3660000000000012,0.02292596784249574,1.3660000000000012,0.0,0.022917651,0.15
3.825507468219163,0.5052623128365376,0.15,319.98209069611283,4.325059487671257,1.367000000000001,0.02292596786085169,1.367000000000001,0.0,0.022917651,0.15
3.82569832128244,0.5067756167896023,0.15,320.03077424046336,4.324631442531254,1.3680000000000012,0.02292596787920764,1.3680000000000012,0.0,0.022917651,0.15
3.8258892214435423,0.5082890098977645,0.15,320.0792446961773,4.324203496618951,1.3690000000000013,0.02292596789756359,1.369000000000001,0.0,0.022917651,0.15
3.826080168398618,0.5098024915858389,0.15,320.1275034380006,4.323775649294175,1.3700000000000014,0.02292596791591954,1.3700000000000012,0.0,0.022917651,0.15
3.8262711618464222,0.5113160612835763,0.15,320.1755518288788,4.323347899922252,1.371000000000001,0.02292596793427549,1.371000000000001,0.0,0.022917651,0.15
3.826462201488291,0.5128297184256124,0.15,320.2233912200837,4.322920247873945,1.3720000000000014,0.022925967952631444,1.3720000000000012,0.0,0.022917651,0.15
3.8266532870281122,0.5143434624514144,0.15,320.27102295133784,4.322492692525392,1.3730000000000013,0.022925967970987393,1.373000000000001,0.0,0.022917651,0.15
3.8268444181723007,0.5158572928052308,0.15,320.31844835093773,4.322065233258053,1.3740000000000012,0.02292596798934334,1.3740000000000012,0.0,0.022917651,0.15
3.8270355946297667,0.517371208936039,0.15,320.3656687358754,4.321637869458653,1.375000000000001,0.022925968007699294,1.375000000000001,0.0,0.022917651,0.15
3.8272268161118976,0.5188852102974972,0.15,320.4126854119583,4.321210600519124,1.3760000000000012,0.022925968026055243,1.3760000000000012,0.0,0.022917651,0.15
3.8274180823325223,0.5203992963478918,0.15,320.4594996739282,4.320783425836553,1.3770000000000011,0.022925968044411195,1.3770000000000011,0.0,0.022917651,0.15
3.8276093930078905,0.521913466550092,0.15,320.5061128055773,4.3203563448131215,1.3780000000000012,0.022925968062767144,1.3780000000000012,0.0,0.022917651,0.15
3.827800747856647,0.5234277203714982,0.15,320.5525260798647,4.31992935685606,1.3790000000000011,0.022925968081123092,1.3790000000000011,0.0,0.022917651,0.15
3.8279921465998066,0.524942057283997,0.15,320.59874075902985,4.31950246137759,1.3800000000000012,0.022925968099479044,1.3800000000000012,0.0,0.022917651,0.15
3.8281835889607283,0.5264564767639119,0.15,320.64475809470525,4.319075657794869,1.3810000000000011,0.022925968117834997,1.3810000000000011,0.0,0.022917651,0.15
3.8283750746650895,0.5279709782919586,0.15,320.6905793280277,4.318648945529947,1.3820000000000012,0.022925968136190945,1.3820000000000012,0.0,0.022917651,0.15
3.828566603440863,0.5294855613531971,0.15,320.73620568974815,4.318222324009705,1.3830000000000011,0.022925968154546894,1.3830000000000011,0.0,0.022917651,0.15
3.8287581750182964,0.5310002254369891,0.15,320.78163840033994,4.317795792665814,1.3840000000000012,0.022925968172902846,1.3840000000000012,0.0,0.022917651,0.15
3.8289497891298816,0.5325149700369498,0.15,320.8268786701058,4.31736935093468,1.3850000000000011,0.022925968191258795,1.3850000000000011,0.0,0.022917651,0.15
3.8291414455103365,0.5340297946509069,0.15,320.87192769928413,4.316942998257395,1.3860000000000012,0.022925968209614747,1.3860000000000012,0.0,0.022917651,0.15
3.8293331438965814,0.5355446987808541,0.15,320.91678667815245,4.316516734079688,1.3870000000000011,0.0229259682279707,1.3870000000000011,0.0,0.022917651,0.15
3.829524884027713,0.5370596819329108,0.15,320.9614567871314,4.316090557851881,1.3880000000000012,0.022925968246326648,1.3880000000000012,0.0,0.022917651,0.15
3.829716565432793,0.5385746693346133,0.15,321.00603096670324,4.315664142575132,1.3890000000000013,0.022925968264682597,1.3890000000000011,0.0,0.022917651,0.15
3.8299080477900063,0.5400895934333181,0.15,321.05067301352545,4.31523699469535,1.3900000000000015,0.02292596828303855,1.3900000000000012,0.0,0.022917651,0.15
3.8300996005562067,0.5416046737913286,0.15,321.09515653572566,4.314809972187933,1.3910000000000013,0.0229259683013945,1.3910000000000011,0.0,0.022917651,0.15
3.8302912229951196,0.5431199087746259,0.15,321.13948319101144,4.314383073741849,1.3920000000000015,0.022925968319750453,1.3920000000000012,0.0,0.022917651,0.15
3.830482914380702,0.5446352967718945,0.15,321.1836546140576,4.313956298064285,1.3930000000000011,0.022925968338106402,1.3930000000000011,0.0,0.022917651,0.15
3.830674673996963,0.5461508361941303,0.15,321.2276724169048,4.313529643880326,1.3940000000000012,0.02292596835646235,1.3940000000000012,0.0,0.022917651,0.15
3.8308665011377916,0.547666525474254,0.15,321.2715381893499,4.313103109932646,1.3950000000000011,0.0229259683748183,1.3950000000000011,0.0,0.022917651,0.15
3.831058395106786,0.5491823630667365,0.15,321.3152534993282,4.312676694981216,1.3960000000000012,0.02292596839317425,1.3960000000000012,0.0,0.022917651,0.15
3.83125035521709,0.5506983474472277,0.15,321.3588198932884,4.312250397802995,1.3970000000000014,0.0229259684115302,1.3970000000000011,0.0,0.022917651,0.15
3.831442380791224,0.5522144771121963,0.15,321.40223889655897,4.311824217191646,1.3980000000000012,0.022925968429886152,1.3980000000000012,0.0,0.022917651,0.15
3.831634471160934,0.5537307505785745,0.15,321.4455120137074,4.311398151957251,1.3990000000000011,0.0229259684482421,1.3990000000000011,0.0,0.022917651,0.15
3.8318266256670266,0.5552471663834125,0.15,321.4886407288928,4.310972200926036,1.4000000000000015,0.022925968466598053,1.4000000000000012,0.0,0.022917651,0.15
3.8320542273892038,0.5566170553881391,0.15,321.5502755896581,4.31081235121031,1.4010000000000011,0.022925968466323388,1.4010000000000011,0.0,0.022917651,0.15
3.832281853448292,0.5579870645190468,0.15,321.61207309396127,4.310652478723648,1.4020000000000012,0.02292596846604872,1.4020000000000012,0.0,0.022917651,0.15
3.832509503884086,0.5593571939725613,0.15,321.67403350775214,4.310492583428813,1.403000000000001,0.022925968465774053,1.4030000000000011,0.0,0.022917651,0.15
3.832737178736468,0.560727443945539,0.15,321.73615709756103,4.310332665288491,1.4040000000000015,0.022925968465499387,1.4040000000000012,0.0,0.022917651,0.15
3.832964878045406,0.5620978146352642,0.15,321.7984441304999,4.31017272426528,1.4050000000000011,0.022925968465224718,1.4050000000000011,0.0,0.022917651,0.15
3.8331926018509574,0.5634683062394534,0.15,321.86089487426386,4.310012760321709,1.406000000000001,0.022925968464950045,1.4060000000000012,0.0,0.022917651,0.15
3.8334203501932658,0.5648389189562542,0.15,321.9235095971333,4.3098527734202134,1.407000000000001,0.022925968464675383,1.4070000000000011,0.0,0.022917651,0.15
3.833648123112562,0.5662096529842476,0.15,321.9862885679749,4.309692763523151,1.4080000000000015,0.022925968464400724,1.4080000000000013,0.0,0.022917651,0.15
3.8338759206491657,0.5675805085224488,0.15,322.04923205624317,4.309532730592794,1.4090000000000014,0.022925968464126055,1.4090000000000011,0.0,0.022917651,0.15
3.8341037428434843,0.5689514857703094,0.15,322.1123403319828,4.309372674591339,1.4100000000000013,0.02292596846385139,1.4100000000000013,0.0,0.022917651,0.15
3.8343315897360135,0.5703225849277166,0.15,322.1756136658297,4.309212595480893,1.4110000000000011,0.022925968463576724,1.4110000000000011,0.0,0.022917651,0.15
3.8345594613673404,0.5716938061949967,0.15,322.23905232901257,4.309052493223484,1.4120000000000015,0.022925968463302054,1.4120000000000013,0.0,0.022917651,0.15
3.8347873577781364,0.5730651497729139,0.15,322.3026565933549,4.308892367781054,1.4130000000000014,0.022925968463027385,1.4130000000000011,0.0,0.022917651,0.15
3.8350152410809097,0.5744366229912317,0.15,322.3664939617381,4.308732060310116,1.4140000000000013,0.02292596846275272,1.4140000000000013,0.0,0.022917651,0.15
3.8352429238892705,0.5758082533851359,0.15,322.43088813935395,4.308570793893816,1.415000000000001,0.022925968462478054,1.4150000000000011,0.0,0.022917651,0.15
3.8354706186188334,0.5771799952833643,0.15,322.4954562598937,4.308409463651692,1.4160000000000013,0.022925968462203385,1.4160000000000013,0.0,0.022917651,0.15
3.835698325276547,0.5785518487509047,0.15,322.56019842473705,4.308248069546545,1.4170000000000011,0.022925968461928715,1.4170000000000011,0.0,0.022917651,0.15
3.8359260438693648,0.579923813852797,0.15,322.6251147353426,4.308086611541147,1.4180000000000015,0.022925968461654053,1.4180000000000013,0.0,0.022917651,0.15
3.8361537744042447,0.5812958906541299,0.15,322.6902052932478,4.307925089598238,1.4190000000000011,0.02292596846137939,1.4190000000000011,0.0,0.022917651,0.15
3.8363815168881525,0.5826680792200439,0.15,322.75547020006894,4.307763503680532,1.4200000000000013,0.022925968461104722,1.4200000000000013,0.0,0.022917651,0.15
3.836609271328056,0.5840403796157294,0.15,322.8209095575014,4.307601853750716,1.4210000000000012,0.022925968460830053,1.4210000000000012,0.0,0.022917651,0.15
3.8368370377309327,0.5854127919064285,0.15,322.8865234673197,4.307440139771441,1.4220000000000015,0.02292596846055539,1.4220000000000013,0.0,0.022917651,0.15
3.83706481610376,0.5867853161574328,0.15,322.95231203137746,4.307278361705338,1.4230000000000014,0.02292596846028072,1.4230000000000012,0.0,0.022917651,0.15
3.837292606453527,0.5881579524340862,0.15,323.01827535160766,4.307116519515001,1.4240000000000013,0.022925968460006052,1.4240000000000013,0.0,0.022917651,0.15
3.8375204087872237,0.5895307008017816,0.15,323.08441353002263,4.306954613162999,1.425000000000001,0.022925968459731386,1.4250000000000012,0.0,0.022917651,0.15
3.837748223111847,0.5909035613259648,0.15,323.150726668714,4.306792642611871,1.4260000000000015,0.022925968459456717,1.4260000000000013,0.0,0.022917651,0.15
3.8379760494344,0.5922765340721307,0.15,323.21721486985297,4.306630607824126,1.4270000000000014,0.02292596845918205,1.4270000000000012,0.0,0.022917651,0.15
3.838203887761889,0.5936496191058267,0.15,323.2838782356902,4.306468508762246,1.4280000000000013,0.022925968458907386,1.4280000000000013,0.0,0.022917651,0.15
3.838431738101328,0.5950228164926503,0.15,323.3507168685561,4.3063063453886805,1.4290000000000012,0.02292596845863272,1.4290000000000012,0.0,0.022917651,0.15
3.8386596004597364,0.5963961262982509,0.15,323.4177308708609,4.306144117665855,1.430000000000001,0.022925968458358054,1.4300000000000013,0.0,0.022917651,0.15
3.8388874748441375,0.597769548588328,0.15,323.4849203450945,4.305981825556159,1.4310000000000012,0.02292596845808339,1.4310000000000012,0.0,0.022917651,0.15
3.8391153612615607,0.5991430834286334,0.15,323.5522853938266,4.305819469021955,1.4320000000000013,0.022925968457808716,1.4320000000000013,0.0,0.022917651,0.15
3.8393432597190413,0.6005167308849693,0.15,323.6198261197069,4.30565704802558,1.4330000000000012,0.022925968457534054,1.4330000000000012,0.0,0.022917651,0.15
3.8395711702236213,0.60189049102319,0.15,323.68754262546537,4.305494562529339,1.4340000000000013,0.022925968457259388,1.4340000000000013,0.0,0.022917651,0.15
3.8397990927823447,0.6032643639092004,0.15,323.75543501391184,4.305332012495507,1.4350000000000012,0.02292596845698472,1.4350000000000012,0.0,0.022917651,0.15
3.840027027402265,0.6046383496089573,0.15,323.82350338793634,4.305169397886329,1.4360000000000015,0.022925968456710053,1.4360000000000013,0.0,0.022917651,0.15
3.840254974090437,0.6060124481884686,0.15,323.8917478505092,4.30500671866402,1.4370000000000012,0.022925968456435387,1.4370000000000012,0.0,0.022917651,0.15
3.840482932853926,0.6073866597137941,0.15,323.96016850468123,4.304843974790771,1.4380000000000013,0.02292596845616072,1.4380000000000013,0.0,0.022917651,0.15
3.8407109036997977,0.6087609842510447,0.15,324.02876545358356,4.304681166228737,1.4390000000000014,0.022925968455886056,1.4390000000000012,0.0,0.022917651,0.15
3.840938886635127,0.6101354218663836,0.15,324.0975388004277,4.304518292940045,1.4400000000000015,0.022925968455611387,1.4400000000000013,0.0,0.022917651,0.15
3.841166881666992,0.6115099726260246,0.15,324.166488648506,4.304355354886797,1.4410000000000012,0.022925968455336718,1.4410000000000012,0.0,0.022917651,0.15
3.8413948888024794,0.6128846365962346,0.15,324.23561510119123,4.304192352031059,1.4420000000000013,0.022925968455062052,1.4420000000000013,0.0,0.022917651,0.15
3.8416229080486777,0.6142594138433306,0.15,324.30491826193713,4.30402928433487,1.4430000000000012,0.022925968454787386,1.4430000000000012,0.0,0.022917651,0.15
3.841850939412683,0.615634304433683,0.15,324.3743982342781,4.303866151760242,1.4440000000000013,0.022925968454512724,1.4440000000000013,0.0,0.022917651,0.15
3.8420789829015973,0.6170093084337129,0.15,324.44405512182936,4.303702954269153,1.4450000000000014,0.022925968454238055,1.4450000000000012,0.0,0.022917651,0.15
3.8423070385225255,0.6183844259098941,0.15,324.51388902828734,4.303539691823553,1.4460000000000015,0.02292596845396339,1.4460000000000013,0.0,0.022917651,0.15
3.8425351062825825,0.6197596569287516,0.15,324.5839000574294,4.303376364385362,1.4470000000000014,0.02292596845368872,1.4470000000000012,0.0,0.022917651,0.15
3.842763186188885,0.6211350015568633,0.15,324.654088313114,4.303212971916473,1.4480000000000013,0.022925968453414054,1.4480000000000013,0.0,0.022917651,0.15
3.8429912782485562,0.6225104598608582,0.15,324.7244538992809,4.303049514378745,1.4490000000000012,0.022925968453139385,1.4490000000000012,0.0,0.022917651,0.15
3.843219382468726,0.6238860319074185,0.15,324.7949969199511,4.302885991734009,1.4500000000000013,0.022925968452864723,1.4500000000000013,0.0,0.022917651,0.15
3.8434474988565284,0.6252617177632773,0.15,324.86571747922693,4.302722403944067,1.4510000000000012,0.022925968452590054,1.4510000000000012,0.0,0.022917651,0.15
3.843675627419104,0.6266375174952212,0.15,324.93661568129227,4.302558750970689,1.4520000000000013,0.022925968452315384,1.4520000000000013,0.0,0.022917651,0.15
3.843903768163598,0.6280134311700878,0.15,325.0076916304125,4.3023950327756175,1.4530000000000012,0.02292596845204072,1.4530000000000012,0.0,0.022917651,0.15
3.844131921097163,0.6293894588547682,0.15,325.07894543093465,4.302231249320563,1.4540000000000013,0.022925968451766053,1.4540000000000013,0.0,0.022917651,0.15
3.844360086226956,0.6307656006162051,0.15,325.15037718728735,4.302067400567209,1.4550000000000012,0.022925968451491387,1.4550000000000012,0.0,0.022917651,0.15
3.8445882635601385,0.6321418565213941,0.15,325.22198700398104,4.301903486477204,1.4560000000000013,0.02292596845121672,1.4560000000000013,0.0,0.022917651,0.15
3.844816453103879,0.6335182266373824,0.15,325.29377498560797,4.3017395070121704,1.4570000000000012,0.022925968450942052,1.4570000000000012,0.0,0.022917651,0.15
3.845044654865352,0.6348947110312712,0.15,325.3657412368424,4.301575462133701,1.4580000000000013,0.022925968450667383,1.4580000000000013,0.0,0.022917651,0.15
3.8452728688517364,0.6362713097702124,0.15,325.4378858624407,4.301411351803354,1.4590000000000012,0.02292596845039272,1.4590000000000012,0.0,0.022917651,0.15
3.845501095070219,0.6376480229214128,0.15,325.5102089672411,4.301247175982664,1.4600000000000015,0.022925968450118052,1.4600000000000013,0.0,0.022917651,0.15
3.8457293335279874,0.6390248505521293,0.15,325.5827106561641,4.30108293463313,1.4610000000000014,0.022925968449843386,1.4610000000000012,0.0,0.022917651,0.15
3.84595758423224,0.6404017927296738,0.15,325.65539103421247,4.300918627716223,1.4620000000000013,0.02292596844956872,1.4620000000000013,0.0,0.022917651,0.15
3.846185847190179,0.6417788495214095,0.15,325.7282502064713,4.300754255193383,1.4630000000000012,0.02292596844929405,1.4630000000000012,0.0,0.022917651,0.15
3.846414122409012,0.6431560209947534,0.15,325.8012882781082,4.300589817026022,1.4640000000000015,0.022925968449019386,1.4640000000000013,0.0,0.022917651,0.15
3.8466424098959515,0.6445333072171743,0.15,325.87450535437307,4.300425313175519,1.4650000000000014,0.02292596844874472,1.4650000000000012,0.0,0.022917651,0.15
3.846870709658216,0.6459107082561952,0.15,325.9479015405986,4.300260743603221,1.4660000000000013,0.02292596844847005,1.4660000000000013,0.0,0.022917651,0.15
3.8470990217030323,0.647288224179391,0.15,326.02147694219985,4.300096108270453,1.4670000000000012,0.02292596844819539,1.4670000000000012,0.0,0.022917651,0.15
3.8473273460376287,0.6486658550543906,0.15,326.09523166467505,4.2999314071385,1.4680000000000013,0.02292596844792072,1.4680000000000013,0.0,0.022917651,0.15
3.8475556826692436,0.650043600948875,0.15,326.16916581360493,4.299766640168624,1.4690000000000012,0.022925968447646054,1.4690000000000012,0.0,0.022917651,0.15
3.8477840316051153,0.6514214619305793,0.15,326.24327949465305,4.299601807322048,1.4700000000000013,0.022925968447371388,1.4700000000000013,0.0,0.022917651,0.15
3.8480123752028517,0.6527994162982448,0.15,326.3175914818535,4.299436859717063,1.4710000000000012,0.02292596844709672,1.4710000000000012,0.0,0.022917651,0.15
3.848240221893973,0.6541768568002406,0.15,326.39261653154097,4.299270437966123,1.472000000000001,0.022925968446822056,1.4720000000000013,0.0,0.022917651,0.15
3.8484680695273368,0.6555543965419699,0.15,326.4678231202961,4.2991039207440265,1.4730000000000014,0.022925968446547384,1.4730000000000012,0.0,0.022917651,0.15
3.848695918102723,0.6569320355005276,0.15,326.5432112062185,4.298937308072806,1.4740000000000015,0.022925968446272718,1.4740000000000013,0.0,0.022917651,0.15
3.8489237676199153,0.658309773653015,0.15,326.6187807474202,4.298770599974493,1.4750000000000014,0.022925968445998052,1.4750000000000012,0.0,0.022917651,0.15
3.849151618078697,0.6596876109765416,0.15,326.6945317020265,4.298603796471108,1.4760000000000013,0.022925968445723383,1.4760000000000013,0.0,0.022917651,0.15
3.8493794694788503,0.6610655474482223,0.15,326.77046402817547,4.298436897584668,1.4770000000000012,0.02292596844544872,1.4770000000000012,0.0,0.022917651,0.15
3.849607321820159,0.6624435830451811,0.15,326.8465776840181,4.298269903337179,1.4780000000000013,0.022925968445174055,1.4780000000000013,0.0,0.022917651,0.15
3.8498351751024042,0.6638217177445469,0.15,326.92287262771805,4.298102813750644,1.4790000000000012,0.022925968444899386,1.4790000000000012,0.0,0.022917651,0.15
3.850063029325369,0.6651999515234575,0.15,326.9993488174522,4.297935628847057,1.480000000000001,0.02292596844462472,1.4800000000000013,0.0,0.022917651,0.15
3.850290884488837,0.6665782843590563,0.15,327.0760062114099,4.297768348648407,1.481000000000001,0.022925968444350055,1.4810000000000012,0.0,0.022917651,0.15
3.8505187405925922,0.6679567162284947,0.15,327.1528447677936,4.2976009731766736,1.4820000000000015,0.022925968444075386,1.4820000000000013,0.0,0.022917651,0.15
3.8507465976364164,0.6693352471089303,0.15,327.22986444481865,4.297433502453833,1.4830000000000012,0.022925968443800716,1.4830000000000012,0.0,0.022917651,0.15
3.8509744556200927,0.6707138769775288,0.15,327.30706520071305,4.297265936501853,1.4840000000000013,0.022925968443526054,1.4840000000000013,0.0,0.022917651,0.15
3.851202314543405,0.6720926058114617,0.15,327.3844469937178,4.297098275342694,1.4850000000000012,0.022925968443251385,1.4850000000000012,0.0,0.022917651,0.15
3.8514301744061368,0.6734714335879086,0.15,327.4620097820867,4.29693051899831,1.486000000000001,0.02292596844297672,1.4860000000000013,0.0,0.022917651,0.15
3.851658035208071,0.6748503602840551,0.15,327.5397535240864,4.29676266749065,1.4870000000000012,0.022925968442702054,1.4870000000000012,0.0,0.022917651,0.15
3.8518858969489913,0.676229385877095,0.15,327.61767817799625,4.296594720841652,1.4880000000000013,0.022925968442427388,1.4880000000000013,0.0,0.022917651,0.15
3.8521137596286805,0.6776085103442276,0.15,327.69578370210866,4.296426679073253,1.4890000000000012,0.022925968442152722,1.4890000000000012,0.0,0.022917651,0.15
3.8523416232469234,0.6789877336626611,0.15,327.77407005472867,4.2962585422073785,1.490000000000001,0.022925968441878053,1.4900000000000013,0.0,0.022917651,0.15
3.852569487803502,0.6803670558096085,0.15,327.8525371941741,4.29609031026595,1.491000000000001,0.022925968441603384,1.4910000000000012,0.0,0.022917651,0.15
3.8527973532982025,0.6817464767622922,0.15,327.9311850787758,4.2959219832708815,1.4920000000000015,0.022925968441328718,1.4920000000000013,0.0,0.022917651,0.15
3.853025219730807,0.6831259964979393,0.15,328.0100136668773,4.295753561244078,1.4930000000000012,0.022925968441054052,1.4930000000000012,0.0,0.022917651,0.15
3.8532530871010984,0.6845056149937856,0.15,328.08902291683484,4.295585044207442,1.4940000000000013,0.022925968440779387,1.4940000000000013,0.0,0.022917651,0.15
3.853480955408863,0.6858853322270728,0.15,328.16821278701747,4.295416432182868,1.4950000000000012,0.02292596844050472,1.4950000000000012,0.0,0.022917651,0.15
3.8537088246538835,0.6872651481750508,0.15,328.2475832358074,4.295247725192239,1.4960000000000013,0.022925968440230055,1.4960000000000013,0.0,0.022917651,0.15
3.8539366948359444,0.6886450628149748,0.15,328.327134221599,4.29507892325744,1.4970000000000012,0.02292596843995539,1.4970000000000012,0.0,0.022917651,0.15
3.8541645659548287,0.6900250761241089,0.15,328.40686570279996,4.29491002640034,1.4980000000000013,0.02292596843968072,1.4980000000000013,0.0,0.022917651,0.15
3.854392438010322,0.6914051880797221,0.15,328.4867776378304,4.294741034642808,1.4990000000000012,0.022925968439406055,1.4990000000000012,0.0,0.022917651,0.15
3.854620311002208,0.6927853986590925,0.15,328.5668699851237,4.2945719480067055,1.5000000000000016,0.02292596843913139,1.5000000000000013,0.0,0.022917651,0.15
3.854860792502551,0.6940350571401633,0.15,328.7546022265021,4.294564504258791,1.5010000000000012,0.022925968439406055,1.5010000000000012,0.0,0.022917651,0.15
3.8551017173277793,0.6952844863580218,0.15,328.9412869617697,4.2945590630342085,1.5020000000000013,0.02292596843968072,1.5020000000000013,0.0,0.022917651,0.15
3.855343086152164,0.6965336859639703,0.15,329.12692259772905,4.294555627378678,1.5030000000000012,0.02292596843995539,1.5030000000000012,0.0,0.022917651,0.15
3.855584899651346,0.6977826556086058,0.15,329.31150753794986,4.294554200344104,1.5040000000000013,0.022925968440230055,1.5040000000000013,0.0,0.022917651,0.15
3.855827158502336,0.6990313949418144,0.15,329.4950401827615,4.294554784988588,1.5050000000000012,0.022925968440504717,1.5050000000000012,0.0,0.022917651,0.15
3.856069863383522,0.7002799036127727,0.15,329.67751892924434,4.294557384376439,1.5060000000000011,0.022925968440779383,1.5060000000000013,0.0,0.022917651,0.15
3.8563130149746687,0.7015281812699427,0.15,329.8589421712211,4.294562001578197,1.5070000000000012,0.02292596844105405,1.5070000000000012,0.0,0.022917651,0.15
3.8565551189299465,0.7027745010602985,0.15,330.0404756277746,4.294564385385191,1.5080000000000016,0.02292596844132872,1.5080000000000013,0.0,0.022917651,0.15
3.856796706140725,0.7040195519519811,0.15,330.22169137343263,4.294565970631898,1.5090000000000015,0.022925968441603387,1.5090000000000012,0.0,0.022917651,0.15
3.8570387876732597,0.7052645211175187,0.15,330.4017971501357,4.294569614868793,1.5100000000000016,0.022925968441878056,1.5100000000000013,0.0,0.022917651,0.15
3.857281363190997,0.7065094086125531,0.15,330.5807937135915,4.29457531669404,1.5110000000000012,0.022925968442152722,1.5110000000000012,0.0,0.022917651,0.15
3.8575244323576903,0.7077542144926766,0.15,330.7586818188222,4.294583074707073,1.5120000000000013,0.022925968442427388,1.5120000000000013,0.0,0.022917651,0.15
3.857767994837397,0.7089989388134298,0.15,330.9354622201645,4.294592887508601,1.5130000000000012,0.022925968442702054,1.5130000000000012,0.0,0.022917651,0.15
3.85801205029448,0.7102435816303039,0.15,331.111135671271,4.294604753700597,1.5140000000000013,0.02292596844297672,1.5140000000000013,0.0,0.022917651,0.15
3.8582565983936075,0.7114881429987391,0.15,331.28570292511097,4.2946186718863055,1.5150000000000012,0.022925968443251385,1.5150000000000012,0.0,0.022917651,0.15
3.8585016387997504,0.7127326229741264,0.15,331.4591647339705,4.294634640670241,1.5160000000000013,0.022925968443526054,1.5160000000000013,0.0,0.022917651,0.15
3.8587471711781833,0.7139770216118048,0.15,331.631521849454,4.2946526586581735,1.5170000000000012,0.022925968443800716,1.5170000000000012,0.0,0.022917651,0.15
3.858993195194485,0.7152213389670651,0.15,331.8027750224846,4.294672724457144,1.5180000000000016,0.022925968444075386,1.5180000000000013,0.0,0.022917651,0.15
3.8592397105145357,0.7164655750951463,0.15,331.97292500330485,4.294694836675456,1.5190000000000012,0.022925968444350058,1.5190000000000012,0.0,0.022917651,0.15
3.8594867168045206,0.7177097300512388,0.15,332.14197254147786,4.294718993922669,1.5200000000000016,0.022925968444624724,1.5200000000000014,0.0,0.022917651,0.15
3.8597342137309263,0.7189538038904819,0.15,332.3099183858876,4.2947451948096065,1.5210000000000012,0.022925968444899386,1.5210000000000012,0.0,0.022917651,0.15
3.859981638714975,0.7201971988285489,0.15,332.4770450909709,4.294771786628257,1.5220000000000014,0.02292596844517406,1.5220000000000014,0.0,0.022917651,0.15
3.8602274993796852,0.7214382672656013,0.15,332.64407679016483,4.29479444702488,1.5230000000000015,0.02292596844544872,1.5230000000000012,0.0,0.022917651,0.15
3.860473912068055,0.7226792206296483,0.15,332.809937976985,4.294819430626854,1.5240000000000014,0.022925968445723387,1.5240000000000014,0.0,0.022917651,0.15
3.8607208759537763,0.7239200590929388,0.15,332.97463040354125,4.294846733956629,1.5250000000000015,0.022925968445998056,1.5250000000000012,0.0,0.022917651,0.15
3.8609683902121845,0.72516078282738,0.15,333.13815581844864,4.294876353543599,1.5260000000000016,0.022925968446272718,1.5260000000000014,0.0,0.022917651,0.15
3.8612164540202643,0.7264013920045344,0.15,333.3005159668352,4.294908285924071,1.5270000000000012,0.022925968446547387,1.5270000000000012,0.0,0.022917651,0.15
3.861465066556636,0.7276418867956242,0.15,333.46171259035174,4.294942527641258,1.5280000000000014,0.022925968446822053,1.5280000000000014,0.0,0.022917651,0.15
3.8617142270015616,0.7288822673715296,0.15,333.6217474271797,4.2949790752452595,1.529000000000001,0.02292596844709672,1.5290000000000012,0.0,0.022917651,0.15
3.8619639345369294,0.7301225339027915,0.15,333.78062221204,4.295017925293044,1.5300000000000014,0.022925968447371384,1.5300000000000014,0.0,0.022917651,0.15
3.8622141883462593,0.73136268655961,0.15,333.93833867620174,4.295059074348427,1.5310000000000015,0.022925968447646057,1.5310000000000012,0.0,0.022917651,0.15
3.8624649876146924,0.7326027255118482,0.15,334.09489854749074,4.295102518982062,1.5320000000000011,0.02292596844792072,1.5320000000000014,0.0,0.022917651,0.15
3.8627163315289925,0.7338426509290306,0.15,334.25030355029804,4.295148255771418,1.5330000000000008,0.02292596844819539,1.5330000000000013,0.0,0.022917651,0.15
3.862968219277538,0.7350824629803456,0.15,334.4045554055886,4.295196281300763,1.5340000000000014,0.02292596844847005,1.5340000000000014,0.0,0.022917651,0.15
3.863220650050318,0.7363221618346444,0.15,334.55765583090937,4.295246592161152,1.5350000000000013,0.02292596844874472,1.5350000000000013,0.0,0.022917651,0.15
3.8634726659428584,0.7375610400478941,0.15,334.70941048838176,4.295296064202373,1.5360000000000014,0.022925968449019386,1.5360000000000014,0.0,0.022917651,0.15
3.8637190419797323,0.7387952049699202,0.15,334.8587312284325,4.29532769028743,1.5370000000000013,0.02292596844929405,1.5370000000000013,0.0,0.022917651,0.15
3.8639662208024665,0.7400293998247053,0.15,335.0069302341312,4.295362497587313,1.5380000000000014,0.02292596844956872,1.5380000000000014,0.0,0.022917651,0.15
3.8642141962376955,0.7412636243820676,0.15,335.1540161315343,4.295400461638706,1.5390000000000013,0.022925968449843386,1.5390000000000013,0.0,0.022917651,0.15
3.864462962175189,0.7424978784141811,0.15,335.2999974584796,4.295441558228485,1.5400000000000014,0.022925968450118052,1.5400000000000014,0.0,0.022917651,0.15
3.8647125125670456,0.7437321616955425,0.15,335.4448826657106,4.295485763390518,1.5410000000000015,0.02292596845039272,1.5410000000000013,0.0,0.022917651,0.15
3.8649628414269035,0.7449664740029445,0.15,335.58868011798495,4.295533053402532,1.5420000000000014,0.022925968450667383,1.5420000000000014,0.0,0.022917651,0.15
3.865213942829156,0.7462008151154434,0.15,335.73139809516454,4.295583404783013,1.5430000000000017,0.022925968450942052,1.5430000000000013,0.0,0.022917651,0.15
3.865465810908184,0.7474351848143338,0.15,335.87304479329026,4.295636794288164,1.5440000000000016,0.02292596845121672,1.5440000000000014,0.0,0.022917651,0.15
3.8657184398576003,0.7486695828831177,0.15,336.01362832564007,4.295693198908899,1.5450000000000015,0.02292596845149139,1.5450000000000013,0.0,0.022917651,0.15
3.8659718239295016,0.7499040091074786,0.15,336.15315672377073,4.295752595867894,1.5460000000000014,0.022925968451766057,1.5460000000000014,0.0,0.022917651,0.15
3.866225957433736,0.7511384632752524,0.15,336.2916379385445,4.2958149626166735,1.5470000000000015,0.02292596845204072,1.5470000000000013,0.0,0.022917651,0.15
3.866480834737177,0.7523729451764021,0.15,336.4290798411397,4.295880276832743,1.5480000000000014,0.022925968452315384,1.5480000000000014,0.0,0.022917651,0.15
3.8667364502630126,0.7536074546029898,0.15,336.5654902240465,4.295948516416765,1.5490000000000013,0.022925968452590054,1.5490000000000013,0.0,0.022917651,0.15
3.8669857389387556,0.7548386300282399,0.15,336.6972614017061,4.295994783085933,1.5500000000000016,0.022925968452864723,1.5500000000000014,0.0,0.022917651,0.15
3.8672359615745107,0.7560698442174111,0.15,336.8280741149009,4.296044746856636,1.5510000000000013,0.022925968453139385,1.5510000000000013,0.0,0.022917651,0.15
3.8674873142784536,0.7573011971137912,0.15,336.9580558242079,4.296099092203749,1.5520000000000014,0.022925968453414054,1.5520000000000014,0.0,0.022917651,0.15
3.867739775248131,0.7585326860412958,0.15,337.0872225622195,4.296157734593334,1.5530000000000013,0.02292596845368872,1.5530000000000013,0.0,0.022917651,0.15
3.8679933232383537,0.7597643083922413,0.15,337.2155899517403,4.296220591652116,1.5540000000000014,0.022925968453963386,1.5540000000000014,0.0,0.022917651,0.15
3.868247937543507,0.7609960616251715,0.15,337.3431732187964,4.296287583098885,1.5550000000000015,0.022925968454238055,1.5550000000000013,0.0,0.022917651,0.15
3.8685035979805233,0.7622279432627702,0.15,337.46998720515217,4.296358630678503,1.5560000000000016,0.02292596845451272,1.5560000000000014,0.0,0.022917651,0.15
3.8687602848725087,0.7634599508898489,0.15,337.5960463803568,4.296433658098385,1.5570000000000013,0.022925968454787386,1.5570000000000013,0.0,0.022917651,0.15
3.8690179790329666,0.7646920821514128,0.15,337.7213648533395,4.296512590967361,1.5580000000000014,0.022925968455062052,1.5580000000000014,0.0,0.022917651,0.15
3.8692766617506194,0.7659243347507952,0.15,337.84595638357484,4.296595356736805,1.5590000000000013,0.022925968455336718,1.5590000000000013,0.0,0.022917651,0.15
3.869536314774786,0.767156706447866,0.15,337.9698343918352,4.296681884643946,1.5600000000000014,0.022925968455611387,1.5600000000000014,0.0,0.022917651,0.15
3.8697969203012925,0.7683891950572982,0.15,338.093011970549,4.296772105657245,1.561000000000001,0.022925968455886056,1.5610000000000013,0.0,0.022917651,0.15
3.8700566165595274,0.7696191931039189,0.15,338.2125529340799,4.296861179805843,1.5620000000000016,0.02292596845616072,1.5620000000000014,0.0,0.022917651,0.15
3.8703141166552344,0.7708447421388588,0.15,338.3265556541152,4.296945917671021,1.5630000000000013,0.022925968456435387,1.5630000000000013,0.0,0.022917651,0.15
3.870572824098201,0.7720706127297601,0.15,338.4405744810416,4.297035163382274,1.5640000000000016,0.022925968456710053,1.5640000000000014,0.0,0.022917651,0.15
3.8708327009870587,0.7732967947822518,0.15,338.554608909227,4.297128775428098,1.5650000000000015,0.02292596845698472,1.5650000000000013,0.0,0.022917651,0.15
3.871093710990428,0.7745232786201022,0.15,338.6686584539844,4.297226618158806,1.5660000000000014,0.022925968457259388,1.5660000000000014,0.0,0.022917651,0.15
3.871355819266453,0.7757500549637883,0.15,338.78272265049804,4.297328561486128,1.5670000000000013,0.022925968457534054,1.5670000000000013,0.0,0.022917651,0.15
3.871618992387243,0.7769771149103731,0.15,338.8968010528157,4.29743448060108,1.5680000000000014,0.02292596845780872,1.5680000000000014,0.0,0.022917651,0.15
3.8718831982678674,0.7782044499145919,0.15,339.0108932329009,4.297544255708853,1.5690000000000015,0.02292596845808339,1.5690000000000013,0.0,0.022917651,0.15
3.8721484060995817,0.7794320517710719,0.15,339.1249987797427,4.297657771779514,1.5700000000000012,0.022925968458358054,1.5700000000000014,0.0,0.022917651,0.15
3.8724145862870025,0.7806599125975964,0.15,339.239117298517,4.297774918313428,1.5710000000000015,0.02292596845863272,1.5710000000000013,0.0,0.022917651,0.15
3.8726817103889593,0.7818880248193542,0.15,339.3532484097981,4.297895589120413,1.5720000000000012,0.02292596845890739,1.5720000000000014,0.0,0.022917651,0.15
3.8729497510627655,0.7831163811540954,0.15,339.46739174881446,4.298019682111682,1.5730000000000015,0.02292596845918205,1.5730000000000013,0.0,0.022917651,0.15
3.8732186820116943,0.7843449745981449,0.15,339.5815469647487,4.298147099103723,1.5740000000000016,0.022925968459456717,1.5740000000000014,0.0,0.022917651,0.15
3.8734884779354406,0.7855737984132048,0.15,339.69571372007636,4.298277745633334,1.5750000000000013,0.022925968459731383,1.5750000000000013,0.0,0.022917651,0.15
3.8737584273398915,0.7868061228276795,0.15,339.8103111221833,4.298405506267829,1.5760000000000012,0.022925968460006052,1.5760000000000014,0.0,0.022917651,0.15
3.874029063303937,0.7880394168589687,0.15,339.9252014806269,4.298535043689799,1.5770000000000015,0.02292596846028072,1.5770000000000013,0.0,0.022917651,0.15
3.874300532745369,0.7892728536506477,0.15,340.04029361603835,4.298667772231796,1.5780000000000014,0.022925968460555387,1.5780000000000014,0.0,0.022917651,0.15
3.87457280807805,0.7905064284776832,0.15,340.15558085007547,4.298803586275264,1.5790000000000015,0.022925968460830053,1.5790000000000013,0.0,0.022917651,0.15
3.874845862919938,0.7917401368212842,0.15,340.2710567958965,4.298942384811756,1.5800000000000016,0.022925968461104722,1.5800000000000014,0.0,0.022917651,0.15
3.875119672028103,0.7929739743577691,0.15,340.3867153424274,4.2990840711941125,1.5810000000000013,0.022925968461379384,1.5810000000000013,0.0,0.022917651,0.15
3.8753942112379023,0.7942079369481493,0.15,340.5025506396372,4.299228552903591,1.5820000000000014,0.022925968461654053,1.5820000000000014,0.0,0.022917651,0.15
3.875669457406009,0.7954420206283692,0.15,340.61855708474644,4.299375741331757,1.5830000000000015,0.02292596846192872,1.5830000000000013,0.0,0.022917651,0.15
3.875945388357026,0.7966762216001637,0.15,340.73472930930154,4.299525551576057,1.5840000000000014,0.022925968462203385,1.5840000000000014,0.0,0.022917651,0.15
3.876221982833402,0.7979105362224782,0.15,340.8510621670511,4.2996779022480816,1.5850000000000013,0.022925968462478054,1.5850000000000013,0.0,0.022917651,0.15
3.8764992204484314,0.79914496100342,0.15,340.9675507225671,4.2998327152936175,1.5860000000000012,0.02292596846275272,1.5860000000000014,0.0,0.022917651,0.15
3.8767770816421137,0.8003794925926959,0.15,341.084190240559,4.299989915823637,1.5870000000000013,0.02292596846302739,1.5870000000000013,0.0,0.022917651,0.15
3.8770555476396673,0.8016141277745081,0.15,341.2009761758303,4.300149431955469,1.5880000000000014,0.022925968463302054,1.5880000000000014,0.0,0.022917651,0.15
3.87733460041252,0.8028488634608706,0.15,341.3179041638347,4.300311194663441,1.5890000000000013,0.02292596846357672,1.5890000000000013,0.0,0.022917651,0.15
3.8776142226415997,0.8040836966853239,0.15,341.4349700117893,4.300475137638331,1.5900000000000014,0.02292596846385139,1.5900000000000014,0.0,0.022917651,0.15
3.877894397682774,0.8053186245970126,0.15,341.5521696903073,4.300641197155041,1.591000000000001,0.022925968464126055,1.5910000000000013,0.0,0.022917651,0.15
3.878175109534288,0.8065536444551111,0.15,341.66949932551546,4.300809311947937,1.5920000000000014,0.02292596846440072,1.5920000000000014,0.0,0.022917651,0.15
3.878456342806065,0.807788753623563,0.15,341.786955191623,4.300979423093316,1.5930000000000013,0.022925968464675386,1.5930000000000013,0.0,0.022917651,0.15
3.878737895350151,0.809024218817223,0.15,341.90460095387385,4.3011504552743665,1.5940000000000014,0.02292596846495005,1.5940000000000014,0.0,0.022917651,0.15
3.879019192759403,0.810260841164666,0.15,342.02262912922833,4.3013193097059474,1.5950000000000013,0.022925968465224718,1.5950000000000013,0.0,0.022917651,0.15
3.8793009554371465,0.8114975619726745,0.15,342.1407695398736,4.301489926738888,1.5960000000000016,0.022925968465499387,1.5960000000000014,0.0,0.022917651,0.15
3.879583170303475,0.8127343784732657,0.15,342.25901903058417,4.301662256821892,1.5970000000000013,0.022925968465774053,1.5970000000000013,0.0,0.022917651,0.15
3.879865824764214,0.8139712880012485,0.15,342.37737456330575,4.30183625224377,1.5980000000000014,0.02292596846604872,1.5980000000000014,0.0,0.022917651,0.15
3.880148906688574,0.8152082879894936,0.15,342.49583321176544,4.302011867048814,1.5990000000000013,0.022925968466323384,1.5990000000000013,0.0,0.022917651,0.15
3.8804324043880394,0.8164453759644662,0.15,342.6143921563784,4.302189056956796,1.6000000000000014,0.022925968466598053,1.6000000000000014,0.0,0.022917651,0.15
3.8806650493203914,0.8175851157736819,0.15,342.7402474153255,4.302243186324657,1.6010000000000013,0.022925968409058202,1.6010000000000013,0.0,0.022917651,0.15
3.880897755865712,0.8187248151725278,0.15,342.86595825264556,4.302297602560132,1.6020000000000019,0.02292596835151835,1.6020000000000014,0.0,0.022917651,0.15
3.8811305242465437,0.8198644740150435,0.15,342.99152414669544,4.302352306699371,1.6030000000000015,0.022925968293978503,1.6030000000000013,0.0,0.022917651,0.15
3.881363354686502,0.8210040921545656,0.15,343.116944573317,4.30240729978352,1.6040000000000016,0.022925968236438648,1.6040000000000014,0.0,0.022917651,0.15
3.881596247410282,0.8221436694437217,0.15,343.24221900582154,4.302462582858753,1.6050000000000013,0.022925968178898793,1.6050000000000013,0.0,0.022917651,0.15
3.881829202643666,0.823283205734428,0.15,343.36734691497475,4.302518156976296,1.6060000000000012,0.02292596812135894,1.6060000000000014,0.0,0.022917651,0.15
3.8820622206135273,0.8244227008778838,0.15,343.4923277689812,4.302574023192468,1.6070000000000013,0.02292596806381909,1.6070000000000013,0.0,0.022917651,0.15
3.882295301547839,0.8255621547245673,0.15,343.6171610334691,4.302630182568702,1.6080000000000014,0.022925968006279246,1.6080000000000014,0.0,0.022917651,0.15
3.8825284456756806,0.8267015671242313,0.15,343.74184617147375,4.30268663617158,1.6090000000000015,0.02292596794873939,1.6090000000000013,0.0,0.022917651,0.15
3.8827616532272424,0.8278409379258992,0.15,343.86638264342326,4.3027433850728665,1.6100000000000014,0.02292596789119954,1.6100000000000014,0.0,0.022917651,0.15
3.8829949244338366,0.8289802669778596,0.15,343.99076990712166,4.302800430349534,1.6110000000000013,0.02292596783365969,1.6110000000000013,0.0,0.022917651,0.15
3.883228259527899,0.8301195541276637,0.15,344.11500741773295,4.3028577730838045,1.6120000000000012,0.02292596777611983,1.6120000000000014,0.0,0.022917651,0.15
3.8834616587430024,0.8312587992221181,0.15,344.2390946277656,4.30291541436317,1.6130000000000013,0.022925967718579982,1.6130000000000013,0.0,0.022917651,0.15
3.883695122313854,0.832398002107283,0.15,344.3630309870559,4.3029733552804315,1.6140000000000017,0.02292596766104013,1.6140000000000014,0.0,0.022917651,0.15
3.883928650476312,0.833537162628465,0.15,344.4868159427516,4.303031596933732,1.615000000000001,0.02292596760350028,1.6150000000000013,0.0,0.022917651,0.15
3.8841622434673884,0.8346762806302158,0.15,344.610448939296,4.303090140426584,1.6160000000000017,0.022925967545960428,1.6160000000000014,0.0,0.022917651,0.15
3.8843959015252536,0.8358153559563233,0.15,344.73392941841047,4.303148986867907,1.6170000000000013,0.022925967488420573,1.6170000000000013,0.0,0.022917651,0.15
3.8846296248892487,0.8369543884498114,0.15,344.8572568190788,4.30320813737206,1.6180000000000017,0.022925967430880725,1.6180000000000014,0.0,0.022917651,0.15
3.8848634137998888,0.8380933779529314,0.15,344.98043057752955,4.303267593058874,1.6190000000000015,0.022925967373340878,1.6190000000000013,0.0,0.022917651,0.15
3.8850972684988707,0.8392323243071604,0.15,345.10345012721973,4.303327355053684,1.6200000000000019,0.022925967315801026,1.6200000000000014,0.0,0.022917651,0.15
3.8853311892290843,0.8403712273531944,0.15,345.2263148988173,4.303387424487366,1.6210000000000016,0.022925967258261175,1.6210000000000013,0.0,0.022917651,0.15
3.8855651762346124,0.8415100869309444,0.15,345.34902432018407,4.30344780249637,1.6220000000000017,0.022925967200721317,1.6220000000000014,0.0,0.022917651,0.15
3.885799229760746,0.8426489028795315,0.15,345.47157781635894,4.303508490222752,1.6230000000000013,0.022925967143181465,1.6230000000000013,0.0,0.022917651,0.15
3.8860333500539843,0.8437876750372818,0.15,345.59397480953953,4.3035694888142135,1.6240000000000012,0.022925967085641617,1.6240000000000014,0.0,0.022917651,0.15
3.88626753736205,0.8449264032417216,0.15,345.7162147190653,4.303630799424133,1.6250000000000013,0.022925967028101762,1.6250000000000013,0.0,0.022917651,0.15
3.8865017919338896,0.8460650873295728,0.15,345.83829696139975,4.3036924232116,1.6260000000000014,0.022925966970561908,1.6260000000000014,0.0,0.022917651,0.15
3.886736114019685,0.8472037271367467,0.15,345.9602209501121,4.303754361341454,1.6270000000000013,0.022925966913022056,1.6270000000000013,0.0,0.022917651,0.15
3.8869705038708626,0.8483423224983412,0.15,346.0819860958603,4.303816614984316,1.6280000000000014,0.02292596685548221,1.6280000000000014,0.0,0.022917651,0.15
3.887204961740094,0.8494808732486328,0.15,346.2035918063718,4.303879185316632,1.6290000000000011,0.022925966797942357,1.6290000000000013,0.0,0.022917651,0.15
3.887439487881314,0.8506193792210744,0.15,346.3250374864262,4.303942073520697,1.6300000000000012,0.02292596674040251,1.6300000000000014,0.0,0.022917651,0.15
3.8876740825497187,0.8517578402482882,0.15,346.4463225378366,4.304005280784704,1.6310000000000013,0.022925966682862654,1.6310000000000013,0.0,0.022917651,0.15
3.8879087460017803,0.8528962561620612,0.15,346.5674463594306,4.304068808302772,1.6320000000000014,0.0229259666253228,1.6320000000000014,0.0,0.022917651,0.15
3.8881434784952513,0.8540346267933399,0.15,346.6884083470328,4.30413265727499,1.6330000000000013,0.02292596656778295,1.6330000000000013,0.0,0.022917651,0.15
3.888378280289172,0.8551729519722252,0.15,346.8092078934446,4.304196828907445,1.6340000000000017,0.0229259665102431,1.6340000000000015,0.0,0.022917651,0.15
3.888613151643886,0.8563112315279672,0.15,346.92984438842655,4.304261324412272,1.6350000000000013,0.02292596645270325,1.6350000000000013,0.0,0.022917651,0.15
3.888848092821035,0.8574494652889594,0.15,347.0503172186786,4.304326145007679,1.6360000000000017,0.0229259663951634,1.6360000000000015,0.0,0.022917651,0.15
3.8890831040835803,0.8585876530827333,0.15,347.1706257678207,4.3043912919179945,1.6370000000000016,0.022925966337623546,1.6370000000000013,0.0,0.022917651,0.15
3.8893181856958012,0.859725794735954,0.15,347.2907694163742,4.304456766373701,1.6380000000000017,0.022925966280083695,1.6380000000000015,0.0,0.022917651,0.15
3.889553337923311,0.8608638900744132,0.15,347.4107475417417,4.304522569611477,1.6390000000000013,0.022925966222543843,1.6390000000000013,0.0,0.022917651,0.15
3.8897885610330603,0.8620019389230253,0.15,347.5305595181878,4.304588702874234,1.6400000000000017,0.022925966165003992,1.6400000000000015,0.0,0.022917651,0.15
3.8900238552933457,0.8631399411058203,0.15,347.6502047168187,4.304655167411156,1.6410000000000013,0.02292596610746414,1.6410000000000013,0.0,0.022917651,0.15
3.890259220973821,0.8642778964459398,0.15,347.7696825055632,4.304721964477739,1.6420000000000017,0.022925966049924286,1.6420000000000015,0.0,0.022917651,0.15
3.8904946583455042,0.8654158047656295,0.15,347.88899224915167,4.304789095335832,1.6430000000000013,0.022925965992384438,1.6430000000000013,0.0,0.022917651,0.15
3.890730167680787,0.8665536658862358,0.15,348.00813330909654,4.304856561253675,1.6440000000000015,0.022925965934844583,1.6440000000000015,0.0,0.022917651,0.15
3.8909657492534406,0.867691479628198,0.15,348.12710504367124,4.304924363505944,1.6450000000000011,0.022925965877304735,1.6450000000000014,0.0,0.022917651,0.15
3.891201403338629,0.8688292458110441,0.15,348.24590680789015,4.304992503373787,1.6460000000000015,0.02292596581976488,1.6460000000000015,0.0,0.022917651,0.15
3.8914371302129136,0.8699669642533836,0.15,348.3645379534876,4.305060982144865,1.6470000000000014,0.02292596576222503,1.6470000000000014,0.0,0.022917651,0.15
3.891672930154265,0.8711046347729031,0.15,348.4829978288972,4.3051298011134005,1.6480000000000015,0.022925965704685178,1.6480000000000015,0.0,0.022917651,0.15
3.891908803442071,0.8722422571863593,0.15,348.6012857792306,4.305198961580209,1.6490000000000014,0.022925965647145326,1.6490000000000014,0.0,0.022917651,0.15
3.892144750357146,0.8733798313095734,0.15,348.71940114625636,4.305268464852751,1.6500000000000015,0.022925965589605475,1.6500000000000015,0.0,0.022917651,0.15
3.8923807711817378,0.8745173569574255,0.15,348.8373432683787,4.305338312245167,1.6510000000000014,0.022925965532065624,1.6510000000000014,0.0,0.022917651,0.15
3.892616866199541,0.8756548339438485,0.15,348.9551114806157,4.305408505078324,1.6520000000000015,0.022925965474525772,1.6520000000000015,0.0,0.022917651,0.15
3.8928530356957034,0.8767922620818209,0.15,349.07270511457807,4.305479044679856,1.6530000000000016,0.022925965416985918,1.6530000000000014,0.0,0.022917651,0.15
3.8930892799568344,0.8779296411833628,0.15,349.1901234984468,4.305549932384214,1.6540000000000015,0.02292596535944607,1.6540000000000015,0.0,0.022917651,0.15
3.893325599271018,0.8790669710595274,0.15,349.30736595695146,4.305621169532698,1.6550000000000014,0.02292596530190622,1.6550000000000014,0.0,0.022917651,0.15
3.8935619939278188,0.8802042515203968,0.15,349.42443181134803,4.305692757473512,1.6560000000000015,0.022925965244366367,1.6560000000000015,0.0,0.022917651,0.15
3.893798464218293,0.8813414823750746,0.15,349.54132037939604,4.305764697561805,1.6570000000000011,0.022925965186826512,1.6570000000000014,0.0,0.022917651,0.15
3.8940350104349983,0.8824786634316795,0.15,349.65803097533694,4.305836991159714,1.6580000000000017,0.022925965129286664,1.6580000000000015,0.0,0.022917651,0.15
3.8942716328720035,0.8836157944973393,0.15,349.7745629098701,4.305909639636408,1.6590000000000016,0.02292596507174681,1.6590000000000014,0.0,0.022917651,0.15
3.8945083318248965,0.8847528753781857,0.15,349.8909154901315,4.305982644368139,1.6600000000000015,0.02292596501420696,1.6600000000000015,0.0,0.022917651,0.15
3.8947451075907984,0.8858899058793447,0.15,350.00708801966914,4.306056006738283,1.6610000000000016,0.022925964956667107,1.6610000000000014,0.0,0.022917651,0.15
3.894981960468367,0.8870268858049339,0.15,350.12307979842114,4.306129728137386,1.6620000000000015,0.022925964899127255,1.6620000000000015,0.0,0.022917651,0.15
3.895218890757813,0.8881638149580527,0.15,350.2388901226911,4.306203809963218,1.6630000000000016,0.022925964841587404,1.6630000000000014,0.0,0.022917651,0.15
3.8954558987609067,0.8893006931407783,0.15,350.35451828512515,4.306278253620806,1.6640000000000013,0.022925964784047556,1.6640000000000015,0.0,0.022917651,0.15
3.8956929847809896,0.8904375201541562,0.15,350.46996357468834,4.306353060522497,1.6650000000000014,0.0229259647265077,1.6650000000000014,0.0,0.022917651,0.15
3.8959298371637106,0.8915742279521638,0.15,350.58570930080236,4.306427051953527,1.6660000000000013,0.022925964668967846,1.6660000000000015,0.0,0.022917651,0.15
3.8961667099315505,0.892710865612732,0.15,350.7013682013919,4.306501195035161,1.6670000000000014,0.022925964611428,1.6670000000000014,0.0,0.022917651,0.15
3.8964036649746006,0.893847445801661,0.15,350.81684469052254,4.306575724689631,1.6680000000000017,0.022925964553888147,1.6680000000000015,0.0,0.022917651,0.15
3.896640702584754,0.8949839683150554,0.15,350.9321381210435,4.306650642288402,1.6690000000000014,0.022925964496348296,1.6690000000000014,0.0,0.022917651,0.15
3.896877823055286,0.8961204329480545,0.15,351.0472478427394,4.306725949209435,1.6700000000000015,0.02292596443880844,1.6700000000000015,0.0,0.022917651,0.15
3.8971150266808605,0.8972568394948264,0.15,351.1621732023113,4.306801646837225,1.6710000000000014,0.022925964381268593,1.6710000000000014,0.0,0.022917651,0.15
3.8973523137575428,0.8983931877485617,0.15,351.2769135433595,4.306877736562837,1.6720000000000017,0.022925964323728742,1.6720000000000015,0.0,0.022917651,0.15
3.8975896845828015,0.8995294775014677,0.15,351.3914682063641,4.306954219783946,1.6730000000000014,0.022925964266188887,1.6730000000000014,0.0,0.022917651,0.15
3.897827139455525,0.9006657085447642,0.15,351.5058365286672,4.307031097904883,1.6740000000000017,0.022925964208649036,1.6740000000000015,0.0,0.022917651,0.15
3.8980646786760236,0.9018018806686748,0.15,351.6200178444538,4.307108372336666,1.6750000000000014,0.022925964151109188,1.6750000000000014,0.0,0.022917651,0.15
3.89830230254604,0.9029379936624241,0.15,351.734011484733,4.307186044497044,1.6760000000000017,0.022925964093569333,1.6760000000000015,0.0,0.022917651,0.15
3.8985400113687576,0.9040740473142285,0.15,351.84781677731917,4.307264115810538,1.6770000000000014,0.022925964036029485,1.6770000000000014,0.0,0.022917651,0.15
3.89877780544881,0.9052100414112932,0.15,351.96143304681294,4.307342587708478,1.6780000000000017,0.022925963978489634,1.6780000000000015,0.0,0.022917651,0.15
3.8990156850922904,0.9063459757398038,0.15,352.0748596145816,4.307421461629044,1.6790000000000014,0.022925963920949782,1.6790000000000014,0.0,0.022917651,0.15
3.8992536506067546,0.9074818500849219,0.15,352.1880957987403,4.307500739017313,1.6800000000000017,0.022925963863409927,1.6800000000000015,0.0,0.022917651,0.15
3.8994917023012396,0.9086176642307776,0.15,352.3011409141318,4.307580421325295,1.6810000000000016,0.022925963805870076,1.6810000000000014,0.0,0.022917651,0.15
3.8997298404862644,0.9097534179604643,0.15,352.41399427230755,4.307660510011973,1.6820000000000015,0.022925963748330228,1.6820000000000015,0.0,0.022917651,0.15
3.899968065473841,0.9108891110560317,0.15,352.5266551815074,4.307741006543351,1.6830000000000016,0.022925963690790373,1.6830000000000014,0.0,0.022917651,0.15
3.9002063775774847,0.9120247432984806,0.15,352.6391229466401,4.307821912392489,1.6840000000000015,0.022925963633250522,1.6840000000000015,0.0,0.022917651,0.15
3.9004447771122224,0.9131603144677548,0.15,352.7513968692625,4.307903229039554,1.6850000000000014,0.02292596357571067,1.6850000000000014,0.0,0.022917651,0.15
3.9006832643946034,0.9142958243427373,0.15,352.8634762475604,4.307984957971857,1.6860000000000015,0.02292596351817082,1.6860000000000015,0.0,0.022917651,0.15
3.9009218397427037,0.9154312727012407,0.15,352.9753603763271,4.3080671006838935,1.6870000000000014,0.022925963460630968,1.6870000000000014,0.0,0.022917651,0.15
3.9011605034761403,0.9165666593200039,0.15,353.08704854694355,4.308149658677397,1.6880000000000015,0.022925963403091117,1.6880000000000015,0.0,0.022917651,0.15
3.901399255916079,0.9177019839746828,0.15,353.1985400473574,4.3082326334613725,1.6890000000000014,0.022925963345551265,1.6890000000000014,0.0,0.022917651,0.15
3.9016380973852436,0.9188372464398465,0.15,353.30983416206254,4.308316026552148,1.6900000000000015,0.022925963288011414,1.6900000000000015,0.0,0.022917651,0.15
3.9018770282079247,0.919972446488968,0.15,353.4209301720775,4.308399839473412,1.6910000000000016,0.02292596323047156,1.6910000000000014,0.0,0.022917651,0.15
3.9021160487099893,0.9211075838944194,0.15,353.53182735492487,4.308484073756265,1.6920000000000017,0.02292596317293171,1.6920000000000015,0.0,0.022917651,0.15
3.902355159218891,0.9222426584274643,0.15,353.6425249846098,4.308568730939262,1.6930000000000014,0.022925963115391856,1.6930000000000014,0.0,0.022917651,0.15
3.9025943600636808,0.9233776698582518,0.15,353.75302233159886,4.308653812568457,1.6940000000000015,0.022925963057852005,1.6940000000000015,0.0,0.022917651,0.15
3.9028336515750155,0.9245126179558086,0.15,353.86331866279784,4.308739320197446,1.6950000000000016,0.022925963000312157,1.6950000000000014,0.0,0.022917651,0.15
3.903073034085166,0.9256475024880334,0.15,353.9734132415306,4.308825255387423,1.6960000000000017,0.022925962942772302,1.6960000000000015,0.0,0.022917651,0.15
3.90331250792803,0.9267823232216886,0.15,354.08330532751665,4.308911619707212,1.6970000000000016,0.022925962885232454,1.6970000000000014,0.0,0.022917651,0.15
3.90355207343914,0.9279170799223955,0.15,354.19299417684994,4.30899841473333,1.6980000000000017,0.022925962827692596,1.6980000000000015,0.0,0.022917651,0.15
3.903791730955675,0.929051772354624,0.15,354.3024790419754,4.309085642050019,1.6990000000000014,0.022925962770152748,1.6990000000000014,0.0,0.022917651,0.15
3.9040314808164696,0.9301864002816893,0.15,354.41175917166765,4.309173303249303,1.7000000000000015,0.022925962712612897,1.7000000000000015,0.0,0.022917651,0.15
3.904236186886492,0.9312316437221737,0.15,354.50418652240387,4.3091951196891,1.7010000000000016,0.02292596278823403,1.7010000000000014,0.0,0.022917651,0.15
3.904440916394141,0.9322768669581044,0.15,354.59655498150084,4.309217050084556,1.7020000000000017,0.022925962863855166,1.7020000000000015,0.0,0.022917651,0.15
3.90464566946948,0.9333220698773583,0.15,354.688864222147,4.309239095068059,1.7030000000000016,0.022925962939476303,1.7030000000000014,0.0,0.022917651,0.15
3.9048504462435387,0.934367252366982,0.15,354.78111391510754,4.309261255276677,1.7040000000000017,0.022925963015097438,1.7040000000000015,0.0,0.022917651,0.15
3.9050552468483164,0.9354124143131823,0.15,354.8733037287029,4.309283531352213,1.7050000000000014,0.022925963090718576,1.7050000000000014,0.0,0.022917651,0.15
3.9052600714167984,0.9364575556013205,0.15,354.9654333287859,4.309305923941243,1.7060000000000013,0.022925963166339706,1.7060000000000015,0.0,0.022917651,0.15
3.905464920082959,0.9375026761159019,0.15,355.05750237871774,4.309328433695166,1.7070000000000014,0.022925963241960844,1.7070000000000014,0.0,0.022917651,0.15
3.905669792981775,0.9385477757405707,0.15,355.1495105393464,4.3093510612702435,1.7080000000000015,0.022925963317581982,1.7080000000000015,0.0,0.022917651,0.15
3.905874690249229,0.9395928543580989,0.15,355.24145746898154,4.309373807327646,1.7090000000000016,0.022925963393203116,1.7090000000000014,0.0,0.022917651,0.15
3.906079612022328,0.9406379118503818,0.15,355.333342823372,4.309396672533504,1.7100000000000015,0.02292596346882425,1.7100000000000015,0.0,0.022917651,0.15
3.906284558439105,0.9416829480984258,0.15,355.4251662556807,4.309419657558949,1.7110000000000014,0.022925963544445385,1.7110000000000014,0.0,0.022917651,0.15
3.9064895296386326,0.9427279629823431,0.15,355.5169274164612,4.30944276308016,1.7120000000000015,0.022925963620066516,1.7120000000000015,0.0,0.022917651,0.15
3.906694525761032,0.9437729563813412,0.15,355.6086259536325,4.309465989778416,1.7130000000000014,0.022925963695687657,1.7130000000000014,0.0,0.022917651,0.15
3.9068995469474808,0.9448179281737163,0.15,355.7002615124544,4.309489338340144,1.7140000000000015,0.022925963771308788,1.7140000000000015,0.0,0.022917651,0.15
3.907104593340228,0.9458628782368429,0.15,355.7918337355024,4.309512809456959,1.7150000000000014,0.02292596384692993,1.7150000000000014,0.0,0.022917651,0.15
3.9073096650825985,0.9469078064471662,0.15,355.88334226264215,4.309536403825726,1.7160000000000017,0.02292596392255106,1.7160000000000015,0.0,0.022917651,0.15
3.9075147623190074,0.9479527126801923,0.15,355.9747867310038,4.309560122148598,1.7170000000000014,0.02292596399817219,1.7170000000000014,0.0,0.022917651,0.15
3.907719885194968,0.948997596810481,0.15,356.06616677495583,4.3095839651330765,1.7180000000000017,0.022925964073793333,1.7180000000000015,0.0,0.022917651,0.15
3.907925033857103,0.9500424587116343,0.15,356.157482026079,4.309607933492053,1.7190000000000014,0.022925964149414467,1.7190000000000014,0.0,0.022917651,0.15
3.908130208453157,0.9510872982562896,0.15,356.24873211313945,4.309632027943867,1.7200000000000017,0.0229259642250356,1.7200000000000015,0.0,0.022917651,0.15
3.908335409132002,0.9521321153161089,0.15,356.33991666206197,4.309656249212358,1.7210000000000016,0.022925964300656736,1.7210000000000014,0.0,0.022917651,0.15
3.9085406360436554,0.9531769097617703,0.15,356.4310352959025,4.309680598026912,1.7220000000000015,0.02292596437627787,1.7220000000000015,0.0,0.022917651,0.15
3.9087458893392846,0.9542216814629579,0.15,356.52208763482105,4.309705075122523,1.7230000000000016,0.02292596445189901,1.7230000000000014,0.0,0.022917651,0.15
3.908951169171222,0.9552664302883536,0.15,356.6130732960533,4.309729681239844,1.7240000000000015,0.022925964527520142,1.7240000000000015,0.0,0.022917651,0.15
3.909156475692974,0.9563111561056249,0.15,356.7039918938828,4.309754417125237,1.7250000000000014,0.02292596460314128,1.7250000000000014,0.0,0.022917651,0.15
3.9093618090592357,0.9573558587814182,0.15,356.79484303961215,4.309779283530834,1.7260000000000015,0.02292596467876241,1.7260000000000015,0.0,0.022917651,0.15
3.909567169425896,0.9584005381813459,0.15,356.88562634153453,4.30980428121459,1.7270000000000016,0.02292596475438355,1.7270000000000014,0.0,0.022917651,0.15
3.9097725569500565,0.9594451941699789,0.15,356.9763414049039,4.309829410940339,1.7280000000000013,0.022925964830004683,1.7280000000000015,0.0,0.022917651,0.15
3.9099779717900383,0.9604898266108347,0.15,357.0669878319063,4.309854673477856,1.7290000000000014,0.022925964905625817,1.7290000000000014,0.0,0.022917651,0.15
3.910183414105397,0.9615344353663692,0.15,357.1575652216292,4.309880069602908,1.7300000000000015,0.022925964981246952,1.7300000000000015,0.0,0.022917651,0.15
3.910388884056932,0.9625790202979627,0.15,357.24807317003194,4.309905600097316,1.7310000000000014,0.022925965056868086,1.7310000000000014,0.0,0.022917651,0.15
3.9105943818066984,0.9636235812659139,0.15,357.33851126991436,4.3099312657490145,1.7320000000000015,0.022925965132489224,1.7320000000000015,0.0,0.022917651,0.15
3.910799907518026,0.9646681181294258,0.15,357.4288791108868,4.30995706735211,1.7330000000000012,0.02292596520811036,1.7330000000000014,0.0,0.022917651,0.15
3.9110054613555207,0.9657126307465967,0.15,357.5191762793381,4.309983005706942,1.7340000000000015,0.022925965283731496,1.7340000000000015,0.0,0.022917651,0.15
3.911211043485087,0.9667571189744089,0.15,357.60940235840434,4.310009081620147,1.7350000000000017,0.02292596535935263,1.7350000000000014,0.0,0.022917651,0.15
3.9114166540739337,0.9678015826687173,0.15,357.69955692793627,4.310035295904713,1.7360000000000015,0.022925965434973765,1.7360000000000015,0.0,0.022917651,0.15
3.911622293290593,0.9688460216842392,0.15,357.7896395644676,4.310061649380051,1.7370000000000014,0.0229259655105949,1.7370000000000014,0.0,0.022917651,0.15
3.9118279613049283,0.9698904358745425,0.15,357.8796498411818,4.310088142872054,1.7380000000000018,0.022925965586216034,1.7380000000000015,0.0,0.022917651,0.15
3.9120336582881494,0.9709348250920337,0.15,357.96958732787874,4.310114777213161,1.7390000000000017,0.02292596566183717,1.7390000000000014,0.0,0.022917651,0.15
3.912239384412829,0.9719791891879477,0.15,358.0594515909415,4.310141553242424,1.7400000000000015,0.022925965737458306,1.7400000000000015,0.0,0.022917651,0.15
3.912445139852908,0.9730235280123345,0.15,358.149242193302,4.310168471805571,1.7410000000000017,0.022925965813079444,1.7410000000000014,0.0,0.022917651,0.15
3.912650924783719,0.9740678414140501,0.15,358.238958694407,4.310195533755076,1.7420000000000018,0.022925965888700578,1.7420000000000015,0.0,0.022917651,0.15
3.912856739381994,0.9751121292407409,0.15,358.3286006501829,4.310222739950224,1.7430000000000017,0.022925965964321712,1.7430000000000014,0.0,0.022917651,0.15
3.913062583825879,0.9761563913388344,0.15,358.4181676130008,4.3102500912571795,1.7440000000000018,0.02292596603994285,1.7440000000000015,0.0,0.022917651,0.15
3.91326845829495,0.9772006275535259,0.15,358.5076591316404,4.310277588549056,1.7450000000000017,0.022925966115563984,1.7450000000000014,0.0,0.022917651,0.15
3.9134743629702267,0.9782448377287666,0.15,358.5970747512548,4.310305232705985,1.7460000000000016,0.02292596619118512,1.7460000000000016,0.0,0.022917651,0.15
3.913680298034188,0.9792890217072499,0.15,358.6864140133329,4.310333024615188,1.7470000000000014,0.022925966266806253,1.7470000000000014,0.0,0.022917651,0.15
3.9138862636707827,0.980333179330401,0.15,358.7756764556632,4.310360965171047,1.7480000000000016,0.022925966342427388,1.7480000000000016,0.0,0.022917651,0.15
3.9140922600654497,0.9813773104383612,0.15,358.864861612296,4.310389055275177,1.7490000000000014,0.022925966418048525,1.7490000000000014,0.0,0.022917651,0.15
3.9142982874051295,0.9824214148699772,0.15,358.95396901350614,4.310417295836501,1.7500000000000013,0.02292596649366966,1.7500000000000016,0.0,0.022917651,0.15
3.914504345878281,0.9834654924627869,0.15,359.04299818575345,4.31044568777132,1.7510000000000014,0.022925966569290794,1.7510000000000014,0.0,0.022917651,0.15
3.9147104356748965,0.9845095430530065,0.15,359.1319486516453,4.310474232003391,1.7520000000000018,0.02292596664491193,1.7520000000000016,0.0,0.022917651,0.15
3.9149165569865176,0.9855535664755162,0.15,359.2208199298966,4.310502929464006,1.7530000000000012,0.022925966720533063,1.7530000000000014,0.0,0.022917651,0.15
3.915122710006249,0.986597562563848,0.15,359.30961153529006,4.31053178109206,1.7540000000000016,0.0229259667961542,1.7540000000000016,0.0,0.022917651,0.15
3.9153288949287806,0.9876415311501703,0.15,359.3983229786365,4.310560787834139,1.7550000000000014,0.022925966871775335,1.7550000000000014,0.0,0.022917651,0.15
3.9155351119503936,0.9886854720652756,0.15,359.4869537667331,4.310589950644593,1.7560000000000018,0.02292596694739647,1.7560000000000016,0.0,0.022917651,0.15
3.9157413612689873,0.9897293851385645,0.15,359.5755034023232,4.310619270485615,1.7570000000000012,0.022925967023017607,1.7570000000000014,0.0,0.022917651,0.15
3.9159476430840887,0.9907732701980331,0.15,359.6639713840542,4.310648748327328,1.7580000000000016,0.02292596709863874,1.7580000000000016,0.0,0.022917651,0.15
3.9161539575968733,0.991817127070257,0.15,359.75235720643485,4.31067838514786,1.7590000000000017,0.022925967174259876,1.7590000000000015,0.0,0.022917651,0.15
3.9163603050101794,0.9928609555803787,0.15,359.84066035979316,4.3107081819334265,1.7600000000000016,0.02292596724988101,1.7600000000000016,0.0,0.022917651,0.15
3.9165666855285264,0.9939047555520893,0.15,359.9288803302327,4.310738139678421,1.7610000000000015,0.022925967325502145,1.7610000000000015,0.0,0.022917651,0.15
3.9167730993581342,0.9949485268076179,0.15,360.0170165995886,4.3107682593854975,1.7620000000000016,0.022925967401123282,1.7620000000000016,0.0,0.022917651,0.15
3.916979546706936,0.9959922691677121,0.15,360.1050686453836,4.310798542065651,1.7630000000000015,0.022925967476744417,1.7630000000000015,0.0,0.022917651,0.15
3.9171860277846036,0.997035982451626,0.15,360.193035940783,4.31082898873831,1.7640000000000018,0.022925967552365555,1.7640000000000016,0.0,0.022917651,0.15
3.9173925428025553,0.9980796664771014,0.15,360.2809179545484,4.3108596004314235,1.7650000000000015,0.02292596762798669,1.7650000000000015,0.0,0.022917651,0.15
3.917599091973985,0.9991233210603555,0.15,360.3687141509927,4.310890378181551,1.7660000000000016,0.022925967703607823,1.7660000000000016,0.0,0.022917651,0.15
3.917805675513874,1.0001669460160616,0.15,360.45642398993266,4.310921323033947,1.7670000000000017,0.022925967779228958,1.7670000000000015,0.0,0.022917651,0.15
3.9180122936390127,1.0012105411573353,0.15,360.544046926642,4.310952436042663,1.768000000000002,0.022925967854850092,1.7680000000000016,0.0,0.022917651,0.15
3.918218946568016,1.0022541062957162,0.15,360.6315824118033,4.310983718270629,1.7690000000000015,0.02292596793047123,1.7690000000000015,0.0,0.022917651,0.15
3.9184256345213484,1.0032976412411534,0.15,360.71902989145985,4.311015170789756,1.7700000000000018,0.02292596800609236,1.7700000000000016,0.0,0.022917651,0.15
3.918632357721338,1.004341145801986,0.15,360.8063888069661,4.311046794681026,1.7710000000000017,0.022925968081713502,1.7710000000000015,0.0,0.022917651,0.15
3.9188391163922005,1.0053846197849288,0.15,360.8936585949383,4.311078591034589,1.7720000000000016,0.022925968157334636,1.7720000000000016,0.0,0.022917651,0.15
3.919045910760056,1.0064280629950526,0.15,360.98083868720425,4.311110560949863,1.7730000000000015,0.022925968232955767,1.7730000000000015,0.0,0.022917651,0.15
3.919252741052951,1.007471475235769,0.15,361.06792851075187,4.311142705535628,1.7740000000000018,0.022925968308576905,1.7740000000000016,0.0,0.022917651,0.15
3.9194596075008787,1.00851485630881,0.15,361.154927487678,4.311175025910132,1.7750000000000012,0.02292596838419804,1.7750000000000015,0.0,0.022917651,0.15
3.9196665103358,1.009558206014213,0.15,361.2418350351359,4.311207523201185,1.7760000000000016,0.022925968459819174,1.7760000000000016,0.0,0.022917651,0.15
3.9198734497916643,1.0106015241503008,0.15,361.32865056528226,4.311240198546268,1.7770000000000015,0.022925968535440308,1.7770000000000015,0.0,0.022917651,0.15
3.9200804261044313,1.011644810513663,0.15,361.41537348522354,4.311273053092633,1.7780000000000016,0.022925968611061442,1.7780000000000016,0.0,0.022917651,0.15
3.92028743951209,1.0126880648991383,0.15,361.5020031969618,4.31130608799741,1.7790000000000015,0.022925968686682577,1.7790000000000015,0.0,0.022917651,0.15
3.9204944902546845,1.0137312870997959,0.15,361.5885390973394,4.311339304427713,1.7800000000000016,0.022925968762303715,1.7800000000000016,0.0,0.022917651,0.15
3.9207015785743358,1.014774476906914,0.15,361.6749805779833,4.311372703560745,1.7810000000000015,0.022925968837924852,1.7810000000000015,0.0,0.022917651,0.15
3.9209087047152607,1.0158176341099647,0.15,361.7613270252488,4.311406286583916,1.7820000000000016,0.022925968913545987,1.7820000000000016,0.0,0.022917651,0.15
3.9211158689237973,1.016860758496589,0.15,361.847577820162,4.31144005469494,1.7830000000000015,0.02292596898916712,1.7830000000000015,0.0,0.022917651,0.15
3.9213230714484286,1.0179038498525816,0.15,361.93373233836184,4.3114740091019605,1.7840000000000016,0.022925969064788256,1.7840000000000016,0.0,0.022917651,0.15
3.9215303125398044,1.018946907961868,0.15,362.0197899500417,4.311508151023659,1.7850000000000015,0.02292596914040939,1.7850000000000015,0.0,0.022917651,0.15
3.921737592450765,1.019989932606486,0.15,362.10575001988946,4.311542481689365,1.7860000000000018,0.022925969216030528,1.7860000000000016,0.0,0.022917651,0.15
3.9219449114363663,1.021032923566562,0.15,362.1916119070276,4.311577002339183,1.7870000000000015,0.022925969291651662,1.7870000000000015,0.0,0.022917651,0.15
3.9221522697539033,1.0220758806202945,0.15,362.27737496495195,4.311611714224101,1.7880000000000018,0.022925969367272796,1.7880000000000016,0.0,0.022917651,0.15
3.9223596676629353,1.0231188035439283,0.15,362.36303854146956,4.311646618606117,1.7890000000000015,0.022925969442893934,1.7890000000000015,0.0,0.022917651,0.15
3.9225671054253093,1.0241616921117358,0.15,362.44860197863653,4.311681716758353,1.7900000000000016,0.022925969518515072,1.7900000000000016,0.0,0.022917651,0.15
3.9227745833051886,1.0252045460959949,0.15,362.53406461269407,4.311717009965191,1.7910000000000015,0.022925969594136206,1.7910000000000015,0.0,0.022917651,0.15
3.922982101569074,1.0262473652669661,0.15,362.619425774004,4.311752499522382,1.7920000000000016,0.02292596966975734,1.7920000000000016,0.0,0.022917651,0.15
3.9231896604858316,1.02729014939287,0.15,362.70468478698416,4.31178818673718,1.7930000000000015,0.022925969745378475,1.7930000000000015,0.0,0.022917651,0.15
3.9233972603267238,1.0283328982398658,0.15,362.78984097004167,4.311824072928474,1.7940000000000016,0.022925969820999606,1.7940000000000016,0.0,0.022917651,0.15
3.9236049013654273,1.0293756115720278,0.15,362.8748936355061,4.31186015942691,1.7950000000000015,0.02292596989662074,1.7950000000000015,0.0,0.022917651,0.15
3.9238125838780666,1.0304182891513216,0.15,362.95984208956185,4.311896447575023,1.7960000000000016,0.022925969972241878,1.7960000000000016,0.0,0.022917651,0.15
3.9240202984323247,1.0314609830729464,0.15,363.0448517302225,4.31193284756829,1.7970000000000017,0.022925970047863016,1.7970000000000015,0.0,0.022917651,0.15
3.924228052720688,1.0325036831022518,0.15,363.1298795696061,4.311969400411819,1.7980000000000016,0.022925970123484147,1.7980000000000016,0.0,0.022917651,0.15
3.9244358558137282,1.0335463501985305,0.15,363.21479878763114,4.312006181415063,1.7990000000000015,0.022925970199105285,1.7990000000000015,0.0,0.022917651,0.15
3.9246437080725363,1.034588984118121,0.15,363.2996085806401,4.312043192266106,1.8000000000000016,0.02292597027472642,1.8000000000000016,0.0,0.022917651,0.15
3.9248255805076986,1.03556008518783,0.15,363.31576025864996,4.3120343921498865,1.8010000000000015,0.02292597023719052,1.8010000000000015,0.0,0.022917651,0.15
3.925007489311137,1.0365311370224908,0.15,363.3318271675305,4.312025786738503,1.8020000000000018,0.022925970199654616,1.8020000000000016,0.0,0.022917651,0.15
3.925189434635705,1.0375021394151671,0.15,363.34780895099425,4.312017376850308,1.8030000000000017,0.022925970162118718,1.8030000000000015,0.0,0.022917651,0.15
3.9253714166351203,1.038473092157761,0.15,363.3637052507547,4.312009163308245,1.804000000000002,0.02292597012458282,1.8040000000000016,0.0,0.022917651,0.15
3.925553435463959,1.0394439950410053,0.15,363.37951570651126,4.312001146939881,1.8050000000000015,0.022925970087046915,1.8050000000000015,0.0,0.022917651,0.15
3.9257354912776727,1.0404148478544557,0.15,363.39523995593623,4.311993328577443,1.8060000000000016,0.02292597004951101,1.8060000000000016,0.0,0.022917651,0.15
3.9259175842325837,1.0413856503864802,0.15,363.4108776346596,4.311985709057845,1.8070000000000015,0.022925970011975116,1.8070000000000015,0.0,0.022917651,0.15
3.926099714485901,1.0423564024242542,0.15,363.42642837625505,4.311978289222725,1.8080000000000016,0.022925969974439218,1.8080000000000016,0.0,0.022917651,0.15
3.9262818821957177,1.0433271037537495,0.15,363.44189181222544,4.311971069918479,1.8090000000000017,0.022925969936903316,1.8090000000000015,0.0,0.022917651,0.15
3.926464087521025,1.0442977541597267,0.15,363.4572675719882,4.3119640519962905,1.8100000000000016,0.022925969899367415,1.8100000000000016,0.0,0.022917651,0.15
3.9266463306217143,1.0452683534257265,0.15,363.47255528286036,4.311957236312171,1.8110000000000015,0.022925969861831513,1.8110000000000015,0.0,0.022917651,0.15
3.9268286116585833,1.0462389013340612,0.15,363.4877545700437,4.311950623726988,1.8120000000000016,0.022925969824295612,1.8120000000000016,0.0,0.022917651,0.15
3.927010930793346,1.0472093976658055,0.15,363.5028650566099,4.311944215106502,1.8130000000000013,0.02292596978675971,1.8130000000000015,0.0,0.022917651,0.15
3.9271932881886342,1.0481798422007884,0.15,363.51788636348516,4.311938011321402,1.8140000000000016,0.022925969749223812,1.8140000000000016,0.0,0.022917651,0.15
3.9273756840080085,1.0491502347175838,0.15,363.53281810943497,4.311932013247338,1.8150000000000015,0.022925969711687907,1.8150000000000015,0.0,0.022917651,0.15
3.927558118415963,1.050120574993502,0.15,363.5476599110489,4.311926221764959,1.8160000000000018,0.022925969674152006,1.8160000000000016,0.0,0.022917651,0.15
3.9277405915779307,1.0510908628045794,0.15,363.56241138272486,4.311920637759951,1.8170000000000015,0.022925969636616104,1.8170000000000015,0.0,0.022917651,0.15
3.9279231036602917,1.0520610979255718,0.15,363.57707213665304,4.3119152621230645,1.8180000000000018,0.022925969599080206,1.8180000000000016,0.0,0.022917651,0.15
3.9281056548303828,1.0530312801299426,0.15,363.59164178280093,4.311910095750161,1.8190000000000015,0.022925969561544305,1.8190000000000015,0.0,0.022917651,0.15
3.9282882452564976,1.0540014091898553,0.15,363.60611992889704,4.311905139542242,1.8200000000000018,0.022925969524008407,1.8200000000000016,0.0,0.022917651,0.15
3.9284708751078994,1.054971484876163,0.15,363.62050618041434,4.311900394405491,1.821000000000002,0.022925969486472506,1.8210000000000015,0.0,0.022917651,0.15
3.928653544554826,1.0559415069584006,0.15,363.63480014055443,4.311895861251306,1.8220000000000016,0.0229259694489366,1.8220000000000016,0.0,0.022917651,0.15
3.9288362537684955,1.056911475204773,0.15,363.6490014102314,4.311891540996341,1.8230000000000015,0.022925969411400703,1.8230000000000015,0.0,0.022917651,0.15
3.9290190029211156,1.0578813893821475,0.15,363.66310958805474,4.3118874345625455,1.8240000000000016,0.022925969373864805,1.8240000000000016,0.0,0.022917651,0.15
3.9292017921858897,1.0588512492560431,0.15,363.6771242703133,4.3118835428771956,1.8250000000000017,0.0229259693363289,1.8250000000000015,0.0,0.022917651,0.15
3.9293846217370243,1.059821054590621,0.15,363.69104505095777,4.31187986687294,1.8260000000000016,0.022925969298792998,1.8260000000000016,0.0,0.022917651,0.15
3.9295674917497347,1.0607908051486747,0.15,363.7048715215847,4.311876407487834,1.8270000000000015,0.0229259692612571,1.8270000000000015,0.0,0.022917651,0.15
3.929750402400256,1.0617605006916209,0.15,363.7186032714183,4.31187316566538,1.8280000000000016,0.0229259692237212,1.8280000000000016,0.0,0.022917651,0.15
3.9299333538658456,1.062730140979487,0.15,363.73223988729416,4.3118701423545716,1.8290000000000013,0.0229259691861853,1.8290000000000015,0.0,0.022917651,0.15
3.930116346324797,1.0636997257709047,0.15,363.7457809536412,4.311867338509926,1.8300000000000016,0.0229259691486494,1.8300000000000016,0.0,0.022917651,0.15
3.9302993799564394,1.064669254823097,0.15,363.75922605246467,4.311864755091527,1.8310000000000015,0.022925969111113498,1.8310000000000015,0.0,0.022917651,0.15
3.930482454941153,1.065638727891868,0.15,363.7725747633277,4.311862393065072,1.8320000000000018,0.022925969073577596,1.8320000000000016,0.0,0.022917651,0.15
3.930665571460371,1.0666081447315943,0.15,363.7858266633343,4.311860253401902,1.8330000000000015,0.022925969036041695,1.8330000000000015,0.0,0.022917651,0.15
3.93084872969659,1.067577505095213,0.15,363.7989813271108,4.311858337079052,1.8340000000000019,0.022925968998505797,1.8340000000000016,0.0,0.022917651,0.15
3.9310319298333782,1.068546808734212,0.15,363.8120383267878,4.311856645079285,1.8350000000000015,0.022925968960969895,1.8350000000000015,0.0,0.022917651,0.15
3.9312151720553827,1.069516055398619,0.15,363.8249972319819,4.311855178391148,1.8360000000000016,0.022925968923433994,1.8360000000000016,0.0,0.022917651,0.15
3.9313984565483358,1.0704852448369901,0.15,363.8378576097773,4.311853938008992,1.8370000000000017,0.022925968885898096,1.8370000000000015,0.0,0.022917651,0.15
3.931581783499063,1.0714543767964009,0.15,363.85061902470676,4.311852924933038,1.8380000000000019,0.02292596884836219,1.8380000000000016,0.0,0.022917651,0.15
3.9317651530954962,1.0724234510224329,0.15,363.86328103873325,4.311852140169406,1.8390000000000017,0.022925968810826293,1.8390000000000015,0.0,0.022917651,0.15
3.931948565526675,1.073392467259165,0.15,363.87584321123074,4.311851584730161,1.8400000000000014,0.02292596877329039,1.8400000000000016,0.0,0.022917651,0.15
3.93213202098276,1.0743614252491607,0.15,363.88830509896496,4.311851259633363,1.8410000000000015,0.02292596873575449,1.8410000000000015,0.0,0.022917651,0.15
3.9323155196550377,1.0753303247334576,0.15,363.9006662560743,4.311851165903102,1.8420000000000019,0.02292596869821859,1.8420000000000016,0.0,0.022917651,0.15
3.9324990617359297,1.0762991654515555,0.15,363.91292623405,4.311851304569551,1.8430000000000015,0.022925968660682687,1.8430000000000015,0.0,0.022917651,0.15
3.9326826474190035,1.0772679471414064,0.15,363.925084581717,4.31185167666901,1.8440000000000016,0.022925968623146786,1.8440000000000016,0.0,0.022917651,0.15
3.9328662768989777,1.0782366695394006,0.15,363.9371408452132,4.311852283243942,1.8450000000000015,0.022925968585610884,1.8450000000000015,0.0,0.022917651,0.15
3.933049950371733,1.0792053323803577,0.15,363.94909456797063,4.311853125343035,1.8460000000000016,0.022925968548074986,1.8460000000000016,0.0,0.022917651,0.15
3.933233668034319,1.0801739353975124,0.15,363.9609452906941,4.311854204021234,1.8470000000000018,0.022925968510539085,1.8470000000000015,0.0,0.022917651,0.15
3.933417430084965,1.0811424783225052,0.15,363.97269255134165,4.311855520339797,1.8480000000000019,0.022925968473003183,1.8480000000000016,0.0,0.022917651,0.15
3.9336012367230864,1.0821109608853676,0.15,363.9843358851034,4.311857075366338,1.8490000000000018,0.022925968435467285,1.8490000000000015,0.0,0.022917651,0.15
3.933785088149296,1.083079382814513,0.15,363.99587482438136,4.311858870174874,1.8500000000000016,0.02292596839793138,1.8500000000000016,0.0,0.022917651,0.15
3.9339689845654124,1.0840477438367218,0.15,364.00730889876775,4.31186090584588,1.8510000000000015,0.022925968360395482,1.8510000000000015,0.0,0.022917651,0.15
3.9341529261744657,1.0850160436771312,0.15,364.01863763502456,4.311863183466326,1.8520000000000016,0.02292596832285958,1.8520000000000016,0.0,0.022917651,0.15
3.9343369131807133,1.0859842820592218,0.15,364.02986055706214,4.311865704129736,1.853000000000002,0.02292596828532368,1.8530000000000015,0.0,0.022917651,0.15
3.934520945789642,1.0869524587048056,0.15,364.0409771859169,4.3118684689362325,1.8540000000000019,0.02292596824778778,1.8540000000000016,0.0,0.022917651,0.15
3.934705024207983,1.0879205733340125,0.15,364.051987039731,4.311871478992588,1.8550000000000015,0.02292596821025188,1.8550000000000015,0.0,0.022917651,0.15
3.934889148643718,1.0888886256652786,0.15,364.062889633729,4.311874735412274,1.8560000000000016,0.02292596817271598,1.8560000000000016,0.0,0.022917651,0.15
3.93507331930609,1.0898566154153333,0.15,364.07368448019685,4.311878239315515,1.8570000000000015,0.02292596813518008,1.8570000000000015,0.0,0.022917651,0.15
3.935257536405612,1.0908245422991854,0.15,364.08437108845874,4.311881991829335,1.8580000000000017,0.022925968097644175,1.8580000000000017,0.0,0.022917651,0.15
3.935441800154077,1.0917924060301103,0.15,364.09494896485535,4.311885994087612,1.8590000000000018,0.022925968060108277,1.8590000000000015,0.0,0.022917651,0.15
3.935626110764569,1.0927602063196389,0.15,364.10541761272054,4.311890247231132,1.8600000000000019,0.022925968022572372,1.8600000000000017,0.0,0.022917651,0.15
3.935810468451471,1.09372794287754,0.15,364.1157765323588,4.3118947524076345,1.8610000000000015,0.022925967985036474,1.8610000000000015,0.0,0.022917651,0.15
3.935994873430475,1.0946956154118117,0.15,364.12602522102185,4.311899510771877,1.8620000000000019,0.022925967947500576,1.8620000000000017,0.0,0.022917651,0.15
3.9361793259185944,1.0956632236286639,0.15,364.1361631728855,4.311904523485676,1.8630000000000013,0.02292596790996467,1.8630000000000015,0.0,0.022917651,0.15
3.936363826134171,1.096630767232507,0.15,364.14618987902605,4.311909791717973,1.8640000000000014,0.022925967872428774,1.8640000000000017,0.0,0.022917651,0.15
3.9365483742968865,1.0975982459259375,0.15,364.1561048273963,4.311915316644879,1.8650000000000018,0.022925967834892872,1.8650000000000015,0.0,0.022917651,0.15
3.936732970627774,1.0985656594097228,0.15,364.1659075028019,4.311921099449736,1.8660000000000017,0.02292596779735697,1.8660000000000017,0.0,0.022917651,0.15
3.936917615349227,1.09953300738279,0.15,364.17559738687686,4.311927141323171,1.8670000000000018,0.02292596775982107,1.8670000000000015,0.0,0.022917651,0.15
3.9371023086850085,1.1005002895422082,0.15,364.1851739580591,4.31193344346315,1.8680000000000017,0.02292596772228517,1.8680000000000017,0.0,0.022917651,0.15
3.9372870508602658,1.1014675055831769,0.15,364.1946366915663,4.311940007075038,1.8690000000000015,0.02292596768474927,1.8690000000000015,0.0,0.022917651,0.15
3.937471842101537,1.10243465519901,0.15,364.20398505937,4.311946833371656,1.8700000000000019,0.022925967647213368,1.8700000000000017,0.0,0.022917651,0.15
3.9376566826367645,1.103401738081122,0.15,364.2132185301715,4.311953923573333,1.8710000000000016,0.02292596760967747,1.8710000000000016,0.0,0.022917651,0.15
3.9378415726953038,1.1043687539190137,0.15,364.2223365693758,4.311961278907975,1.8720000000000019,0.02292596757214157,1.8720000000000017,0.0,0.022917651,0.15
3.938026512507934,1.105335702400255,0.15,364.23133863906634,4.3119689006111095,1.8730000000000016,0.022925967534605667,1.8730000000000016,0.0,0.022917651,0.15
3.9382115023068747,1.106302583210473,0.15,364.2402241979791,4.31197678992596,1.8740000000000017,0.022925967497069766,1.8740000000000017,0.0,0.022917651,0.15
3.938396542325789,1.1072693960333344,0.15,364.2489927014764,4.311984948103495,1.8750000000000016,0.022925967459533864,1.8750000000000016,0.0,0.022917651,0.15
3.9385816327998016,1.1082361405505323,0.15,364.25764360152095,4.311993376402493,1.8760000000000019,0.022925967421997963,1.8760000000000017,0.0,0.022917651,0.15
3.9387667739655035,1.1092028164417684,0.15,364.26617634664854,4.312002076089603,1.8770000000000018,0.022925967384462065,1.8770000000000016,0.0,0.022917651,0.15
3.9389519660609698,1.11016942338474,0.15,364.2745903819419,4.312011048439405,1.878000000000002,0.02292596734692616,1.8780000000000017,0.0,0.022917651,0.15
3.9391372093257693,1.1111359610551215,0.15,364.28288514900356,4.312020294734474,1.8790000000000016,0.02292596730939026,1.8790000000000016,0.0,0.022917651,0.15
3.9393225040009736,1.1121024291265516,0.15,364.29106008592817,4.31202981626544,1.8800000000000017,0.022925967271854364,1.8800000000000017,0.0,0.022917651,0.15
3.939507850329174,1.1130688272706137,0.15,364.2991146272752,4.312039614331056,1.8810000000000016,0.02292596723431846,1.8810000000000016,0.0,0.022917651,0.15
3.9396932485544873,1.1140351551568242,0.15,364.3070482040408,4.312049690238255,1.882000000000002,0.02292596719678256,1.8820000000000017,0.0,0.022917651,0.15
3.9398786989225716,1.1150014124526113,0.15,364.3148602436302,4.312060045302223,1.8830000000000016,0.02292596715924666,1.8830000000000016,0.0,0.022917651,0.15
3.94006420168064,1.115967598823302,0.15,364.3225501698289,4.312070680846457,1.8840000000000017,0.022925967121710758,1.8840000000000017,0.0,0.022917651,0.15
3.9402497570774693,1.1169337139321045,0.15,364.330117402774,4.312081598202835,1.8850000000000016,0.022925967084174857,1.8850000000000016,0.0,0.022917651,0.15
3.940435365363414,1.117899757440091,0.15,364.3375613589257,4.31209279871168,1.8860000000000017,0.02292596704663896,1.8860000000000017,0.0,0.022917651,0.15
3.9406210267904185,1.1188657290061805,0.15,364.3448814510375,4.312104283721828,1.8870000000000018,0.022925967009103057,1.8870000000000016,0.0,0.022917651,0.15
3.9408067416120307,1.1198316282871232,0.15,364.3520770881274,4.312116054590696,1.888000000000002,0.022925966971567156,1.8880000000000017,0.0,0.022917651,0.15
3.9409925100834133,1.120797454937481,0.15,364.35914767544756,4.312128112684352,1.8890000000000016,0.022925966934031258,1.8890000000000016,0.0,0.022917651,0.15
3.9411783324613583,1.1217632086096125,0.15,364.36609261445466,4.312140459377581,1.890000000000002,0.022925966896495353,1.8900000000000017,0.0,0.022917651,0.15
3.9413642090042975,1.1227288889536533,0.15,364.37291130277936,4.312153096053953,1.8910000000000016,0.022925966858959455,1.8910000000000016,0.0,0.022917651,0.15
3.94155013997232,1.123694495617499,0.15,364.3796031341956,4.3121660241059,1.8920000000000017,0.02292596682142355,1.8920000000000017,0.0,0.022917651,0.15
3.9417361256271795,1.1246600282467878,0.15,364.3861674985902,4.31217924493478,1.8930000000000018,0.02292596678388765,1.8930000000000016,0.0,0.022917651,0.15
3.9419221662323136,1.1256254864848814,0.15,364.39260378193086,4.312192759950957,1.8940000000000017,0.02292596674635175,1.8940000000000017,0.0,0.022917651,0.15
3.942108262052854,1.1265908699728475,0.15,364.3989113662353,4.312206570573862,1.8950000000000018,0.02292596670881585,1.8950000000000016,0.0,0.022917651,0.15
3.942294413355639,1.127556178349441,0.15,364.4050896295392,4.312220678232074,1.8960000000000017,0.02292596667127995,1.8960000000000017,0.0,0.022917651,0.15
3.942480620409232,1.1285214112510848,0.15,364.41113794586386,4.312235084363395,1.8970000000000016,0.022925966633744046,1.8970000000000016,0.0,0.022917651,0.15
3.94266688348393,1.129486568311852,0.15,364.4170556851843,4.312249790414918,1.898000000000002,0.022925966596208148,1.8980000000000017,0.0,0.022917651,0.15
3.942853202851781,1.1304516491634462,0.15,364.4228422133961,4.312264797843108,1.8990000000000016,0.022925966558672243,1.8990000000000016,0.0,0.022917651,0.15
3.9430395787865984,1.1314166534351826,0.15,364.42849689228217,4.312280108113876,1.9000000000000017,0.022925966521136345,1.9000000000000017,0.0,0.022917651,0.15
3.9432082402269693,1.1323253077472206,0.15,364.4225395965072,4.312268863465779,1.9010000000000016,0.02292596644524054,1.9010000000000016,0.0,0.022917651,0.15
3.943376795326765,1.1332340407013846,0.15,364.4168066332029,4.312257114819502,1.902000000000002,0.022925966369344738,1.9020000000000017,0.0,0.022917651,0.15
3.943545243514825,1.1341428527200657,0.15,364.4112992072732,4.312244859468041,1.9030000000000016,0.022925966293448934,1.9030000000000016,0.0,0.022917651,0.15
3.9437135842158892,1.1350517442286865,0.15,364.4060185322666,4.3122320946849655,1.9040000000000015,0.02292596621755313,1.9040000000000017,0.0,0.022917651,0.15
3.9438818168505643,1.135960715655727,0.15,364.4009658304531,4.312218817724255,1.9050000000000014,0.02292596614165733,1.9050000000000016,0.0,0.022917651,0.15
3.9440499408352827,1.1368697674327521,0.15,364.3961423329036,4.312205025820116,1.9060000000000017,0.02292596606576153,1.9060000000000017,0.0,0.022917651,0.15
3.9442179555822707,1.1377788999944396,0.15,364.3915492795686,4.312190716186804,1.9070000000000018,0.022925965989865724,1.9070000000000016,0.0,0.022917651,0.15
3.9443858604995063,1.1386881137786087,0.15,364.3871879193586,4.312175886018444,1.9080000000000021,0.022925965913969927,1.9080000000000017,0.0,0.022917651,0.15
3.9445536549906786,1.1395974092262462,0.15,364.38305951022505,4.312160532488851,1.9090000000000016,0.02292596583807412,1.9090000000000016,0.0,0.022917651,0.15
3.944721338455158,1.14050678678154,0.15,364.3791653192428,4.312144652751343,1.9100000000000017,0.02292596576217832,1.9100000000000017,0.0,0.022917651,0.15
3.9448889102879456,1.1414162468919031,0.15,364.3755066226924,4.312128243938553,1.9110000000000016,0.02292596568628252,1.9110000000000016,0.0,0.022917651,0.15
3.945056369879642,1.1423257900080064,0.15,364.37208470614405,4.312111303162247,1.912000000000002,0.022925965610386713,1.9120000000000017,0.0,0.022917651,0.15
3.945223716616403,1.1432354165838057,0.15,364.3689008645424,4.312093827513128,1.9130000000000018,0.022925965534490913,1.9130000000000016,0.0,0.022917651,0.15
3.9453909498799002,1.1441451270765741,0.15,364.36595640229183,4.312075814060645,1.9140000000000017,0.022925965458595113,1.9140000000000017,0.0,0.022917651,0.15
3.94555806904728,1.1450549219469315,0.15,364.3632526333435,4.312057259852802,1.9150000000000016,0.022925965382699306,1.9150000000000016,0.0,0.022917651,0.15
3.945725073491122,1.1459648016588742,0.15,364.36079088128236,4.312038161915956,1.9160000000000017,0.022925965306803506,1.9160000000000017,0.0,0.022917651,0.15
3.9458919625793967,1.1468747666798071,0.15,364.35857247941584,4.312018517254622,1.9170000000000018,0.0229259652309077,1.9170000000000016,0.0,0.022917651,0.15
3.9460587356754244,1.1477848174805754,0.15,364.3565987708632,4.311998322851274,1.9180000000000017,0.022925965155011906,1.9180000000000017,0.0,0.022917651,0.15
3.94622539213783,1.1486949545354947,0.15,364.3548711086459,4.311977575666131,1.9190000000000016,0.0229259650791161,1.9190000000000016,0.0,0.022917651,0.15
3.946391931320502,1.1496051783223848,0.15,364.3533908557796,4.311956272636969,1.920000000000002,0.022925965003220295,1.9200000000000017,0.0,0.022917651,0.15
3.946558352572547,1.1505154893226008,0.15,364.3521593853656,4.311934410678899,1.9210000000000018,0.022925964927324495,1.9210000000000016,0.0,0.022917651,0.15
3.946724655238248,1.1514258880210668,0.15,364.3511780806849,4.31191198668416,1.922000000000002,0.022925964851428685,1.9220000000000017,0.0,0.022917651,0.15
3.946890838657015,1.152336374906308,0.15,364.35044833529287,4.311888997521915,1.9230000000000016,0.022925964775532888,1.9230000000000016,0.0,0.022917651,0.15
3.9470569021633457,1.1532469504704854,0.15,364.3499715531146,4.311865440038021,1.9240000000000017,0.022925964699637084,1.9240000000000017,0.0,0.022917651,0.15
3.947222845086773,1.1541576152094288,0.15,364.3497491485412,4.311841311054828,1.9250000000000018,0.02292596462374128,1.9250000000000016,0.0,0.022917651,0.15
3.9473886667518245,1.1550683696226718,0.15,364.3497825465281,4.31181660737095,1.9260000000000022,0.022925964547845477,1.9260000000000017,0.0,0.022917651,0.15
3.9475543664779713,1.1559792142134844,0.15,364.35007318269356,4.311791325761043,1.9270000000000016,0.02292596447194968,1.9270000000000016,0.0,0.022917651,0.15
3.9477199435795858,1.1568901494889126,0.15,364.3506225034185,4.311765462975587,1.9280000000000017,0.022925964396053877,1.9280000000000017,0.0,0.022917651,0.15
3.947885397365886,1.1578011759598072,0.15,364.35143196594794,4.311739015740652,1.9290000000000014,0.022925964320158067,1.9290000000000016,0.0,0.022917651,0.15
3.948050727140896,1.1587122941408665,0.15,364.3525030384927,4.31171198075767,1.930000000000002,0.022925964244262263,1.9300000000000017,0.0,0.022917651,0.15
3.9482159322033916,1.1596235045506673,0.15,364.35383720033303,4.311684354703203,1.9310000000000018,0.022925964168366467,1.9310000000000016,0.0,0.022917651,0.15
3.9483810118468496,1.1605348077117041,0.15,364.355435941923,4.311656134228715,1.9320000000000015,0.022925964092470663,1.9320000000000017,0.0,0.022917651,0.15
3.9485459653594015,1.1614462041504257,0.15,364.3573007649967,4.311627315960325,1.9330000000000016,0.02292596401657486,1.9330000000000016,0.0,0.022917651,0.15
3.948710802212956,1.162357815889987,0.15,364.35953136996056,4.311597815689536,1.9340000000000017,0.022925963940679056,1.9340000000000017,0.0,0.022917651,0.15
3.948875634043036,1.163270930880795,0.15,364.36315922890356,4.311566791250777,1.935000000000002,0.022925963864783253,1.9350000000000016,0.0,0.022917651,0.15
3.9490403480934644,1.1641841685295033,0.15,364.3670606094365,4.311535173056771,1.9360000000000017,0.022925963788887456,1.9360000000000017,0.0,0.022917651,0.15
3.9492049437370573,1.1650975294892734,0.15,364.3712369680783,4.311502957945737,1.9370000000000016,0.022925963712991652,1.9370000000000016,0.0,0.022917651,0.15
3.9493694203421708,1.1660110144179108,0.15,364.37568977170736,4.311470142733404,1.9380000000000017,0.02292596363709585,1.9380000000000017,0.0,0.022917651,0.15
3.9495337772726593,1.1669246239779094,0.15,364.38042049765454,4.311436724212809,1.9390000000000016,0.022925963561200045,1.9390000000000016,0.0,0.022917651,0.15
3.949698013887836,1.167838358836492,0.15,364.3854306337959,4.311402699154104,1.940000000000002,0.022925963485304242,1.9400000000000017,0.0,0.022917651,0.15
3.9498621295424328,1.168752219665652,0.15,364.3907216786471,4.3113680643043395,1.9410000000000016,0.022925963409408445,1.9410000000000016,0.0,0.022917651,0.15
3.950026123586561,1.1696662071421966,0.15,364.3962951414584,4.311332816387264,1.9420000000000017,0.022925963333512638,1.9420000000000017,0.0,0.022917651,0.15
3.950189995365666,1.1705803219477908,0.15,364.40215254231157,4.311296952103115,1.943000000000002,0.022925963257616838,1.9430000000000016,0.0,0.022917651,0.15
3.9503537442204864,1.1714945647690007,0.15,364.40829541221666,4.311260468128406,1.944000000000002,0.022925963181721035,1.9440000000000017,0.0,0.022917651,0.15
3.9505173694870153,1.1724089362973356,0.15,364.4147252932106,4.311223361115714,1.9450000000000018,0.02292596310582523,1.9450000000000016,0.0,0.022917651,0.15
3.950680870496454,1.1733234372292962,0.15,364.42144373845684,4.311185627693463,1.946000000000002,0.02292596302992943,1.9460000000000017,0.0,0.022917651,0.15
3.950844246575168,1.1742380682664164,0.15,364.4284523123454,4.3111472644657045,1.9470000000000016,0.022925962954033624,1.9470000000000016,0.0,0.022917651,0.15
3.951007497044645,1.1751528301153116,0.15,364.43575259059503,4.311108268011901,1.948000000000002,0.02292596287813782,1.9480000000000017,0.0,0.022917651,0.15
3.9511706212214524,1.1760677234877215,0.15,364.4433461603556,4.311068634886698,1.9490000000000018,0.02292596280224202,1.9490000000000016,0.0,0.022917651,0.15
3.9513336184171886,1.1769827491005604,0.15,364.45123462031205,4.3110283616197025,1.950000000000002,0.022925962726346217,1.9500000000000017,0.0,0.022917651,0.15
3.95149648793844,1.1778979076759615,0.15,364.45941958078936,4.310987444715254,1.9510000000000016,0.022925962650450417,1.9510000000000016,0.0,0.022917651,0.15
3.951659229086736,1.1788131999413258,0.15,364.46790266385864,4.3109458806521905,1.9520000000000017,0.022925962574554613,1.9520000000000017,0.0,0.022917651,0.15
3.9518218411585,1.1797286266293696,0.15,364.4766855034446,4.310903665883623,1.9530000000000016,0.02292596249865881,1.9530000000000016,0.0,0.022917651,0.15
3.951984323445007,1.1806441884781738,0.15,364.4857697454339,4.310860796836691,1.9540000000000022,0.022925962422763006,1.9540000000000017,0.0,0.022917651,0.15
3.9521466752323318,1.181559886231232,0.15,364.49515704778474,4.3108172699123335,1.9550000000000018,0.022925962346867203,1.9550000000000016,0.0,0.022917651,0.15
3.9523088958013037,1.1824757206375016,0.15,364.5048490806377,4.31077308148504,1.9560000000000017,0.022925962270971403,1.9560000000000017,0.0,0.022917651,0.15
3.952470984427459,1.1833916924514531,0.15,364.51484752642824,4.310728227902616,1.9570000000000016,0.022925962195075603,1.9570000000000016,0.0,0.022917651,0.15
3.952632940380991,1.1843078024331213,0.15,364.5251540799994,4.310682705485927,1.9580000000000017,0.022925962119179796,1.9580000000000017,0.0,0.022917651,0.15
3.952794762926699,1.1852240513481567,0.15,364.53577044871736,4.310636510528661,1.9590000000000019,0.022925962043283996,1.9590000000000016,0.0,0.022917651,0.15
3.9529564513239417,1.1861404399678772,0.15,364.54669835258585,4.310589639297063,1.9600000000000017,0.022925961967388192,1.9600000000000017,0.0,0.022917651,0.15
3.953118004826585,1.1870569690693205,0.15,364.5579395243649,4.310542088029694,1.9610000000000016,0.02292596189149239,1.9610000000000016,0.0,0.022917651,0.15
3.9532794226829506,1.187973639435298,0.15,364.56949570968817,4.3104938529371655,1.9620000000000017,0.022925961815596585,1.9620000000000017,0.0,0.022917651,0.15
3.953440704135766,1.1888904518544479,0.15,364.58136866718337,4.310444930201886,1.9630000000000016,0.02292596173970078,1.9630000000000016,0.0,0.022917651,0.15
3.9536018484221107,1.18980740712129,0.15,364.59356016859283,4.31039531597779,1.9640000000000017,0.02292596166380498,1.9640000000000017,0.0,0.022917651,0.15
3.9537628662899342,1.1907245830273083,0.15,364.60613755636126,4.310344975481034,1.9650000000000016,0.022925961587909178,1.9650000000000016,0.0,0.022917651,0.15
3.9539239656721437,1.1916433491684302,0.15,364.6202598464225,4.310293371110627,1.966000000000002,0.022925961512013378,1.9660000000000017,0.0,0.022917651,0.15
3.9540849360203723,1.1925622796594977,0.15,364.63470642383095,4.310241086252928,1.9670000000000016,0.022925961436117574,1.9670000000000016,0.0,0.022917651,0.15
3.9542457766535324,1.1934813753680125,0.15,364.6494790002983,4.310188117316066,1.968000000000002,0.02292596136022177,1.9680000000000017,0.0,0.022917651,0.15
3.9544064868857296,1.1944006371675913,0.15,364.66457929960416,4.310134460682847,1.9690000000000016,0.022925961284325967,1.9690000000000016,0.0,0.022917651,0.15
3.9545670660262275,1.1953200659380228,0.15,364.680009057703,4.310080112710533,1.9700000000000017,0.022925961208430164,1.9700000000000017,0.0,0.022917651,0.15
3.9547275133794035,1.196239662565318,0.15,364.69577002283114,4.310025069730605,1.9710000000000016,0.02292596113253436,1.9710000000000016,0.0,0.022917651,0.15
3.954887828244704,1.1971594279417708,0.15,364.7118639556163,4.3099693280485525,1.9720000000000022,0.022925961056638557,1.9720000000000018,0.0,0.022917651,0.15
3.9550480099165997,1.1980793629660071,0.15,364.7282926291868,4.309912883943624,1.973000000000002,0.02292596098074276,1.9730000000000016,0.0,0.022917651,0.15
3.955208057684544,1.1989994685430472,0.15,364.74505782928327,4.309855733668607,1.9740000000000018,0.022925960904846953,1.9740000000000018,0.0,0.022917651,0.15
3.95536797083293,1.1999197455843593,0.15,364.7621613543709,4.30979787344959,1.9750000000000016,0.022925960828951153,1.9750000000000016,0.0,0.022917651,0.15
3.9555277486410363,1.2008401950079182,0.15,364.7796050157526,4.309739299485715,1.9760000000000018,0.02292596075305535,1.9760000000000018,0.0,0.022917651,0.15
3.955687390382994,1.2017608177382628,0.15,364.79739063768454,4.309680007948953,1.9770000000000019,0.022925960677159546,1.9770000000000016,0.0,0.022917651,0.15
3.95584689532773,1.202681614706556,0.15,364.8155200574912,4.309619994983842,1.9780000000000018,0.022925960601263746,1.9780000000000018,0.0,0.022917651,0.15
3.9560062627389256,1.2036025868506421,0.15,364.8339951256832,4.309559256707257,1.9790000000000016,0.022925960525367942,1.9790000000000016,0.0,0.022917651,0.15
3.95616549187497,1.2045237351151101,0.15,364.8528177060757,4.309497789208153,1.9800000000000018,0.022925960449472142,1.9800000000000018,0.0,0.022917651,0.15
3.9563245819889077,1.2054450604513507,0.15,364.87198967590825,4.309435588547315,1.9810000000000016,0.02292596037357634,1.9810000000000016,0.0,0.022917651,0.15
3.956483532328397,1.2063665638176206,0.15,364.8915129259655,4.309372650757104,1.982000000000002,0.022925960297680535,1.9820000000000018,0.0,0.022917651,0.15
3.9566423421356545,1.2072882461791024,0.15,364.9113893607,4.3093089718412,1.9830000000000017,0.022925960221784735,1.9830000000000017,0.0,0.022917651,0.15
3.956801010647411,1.2082101085079693,0.15,364.9316208983559,4.309244547774345,1.9840000000000018,0.022925960145888928,1.9840000000000018,0.0,0.022917651,0.15
3.9569595370948596,1.2091321517834466,0.15,364.9522094710938,4.309179374502075,1.9850000000000017,0.022925960069993125,1.9850000000000017,0.0,0.022917651,0.15
3.957117920703606,1.2100543769918775,0.15,364.9731570251171,4.309113447940463,1.986000000000002,0.022925959994097325,1.9860000000000018,0.0,0.022917651,0.15
3.9572761606936164,1.2109767851267856,0.15,364.9944655208002,4.30904676397584,1.9870000000000019,0.02292595991820152,1.9870000000000017,0.0,0.022917651,0.15
3.957434256279168,1.2118993771889435,0.15,365.0161369328176,4.3089793184645355,1.9880000000000018,0.022925959842305717,1.9880000000000018,0.0,0.022917651,0.15
3.9575922066687945,1.212822154186436,0.15,365.03817325027404,4.308911107232593,1.9890000000000017,0.022925959766409917,1.9890000000000017,0.0,0.022917651,0.15
3.9577500110652384,1.2137451171347289,0.15,365.0605764768375,4.3088421260755,1.9900000000000018,0.022925959690514114,1.9900000000000018,0.0,0.022917651,0.15
3.957907668665391,1.2146682670567361,0.15,365.08334863087185,4.308772370757905,1.9910000000000019,0.02292595961461831,1.9910000000000017,0.0,0.022917651,0.15
3.9580651786602434,1.215591604982888,0.15,365.106491745572,4.3087018370133325,1.9920000000000018,0.022925959538722507,1.9920000000000018,0.0,0.022917651,0.15
3.9582225915213396,1.216515404574187,0.15,365.13017818391484,4.308630453026086,1.9930000000000017,0.022925959462826707,1.9930000000000017,0.0,0.022917651,0.15
3.9583802201837432,1.2174412935338135,0.15,365.155421231568,4.308557842571688,1.9940000000000018,0.022925959386930907,1.9940000000000018,0.0,0.022917651,0.15
3.9585377144013916,1.2183673829044657,0.15,365.18103821889355,4.308484493892494,1.9950000000000019,0.022925959311035103,1.9950000000000017,0.0,0.022917651,0.15
3.9586950735016075,1.2192936736888738,0.15,365.20703101684836,4.308410403294895,1.9960000000000018,0.0229259592351393,1.9960000000000018,0.0,0.022917651,0.15
3.95885229680722,1.2202201668964678,0.15,365.23340150889186,4.308335567060601,1.9970000000000017,0.022925959159243496,1.9970000000000017,0.0,0.022917651,0.15
3.9590093836365243,1.221146863543435,0.15,365.26015159109016,4.30825998144643,1.9980000000000018,0.022925959083347696,1.9980000000000018,0.0,0.022917651,0.15
3.9591663333032465,1.222073764652775,0.15,365.28728317222203,4.308183642684111,1.9990000000000017,0.022925959007451892,1.9990000000000017,0.0,0.022917651,0.15
3.959323145116503,1.2230008712543587,0.15,365.3147981738856,4.308106546980056,2.0000000000000018,0.022925958931556085,2.0000000000000018,0.0,0.022917651,0.15
3.959472996895468,1.2238665977727923,0.15,365.2851611906473,4.308052120510774,2.0010000000000017,0.02292595893155609,2.0010000000000017,0.0,0.022917651,0.15
3.9596228207803206,1.2247323835649147,0.15,365.2556038887842,4.307997523189272,2.0020000000000016,0.02292595893155609,2.0020000000000016,0.0,0.022917651,0.15
3.9597726166329905,1.2255982289241194,0.15,365.2261266627028,4.3079427541698685,2.003000000000002,0.022925958931556092,2.003000000000002,0.0,0.022917651,0.15
3.9599223843144955,1.2264641341457374,0.15,365.19672990941655,4.307887812601289,2.004000000000002,0.022925958931556085,2.004000000000002,0.0,0.022917651,0.15
3.9600721236849328,1.2273300995270562,0.15,365.1674140285677,4.307832697626627,2.0050000000000012,0.022925958931556085,2.0050000000000017,0.0,0.022917651,0.15
3.9602218346034705,1.2281961253673357,0.15,365.13817942244924,4.307777408383285,2.0060000000000016,0.02292595893155609,2.0060000000000016,0.0,0.022917651,0.15
3.9603715169283435,1.2290622119678232,0.15,365.10902649602696,4.307721944002942,2.007000000000002,0.022925958931556085,2.007000000000002,0.0,0.022917651,0.15
3.9605211705168406,1.2299283596317703,0.15,365.0799556569613,4.307666303611492,2.008000000000002,0.022925958931556092,2.008000000000002,0.0,0.022917651,0.15
3.9606707952253,1.2307945686644504,0.15,365.05096731563003,4.307610486329007,2.0090000000000017,0.022925958931556085,2.0090000000000017,0.0,0.022917651,0.15
3.9608203909091024,1.2316608393731758,0.15,365.02206188515123,4.307554491269682,2.0100000000000016,0.022925958931556085,2.0100000000000016,0.0,0.022917651,0.15
3.9609699574226593,1.232527172067314,0.15,364.9932397814058,4.307498317541791,2.0110000000000023,0.022925958931556092,2.011000000000002,0.0,0.022917651,0.15
3.961119494619409,1.2333935670583034,0.15,364.9645014230605,4.307441964247627,2.012000000000002,0.022925958931556085,2.012000000000002,0.0,0.022917651,0.15
3.9612690023518042,1.2342600246596742,0.15,364.93584723159165,4.3073854304834684,2.013000000000002,0.02292595893155609,2.0130000000000017,0.0,0.022917651,0.15
3.9614184804713055,1.2351265451870628,0.15,364.9072776313089,4.30732871533951,2.0140000000000016,0.022925958931556085,2.0140000000000016,0.0,0.022917651,0.15
3.9615679288283756,1.2359931289582324,0.15,364.87879304937826,4.307271817899828,2.015000000000002,0.022925958931556085,2.015000000000002,0.0,0.022917651,0.15
3.9617173472724683,1.236859776293087,0.15,364.85039391584723,4.307214737242316,2.016000000000002,0.02292595893155609,2.016000000000002,0.0,0.022917651,0.15
3.9618667356520185,1.2377264875136933,0.15,364.8220806636682,4.307157472438642,2.017000000000002,0.02292595893155609,2.0170000000000017,0.0,0.022917651,0.15
3.962016093814437,1.2385932629442973,0.15,364.7938537287237,4.307100022554189,2.0180000000000016,0.022925958931556092,2.0180000000000016,0.0,0.022917651,0.15
3.962165421606099,1.2394601029113435,0.15,364.76571354985094,4.307042386648006,2.019000000000002,0.022925958931556092,2.019000000000002,0.0,0.022917651,0.15
3.962314718872339,1.2403270077434916,0.15,364.7376605688667,4.306984563772752,2.020000000000002,0.02292595893155609,2.020000000000002,0.0,0.022917651,0.15
3.9624639854574357,1.2411939777716376,0.15,364.7096952305931,4.306926552974644,2.021000000000002,0.022925958931556092,2.0210000000000017,0.0,0.022917651,0.15
3.9626132212046112,1.2420610133289323,0.15,364.68181798288305,4.306868353293398,2.022000000000002,0.02292595893155609,2.0220000000000016,0.0,0.022917651,0.15
3.9627624259560132,1.2429281147507998,0.15,364.65402927664553,4.306809963762177,2.023000000000002,0.022925958931556085,2.023000000000002,0.0,0.022917651,0.15
3.962911599552714,1.2437952823749572,0.15,364.6263295658728,4.306751383407537,2.0240000000000022,0.022925958931556092,2.024000000000002,0.0,0.022917651,0.15
3.963060741834696,1.2446625165414344,0.15,364.59871930766593,4.306692611249364,2.0250000000000017,0.022925958931556085,2.0250000000000017,0.0,0.022917651,0.15
3.963209852640843,1.2455298175925948,0.15,364.5711989622618,4.306633646300821,2.0260000000000016,0.02292595893155609,2.0260000000000016,0.0,0.022917651,0.15
3.9633589318089317,1.2463971858731537,0.15,364.54376899305964,4.306574487568291,2.027000000000002,0.022925958931556085,2.027000000000002,0.0,0.022917651,0.15
3.9635079791756254,1.2472646217301993,0.15,364.5164298666491,4.306515134051317,2.028000000000002,0.022925958931556085,2.028000000000002,0.0,0.022917651,0.15
3.9636569945764553,1.2481321255132125,0.15,364.48918205283684,4.306455584742541,2.0290000000000017,0.022925958931556085,2.0290000000000017,0.0,0.022917651,0.15
3.9638059778458223,1.2489996975740902,0.15,364.4620260246748,4.306395838627649,2.0300000000000016,0.022925958931556085,2.0300000000000016,0.0,0.022917651,0.15
3.9639549288169778,1.2498673382671628,0.15,364.4349622584881,4.3063358946853105,2.0310000000000015,0.02292595893155609,2.031000000000002,0.0,0.022917651,0.15
3.9641038473220185,1.2507350479492159,0.15,364.40799123390354,4.306275751887111,2.032000000000002,0.02292595893155609,2.032000000000002,0.0,0.022917651,0.15
3.9642527331918767,1.2516028269795143,0.15,364.381113433878,4.306215409197498,2.0330000000000017,0.022925958931556085,2.0330000000000017,0.0,0.022917651,0.15
3.964401586256306,1.2524706757198207,0.15,364.35432934472783,4.306154865573717,2.0340000000000016,0.022925958931556085,2.0340000000000016,0.0,0.022917651,0.15
3.9645504063438755,1.2533385945344184,0.15,364.3276394561575,4.3060941199657465,2.035000000000002,0.022925958931556085,2.035000000000002,0.0,0.022917651,0.15
3.964699193281957,1.2542065837901328,0.15,364.30104426128963,4.306033171316235,2.036000000000002,0.02292595893155609,2.036000000000002,0.0,0.022917651,0.15
3.9648479468967164,1.2550746438563556,0.15,364.274544256695,4.305972018560442,2.0370000000000017,0.02292595893155609,2.0370000000000017,0.0,0.022917651,0.15
3.9649966670131005,1.2559427751050642,0.15,364.248139942422,4.305910660626164,2.0380000000000016,0.02292595893155609,2.0380000000000016,0.0,0.022917651,0.15
3.96514535345483,1.2568109779108474,0.15,364.2218318220279,4.305849096433681,2.039000000000002,0.02292595893155609,2.039000000000002,0.0,0.022917651,0.15
3.9652940060443846,1.2576792526509253,0.15,364.1956204026093,4.305787324895677,2.0400000000000023,0.022925958931556085,2.040000000000002,0.0,0.022917651,0.15
3.9654426246029937,1.2585475997051756,0.15,364.16950619483345,4.305725344917185,2.041000000000002,0.022925958931556092,2.0410000000000017,0.0,0.022917651,0.15
3.965591208950628,1.2594160194561546,0.15,364.14348971296954,4.3056631553955125,2.0420000000000016,0.02292595893155609,2.0420000000000016,0.0,0.022917651,0.15
3.9657397589059853,1.2602845122891224,0.15,364.1175714749205,4.3056007552201745,2.043000000000002,0.022925958931556092,2.043000000000002,0.0,0.022917651,0.15
3.9658882742864785,1.2611530785920657,0.15,364.0917520022557,4.305538143272829,2.0440000000000023,0.02292595893155609,2.044000000000002,0.0,0.022917651,0.15
3.966036754908226,1.2620217187557217,0.15,364.0660318202424,4.305475318427197,2.0450000000000017,0.02292595893155609,2.0450000000000017,0.0,0.022917651,0.15
3.9661852005860427,1.2628904331736055,0.15,364.0404114578799,4.305412279549006,2.0460000000000016,0.02292595893155609,2.0460000000000016,0.0,0.022917651,0.15
3.966333611133422,1.2637592222420306,0.15,364.0148914479314,4.305349025495907,2.047000000000002,0.02292595893155609,2.047000000000002,0.0,0.022917651,0.15
3.966481986362532,1.264628086360137,0.15,363.9894723269586,4.30528555511741,2.0480000000000014,0.02292595893155609,2.048000000000002,0.0,0.022917651,0.15
3.9666303260841937,1.2654970259299136,0.15,363.96415463535504,4.305221867254806,2.0490000000000017,0.02292595893155609,2.0490000000000017,0.0,0.022917651,0.15
3.966778630107879,1.2663660413562274,0.15,363.9389389173806,4.305157960741098,2.0500000000000016,0.022925958931556085,2.0500000000000016,0.0,0.022917651,0.15
3.9669268982416934,1.2672351330468465,0.15,363.9138257211959,4.305093834400922,2.0510000000000015,0.02292595893155609,2.051000000000002,0.0,0.022917651,0.15
3.9670751302923644,1.268104301412466,0.15,363.8888155988977,4.305029487050478,2.052000000000002,0.02292595893155609,2.052000000000002,0.0,0.022917651,0.15
3.967223326065227,1.2689735468667365,0.15,363.86390910655376,4.30496491749745,2.0530000000000017,0.02292595893155609,2.0530000000000017,0.0,0.022917651,0.15
3.9673714853642172,1.269842869826288,0.15,363.8391068042394,4.304900124540927,2.0540000000000016,0.02292595893155609,2.0540000000000016,0.0,0.022917651,0.15
3.9675196079918527,1.2707122707107603,0.15,363.8144092560726,4.304835106971332,2.055000000000002,0.02292595893155609,2.055000000000002,0.0,0.022917651,0.15
3.9676676937492243,1.2715817499428252,0.15,363.7898170302516,4.304769863570339,2.056000000000002,0.02292595893155609,2.056000000000002,0.0,0.022917651,0.15
3.9678157424359815,1.2724513079482194,0.15,363.76533069909107,4.304704393110794,2.057000000000002,0.02292595893155609,2.0570000000000017,0.0,0.022917651,0.15
3.96796375385032,1.2733209451557685,0.15,363.7409508390599,4.304638694356638,2.0580000000000016,0.022925958931556085,2.0580000000000016,0.0,0.022917651,0.15
3.9681117277889673,1.2741906619974168,0.15,363.71667803081885,4.304572766062822,2.059000000000002,0.022925958931556085,2.059000000000002,0.0,0.022917651,0.15
3.968259664047169,1.2750604589082548,0.15,363.6925128592585,4.304506606975228,2.060000000000002,0.02292595893155609,2.060000000000002,0.0,0.022917651,0.15
3.968407562418679,1.2759303363265488,0.15,363.6684559135383,4.304440215830583,2.0610000000000017,0.02292595893155609,2.0610000000000017,0.0,0.022917651,0.15
3.9685554226957414,1.276800294693769,0.15,363.64450778712524,4.3043735913563825,2.0620000000000016,0.02292595893155609,2.0620000000000016,0.0,0.022917651,0.15
3.96870324466908,1.2776703344546205,0.15,363.62066907783316,4.3043067322707955,2.063000000000002,0.02292595893155609,2.063000000000002,0.0,0.022917651,0.15
3.968851028127881,1.2785404560570695,0.15,363.5969403878631,4.304239637282589,2.0640000000000023,0.022925958931556085,2.064000000000002,0.0,0.022917651,0.15
3.968998772859781,1.2794106599523776,0.15,363.5733223238433,4.304172305091034,2.0650000000000017,0.022925958931556085,2.0650000000000017,0.0,0.022917651,0.15
3.9691465864338453,1.2802814592027045,0.15,363.5501915511549,4.304104653142449,2.0660000000000016,0.02292595893155609,2.0660000000000016,0.0,0.022917651,0.15
3.9692943720485276,1.2811523929574722,0.15,363.5272062078629,4.304036754870364,2.067000000000002,0.02292595893155609,2.067000000000002,0.0,0.022917651,0.15
3.9694421199771353,1.2820234163318958,0.15,363.50433344776866,4.303968616232147,2.068000000000002,0.02292595893155609,2.068000000000002,0.0,0.022917651,0.15
3.9695898300139745,1.2828945298151215,0.15,363.48157388535395,4.3039002359158705,2.0690000000000017,0.022925958931556085,2.0690000000000017,0.0,0.022917651,0.15
3.9697375019518564,1.2837657338998618,0.15,363.4589281395805,4.303831612600047,2.070000000000002,0.022925958931556085,2.0700000000000016,0.0,0.022917651,0.15
3.969885135582076,1.2846370290824283,0.15,363.43639683393064,4.303762744953535,2.0710000000000015,0.022925958931556085,2.071000000000002,0.0,0.022917651,0.15
3.9700327306944017,1.285508415862763,0.15,363.4139805964494,4.303693631635455,2.072000000000002,0.022925958931556085,2.072000000000002,0.0,0.022917651,0.15
3.9701802870770604,1.2863798947444738,0.15,363.39168005978524,4.303624271295095,2.073000000000002,0.02292595893155609,2.0730000000000017,0.0,0.022917651,0.15
3.9703278045167245,1.2872514662348666,0.15,363.3694958612334,4.303554662571825,2.0740000000000016,0.02292595893155609,2.0740000000000016,0.0,0.022917651,0.15
3.9704752827984957,1.2881231308449814,0.15,363.3474286427778,4.303484804095002,2.075000000000002,0.022925958931556085,2.075000000000002,0.0,0.022917651,0.15
3.9706227217058934,1.2889948890896228,0.15,363.32547905113483,4.303414694483883,2.076000000000002,0.02292595893155609,2.076000000000002,0.0,0.022917651,0.15
3.9707701210208377,1.2898667414873994,0.15,363.30364773779667,4.303344332347525,2.0770000000000017,0.02292595893155609,2.0770000000000017,0.0,0.022917651,0.15
3.9709174805236325,1.2907386885607552,0.15,363.2819353590754,4.3032737162846955,2.0780000000000016,0.02292595893155609,2.0780000000000016,0.0,0.022917651,0.15
3.9710647999929574,1.2916107308360076,0.15,363.2603425761482,4.303202844883776,2.079000000000002,0.02292595893155609,2.079000000000002,0.0,0.022917651,0.15
3.9712120792058463,1.2924828688433816,0.15,363.23887005510187,4.303131716722665,2.080000000000002,0.02292595893155609,2.080000000000002,0.0,0.022917651,0.15
3.971359317937674,1.2933551031170476,0.15,363.2175184669787,4.303060330368682,2.0810000000000017,0.02292595893155609,2.0810000000000017,0.0,0.022917651,0.15
3.971506515962143,1.2942274341951572,0.15,363.196288487823,4.302988684378465,2.0820000000000016,0.02292595893155609,2.0820000000000016,0.0,0.022917651,0.15
3.971653673051263,1.2950998626198813,0.15,363.17518079872707,4.3029167772978765,2.083000000000002,0.02292595893155609,2.083000000000002,0.0,0.022917651,0.15
3.97180078897534,1.295972388937446,0.15,363.15419608587933,4.302844607661898,2.0840000000000023,0.02292595893155609,2.084000000000002,0.0,0.022917651,0.15
3.9719478635029586,1.2968450136981722,0.15,363.1333350406111,4.302772173994532,2.0850000000000017,0.022925958931556085,2.0850000000000017,0.0,0.022917651,0.15
3.9720948964009635,1.2977177374565143,0.15,363.11259835944566,4.302699474808693,2.0860000000000016,0.022925958931556085,2.0860000000000016,0.0,0.022917651,0.15
3.9722418874344476,1.298590560771097,0.15,363.0919867441464,4.302626508606111,2.0870000000000024,0.02292595893155609,2.087000000000002,0.0,0.022917651,0.15
3.972388836366731,1.299463484204756,0.15,363.07150090176714,4.30255327387722,2.088000000000002,0.02292595893155609,2.088000000000002,0.0,0.022917651,0.15
3.972535742959349,1.3003365083245788,0.15,363.0511415447009,4.302479769101055,2.0890000000000017,0.022925958931556085,2.0890000000000017,0.0,0.022917651,0.15
3.9726826069720285,1.3012096337019428,0.15,363.03090939073127,4.30240599274514,2.0900000000000016,0.02292595893155609,2.0900000000000016,0.0,0.022917651,0.15
3.97282942816268,1.302082860912557,0.15,363.01080516308315,4.302331943265385,2.091000000000002,0.02292595893155609,2.091000000000002,0.0,0.022917651,0.15
3.97297620628737,1.3029561905365026,0.15,362.99082959047456,4.302257619105969,2.092000000000002,0.02292595893155609,2.092000000000002,0.0,0.022917651,0.15
3.973122941100313,1.303829623158276,0.15,362.97098340716855,4.3021830186992345,2.093000000000002,0.02292595893155609,2.0930000000000017,0.0,0.022917651,0.15
3.9732696323538472,1.3047031593668292,0.15,362.9512673530266,4.302108140465571,2.0940000000000016,0.02292595893155609,2.0940000000000016,0.0,0.022917651,0.15
3.9734162797984207,1.305576799755614,0.15,362.9316821735615,4.302032982813302,2.095000000000002,0.02292595893155609,2.095000000000002,0.0,0.022917651,0.15
3.9735628831825704,1.3064505449226218,0.15,362.9122286199919,4.301957544138569,2.0960000000000023,0.02292595893155609,2.096000000000002,0.0,0.022917651,0.15
3.9737094422529045,1.3073243954704317,0.15,362.89290744929656,4.301881822825214,2.0970000000000018,0.02292595893155609,2.0970000000000018,0.0,0.022917651,0.15
3.9738559567540865,1.3081983520062512,0.15,362.8737194242702,4.301805817244666,2.0980000000000016,0.02292595893155609,2.0980000000000016,0.0,0.022917651,0.15
3.9740024264288123,1.3090724151419622,0.15,362.85466531357866,4.301729525755815,2.099000000000002,0.02292595893155609,2.099000000000002,0.0,0.022917651,0.15
3.9741488510177954,1.309946585494165,0.15,362.8357458918169,4.301652946704895,2.100000000000002,0.022925958931556085,2.100000000000002,0.0,0.022917651,0.15
3.9742889242667396,1.3107678343883455,0.15,362.94628727145454,4.301594024871493,2.1010000000000018,0.022925958968817325,2.1010000000000018,0.0,0.022917651,0.15
3.9744289128529076,1.3115891975746892,0.15,363.05702403301433,4.301534650101517,2.1020000000000016,0.022925959006078557,2.1020000000000016,0.0,0.022917651,0.15
3.9745688163641373,1.3124106756096034,0.15,363.16795712767134,4.301474820189941,2.103000000000002,0.022925959043339796,2.103000000000002,0.0,0.022917651,0.15
3.974708634385585,1.3132322690531117,0.15,363.2790875127849,4.301414532917402,2.104000000000002,0.02292595908060103,2.104000000000002,0.0,0.022917651,0.15
3.9748483664997085,1.3140539784688863,0.15,363.3904161519488,4.30135378605009,2.1050000000000018,0.02292595911786226,2.1050000000000018,0.0,0.022917651,0.15
3.9749880122862398,1.3148758044242752,0.15,363.50194401504217,4.301292577339618,2.1060000000000016,0.022925959155123497,2.1060000000000016,0.0,0.022917651,0.15
3.975127571322166,1.315697747490334,0.15,363.6136720782809,4.30123090452291,2.107000000000002,0.02292595919238473,2.107000000000002,0.0,0.022917651,0.15
3.975267043181705,1.3165198082418537,0.15,363.7256013242691,4.301168765322085,2.1080000000000023,0.02292595922964597,2.108000000000002,0.0,0.022917651,0.15
3.9754064274362833,1.3173419872573942,0.15,363.837732742052,4.301106157444324,2.1090000000000018,0.0229259592669072,2.1090000000000018,0.0,0.022917651,0.15
3.975545723654517,1.3181642851193143,0.15,363.9500673271685,4.301043078581761,2.1100000000000017,0.022925959304168436,2.1100000000000017,0.0,0.022917651,0.15
3.9756849314021814,1.318986702413802,0.15,364.0626060817045,4.300979526411347,2.1110000000000024,0.022925959341429672,2.111000000000002,0.0,0.022917651,0.15
3.9758240502421933,1.3198092397309067,0.15,364.1753500143468,4.3009154985947315,2.112000000000002,0.0229259593786909,2.112000000000002,0.0,0.022917651,0.15
3.9759630797345857,1.3206318976645712,0.15,364.28830014043785,4.30085099277814,2.113000000000002,0.022925959415952143,2.1130000000000018,0.0,0.022917651,0.15
3.9761020194364813,1.3214546768126632,0.15,364.40145748203037,4.300786006592234,2.1140000000000017,0.022925959453213376,2.1140000000000017,0.0,0.022917651,0.15
3.976240868902075,1.3222775777770097,0.15,364.5148230679432,4.300720537651998,2.115000000000002,0.022925959490474608,2.115000000000002,0.0,0.022917651,0.15
3.9763796276826042,1.3231006011634265,0.15,364.628397933817,4.300654583556597,2.116000000000002,0.022925959527735844,2.116000000000002,0.0,0.022917651,0.15
3.9765182953263225,1.3239237475817542,0.15,364.74218312217135,4.300588141889248,2.1170000000000018,0.02292595956499708,2.1170000000000018,0.0,0.022917651,0.15
3.9766568899426047,1.3247470877116694,0.15,364.8562219689458,4.300521214392751,2.1180000000000017,0.02292595960225832,2.1180000000000017,0.0,0.022917651,0.15
3.976795788543078,1.3255720339201558,0.15,364.97136703661687,4.300453896430842,2.1190000000000024,0.022925959639519555,2.119000000000002,0.0,0.022917651,0.15
3.9769346027580723,1.326397110771854,0.15,365.0867280391767,4.300386110266193,2.120000000000002,0.022925959676780783,2.120000000000002,0.0,0.022917651,0.15
3.977073332193798,1.3272223188764198,0.15,365.202305984301,4.3003178537139,2.121000000000002,0.02292595971404202,2.1210000000000018,0.0,0.022917651,0.15
3.9772119764540106,1.3280476588473091,0.15,365.31810188594505,4.300249124575449,2.1220000000000017,0.02292595975130325,2.1220000000000017,0.0,0.022917651,0.15
3.977350535139992,1.3288731313018065,0.15,365.4341167643927,4.300179920638598,2.1230000000000024,0.022925959788564487,2.123000000000002,0.0,0.022917651,0.15
3.9774890078505307,1.3296987368610536,0.15,365.55035164630584,4.30011023967728,2.124000000000002,0.022925959825825723,2.124000000000002,0.0,0.022917651,0.15
3.977627394181905,1.330524476150083,0.15,365.66680756477456,4.300040079451487,2.1250000000000018,0.02292595986308696,2.1250000000000018,0.0,0.022917651,0.15
3.9777656937278603,1.3313503497978456,0.15,365.7834855593671,4.299969437707167,2.1260000000000017,0.02292595990034819,2.1260000000000017,0.0,0.022917651,0.15
3.9779039060795913,1.332176358437244,0.15,365.9003866761808,4.299898312176109,2.127000000000002,0.022925959937609423,2.127000000000002,0.0,0.022917651,0.15
3.9780420308257196,1.33300250270516,0.15,366.0175119678941,4.299826700575835,2.128000000000002,0.02292595997487066,2.128000000000002,0.0,0.022917651,0.15
3.9781800675522767,1.3338287832424895,0.15,366.13486249381725,4.299754600609483,2.129000000000002,0.022925960012131895,2.129000000000002,0.0,0.022917651,0.15
3.9783180158426803,1.3346552006941728,0.15,366.2524393199456,4.2996820099657045,2.1300000000000017,0.022925960049393127,2.1300000000000017,0.0,0.022917651,0.15
3.978455875277716,1.3354817557092262,0.15,366.37024351901186,4.299608926318531,2.131000000000002,0.022925960086654366,2.131000000000002,0.0,0.022917651,0.15
3.9785936454355157,1.3363084489407742,0.15,366.4882761705397,4.299535347327281,2.1320000000000014,0.0229259601239156,2.132000000000002,0.0,0.022917651,0.15
3.978731325891536,1.3371352810460828,0.15,366.6065383608972,4.299461270636425,2.133000000000002,0.022925960161176834,2.133000000000002,0.0,0.022917651,0.15
3.9788689162185378,1.3379622526865917,0.15,366.7250311833517,4.299386693875477,2.1340000000000017,0.022925960198438067,2.1340000000000017,0.0,0.022917651,0.15
3.979006415986564,1.338789364527949,0.15,366.8437557381244,4.299311614658872,2.135000000000002,0.022925960235699303,2.135000000000002,0.0,0.022917651,0.15
3.9791438247629176,1.3396166172400406,0.15,366.96271313244546,4.299236030585847,2.136000000000002,0.02292596027296054,2.136000000000002,0.0,0.022917651,0.15
3.979281142112143,1.3404440114970297,0.15,367.0819044806105,4.299159939240323,2.137000000000002,0.022925960310221774,2.137000000000002,0.0,0.022917651,0.15
3.9794183675959998,1.3412715479773873,0.15,367.20133090403635,4.299083338190778,2.1380000000000017,0.02292596034748301,2.1380000000000017,0.0,0.022917651,0.15
3.979555500773442,1.3420992273639276,0.15,367.32099353131883,4.299006224990123,2.1390000000000025,0.022925960384744246,2.139000000000002,0.0,0.022917651,0.15
3.9796925412005972,1.342927050343841,0.15,367.44089349828954,4.29892859717558,2.140000000000002,0.022925960422005478,2.140000000000002,0.0,0.022917651,0.15
3.9798294884307412,1.3437550176087338,0.15,367.56103194807423,4.298850452268559,2.141000000000002,0.022925960459266714,2.141000000000002,0.0,0.022917651,0.15
3.9799663420142783,1.3445831298546593,0.15,367.6814100311518,4.298771787774523,2.1420000000000017,0.02292596049652795,2.1420000000000017,0.0,0.022917651,0.15
3.980103101498713,1.3454113877821552,0.15,367.8020289054129,4.2986926011828634,2.1430000000000025,0.02292596053378919,2.143000000000002,0.0,0.022917651,0.15
3.980239766428633,1.3462397920962794,0.15,367.92288973622,4.298612889966776,2.1440000000000023,0.022925960571050417,2.144000000000002,0.0,0.022917651,0.15
3.9803763363456803,1.347068343506648,0.15,368.0439936964679,4.298532651583118,2.145000000000002,0.022925960608311653,2.145000000000002,0.0,0.022917651,0.15
3.980512810788531,1.3478970427274704,0.15,368.1653419666446,4.298451883472288,2.1460000000000017,0.02292596064557289,2.1460000000000017,0.0,0.022917651,0.15
3.9806491892928704,1.348725890477587,0.15,368.28693573489255,4.298370583058085,2.147000000000002,0.02292596068283412,2.147000000000002,0.0,0.022917651,0.15
3.9807854713913646,1.3495548874805072,0.15,368.40877619707123,4.298288747747575,2.1480000000000015,0.022925960720095357,2.148000000000002,0.0,0.022917651,0.15
3.980921656613644,1.3503840344644469,0.15,368.5308645568196,4.298206374930958,2.1490000000000022,0.02292596075735659,2.149000000000002,0.0,0.022917651,0.15
3.9810580222595826,1.3512146846032906,0.15,368.6539721610224,4.298123221153219,2.1500000000000017,0.022925960794617825,2.1500000000000017,0.0,0.022917651,0.15
3.9811943797014755,1.3520459089929948,0.15,368.7775647346947,4.298039460476138,2.1510000000000025,0.02292596083187906,2.151000000000002,0.0,0.022917651,0.15
3.981330644931545,1.3528772997288696,0.15,368.9014099406342,4.297955164619759,2.1520000000000015,0.022925960869140297,2.152000000000002,0.0,0.022917651,0.15
3.981466817514062,1.3537088575969465,0.15,369.0255089725976,4.297870331055211,2.153000000000002,0.022925960906401532,2.153000000000002,0.0,0.022917651,0.15
3.981602897010554,1.354540583388217,0.15,369.1498630318747,4.297784957237671,2.1540000000000017,0.022925960943662768,2.1540000000000017,0.0,0.022917651,0.15
3.981738882979772,1.3553724778986718,0.15,369.2744733273477,4.297699040606226,2.155000000000002,0.022925960980923997,2.155000000000002,0.0,0.022917651,0.15
3.9818747749776757,1.3562045419293396,0.15,369.39934107555126,4.297612578583752,2.156000000000002,0.022925961018185233,2.156000000000002,0.0,0.022917651,0.15
3.982010572557411,1.3570367762863296,0.15,369.52446750073335,4.297525568576789,2.157000000000002,0.02292596105544647,2.157000000000002,0.0,0.022917651,0.15
3.9821462752692827,1.3578691817808688,0.15,369.6498538349163,4.297438007975406,2.1580000000000017,0.022925961092707704,2.1580000000000017,0.0,0.022917651,0.15
3.9822818826607405,1.3587017592293449,0.15,369.775501317959,4.2973498941530694,2.1590000000000025,0.02292596112996894,2.159000000000002,0.0,0.022917651,0.15
3.9824173942763434,1.3595345094533449,0.15,369.9014111976185,4.297261224466515,2.160000000000002,0.022925961167230176,2.160000000000002,0.0,0.022917651,0.15
3.9825528096577516,1.3603674332796996,0.15,370.02758472961386,4.297171996255616,2.161000000000002,0.02292596120449141,2.161000000000002,0.0,0.022917651,0.15
3.982688128343693,1.361200531540524,0.15,370.15402317768917,4.297082206843237,2.1620000000000017,0.022925961241752644,2.1620000000000017,0.0,0.022917651,0.15
3.9828233498699426,1.3620338050732594,0.15,370.2807278136783,4.296991853535111,2.1630000000000025,0.02292596127901388,2.163000000000002,0.0,0.022917651,0.15
3.9829584737692993,1.3628672547207155,0.15,370.407699917569,4.296900933619698,2.164000000000002,0.022925961316275112,2.164000000000002,0.0,0.022917651,0.15
3.983093499571562,1.363700881331115,0.15,370.53494077756903,4.29680944436804,2.165000000000002,0.022925961353536348,2.165000000000002,0.0,0.022917651,0.15
3.983228426803506,1.3645346857581366,0.15,370.66245169017196,4.29671738303363,2.1660000000000017,0.022925961390797583,2.1660000000000017,0.0,0.022917651,0.15
3.9833632549888556,1.3653686688609594,0.15,370.79023396022404,4.296624746852267,2.167000000000002,0.022925961428058816,2.167000000000002,0.0,0.022917651,0.15
3.9834979836482654,1.3662028315043049,0.15,370.9182889009912,4.296531533041911,2.168000000000002,0.02292596146532005,2.168000000000002,0.0,0.022917651,0.15
3.983632612299287,1.3670371745584844,0.15,371.0466178342274,4.296437738802541,2.169000000000002,0.022925961502581287,2.169000000000002,0.0,0.022917651,0.15
3.983767140456354,1.3678716988994435,0.15,371.17522209024355,4.296343361316013,2.1700000000000017,0.02292596153984252,2.1700000000000017,0.0,0.022917651,0.15
3.9839015676307468,1.3687064054088078,0.15,371.3041030079762,4.296248397745906,2.171000000000002,0.022925961577103755,2.171000000000002,0.0,0.022917651,0.15
3.9840358933305757,1.3695412949739283,0.15,371.43326193505806,4.296152845237377,2.172000000000002,0.02292596161436499,2.172000000000002,0.0,0.022917651,0.15
3.9841701170607484,1.3703763684879284,0.15,371.5627002278886,4.296056700917015,2.1730000000000023,0.022925961651626227,2.173000000000002,0.0,0.022917651,0.15
3.9843042383229474,1.3712116268497516,0.15,371.6924192517056,4.295959961892682,2.1740000000000017,0.022925961688887463,2.1740000000000017,0.0,0.022917651,0.15
3.984438256615603,1.372047070964208,0.15,371.82242038065675,4.295862625253367,2.175000000000002,0.02292596172614869,2.175000000000002,0.0,0.022917651,0.15
3.984572171433866,1.3728827017420224,0.15,371.952704997873,4.295764688069028,2.176000000000002,0.02292596176340993,2.176000000000002,0.0,0.022917651,0.15
3.9847059822695847,1.3737185200998834,0.15,372.08327449554207,4.29566614739044,2.1770000000000023,0.022925961800671163,2.177000000000002,0.0,0.022917651,0.15
3.9848397857760163,1.3745548810144228,0.15,372.2143678852926,4.295567034871425,2.1780000000000017,0.0229259618379324,2.1780000000000017,0.0,0.022917651,0.15
3.9849738281279072,1.3753926791397573,0.15,372.34657494911784,4.29546744058398,2.179000000000002,0.022925961875193634,2.179000000000002,0.0,0.022917651,0.15
3.9851077747051695,1.3762306945840814,0.15,372.479070452028,4.295367245869127,2.1800000000000015,0.022925961912454867,2.180000000000002,0.0,0.022917651,0.15
3.9852416250556324,1.3770689283734014,0.15,372.6118557558004,4.2952664478921285,2.181000000000002,0.022925961949716103,2.181000000000002,0.0,0.022917651,0.15
3.985375378724276,1.377907381540191,0.15,372.7449322307982,4.295165043800381,2.182000000000002,0.02292596198697734,2.1820000000000017,0.0,0.022917651,0.15
3.985509035253202,1.3787460551234447,0.15,372.87830125603824,4.295063030723258,2.183000000000002,0.022925962024238574,2.183000000000002,0.0,0.022917651,0.15
3.9856425941816225,1.3795849501687274,0.15,373.01196421925897,4.294960405771985,2.184000000000002,0.02292596206149981,2.184000000000002,0.0,0.022917651,0.15
3.985776055045825,1.3804240677282287,0.15,373.14592251699025,4.294857166039483,2.185000000000002,0.022925962098761046,2.185000000000002,0.0,0.022917651,0.15
3.985909417379159,1.3812634088608133,0.15,373.2801775546226,4.294753308600232,2.186000000000002,0.022925962136022278,2.1860000000000017,0.0,0.022917651,0.15
3.9860426807120066,1.3821029746320757,0.15,373.41473074647774,4.294648830510115,2.187000000000002,0.022925962173283514,2.187000000000002,0.0,0.022917651,0.15
3.98617584457176,1.3829427661143916,0.15,373.5495835158794,4.294543728806282,2.188000000000002,0.02292596221054475,2.188000000000002,0.0,0.022917651,0.15
3.986308908482799,1.3837827843869746,0.15,373.68473729522555,4.294438000506989,2.189000000000002,0.02292596224780598,2.189000000000002,0.0,0.022917651,0.15
3.9864418719664676,1.3846230305359293,0.15,373.82019352606045,4.294331642611455,2.190000000000002,0.022925962285067217,2.1900000000000017,0.0,0.022917651,0.15
3.986574734541047,1.385463505654306,0.15,373.95595365914784,4.2942246520997065,2.191000000000002,0.02292596232232845,2.191000000000002,0.0,0.022917651,0.15
3.9867074957217334,1.386304210842157,0.15,374.0920191545447,4.294117025932425,2.192000000000002,0.022925962359589686,2.192000000000002,0.0,0.022917651,0.15
3.9868401550206123,1.387145147206593,0.15,374.2283914816761,4.294008761050792,2.193000000000002,0.02292596239685092,2.193000000000002,0.0,0.022917651,0.15
3.9869727119466334,1.3879863158618393,0.15,374.36507211941,4.293899854376329,2.194000000000002,0.022925962434112154,2.1940000000000017,0.0,0.022917651,0.15
3.987105166005587,1.3888277179292936,0.15,374.50206255613375,4.293790302810748,2.1950000000000025,0.02292596247137339,2.195000000000002,0.0,0.022917651,0.15
3.9872375167000746,1.3896693545375818,0.15,374.6393642898301,4.293680103235778,2.1960000000000024,0.022925962508634625,2.196000000000002,0.0,0.022917651,0.15
3.987369763529487,1.3905112268226199,0.15,374.7769788281552,4.293569252513019,2.197000000000002,0.022925962545895857,2.197000000000002,0.0,0.022917651,0.15
3.9875019059899786,1.3913533359276695,0.15,374.91490768851696,4.2934577474837665,2.1980000000000017,0.022925962583157093,2.1980000000000017,0.0,0.022917651,0.15
3.9876339435744366,1.3921956830034006,0.15,375.0531523981536,4.293345584968857,2.199000000000002,0.02292596262041833,2.199000000000002,0.0,0.022917651,0.15
3.9877658757724603,1.3930382692079473,0.15,375.19171449421276,4.293232761768494,2.200000000000002,0.02292596265767956,2.200000000000002,0.0,0.022917651,0.15
3.9878939780377274,1.393828260734134,0.15,375.16722374141955,4.293148230861445,2.2010000000000023,0.02292596265767956,2.201000000000002,0.0,0.022917651,0.15
3.9880220502821264,1.3946183550966653,0.15,375.142870924558,4.293063477033838,2.202000000000002,0.022925962657679558,2.2020000000000017,0.0,0.022917651,0.15
3.9881500923958435,1.395408552671715,0.15,375.11865654819604,4.2929784994702365,2.203000000000002,0.022925962657679565,2.203000000000002,0.0,0.022917651,0.15
3.988278104268525,1.3961988538372936,0.15,375.0945811193649,4.292893297351216,2.2040000000000024,0.022925962657679568,2.204000000000002,0.0,0.022917651,0.15
3.9884060857892787,1.3969892589732598,0.15,375.0706451475751,4.292807869853346,2.205000000000002,0.02292596265767956,2.205000000000002,0.0,0.022917651,0.15
3.988534036846672,1.3977797684613327,0.15,375.04684914483147,4.292722216149172,2.2060000000000017,0.02292596265767956,2.2060000000000017,0.0,0.022917651,0.15
3.988661957328723,1.3985703826851017,0.15,375.0231936256483,4.2926363354071775,2.207000000000002,0.022925962657679565,2.207000000000002,0.0,0.022917651,0.15
3.9887898471229017,1.399361102030038,0.15,374.99967910706425,4.292550226791765,2.2080000000000024,0.022925962657679565,2.208000000000002,0.0,0.022917651,0.15
3.988917706116125,1.4001519268835074,0.15,374.9763061086589,4.292463889463234,2.2090000000000023,0.022925962657679565,2.209000000000002,0.0,0.022917651,0.15
3.9890456039329543,1.4009431913924946,0.15,374.95325080584297,4.292377267683993,2.2100000000000017,0.022925962657679565,2.2100000000000017,0.0,0.022917651,0.15
3.9891736032477225,1.4017351980875512,0.15,374.930660814269,4.292290309551332,2.211000000000002,0.02292596265767956,2.211000000000002,0.0,0.022917651,0.15
3.989301578583133,1.40252734816037,0.15,374.9082155517587,4.292203112129176,2.212000000000002,0.022925962657679565,2.212000000000002,0.0,0.022917651,0.15
3.9894295298533464,1.4033196421242096,0.15,374.8859155364066,4.292115674560928,2.213000000000002,0.022925962657679565,2.213000000000002,0.0,0.022917651,0.15
3.989557456972112,1.4041120804947786,0.15,374.86376128878277,4.292027995985896,2.214000000000002,0.022925962657679568,2.2140000000000017,0.0,0.022917651,0.15
3.9896853598527664,1.404904663790255,0.15,374.84175333194804,4.291940075539271,2.215000000000002,0.022925962657679565,2.215000000000002,0.0,0.022917651,0.15
3.9898132384082317,1.4056973925312979,0.15,374.81989219146914,4.291851912352103,2.216000000000002,0.022925962657679565,2.216000000000002,0.0,0.022917651,0.15
3.989941092551012,1.4064902672410635,0.15,374.7981783954329,4.291763505551273,2.217000000000002,0.022925962657679565,2.217000000000002,0.0,0.022917651,0.15
3.9900689221931924,1.4072832884452207,0.15,374.77661247446207,4.291674854259468,2.2180000000000017,0.022925962657679565,2.2180000000000017,0.0,0.022917651,0.15
3.9901967272464325,1.408076456671965,0.15,374.75519496173024,4.291585957595162,2.219000000000002,0.022925962657679565,2.219000000000002,0.0,0.022917651,0.15
3.99032450762197,1.4088697724520336,0.15,374.73392639297737,4.2914968146725805,2.2200000000000024,0.02292596265767956,2.220000000000002,0.0,0.022917651,0.15
3.990452263230612,1.4096632363187223,0.15,374.712807306525,4.291407424601685,2.221000000000002,0.022925962657679558,2.221000000000002,0.0,0.022917651,0.15
3.9905799939827378,1.4104568488079001,0.15,374.6918382432923,4.291317786488139,2.2220000000000018,0.02292596265767956,2.2220000000000018,0.0,0.022917651,0.15
3.9907076997882927,1.4112506104580236,0.15,374.671019746811,4.291227899433289,2.223000000000002,0.022925962657679568,2.223000000000002,0.0,0.022917651,0.15
3.9908353805567858,1.4120445218101538,0.15,374.65035236324184,4.291137762534132,2.224000000000002,0.022925962657679565,2.224000000000002,0.0,0.022917651,0.15
3.990963036197288,1.4128385834079729,0.15,374.6298366413902,4.291047374883297,2.225000000000002,0.022925962657679565,2.225000000000002,0.0,0.022917651,0.15
3.991090666618431,1.4136327957977974,0.15,374.6094731327225,4.290956735569009,2.226000000000002,0.022925962657679565,2.2260000000000018,0.0,0.022917651,0.15
3.9912182717284015,1.4144271595285973,0.15,374.58926239138134,4.290865843675069,2.227000000000002,0.022925962657679565,2.227000000000002,0.0,0.022917651,0.15
3.9913458514349403,1.4152216751520084,0.15,374.5692049742031,4.290774698280826,2.228000000000002,0.022925962657679565,2.228000000000002,0.0,0.022917651,0.15
3.991473405645339,1.416016343222353,0.15,374.5493014407335,4.290683298461149,2.229000000000002,0.022925962657679565,2.229000000000002,0.0,0.022917651,0.15
3.9916009342664385,1.416811164296652,0.15,374.529552353244,4.2905916432863975,2.2300000000000018,0.022925962657679565,2.2300000000000018,0.0,0.022917651,0.15
3.991728437204625,1.4176061389346464,0.15,374.5099582767491,4.290499731822402,2.231000000000002,0.022925962657679565,2.231000000000002,0.0,0.022917651,0.15
3.9918559143658268,1.4184012676988065,0.15,374.4905197790224,4.290407563130425,2.2320000000000024,0.022925962657679565,2.232000000000002,0.0,0.022917651,0.15
3.9919833656555133,1.419196551154356,0.15,374.47123743061377,4.290315136267141,2.2330000000000023,0.022925962657679565,2.233000000000002,0.0,0.022917651,0.15
3.9921107909786886,1.4199919898692845,0.15,374.4521118048664,4.290222450284608,2.2340000000000018,0.022925962657679565,2.2340000000000018,0.0,0.022917651,0.15
3.992238190239894,1.4207875844143671,0.15,374.43314347793375,4.290129504230234,2.2350000000000025,0.022925962657679565,2.235000000000002,0.0,0.022917651,0.15
3.9923655633432027,1.421583335363178,0.15,374.414333028797,4.290036297146753,2.236000000000002,0.022925962657679565,2.236000000000002,0.0,0.022917651,0.15
3.9924929101922135,1.4223792432921112,0.15,374.3956810392821,4.289942828072199,2.237000000000002,0.022925962657679565,2.237000000000002,0.0,0.022917651,0.15
3.9926202306900533,1.423175308780396,0.15,374.3771880940775,4.28984909603987,2.2380000000000018,0.022925962657679565,2.2380000000000018,0.0,0.022917651,0.15
3.9927475247393707,1.4239715324101156,0.15,374.3588547807519,4.2897551000783,2.239000000000002,0.022925962657679565,2.239000000000002,0.0,0.022917651,0.15
3.992874792242335,1.4247679147662224,0.15,374.34068168977154,4.289660839211236,2.2400000000000015,0.022925962657679565,2.240000000000002,0.0,0.022917651,0.15
3.9930020331006317,1.4255644564365593,0.15,374.32266941451866,4.2895663124576044,2.241000000000002,0.022925962657679565,2.241000000000002,0.0,0.022917651,0.15
3.9931292472154607,1.426361158011873,0.15,374.304818551309,4.289471518831476,2.2420000000000018,0.022925962657679565,2.2420000000000018,0.0,0.022917651,0.15
3.993256434487533,1.4271580200858378,0.15,374.28712969941034,4.2893764573420485,2.243000000000002,0.022925962657679565,2.243000000000002,0.0,0.022917651,0.15
3.993383594817066,1.427955043255067,0.15,374.2696034610605,4.289281126993601,2.244000000000002,0.022925962657679565,2.244000000000002,0.0,0.022917651,0.15
3.993510728103784,1.4287522281191374,0.15,374.2522404414862,4.289185526785477,2.2450000000000023,0.022925962657679565,2.245000000000002,0.0,0.022917651,0.15
3.9936378342469134,1.4295495752806031,0.15,374.235041248921,4.289089655712047,2.246000000000002,0.022925962657679565,2.2460000000000018,0.0,0.022917651,0.15
3.9937649131451747,1.4303470853450173,0.15,374.2180064946243,4.288993512762676,2.247000000000002,0.022925962657679565,2.247000000000002,0.0,0.022917651,0.15
3.9938919646967896,1.4311447589209474,0.15,374.20113679290046,4.288897096921699,2.248000000000002,0.022925962657679565,2.248000000000002,0.0,0.022917651,0.15
3.9940189887994695,1.431942596619998,0.15,374.1844327611175,4.288800407168381,2.249000000000002,0.022925962657679565,2.249000000000002,0.0,0.022917651,0.15
3.9941459853504155,1.4327405990568263,0.15,374.167895019726,4.288703442476894,2.2500000000000018,0.02292596265767956,2.2500000000000018,0.0,0.022917651,0.15
3.9942729542463136,1.433538766849164,0.15,374.1515241922788,4.288606201816279,2.2510000000000026,0.022925962657679565,2.251000000000002,0.0,0.022917651,0.15
3.9943998953833346,1.4343371006178331,0.15,374.1353209054502,4.288508684150419,2.252000000000002,0.022925962657679565,2.252000000000002,0.0,0.022917651,0.15
3.994526808657127,1.435135600986769,0.15,374.1192857890556,4.288410888437998,2.2530000000000014,0.022925962657679565,2.253000000000002,0.0,0.022917651,0.15
3.994653693962817,1.4359342685830383,0.15,374.103419476071,4.288312813632478,2.254000000000002,0.022925962657679565,2.254000000000002,0.0,0.022917651,0.15
3.9947805511950043,1.4367331040368578,0.15,374.0877226026531,4.288214458682066,2.255000000000002,0.022925962657679565,2.255000000000002,0.0,0.022917651,0.15
3.9949073802477555,1.437532107981615,0.15,374.07219580815917,4.288115822529669,2.256000000000002,0.022925962657679565,2.256000000000002,0.0,0.022917651,0.15
3.9950341810146073,1.4383312810538884,0.15,374.0568397351673,4.288016904112873,2.2570000000000023,0.022925962657679565,2.257000000000002,0.0,0.022917651,0.15
3.9951609533885555,1.439130623893467,0.15,374.0416550294965,4.287917702363908,2.258000000000002,0.022925962657679565,2.258000000000002,0.0,0.022917651,0.15
3.9952876972620595,1.4399301371433721,0.15,374.02664234022745,4.287818216209607,2.259000000000002,0.022925962657679565,2.259000000000002,0.0,0.022917651,0.15
3.995414412527031,1.4407298214498745,0.15,374.01180231972285,4.287718444571379,2.2600000000000025,0.022925962657679565,2.260000000000002,0.0,0.022917651,0.15
3.9955410990748375,1.441529677462518,0.15,373.9971356236484,4.287618386365172,2.261000000000002,0.022925962657679565,2.261000000000002,0.0,0.022917651,0.15
3.995667756796295,1.4423297058341396,0.15,373.98264291099366,4.287518040501437,2.262000000000002,0.022925962657679565,2.262000000000002,0.0,0.022917651,0.15
3.9957943855816636,1.44312990722089,0.15,373.9683248440929,4.287417405885097,2.263000000000002,0.022925962657679565,2.263000000000002,0.0,0.022917651,0.15
3.995920985320649,1.4439302822822542,0.15,373.95418208864686,4.287316481415506,2.264000000000002,0.022925962657679565,2.264000000000002,0.0,0.022917651,0.15
3.996047555902393,1.444730831681073,0.15,373.94021531374375,4.287215265986422,2.265000000000002,0.022925962657679565,2.265000000000002,0.0,0.022917651,0.15
3.9961738779595612,1.4455313701782675,0.15,373.9271260409242,4.287113067088891,2.2660000000000022,0.022925962657679565,2.266000000000002,0.0,0.022917651,0.15
3.9963000732845173,1.4463319601517455,0.15,373.91444206342607,4.28701030968613,2.267000000000002,0.022925962657679565,2.267000000000002,0.0,0.022917651,0.15
3.996426216321927,1.447132659173946,0.15,373.90191287745836,4.286907234081788,2.268000000000002,0.022925962657679565,2.268000000000002,0.0,0.022917651,0.15
3.9965523068275304,1.4479334677542848,0.15,373.8895392061204,4.286803838789407,2.269000000000002,0.022925962657679565,2.269000000000002,0.0,0.022917651,0.15
3.9966783445555456,1.4487343864053537,0.15,373.87732177702276,4.286700122313252,2.2700000000000022,0.022925962657679565,2.270000000000002,0.0,0.022917651,0.15
3.996804329258656,1.4495354156429485,0.15,373.8652613223217,4.286596083148244,2.271000000000002,0.022925962657679565,2.271000000000002,0.0,0.022917651,0.15
3.9969302606879955,1.4503365559860917,0.15,373.8533585787558,4.28649171977989,2.272000000000002,0.022925962657679565,2.272000000000002,0.0,0.022917651,0.15
3.997056138593139,1.4511378079570598,0.15,373.84161428768067,4.286387030684196,2.273000000000002,0.022925962657679565,2.273000000000002,0.0,0.022917651,0.15
3.9971819627220904,1.4519391720814068,0.15,373.8300291951061,4.28628201432761,2.274000000000002,0.022925962657679565,2.274000000000002,0.0,0.022917651,0.15
3.9973077328212674,1.452740648887993,0.15,373.81860405173217,4.286176669166934,2.275000000000002,0.02292596265767956,2.275000000000002,0.0,0.022917651,0.15
3.997433448635492,1.4535422389090062,0.15,373.8073396129863,4.286070993649249,2.2760000000000025,0.022925962657679565,2.276000000000002,0.0,0.022917651,0.15
3.9975591099079755,1.4543439426799925,0.15,373.79623663906045,4.285964986211847,2.277000000000002,0.022925962657679565,2.277000000000002,0.0,0.022917651,0.15
3.9976847163803093,1.4551457607398817,0.15,373.785295894949,4.285858645282148,2.2780000000000014,0.022925962657679565,2.278000000000002,0.0,0.022917651,0.15
3.9978102677924476,1.4559476936310125,0.15,373.7745181504863,4.285751969277617,2.279000000000002,0.022925962657679565,2.279000000000002,0.0,0.022917651,0.15
3.997935763882698,1.45674974189916,0.15,373.7639041803852,4.285644956605694,2.280000000000002,0.02292596265767956,2.280000000000002,0.0,0.022917651,0.15
3.9980612043877057,1.4575519060935642,0.15,373.7534547642763,4.28553760566371,2.281000000000002,0.022925962657679565,2.281000000000002,0.0,0.022917651,0.15
3.9981865890424433,1.4583541867669572,0.15,373.74317068674577,4.285429914838808,2.282000000000002,0.022925962657679565,2.282000000000002,0.0,0.022917651,0.15
3.9983119175801956,1.45915658447559,0.15,373.7330527373762,4.285321882507861,2.283000000000002,0.022925962657679565,2.283000000000002,0.0,0.022917651,0.15
3.9984371897325457,1.4599590997792609,0.15,373.72310171078556,4.285213507037391,2.284000000000002,0.022925962657679568,2.284000000000002,0.0,0.022917651,0.15
3.9985624052293613,1.4607617332413434,0.15,373.71331840666744,4.2851047867834815,2.2850000000000024,0.022925962657679565,2.285000000000002,0.0,0.022917651,0.15
3.9986875637987835,1.4615644854288177,0.15,373.7037036298321,4.284995720091705,2.286000000000002,0.022925962657679565,2.286000000000002,0.0,0.022917651,0.15
3.9988126651672107,1.4623673569122957,0.15,373.694258190247,4.284886305297028,2.287000000000002,0.022925962657679565,2.287000000000002,0.0,0.022917651,0.15
3.9989377090592866,1.4631703482660514,0.15,373.6849829030785,4.2847765407237315,2.288000000000002,0.022925962657679565,2.288000000000002,0.0,0.022917651,0.15
3.999062695197881,1.4639734600680518,0.15,373.6758785887334,4.284666424685322,2.289000000000002,0.022925962657679565,2.289000000000002,0.0,0.022917651,0.15
3.9991876233040826,1.4647766928999844,0.15,373.6669460729012,4.284555955484447,2.290000000000002,0.022925962657679565,2.290000000000002,0.0,0.022917651,0.15
3.9993124930971793,1.46558004734729,0.15,373.658186186597,4.2844451314128085,2.2910000000000026,0.022925962657679565,2.291000000000002,0.0,0.022917651,0.15
3.999437304294647,1.466383523999189,0.15,373.6495997662038,4.284333950751072,2.292000000000002,0.022925962657679565,2.292000000000002,0.0,0.022917651,0.15
3.999562056612134,1.4671871234487162,0.15,373.6411876535165,4.284222411768776,2.293000000000002,0.022925962657679565,2.293000000000002,0.0,0.022917651,0.15
3.9996867497634434,1.4679908462927493,0.15,373.6329506957858,4.284110512724248,2.2940000000000023,0.022925962657679565,2.294000000000002,0.0,0.022917651,0.15
3.9998113834605222,1.4687946931320401,0.15,373.62488974576166,4.2839982518645074,2.295000000000002,0.022925962657679565,2.295000000000002,0.0,0.022917651,0.15
3.9999359574134434,1.4695986645712462,0.15,373.61700566173926,4.2838856274251755,2.296000000000002,0.022925962657679565,2.296000000000002,0.0,0.022917651,0.15
4.000060471330395,1.4704027612189645,0.15,373.60929930760307,4.283772637630385,2.2970000000000024,0.022925962657679565,2.297000000000002,0.0,0.022917651,0.15
4.000184924917655,1.4712069836877604,0.15,373.6017715528728,4.283659280692682,2.2980000000000023,0.02292596265767956,2.298000000000002,0.0,0.022917651,0.15
4.00030931787959,1.4720113325942028,0.15,373.5944232727497,4.283545554812933,2.299000000000002,0.02292596265767956,2.299000000000002,0.0,0.022917651,0.15
4.000433649918627,1.4728158085588945,0.15,373.58725534816233,4.283431458180235,2.300000000000002,0.02292596265767956,2.300000000000002,0.0,0.022917651,0.15
4.000553337969667,1.4735758630723508,0.15,373.5999015322579,4.2833349895619754,2.301000000000002,0.02292596269631413,2.301000000000002,0.0,0.022917651,0.15
4.000673001164828,1.4743360411927866,0.15,373.61268342538324,4.283238297922171,2.302000000000002,0.022925962734948697,2.302000000000002,0.0,0.022917651,0.15
4.000792639427616,1.4750963433005795,0.15,373.6256014451574,4.283141382574514,2.303000000000002,0.022925962773583265,2.303000000000002,0.0,0.022917651,0.15
4.000912252681231,1.4758567697776683,0.15,373.6386560109147,4.283044242829879,2.304000000000002,0.022925962812217836,2.304000000000002,0.0,0.022917651,0.15
4.001031840848552,1.476617321007564,0.15,373.65184754371364,4.2829468779963085,2.305000000000002,0.022925962850852404,2.305000000000002,0.0,0.022917651,0.15
4.001151403852142,1.477377997375354,0.15,373.6651764663454,4.282849287378993,2.3060000000000014,0.022925962889486968,2.306000000000002,0.0,0.022917651,0.15
4.001270941614245,1.478138799267714,0.15,373.67864320334337,4.282751470280265,2.307000000000002,0.02292596292812154,2.307000000000002,0.0,0.022917651,0.15
4.0013904540567875,1.4788997270729127,0.15,373.6922481809916,4.282653425999578,2.308000000000002,0.022925962966756107,2.308000000000002,0.0,0.022917651,0.15
4.001509941101367,1.4796607811808233,0.15,373.70599182733423,4.2825551538334885,2.3090000000000024,0.022925963005390675,2.309000000000002,0.0,0.022917651,0.15
4.001629402669264,1.4804219619829295,0.15,373.71987457218415,4.2824566530756565,2.3100000000000023,0.022925963044025242,2.310000000000002,0.0,0.022917651,0.15
4.001748838681428,1.481183269872335,0.15,373.7338968471328,4.282357923016808,2.3110000000000026,0.02292596308265981,2.311000000000002,0.0,0.022917651,0.15
4.001868249058484,1.4819447052437709,0.15,373.74805908555857,4.28225896294474,2.312000000000002,0.022925963121294378,2.312000000000002,0.0,0.022917651,0.15
4.001987633720727,1.4827062684936045,0.15,373.7623617226366,4.282159772144293,2.3130000000000015,0.02292596315992895,2.313000000000002,0.0,0.022917651,0.15
4.002107066274344,1.483468152390293,0.15,373.77693802872255,4.282060452384162,2.314000000000002,0.022925963198563513,2.314000000000002,0.0,0.022917651,0.15
4.002226723367597,1.484230825435375,0.15,373.7921095123479,4.281961242017747,2.315000000000002,0.022925963237198078,2.315000000000002,0.0,0.022917651,0.15
4.002346352603753,1.4849936336137173,0.15,373.807423372832,4.281861785083612,2.316000000000002,0.02292596327583265,2.316000000000002,0.0,0.022917651,0.15
4.002465953889751,1.4857565773767392,0.15,373.82288008579246,4.281762080758082,2.317000000000002,0.022925963314467217,2.317000000000002,0.0,0.022917651,0.15
4.002585527132119,1.4865196571778738,0.15,373.8384801289676,4.281662128213814,2.3180000000000023,0.022925963353101788,2.318000000000002,0.0,0.022917651,0.15
4.002705072236966,1.4872828734725783,0.15,373.8542239822281,4.281561926619767,2.3190000000000026,0.022925963391736352,2.319000000000002,0.0,0.022917651,0.15
4.002824589109984,1.488046226718344,0.15,373.8701121275894,4.2814614751411915,2.3200000000000025,0.02292596343037092,2.320000000000002,0.0,0.022917651,0.15
4.002944077656439,1.4888097173747106,0.15,373.8861450492235,4.281360772939597,2.3210000000000024,0.022925963469005488,2.321000000000002,0.0,0.022917651,0.15
4.003063537781176,1.4895733459032754,0.15,373.9023232334707,4.2812598191727425,2.322000000000002,0.022925963507640056,2.322000000000002,0.0,0.022917651,0.15
4.003182969388612,1.490337112767706,0.15,373.91864716885254,4.28115861299461,2.323000000000002,0.022925963546274623,2.323000000000002,0.0,0.022917651,0.15
4.003302372382733,1.49110101843375,0.15,373.93511734608325,4.2810571535553805,2.324000000000002,0.022925963584909195,2.324000000000002,0.0,0.022917651,0.15
4.0034217466671,1.49186506336925,0.15,373.9517342580824,4.280955440001418,2.325000000000002,0.02292596362354376,2.325000000000002,0.0,0.022917651,0.15
4.0035410921448324,1.4926292480441523,0.15,373.96849839998737,4.280853471475244,2.3260000000000023,0.022925963662178327,2.326000000000002,0.0,0.022917651,0.15
4.003660408718617,1.4933935729305203,0.15,373.9854102691658,4.280751247115522,2.327000000000002,0.022925963700812898,2.327000000000002,0.0,0.022917651,0.15
4.003779696290701,1.494158038502546,0.15,374.00247036522785,4.280648766057028,2.328000000000002,0.022925963739447462,2.328000000000002,0.0,0.022917651,0.15
4.003898954762892,1.4949226452365618,0.15,374.0196791900394,4.28054602743063,2.329000000000002,0.02292596377808203,2.329000000000002,0.0,0.022917651,0.15
4.004018184036552,1.4956873936110537,0.15,374.0370372477345,4.280443030363274,2.330000000000002,0.0229259638167166,2.330000000000002,0.0,0.022917651,0.15
4.004137384012596,1.496452284106672,0.15,374.05454504472783,4.280339773977951,2.3310000000000017,0.022925963855351165,2.331000000000002,0.0,0.022917651,0.15
4.0042565545914925,1.497217317206245,0.15,374.07220308972853,4.28023625739368,2.332000000000002,0.022925963893985733,2.332000000000002,0.0,0.022917651,0.15
4.0043756956732555,1.4979824933947887,0.15,374.0900118937523,4.280132479725488,2.3330000000000015,0.0229259639326203,2.333000000000002,0.0,0.022917651,0.15
4.0044948071574495,1.498747813159523,0.15,374.10797197013505,4.28002844008438,2.334000000000002,0.02292596397125487,2.334000000000002,0.0,0.022917651,0.15
4.004613888943179,1.4995132769898822,0.15,374.12608383454574,4.279924137577321,2.335000000000002,0.022925964009889437,2.335000000000002,0.0,0.022917651,0.15
4.00473294092909,1.5002788853775264,0.15,374.14434800499987,4.279819571307217,2.3360000000000025,0.022925964048524004,2.336000000000002,0.0,0.022917651,0.15
4.004851963013368,1.501044638816356,0.15,374.16276500187274,4.279714740372884,2.337000000000002,0.022925964087158572,2.337000000000002,0.0,0.022917651,0.15
4.004970955093732,1.5018105378025246,0.15,374.18133534791303,4.2796096438690245,2.338000000000002,0.02292596412579314,2.338000000000002,0.0,0.022917651,0.15
4.005089917067437,1.502576582834451,0.15,374.20005956825605,4.279504280886212,2.3390000000000026,0.022925964164427708,2.339000000000002,0.0,0.022917651,0.15
4.005208848831265,1.5033427744128312,0.15,374.2189381904379,4.2793986505108625,2.340000000000002,0.02292596420306228,2.340000000000002,0.0,0.022917651,0.15
4.005327750281529,1.504109113040654,0.15,374.23797174440864,4.279292751825212,2.341000000000002,0.022925964241696847,2.341000000000002,0.0,0.022917651,0.15
4.005446621314063,1.5048755992232121,0.15,374.25716076254633,4.279186583907286,2.342000000000002,0.02292596428033141,2.342000000000002,0.0,0.022917651,0.15
4.005565461824228,1.505642233468116,0.15,374.27650577967114,4.279080145830889,2.3430000000000026,0.022925964318965982,2.343000000000002,0.0,0.022917651,0.15
4.005684271706899,1.506409016285307,0.15,374.2960073330589,4.278973436665565,2.344000000000002,0.02292596435760055,2.344000000000002,0.0,0.022917651,0.15
4.005803050856474,1.507175948187071,0.15,374.3156659624561,4.278866455476586,2.345000000000002,0.022925964396235114,2.345000000000002,0.0,0.022917651,0.15
4.005921799166858,1.5079430296880518,0.15,374.33548221009295,4.2787592013249185,2.346000000000002,0.022925964434869685,2.346000000000002,0.0,0.022917651,0.15
4.006040516531474,1.508710261305265,0.15,374.3554566206985,4.278651673267202,2.347000000000002,0.02292596447350425,2.347000000000002,0.0,0.022917651,0.15
4.006159202843247,1.5094776435581103,0.15,374.3755897415147,4.278543870355726,2.348000000000002,0.02292596451213882,2.348000000000002,0.0,0.022917651,0.15
4.006277857994614,1.5102451769683876,0.15,374.3958821223112,4.278435791638403,2.349000000000002,0.02292596455077339,2.349000000000002,0.0,0.022917651,0.15
4.006396481877507,1.5110128620603087,0.15,374.41633431539964,4.278327436158738,2.350000000000002,0.022925964589407953,2.350000000000002,0.0,0.022917651,0.15
4.0065150743833655,1.5117806993605132,0.15,374.4369468756485,4.278218802955814,2.3510000000000026,0.02292596462804252,2.351000000000002,0.0,0.022917651,0.15
4.00663363540312,1.5125486893980797,0.15,374.457720360498,4.278109891064258,2.352000000000002,0.02292596466667709,2.352000000000002,0.0,0.022917651,0.15
4.006752164827197,1.5133168327045434,0.15,374.4786553299748,4.278000699514216,2.353000000000002,0.022925964705311656,2.353000000000002,0.0,0.022917651,0.15
4.0068706625455155,1.5140851298139086,0.15,374.4997523467072,4.2778912273313345,2.3540000000000023,0.022925964743946228,2.354000000000002,0.0,0.022917651,0.15
4.00698912844748,1.5148535812626622,0.15,374.5210119759402,4.277781473536721,2.355000000000002,0.022925964782580792,2.355000000000002,0.0,0.022917651,0.15
4.007107562421981,1.5156221875897897,0.15,374.5424347855508,4.277671437146928,2.356000000000002,0.022925964821215363,2.356000000000002,0.0,0.022917651,0.15
4.007225964357391,1.5163909493367895,0.15,374.5640213460632,4.277561117173925,2.357000000000002,0.02292596485984993,2.357000000000002,0.0,0.022917651,0.15
4.007344334141565,1.5171598670476871,0.15,374.5857722306644,4.2774505126250695,2.358000000000002,0.022925964898484495,2.358000000000002,0.0,0.022917651,0.15
4.007462671661826,1.5179289412690493,0.15,374.6076880152195,4.27733962250308,2.359000000000002,0.022925964937119063,2.359000000000002,0.0,0.022917651,0.15
4.007581048946717,1.518699198597904,0.15,374.63067826705935,4.277227708330439,2.3600000000000025,0.02292596497575363,2.360000000000002,0.0,0.022917651,0.15
4.00769947452735,1.5194707564391814,0.15,374.65485066934525,4.277114686840006,2.361000000000002,0.022925965014388202,2.361000000000002,0.0,0.022917651,0.15
4.007817871397405,1.5202425196782603,0.15,374.679236413866,4.277001345119882,2.362000000000002,0.02292596505302277,2.362000000000002,0.0,0.022917651,0.15
4.007936239449887,1.5210144890805715,0.15,374.7038362956575,4.276887681976709,2.363000000000002,0.022925965091657334,2.363000000000002,0.0,0.022917651,0.15
4.008054578577273,1.521786665415352,0.15,374.7286511137104,4.276773696211188,2.364000000000002,0.022925965130291905,2.364000000000002,0.0,0.022917651,0.15
4.008172888671503,1.5225590494556722,0.15,374.7536816709958,4.276659386618049,2.365000000000002,0.02292596516892647,2.365000000000002,0.0,0.022917651,0.15
4.008291169623975,1.5233316419784577,0.15,374.7789287744892,4.27654475198601,2.366000000000002,0.022925965207561037,2.366000000000002,0.0,0.022917651,0.15
4.008409421325553,1.5241044437645141,0.15,374.804393235196,4.276429791097743,2.3670000000000027,0.02292596524619561,2.367000000000002,0.0,0.022917651,0.15
4.008527643666548,1.5248774555985496,0.15,374.83007586817627,4.276314502729828,2.3680000000000025,0.022925965284830176,2.368000000000002,0.0,0.022917651,0.15
4.008645836536721,1.5256506782692012,0.15,374.85597749257045,4.276198885652725,2.369000000000002,0.022925965323464744,2.369000000000002,0.0,0.022917651,0.15
4.008763999825288,1.5264241125690599,0.15,374.8820989316248,4.276082938630731,2.3700000000000023,0.022925965362099312,2.370000000000002,0.0,0.022917651,0.15
4.008882133420903,1.5271977592946935,0.15,374.9084410127171,4.27596666042194,2.371000000000002,0.02292596540073388,2.371000000000002,0.0,0.022917651,0.15
4.00900023721166,1.5279716192466724,0.15,374.93500456738263,4.275850049778203,2.3720000000000026,0.022925965439368447,2.372000000000002,0.0,0.022917651,0.15
4.009118311085094,1.5287456932295946,0.15,374.96179043134055,4.275733105445098,2.373000000000002,0.02292596547800302,2.373000000000002,0.0,0.022917651,0.15
4.00923635492817,1.529519982052113,0.15,374.9887994445197,4.275615826161877,2.374000000000002,0.02292596551663758,2.374000000000002,0.0,0.022917651,0.15
4.009354368627286,1.5302944865269574,0.15,375.01603245108583,4.275498210661436,2.375000000000002,0.02292596555527215,2.375000000000002,0.0,0.022917651,0.15
4.009472352068262,1.5310692074709635,0.15,375.0434902994678,4.275380257670272,2.3760000000000026,0.022925965593906715,2.376000000000002,0.0,0.022917651,0.15
4.009590305136346,1.5318441457050962,0.15,375.0711738423847,4.275261965908442,2.3770000000000024,0.022925965632541286,2.377000000000002,0.0,0.022917651,0.15
4.0097082277162,1.5326193020544783,0.15,375.0990839368732,4.27514333408952,2.378000000000002,0.022925965671175854,2.378000000000002,0.0,0.022917651,0.15
4.009826119691904,1.5333946773484148,0.15,375.1272214443145,4.275024360920564,2.3790000000000022,0.022925965709810422,2.3790000000000022,0.0,0.022917651,0.15
4.009943980946949,1.5341702724204205,0.15,375.15558723046234,4.274905045102062,2.380000000000002,0.02292596574844499,2.380000000000002,0.0,0.022917651,0.15
4.010061811364235,1.5349460881082464,0.15,375.18418216547053,4.274785385327904,2.381000000000002,0.02292596578707956,2.381000000000002,0.0,0.022917651,0.15
4.010179610826063,1.5357221252539066,0.15,375.2130071239208,4.2746653802853265,2.382000000000002,0.022925965825714125,2.382000000000002,0.0,0.022917651,0.15
4.010297379214136,1.536498384703706,0.15,375.2420629848515,4.274545028654885,2.383000000000002,0.022925965864348693,2.3830000000000022,0.0,0.022917651,0.15
4.010415116409556,1.5372748673082666,0.15,375.27135063178537,4.274424329110397,2.3840000000000026,0.02292596590298326,2.384000000000002,0.0,0.022917651,0.15
4.010532822292814,1.538051573922556,0.15,375.3008709527588,4.274303280318909,2.3850000000000025,0.022925965941617825,2.385000000000002,0.0,0.022917651,0.15
4.010650496743791,1.538828505405915,0.15,375.33062484035025,4.274181880940646,2.386000000000002,0.022925965980252393,2.386000000000002,0.0,0.022917651,0.15
4.010768139641753,1.5396056626220853,0.15,375.36061319170943,4.274060129628975,2.3870000000000022,0.022925966018886967,2.3870000000000022,0.0,0.022917651,0.15
4.010885750865347,1.5403830464392378,0.15,375.3908369085868,4.273938025030356,2.388000000000002,0.022925966057521528,2.388000000000002,0.0,0.022917651,0.15
4.0110033302925965,1.5411606577300012,0.15,375.4212968973627,4.2738155657842976,2.3890000000000016,0.022925966096156103,2.389000000000002,0.0,0.022917651,0.15
4.011120877800898,1.5419384973714911,0.15,375.4519940690778,4.273692750523319,2.390000000000002,0.022925966134790667,2.390000000000002,0.0,0.022917651,0.15
4.011238393267016,1.5427165662453373,0.15,375.48292933946203,4.273569577872891,2.391000000000002,0.022925966173425235,2.3910000000000022,0.0,0.022917651,0.15
4.011355876567083,1.5434948652377143,0.15,375.51410362896587,4.273446046451411,2.392000000000002,0.022925966212059803,2.392000000000002,0.0,0.022917651,0.15
4.011473327576587,1.5442733952393704,0.15,375.54551786279023,4.273322154870134,2.393000000000002,0.02292596625069437,2.393000000000002,0.0,0.022917651,0.15
4.011590746170377,1.5450521571456572,0.15,375.57717297091716,4.2731979017331465,2.394000000000002,0.02292596628932894,2.394000000000002,0.0,0.022917651,0.15
4.011708132222654,1.54583115185656,0.15,375.6090698881408,4.2730732856373095,2.3950000000000022,0.022925966327963506,2.3950000000000022,0.0,0.022917651,0.15
4.011825485606963,1.5466103802767242,0.15,375.6412095540989,4.272948305172212,2.396000000000002,0.022925966366598074,2.396000000000002,0.0,0.022917651,0.15
4.011942806196199,1.5473898433154916,0.15,375.6735929133035,4.27282295892013,2.397000000000002,0.02292596640523264,2.397000000000002,0.0,0.022917651,0.15
4.012060093862592,1.5481695418869263,0.15,375.7062209151735,4.27269724545597,2.398000000000002,0.022925966443867213,2.398000000000002,0.0,0.022917651,0.15
4.012177348477711,1.5489494769098473,0.15,375.7390945140655,4.272571163347232,2.3990000000000022,0.022925966482501774,2.3990000000000022,0.0,0.022917651,0.15
4.012294569912452,1.5497296493078572,0.15,375.77221466930706,4.27244471115395,2.400000000000002,0.022925966521136345,2.400000000000002,0.0,0.022917651,0.15
4.012407441666986,1.5504636018067903,0.15,375.7808081295402,4.27233953366401,2.401000000000002,0.022925966521136345,2.401000000000002,0.0,0.022917651,0.15
4.012520015758092,1.5511968040396322,0.15,375.7901758351033,4.272233915823107,2.402000000000002,0.022925966521136345,2.402000000000002,0.0,0.022917651,0.15
4.012632550789662,1.5519301476076501,0.15,375.79969481653745,4.2721280003965605,2.4030000000000022,0.02292596652113634,2.4030000000000022,0.0,0.022917651,0.15
4.012745046634558,1.5526636329709012,0.15,375.8093655662566,4.2720217864157055,2.4040000000000017,0.022925966521136345,2.404000000000002,0.0,0.022917651,0.15
4.012857503165085,1.5533972605914403,0.15,375.8191885788145,4.271915272907673,2.4050000000000016,0.02292596652113635,2.405000000000002,0.0,0.022917651,0.15
4.012969920252993,1.5541310309333323,0.15,375.82916435091556,4.271808458895356,2.4060000000000015,0.022925966521136345,2.406000000000002,0.0,0.022917651,0.15
4.013082297769475,1.5548649444626628,0.15,375.83929338142724,4.2717013433974,2.4070000000000022,0.022925966521136345,2.4070000000000022,0.0,0.022917651,0.15
4.013194635585161,1.5555990016475492,0.15,375.8495761713915,4.271593925428167,2.4080000000000026,0.02292596652113635,2.408000000000002,0.0,0.022917651,0.15
4.013306933570117,1.5563332029581516,0.15,375.8600132240368,4.27148620399772,2.4090000000000016,0.022925966521136345,2.409000000000002,0.0,0.022917651,0.15
4.013419191593843,1.5570675488666836,0.15,375.8706050447897,4.2713781781118,2.410000000000002,0.022925966521136345,2.410000000000002,0.0,0.022917651,0.15
4.013531409525264,1.5578020398474253,0.15,375.8813521412876,4.271269846771795,2.4110000000000027,0.02292596652113635,2.4110000000000023,0.0,0.022917651,0.15
4.013643587232736,1.5585366763767312,0.15,375.89225502338996,4.271161208974726,2.4120000000000026,0.022925966521136345,2.412000000000002,0.0,0.022917651,0.15
4.013755724584035,1.5592714589330448,0.15,375.9033142031911,4.271052263713213,2.413000000000002,0.02292596652113635,2.413000000000002,0.0,0.022917651,0.15
4.013867821446358,1.5600063879969095,0.15,375.91453019503234,4.2709430099754595,2.4140000000000024,0.02292596652113635,2.414000000000002,0.0,0.022917651,0.15
4.013979877686319,1.5607414640509782,0.15,375.92590351551416,4.270833446745223,2.4150000000000027,0.02292596652113634,2.4150000000000023,0.0,0.022917651,0.15
4.014091893169945,1.5614766875800268,0.15,375.93743468350857,4.270723573001794,2.4160000000000026,0.022925966521136345,2.416000000000002,0.0,0.022917651,0.15
4.01420386776267,1.5622120590709647,0.15,375.94912422017205,4.270613387719967,2.4170000000000016,0.02292596652113634,2.417000000000002,0.0,0.022917651,0.15
4.014315801329342,1.562947579012849,0.15,375.96097264895764,4.270502889870022,2.418000000000002,0.022925966521136352,2.418000000000002,0.0,0.022917651,0.15
4.014427693734207,1.5636832478968923,0.15,375.97298049562784,4.27039207841769,2.4190000000000023,0.022925966521136345,2.4190000000000023,0.0,0.022917651,0.15
4.014539544840914,1.564419066216477,0.15,375.9851482882672,4.270280952324142,2.420000000000002,0.02292596652113635,2.420000000000002,0.0,0.022917651,0.15
4.014651354512507,1.5651550344671683,0.15,375.9974765572957,4.270169510545948,2.421000000000002,0.02292596652113635,2.421000000000002,0.0,0.022917651,0.15
4.014763122611425,1.5658911531467243,0.15,376.0099658354807,4.270057752035062,2.422000000000002,0.022925966521136345,2.422000000000002,0.0,0.022917651,0.15
4.014874848999499,1.5666274227551096,0.15,376.022616657951,4.269945675738798,2.4230000000000023,0.022925966521136345,2.4230000000000023,0.0,0.022917651,0.15
4.014986533537944,1.5673638437945054,0.15,376.03542956220895,4.2698332805997925,2.424000000000002,0.02292596652113635,2.424000000000002,0.0,0.022917651,0.15
4.015098176087362,1.568100416769324,0.15,376.0484050881444,4.269720565555991,2.425000000000002,0.022925966521136345,2.425000000000002,0.0,0.022917651,0.15
4.015209776507731,1.568837142186221,0.15,376.0615437780478,4.269607529540616,2.4260000000000024,0.02292596652113634,2.426000000000002,0.0,0.022917651,0.15
4.015321334658409,1.5695740205541069,0.15,376.074846176623,4.269494171482139,2.4270000000000023,0.022925966521136352,2.4270000000000023,0.0,0.022917651,0.15
4.015432850398127,1.570311052384159,0.15,376.0883128310016,4.2693804903042585,2.428000000000002,0.022925966521136345,2.428000000000002,0.0,0.022917651,0.15
4.015544323584982,1.5710482381898363,0.15,376.10194429075557,4.269266484925874,2.429000000000002,0.02292596652113634,2.429000000000002,0.0,0.022917651,0.15
4.015655754076445,1.5717855784868902,0.15,376.1157411079118,4.269152154261053,2.4300000000000015,0.022925966521136345,2.430000000000002,0.0,0.022917651,0.15
4.015767141729341,1.572523073793379,0.15,376.1297038369648,4.269037497219006,2.431000000000002,0.022925966521136345,2.4310000000000023,0.0,0.022917651,0.15
4.015878486399862,1.5732607246296784,0.15,376.14383303489154,4.268922512704069,2.4320000000000017,0.022925966521136345,2.432000000000002,0.0,0.022917651,0.15
4.015989787943547,1.5739985315184972,0.15,376.15812926116456,4.26880719961566,2.433000000000002,0.022925966521136345,2.433000000000002,0.0,0.022917651,0.15
4.016101046215297,1.5747364949848883,0.15,376.17259307776635,4.268691556848264,2.434000000000002,0.022925966521136345,2.434000000000002,0.0,0.022917651,0.15
4.016212261069354,1.5754746155562638,0.15,376.1872250492033,4.2685755832913985,2.4350000000000023,0.02292596652113635,2.4350000000000023,0.0,0.022917651,0.15
4.016323432359305,1.5762128937624054,0.15,376.20202574251994,4.2684592778295904,2.436000000000002,0.02292596652113635,2.436000000000002,0.0,0.022917651,0.15
4.016434559938081,1.5769513301354814,0.15,376.21699572731353,4.268342639342345,2.437000000000002,0.022925966521136345,2.437000000000002,0.0,0.022917651,0.15
4.016545643657949,1.5776899252100567,0.15,376.2321355757476,4.268225666704117,2.438000000000002,0.02292596652113635,2.438000000000002,0.0,0.022917651,0.15
4.016656752124495,1.5784292385865937,0.15,376.24780187023515,4.268108074666716,2.4390000000000027,0.022925966521136345,2.4390000000000023,0.0,0.022917651,0.15
4.0167678939693054,1.5791693380083003,0.15,376.26403968138715,4.267989830017629,2.440000000000002,0.02292596652113635,2.440000000000002,0.0,0.022917651,0.15
4.0168789918950365,1.579909595159299,0.15,376.280449751895,4.2678712519667465,2.4410000000000025,0.02292596652113635,2.441000000000002,0.0,0.022917651,0.15
4.01699004575444,1.5806500105684134,0.15,376.2970326592981,4.26775233939626,2.4420000000000024,0.022925966521136345,2.442000000000002,0.0,0.022917651,0.15
4.017101055399609,1.5813905847668355,0.15,376.31378898372105,4.267633091183361,2.4430000000000027,0.02292596652113635,2.4430000000000023,0.0,0.022917651,0.15
4.0172120206819715,1.5821313182881351,0.15,376.33071930788725,4.267513506200206,2.4440000000000026,0.02292596652113635,2.444000000000002,0.0,0.022917651,0.15
4.01732294145229,1.5828722116682772,0.15,376.3478242171341,4.2673935833139,2.445000000000002,0.02292596652113635,2.445000000000002,0.0,0.022917651,0.15
4.017433817560659,1.5836132654456323,0.15,376.36510429942734,4.267273321386453,2.446000000000002,0.02292596652113635,2.446000000000002,0.0,0.022917651,0.15
4.0175446488564965,1.5843544801609915,0.15,376.38256014537563,4.267152719274764,2.4470000000000023,0.022925966521136345,2.4470000000000023,0.0,0.022917651,0.15
4.017655435188544,1.5850958563575794,0.15,376.40019234824587,4.267031775830587,2.448000000000002,0.02292596652113635,2.448000000000002,0.0,0.022917651,0.15
4.017766176404861,1.5858373945810686,0.15,376.41800150397796,4.266910489900502,2.449000000000002,0.02292596652113635,2.449000000000002,0.0,0.022917651,0.15
4.017876872352823,1.5865790953795924,0.15,376.43598821119986,4.2667888603258834,2.450000000000002,0.022925966521136345,2.450000000000002,0.0,0.022917651,0.15
4.017987522879113,1.587320959303761,0.15,376.4541530712427,4.266666885942879,2.4510000000000023,0.02292596652113635,2.4510000000000023,0.0,0.022917651,0.15
4.018098127829726,1.5880629869066707,0.15,376.47249668815607,4.266544565582373,2.452000000000002,0.022925966521136345,2.452000000000002,0.0,0.022917651,0.15
4.018208687049953,1.588805178743924,0.15,376.4910196687236,4.266421898069955,2.453000000000002,0.02292596652113635,2.453000000000002,0.0,0.022917651,0.15
4.018319200384393,1.58954753537364,0.15,376.5097226224784,4.266298882225897,2.454000000000002,0.02292596652113635,2.454000000000002,0.0,0.022917651,0.15
4.018429667676931,1.5902900573564687,0.15,376.5286061617183,4.266175516865117,2.4550000000000023,0.022925966521136345,2.4550000000000023,0.0,0.022917651,0.15
4.018540088770749,1.5910327452556072,0.15,376.5476709015219,4.266051800797157,2.4560000000000026,0.02292596652113635,2.456000000000002,0.0,0.022917651,0.15
4.018650463508314,1.5917755996368128,0.15,376.5669174597643,4.265927732826135,2.4570000000000016,0.022925966521136345,2.457000000000002,0.0,0.022917651,0.15
4.018760791731376,1.5925186210684186,0.15,376.58634645713306,4.26580331175074,2.458000000000002,0.022925966521136345,2.458000000000002,0.0,0.022917651,0.15
4.018871073280963,1.5932618101213458,0.15,376.6059585171439,4.265678536364174,2.4590000000000023,0.02292596652113635,2.4590000000000023,0.0,0.022917651,0.15
4.0189813079973815,1.5940051673691222,0.15,376.62575426615723,4.265553405454139,2.460000000000002,0.022925966521136345,2.460000000000002,0.0,0.022917651,0.15
4.019091495720203,1.594748693387894,0.15,376.6457343333944,4.265427917802805,2.461000000000002,0.02292596652113635,2.461000000000002,0.0,0.022917651,0.15
4.019201636288271,1.595492388756442,0.15,376.6658993509535,4.265302072186763,2.4620000000000015,0.02292596652113635,2.462000000000002,0.0,0.022917651,0.15
4.019311729539686,1.5962362540561972,0.15,376.68624995382663,4.265175867377013,2.4630000000000027,0.022925966521136345,2.4630000000000023,0.0,0.022917651,0.15
4.01942177531181,1.596980289871253,0.15,376.7067867799156,4.265049302138917,2.464000000000002,0.02292596652113635,2.464000000000002,0.0,0.022917651,0.15
4.0195317734412574,1.5977244967883864,0.15,376.7275104700495,4.264922375232172,2.465000000000002,0.022925966521136345,2.465000000000002,0.0,0.022917651,0.15
4.019641723763894,1.598468875397066,0.15,376.7484216680007,4.26479508541078,2.466000000000002,0.022925966521136345,2.466000000000002,0.0,0.022917651,0.15
4.019751626114829,1.599213426289475,0.15,376.7695210205025,4.264667431423015,2.4670000000000027,0.022925966521136345,2.4670000000000023,0.0,0.022917651,0.15
4.019861480328411,1.5999581500605193,0.15,376.7908091772657,4.264539412011382,2.4680000000000026,0.02292596652113635,2.468000000000002,0.0,0.022917651,0.15
4.01997128623823,1.60070304730785,0.15,376.81228679099564,4.264411025912596,2.4690000000000025,0.02292596652113635,2.469000000000002,0.0,0.022917651,0.15
4.020081043677102,1.6014481186318743,0.15,376.83395451741006,4.264282271857534,2.4700000000000024,0.02292596652113635,2.470000000000002,0.0,0.022917651,0.15
4.020190752477076,1.6021933646357744,0.15,376.85581301525593,4.2641531485712205,2.4710000000000027,0.022925966521136345,2.4710000000000023,0.0,0.022917651,0.15
4.020300412469418,1.6029387859255213,0.15,376.87786294632724,4.264023654772775,2.472000000000002,0.02292596652113635,2.472000000000002,0.0,0.022917651,0.15
4.02041002348462,1.6036843831098933,0.15,376.90010497548263,4.263893789175384,2.473000000000002,0.02292596652113635,2.473000000000002,0.0,0.022917651,0.15
4.020519619829246,1.6044306425866706,0.15,376.92291149044854,4.263763202754553,2.474000000000002,0.022925966521136345,2.474000000000002,0.0,0.022917651,0.15
4.020629215173845,1.6051777322398628,0.15,376.9464094354804,4.263631782360917,2.4750000000000023,0.02292596652113635,2.4750000000000023,0.0,0.022917651,0.15
4.0207387640877865,1.6059250036598312,0.15,376.97010215251885,4.263499994485948,2.476000000000002,0.022925966521136345,2.476000000000002,0.0,0.022917651,0.15
4.020848266414716,1.6066724574586526,0.15,376.99399029743415,4.2633678378922,2.477000000000002,0.022925966521136345,2.477000000000002,0.0,0.022917651,0.15
4.0209577219975845,1.6074200942511552,0.15,377.01807452904455,4.263235311336661,2.478000000000002,0.022925966521136345,2.478000000000002,0.0,0.022917651,0.15
4.021067130678632,1.6081679146549337,0.15,377.042355509133,4.263102413570731,2.4790000000000023,0.022925966521136345,2.4790000000000023,0.0,0.022917651,0.15
4.0211764922993884,1.6089159192903646,0.15,377.0668339024638,4.262969143340182,2.480000000000002,0.02292596652113635,2.480000000000002,0.0,0.022917651,0.15
4.021285806700672,1.6096641087806234,0.15,377.09151037679953,4.262835499385127,2.4810000000000025,0.02292596652113635,2.481000000000002,0.0,0.022917651,0.15
4.021395073722578,1.610412483751698,0.15,377.1163856029174,4.262701480439996,2.482000000000002,0.022925966521136345,2.482000000000002,0.0,0.022917651,0.15
4.0215042932044796,1.6111610448324074,0.15,377.14146025462713,4.262567085233494,2.4830000000000023,0.022925966521136345,2.4830000000000023,0.0,0.022917651,0.15
4.021613464985025,1.6119097926544148,0.15,377.16673500878755,4.262432312488573,2.484000000000002,0.022925966521136345,2.484000000000002,0.0,0.022917651,0.15
4.02172258890213,1.6126587278522468,0.15,377.192210545324,4.262297160922402,2.4850000000000025,0.022925966521136345,2.485000000000002,0.0,0.022917651,0.15
4.021831664792978,1.6134078510633065,0.15,377.2178875472457,4.262161629246329,2.486000000000002,0.022925966521136345,2.486000000000002,0.0,0.022917651,0.15
4.021940692494007,1.6141571629278915,0.15,377.2437667006634,4.2620257161658515,2.487000000000002,0.02292596652113635,2.4870000000000023,0.0,0.022917651,0.15
4.022049671840917,1.6149066640892111,0.15,377.26984869480674,4.261889420380583,2.4880000000000018,0.022925966521136345,2.488000000000002,0.0,0.022917651,0.15
4.022158602668659,1.6156563551934016,0.15,377.29613422204216,4.261752740584217,2.4890000000000017,0.02292596652113635,2.489000000000002,0.0,0.022917651,0.15
4.02226748481143,1.6164062368895424,0.15,377.32262397789094,4.261615675464497,2.490000000000002,0.022925966521136345,2.490000000000002,0.0,0.022917651,0.15
4.0223763181026735,1.617156309829675,0.15,377.34931866104665,4.261478223703177,2.4910000000000023,0.022925966521136345,2.4910000000000023,0.0,0.022917651,0.15
4.02248510237507,1.6179065746688177,0.15,377.37621897339375,4.261340383975998,2.492000000000002,0.022925966521136345,2.492000000000002,0.0,0.022917651,0.15
4.022593837460538,1.6186570320649833,0.15,377.4033256200259,4.261202154952638,2.493000000000002,0.022925966521136345,2.493000000000002,0.0,0.022917651,0.15
4.022702523190222,1.6194076826791977,0.15,377.4306393092637,4.261063535296692,2.494000000000002,0.022925966521136345,2.494000000000002,0.0,0.022917651,0.15
4.022811159394497,1.620158527175515,0.15,377.458160752674,4.260924523665629,2.4950000000000028,0.022925966521136345,2.4950000000000023,0.0,0.022917651,0.15
4.022919745902957,1.6209095662210355,0.15,377.4858906650876,4.260785118710759,2.4960000000000027,0.022925966521136345,2.496000000000002,0.0,0.022917651,0.15
4.0230282825444155,1.6216608004859236,0.15,377.5138297646189,4.260645319077197,2.4970000000000026,0.022925966521136345,2.497000000000002,0.0,0.022917651,0.15
4.023136769146899,1.6224122306434263,0.15,377.54197877268405,4.260505123403828,2.498000000000002,0.02292596652113635,2.498000000000002,0.0,0.022917651,0.15
4.0232452055376395,1.6231638573698892,0.15,377.57033841402045,4.260364530323273,2.4990000000000023,0.02292596652113634,2.4990000000000023,0.0,0.022917651,0.15
4.023353591543074,1.6239156813447735,0.15,377.5989094167058,4.260223538461848,2.500000000000002,0.022925966521136345,2.500000000000002,0.0,0.022917651,0.15
4.0234607428730325,1.6246248152229847,0.15,377.6982868655578,4.260113343613988,2.501000000000002,0.02292596654004163,2.501000000000002,0.0,0.022917651,0.15
4.023567861293187,1.6253341028993398,0.15,377.7978483586942,4.260002863324474,2.502000000000002,0.022925966558946916,2.502000000000002,0.0,0.022917651,0.15
4.023674946701321,1.6260435448515071,0.15,377.8975944677224,4.259892096706774,2.5030000000000023,0.022925966577852196,2.5030000000000023,0.0,0.022917651,0.15
4.023781998994804,1.6267531415591356,0.15,377.99752576661945,4.259781042870687,2.5040000000000022,0.02292596659675748,2.5040000000000022,0.0,0.022917651,0.15
4.023889018070572,1.6274628935038646,0.15,378.0976428317441,4.259669700922312,2.505000000000002,0.022925966615662766,2.505000000000002,0.0,0.022917651,0.15
4.023996003825136,1.628172801169333,0.15,378.19794624184965,4.259558069964042,2.5060000000000016,0.022925966634568043,2.506000000000002,0.0,0.022917651,0.15
4.024102950901264,1.6288830831206327,0.15,378.298612742181,4.2594459097931985,2.5070000000000023,0.022925966653473327,2.5070000000000023,0.0,0.022917651,0.15
4.024209848282426,1.629594244734695,0.15,378.40005080837585,4.259332670492768,2.5080000000000027,0.022925966672378614,2.5080000000000022,0.0,0.022917651,0.15
4.024316714016958,1.630305565537689,0.15,378.5016786568469,4.259219145425338,2.5090000000000026,0.0229259666912839,2.509000000000002,0.0,0.022917651,0.15
4.024423548008808,1.6310170460127895,0.15,378.60349686362673,4.2591053337235465,2.510000000000002,0.02292596671018918,2.510000000000002,0.0,0.022917651,0.15
4.024530350161527,1.6317286866451288,0.15,378.7055060070815,4.258991234516506,2.5110000000000023,0.022925966729094468,2.5110000000000023,0.0,0.022917651,0.15
4.024637120378283,1.6324404879218068,0.15,378.8077066679228,4.258876846929806,2.5120000000000027,0.02292596674799975,2.5120000000000022,0.0,0.022917651,0.15
4.024743858561847,1.6331524503318988,0.15,378.9100994292193,4.258762170085482,2.513000000000002,0.022925966766905035,2.513000000000002,0.0,0.022917651,0.15
4.024850564614597,1.6338645743664706,0.15,379.012684876409,4.258647203102005,2.514000000000002,0.02292596678581032,2.514000000000002,0.0,0.022917651,0.15
4.024957238438511,1.634576860518583,0.15,379.1154635973117,4.258531945094258,2.5150000000000023,0.022925966804715602,2.5150000000000023,0.0,0.022917651,0.15
4.025063879935172,1.6352893092833047,0.15,379.2184361821397,4.25841639517352,2.5160000000000027,0.022925966823620886,2.5160000000000022,0.0,0.022917651,0.15
4.025170489005757,1.6360019211577232,0.15,379.3216032235116,4.25830055244745,2.5170000000000017,0.022925966842526162,2.517000000000002,0.0,0.022917651,0.15
4.0252770655510455,1.6367146966409534,0.15,379.42496531646356,4.258184416020065,2.518000000000002,0.022925966861431453,2.518000000000002,0.0,0.022917651,0.15
4.0253836094714055,1.637427636234149,0.15,379.5285230584622,4.25806798499172,2.5190000000000023,0.022925966880336733,2.5190000000000023,0.0,0.022917651,0.15
4.025490120666802,1.638140740440512,0.15,379.6322770494166,4.257951258459096,2.5200000000000027,0.02292596689924202,2.5200000000000022,0.0,0.022917651,0.15
4.025596599036789,1.638854009765304,0.15,379.736227891691,4.257834235515177,2.521000000000002,0.022925966918147307,2.521000000000002,0.0,0.022917651,0.15
4.025703044480511,1.6395674447158568,0.15,379.8403761901173,4.257716915249227,2.522000000000002,0.022925966937052587,2.522000000000002,0.0,0.022917651,0.15
4.0258094568966944,1.6402810458015833,0.15,379.94472255200805,4.25759929674678,2.523000000000003,0.02292596695595787,2.5230000000000024,0.0,0.022917651,0.15
4.025915836183655,1.6409948135339858,0.15,380.04926758716863,4.257481379089613,2.5240000000000027,0.022925966974863154,2.5240000000000022,0.0,0.022917651,0.15
4.026022182239288,1.6417087484266704,0.15,380.15401190791016,4.257363161355731,2.525000000000002,0.022925966993768438,2.525000000000002,0.0,0.022917651,0.15
4.0261284949610685,1.6424228509953547,0.15,380.25895612906294,4.257244642619348,2.5260000000000025,0.02292596701267372,2.526000000000002,0.0,0.022917651,0.15
4.026234774246051,1.6431371217578807,0.15,380.3641008679889,4.2571258219508605,2.5270000000000024,0.022925967031579012,2.5270000000000024,0.0,0.022917651,0.15
4.026341019990863,1.6438515612342246,0.15,380.46944674459445,4.257006698416838,2.5280000000000027,0.02292596705048429,2.5280000000000022,0.0,0.022917651,0.15
4.026447232091709,1.644566169946508,0.15,380.57499438134437,4.256887271079996,2.529000000000002,0.02292596706938957,2.529000000000002,0.0,0.022917651,0.15
4.026553410444362,1.6452809484190092,0.15,380.6807444032742,4.2567675389991795,2.530000000000002,0.022925967088294853,2.530000000000002,0.0,0.022917651,0.15
4.026659554944164,1.6459958971781752,0.15,380.78669743800407,4.2566475012293425,2.531000000000002,0.022925967107200136,2.5310000000000024,0.0,0.022917651,0.15
4.026765665486026,1.646711016752631,0.15,380.8928541157519,4.256527156821528,2.5320000000000022,0.022925967126105423,2.5320000000000022,0.0,0.022917651,0.15
4.026871741964422,1.6474263076731916,0.15,380.99921506934675,4.256406504822844,2.533000000000002,0.022925967145010707,2.533000000000002,0.0,0.022917651,0.15
4.026977784273389,1.6481417704728751,0.15,381.1057809342425,4.256285544276448,2.534000000000002,0.02292596716391599,2.534000000000002,0.0,0.022917651,0.15
4.027083792306523,1.6488574056869116,0.15,381.2125523485316,4.256164274221525,2.5350000000000024,0.022925967182821277,2.5350000000000024,0.0,0.022917651,0.15
4.027189765956979,1.6495732138527557,0.15,381.31952995295813,4.256042693693265,2.536000000000002,0.022925967201726558,2.5360000000000023,0.0,0.022917651,0.15
4.027295705117465,1.6502891955100985,0.15,381.42671439093266,4.255920801722848,2.537000000000002,0.02292596722063184,2.537000000000002,0.0,0.022917651,0.15
4.027401609680247,1.651005351200879,0.15,381.5341063085451,4.255798597337414,2.538000000000002,0.022925967239537125,2.538000000000002,0.0,0.022917651,0.15
4.027507479537137,1.6517216814692959,0.15,381.64170635457947,4.255676079560048,2.539000000000003,0.022925967258442412,2.5390000000000024,0.0,0.022917651,0.15
4.027613314579496,1.6524381868618176,0.15,381.749515180527,4.255553247409758,2.5400000000000023,0.022925967277347692,2.5400000000000023,0.0,0.022917651,0.15
4.027719121070508,1.6531549830607475,0.15,381.85762597119697,4.255430010339552,2.541000000000002,0.02292596729625298,2.541000000000002,0.0,0.022917651,0.15
4.0278249452058095,1.6538729233618037,0.15,381.96672311745635,4.255305700439775,2.542000000000002,0.02292596731515826,2.542000000000002,0.0,0.022917651,0.15
4.0279307329059275,1.654591046324588,0.15,382.07603284916195,4.255181062136669,2.5430000000000033,0.022925967334063546,2.5430000000000024,0.0,0.022917651,0.15
4.028036484053002,1.6553093525399565,0.15,382.18555585396456,4.255056094367942,2.544000000000002,0.02292596735296883,2.5440000000000023,0.0,0.022917651,0.15
4.028142198528672,1.656027842601316,0.15,382.295292822484,4.254930796066722,2.5450000000000026,0.022925967371874113,2.545000000000002,0.0,0.022917651,0.15
4.028247876214056,1.6567465171046403,0.15,382.40524444832516,4.254805166161524,2.5460000000000025,0.0229259673907794,2.546000000000002,0.0,0.022917651,0.15
4.028353516989763,1.6574653766484795,0.15,382.515411428094,4.254679203576225,2.5470000000000024,0.022925967409684677,2.5470000000000024,0.0,0.022917651,0.15
4.028459120735886,1.6581844218339779,0.15,382.62579446141416,4.254552907230045,2.5480000000000023,0.02292596742858996,2.5480000000000023,0.0,0.022917651,0.15
4.028564687331993,1.6589036532648862,0.15,382.7363942509427,4.254426276037512,2.549000000000002,0.022925967447495248,2.549000000000002,0.0,0.022917651,0.15
4.028670216657134,1.6596230715475755,0.15,382.8472115023872,4.254299308908446,2.550000000000002,0.022925967466400528,2.550000000000002,0.0,0.022917651,0.15
4.028775708589833,1.6603426772910528,0.15,382.9582469245222,4.254172004747929,2.551000000000002,0.022925967485305815,2.5510000000000024,0.0,0.022917651,0.15
4.028881163008079,1.6610624711069737,0.15,383.0695012292052,4.254044362456276,2.552000000000002,0.0229259675042111,2.5520000000000023,0.0,0.022917651,0.15
4.028986579789341,1.6617824536096588,0.15,383.18097513139446,4.2539163809290175,2.553000000000002,0.022925967523116382,2.553000000000002,0.0,0.022917651,0.15
4.029091958810544,1.662502625416106,0.15,383.2926693491654,4.253788059056864,2.5540000000000025,0.022925967542021666,2.554000000000002,0.0,0.022917651,0.15
4.02919729994808,1.6632229871460071,0.15,383.4045846037273,4.253659395725689,2.5550000000000024,0.02292596756092695,2.5550000000000024,0.0,0.022917651,0.15
4.0293026030778,1.6639435394217605,0.15,383.51672161944106,4.253530389816493,2.5560000000000023,0.022925967579832233,2.5560000000000023,0.0,0.022917651,0.15
4.029407868075013,1.6646642828684883,0.15,383.6290811238359,4.253401040205387,2.557000000000002,0.022925967598737516,2.557000000000002,0.0,0.022917651,0.15
4.02951309481448,1.6653852181140498,0.15,383.7416638476272,4.253271345763556,2.5580000000000025,0.0229259676176428,2.558000000000002,0.0,0.022917651,0.15
4.029618283170415,1.6661063457890564,0.15,383.8544705247334,4.253141305357237,2.5590000000000024,0.022925967636548084,2.5590000000000024,0.0,0.022917651,0.15
4.02972343301648,1.6668276665268869,0.15,383.96750189229385,4.253010917847694,2.5600000000000023,0.022925967655453367,2.5600000000000023,0.0,0.022917651,0.15
4.029828544225778,1.6675491809637029,0.15,384.08075869068676,4.252880182091184,2.5610000000000026,0.02292596767435865,2.561000000000002,0.0,0.022917651,0.15
4.02993361667086,1.6682708897384646,0.15,384.19424166354656,4.252749096938939,2.562000000000002,0.022925967693263938,2.562000000000002,0.0,0.022917651,0.15
4.030038650223712,1.6689927934929454,0.15,384.3079515577821,4.252617661237128,2.5630000000000024,0.022925967712169218,2.5630000000000024,0.0,0.022917651,0.15
4.030143644755756,1.6697148928717471,0.15,384.42188912359427,4.252485873826836,2.5640000000000023,0.0229259677310745,2.5640000000000023,0.0,0.022917651,0.15
4.030248600137847,1.6704371885223162,0.15,384.536055114495,4.252353733544032,2.5650000000000026,0.022925967749979785,2.565000000000002,0.0,0.022917651,0.15
4.030353516240268,1.6711596810949603,0.15,384.65045028732476,4.252221239219546,2.5660000000000016,0.02292596776888507,2.566000000000002,0.0,0.022917651,0.15
4.030458392932733,1.671882371242862,0.15,384.7650754022713,4.252088389679034,2.5670000000000024,0.022925967787790356,2.5670000000000024,0.0,0.022917651,0.15
4.030563230084375,1.6726052596220962,0.15,384.87993122288793,4.251955183742955,2.5680000000000027,0.022925967806695636,2.5680000000000023,0.0,0.022917651,0.15
4.030668027563745,1.673328346891646,0.15,384.99501851611257,4.2518216202265355,2.5690000000000026,0.022925967825600926,2.569000000000002,0.0,0.022917651,0.15
4.030772785238819,1.6740516337134184,0.15,385.1103380522862,4.251687697939752,2.570000000000002,0.022925967844506207,2.570000000000002,0.0,0.022917651,0.15
4.030877502976975,1.6747751207522616,0.15,385.225890605172,4.251553415687288,2.5710000000000024,0.022925967863411487,2.5710000000000024,0.0,0.022917651,0.15
4.030982180645012,1.6754988086759788,0.15,385.34167695197397,4.251418772268515,2.5720000000000027,0.022925967882316774,2.5720000000000023,0.0,0.022917651,0.15
4.0310868110821465,1.676223100548446,0.15,385.4580782522296,4.251283335714227,2.573000000000002,0.022925967901222054,2.573000000000002,0.0,0.022917651,0.15
4.031191392062261,1.6769482514160636,0.15,385.5753375235189,4.251146841914287,2.574000000000002,0.022925967920127337,2.574000000000002,0.0,0.022917651,0.15
4.031295935966528,1.6776736063991466,0.15,385.6928366609776,4.251009995703141,2.5750000000000024,0.022925967939032624,2.5750000000000024,0.0,0.022917651,0.15
4.031400442675964,1.678399166152761,0.15,385.81057643440613,4.250872795949799,2.5760000000000027,0.022925967957937905,2.5760000000000023,0.0,0.022917651,0.15
4.0315049120710675,1.679124931334779,0.15,385.92855761690214,4.250735241518425,2.577000000000002,0.02292596797684319,2.577000000000002,0.0,0.022917651,0.15
4.031609344031831,1.6798509026058928,0.15,386.046780984879,4.250597331268317,2.578000000000002,0.022925967995748475,2.578000000000002,0.0,0.022917651,0.15
4.0317137384377295,1.6805770806296325,0.15,386.1652473180827,4.250459064053869,2.5790000000000024,0.022925968014653755,2.5790000000000024,0.0,0.022917651,0.15
4.031818095167721,1.6813034660723787,0.15,386.28395739961036,4.250320438724556,2.5800000000000023,0.022925968033559042,2.5800000000000023,0.0,0.022917651,0.15
4.031922414100244,1.6820300596033795,0.15,386.40291201592794,4.250181454124904,2.581000000000002,0.022925968052464326,2.581000000000002,0.0,0.022917651,0.15
4.03202669511321,1.6827568618947637,0.15,386.52211195688835,4.250042109094459,2.582000000000002,0.02292596807136961,2.582000000000002,0.0,0.022917651,0.15
4.032130938084005,1.6834838736215605,0.15,386.6415580157502,4.249902402467771,2.5830000000000024,0.022925968090274893,2.5830000000000024,0.0,0.022917651,0.15
4.032235142889487,1.6842110954617096,0.15,386.7612509891953,4.24976233307435,2.5840000000000027,0.022925968109180177,2.5840000000000023,0.0,0.022917651,0.15
4.032339309405985,1.6849385280960818,0.15,386.8811916773482,4.249621899738657,2.585000000000002,0.02292596812808546,2.585000000000002,0.0,0.022917651,0.15
4.0324434375092855,1.6856661722084925,0.15,387.0013808837937,4.249481101280065,2.586000000000002,0.02292596814699074,2.586000000000002,0.0,0.022917651,0.15
4.032547527074643,1.6863940284857175,0.15,387.1218194155965,4.249339936512834,2.5870000000000024,0.022925968165896024,2.5870000000000024,0.0,0.022917651,0.15
4.03265157797677,1.68712209761751,0.15,387.24250808331954,4.249198404246087,2.5880000000000023,0.02292596818480131,2.5880000000000023,0.0,0.022917651,0.15
4.0327555900898355,1.6878503802966165,0.15,387.3634477010431,4.249056503283778,2.5890000000000017,0.022925968203706595,2.589000000000002,0.0,0.022917651,0.15
4.032859563287461,1.6885788772187924,0.15,387.48463908638416,4.2489142324246645,2.590000000000002,0.02292596822261188,2.590000000000002,0.0,0.022917651,0.15
4.032963497442718,1.6893075890828193,0.15,387.60608306051495,4.248771590462279,2.5910000000000024,0.02292596824151716,2.5910000000000024,0.0,0.022917651,0.15
4.033067392428127,1.6900365165905198,0.15,387.727780448183,4.248628576184904,2.5920000000000023,0.022925968260422445,2.5920000000000023,0.0,0.022917651,0.15
4.033171248115652,1.6907656604467771,0.15,387.84973207773044,4.248485188375542,2.5930000000000017,0.02292596827932773,2.593000000000002,0.0,0.022917651,0.15
4.0332750643766975,1.6914950213595485,0.15,387.97193878111335,4.248341425811881,2.594000000000002,0.022925968298233013,2.594000000000002,0.0,0.022917651,0.15
4.033378841082109,1.6922246000398848,0.15,388.0944013939217,4.248197287266274,2.595000000000003,0.0229259683171383,2.5950000000000024,0.0,0.022917651,0.15
4.033482578102165,1.692954397201944,0.15,388.2171207553991,4.248052771505704,2.5960000000000023,0.02292596833604358,2.5960000000000023,0.0,0.022917651,0.15
4.0335862753065745,1.6936844135630118,0.15,388.34009770846296,4.247907877291759,2.597000000000002,0.022925968354948863,2.597000000000002,0.0,0.022917651,0.15
4.0336899325644815,1.6944146498435169,0.15,388.4633330997244,4.247762603380597,2.598000000000002,0.02292596837385415,2.598000000000002,0.0,0.022917651,0.15
4.033793549744449,1.6951451067670484,0.15,388.586827779509,4.247616948522921,2.599000000000003,0.02292596839275943,2.5990000000000024,0.0,0.022917651,0.15
4.033897126714469,1.6958757850603727,0.15,388.7105826018758,4.247470911463947,2.6000000000000023,0.022925968411664714,2.6000000000000023,0.0,0.022917651,0.15
4.033997765265599,1.6965664028079805,0.15,388.6589835808738,4.2473467518713655,2.601000000000002,0.022925968411664714,2.601000000000002,0.0,0.022917651,0.15
4.034098363716105,1.6972571373744865,0.15,388.60756643544624,4.247222315053029,2.602000000000002,0.022925968411664718,2.602000000000002,0.0,0.022917651,0.15
4.034198921920117,1.697947989184833,0.15,388.55633182718674,4.2470976000004965,2.6030000000000024,0.022925968411664714,2.6030000000000024,0.0,0.022917651,0.15
4.0342993992924026,1.6986394922088477,0.15,388.5057244599358,4.246971910284835,2.6040000000000014,0.022925968411664714,2.6040000000000023,0.0,0.022917651,0.15
4.034399820918324,1.6993313351823074,0.15,388.45548474053294,4.2468456575888975,2.605000000000002,0.022925968411664718,2.605000000000002,0.0,0.022917651,0.15
4.0345002034164095,1.700023301031388,0.15,388.40543216827797,4.2467191255101895,2.6060000000000016,0.022925968411664707,2.606000000000002,0.0,0.022917651,0.15
4.034600546646582,1.700715390195985,0.15,388.3555674131585,4.246592313048517,2.6070000000000024,0.02292596841166471,2.6070000000000024,0.0,0.022917651,0.15
4.034700850468094,1.7014076031180954,0.15,388.3058911483645,4.2464652191989085,2.6080000000000028,0.02292596841166471,2.6080000000000023,0.0,0.022917651,0.15
4.0348011147395235,1.7020999402418318,0.15,388.2564040503064,4.246337842951586,2.6090000000000027,0.022925968411664718,2.609000000000002,0.0,0.022917651,0.15
4.0349013393187745,1.7027924020134344,0.15,388.2071067986354,4.246210183291931,2.610000000000002,0.022925968411664718,2.610000000000002,0.0,0.022917651,0.15
4.035001524063064,1.703484988881284,0.15,388.15800007626206,4.246082239200456,2.6110000000000024,0.022925968411664714,2.6110000000000024,0.0,0.022917651,0.15
4.035101668828931,1.7041777012959134,0.15,388.1090845693769,4.245954009652787,2.6120000000000028,0.022925968411664718,2.6120000000000023,0.0,0.022917651,0.15
4.035201773472216,1.7048705397100214,0.15,388.06036096746874,4.245825493619616,2.613000000000002,0.022925968411664714,2.613000000000002,0.0,0.022917651,0.15
4.035301837848073,1.7055635045784878,0.15,388.0118299633459,4.245696690066685,2.614000000000002,0.022925968411664714,2.614000000000002,0.0,0.022917651,0.15
4.035401861810954,1.7062565963583831,0.15,387.96349225315527,4.245567597954751,2.6150000000000024,0.022925968411664718,2.6150000000000024,0.0,0.022917651,0.15
4.0355018452146085,1.7069498155089828,0.15,387.91534853640275,4.245438216239555,2.6160000000000023,0.022925968411664714,2.6160000000000023,0.0,0.022917651,0.15
4.035601787912082,1.7076431624917825,0.15,387.8673995159737,4.245308543871793,2.6170000000000018,0.02292596841166471,2.617000000000002,0.0,0.022917651,0.15
4.035701689755708,1.708336637770509,0.15,387.8196458981532,4.2451785797970905,2.618000000000002,0.022925968411664714,2.618000000000002,0.0,0.022917651,0.15
4.035801550597105,1.7090302418111358,0.15,387.7720883926464,4.24504832295596,2.6190000000000024,0.022925968411664714,2.6190000000000024,0.0,0.022917651,0.15
4.035901370287169,1.7097239750818938,0.15,387.7247277126,4.244917772283782,2.6200000000000028,0.022925968411664718,2.6200000000000023,0.0,0.022917651,0.15
4.036001148676077,1.7104178380532888,0.15,387.677564574622,4.244786926710766,2.621000000000002,0.022925968411664714,2.621000000000002,0.0,0.022917651,0.15
4.036100885613275,1.7111118311981128,0.15,387.63059969880374,4.244655785161924,2.622000000000002,0.022925968411664718,2.622000000000002,0.0,0.022917651,0.15
4.0362005809474795,1.711805954991459,0.15,387.58383380874074,4.244524346557035,2.623000000000003,0.022925968411664718,2.6230000000000024,0.0,0.022917651,0.15
4.0363002345266645,1.7125002099107336,0.15,387.53726763155385,4.2443926098106175,2.6240000000000023,0.022925968411664714,2.6240000000000023,0.0,0.022917651,0.15
4.036399846198067,1.7131945964356732,0.15,387.49090189791104,4.244260573831892,2.6250000000000027,0.022925968411664714,2.625000000000002,0.0,0.022917651,0.15
4.0364994158081755,1.7138891150483575,0.15,387.4447373420487,4.2441282375247535,2.626000000000002,0.022925968411664714,2.626000000000002,0.0,0.022917651,0.15
4.036598943202729,1.7145837662332235,0.15,387.39877470179397,4.243995599787737,2.6270000000000024,0.022925968411664718,2.6270000000000024,0.0,0.022917651,0.15
4.03669842822671,1.7152785504770791,0.15,387.3530147185861,4.243862659513982,2.6280000000000023,0.022925968411664714,2.6280000000000023,0.0,0.022917651,0.15
4.036797870724344,1.715973468269119,0.15,387.3074581374992,4.243729415591207,2.6290000000000022,0.02292596841166471,2.6290000000000022,0.0,0.022917651,0.15
4.036897270539089,1.7166685201009397,0.15,387.2621057072641,4.243595866901667,2.630000000000002,0.022925968411664714,2.630000000000002,0.0,0.022917651,0.15
4.036996627513634,1.7173637064665528,0.15,387.2169581802909,4.243462012322125,2.631000000000002,0.022925968411664714,2.6310000000000024,0.0,0.022917651,0.15
4.037095941489896,1.7180590278624,0.15,387.1720163126917,4.243327850723821,2.6320000000000023,0.022925968411664714,2.6320000000000023,0.0,0.022917651,0.15
4.03719521230901,1.7187544847873697,0.15,387.12728086430343,4.243193380972429,2.633000000000002,0.022925968411664714,2.6330000000000022,0.0,0.022917651,0.15
4.037294439811331,1.7194500777428097,0.15,387.08275259871067,4.243058601928033,2.634000000000002,0.022925968411664714,2.634000000000002,0.0,0.022917651,0.15
4.037393623836422,1.7201458072325446,0.15,387.0384322832687,4.242923512445086,2.6350000000000025,0.022925968411664714,2.6350000000000025,0.0,0.022917651,0.15
4.0374927642230585,1.7208416737628902,0.15,386.9943206891272,4.242788111372375,2.636000000000003,0.022925968411664714,2.6360000000000023,0.0,0.022917651,0.15
4.0375918608092105,1.721537677842667,0.15,386.9504185912533,4.242652397552992,2.6370000000000022,0.022925968411664714,2.6370000000000022,0.0,0.022917651,0.15
4.037690913432049,1.722233819983221,0.15,386.9067267684555,4.2425163698242905,2.6380000000000026,0.022925968411664714,2.638000000000002,0.0,0.022917651,0.15
4.0377899219279385,1.7229301006984328,0.15,386.86324600340754,4.242380027017855,2.6390000000000025,0.022925968411664714,2.6390000000000025,0.0,0.022917651,0.15
4.037888886132424,1.7236265205047374,0.15,386.8199770826719,4.242243367959467,2.6400000000000023,0.022925968411664714,2.6400000000000023,0.0,0.022917651,0.15
4.037987805880242,1.72432307992114,0.15,386.77692079672465,4.242106391469062,2.6410000000000022,0.022925968411664718,2.6410000000000022,0.0,0.022917651,0.15
4.0380866810052956,1.7250197794692304,0.15,386.7340779399797,4.241969096360699,2.6420000000000026,0.022925968411664714,2.642000000000002,0.0,0.022917651,0.15
4.038185511340667,1.7257166196732003,0.15,386.6914493108127,4.241831481442523,2.643000000000003,0.022925968411664714,2.6430000000000025,0.0,0.022917651,0.15
4.0382842967186,1.7264136010598585,0.15,386.6490357115867,4.241693545516723,2.6440000000000023,0.022925968411664718,2.6440000000000023,0.0,0.022917651,0.15
4.03838299972286,1.72711100297855,0.15,386.60707223411026,4.2415548597903605,2.6450000000000022,0.022925968411664718,2.6450000000000022,0.0,0.022917651,0.15
4.0384815885278735,1.7278090619952275,0.15,386.5657578773465,4.241415060585437,2.6460000000000026,0.022925968411664718,2.646000000000002,0.0,0.022917651,0.15
4.038580131463595,1.7285072654302693,0.15,386.52466214472673,4.241274933495424,2.647000000000003,0.022925968411664714,2.6470000000000025,0.0,0.022917651,0.15
4.038678628357168,1.729205613827919,0.15,386.48378586014127,4.241134477284682,2.6480000000000024,0.022925968411664714,2.6480000000000024,0.0,0.022917651,0.15
4.038777079034861,1.7299041077351587,0.15,386.4431298516252,4.240993690711347,2.6490000000000022,0.022925968411664714,2.6490000000000022,0.0,0.022917651,0.15
4.038875483322071,1.7306027477017256,0.15,386.4026949513848,4.240852572527309,2.6500000000000026,0.022925968411664714,2.650000000000002,0.0,0.022917651,0.15
4.038973841043313,1.7313015342801308,0.15,386.3624819958238,4.240711121478156,2.6510000000000025,0.022925968411664714,2.6510000000000025,0.0,0.022917651,0.15
4.039072152022216,1.7320004680256729,0.15,386.32249182556995,4.240569336303142,2.6520000000000024,0.022925968411664714,2.6520000000000024,0.0,0.022917651,0.15
4.039170416081516,1.7326995494964614,0.15,386.28272528550133,4.240427215735148,2.6530000000000022,0.022925968411664714,2.6530000000000022,0.0,0.022917651,0.15
4.039268633043054,1.73339877925343,0.15,386.24318322477353,4.240284758500641,2.6540000000000026,0.022925968411664714,2.654000000000002,0.0,0.022917651,0.15
4.039366802727765,1.734098157860356,0.15,386.203866496847,4.240141963319626,2.6550000000000025,0.022925968411664714,2.6550000000000025,0.0,0.022917651,0.15
4.039464924955679,1.734797685883878,0.15,386.1647759595139,4.2399988289056205,2.6560000000000024,0.022925968411664714,2.6560000000000024,0.0,0.022917651,0.15
4.039562999545905,1.7354973638935147,0.15,386.12591247492594,4.239855353965594,2.6570000000000022,0.022925968411664714,2.6570000000000022,0.0,0.022917651,0.15
4.039661026316639,1.7361971924616832,0.15,386.08727690962195,4.239711537199945,2.6580000000000026,0.022925968411664714,2.658000000000002,0.0,0.022917651,0.15
4.039759005085145,1.7368971721637168,0.15,386.04887013455567,4.239567377302442,2.6590000000000025,0.022925968411664714,2.6590000000000025,0.0,0.022917651,0.15
4.039856935667758,1.7375973035778831,0.15,386.0106930251244,4.239422872960197,2.660000000000003,0.022925968411664714,2.6600000000000024,0.0,0.022917651,0.15
4.039954817879874,1.738297587285405,0.15,385.97274646119695,4.239278022853612,2.6610000000000023,0.022925968411664714,2.6610000000000023,0.0,0.022917651,0.15
4.040052651535942,1.7389980238704772,0.15,385.9350313271423,4.239132825656339,2.662000000000002,0.022925968411664714,2.662000000000002,0.0,0.022917651,0.15
4.040150436449467,1.739698613920287,0.15,385.89754851185853,4.238987280035241,2.663000000000003,0.022925968411664714,2.6630000000000025,0.0,0.022917651,0.15
4.0402481724329915,1.7403993580250314,0.15,385.8602989088017,4.238841384650342,2.6640000000000024,0.022925968411664714,2.6640000000000024,0.0,0.022917651,0.15
4.040345859298098,1.7411002567779386,0.15,385.8232834160153,4.238695138154784,2.6650000000000023,0.022925968411664714,2.6650000000000023,0.0,0.022917651,0.15
4.040443496855401,1.741801310775286,0.15,385.78650293615925,4.2385485391947935,2.666000000000002,0.022925968411664714,2.666000000000002,0.0,0.022917651,0.15
4.0405410849145404,1.7425025206164222,0.15,385.7499583765407,4.238401586409617,2.667000000000003,0.022925968411664718,2.6670000000000025,0.0,0.022917651,0.15
4.040638623284172,1.7432038869037811,0.15,385.7136506491424,4.238254278431497,2.6680000000000024,0.022925968411664714,2.6680000000000024,0.0,0.022917651,0.15
4.0407361117719685,1.74390541024291,0.15,385.6775806706541,4.238106613885613,2.6690000000000023,0.022925968411664718,2.6690000000000023,0.0,0.022917651,0.15
4.040833550184604,1.7446070912424825,0.15,385.6417493625027,4.237958591390037,2.670000000000002,0.022925968411664714,2.670000000000002,0.0,0.022917651,0.15
4.040930938327756,1.7453089305143228,0.15,385.60615765088244,4.237810209555697,2.671000000000003,0.022925968411664714,2.6710000000000025,0.0,0.022917651,0.15
4.041028276006094,1.7460109286734242,0.15,385.5708064667862,4.237661466986321,2.6720000000000024,0.022925968411664718,2.6720000000000024,0.0,0.022917651,0.15
4.041125563023274,1.7467130863379707,0.15,385.5356967460364,4.237512362278395,2.6730000000000027,0.022925968411664714,2.6730000000000023,0.0,0.022917651,0.15
4.041222799181932,1.7474154041293581,0.15,385.50082942931675,4.2373628940211105,2.674000000000002,0.022925968411664714,2.674000000000002,0.0,0.022917651,0.15
4.0413199842836764,1.7481178826722128,0.15,385.46620546220305,4.237213060796328,2.6750000000000025,0.022925968411664718,2.6750000000000025,0.0,0.022917651,0.15
4.041417118129088,1.7488205225944151,0.15,385.43182579519606,4.237062861178518,2.676000000000003,0.022925968411664714,2.6760000000000024,0.0,0.022917651,0.15
4.041514200517698,1.7495233245271187,0.15,385.39769138375266,4.236912293734718,2.6770000000000027,0.022925968411664714,2.6770000000000023,0.0,0.022917651,0.15
4.041611231247999,1.750226289104774,0.15,385.36380318831885,4.2367613570244815,2.678000000000002,0.022925968411664718,2.678000000000002,0.0,0.022917651,0.15
4.041708210117428,1.7509294169651477,0.15,385.3301621743621,4.236610049599837,2.6790000000000025,0.022925968411664714,2.6790000000000025,0.0,0.022917651,0.15
4.041805136922359,1.751632708749345,0.15,385.29676931240414,4.236458370005227,2.6800000000000024,0.022925968411664714,2.6800000000000024,0.0,0.022917651,0.15
4.041902011458103,1.752336165101833,0.15,385.26362557805436,4.236306316777466,2.6810000000000027,0.022925968411664714,2.6810000000000023,0.0,0.022917651,0.15
4.041998839171709,1.753039950092959,0.15,385.2308911075934,4.236153747491476,2.682000000000002,0.022925968411664714,2.682000000000002,0.0,0.022917651,0.15
4.042095642681794,1.7537447337749958,0.15,385.19921661266704,4.2360000819622154,2.6830000000000025,0.022925968411664714,2.6830000000000025,0.0,0.022917651,0.15
4.042192392012376,1.7544496629445347,0.15,385.16776991639756,4.235846054220533,2.6840000000000024,0.022925968411664714,2.6840000000000024,0.0,0.022917651,0.15
4.042289086957113,1.7551547381556636,0.15,385.13655188635346,4.235691662886948,2.6850000000000023,0.022925968411664714,2.6850000000000023,0.0,0.022917651,0.15
4.042385727308614,1.7558599599652864,0.15,385.10556339451455,4.235536906574964,2.686000000000002,0.022925968411664714,2.686000000000002,0.0,0.022917651,0.15
4.0424823128584295,1.756565328933144,0.15,385.07480531729937,4.235381783891026,2.687000000000002,0.022925968411664714,2.6870000000000025,0.0,0.022917651,0.15
4.042578843397053,1.7572708456218282,0.15,385.0442785355941,4.235226293434479,2.6880000000000024,0.022925968411664714,2.6880000000000024,0.0,0.022917651,0.15
4.042675318713906,1.7579765105968044,0.15,385.0139839347812,4.235070433797514,2.689000000000002,0.022925968411664714,2.6890000000000023,0.0,0.022917651,0.15
4.042771738597331,1.7586823244264265,0.15,384.9839224047673,4.234914203565133,2.690000000000002,0.022925968411664718,2.690000000000002,0.0,0.022917651,0.15
4.042868102834592,1.759388287681957,0.15,384.95409484001306,4.23475760131509,2.6910000000000025,0.022925968411664714,2.6910000000000025,0.0,0.022917651,0.15
4.042964411211861,1.7600944009375852,0.15,384.92450213956164,4.23460062561786,2.6920000000000024,0.022925968411664714,2.6920000000000024,0.0,0.022917651,0.15
4.04306066351421,1.7608006647704457,0.15,384.8951452070684,4.23444327503658,2.693000000000002,0.022925968411664718,2.6930000000000023,0.0,0.022917651,0.15
4.043156859525615,1.7615070797606387,0.15,384.8660249508308,4.2342855481270085,2.694000000000002,0.022925968411664714,2.694000000000002,0.0,0.022917651,0.15
4.043252999028933,1.7622136464912472,0.15,384.83714228381746,4.2341274434374725,2.695000000000003,0.022925968411664718,2.6950000000000025,0.0,0.022917651,0.15
4.043349081805907,1.762920365548357,0.15,384.808498123699,4.233968959508827,2.6960000000000024,0.022925968411664714,2.6960000000000024,0.0,0.022917651,0.15
4.043445107637151,1.7636272375210758,0.15,384.78009339287803,4.233810094874401,2.6970000000000023,0.022925968411664714,2.6970000000000023,0.0,0.022917651,0.15
4.0435410763021515,1.7643342630015542,0.15,384.75192901851955,4.23365084805995,2.698000000000002,0.022925968411664718,2.698000000000002,0.0,0.022917651,0.15
4.0436369875792515,1.7650414425850034,0.15,384.724005932582,4.233491217583609,2.699000000000003,0.022925968411664714,2.6990000000000025,0.0,0.022917651,0.15
4.043732841245646,1.7657487768697147,0.15,384.69632507184826,4.233331201955843,2.7000000000000024,0.022925968411664714,2.7000000000000024,0.0,0.022917651,0.15
4.043826913403431,1.7664184505881915,0.15,384.755562259399,4.233195759200266,2.7010000000000027,0.022925968335768914,2.7010000000000023,0.0,0.022917651,0.15
4.043920962307591,1.767088282047028,0.15,384.8149399138273,4.233060065690449,2.702000000000002,0.02292596825987311,2.702000000000002,0.0,0.022917651,0.15
4.044014987894616,1.7677582716770424,0.15,384.8744584187739,4.2329241207415365,2.703000000000003,0.02292596818397731,2.7030000000000025,0.0,0.022917651,0.15
4.044108990100762,1.768428419910622,0.15,384.9341181592776,4.232787923666177,2.704000000000003,0.02292596810808151,2.7040000000000024,0.0,0.022917651,0.15
4.044202968862057,1.769098727181732,0.15,384.9939195217822,4.232651473774511,2.705000000000002,0.022925968032185707,2.7050000000000023,0.0,0.022917651,0.15
4.044296924114294,1.769769193925923,0.15,385.0538628941423,4.232514770374162,2.706000000000002,0.022925967956289907,2.706000000000002,0.0,0.022917651,0.15
4.044390855793029,1.770439820580337,0.15,385.11394866563046,4.232377812770219,2.707000000000003,0.022925967880394103,2.7070000000000025,0.0,0.022917651,0.15
4.044484763833586,1.7711106075837149,0.15,385.17417722694273,4.232240600265231,2.7080000000000033,0.0229259678044983,2.7080000000000024,0.0,0.022917651,0.15
4.044578648171048,1.7717815553764034,0.15,385.2345489702063,4.232103132159193,2.7090000000000023,0.022925967728602507,2.7090000000000023,0.0,0.022917651,0.15
4.044672508740264,1.7724526644003649,0.15,385.29506428898526,4.231965407749537,2.710000000000002,0.022925967652706707,2.710000000000002,0.0,0.022917651,0.15
4.044766345475843,1.773123935099182,0.15,385.35572357828715,4.231827426331112,2.7110000000000025,0.022925967576810903,2.7110000000000025,0.0,0.022917651,0.15
4.044860158312152,1.7737953679180656,0.15,385.4165272345705,4.231689187196184,2.7120000000000024,0.0229259675009151,2.7120000000000024,0.0,0.022917651,0.15
4.044953947183317,1.7744669633038632,0.15,385.47747565574986,4.231550689634415,2.7130000000000027,0.022925967425019296,2.7130000000000023,0.0,0.022917651,0.15
4.0450477120232256,1.775138721705066,0.15,385.53856924120436,4.231411932932853,2.714000000000002,0.0229259673491235,2.714000000000002,0.0,0.022917651,0.15
4.045141452765516,1.7758106435718168,0.15,385.59980839178326,4.231272916375925,2.7150000000000025,0.022925967273227696,2.7150000000000025,0.0,0.022917651,0.15
4.045235169343588,1.7764827293559167,0.15,385.6611935098128,4.231133639245417,2.7160000000000024,0.022925967197331892,2.7160000000000024,0.0,0.022917651,0.15
4.0453287201876424,1.7771556522820007,0.15,385.7233243699355,4.230992862248392,2.7170000000000023,0.022925967121436092,2.7170000000000023,0.0,0.022917651,0.15
4.045422206622253,1.7778289402279053,0.15,385.78577955002737,4.230851462656006,2.718000000000002,0.022925967045540292,2.718000000000002,0.0,0.022917651,0.15
4.045515670408108,1.7785023960198316,0.15,385.84838328205467,4.2307098046227365,2.719000000000002,0.02292596696964449,2.7190000000000025,0.0,0.022917651,0.15
4.0456091114841755,1.7791760201100904,0.15,385.91113596633465,4.230567887452137,2.720000000000003,0.022925966893748696,2.7200000000000024,0.0,0.022917651,0.15
4.045702529789201,1.7798498129526188,0.15,385.9740380046241,4.2304257104452585,2.7210000000000023,0.02292596681785289,2.7210000000000023,0.0,0.022917651,0.15
4.045795925261712,1.7805237750029888,0.15,386.0370898001262,4.230283272900634,2.7220000000000026,0.02292596674195709,2.722000000000002,0.0,0.022917651,0.15
4.045889297840012,1.7811979067184134,0.15,386.1002917574966,4.230140574114268,2.7230000000000025,0.02292596666606129,2.7230000000000025,0.0,0.022917651,0.15
4.045982647462184,1.7818722085577532,0.15,386.16364428285016,4.229997613379632,2.7240000000000024,0.02292596659016548,2.7240000000000024,0.0,0.022917651,0.15
4.046075974066088,1.782546680981527,0.15,386.2271477837675,4.229854389987643,2.7250000000000023,0.02292596651426968,2.7250000000000023,0.0,0.022917651,0.15
4.046169277589357,1.7832213244519155,0.15,386.29080266930197,4.229710903226656,2.7260000000000026,0.022925966438373885,2.726000000000002,0.0,0.022917651,0.15
4.046262557969399,1.7838961394327717,0.15,386.3546093499854,4.229567152382455,2.727000000000003,0.02292596636247808,2.7270000000000025,0.0,0.022917651,0.15
4.046355815143397,1.784571126389626,0.15,386.41856823783576,4.229423136738239,2.728000000000003,0.022925966286582278,2.7280000000000024,0.0,0.022917651,0.15
4.046449049048306,1.785246285789696,0.15,386.48267974636343,4.229278855574608,2.7290000000000023,0.022925966210686474,2.7290000000000023,0.0,0.022917651,0.15
4.0465422596208525,1.785921618101894,0.15,386.5469442905779,4.229134308169559,2.730000000000002,0.022925966134790678,2.730000000000002,0.0,0.022917651,0.15
4.0466354467975325,1.786597123796833,0.15,386.611362286995,4.228989493798464,2.7310000000000025,0.02292596605889488,2.7310000000000025,0.0,0.022917651,0.15
4.046728610514612,1.7872728033468346,0.15,386.6759341536429,4.228844411734063,2.7320000000000024,0.022925965982999074,2.7320000000000024,0.0,0.022917651,0.15
4.046821750708126,1.787948657225939,0.15,386.74066031007015,4.228699061246455,2.7330000000000028,0.022925965907103277,2.7330000000000023,0.0,0.022917651,0.15
4.046914867313874,1.7886246859099102,0.15,386.80554117735136,4.22855344160308,2.734000000000002,0.022925965831207474,2.734000000000002,0.0,0.022917651,0.15
4.047007960267426,1.7893008898762468,0.15,386.8705771780953,4.228407552068715,2.7350000000000025,0.02292596575531167,2.7350000000000025,0.0,0.022917651,0.15
4.0471010295041125,1.789977269604186,0.15,386.9357687364509,4.228261391905449,2.7360000000000024,0.02292596567941587,2.7360000000000024,0.0,0.022917651,0.15
4.047194074959032,1.7906538255747142,0.15,387.001116278115,4.228114960372687,2.7370000000000023,0.022925965603520067,2.7370000000000023,0.0,0.022917651,0.15
4.047287096567044,1.7913305582705754,0.15,387.0666202303389,4.227968256727123,2.7380000000000027,0.02292596552762427,2.738000000000002,0.0,0.022917651,0.15
4.047380094262768,1.7920074681762772,0.15,387.132281021936,4.2278212802227335,2.739000000000003,0.022925965451728467,2.7390000000000025,0.0,0.022917651,0.15
4.047473067980589,1.7926845557781004,0.15,387.1980990832884,4.227674030110772,2.7400000000000024,0.022925965375832663,2.7400000000000024,0.0,0.022917651,0.15
4.047566017654648,1.793361821564106,0.15,387.26407484635433,4.227526505639745,2.7410000000000028,0.022925965299936867,2.7410000000000023,0.0,0.022917651,0.15
4.0476589432188455,1.7940392660241453,0.15,387.3302087446755,4.227378706055403,2.742000000000002,0.022925965224041063,2.742000000000002,0.0,0.022917651,0.15
4.047751844606841,1.7947168896498658,0.15,387.39650121338406,4.227230630600733,2.7430000000000025,0.02292596514814526,2.7430000000000025,0.0,0.022917651,0.15
4.047844721752047,1.79539469293472,0.15,387.4629526892103,4.227082278515943,2.744000000000002,0.022925965072249463,2.7440000000000024,0.0,0.022917651,0.15
4.047937574587636,1.7960726763739756,0.15,387.52956361048945,4.226933649038442,2.7450000000000028,0.02292596499635366,2.7450000000000023,0.0,0.022917651,0.15
4.048030403046529,1.7967508404647208,0.15,387.59633441716966,4.226784741402839,2.746000000000002,0.02292596492045786,2.746000000000002,0.0,0.022917651,0.15
4.048123207061405,1.7974291857058755,0.15,387.66326555081883,4.226635554840923,2.7470000000000026,0.02292596484456206,2.7470000000000026,0.0,0.022917651,0.15
4.048215986564692,1.7981077125981977,0.15,387.7303574546326,4.226486088581652,2.748000000000003,0.022925964768666256,2.7480000000000024,0.0,0.022917651,0.15
4.048308688984597,1.7987867841860126,0.15,387.79806796968916,4.226335769293683,2.7490000000000023,0.022925964692770452,2.7490000000000023,0.0,0.022917651,0.15
4.048401250526104,1.7994668479320064,0.15,387.86696905779826,4.2261838943486145,2.750000000000002,0.022925964616874656,2.750000000000002,0.0,0.022917651,0.15
4.048493786822782,1.8001471090726242,0.15,387.936061840403,4.22603172105141,2.7510000000000026,0.022925964540978852,2.7510000000000026,0.0,0.022917651,0.15
4.048586297801895,1.8008275681766002,0.15,388.00534686981456,4.225879248542454,2.7520000000000024,0.02292596446508305,2.7520000000000024,0.0,0.022917651,0.15
4.048678783390429,1.8015082258148556,0.15,388.0748247004679,4.22572647595883,2.753000000000002,0.02292596438918725,2.7530000000000023,0.0,0.022917651,0.15
4.048771243515087,1.8021890825605094,0.15,388.144495888932,4.225573402434298,2.7540000000000027,0.02292596431329145,2.7540000000000022,0.0,0.022917651,0.15
4.048863678102289,1.8028701389888884,0.15,388.2143609939201,4.225420027099276,2.7550000000000026,0.02292596423739565,2.7550000000000026,0.0,0.022917651,0.15
4.0489560870781744,1.8035513956775377,0.15,388.28442057629996,4.225266349080837,2.756000000000003,0.02292596416149985,2.7560000000000024,0.0,0.022917651,0.15
4.049048470368596,1.804232853206233,0.15,388.35467519910463,4.225112367502678,2.7570000000000023,0.022925964085604045,2.7570000000000023,0.0,0.022917651,0.15
4.0491408278991186,1.8049145121569894,0.15,388.4251254275424,4.224958081485112,2.7580000000000022,0.02292596400970824,2.7580000000000022,0.0,0.022917651,0.15
4.049233159595021,1.805596373114073,0.15,388.4957718290079,4.22480349014505,2.7590000000000026,0.022925963933812445,2.7590000000000026,0.0,0.022917651,0.15
4.0493254653812905,1.8062784366640112,0.15,388.56661497309193,4.224648592595985,2.7600000000000025,0.02292596385791664,2.7600000000000025,0.0,0.022917651,0.15
4.049417745182628,1.8069607033956052,0.15,388.63765543159275,4.224493387947972,2.7610000000000023,0.02292596378202084,2.7610000000000023,0.0,0.022917651,0.15
4.049509998923437,1.8076431738999406,0.15,388.7088937785265,4.224337875307618,2.7620000000000022,0.022925963706125038,2.7620000000000022,0.0,0.022917651,0.15
4.049602226527832,1.8083258487703964,0.15,388.7803305901381,4.224182053778057,2.763000000000003,0.022925963630229237,2.7630000000000026,0.0,0.022917651,0.15
4.049694427919629,1.809008728602658,0.15,388.8519664449116,4.224025922458941,2.764000000000003,0.022925963554333437,2.7640000000000025,0.0,0.022917651,0.15
4.049786603022351,1.8096918139947293,0.15,388.9238019235821,4.223869480446417,2.7650000000000023,0.022925963478437634,2.7650000000000023,0.0,0.022917651,0.15
4.04987875175922,1.8103751055469421,0.15,388.9958376091456,4.2237127268331145,2.7660000000000022,0.022925963402541834,2.7660000000000022,0.0,0.022917651,0.15
4.049970874053161,1.8110586038619683,0.15,389.06807408687047,4.223555660708124,2.7670000000000026,0.022925963326646034,2.7670000000000026,0.0,0.022917651,0.15
4.050062969826797,1.8117423095448304,0.15,389.14051194430886,4.223398281156985,2.7680000000000025,0.022925963250750234,2.7680000000000025,0.0,0.022917651,0.15
4.05015503900245,1.8124262232029142,0.15,389.21315177130714,4.223240587261661,2.7690000000000023,0.02292596317485443,2.7690000000000023,0.0,0.022917651,0.15
4.050247081502136,1.8131103454459805,0.15,389.2859941600177,4.223082578100533,2.7700000000000022,0.022925963098958627,2.7700000000000022,0.0,0.022917651,0.15
4.05033909724757,1.8137946768861761,0.15,389.3590397049101,4.22292425274837,2.7710000000000026,0.022925963023062827,2.7710000000000026,0.0,0.022917651,0.15
4.050431086160157,1.8144792181380438,0.15,389.4322890027823,4.22276561027632,2.772000000000002,0.022925962947167026,2.7720000000000025,0.0,0.022917651,0.15
4.050523048160993,1.8151639698185378,0.15,389.50574265277197,4.2226066497518895,2.773000000000003,0.022925962871271226,2.7730000000000024,0.0,0.022917651,0.15
4.050614983170869,1.8158489325470322,0.15,389.57940125636816,4.222447370238924,2.7740000000000022,0.022925962795375423,2.7740000000000022,0.0,0.022917651,0.15
4.050706891110259,1.8165341069453358,0.15,389.65326541742303,4.222287770797591,2.7750000000000026,0.022925962719479623,2.7750000000000026,0.0,0.022917651,0.15
4.050798771899329,1.8172194936377009,0.15,389.72733574216295,4.222127850484365,2.776000000000003,0.02292596264358382,2.7760000000000025,0.0,0.022917651,0.15
4.050890625457928,1.817905093250837,0.15,389.8016128392005,4.221967608352003,2.7770000000000024,0.02292596256768802,2.7770000000000024,0.0,0.022917651,0.15
4.050982451705592,1.8185909064139238,0.15,389.8760973195464,4.221807043449535,2.7780000000000022,0.02292596249179222,2.7780000000000022,0.0,0.022917651,0.15
4.0510742489859,1.8192769296755582,0.15,389.95081830138525,4.22164615259211,2.7790000000000026,0.022925962415896416,2.7790000000000026,0.0,0.022917651,0.15
4.05116594987352,1.8199629694339998,0.15,390.0270330259546,4.2214848591940966,2.7800000000000025,0.022925962340000616,2.7800000000000025,0.0,0.022917651,0.15
4.051257626720878,1.8206491950155186,0.15,390.1034685803836,4.221323283798771,2.7810000000000024,0.022925962264104816,2.7810000000000024,0.0,0.022917651,0.15
4.051349279464814,1.8213356069083295,0.15,390.180125544862,4.221161425665236,2.7820000000000022,0.022925962188209012,2.7820000000000022,0.0,0.022917651,0.15
4.051440908041944,1.8220222056023618,0.15,390.257004501614,4.220999284049999,2.7830000000000026,0.022925962112313215,2.7830000000000026,0.0,0.022917651,0.15
4.051532512388662,1.8227089915892611,0.15,390.3341060349067,4.220836858206956,2.7840000000000025,0.022925962036417412,2.7840000000000025,0.0,0.022917651,0.15
4.051624092441142,1.823395965362402,0.15,390.4114307310594,4.220674147387386,2.785000000000003,0.02292596196052161,2.7850000000000024,0.0,0.022917651,0.15
4.051715648135329,1.8240831274168914,0.15,390.4889791784527,4.220511150839929,2.7860000000000023,0.02292596188462581,2.7860000000000023,0.0,0.022917651,0.15
4.051807179406945,1.8247704782495813,0.15,390.5667519675373,4.220347867810592,2.7870000000000026,0.022925961808730008,2.7870000000000026,0.0,0.022917651,0.15
4.051898686191485,1.8254580183590707,0.15,390.64474969084324,4.2201842975427155,2.788000000000003,0.022925961732834205,2.7880000000000025,0.0,0.022917651,0.15
4.0519901684242186,1.8261457482457168,0.15,390.72297294298903,4.22002043927698,2.7890000000000024,0.022925961656938405,2.7890000000000024,0.0,0.022917651,0.15
4.052081626040183,1.8268336684116424,0.15,390.80142232069085,4.219856292251385,2.7900000000000023,0.022925961581042605,2.7900000000000023,0.0,0.022917651,0.15
4.052173058974189,1.8275217793607432,0.15,390.880098422772,4.2196918557012415,2.7910000000000026,0.022925961505146805,2.7910000000000026,0.0,0.022917651,0.15
4.052264467160817,1.828210081598695,0.15,390.95900185017183,4.219527128859155,2.7920000000000025,0.022925961429251,2.7920000000000025,0.0,0.022917651,0.15
4.052355850534415,1.828898575632963,0.15,391.03813320595543,4.219362110955018,2.7930000000000024,0.022925961353355197,2.7930000000000024,0.0,0.022917651,0.15
4.052447209029099,1.8295872619728084,0.15,391.1174930953229,4.219196801215996,2.7940000000000023,0.022925961277459397,2.7940000000000023,0.0,0.022917651,0.15
4.052538542578751,1.830276141129298,0.15,391.19708212561886,4.219031198866518,2.7950000000000026,0.022925961201563597,2.7950000000000026,0.0,0.022917651,0.15
4.05262985111702,1.8309652136153096,0.15,391.27690090634184,4.218865303128261,2.7960000000000025,0.022925961125667797,2.7960000000000025,0.0,0.022917651,0.15
4.052721134577317,1.8316544799455423,0.15,391.35695004915385,4.218699113220138,2.7970000000000024,0.022925961049771994,2.7970000000000024,0.0,0.022917651,0.15
4.052812392892821,1.8323439406365245,0.15,391.43723016789045,4.21853262835829,2.7980000000000027,0.02292596097387619,2.7980000000000023,0.0,0.022917651,0.15
4.052903625996466,1.8330335962066204,0.15,391.51774187856955,4.218365847756066,2.7990000000000026,0.022925960897980394,2.7990000000000026,0.0,0.022917651,0.15
4.052994833820954,1.833723447176039,0.15,391.59848579940154,4.218198770624019,2.8000000000000025,0.022925960822084594,2.8000000000000025,0.0,0.022917651,0.15
4.053086310853424,1.8343787518546903,0.15,391.6452983186443,4.218061773472277,2.801000000000003,0.02292596082208459,2.8010000000000024,0.0,0.022917651,0.15
4.053177763118196,1.8350342078370765,0.15,391.69225105893645,4.217924525945475,2.8020000000000023,0.022925960822084587,2.8020000000000023,0.0,0.022917651,0.15
4.0532691905451825,1.8356898155513466,0.15,391.7393444170658,4.217787027335118,2.8030000000000026,0.02292596082208459,2.8030000000000026,0.0,0.022917651,0.15
4.053360593064032,1.8363455754272657,0.15,391.78657879131873,4.217649276930039,2.8040000000000025,0.022925960822084594,2.8040000000000025,0.0,0.022917651,0.15
4.05345197060413,1.8370014878962249,0.15,391.8339545814872,4.217511274016378,2.8050000000000024,0.02292596082208459,2.8050000000000024,0.0,0.022917651,0.15
4.053543323094592,1.8376575533912465,0.15,391.8814721888756,4.217373017877575,2.8060000000000023,0.022925960822084587,2.8060000000000023,0.0,0.022917651,0.15
4.053634650464265,1.8383137723469931,0.15,391.9291320163084,4.217234507794358,2.8070000000000026,0.02292596082208459,2.8070000000000026,0.0,0.022917651,0.15
4.053725952641729,1.8389701451997749,0.15,391.97693446813713,4.217095743044729,2.808000000000002,0.02292596082208459,2.8080000000000025,0.0,0.022917651,0.15
4.05381722955529,1.8396266723875576,0.15,392.0248799502475,4.216956722903949,2.8090000000000024,0.022925960822084594,2.8090000000000024,0.0,0.022917651,0.15
4.053908481132981,1.8402833543499704,0.15,392.0729688700667,4.216817446644524,2.8100000000000023,0.022925960822084594,2.8100000000000023,0.0,0.022917651,0.15
4.05399965155806,1.8409405337098377,0.15,392.12162844370624,4.216677348419116,2.811000000000003,0.022925960822084594,2.8110000000000026,0.0,0.022917651,0.15
4.054090681649814,1.8415985690362853,0.15,392.1713026456173,4.216535832976292,2.8120000000000025,0.02292596082208459,2.8120000000000025,0.0,0.022917651,0.15
4.054181685970298,1.8422567547003705,0.15,392.22110959856997,4.216394064103595,2.8130000000000024,0.02292596082208459,2.8130000000000024,0.0,0.022917651,0.15
4.054272664447706,1.8429150911209797,0.15,392.27104967245003,4.216252041094885,2.8140000000000023,0.022925960822084594,2.8140000000000023,0.0,0.022917651,0.15
4.0543636170099635,1.8435735787185592,0.15,392.32112323851834,4.2161097632414055,2.8150000000000026,0.022925960822084594,2.8150000000000026,0.0,0.022917651,0.15
4.054454543584726,1.8442322179151174,0.15,392.3713306694175,4.215967229831758,2.816000000000002,0.02292596082208459,2.8160000000000025,0.0,0.022917651,0.15
4.054545444099387,1.8448910091342368,0.15,392.4216723391788,4.215824440151895,2.8170000000000024,0.022925960822084594,2.8170000000000024,0.0,0.022917651,0.15
4.0546363184810605,1.8455499528010788,0.15,392.472148623228,4.215681393485105,2.8180000000000027,0.022925960822084594,2.8180000000000023,0.0,0.022917651,0.15
4.054727166656593,1.8462090493423922,0.15,392.52275989839194,4.215538089112002,2.8190000000000026,0.02292596082208459,2.8190000000000026,0.0,0.022917651,0.15
4.054817988552558,1.8468682991865182,0.15,392.5735065429055,4.215394526310511,2.820000000000003,0.022925960822084594,2.8200000000000025,0.0,0.022917651,0.15
4.054908784095251,1.847527702763402,0.15,392.62438893641786,4.215250704355861,2.8210000000000024,0.02292596082208459,2.8210000000000024,0.0,0.022917651,0.15
4.054999553210696,1.848187260504598,0.15,392.67540745999924,4.2151066225205644,2.8220000000000027,0.022925960822084594,2.8220000000000023,0.0,0.022917651,0.15
4.055090295824637,1.8488469728432753,0.15,392.7265624961474,4.214962280074411,2.823000000000003,0.02292596082208459,2.8230000000000026,0.0,0.022917651,0.15
4.05518101186254,1.8495068402142294,0.15,392.7778544287945,4.214817676284449,2.824000000000003,0.02292596082208459,2.8240000000000025,0.0,0.022917651,0.15
4.055271701249593,1.8501668630538863,0.15,392.8292836433137,4.214672810414978,2.825000000000003,0.02292596082208459,2.8250000000000024,0.0,0.022917651,0.15
4.0553623639106995,1.8508270418003128,0.15,392.880850526526,4.214527681727532,2.8260000000000023,0.022925960822084597,2.8260000000000023,0.0,0.022917651,0.15
4.055452999770484,1.8514873768932225,0.15,392.93255546670713,4.214382289480869,2.8270000000000026,0.022925960822084594,2.8270000000000026,0.0,0.022917651,0.15
4.055543608753287,1.8521478687739839,0.15,392.9843988535942,4.214236632930961,2.8280000000000025,0.022925960822084594,2.8280000000000025,0.0,0.022917651,0.15
4.05563419078316,1.8528085178856288,0.15,393.0363810783927,4.214090711330967,2.8290000000000024,0.02292596082208459,2.8290000000000024,0.0,0.022917651,0.15
4.055724745783873,1.8534693246728597,0.15,393.08850253378336,4.213944523931239,2.8300000000000023,0.022925960822084583,2.8300000000000023,0.0,0.022917651,0.15
4.055815273678906,1.8541302895820575,0.15,393.14076361392927,4.213798069979294,2.8310000000000026,0.022925960822084594,2.8310000000000026,0.0,0.022917651,0.15
4.05590577439145,1.8547914130612895,0.15,393.19316471448263,4.213651348719808,2.8320000000000025,0.02292596082208459,2.8320000000000025,0.0,0.022917651,0.15
4.055996247844405,1.8554526955603177,0.15,393.2457062325921,4.213504359394601,2.8330000000000024,0.02292596082208459,2.8330000000000024,0.0,0.022917651,0.15
4.05608669396038,1.8561141375306065,0.15,393.29838856690947,4.21335710124262,2.8340000000000023,0.02292596082208459,2.8340000000000023,0.0,0.022917651,0.15
4.0561771126616915,1.856775739425332,0.15,393.35121211759724,4.213209573499933,2.8350000000000026,0.02292596082208459,2.8350000000000026,0.0,0.022917651,0.15
4.056267503870359,1.8574375016993867,0.15,393.4041772863354,4.213061775399705,2.836000000000003,0.02292596082208459,2.8360000000000025,0.0,0.022917651,0.15
4.056357867508109,1.8580994248093918,0.15,393.4572844763289,4.212913706172197,2.837000000000003,0.02292596082208459,2.8370000000000024,0.0,0.022917651,0.15
4.056448203496367,1.8587615092137033,0.15,393.5105340923146,4.212765365044738,2.8380000000000027,0.02292596082208459,2.8380000000000023,0.0,0.022917651,0.15
4.056538511756263,1.8594237553724202,0.15,393.5639265405689,4.212616751241722,2.839000000000002,0.02292596082208459,2.8390000000000026,0.0,0.022917651,0.15
4.056628792208625,1.8600861637473927,0.15,393.61746222891486,4.212467863984592,2.8400000000000025,0.02292596082208459,2.8400000000000025,0.0,0.022917651,0.15
4.056719044773979,1.8607487348022318,0.15,393.6711415667297,4.21231870249182,2.8410000000000024,0.022925960822084594,2.8410000000000024,0.0,0.022917651,0.15
4.056809269372551,1.8614114690023162,0.15,393.7249649649519,4.2121692659789,2.8420000000000023,0.02292596082208459,2.8420000000000023,0.0,0.022917651,0.15
4.056899465924256,1.8620743668148017,0.15,393.778932836089,4.212019553658329,2.8430000000000026,0.022925960822084594,2.8430000000000026,0.0,0.022917651,0.15
4.05698963434871,1.8627374287086291,0.15,393.83304559422487,4.211869564739596,2.844000000000003,0.022925960822084594,2.8440000000000025,0.0,0.022917651,0.15
4.057079774565218,1.8634006551545335,0.15,393.88730365502755,4.211719298429165,2.8450000000000024,0.022925960822084594,2.8450000000000024,0.0,0.022917651,0.15
4.057169886492776,1.864064046625052,0.15,393.9417074357565,4.211568753930464,2.8460000000000027,0.022925960822084594,2.8460000000000023,0.0,0.022917651,0.15
4.057259970050069,1.8647276035945326,0.15,393.99625735527013,4.211417930443862,2.8470000000000026,0.02292596082208459,2.8470000000000026,0.0,0.022917651,0.15
4.057350000012207,1.8653914727353231,0.15,394.0512175418227,4.21126658041869,2.8480000000000025,0.02292596082208459,2.8480000000000025,0.0,0.022917651,0.15
4.057439861660696,1.8660563200884186,0.15,394.1078022259349,4.211113579052499,2.849000000000003,0.02292596082208459,2.8490000000000024,0.0,0.022917651,0.15
4.0575296951506115,1.8667213299848628,0.15,394.1645494861577,4.210960302527506,2.8500000000000023,0.02292596082208459,2.8500000000000023,0.0,0.022917651,0.15
4.057619500402991,1.86738650288045,0.15,394.22145977837533,4.2108067500721305,2.851000000000003,0.02292596082208459,2.8510000000000026,0.0,0.022917651,0.15
4.0577092773385806,1.868051839232677,0.15,394.27853356017823,4.2106529209119055,2.8520000000000025,0.02292596082208459,2.8520000000000025,0.0,0.022917651,0.15
4.057799025877826,1.8687173395007561,0.15,394.3357712908707,4.21049881426946,2.853000000000003,0.02292596082208459,2.8530000000000024,0.0,0.022917651,0.15
4.057888745940877,1.8693830041456208,0.15,394.3931734314793,4.210344429364511,2.8540000000000023,0.02292596082208459,2.8540000000000023,0.0,0.022917651,0.15
4.057978437447583,1.8700488336299352,0.15,394.4507404447607,4.210189765413848,2.855000000000003,0.02292596082208459,2.8550000000000026,0.0,0.022917651,0.15
4.058068100317493,1.8707148284180994,0.15,394.5084727952098,4.2100348216313135,2.8560000000000025,0.02292596082208459,2.8560000000000025,0.0,0.022917651,0.15
4.0581577344698525,1.8713809889762623,0.15,394.56637094906824,4.209879597227801,2.857000000000003,0.02292596082208459,2.8570000000000024,0.0,0.022917651,0.15
4.058247339823603,1.8720473157723245,0.15,394.6244353743318,4.209724091411229,2.8580000000000028,0.02292596082208459,2.8580000000000023,0.0,0.022917651,0.15
4.058336916297382,1.872713809275951,0.15,394.68266654075984,4.209568303386533,2.8590000000000027,0.02292596082208459,2.8590000000000027,0.0,0.022917651,0.15
4.058426463809518,1.8733804699585768,0.15,394.7410649198825,4.209412232355653,2.860000000000002,0.02292596082208459,2.8600000000000025,0.0,0.022917651,0.15
4.058515982278033,1.8740472982934169,0.15,394.7996309850098,4.209255877517516,2.8610000000000024,0.022925960822084594,2.8610000000000024,0.0,0.022917651,0.15
4.058605471620641,1.874714294755473,0.15,394.8583652112397,4.209099238068022,2.8620000000000023,0.02292596082208459,2.8620000000000023,0.0,0.022917651,0.15
4.058694931754738,1.8753814598215437,0.15,394.91726807546644,4.20894231320003,2.863000000000003,0.02292596082208459,2.8630000000000027,0.0,0.022917651,0.15
4.058784362597417,1.876048793970232,0.15,394.9763400563895,4.208785102103346,2.8640000000000025,0.022925960822084594,2.8640000000000025,0.0,0.022917651,0.15
4.05887376406545,1.8767162976819536,0.15,395.03558163452175,4.208627603964707,2.8650000000000024,0.02292596082208459,2.8650000000000024,0.0,0.022917651,0.15
4.058963136075295,1.8773839714389462,0.15,395.0949932921982,4.208469817967761,2.8660000000000023,0.022925960822084594,2.8660000000000023,0.0,0.022917651,0.15
4.059052478543094,1.8780518157252788,0.15,395.1545755135845,4.208311743293065,2.8670000000000027,0.02292596082208459,2.8670000000000027,0.0,0.022917651,0.15
4.05914179138467,1.8787198310268578,0.15,395.2143287846859,4.208153379118058,2.868000000000003,0.022925960822084594,2.8680000000000025,0.0,0.022917651,0.15
4.059231074515525,1.8793880178314384,0.15,395.2742535933557,4.20799472461705,2.869000000000003,0.022925960822084594,2.8690000000000024,0.0,0.022917651,0.15
4.059320327850839,1.8800563766286322,0.15,395.3343504293043,4.207835778961212,2.8700000000000028,0.02292596082208459,2.8700000000000023,0.0,0.022917651,0.15
4.059409551305473,1.8807249079099173,0.15,395.39461978410793,4.2076765413185555,2.8710000000000027,0.02292596082208459,2.8710000000000027,0.0,0.022917651,0.15
4.059498744793956,1.8813936121686436,0.15,395.45506215121736,4.207517010853918,2.8720000000000026,0.02292596082208459,2.8720000000000026,0.0,0.022917651,0.15
4.0595879082304975,1.8820624899000469,0.15,395.51567802596725,4.20735718672895,2.8730000000000024,0.02292596082208459,2.8730000000000024,0.0,0.022917651,0.15
4.059677041528976,1.882731541601254,0.15,395.5764679055848,4.207197068102096,2.874000000000002,0.022925960822084594,2.8740000000000023,0.0,0.022917651,0.15
4.059766144602942,1.8834007677712936,0.15,395.63743228919907,4.207036654128587,2.875000000000003,0.02292596082208459,2.8750000000000027,0.0,0.022917651,0.15
4.059855217365612,1.8840701689111037,0.15,395.69857167784966,4.206875943960416,2.876000000000003,0.02292596082208459,2.8760000000000026,0.0,0.022917651,0.15
4.059944259729875,1.8847397455235433,0.15,395.75988657449636,4.2067149367463275,2.877000000000003,0.022925960822084594,2.8770000000000024,0.0,0.022917651,0.15
4.0600332716082805,1.885409498113399,0.15,395.82137748402806,4.206553631631801,2.8780000000000023,0.022925960822084594,2.8780000000000023,0.0,0.022917651,0.15
4.060122252913045,1.8860794271873969,0.15,395.88304491327216,4.206392027759036,2.8790000000000022,0.02292596082208459,2.8790000000000027,0.0,0.022917651,0.15
4.06021120355605,1.886749533254209,0.15,395.9448893710036,4.206230124266933,2.8800000000000026,0.02292596082208459,2.8800000000000026,0.0,0.022917651,0.15
4.060300123448833,1.8874198168244642,0.15,396.0069113679548,4.2060679202910825,2.881000000000002,0.02292596082208459,2.8810000000000024,0.0,0.022917651,0.15
4.060389012502593,1.8880902784107583,0.15,396.0691114168241,4.205905414963747,2.8820000000000023,0.02292596082208459,2.8820000000000023,0.0,0.022917651,0.15
4.06047768905372,1.8887618831705584,0.15,396.1328760775923,4.205740916241514,2.8830000000000027,0.022925960822084594,2.8830000000000027,0.0,0.022917651,0.15
4.060566286214346,1.8894339555760076,0.15,396.1972415836802,4.205575632242202,2.8840000000000026,0.02292596082208459,2.8840000000000026,0.0,0.022917651,0.15
4.06065485761634,1.8901062148586227,0.15,396.26180522675736,4.205410058326614,2.8850000000000025,0.022925960822084594,2.8850000000000025,0.0,0.022917651,0.15
4.06074340319056,1.8907786615200206,0.15,396.32656753866473,4.2052441937165534,2.8860000000000023,0.02292596082208459,2.8860000000000023,0.0,0.022917651,0.15
4.060831922867617,1.8914512960636167,0.15,396.3915290531487,4.205078037631038,2.8870000000000027,0.02292596082208459,2.8870000000000027,0.0,0.022917651,0.15
4.060920416577873,1.892124118994629,0.15,396.45669030586896,4.204911589286283,2.8880000000000026,0.02292596082208459,2.8880000000000026,0.0,0.022917651,0.15
4.061008884251441,1.8927971308200904,0.15,396.52205183440765,4.204744847895693,2.889000000000003,0.02292596082208459,2.8890000000000025,0.0,0.022917651,0.15
4.061097325818181,1.8934703320488533,0.15,396.58761417827765,4.204577812669847,2.8900000000000023,0.02292596082208459,2.8900000000000023,0.0,0.022917651,0.15
4.061185741207702,1.8941437231916007,0.15,396.6533778789317,4.204410482816485,2.8910000000000027,0.022925960822084594,2.8910000000000027,0.0,0.022917651,0.15
4.06127413034936,1.8948173047608532,0.15,396.7193434797704,4.204242857540496,2.8920000000000026,0.022925960822084594,2.8920000000000026,0.0,0.022917651,0.15
4.061362493172257,1.8954910772709763,0.15,396.7855115261517,4.2040749360439085,2.893000000000002,0.02292596082208459,2.8930000000000025,0.0,0.022917651,0.15
4.061450829605237,1.8961650412381905,0.15,396.85188256539953,4.203906717525869,2.8940000000000023,0.02292596082208459,2.8940000000000023,0.0,0.022917651,0.15
4.061539139576889,1.8968391971805785,0.15,396.9184571468122,4.20373820118264,2.8950000000000027,0.02292596082208459,2.8950000000000027,0.0,0.022917651,0.15
4.061627423015545,1.8975135456180938,0.15,396.985235821672,4.203569386207577,2.8960000000000026,0.022925960822084594,2.8960000000000026,0.0,0.022917651,0.15
4.061715679849277,1.8981880870725691,0.15,397.05221914325375,4.203400271791126,2.8970000000000025,0.02292596082208459,2.8970000000000025,0.0,0.022917651,0.15
4.061803910005897,1.8988628220677262,0.15,397.1194076668337,4.203230857120797,2.8980000000000024,0.02292596082208459,2.8980000000000024,0.0,0.022917651,0.15
4.061892113412954,1.8995377511291822,0.15,397.18680194969915,4.203061141381162,2.8990000000000027,0.022925960822084594,2.8990000000000027,0.0,0.022917651,0.15
4.061980289997737,1.9002128747844584,0.15,397.254402551159,4.202891123753836,2.900000000000003,0.022925960822084594,2.9000000000000026,0.0,0.022917651,0.15
4.062063060774193,1.900861201173992,0.15,398.0998343241667,4.202721113006964,2.9010000000000025,0.02292596077003807,2.9010000000000025,0.0,0.022917651,0.15
4.062145800734077,1.9015096365762776,0.15,398.94587599495367,4.202550869984477,2.9020000000000024,0.022925960717991547,2.9020000000000024,0.0,0.022917651,0.15
4.062228509788777,1.902158181304778,0.15,399.7925293172656,4.202380394018471,2.9030000000000027,0.022925960665945034,2.9030000000000027,0.0,0.022917651,0.15
4.062311187849341,1.9028068356741599,0.15,400.63979605157755,4.202209684438482,2.9040000000000026,0.022925960613898518,2.9040000000000026,0.0,0.022917651,0.15
4.062393834826475,1.9034556000002982,0.15,401.487677965128,4.202038740571468,2.9050000000000025,0.022925960561851994,2.9050000000000025,0.0,0.022917651,0.15
4.062476450630538,1.9041044746002824,0.15,402.3361768319502,4.2018675617418,2.906000000000003,0.02292596050980547,2.9060000000000024,0.0,0.022917651,0.15
4.062559035171554,1.904753459792423,0.15,403.18529443290566,4.201696147271249,2.9070000000000027,0.022925960457758954,2.9070000000000027,0.0,0.022917651,0.15
4.06264158835919,1.9054025558962557,0.15,404.0350325557153,4.201524496478972,2.9080000000000026,0.02292596040571244,2.9080000000000026,0.0,0.022917651,0.15
4.062724110102769,1.906051763232549,0.15,404.8853929949949,4.201352608681502,2.909000000000003,0.02292596035366592,2.9090000000000025,0.0,0.022917651,0.15
4.062806600311264,1.9067010821233097,0.15,405.7363775522868,4.201180483192733,2.910000000000003,0.022925960301619405,2.9100000000000024,0.0,0.022917651,0.15
4.062889058893297,1.907350512891789,0.15,406.58798803609426,4.201008119323908,2.9110000000000036,0.022925960249572882,2.9110000000000027,0.0,0.022917651,0.15
4.062971485757132,1.908000055862486,0.15,407.44022626191315,4.2008355163836075,2.912000000000003,0.02292596019752636,2.9120000000000026,0.0,0.022917651,0.15
4.0630538808106875,1.9086497113611594,0.15,408.29309405226894,4.200662673677734,2.913000000000003,0.022925960145479846,2.9130000000000025,0.0,0.022917651,0.15
4.063136243961514,1.9092994797148275,0.15,409.1465932367482,4.200489590509504,2.914000000000003,0.022925960093433326,2.9140000000000024,0.0,0.022917651,0.15
4.063218575116811,1.9099493612517786,0.15,410.0007256520342,4.200316266179425,2.9150000000000027,0.022925960041386806,2.9150000000000027,0.0,0.022917651,0.15
4.0633008741834145,1.9105993563015735,0.15,410.85549314193986,4.200142699985293,2.916000000000003,0.022925959989340286,2.9160000000000026,0.0,0.022917651,0.15
4.0633831410678,1.9112494651950565,0.15,411.71089755744424,4.199968891222178,2.917000000000003,0.02292595993729377,2.9170000000000025,0.0,0.022917651,0.15
4.063465375676078,1.9118996882643562,0.15,412.5669407567264,4.199794839182401,2.9180000000000024,0.02292595988524725,2.9180000000000024,0.0,0.022917651,0.15
4.063547577913994,1.9125500258428965,0.15,413.42362460520076,4.199620543155533,2.919000000000003,0.022925959833200733,2.9190000000000027,0.0,0.022917651,0.15
4.063629747686926,1.9132004782653989,0.15,414.280950975551,4.199446002428373,2.9200000000000026,0.022925959781154213,2.9200000000000026,0.0,0.022917651,0.15
4.063711884899882,1.9138510458678923,0.15,415.13892174776794,4.199271216284941,2.921000000000002,0.02292595972910769,2.9210000000000025,0.0,0.022917651,0.15
4.063793989457502,1.914501728987717,0.15,415.9975388091833,4.199096184006456,2.9220000000000024,0.022925959677061174,2.9220000000000024,0.0,0.022917651,0.15
4.0638760612640485,1.9151525279635329,0.15,416.85680405450694,4.198920904871332,2.9230000000000027,0.022925959625014654,2.9230000000000027,0.0,0.022917651,0.15
4.063957759025132,1.9158037175934228,0.15,417.7175709113731,4.198743738615114,2.9240000000000026,0.022925959572968134,2.9240000000000026,0.0,0.022917651,0.15
4.064039352374747,1.9164550639255071,0.15,418.57917150781145,4.198565997955237,2.925000000000003,0.022925959520921614,2.9250000000000025,0.0,0.022917651,0.15
4.064120905778725,1.9171065138225294,0.15,419.4414470661308,4.198387993947069,2.9260000000000024,0.022925959468875098,2.9260000000000024,0.0,0.022917651,0.15
4.0642024191100035,1.9177580676139225,0.15,420.30439973333824,4.198209725752914,2.9270000000000023,0.022925959416828578,2.9270000000000027,0.0,0.022917651,0.15
4.064283892240977,1.9184097256305175,0.15,421.16803166555525,4.198031192531525,2.9280000000000026,0.022925959364782058,2.9280000000000026,0.0,0.022917651,0.15
4.064365325043498,1.9190614882045522,0.15,422.0323450280682,4.197852393438079,2.9290000000000025,0.022925959312735538,2.9290000000000025,0.0,0.022917651,0.15
4.06444671738888,1.919713355669678,0.15,422.89734199537634,4.1976733276241545,2.9300000000000024,0.022925959260689015,2.9300000000000024,0.0,0.022917651,0.15
4.06452806914788,1.9203653283609672,0.15,423.76302475124083,4.197493994237718,2.9310000000000027,0.022925959208642502,2.9310000000000027,0.0,0.022917651,0.15
4.064609380190706,1.9210174066149206,0.15,424.62939548873305,4.197314392423107,2.9320000000000026,0.022925959156595982,2.9320000000000026,0.0,0.022917651,0.15
4.064690650387019,1.9216695907694756,0.15,425.4964564102864,4.197134521321001,2.9330000000000025,0.022925959104549462,2.9330000000000025,0.0,0.022917651,0.15
4.064771879605913,1.922321881164014,0.15,426.3642097277449,4.1969543800684095,2.9340000000000024,0.022925959052502942,2.9340000000000024,0.0,0.022917651,0.15
4.0648530677159265,1.9229742781393686,0.15,427.23265766241377,4.196773967798652,2.9350000000000027,0.022925959000456422,2.9350000000000027,0.0,0.022917651,0.15
4.064934214585037,1.9236267820378317,0.15,428.1018024451095,4.196593283641336,2.9360000000000026,0.022925958948409906,2.9360000000000026,0.0,0.022917651,0.15
4.065015320080654,1.9242793932031632,0.15,428.97164631621223,4.196412326722338,2.937000000000003,0.022925958896363386,2.9370000000000025,0.0,0.022917651,0.15
4.065096384069617,1.9249321119805987,0.15,429.8421915257158,4.196231096163784,2.9380000000000033,0.022925958844316866,2.9380000000000024,0.0,0.022917651,0.15
4.065177406418195,1.9255849387168555,0.15,430.7134403332803,4.196049591084024,2.9390000000000027,0.02292595879227035,2.9390000000000027,0.0,0.022917651,0.15
4.065258386992084,1.926237873760143,0.15,431.5853950082824,4.195867810597625,2.9400000000000026,0.02292595874022383,2.9400000000000026,0.0,0.022917651,0.15
4.065339325656396,1.92689091746017,0.15,432.45805782986974,4.195685753815336,2.941000000000003,0.02292595868817731,2.9410000000000025,0.0,0.022917651,0.15
4.065420222275667,1.9275440701681517,0.15,433.3314310870125,4.195503419844073,2.9420000000000024,0.02292595863613079,2.9420000000000024,0.0,0.022917651,0.15
4.065501076713845,1.9281973322368187,0.15,434.2055170785566,4.195320807786903,2.943000000000003,0.022925958584084274,2.9430000000000027,0.0,0.022917651,0.15
4.065581888834294,1.928850704020425,0.15,435.08031811327595,4.195137916743015,2.9440000000000026,0.022925958532037757,2.9440000000000026,0.0,0.022917651,0.15
4.065662658499784,1.9295041858747568,0.15,435.955836509928,4.194954745807706,2.9450000000000025,0.022925958479991237,2.9450000000000025,0.0,0.022917651,0.15
4.0657433855724925,1.93015777815714,0.15,436.83207459730653,4.194771294072358,2.9460000000000024,0.022925958427944718,2.9460000000000024,0.0,0.022917651,0.15
4.065824069913998,1.9308114812264492,0.15,437.7090347142966,4.19458756062441,2.947000000000003,0.022925958375898194,2.9470000000000027,0.0,0.022917651,0.15
4.065904711385282,1.9314652954431148,0.15,438.5867192099279,4.194403544547348,2.948000000000002,0.022925958323851678,2.9480000000000026,0.0,0.022917651,0.15
4.06598530984672,1.9321192211691334,0.15,439.46513044343203,4.194219244920678,2.9490000000000025,0.022925958271805158,2.9490000000000025,0.0,0.022917651,0.15
4.06606586515808,1.9327732587680746,0.15,440.34427078429616,4.1940346608199,2.9500000000000024,0.022925958219758638,2.9500000000000024,0.0,0.022917651,0.15
4.066146377178522,1.9334274086050909,0.15,441.2241426123202,4.193849791316495,2.9510000000000027,0.022925958167712118,2.9510000000000027,0.0,0.022917651,0.15
4.066226845766589,1.9340816710469249,0.15,442.1047483176705,4.193664635477896,2.9520000000000026,0.022925958115665602,2.9520000000000026,0.0,0.022917651,0.15
4.066307270780211,1.9347360464619194,0.15,442.98609030094,4.193479192367471,2.9530000000000025,0.02292595806361908,2.9530000000000025,0.0,0.022917651,0.15
4.066387652076693,1.9353905352200254,0.15,443.86817097320204,4.193293461044495,2.9540000000000024,0.022925958011572562,2.9540000000000024,0.0,0.022917651,0.15
4.066467989512723,1.93604513769281,0.15,444.7509927560697,4.193107440564135,2.9550000000000027,0.022925957959526046,2.9550000000000027,0.0,0.022917651,0.15
4.066548282944353,1.9366998542534675,0.15,445.6345580817511,4.19292112997742,2.9560000000000026,0.022925957907479522,2.9560000000000026,0.0,0.022917651,0.15
4.066628532227013,1.9373546852768269,0.15,446.51886939311004,4.1927345283312265,2.957000000000003,0.022925957855433006,2.9570000000000025,0.0,0.022917651,0.15
4.066708737215495,1.9380096311393595,0.15,447.40392914372296,4.192547634668245,2.958000000000003,0.022925957803386486,2.9580000000000024,0.0,0.022917651,0.15
4.066788897763953,1.9386646922191917,0.15,448.28973979793835,4.192360448026968,2.9590000000000027,0.022925957751339966,2.9590000000000027,0.0,0.022917651,0.15
4.066869013725899,1.9393198688961095,0.15,449.17630383093416,4.192172967441662,2.9600000000000026,0.022925957699293446,2.9600000000000026,0.0,0.022917651,0.15
4.066949084954205,1.939975161551571,0.15,450.0636237287803,4.191985191942342,2.9610000000000025,0.02292595764724693,2.9610000000000025,0.0,0.022917651,0.15
4.067029111301093,1.940630570568715,0.15,450.9517019884966,4.191797120554752,2.962000000000003,0.02292595759520041,2.9620000000000024,0.0,0.022917651,0.15
4.067109092618128,1.9412860963323688,0.15,451.8405411181136,4.191608752300339,2.9630000000000027,0.022925957543153894,2.9630000000000027,0.0,0.022917651,0.15
4.0671890287562285,1.941941739229059,0.15,452.7301436367329,4.1914200861962305,2.964000000000003,0.022925957491107374,2.9640000000000026,0.0,0.022917651,0.15
4.067268919565649,1.9425974996470199,0.15,453.62051207458944,4.191231121255212,2.9650000000000025,0.022925957439060854,2.9650000000000025,0.0,0.022917651,0.15
4.067348764895982,1.9432533779762045,0.15,454.511648973112,4.1910418564856995,2.9660000000000024,0.022925957387014334,2.9660000000000024,0.0,0.022917651,0.15
4.067428564596153,1.943909374608292,0.15,455.4035568849864,4.190852290891719,2.9670000000000027,0.022925957334967814,2.9670000000000027,0.0,0.022917651,0.15
4.067508318514422,1.944565489936698,0.15,456.2962383742155,4.190662423472876,2.968000000000003,0.022925957282921298,2.9680000000000026,0.0,0.022917651,0.15
4.067588026498371,1.9452217243565852,0.15,457.18969601618454,4.190472253224343,2.969000000000003,0.022925957230874774,2.9690000000000025,0.0,0.022917651,0.15
4.067667688394905,1.945878078264872,0.15,458.0839323977237,4.190281779136819,2.970000000000002,0.022925957178828255,2.9700000000000024,0.0,0.022917651,0.15
4.067746970946727,1.9465350051548278,0.15,458.98029516487173,4.190089215062612,2.971000000000003,0.022925957126781738,2.9710000000000027,0.0,0.022917651,0.15
4.067826204712279,1.9471920746639282,0.15,459.87744732612225,4.189896313228734,2.972000000000003,0.02292595707473522,2.9720000000000026,0.0,0.022917651,0.15
4.06790540018706,1.9478492730322192,0.15,460.7753481493593,4.189703129365205,2.973000000000002,0.0229259570226887,2.9730000000000025,0.0,0.022917651,0.15
4.067984557260408,1.9485066006321032,0.15,461.67399979820857,4.189509662656961,2.9740000000000024,0.022925956970642182,2.9740000000000024,0.0,0.022917651,0.15
4.068063675821237,1.949164057837418,0.15,462.57340444464154,4.189315912285794,2.975000000000003,0.022925956918595662,2.9750000000000028,0.0,0.022917651,0.15
4.068142755758029,1.9498216450234451,0.15,463.473564269014,4.189121877430341,2.9760000000000026,0.022925956866549142,2.9760000000000026,0.0,0.022917651,0.15
4.06822179695884,1.9504793625669166,0.15,464.3744814601089,4.18892755726606,2.977000000000003,0.022925956814502626,2.9770000000000025,0.0,0.022917651,0.15
4.068300799311288,1.951137210846021,0.15,465.2761582151754,4.188732950965222,2.9780000000000024,0.022925956762456106,2.9780000000000024,0.0,0.022917651,0.15
4.06837976270256,1.9517951902404123,0.15,466.1785967399709,4.188538057696894,2.9790000000000023,0.022925956710409583,2.9790000000000028,0.0,0.022917651,0.15
4.068458687019405,1.9524533011312148,0.15,467.08179924880045,4.188342876626923,2.9800000000000026,0.02292595665836307,2.9800000000000026,0.0,0.022917651,0.15
4.068537572148129,1.953111543901032,0.15,467.9857679645605,4.188147406917912,2.981000000000003,0.022925956606316546,2.9810000000000025,0.0,0.022917651,0.15
4.0686164179746,1.9537699189339528,0.15,468.8905051187793,4.187951647729225,2.9820000000000024,0.022925956554270027,2.9820000000000024,0.0,0.022917651,0.15
4.068695224384242,1.9544284266155598,0.15,469.7960129516594,4.187755598216948,2.9830000000000023,0.02292595650222351,2.9830000000000028,0.0,0.022917651,0.15
4.068773991262033,1.955087067332935,0.15,470.7022937121185,4.187559257533889,2.984000000000002,0.02292595645017699,2.9840000000000027,0.0,0.022917651,0.15
4.068852718492502,1.9557458414746687,0.15,471.6093496578341,4.187362624829555,2.9850000000000025,0.022925956398130474,2.9850000000000025,0.0,0.022917651,0.15
4.068931405959728,1.9564047494308645,0.15,472.51718305528436,4.187165699250137,2.9860000000000024,0.022925956346083954,2.9860000000000024,0.0,0.022917651,0.15
4.06901005354734,1.9570637915931506,0.15,473.4257961797922,4.186968479938493,2.9870000000000028,0.02292595629403743,2.9870000000000028,0.0,0.022917651,0.15
4.06908866113851,1.9577229683546826,0.15,474.335191315567,4.186770966034136,2.9880000000000027,0.022925956241990914,2.9880000000000027,0.0,0.022917651,0.15
4.069167228615953,1.9583822801101551,0.15,475.2453707557498,4.186573156673215,2.9890000000000025,0.022925956189944394,2.9890000000000025,0.0,0.022917651,0.15
4.069245755861926,1.9590417272558063,0.15,476.15633680245577,4.186375050988494,2.9900000000000024,0.022925956137897874,2.9900000000000024,0.0,0.022917651,0.15
4.069324242758226,1.9597013101894272,0.15,477.0680917668193,4.186176648109344,2.9910000000000028,0.022925956085851358,2.9910000000000028,0.0,0.022917651,0.15
4.069402689186184,1.9603610293103682,0.15,477.9806379690361,4.1859779471617165,2.9920000000000027,0.022925956033804838,2.9920000000000027,0.0,0.022917651,0.15
4.069481095026666,1.9610208850195472,0.15,478.8939777384102,4.1857789472681395,2.9930000000000025,0.02292595598175832,2.9930000000000025,0.0,0.022917651,0.15
4.0695594601600735,1.961680877719458,0.15,479.80811341339694,4.185579647547689,2.9940000000000024,0.022925955929711802,2.9940000000000024,0.0,0.022917651,0.15
4.069637784466329,1.9623410078141774,0.15,480.72304734164936,4.185380047115975,2.995000000000003,0.02292595587766528,2.9950000000000028,0.0,0.022917651,0.15
4.069716067824892,1.9630012757093716,0.15,481.638781880061,4.185180145085132,2.996000000000003,0.022925955825618762,2.9960000000000027,0.0,0.022917651,0.15
4.069794310114741,1.963661681812306,0.15,482.5553193948145,4.184979940563788,2.9970000000000026,0.022925955773572242,2.9970000000000026,0.0,0.022917651,0.15
4.069872511214379,1.9643222265318536,0.15,483.47266226142557,4.184779432657059,2.9980000000000024,0.022925955721525722,2.9980000000000024,0.0,0.022917651,0.15
4.069950671001829,1.9649829102785012,0.15,484.3908128647896,4.18457862046653,2.999000000000003,0.022925955669479206,2.9990000000000028,0.0,0.022917651,0.15
4.070028789354633,1.9656437334643566,0.15,485.3097735992246,4.184377503090231,3.0000000000000027,0.022925955617432686,3.0000000000000027,0.0,0.022917651,0.15
4.070105746311693,1.9662708787143166,0.15,485.408791977239,4.184200589975934,3.0010000000000026,0.022925955201563132,3.0010000000000026,0.0,0.022917651,0.15
4.070182682047641,1.9668981899008067,0.15,485.50799840220316,4.184023426033754,3.0020000000000024,0.022925954785693568,3.0020000000000024,0.0,0.022917651,0.15
4.070259596516348,1.9675256673845003,0.15,485.607393282849,4.183846010718501,3.003000000000003,0.022925954369824017,3.003000000000003,0.0,0.022917651,0.15
4.070336489671559,1.9681533115271166,0.15,485.70697702909337,4.183668343483406,3.0040000000000027,0.022925953953954463,3.0040000000000027,0.0,0.022917651,0.15
4.070413361466875,1.968781122691425,0.15,485.8067500520433,4.18349042378011,3.005000000000002,0.022925953538084902,3.0050000000000026,0.0,0.022917651,0.15
4.070490211855773,1.9694091012412482,0.15,485.9067127639995,4.183312251058663,3.0060000000000024,0.022925953122215348,3.0060000000000024,0.0,0.022917651,0.15
4.070567040791586,1.9700372475414665,0.15,486.0068655784614,4.183133824767514,3.007000000000003,0.02292595270634579,3.007000000000003,0.0,0.022917651,0.15
4.070643848227517,1.9706655619580211,0.15,486.1072089101306,4.182955144353512,3.008000000000003,0.022925952290476236,3.0080000000000027,0.0,0.022917651,0.15
4.07072063411663,1.9712940448579195,0.15,486.20774317491623,4.182776209261892,3.0090000000000026,0.022925951874606682,3.0090000000000026,0.0,0.022917651,0.15
4.070797076118961,1.9719234506912129,0.15,486.3095500922809,4.182594976517854,3.0100000000000033,0.022925951458737128,3.0100000000000025,0.0,0.022917651,0.15
4.070873493191072,1.972553035849903,0.15,486.41156083946515,4.182413464727339,3.011000000000003,0.02292595104286757,3.011000000000003,0.0,0.022917651,0.15
4.070949888383443,1.9731827934729906,0.15,486.51376544996685,4.182231692945196,3.0120000000000027,0.022925950626998013,3.0120000000000027,0.0,0.022917651,0.15
4.0710262616481545,1.9738127239381849,0.15,486.61616434835884,4.182049660602031,3.0130000000000026,0.022925950211128455,3.0130000000000026,0.0,0.022917651,0.15
4.071102612937149,1.9744428276242953,0.15,486.71875796045447,4.181867367126779,3.0140000000000025,0.0229259497952589,3.0140000000000025,0.0,0.022917651,0.15
4.071178942202227,1.975073104911243,0.15,486.8215467133121,4.1816848119467105,3.015000000000003,0.022925949379389344,3.015000000000003,0.0,0.022917651,0.15
4.0712552493950485,1.9757035561800578,0.15,486.92453103524,4.181501994487418,3.0160000000000027,0.022925948963519786,3.0160000000000027,0.0,0.022917651,0.15
4.071331534467135,1.9763341818128872,0.15,487.02771135580105,4.18131891417281,3.017000000000003,0.022925948547650236,3.0170000000000026,0.0,0.022917651,0.15
4.0714077973698615,1.976964982192998,0.15,487.1310881058168,4.18113557042511,3.018000000000003,0.022925948131780678,3.0180000000000025,0.0,0.022917651,0.15
4.071484038054462,1.9775959577047808,0.15,487.23466171737243,4.180951962664845,3.0190000000000032,0.022925947715911124,3.019000000000003,0.0,0.022917651,0.15
4.0715602564720275,1.978227108733755,0.15,487.3384326238214,4.180768090310839,3.020000000000003,0.022925947300041567,3.0200000000000027,0.0,0.022917651,0.15
4.071636452573505,1.9788584356665717,0.15,487.44240125978973,4.180583952780214,3.0210000000000026,0.02292594688417201,3.0210000000000026,0.0,0.022917651,0.15
4.0717126263097,1.9794899388910203,0.15,487.5465680611816,4.180399549488374,3.022000000000002,0.022925946468302455,3.0220000000000025,0.0,0.022917651,0.15
4.071788777631267,1.9801216187960287,0.15,487.6509334651827,4.180214879849007,3.023000000000003,0.022925946052432894,3.023000000000003,0.0,0.022917651,0.15
4.071864906488722,1.9807534757716705,0.15,487.7554979102662,4.180029943274073,3.024000000000003,0.02292594563656334,3.0240000000000027,0.0,0.022917651,0.15
4.071941012832433,1.9813855102091686,0.15,487.86026183619674,4.1798447391738,3.025000000000003,0.022925945220693786,3.0250000000000026,0.0,0.022917651,0.15
4.072017096612618,1.9820177225008995,0.15,487.9652256840355,4.1796592669566754,3.026000000000002,0.02292594480482423,3.0260000000000025,0.0,0.022917651,0.15
4.072093157779355,1.9826501130403968,0.15,488.0703898961449,4.179473526029446,3.027000000000003,0.022925944388954674,3.027000000000003,0.0,0.022917651,0.15
4.072169196282568,1.983282682222356,0.15,488.17575491619317,4.179287515797106,3.0280000000000027,0.022925943973085117,3.0280000000000027,0.0,0.022917651,0.15
4.072245212072036,1.9839154304426387,0.15,488.2813211891596,4.179101235662886,3.029000000000003,0.02292594355721556,3.0290000000000026,0.0,0.022917651,0.15
4.072321205097391,1.9845483580982777,0.15,488.38708916133936,4.178914685028259,3.0300000000000025,0.022925943141346,3.0300000000000025,0.0,0.022917651,0.15
4.072397175308113,1.9851814655874798,0.15,488.4930592803477,4.178727863292924,3.031000000000003,0.022925942725476448,3.031000000000003,0.0,0.022917651,0.15
4.072473122653536,1.9858147533096309,0.15,488.5992319951259,4.178540769854802,3.0320000000000027,0.022925942309606893,3.0320000000000027,0.0,0.022917651,0.15
4.072549047082839,1.9864482216653012,0.15,488.7056077559452,4.178353404110031,3.0330000000000026,0.022925941893737336,3.0330000000000026,0.0,0.022917651,0.15
4.072624948545053,1.9870818710562486,0.15,488.81218701441225,4.178165765452959,3.0340000000000025,0.02292594147786778,3.0340000000000025,0.0,0.022917651,0.15
4.07270082698906,1.9877157018854228,0.15,488.918970223474,4.177977853276133,3.035000000000003,0.022925941061998224,3.035000000000003,0.0,0.022917651,0.15
4.072776682363585,1.9883497145569697,0.15,489.0259578374226,4.177789666970297,3.0360000000000027,0.02292594064612867,3.0360000000000027,0.0,0.022917651,0.15
4.072852514617205,1.9889839094762385,0.15,489.13315031190035,4.1776012059243905,3.037000000000003,0.022925940230259113,3.0370000000000026,0.0,0.022917651,0.15
4.072928323698343,1.9896182870497818,0.15,489.24054810390504,4.177412469525527,3.038000000000003,0.022925939814389555,3.0380000000000025,0.0,0.022917651,0.15
4.073003825814766,1.9902534108754257,0.15,489.34897896348025,4.17722175859914,3.0390000000000033,0.02292593939852,3.039000000000003,0.0,0.022917651,0.15
4.073079196694578,1.9908889350294732,0.15,489.4579329140779,4.177030122250427,3.0400000000000027,0.022925938982650447,3.0400000000000027,0.0,0.022917651,0.15
4.073154544543448,1.9915246454580096,0.15,489.56709510828716,4.176838207514228,3.0410000000000026,0.022925938566780886,3.0410000000000026,0.0,0.022917651,0.15
4.073229869310451,1.9921605425729227,0.15,489.6764660065742,4.176646013774974,3.042000000000003,0.022925938150911332,3.0420000000000025,0.0,0.022917651,0.15
4.073305170944509,1.9927966267873172,0.15,489.78604607076386,4.176453540415282,3.043000000000003,0.022925937735041778,3.043000000000003,0.0,0.022917651,0.15
4.0733804493943975,1.9934328985155163,0.15,489.8958357640446,4.176260786815945,3.0440000000000027,0.022925937319172224,3.0440000000000027,0.0,0.022917651,0.15
4.073455704608738,1.994069358173067,0.15,490.00583555097353,4.1760677523559275,3.045000000000003,0.022925936903302666,3.0450000000000026,0.0,0.022917651,0.15
4.073530936535999,1.9947060061767463,0.15,490.1160458974813,4.175874436412354,3.046000000000003,0.02292593648743311,3.0460000000000025,0.0,0.022917651,0.15
4.073606145124499,1.9953428429445632,0.15,490.22646727087755,4.175680838360511,3.0470000000000033,0.02292593607156355,3.047000000000003,0.0,0.022917651,0.15
4.073681330322401,1.9959798688957657,0.15,490.3371001398554,4.17548695757383,3.0480000000000027,0.022925935655693994,3.0480000000000027,0.0,0.022917651,0.15
4.073756492077718,1.9966170844508437,0.15,490.44794497449743,4.175292793423892,3.0490000000000026,0.02292593523982444,3.0490000000000026,0.0,0.022917651,0.15
4.073831630338304,1.997254490031534,0.15,490.5590022462801,4.175098345280407,3.050000000000003,0.022925934823954885,3.0500000000000025,0.0,0.022917651,0.15
4.073906745051863,1.9978920860608258,0.15,490.6702724280793,4.174903612511219,3.051000000000003,0.022925934408085324,3.051000000000003,0.0,0.022917651,0.15
4.07398183616594,1.9985298729629632,0.15,490.7817559941752,4.1747085944822935,3.052000000000003,0.02292593399221577,3.0520000000000027,0.0,0.022917651,0.15
4.074056903627926,1.9991678511634539,0.15,490.8934534202579,4.174513290557711,3.0530000000000026,0.022925933576346216,3.0530000000000026,0.0,0.022917651,0.15
4.074131947385054,1.9998060210890678,0.15,491.0053651834325,4.174317700099659,3.0540000000000025,0.02292593316047666,3.0540000000000025,0.0,0.022917651,0.15
4.074206967384403,2.000444383167849,0.15,491.1174917622243,4.174121822468431,3.055000000000003,0.0229259327446071,3.055000000000003,0.0,0.022917651,0.15
4.07428196357289,2.001082937829113,0.15,491.2298336365839,4.173925657022408,3.0560000000000027,0.022925932328737547,3.0560000000000027,0.0,0.022917651,0.15
4.074356935897279,2.0017216855034583,0.15,491.3423912878932,4.1737292031180635,3.0570000000000026,0.022925931912867993,3.0570000000000026,0.0,0.022917651,0.15
4.074431884304168,2.0023606266227656,0.15,491.45516519896967,4.17353246010995,3.058000000000003,0.022925931496998436,3.0580000000000025,0.0,0.022917651,0.15
4.074506808740003,2.0029997616202078,0.15,491.5681558540729,4.1733354273506915,3.059000000000003,0.022925931081128878,3.059000000000003,0.0,0.022917651,0.15
4.074581709151067,2.003639090930249,0.15,491.6813637389091,4.17313810419098,3.060000000000003,0.022925930665259324,3.0600000000000027,0.0,0.022917651,0.15
4.07465658548348,2.0042786149886545,0.15,491.79478934063667,4.1729404899795615,3.061000000000002,0.02292593024938977,3.0610000000000026,0.0,0.022917651,0.15
4.074731437683205,2.004918334232493,0.15,491.90843314787213,4.17274258406324,3.0620000000000025,0.02292592983352021,3.0620000000000025,0.0,0.022917651,0.15
4.074806265696039,2.005558249100142,0.15,492.0222956506949,4.172544385786856,3.0630000000000033,0.022925929417650655,3.063000000000003,0.0,0.022917651,0.15
4.0748810694676205,2.0061983600312927,0.15,492.13637734065327,4.1723458944932945,3.0640000000000027,0.022925929001781097,3.0640000000000027,0.0,0.022917651,0.15
4.074955848943421,2.006838667466955,0.15,492.25067871076965,4.172147109523461,3.0650000000000026,0.02292592858591154,3.0650000000000026,0.0,0.022917651,0.15
4.075030591772244,2.0074792102630585,0.15,492.36527512194004,4.171947942595512,3.066000000000002,0.022925928170041986,3.0660000000000025,0.0,0.022917651,0.15
4.075104951689054,2.008121079226273,0.15,492.482297470383,4.171745917231476,3.067000000000003,0.02292592775417243,3.067000000000003,0.0,0.022917651,0.15
4.075179288393045,2.008763159232955,0.15,492.59957706461046,4.17154358795572,3.068000000000003,0.022925927338302874,3.0680000000000027,0.0,0.022917651,0.15
4.075253601831743,2.0094054507601844,0.15,492.7171144861461,4.171340954081233,3.0690000000000026,0.022925926922433316,3.0690000000000026,0.0,0.022917651,0.15
4.075327891952513,2.01004795428648,0.15,492.83491031826765,4.171138014918924,3.070000000000002,0.022925926506563762,3.0700000000000025,0.0,0.022917651,0.15
4.075402158702568,2.0106906702918055,0.15,492.95296514601347,4.1709347697776264,3.0710000000000033,0.02292592609069421,3.071000000000003,0.0,0.022917651,0.15
4.075476402028953,2.0113335992575734,0.15,493.07127955618915,4.170731217964083,3.0720000000000027,0.02292592567482465,3.0720000000000027,0.0,0.022917651,0.15
4.075550621878559,2.0119767416666523,0.15,493.1898541373747,4.170527358782944,3.073000000000003,0.022925925258955093,3.0730000000000026,0.0,0.022917651,0.15
4.075624818198114,2.0126200980033726,0.15,493.3086894799305,4.1703231915367525,3.074000000000002,0.02292592484308554,3.0740000000000025,0.0,0.022917651,0.15
4.075698990934185,2.0132636687535306,0.15,493.42778617600476,4.170118715525942,3.0750000000000033,0.02292592442721598,3.075000000000003,0.0,0.022917651,0.15
4.075773140033176,2.013907454404392,0.15,493.54714481953954,4.169913930048824,3.076000000000003,0.022925924011346424,3.0760000000000027,0.0,0.022917651,0.15
4.07584726544133,2.0145514554447046,0.15,493.6667660062783,4.169708834401587,3.0770000000000026,0.02292592359547687,3.0770000000000026,0.0,0.022917651,0.15
4.075921367104727,2.0151956723646967,0.15,493.7866503337723,4.1695034278782765,3.0780000000000025,0.022925923179607316,3.0780000000000025,0.0,0.022917651,0.15
4.075995444969283,2.0158401056560855,0.15,493.90679840138745,4.1692977097708,3.0790000000000024,0.022925922763737755,3.079000000000003,0.0,0.022917651,0.15
4.076069498980749,2.0164847558120833,0.15,494.0272108103115,4.169091679368911,3.0800000000000027,0.0229259223478682,3.0800000000000027,0.0,0.022917651,0.15
4.076143529084709,2.017129623327402,0.15,494.1478881635605,4.168885335960202,3.081000000000003,0.022925921931998647,3.0810000000000026,0.0,0.022917651,0.15
4.076217535226586,2.01777470869826,0.15,494.26883106598626,4.168678678830097,3.0820000000000025,0.022925921516129086,3.0820000000000025,0.0,0.022917651,0.15
4.076291517351634,2.018420012422387,0.15,494.39004012428313,4.168471707261846,3.0830000000000024,0.02292592110025953,3.083000000000003,0.0,0.022917651,0.15
4.07636547540494,2.01906553499903,0.15,494.51151594699473,4.168264420536508,3.0840000000000023,0.022925920684389978,3.0840000000000027,0.0,0.022917651,0.15
4.076439409331425,2.019711276928959,0.15,494.6332591445217,4.168056817932956,3.0850000000000026,0.022925920268520424,3.0850000000000026,0.0,0.022917651,0.15
4.07651331907584,2.0203572387144733,0.15,494.7552703291279,4.167848898727855,3.086000000000003,0.022925919852650866,3.0860000000000025,0.0,0.022917651,0.15
4.076587204582768,2.0210034208594068,0.15,494.8775501149484,4.167640662195663,3.087000000000003,0.02292591943678131,3.087000000000003,0.0,0.022917651,0.15
4.076661065796622,2.021649823869134,0.15,495.0000991179959,4.167432107608619,3.0880000000000023,0.022925919020911754,3.0880000000000027,0.0,0.022917651,0.15
4.076734902661647,2.0222964482505765,0.15,495.1229179561686,4.167223234236735,3.0890000000000026,0.022925918605042197,3.0890000000000026,0.0,0.022917651,0.15
4.076808715121913,2.0229432945122072,0.15,495.2460072492565,4.1670140413477865,3.090000000000003,0.02292591818917264,3.0900000000000025,0.0,0.022917651,0.15
4.076882503121323,2.023590363164059,0.15,495.3693676189497,4.1668045282073045,3.091000000000003,0.022925917773303085,3.091000000000003,0.0,0.022917651,0.15
4.076956266603605,2.024237654717727,0.15,495.492999688845,4.16659469407857,3.0920000000000023,0.022925917357433528,3.0920000000000027,0.0,0.022917651,0.15
4.077029327001757,2.02488595532143,0.15,495.6207044077906,4.166381040022223,3.0930000000000026,0.02292591694156397,3.0930000000000026,0.0,0.022917651,0.15
4.077102184124337,2.0255346820798246,0.15,495.7497051969985,4.166166147108271,3.094000000000003,0.022925916525694416,3.0940000000000025,0.0,0.022917651,0.15
4.077175005502058,2.026183641004803,0.15,495.8790666312005,4.165950879086036,3.0950000000000033,0.02292591610982486,3.095000000000003,0.0,0.022917651,0.15
4.0772477910394125,2.0268328327166794,0.15,496.0087896739851,4.165735234953285,3.0960000000000027,0.022925915693955305,3.0960000000000027,0.0,0.022917651,0.15
4.0773205406405575,2.0274822578379794,0.15,496.13887529237684,4.165519213704211,3.0970000000000026,0.02292591527808575,3.0970000000000026,0.0,0.022917651,0.15
4.077393254209304,2.02813191699345,0.15,496.269324456851,4.165302814329422,3.0980000000000025,0.022925914862216193,3.0980000000000025,0.0,0.022917651,0.15
4.0774659316491215,2.0287818108100706,0.15,496.40013814134977,4.165086035815916,3.0990000000000033,0.02292591444634664,3.099000000000003,0.0,0.022917651,0.15
4.077538572863133,2.029431939917061,0.15,496.5313173232957,4.164868877147068,3.1000000000000028,0.02292591403047708,3.1000000000000028,0.0,0.022917651,0.15
4.077610172141202,2.0300466950162765,0.15,496.20907382068776,4.164678403096432,3.101000000000003,0.02292591325298171,3.1010000000000026,0.0,0.022917651,0.15
4.0776817484135,2.0306616156393407,0.15,495.8870260573685,4.164487671471846,3.1020000000000025,0.022925912475486337,3.1020000000000025,0.0,0.022917651,0.15
4.077753301633481,2.0312767021211697,0.15,495.565174429391,4.164296681752145,3.103000000000003,0.02292591169799097,3.103000000000003,0.0,0.022917651,0.15
4.077824831754467,2.0318919547975844,0.15,495.2435193338776,4.164105433414752,3.1040000000000028,0.022925910920495597,3.1040000000000028,0.0,0.022917651,0.15
4.0778963387296585,2.0325073740053115,0.15,494.9220611690237,4.163913925935682,3.105000000000003,0.022925910143000227,3.1050000000000026,0.0,0.022917651,0.15
4.077967822512128,2.033122960081989,0.15,494.6008003341006,4.163722158789532,3.1060000000000025,0.022925909365504857,3.1060000000000025,0.0,0.022917651,0.15
4.07803928305482,2.0337387133661684,0.15,494.2797372294597,4.163530131449478,3.107000000000003,0.022925908588009487,3.107000000000003,0.0,0.022917651,0.15
4.078110720310554,2.034354634197317,0.15,493.95887225653706,4.163337843387269,3.1080000000000028,0.022925907810514116,3.1080000000000028,0.0,0.022917651,0.15
4.078182134232019,2.034970722915821,0.15,493.63820581785484,4.163145294073225,3.109000000000003,0.022925907033018746,3.1090000000000027,0.0,0.022917651,0.15
4.078253524771778,2.0355869798629915,0.15,493.3177383170272,4.162952482976229,3.1100000000000025,0.022925906255523383,3.1100000000000025,0.0,0.022917651,0.15
4.078324891882265,2.0362034053810634,0.15,492.9974701587626,4.1627594095637255,3.111000000000003,0.022925905478028006,3.111000000000003,0.0,0.022917651,0.15
4.0783962355157835,2.0368199998132,0.15,492.67740174886836,4.162566073301708,3.1120000000000023,0.022925904700532636,3.1120000000000028,0.0,0.022917651,0.15
4.078467555624508,2.0374367635034996,0.15,492.35753349425397,4.162372473654725,3.1130000000000027,0.022925903923037266,3.1130000000000027,0.0,0.022917651,0.15
4.078538852160485,2.038053696796993,0.15,492.03786580293456,4.162178610085868,3.114000000000003,0.022925903145541895,3.1140000000000025,0.0,0.022917651,0.15
4.078610125075628,2.038670800039651,0.15,491.7183990840353,4.161984482056768,3.1150000000000033,0.022925902368046522,3.115000000000003,0.0,0.022917651,0.15
4.07868137432172,2.0392880735783847,0.15,491.39913374779485,4.16179008902759,3.1160000000000023,0.022925901590551155,3.1160000000000028,0.0,0.022917651,0.15
4.078752599850414,2.0399055177610514,0.15,491.0800702055691,4.161595430457029,3.117000000000002,0.02292590081305578,3.1170000000000027,0.0,0.022917651,0.15
4.07882380161323,2.0405231329364555,0.15,490.7612088698353,4.161400505802308,3.118000000000003,0.022925900035560418,3.1180000000000025,0.0,0.022917651,0.15
4.078894084447746,2.0411408413466026,0.15,490.4460328226094,4.161201811248271,3.1190000000000033,0.022925899258065048,3.119000000000003,0.0,0.022917651,0.15
4.078964267798531,2.0417587339357675,0.15,490.13133614639355,4.1610025344963155,3.120000000000003,0.022925898480569674,3.1200000000000028,0.0,0.022917651,0.15
4.07903443728108,2.0423768193859706,0.15,489.8167850839603,4.160803009415738,3.1210000000000027,0.022925897703074304,3.1210000000000027,0.0,0.022917651,0.15
4.079104592870766,2.0429950980396776,0.15,489.5023798938786,4.16060323556558,3.1220000000000026,0.02292589692557893,3.1220000000000026,0.0,0.022917651,0.15
4.079174734542902,2.0436135702401663,0.15,489.18812083532913,4.160403212503836,3.1230000000000033,0.022925896148083567,3.123000000000003,0.0,0.022917651,0.15
4.079244862272748,2.044232236331528,0.15,488.8740081681073,4.160202939787453,3.124000000000003,0.02292589537058819,3.1240000000000028,0.0,0.022917651,0.15
4.0793149760355005,2.044851096658669,0.15,488.5600421526247,4.160002416972326,3.1250000000000027,0.02292589459309282,3.1250000000000027,0.0,0.022917651,0.15
4.079385075806301,2.045470151567315,0.15,488.24622304991084,4.159801643613298,3.126000000000003,0.02292589381559745,3.1260000000000026,0.0,0.022917651,0.15
4.0794551615602295,2.0460894014040143,0.15,487.932551121615,4.159600619264155,3.1270000000000033,0.02292589303810208,3.127000000000003,0.0,0.022917651,0.15
4.079525233272305,2.0467088465161347,0.15,487.61902663000853,4.15939934347762,3.128000000000003,0.02292589226060671,3.128000000000003,0.0,0.022917651,0.15
4.079595290917493,2.0473284872518738,0.15,487.30564983798587,4.159197815805356,3.1290000000000027,0.02292589148311134,3.1290000000000027,0.0,0.022917651,0.15
4.079665334470692,2.0479483239602554,0.15,486.99242100906713,4.158996035797958,3.1300000000000026,0.022925890705615966,3.1300000000000026,0.0,0.022917651,0.15
4.0797353639067495,2.048568356991135,0.15,486.67934040739937,4.1587940030049495,3.131000000000003,0.0229258899281206,3.131000000000003,0.0,0.022917651,0.15
4.079805379200444,2.0491885866952,0.15,486.3664082977594,4.158591716974786,3.132000000000003,0.022925889150625225,3.132000000000003,0.0,0.022917651,0.15
4.0798753803264995,2.0498090134239746,0.15,486.0536249455544,4.158389177254841,3.133000000000003,0.02292588837312986,3.1330000000000027,0.0,0.022917651,0.15
4.07994536725958,2.0504296375298217,0.15,485.7409906168246,4.1581863833914126,3.1340000000000026,0.022925887595634485,3.1340000000000026,0.0,0.022917651,0.15
4.080015339974285,2.0510504593659444,0.15,485.428505578245,4.157983334929715,3.135000000000003,0.02292588681813912,3.135000000000003,0.0,0.022917651,0.15
4.080085298445156,2.051671479286388,0.15,485.1161700971276,4.157780031413877,3.1360000000000032,0.022925886040643745,3.136000000000003,0.0,0.022917651,0.15
4.080155242646675,2.0522926976460454,0.15,484.8039844414226,4.157576472386938,3.1370000000000027,0.022925885263148378,3.1370000000000027,0.0,0.022917651,0.15
4.080225172553261,2.052914114800657,0.15,484.4919488797205,4.157372657390845,3.1380000000000026,0.022925884485653004,3.1380000000000026,0.0,0.022917651,0.15
4.080295088139271,2.053535731106813,0.15,484.1800636812546,4.15716858596645,3.139000000000003,0.022925883708157634,3.139000000000003,0.0,0.022917651,0.15
4.080364989379003,2.0541575469219584,0.15,483.8683291159023,4.156964257653508,3.140000000000003,0.022925882930662264,3.140000000000003,0.0,0.022917651,0.15
4.080434876246693,2.0547795626043937,0.15,483.55674545418736,4.156759671990668,3.1410000000000027,0.022925882153166894,3.1410000000000027,0.0,0.022917651,0.15
4.080504748716513,2.0554017785132777,0.15,483.2453129672816,4.156554828515477,3.142000000000003,0.022925881375671527,3.1420000000000026,0.0,0.022917651,0.15
4.080574606762576,2.05602419500863,0.15,482.9340319270066,4.15634972676437,3.1430000000000033,0.022925880598176157,3.143000000000003,0.0,0.022917651,0.15
4.080644082858146,2.056647738393539,0.15,482.62566146668496,4.156141970073885,3.144000000000003,0.022925879820680783,3.144000000000003,0.0,0.022917651,0.15
4.080713495647861,2.05727161703022,0.15,482.3179068924079,4.155933624898182,3.145000000000003,0.022925879043185417,3.1450000000000027,0.0,0.022917651,0.15
4.080782896487671,2.057895702538778,0.15,482.0103892570624,4.155725025077615,3.1460000000000026,0.022925878265690043,3.1460000000000026,0.0,0.022917651,0.15
4.080852285356965,2.058519995276025,0.15,481.70310896931665,4.155516170172974,3.1470000000000034,0.02292587748819467,3.147000000000003,0.0,0.022917651,0.15
4.0809216622350855,2.059144495599589,0.15,481.39606643877966,4.155307059744042,3.1480000000000024,0.022925876710699303,3.148000000000003,0.0,0.022917651,0.15
4.080991027101326,2.0597692038679245,0.15,481.08926207600325,4.155097693349591,3.1490000000000027,0.02292587593320393,3.1490000000000027,0.0,0.022917651,0.15
4.081060379934931,2.0603941204403116,0.15,480.78269629248507,4.154888070547368,3.1500000000000026,0.022925875155708562,3.1500000000000026,0.0,0.022917651,0.15
4.081129720715104,2.0610192456768566,0.15,480.476369500671,4.15467819089411,3.151000000000003,0.02292587437821319,3.151000000000003,0.0,0.022917651,0.15
4.081199049420991,2.061644579938498,0.15,480.1702821139589,4.154468053945523,3.152000000000003,0.022925873600717822,3.152000000000003,0.0,0.022917651,0.15
4.081268366031695,2.062270123587008,0.15,479.8644345466997,4.154257659256295,3.1530000000000027,0.02292587282322245,3.1530000000000027,0.0,0.022917651,0.15
4.081337670526271,2.0628958769849914,0.15,479.55882721420176,4.1540470063800825,3.154000000000003,0.022925872045727082,3.1540000000000026,0.0,0.022917651,0.15
4.081406962883726,2.0635218404958935,0.15,479.2534605327325,4.1538360948695106,3.155000000000003,0.022925871268231708,3.155000000000003,0.0,0.022917651,0.15
4.081476243083014,2.0641480144839974,0.15,478.94833491952204,4.153624924276171,3.156000000000003,0.022925870490736338,3.156000000000003,0.0,0.022917651,0.15
4.081545511103045,2.0647743993144316,0.15,478.6434507927652,4.153413494150617,3.157000000000003,0.022925869713240968,3.1570000000000027,0.0,0.022917651,0.15
4.081614766922681,2.065400995353167,0.15,478.33880857162484,4.153201804042364,3.158000000000003,0.022925868935745598,3.1580000000000026,0.0,0.022917651,0.15
4.081684010520729,2.0660278029670227,0.15,478.034408676234,4.152989853499882,3.159000000000003,0.022925868158250227,3.159000000000003,0.0,0.022917651,0.15
4.081753241875953,2.0666548225236685,0.15,477.7302515277002,4.152777642070597,3.160000000000003,0.022925867380754854,3.160000000000003,0.0,0.022917651,0.15
4.081822460967064,2.067282054391626,0.15,477.4263375481063,4.152565169300883,3.1610000000000023,0.022925866603259487,3.1610000000000027,0.0,0.022917651,0.15
4.0818916677727275,2.0679094989402715,0.15,477.1226671605146,4.152352434736064,3.162000000000003,0.022925865825764117,3.1620000000000026,0.0,0.022917651,0.15
4.081960862271555,2.0685371565398403,0.15,476.8192407889693,4.152139437920407,3.163000000000003,0.022925865048268747,3.163000000000003,0.0,0.022917651,0.15
4.08203004444211,2.069165027561424,0.15,476.51605885849966,4.1519261783971215,3.164000000000003,0.022925864270773373,3.164000000000003,0.0,0.022917651,0.15
4.082099214262908,2.06979311237698,0.15,476.2131217951222,4.151712655708357,3.1650000000000027,0.022925863493278006,3.1650000000000027,0.0,0.022917651,0.15
4.082168371712412,2.070421411359329,0.15,475.91043002584433,4.151498869395196,3.1660000000000026,0.022925862715782633,3.1660000000000026,0.0,0.022917651,0.15
4.082237516769037,2.0710499248821597,0.15,475.6079839786666,4.151284818997652,3.1670000000000034,0.022925861938287263,3.167000000000003,0.0,0.022917651,0.15
4.082306042643092,2.071679232910711,0.15,475.3088023707664,4.15106749807868,3.168000000000003,0.022925861160791896,3.168000000000003,0.0,0.022917651,0.15
4.082374459579348,2.0723088425148526,0.15,475.01037808165233,4.150849439937737,3.1690000000000027,0.022925860383296522,3.1690000000000027,0.0,0.022917651,0.15
4.082442857446683,2.072938667820812,0.15,474.71226661189615,4.150631089820102,3.1700000000000026,0.022925859605801152,3.1700000000000026,0.0,0.022917651,0.15
4.082511236208388,2.0735687092438373,0.15,474.41446856370527,4.150412447163693,3.1710000000000034,0.022925858828305782,3.171000000000003,0.0,0.022917651,0.15
4.082579595827659,2.0741989672002408,0.15,474.1169845408339,4.150193511404982,3.1720000000000024,0.022925858050810412,3.172000000000003,0.0,0.022917651,0.15
4.082647936267597,2.0748294421074065,0.15,473.819815148588,4.149974281978993,3.1730000000000027,0.02292585727331504,3.1730000000000027,0.0,0.022917651,0.15
4.08271625749121,2.0754601343837904,0.15,473.52296099383045,4.1497547583192995,3.1740000000000026,0.02292585649581967,3.1740000000000026,0.0,0.022917651,0.15
4.082784559461409,2.076091044448927,0.15,473.2264226849852,4.149534939858014,3.1750000000000034,0.0229258557183243,3.175000000000003,0.0,0.022917651,0.15
4.082852842141008,2.07672217272343,0.15,472.9302008320436,4.149314826025789,3.176000000000003,0.02292585494082893,3.176000000000003,0.0,0.022917651,0.15
4.08292110549273,2.0773535196289967,0.15,472.6342960465684,4.149094416251807,3.1770000000000027,0.02292585416333356,3.1770000000000027,0.0,0.022917651,0.15
4.082989349479198,2.0779850855884123,0.15,472.3387089416995,4.148873709963784,3.178000000000003,0.02292585338583819,3.1780000000000026,0.0,0.022917651,0.15
4.08305757406294,2.078616871025553,0.15,472.043440132158,4.1486527065879555,3.1790000000000025,0.022925852608342817,3.179000000000003,0.0,0.022917651,0.15
4.083125779206386,2.079248876365389,0.15,471.7484902342532,4.148431405549075,3.180000000000003,0.02292585183084745,3.180000000000003,0.0,0.022917651,0.15
4.08319396487187,2.0798811020339874,0.15,471.45385986588536,4.148209806270413,3.1810000000000027,0.022925851053352077,3.1810000000000027,0.0,0.022917651,0.15
4.0832621310216295,2.080513548458519,0.15,471.1595496465529,4.147987908173746,3.1820000000000026,0.022925850275856707,3.1820000000000026,0.0,0.022917651,0.15
4.083330277617803,2.0811462160672574,0.15,470.86556019735616,4.147765710679358,3.183000000000003,0.022925849498361336,3.183000000000003,0.0,0.022917651,0.15
4.083398404622429,2.081779105289585,0.15,470.5718921410035,4.14754321320603,3.1840000000000024,0.022925848720865966,3.184000000000003,0.0,0.022917651,0.15
4.083466511997455,2.082412216555998,0.15,470.27854610181606,4.147320415171039,3.185000000000003,0.0229258479433706,3.1850000000000027,0.0,0.022917651,0.15
4.083534599704719,2.0830455502981065,0.15,469.9855227057328,4.147097315990152,3.1860000000000026,0.022925847165875226,3.1860000000000026,0.0,0.022917651,0.15
4.08360266770597,2.083679106948641,0.15,469.6928225803161,4.1468739150776175,3.187000000000003,0.022925846388379856,3.187000000000003,0.0,0.022917651,0.15
4.083670715962852,2.0843128869414542,0.15,469.40044635475726,4.146650211846169,3.188000000000003,0.02292584561088449,3.188000000000003,0.0,0.022917651,0.15
4.083738744436911,2.0849468907115267,0.15,469.10839465988136,4.146426205707011,3.1890000000000027,0.022925844833389115,3.1890000000000027,0.0,0.022917651,0.15
4.083806753089594,2.0855811186949675,0.15,468.8166681281522,4.146201896069821,3.1900000000000026,0.022925844055893745,3.1900000000000026,0.0,0.022917651,0.15
4.083873350397186,2.0862162265184057,0.15,468.5294129411082,4.145971059649027,3.191000000000003,0.022925843278398375,3.191000000000003,0.0,0.022917651,0.15
4.0839398099753215,2.0868516073466012,0.15,468.2428439727509,4.145739399178418,3.192000000000003,0.022925842500903005,3.192000000000003,0.0,0.022917651,0.15
4.084006225613017,2.0874872173127392,0.15,467.9566828128328,4.145507333786503,3.1930000000000023,0.02292584172340763,3.1930000000000027,0.0,0.022917651,0.15
4.084072597194806,2.0881230570189384,0.15,467.6709305329763,4.145274862409247,3.194000000000003,0.022925840945912265,3.1940000000000026,0.0,0.022917651,0.15
4.0841389246048205,2.0887591270694306,0.15,467.38558820856156,4.1450419839788815,3.1950000000000034,0.02292584016841689,3.195000000000003,0.0,0.022917651,0.15
4.084205207726783,2.089395428070567,0.15,467.1006569187437,4.144808697423892,3.196000000000003,0.022925839390921524,3.196000000000003,0.0,0.022917651,0.15
4.084271446444008,2.090031960630829,0.15,466.8161377464682,4.1445750016690015,3.1970000000000027,0.022925838613426154,3.1970000000000027,0.0,0.022917651,0.15
4.084337640639401,2.090668725360838,0.15,466.53203177848843,4.144340895635149,3.1980000000000026,0.02292583783593078,3.1980000000000026,0.0,0.022917651,0.15
4.084403790195455,2.091305722873364,0.15,466.24834010538206,4.144106378239478,3.199000000000003,0.022925837058435414,3.199000000000003,0.0,0.022917651,0.15
4.084469894994248,2.091942953783335,0.15,465.96506382156923,4.143871448395318,3.200000000000003,0.02292583628094004,3.200000000000003,0.0,0.022917651,0.15
4.084537707459174,2.0925522342746,0.15,466.0215727312394,4.1436670566288,3.2010000000000027,0.022925835014700264,3.2010000000000027,0.0,0.022917651,0.15
4.084605505224165,2.0931617006347203,0.15,466.0782289718543,4.143462420210356,3.202000000000003,0.022925833748460477,3.2020000000000026,0.0,0.022917651,0.15
4.084673288263244,2.0937713531922126,0.15,466.13503280381696,4.14325753870757,3.2030000000000025,0.022925832482220698,3.203000000000003,0.0,0.022917651,0.15
4.0847410565503655,2.0943811922763693,0.15,466.19198448814467,4.143052411687007,3.2040000000000033,0.022925831215980914,3.204000000000003,0.0,0.022917651,0.15
4.084808810059424,2.0949912182172605,0.15,466.24908428647035,4.14284703871421,3.2050000000000027,0.022925829949741128,3.2050000000000027,0.0,0.022917651,0.15
4.084876548764256,2.095601431345735,0.15,466.30633246104463,4.142641419353696,3.2060000000000026,0.02292582868350135,3.2060000000000026,0.0,0.022917651,0.15
4.084944272638633,2.096211831993421,0.15,466.36372927473764,4.142435553168953,3.2070000000000034,0.022925827417261565,3.207000000000003,0.0,0.022917651,0.15
4.085011981656264,2.096822420492734,0.15,466.4212749910409,4.142229439722437,3.208000000000003,0.02292582615102179,3.208000000000003,0.0,0.022917651,0.15
4.085079675790797,2.0974331971768736,0.15,466.478969874069,4.14202307857557,3.209000000000003,0.022925824884782002,3.2090000000000027,0.0,0.022917651,0.15
4.085147355015819,2.098044162379828,0.15,466.5368141885616,4.141816469288737,3.210000000000003,0.022925823618542226,3.2100000000000026,0.0,0.022917651,0.15
4.085215019304852,2.098655316436378,0.15,466.5948081998852,4.14160961142128,3.211000000000003,0.022925822352302436,3.211000000000003,0.0,0.022917651,0.15
4.085282668631357,2.099266659682095,0.15,466.65295217403485,4.141402504531497,3.2120000000000033,0.02292582108606266,3.212000000000003,0.0,0.022917651,0.15
4.085350302968731,2.099878192453347,0.15,466.7112463776363,4.141195148176642,3.2130000000000023,0.022925819819822876,3.2130000000000027,0.0,0.022917651,0.15
4.085417738645006,2.1004901550738455,0.15,466.77014802959025,4.140986567729572,3.2140000000000026,0.022925818553583093,3.2140000000000026,0.0,0.022917651,0.15
4.085484839061513,2.101102726239145,0.15,466.8299978984601,4.140776038356984,3.215000000000003,0.02292581728734331,3.215000000000003,0.0,0.022917651,0.15
4.085551923839115,2.101715488520572,0.15,466.8900012127767,4.140565255288387,3.216000000000003,0.02292581602110353,3.216000000000003,0.0,0.022917651,0.15
4.0856189929500175,2.102328442257781,0.15,466.95015824524677,4.140354218072909,3.217000000000003,0.022925814754863747,3.2170000000000027,0.0,0.022917651,0.15
4.0856860463663605,2.102941587791235,0.15,467.0104692692233,4.140142926258605,3.2180000000000026,0.022925813488623967,3.2180000000000026,0.0,0.022917651,0.15
4.08575308406022,2.103554925462203,0.15,467.07093455870785,4.1399313793924595,3.2190000000000034,0.022925812222384184,3.219000000000003,0.0,0.022917651,0.15
4.0858201060036015,2.104168455612761,0.15,467.1315543883523,4.139719577020384,3.220000000000003,0.022925810956144405,3.220000000000003,0.0,0.022917651,0.15
4.0858871121684475,2.104782178585802,0.15,467.192329033461,4.139507518687208,3.2210000000000027,0.022925809689904625,3.2210000000000027,0.0,0.022917651,0.15
4.085954102526633,2.1053960947250325,0.15,467.2532587699928,4.1392952039366815,3.222000000000003,0.022925808423664845,3.2220000000000026,0.0,0.022917651,0.15
4.086021077049965,2.106010204374975,0.15,467.3143438745625,4.139082632311467,3.223000000000003,0.02292580715742506,3.223000000000003,0.0,0.022917651,0.15
4.086088035710186,2.1066245078809733,0.15,467.3755846244431,4.138869803353142,3.2240000000000033,0.02292580589118528,3.224000000000003,0.0,0.022917651,0.15
4.086154978478969,2.107239005589194,0.15,467.4369812975681,4.138656716602192,3.2250000000000028,0.022925804624945492,3.2250000000000028,0.0,0.022917651,0.15
4.0862219053279185,2.107853697846626,0.15,467.49853417253286,4.1384433715980045,3.226000000000003,0.022925803358705716,3.2260000000000026,0.0,0.022917651,0.15
4.086288816228574,2.108468585001087,0.15,467.56024352859686,4.1382297678788715,3.227000000000003,0.022925802092465933,3.227000000000003,0.0,0.022917651,0.15
4.086355711152405,2.109083667401224,0.15,467.6221096456856,4.138015904981985,3.2280000000000024,0.022925800826226153,3.228000000000003,0.0,0.022917651,0.15
4.086422590070815,2.1096989453965165,0.15,467.6841328043929,4.1378017824434306,3.229000000000003,0.022925799559986366,3.2290000000000028,0.0,0.022917651,0.15
4.086489452955138,2.110314419337278,0.15,467.74631328598247,4.137587399798185,3.2300000000000026,0.022925798293746587,3.2300000000000026,0.0,0.022917651,0.15
4.08655629977664,2.1109300895746594,0.15,467.80865137239005,4.137372756580118,3.2310000000000034,0.022925797027506804,3.231000000000003,0.0,0.022917651,0.15
4.086623130506517,2.1115459564606502,0.15,467.8711473462254,4.1371578523219785,3.232000000000003,0.022925795761267024,3.232000000000003,0.0,0.022917651,0.15
4.0866899451158964,2.1121620203480833,0.15,467.9338014907746,4.136942686555404,3.2330000000000028,0.02292579449502724,3.2330000000000028,0.0,0.022917651,0.15
4.086756743575838,2.1127782815906357,0.15,467.99661409000186,4.1367272588109065,3.2340000000000027,0.022925793228787458,3.2340000000000027,0.0,0.022917651,0.15
4.086823525857331,2.113394740542831,0.15,468.0595854285511,4.136511568617877,3.235000000000003,0.022925791962547678,3.235000000000003,0.0,0.022917651,0.15
4.086890291931295,2.114011397560043,0.15,468.1227157917489,4.136295615504575,3.236000000000003,0.022925790696307895,3.236000000000003,0.0,0.022917651,0.15
4.086957041768581,2.1146282529984988,0.15,468.1860054656057,4.136079398998132,3.237000000000003,0.022925789430068115,3.2370000000000028,0.0,0.022917651,0.15
4.087023724028231,2.115245406651612,0.15,468.24973748759004,4.135862613894631,3.2380000000000027,0.02292578816382833,3.2380000000000027,0.0,0.022917651,0.15
4.08708994716713,2.115863622656509,0.15,468.3161114907236,4.135642929551728,3.2390000000000034,0.02292578689758855,3.239000000000003,0.0,0.022917651,0.15
4.087156153734264,2.1164820478365907,0.15,468.38272309425196,4.1354229697627405,3.240000000000003,0.02292578563134877,3.240000000000003,0.0,0.022917651,0.15
4.087222343699217,2.1171006825757486,0.15,468.449572734234,4.135202734022156,3.2410000000000028,0.022925784365108986,3.2410000000000028,0.0,0.022917651,0.15
4.087288517031502,2.1177195272588123,0.15,468.51666084779515,4.13498222182322,3.2420000000000027,0.022925783098869203,3.2420000000000027,0.0,0.022917651,0.15
4.08735467370056,2.118338582271556,0.15,468.5839878731324,4.134761432657941,3.243000000000003,0.022925781832629423,3.243000000000003,0.0,0.022917651,0.15
4.087420813675749,2.1189578480006985,0.15,468.6515542495168,4.1345403660170765,3.2440000000000033,0.022925780566389643,3.244000000000003,0.0,0.022917651,0.15
4.087486936926358,2.119577324833908,0.15,468.71936041729697,4.134319021390139,3.245000000000003,0.022925779300149864,3.2450000000000028,0.0,0.022917651,0.15
4.0875530434215985,2.1201970131598027,0.15,468.7874068179024,4.134097398265388,3.246000000000003,0.022925778033910077,3.2460000000000027,0.0,0.022917651,0.15
4.087619133130607,2.120816913367957,0.15,468.8556938938469,4.133875496129823,3.247000000000003,0.022925776767670294,3.247000000000003,0.0,0.022917651,0.15
4.087685206022444,2.121437025848902,0.15,468.9242220887312,4.1336533144691865,3.248000000000003,0.02292577550143051,3.248000000000003,0.0,0.022917651,0.15
4.087751262066093,2.122057350994129,0.15,468.99299184724765,4.133430852767954,3.2490000000000028,0.02292577423519073,3.2490000000000028,0.0,0.022917651,0.15
4.087817301230464,2.122677889196093,0.15,469.0620036151823,4.133208110509333,3.250000000000003,0.02292577296895095,3.2500000000000027,0.0,0.022917651,0.15
4.087883323484387,2.123298640848215,0.15,469.13125783941865,4.132985087175259,3.251000000000003,0.022925771702711168,3.251000000000003,0.0,0.022917651,0.15
4.087949328796617,2.123919606344885,0.15,469.20075496794163,4.132761782246391,3.252000000000003,0.022925770436471385,3.252000000000003,0.0,0.022917651,0.15
4.088015317135831,2.1245407860814653,0.15,469.27049544984004,4.132538195202109,3.253000000000003,0.022925769170231605,3.253000000000003,0.0,0.022917651,0.15
4.08808128847063,2.1251621804542937,0.15,469.34047973531074,4.132314325520505,3.2540000000000027,0.022925767903991826,3.2540000000000027,0.0,0.022917651,0.15
4.088147242769538,2.1257837898606864,0.15,469.4107082756615,4.132090172678388,3.255000000000003,0.022925766637752042,3.255000000000003,0.0,0.022917651,0.15
4.088213180000998,2.12640561469894,0.15,469.48118152331483,4.131865736151271,3.2560000000000024,0.02292576537151226,3.256000000000003,0.0,0.022917651,0.15
4.088279100133379,2.127027655368336,0.15,469.55189993181114,4.131641015413372,3.257000000000003,0.022925764105272473,3.257000000000003,0.0,0.022917651,0.15
4.088345003134969,2.1276499122691437,0.15,469.6228639558125,4.131416009937611,3.258000000000003,0.022925762839032693,3.2580000000000027,0.0,0.022917651,0.15
4.088410888973979,2.1282723858026213,0.15,469.6940740511057,4.1311907191956,3.2590000000000034,0.022925761572792913,3.259000000000003,0.0,0.022917651,0.15
4.088476757618541,2.128895076371022,0.15,469.7655306746061,4.1309651426576455,3.2600000000000033,0.02292576030655313,3.260000000000003,0.0,0.022917651,0.15
4.088542609036707,2.1295179843775935,0.15,469.8372342843611,4.130739279792743,3.261000000000003,0.022925759040313347,3.261000000000003,0.0,0.022917651,0.15
4.088607299058539,2.1301418734252464,0.15,469.91354360372605,4.130507791081903,3.2620000000000027,0.022925757774073567,3.2620000000000027,0.0,0.022917651,0.15
4.088671767536924,2.130766108624683,0.15,469.99091648329596,4.130275070173152,3.263000000000003,0.022925756507833787,3.263000000000003,0.0,0.022917651,0.15
4.088736196565882,2.1313905683806866,0.15,470.0686626314166,4.130041966914297,3.2640000000000033,0.022925755241594004,3.264000000000003,0.0,0.022917651,0.15
4.088800586046381,2.1320152532569607,0.15,470.1467829851031,4.129808480345524,3.265000000000003,0.02292575397535422,3.265000000000003,0.0,0.022917651,0.15
4.0888649358790605,2.1326401638190973,0.15,470.2252784845089,4.129574609503807,3.2660000000000027,0.022925752709114438,3.2660000000000027,0.0,0.022917651,0.15
4.088929245964227,2.1332653006345854,0.15,470.30415007294033,4.12934035342289,3.2670000000000035,0.022925751442874655,3.267000000000003,0.0,0.022917651,0.15
4.088993516201849,2.133890664272817,0.15,470.3833986968685,4.129105711133271,3.268000000000003,0.022925750176634875,3.268000000000003,0.0,0.022917651,0.15
4.089057746491563,2.134516255305096,0.15,470.46302530594284,4.1288706816622,3.269000000000003,0.022925748910395092,3.269000000000003,0.0,0.022917651,0.15
4.089121936732665,2.1351420743046488,0.15,470.54303085300506,4.128635264033649,3.2700000000000027,0.022925747644155316,3.2700000000000027,0.0,0.022917651,0.15
4.0891860868241166,2.135768121846628,0.15,470.62341629410224,4.128399457268314,3.2710000000000026,0.02292574637791553,3.271000000000003,0.0,0.022917651,0.15
4.089250196664534,2.136394398508123,0.15,470.7041825884998,4.128163260383589,3.2720000000000034,0.022925745111675746,3.272000000000003,0.0,0.022917651,0.15
4.089314266152196,2.1370209048681685,0.15,470.7853306986959,4.127926672393557,3.273000000000003,0.02292574384543597,3.273000000000003,0.0,0.022917651,0.15
4.089378295185035,2.137647641507751,0.15,470.8668615904346,4.127689692308981,3.2740000000000027,0.022925742579196186,3.2740000000000027,0.0,0.022917651,0.15
4.08944228366064,2.138274609009819,0.15,470.9487762327198,4.127452319137278,3.2750000000000026,0.022925741312956403,3.275000000000003,0.0,0.022917651,0.15
4.089506231476256,2.138901807959289,0.15,471.03107559782825,4.127214551882518,3.276000000000003,0.02292574004671662,3.276000000000003,0.0,0.022917651,0.15
4.089570138528778,2.139529238943056,0.15,471.11376066132476,4.1269763895454,3.277000000000003,0.02292573878047684,3.277000000000003,0.0,0.022917651,0.15
4.089634004714754,2.1401569025500025,0.15,471.196832402075,4.126737831123245,3.278000000000003,0.022925737514237057,3.2780000000000027,0.0,0.022917651,0.15
4.089697829930381,2.140784799371002,0.15,471.28029180225946,4.126498875609973,3.2790000000000035,0.022925736247997278,3.279000000000003,0.0,0.022917651,0.15
4.089761614071503,2.141412929998932,0.15,471.36413984738834,4.126259521996098,3.280000000000003,0.022925734981757494,3.280000000000003,0.0,0.022917651,0.15
4.089825357033612,2.142041295028684,0.15,471.44837752631497,4.126019769268708,3.281000000000003,0.02292573371551771,3.281000000000003,0.0,0.022917651,0.15
4.089889058711845,2.142669895057166,0.15,471.5330058312502,4.125779616411452,3.2820000000000027,0.02292573244927793,3.2820000000000027,0.0,0.022917651,0.15
4.089952694622081,2.1432987318075867,0.15,471.61808843390406,4.125538963687025,3.283000000000003,0.02292573118303815,3.283000000000003,0.0,0.022917651,0.15
4.090015700557205,2.143927823265697,0.15,471.7050736271733,4.125295534478547,3.2840000000000034,0.022925729916798365,3.284000000000003,0.0,0.022917651,0.15
4.090078659213994,2.144557135172322,0.15,471.7924613423276,4.125051695682038,3.285000000000003,0.022925728650558586,3.285000000000003,0.0,0.022917651,0.15
4.0901415704685355,2.145186668105234,0.15,471.8802526343378,4.124807446224007,3.2860000000000027,0.022925727384318806,3.2860000000000027,0.0,0.022917651,0.15
4.090204434196486,2.1458164226442302,0.15,471.9684485618646,4.1245627850272095,3.287000000000003,0.02292572611807902,3.287000000000003,0.0,0.022917651,0.15
4.090267250273063,2.1464463993711327,0.15,472.05705018727474,4.124317711010629,3.288000000000003,0.02292572485183924,3.288000000000003,0.0,0.022917651,0.15
4.090330018573049,2.1470765988698064,0.15,472.14605857665725,4.124072223089461,3.289000000000003,0.02292572358559946,3.289000000000003,0.0,0.022917651,0.15
4.090392738970787,2.1477070217261613,0.15,472.23547479983966,4.123826320175096,3.290000000000003,0.02292572231935968,3.2900000000000027,0.0,0.022917651,0.15
4.09045541134018,2.1483376685281654,0.15,472.32529993040447,4.123580001175109,3.2910000000000026,0.022925721053119893,3.291000000000003,0.0,0.022917651,0.15
4.0905180355546875,2.148968539865851,0.15,472.4155350457056,4.1233332649932315,3.292000000000003,0.02292571978688011,3.292000000000003,0.0,0.022917651,0.15
4.09058061148732,2.149599636331325,0.15,472.50618122688496,4.123086110529342,3.2930000000000033,0.02292571852064033,3.293000000000003,0.0,0.022917651,0.15
4.090643139010649,2.1502309585187787,0.15,472.5972395588894,4.122838536679447,3.2940000000000027,0.022925717254400547,3.2940000000000027,0.0,0.022917651,0.15
4.090705617996792,2.1508625070244958,0.15,472.6887111304868,4.122590542335669,3.295000000000003,0.022925715988160768,3.295000000000003,0.0,0.022917651,0.15
4.090768048317415,2.1514942824468624,0.15,472.7805970342836,4.122342126386217,3.296000000000003,0.022925714721920985,3.296000000000003,0.0,0.022917651,0.15
4.0908304298437335,2.152126285386376,0.15,472.87289836674125,4.122093287715385,3.2970000000000033,0.022925713455681205,3.297000000000003,0.0,0.022917651,0.15
4.090892762446507,2.152758516445654,0.15,472.9656162281936,4.1218440252035204,3.298000000000003,0.022925712189441422,3.2980000000000027,0.0,0.022917651,0.15
4.090955045996039,2.153390976229446,0.15,473.05875172286375,4.121594337727017,3.2990000000000035,0.022925710923201642,3.299000000000003,0.0,0.022917651,0.15
4.091017280362175,2.154023665344638,0.15,473.1523059588829,4.1213442241582925,3.3000000000000034,0.022925709656961855,3.300000000000003,0.0,0.022917651,0.15
4.091079943078237,2.154628395480939,0.15,473.7573423756543,4.121119793423671,3.301000000000003,0.02292570802360233,3.301000000000003,0.0,0.022917651,0.15
4.091142585638484,2.155233334543036,0.15,474.36264263807516,4.1208950731781275,3.3020000000000027,0.022925706390242807,3.3020000000000027,0.0,0.022917651,0.15
4.091205208004787,2.155838482926128,0.15,474.96820724522854,4.120670062874035,3.3030000000000035,0.022925704756883283,3.303000000000003,0.0,0.022917651,0.15
4.091267810138924,2.15644384102641,0.15,475.57403669745605,4.120444761962381,3.304000000000003,0.022925703123523756,3.304000000000003,0.0,0.022917651,0.15
4.091329751962569,2.157050404067876,0.15,476.18145757075126,4.120215616767888,3.305000000000003,0.022925701490164232,3.305000000000003,0.0,0.022917651,0.15
4.091391618384505,2.157657236220419,0.15,476.7892806400882,4.119985900989014,3.306000000000003,0.022925699856804708,3.3060000000000027,0.0,0.022917651,0.15
4.091453455110761,2.158264265817242,0.15,477.39741249113075,4.119755868981247,3.3070000000000026,0.02292569822344518,3.307000000000003,0.0,0.022917651,0.15
4.091515262079584,2.1588714932689332,0.15,478.00585376599514,4.1195255200869845,3.308000000000003,0.022925696590085656,3.308000000000003,0.0,0.022917651,0.15
4.091577039229049,2.1594789189872197,0.15,478.6146051085797,4.119294853646799,3.309000000000003,0.022925694956726132,3.309000000000003,0.0,0.022917651,0.15
4.091638786497062,2.1600865433849727,0.15,479.2236671645708,4.119063868999431,3.310000000000003,0.022925693323366608,3.3100000000000027,0.0,0.022917651,0.15
4.09170050382135,2.1606943668762106,0.15,479.83304058144853,4.1188325654817834,3.3110000000000026,0.02292569169000708,3.311000000000003,0.0,0.022917651,0.15
4.091762191139476,2.161302389876103,0.15,480.4427260084931,4.11860094242892,3.312000000000003,0.022925690056647557,3.312000000000003,0.0,0.022917651,0.15
4.091823848388823,2.1619106128009746,0.15,481.0527240967913,4.118368999174048,3.313000000000003,0.02292568842328803,3.313000000000003,0.0,0.022917651,0.15
4.091885475506602,2.1625190360683075,0.15,481.66303549924305,4.118136735048522,3.314000000000003,0.022925686789928505,3.3140000000000027,0.0,0.022917651,0.15
4.091947072429847,2.163127660096751,0.15,482.2736608705673,4.1179041493818325,3.3150000000000035,0.022925685156568974,3.315000000000003,0.0,0.022917651,0.15
4.092008639095418,2.163736485306117,0.15,482.88460086730765,4.1176712415016015,3.316000000000003,0.022925683523209457,3.316000000000003,0.0,0.022917651,0.15
4.09207017544,2.1643455121173916,0.15,483.49585614784075,4.117438010733573,3.317000000000003,0.022925681889849926,3.317000000000003,0.0,0.022917651,0.15
4.092131681400098,2.1649547409527363,0.15,484.1074273723807,4.117204456401612,3.318000000000003,0.022925680256490406,3.3180000000000027,0.0,0.022917651,0.15
4.092193156912045,2.165564172235491,0.15,484.7193152029867,4.11697057782769,3.3190000000000035,0.022925678623130878,3.319000000000003,0.0,0.022917651,0.15
4.092254601911987,2.1661738063901788,0.15,485.33152030356814,4.116736374331883,3.320000000000003,0.022925676989771354,3.320000000000003,0.0,0.022917651,0.15
4.092316016335904,2.1667836438425123,0.15,485.94404333989286,4.116501845232371,3.3210000000000033,0.022925675356411827,3.321000000000003,0.0,0.022917651,0.15
4.092377400119582,2.167393685019395,0.15,486.5568849795926,4.116266989845418,3.322000000000003,0.022925673723052303,3.3220000000000027,0.0,0.022917651,0.15
4.092438753198639,2.1680039303489274,0.15,487.17004589216975,4.116031807485374,3.323000000000003,0.02292567208969278,3.323000000000003,0.0,0.022917651,0.15
4.092500075508507,2.1686143802604074,0.15,487.78352674900316,4.11579629746467,3.3240000000000034,0.02292567045633325,3.324000000000003,0.0,0.022917651,0.15
4.092561366984439,2.169225035184342,0.15,488.397328223356,4.115560459093803,3.325000000000003,0.022925668822973727,3.325000000000003,0.0,0.022917651,0.15
4.092622387868845,2.1698362307926597,0.15,489.01202369693556,4.115322996988197,3.326000000000003,0.0229256671896142,3.3260000000000027,0.0,0.022917651,0.15
4.0926830636162155,2.1704480731910034,0.15,489.6277870107246,4.115083506656696,3.327000000000003,0.022925665556254676,3.327000000000003,0.0,0.022917651,0.15
4.092743704744184,2.1710601290346037,0.15,490.24387487762664,4.114843664402071,3.328000000000003,0.022925663922895148,3.328000000000003,0.0,0.022917651,0.15
4.092804311175877,2.1716723987974254,0.15,490.8602880183266,4.114603469442856,3.3290000000000033,0.02292566228953562,3.329000000000003,0.0,0.022917651,0.15
4.092864882834191,2.172284882954838,0.15,491.4770271556448,4.114362920995278,3.3300000000000023,0.0229256606561761,3.3300000000000027,0.0,0.022917651,0.15
4.092925419641798,2.1728975819836203,0.15,492.0940930145444,4.114122018273235,3.331000000000003,0.022925659022816573,3.331000000000003,0.0,0.022917651,0.15
4.092985921521136,2.173510496361965,0.15,492.7114863221394,4.113880760488295,3.332000000000003,0.02292565738945705,3.332000000000003,0.0,0.022917651,0.15
4.093046388394417,2.1741236265694854,0.15,493.32920780770377,4.113639146849684,3.333000000000003,0.02292565575609752,3.333000000000003,0.0,0.022917651,0.15
4.0931068201836185,2.17473697308722,0.15,493.94725820267814,4.113397176564276,3.3340000000000027,0.022925654122737997,3.3340000000000027,0.0,0.022917651,0.15
4.093167216810487,2.1753505363976395,0.15,494.56563824067905,4.113154848836589,3.3350000000000035,0.022925652489378473,3.335000000000003,0.0,0.022917651,0.15
4.093227578196537,2.1759643169846465,0.15,495.18434865750527,4.112912162868773,3.3360000000000034,0.02292565085601895,3.336000000000003,0.0,0.022917651,0.15
4.093287904263049,2.176578315333589,0.15,495.80339019114786,4.112669117860602,3.3370000000000033,0.022925649222659425,3.337000000000003,0.0,0.022917651,0.15
4.093348194931066,2.1771925319312593,0.15,496.42276358179754,4.112425713009462,3.338000000000003,0.0229256475892999,3.3380000000000027,0.0,0.022917651,0.15
4.093408450121401,2.177806967265903,0.15,497.0424695718528,4.112181947510348,3.339000000000003,0.022925645955940373,3.339000000000003,0.0,0.022917651,0.15
4.093468669754626,2.1784216218272205,0.15,497.6625089059276,4.111937820555852,3.3400000000000034,0.022925644322580846,3.340000000000003,0.0,0.022917651,0.15
4.093528853751078,2.17903649610638,0.15,498.2828823308611,4.111693331336153,3.3410000000000033,0.022925642689221322,3.341000000000003,0.0,0.022917651,0.15
4.093589002030853,2.1796515905960128,0.15,498.9035905957249,4.11144847903901,3.3420000000000036,0.022925641055861798,3.3420000000000027,0.0,0.022917651,0.15
4.093649114513814,2.1802669057902273,0.15,499.52463445183145,4.111203262849747,3.343000000000003,0.022925639422502274,3.343000000000003,0.0,0.022917651,0.15
4.093709191119576,2.18088244218461,0.15,500.14601465274234,4.110957681951259,3.344000000000003,0.022925637789142746,3.344000000000003,0.0,0.022917651,0.15
4.093769231767519,2.1814982002762315,0.15,500.7677319542774,4.110711735523984,3.345000000000003,0.022925636155783226,3.345000000000003,0.0,0.022917651,0.15
4.09382923637678,2.1821141805636555,0.15,501.3897871145229,4.110465422745906,3.3460000000000027,0.022925634522423695,3.3460000000000027,0.0,0.022917651,0.15
4.093888655651879,2.1827310271575042,0.15,502.013408497997,4.110215903181611,3.3470000000000026,0.02292563288906417,3.347000000000003,0.0,0.022917651,0.15
4.09394794475969,2.1833482074746176,0.15,502.6375858856328,4.1099655293815776,3.3480000000000034,0.022925631255704647,3.348000000000003,0.0,0.022917651,0.15
4.094007198709157,2.1839656106058585,0.15,503.26210801887663,4.109714792143167,3.349000000000003,0.02292562962234512,3.349000000000003,0.0,0.022917651,0.15
4.094066417423328,2.1845832370389036,0.15,503.8869756522772,4.1094636906709185,3.350000000000003,0.022925627988985595,3.3500000000000028,0.0,0.022917651,0.15
4.094125600825027,2.1852010872628522,0.15,504.5121895425871,4.109212224167048,3.351000000000003,0.022925626355626068,3.351000000000003,0.0,0.022917651,0.15
4.094184748836853,2.1858191617682334,0.15,505.1377504487698,4.108960391831437,3.352000000000003,0.022925624722266544,3.352000000000003,0.0,0.022917651,0.15
4.094243861381178,2.1864374610470123,0.15,505.763659132009,4.108708192861631,3.353000000000003,0.02292562308890702,3.353000000000003,0.0,0.022917651,0.15
4.094302938380144,2.187055985592592,0.15,506.3899163557165,4.108455626452822,3.3540000000000028,0.022925621455547496,3.3540000000000028,0.0,0.022917651,0.15
4.0943619797556705,2.1876747358998228,0.15,507.0165228855398,4.108202691797851,3.3550000000000035,0.02292561982218797,3.355000000000003,0.0,0.022917651,0.15
4.094420985429444,2.1882937124650037,0.15,507.6434794893703,4.107949388087187,3.3560000000000034,0.022925618188828444,3.356000000000003,0.0,0.022917651,0.15
4.0944799553229245,2.1889129157858895,0.15,508.27078693735234,4.10769571450893,3.3570000000000033,0.02292561655546892,3.357000000000003,0.0,0.022917651,0.15
4.094538889357336,2.189532346361698,0.15,508.8984460018908,4.107441670248791,3.358000000000003,0.022925614922109396,3.3580000000000028,0.0,0.022917651,0.15
4.094597787453678,2.190152004693111,0.15,509.5264574576597,4.1071872544900945,3.359000000000003,0.02292561328874987,3.359000000000003,0.0,0.022917651,0.15
4.094656649532713,2.1907718912822842,0.15,510.15482208160984,4.106932466413759,3.3600000000000025,0.022925611655390345,3.360000000000003,0.0,0.022917651,0.15
4.09471547551497,2.19139200663285,0.15,510.78354065297816,4.106677305198298,3.3610000000000033,0.022925610022030817,3.361000000000003,0.0,0.022917651,0.15
4.094774265320749,2.1920123512499226,0.15,511.41261395329576,4.106421770019804,3.362000000000003,0.022925608388671293,3.3620000000000028,0.0,0.022917651,0.15
4.0948330188701085,2.192632925640105,0.15,512.0420427663963,4.106165860051941,3.363000000000003,0.02292560675531177,3.363000000000003,0.0,0.022917651,0.15
4.094891736082878,2.1932537303114947,0.15,512.6718278784243,4.105909574465938,3.364000000000003,0.02292560512195224,3.364000000000003,0.0,0.022917651,0.15
4.094950416878645,2.1938747657736872,0.15,513.3019700778437,4.105652912430581,3.365000000000003,0.022925603488592718,3.365000000000003,0.0,0.022917651,0.15
4.095008948994227,2.194496151470811,0.15,513.9327110365753,4.105395305442594,3.3660000000000028,0.022925601855233194,3.3660000000000028,0.0,0.022917651,0.15
4.095066855342483,2.1951183914972665,0.15,514.5650764647718,4.105134341004849,3.3670000000000035,0.022925600221873666,3.367000000000003,0.0,0.022917651,0.15
4.095124722809634,2.1957408625366344,0.15,515.1978073037296,4.104872989992835,3.3680000000000034,0.022925598588514142,3.368000000000003,0.0,0.022917651,0.15
4.095182551308504,2.1963635651068683,0.15,515.8309043727347,4.104611251539817,3.369000000000003,0.022925596955154618,3.369000000000003,0.0,0.022917651,0.15
4.095240340751658,2.1969864997274713,0.15,516.4643684935243,4.104349124776466,3.3700000000000028,0.02292559532179509,3.3700000000000028,0.0,0.022917651,0.15
4.095298091051398,2.1976096669195013,0.15,517.0982004902955,4.104086608830848,3.3710000000000035,0.022925593688435567,3.371000000000003,0.0,0.022917651,0.15
4.095355802119764,2.198233067205577,0.15,517.7324011897151,4.103823702828419,3.372000000000003,0.022925592055076036,3.372000000000003,0.0,0.022917651,0.15
4.095413473868532,2.198856701109885,0.15,518.3669714209284,4.103560405892012,3.373000000000003,0.02292559042171652,3.373000000000003,0.0,0.022917651,0.15
4.09547110620921,2.199480569158185,0.15,519.0019120155687,4.103296717141827,3.3740000000000028,0.02292558878835699,3.3740000000000028,0.0,0.022917651,0.15
4.095528699053046,2.2001046718778134,0.15,519.637223807767,4.103032635695426,3.375000000000003,0.022925587154997464,3.375000000000003,0.0,0.022917651,0.15
4.095586252311019,2.200729009797694,0.15,520.2729076341602,4.102768160667713,3.376000000000003,0.02292558552163794,3.376000000000003,0.0,0.022917651,0.15
4.09564376589384,2.20135358344834,0.15,520.9089643339023,4.102503291170933,3.3770000000000024,0.022925583888278415,3.377000000000003,0.0,0.022917651,0.15
4.095701239711947,2.2019783933618617,0.15,521.5453947486722,4.102238026314661,3.378000000000003,0.022925582254918888,3.378000000000003,0.0,0.022917651,0.15
4.095758673675518,2.202603440071972,0.15,522.1821997226845,4.101972365205788,3.379000000000003,0.022925580621559367,3.379000000000003,0.0,0.022917651,0.15
4.095816067694451,2.2032287241139916,0.15,522.8193801026978,4.101706306948512,3.380000000000003,0.02292557898819984,3.380000000000003,0.0,0.022917651,0.15
4.095873421678378,2.203854246024857,0.15,523.4569367380252,4.101439850644332,3.381000000000003,0.022925577354840312,3.381000000000003,0.0,0.022917651,0.15
4.095930735536654,2.2044800063431262,0.15,524.0948704805443,4.101172995392032,3.382000000000003,0.02292557572148079,3.382000000000003,0.0,0.022917651,0.15
4.095988009178362,2.2051060056089833,0.15,524.7331821847056,4.100905740287672,3.383000000000003,0.02292557408812126,3.383000000000003,0.0,0.022917651,0.15
4.0960452425123135,2.205732244364246,0.15,525.3718727075429,4.100638084424585,3.384000000000003,0.02292557245476174,3.384000000000003,0.0,0.022917651,0.15
4.0961022028155405,2.206359042442845,0.15,526.0114362475583,4.100368777074751,3.385000000000003,0.022925570821402213,3.385000000000003,0.0,0.022917651,0.15
4.0961585913346985,2.2069868168829947,0.15,526.6525091238098,4.1000962062060875,3.386000000000003,0.02292556918804269,3.386000000000003,0.0,0.022917651,0.15
4.096214937368981,2.207614845162412,0.15,527.2939706601459,4.0998232115543916,3.387000000000003,0.02292556755468316,3.387000000000003,0.0,0.022917651,0.15
4.0962712408190125,2.2082431278748618,0.15,527.9358217656948,4.0995497921283786,3.3880000000000035,0.022925565921323637,3.388000000000003,0.0,0.022917651,0.15
4.096327501585101,2.2088716656159613,0.15,528.5780633524224,4.099275946933667,3.3890000000000033,0.022925564287964113,3.389000000000003,0.0,0.022917651,0.15
4.09638371956725,2.20950045898319,0.15,529.2206963351437,4.099001674972771,3.390000000000003,0.02292556265460459,3.390000000000003,0.0,0.022917651,0.15
4.096439894665145,2.2101295085758923,0.15,529.8637216315335,4.0987269752450874,3.391000000000003,0.02292556102124506,3.391000000000003,0.0,0.022917651,0.15
4.096496026778163,2.2107588149952893,0.15,530.5071401621368,4.0984518467468805,3.3920000000000026,0.022925559387885534,3.392000000000003,0.0,0.022917651,0.15
4.096552115805362,2.2113883788444855,0.15,531.1509528503819,4.098176288471275,3.3930000000000033,0.022925557754526014,3.393000000000003,0.0,0.022917651,0.15
4.0966081616454835,2.2120182007284743,0.15,531.7951606225904,4.097900299408235,3.394000000000003,0.022925556121166486,3.394000000000003,0.0,0.022917651,0.15
4.0966641641969535,2.212648281254146,0.15,532.4397644079886,4.097623878544563,3.395000000000003,0.02292555448780696,3.395000000000003,0.0,0.022917651,0.15
4.096720123357878,2.213278621030295,0.15,533.0847651387189,4.097347024863877,3.396000000000003,0.022925552854447435,3.396000000000003,0.0,0.022917651,0.15
4.096776039026045,2.213909220667629,0.15,533.730163749852,4.097069737346608,3.397000000000003,0.02292555122108791,3.397000000000003,0.0,0.022917651,0.15
4.096831911098918,2.2145400807787765,0.15,534.3759611793974,4.096792014969977,3.398000000000003,0.022925549587728383,3.398000000000003,0.0,0.022917651,0.15
4.096887739473639,2.2151712019782903,0.15,535.0221583683162,4.09651385670799,3.399000000000003,0.02292554795436886,3.399000000000003,0.0,0.022917651,0.15
4.096943524047029,2.21580258488266,0.15,535.6687562605293,4.096235261531421,3.400000000000003,0.022925546321009335,3.400000000000003,0.0,0.022917651,0.15
4.097000311781505,2.2164021009467625,0.15,535.8638145440566,4.095989005893568,3.401000000000003,0.02292548736300385,3.401000000000003,0.0,0.022917651,0.15
4.097057061320435,2.2170018193051546,0.15,536.0592111370061,4.095742395188967,3.402000000000003,0.022925428404998355,3.402000000000003,0.0,0.022917651,0.15
4.097113772578341,2.2176017404105597,0.15,536.2549467964948,4.0954954286230025,3.4030000000000027,0.02292536944699287,3.403000000000003,0.0,0.022917651,0.15
4.097169903765322,2.218202499265498,0.15,536.4521971088787,4.095245304432451,3.4040000000000026,0.022925310488987383,3.404000000000003,0.0,0.022917651,0.15
4.097225892016419,2.2188035816669083,0.15,536.6500142664071,4.094994285042504,3.405000000000003,0.02292525153098189,3.405000000000003,0.0,0.022917651,0.15
4.0972818413670025,2.2194048658743433,0.15,536.8481731794227,4.094742908258793,3.406000000000003,0.022925192572976403,3.406000000000003,0.0,0.022917651,0.15
4.097337751731023,2.2200063523341917,0.15,537.0466746038798,4.094491173290774,3.4070000000000027,0.022925133614970918,3.407000000000003,0.0,0.022917651,0.15
4.0973936230221835,2.22060804149416,0.15,537.2455192979627,4.094239079345568,3.408000000000003,0.022925074656965427,3.408000000000003,0.0,0.022917651,0.15
4.097449455153925,2.2212099338032765,0.15,537.4447080220958,4.093986625627956,3.4090000000000034,0.02292501569895994,3.409000000000003,0.0,0.022917651,0.15
4.09750524803944,2.2218120297118986,0.15,537.644241538951,4.093733811340366,3.4100000000000033,0.022924956740954454,3.410000000000003,0.0,0.022917651,0.15
4.097561001591655,2.2224143296717154,0.15,537.8441206134563,4.093480635682868,3.411000000000003,0.02292489778294897,3.411000000000003,0.0,0.022917651,0.15
4.097616715723247,2.223016834135752,0.15,538.0443460128039,4.0932270978531635,3.412000000000003,0.02292483882494347,3.412000000000003,0.0,0.022917651,0.15
4.097672390346632,2.223619543558376,0.15,538.2449185064588,4.092973197046581,3.413000000000003,0.02292477986693799,3.413000000000003,0.0,0.022917651,0.15
4.097728025373963,2.2242224583953014,0.15,538.4458388661672,4.092718932456057,3.414000000000003,0.0229247209089325,3.414000000000003,0.0,0.022917651,0.15
4.097783620717136,2.2248255791035976,0.15,538.6471078659648,4.092464303272137,3.4150000000000027,0.02292466195092701,3.415000000000003,0.0,0.022917651,0.15
4.097839176287784,2.2254289061416856,0.15,538.8487262821852,4.092209308682964,3.416000000000003,0.02292460299292152,3.416000000000003,0.0,0.022917651,0.15
4.097894691997278,2.2260324399693525,0.15,539.0506948934697,4.091953947874268,3.417000000000003,0.022924544034916037,3.417000000000003,0.0,0.022917651,0.15
4.097950167756728,2.2266361810477515,0.15,539.2530144807732,4.091698220029359,3.4180000000000033,0.022924485076910545,3.418000000000003,0.0,0.022917651,0.15
4.098005603476973,2.227240129839408,0.15,539.4556858273759,4.091442124329113,3.4190000000000036,0.02292442611890506,3.419000000000003,0.0,0.022917651,0.15
4.098060999068591,2.2278442868082227,0.15,539.6587097188894,4.091185659951972,3.4200000000000026,0.022924367160899572,3.420000000000003,0.0,0.022917651,0.15
4.098116354441893,2.228448652419483,0.15,539.8620869432672,4.090928826073924,3.4210000000000025,0.022924308202894084,3.421000000000003,0.0,0.022917651,0.15
4.0981716695069235,2.2290532271398606,0.15,540.0658182908122,4.0906716218685055,3.4220000000000033,0.022924249244888596,3.422000000000003,0.0,0.022917651,0.15
4.098226944173456,2.2296580114374214,0.15,540.2699045541865,4.090414046506782,3.4230000000000036,0.022924190286883105,3.423000000000003,0.0,0.022917651,0.15
4.098281618866355,2.2302636860231577,0.15,540.4754760540773,4.090153180443667,3.4240000000000035,0.02292413132887762,3.424000000000003,0.0,0.022917651,0.15
4.098336154638636,2.230869691540203,0.15,540.6816036677187,4.089891427670502,3.425000000000003,0.022924072370872132,3.425000000000003,0.0,0.022917651,0.15
4.098390648978,2.231475909890642,0.15,540.8880912837909,4.089629296327654,3.4260000000000024,0.02292401341286664,3.426000000000003,0.0,0.022917651,0.15
4.09844510179154,2.2320823415517244,0.15,541.0949397095495,4.089366785566237,3.427000000000003,0.022923954454861156,3.427000000000003,0.0,0.022917651,0.15
4.098499512986071,2.2326889870021263,0.15,541.3021497546645,4.089103894534818,3.428000000000003,0.022923895496855667,3.428000000000003,0.0,0.022917651,0.15
4.098553882468127,2.233295846721958,0.15,541.5097222312309,4.0888406223794185,3.4290000000000034,0.022923836538850172,3.429000000000003,0.0,0.022917651,0.15
4.098608210143962,2.233902921192769,0.15,541.7176579537768,4.088576968243501,3.430000000000003,0.022923777580844688,3.430000000000003,0.0,0.022917651,0.15
4.098662495919555,2.234510210897552,0.15,541.9259577392733,4.088312931267962,3.4310000000000027,0.022923718622839203,3.431000000000003,0.0,0.022917651,0.15
4.098716739700595,2.235117716320751,0.15,542.1346224071431,4.088048510591112,3.4320000000000026,0.022923659664833715,3.432000000000003,0.0,0.022917651,0.15
4.09877094139249,2.235725437948261,0.15,542.3436527792695,4.087783705348682,3.433000000000003,0.022923600706828223,3.433000000000003,0.0,0.022917651,0.15
4.098825100900365,2.236333376267442,0.15,542.5530496800067,4.0875185146738,3.434000000000003,0.022923541748822735,3.434000000000003,0.0,0.022917651,0.15
4.0988792181290625,2.2369415317671173,0.15,542.7628139361879,4.087252937696989,3.4350000000000027,0.022923482790817247,3.435000000000003,0.0,0.022917651,0.15
4.098933292983132,2.2375499049375813,0.15,542.9729463771349,4.086986973546156,3.436000000000003,0.022923423832811762,3.436000000000003,0.0,0.022917651,0.15
4.0989873253668385,2.2381584962706063,0.15,543.1834478346683,4.0867206213465765,3.4370000000000034,0.02292336487480627,3.437000000000003,0.0,0.022917651,0.15
4.099041315184159,2.2387673062594478,0.15,543.394319143116,4.086453880220893,3.4380000000000033,0.022923305916800786,3.438000000000003,0.0,0.022917651,0.15
4.099095262338783,2.239376335398847,0.15,543.605561139323,4.0861867492891,3.4390000000000036,0.022923246958795294,3.439000000000003,0.0,0.022917651,0.15
4.0991491667341045,2.239985584185041,0.15,543.8171746626607,4.085919227668535,3.4400000000000035,0.02292318800078981,3.440000000000003,0.0,0.022917651,0.15
4.099203028273228,2.240595053115766,0.15,544.0291605550368,4.0856513144738695,3.4410000000000034,0.02292312904278432,3.441000000000003,0.0,0.022917651,0.15
4.099256846858964,2.241204742690262,0.15,544.2415196609047,4.085383008817097,3.4420000000000033,0.022923070084778834,3.442000000000003,0.0,0.022917651,0.15
4.09931010471687,2.241815275822427,0.15,544.4552348413844,4.08511161648839,3.443000000000003,0.022923011126773345,3.443000000000003,0.0,0.022917651,0.15
4.09936311833461,2.242426276891959,0.15,544.669710095221,4.084838779192782,3.4440000000000035,0.022922952168767854,3.444000000000003,0.0,0.022917651,0.15
4.09941608967214,2.243037504204962,0.15,544.8845635789179,4.084565546543452,3.4450000000000034,0.02292289321076237,3.445000000000003,0.0,0.022917651,0.15
4.099469018635129,2.2436489582662134,0.15,545.0997961363537,4.084291917658316,3.4460000000000033,0.02292283425275688,3.446000000000003,0.0,0.022917651,0.15
4.09952190512896,2.244260639581995,0.15,545.3154086139192,4.084017891652664,3.4470000000000027,0.02292277529475139,3.447000000000003,0.0,0.022917651,0.15
4.099574749058744,2.2448725486600947,0.15,545.5314018605269,4.083743467639151,3.4480000000000035,0.022922716336745905,3.448000000000003,0.0,0.022917651,0.15
4.0996275503292985,2.245484686009816,0.15,545.74777672762,4.083468644727785,3.4490000000000034,0.022922657378740413,3.449000000000003,0.0,0.022917651,0.15
4.099680308845162,2.2460970521419803,0.15,545.9645340691828,4.08319342202592,3.4500000000000033,0.02292259842073493,3.450000000000003,0.0,0.022917651,0.15
4.099733024510588,2.2467096475689363,0.15,546.1816747417492,4.082917798638242,3.4510000000000036,0.022922539462729437,3.451000000000003,0.0,0.022917651,0.15
4.099785697229542,2.247322472804562,0.15,546.3991996044124,4.082641773666763,3.452000000000003,0.022922480504723952,3.452000000000003,0.0,0.022917651,0.15
4.099838326905707,2.247935528364273,0.15,546.6171095188347,4.082365346210813,3.4530000000000034,0.02292242154671846,3.453000000000003,0.0,0.022917651,0.15
4.0998909134424695,2.2485488147650274,0.15,546.8354053492571,4.08208851536702,3.4540000000000033,0.022922362588712976,3.454000000000003,0.0,0.022917651,0.15
4.099943456742935,2.2491623325253314,0.15,547.0540879625094,4.081811280229313,3.4550000000000027,0.022922303630707488,3.455000000000003,0.0,0.022917651,0.15
4.099995956709912,2.249776082165244,0.15,547.2731582280184,4.0815336398888995,3.4560000000000026,0.022922244672702,3.456000000000003,0.0,0.022917651,0.15
4.100048413245925,2.2503900642063868,0.15,547.4926170178194,4.0812555934342685,3.4570000000000034,0.02292218571469651,3.457000000000003,0.0,0.022917651,0.15
4.100100826253198,2.251004279171944,0.15,547.712465206565,4.080977139951163,3.4580000000000033,0.022922126756691023,3.458000000000003,0.0,0.022917651,0.15
4.100153195633665,2.2516187275866733,0.15,547.932703671535,4.080698278522591,3.4590000000000036,0.022922067798685532,3.459000000000003,0.0,0.022917651,0.15
4.100205521288966,2.2522334099769097,0.15,548.1533332926466,4.080419008228794,3.4600000000000026,0.022922008840680047,3.460000000000003,0.0,0.022917651,0.15
4.100257428150042,2.2528487346271056,0.15,548.3758287878309,4.080137420308023,3.4610000000000034,0.022921949882674555,3.461000000000003,0.0,0.022917651,0.15
4.1003087325904595,2.253464904185927,0.15,548.600861198663,4.079852577473677,3.4620000000000033,0.02292189092466907,3.462000000000003,0.0,0.022917651,0.15
4.100360002369905,2.254081302726713,0.15,548.826177250961,4.079567366981105,3.4630000000000036,0.02292183196666358,3.463000000000003,0.0,0.022917651,0.15
4.100411237420716,2.2546979306964605,0.15,549.0517774984255,4.079281788112597,3.4640000000000035,0.022921773008658095,3.464000000000003,0.0,0.022917651,0.15
4.100462437675055,2.2553147885433344,0.15,549.277662496199,4.078995840148574,3.4650000000000034,0.022921714050652603,3.465000000000003,0.0,0.022917651,0.15
4.100513603064905,2.255931876716665,0.15,549.503832800871,4.078709522367578,3.4660000000000033,0.022921655092647118,3.466000000000003,0.0,0.022917651,0.15
4.100564733522074,2.256549195666956,0.15,549.7302889704824,4.078422834046274,3.467000000000003,0.022921596134641627,3.467000000000003,0.0,0.022917651,0.15
4.100615828978192,2.257166745845885,0.15,549.9570315645304,4.078135774459436,3.4680000000000035,0.02292153717663614,3.468000000000003,0.0,0.022917651,0.15
4.100666889364709,2.25778452770631,0.15,550.1840611439732,4.077848342879948,3.469000000000003,0.02292147821863065,3.469000000000003,0.0,0.022917651,0.15
4.1007179146129,2.258402541702274,0.15,550.4113782712348,4.077560538578789,3.4700000000000033,0.022921419260625162,3.470000000000003,0.0,0.022917651,0.15
4.100768904653852,2.2590207882890034,0.15,550.63898351021,4.077272360825035,3.471000000000003,0.022921360302619674,3.471000000000003,0.0,0.022917651,0.15
4.10081985941848,2.2596392679229194,0.15,550.8668774262686,4.076983808885852,3.4720000000000035,0.022921301344614186,3.472000000000003,0.0,0.022917651,0.15
4.100870778837515,2.2602579810616352,0.15,551.095060586261,4.076694882026481,3.4730000000000034,0.0229212423866087,3.473000000000003,0.0,0.022917651,0.15
4.100921662841506,2.260876928163966,0.15,551.3235335585225,4.076405579510242,3.474000000000003,0.022921183428603213,3.474000000000003,0.0,0.022917651,0.15
4.100972511360819,2.261496109689927,0.15,551.5522969128785,4.076115900598525,3.475000000000003,0.022921124470597725,3.475000000000003,0.0,0.022917651,0.15
4.101023324325641,2.262115526100742,0.15,551.7813512206487,4.075825844550779,3.476000000000003,0.022921065512592237,3.476000000000003,0.0,0.022917651,0.15
4.101074101665971,2.2627351778588443,0.15,552.0106970546531,4.07553541062451,3.477000000000003,0.02292100655458675,3.477000000000003,0.0,0.022917651,0.15
4.101124843311629,2.2633550654278825,0.15,552.2403349892163,4.075244598075276,3.478000000000003,0.02292094759658126,3.478000000000003,0.0,0.022917651,0.15
4.101174635476335,2.263975877486119,0.15,552.4729569293581,4.074949065214343,3.4790000000000036,0.022920888638575772,3.479000000000003,0.0,0.022917651,0.15
4.101224268945945,2.264597042298351,0.15,552.7061859578297,4.074652545159224,3.4800000000000035,0.022920829680570284,3.480000000000003,0.0,0.022917651,0.15
4.101273882936978,2.2652184570269585,0.15,552.9396088589289,4.074355697294412,3.481000000000003,0.022920770722564793,3.481000000000003,0.0,0.022917651,0.15
4.1013234774188545,2.2658401220643154,0.15,553.1732259370395,4.07405852110524,3.482000000000003,0.022920711764559308,3.482000000000003,0.0,0.022917651,0.15
4.1013730523609295,2.2664620378036178,0.15,553.4070374971838,4.073761016075962,3.483000000000003,0.022920652806553816,3.483000000000003,0.0,0.022917651,0.15
4.1014226077324905,2.267084204638885,0.15,553.641043845022,4.0734631816897515,3.484000000000003,0.022920593848548332,3.484000000000003,0.0,0.022917651,0.15
4.101472143502764,2.2677066229649636,0.15,553.875245286856,4.073165017428696,3.485000000000003,0.02292053489054284,3.485000000000003,0.0,0.022917651,0.15
4.101521659640911,2.268329293177527,0.15,554.1096421296304,4.0728665227738015,3.486000000000003,0.022920475932537352,3.486000000000003,0.0,0.022917651,0.15
4.1015711561160275,2.2689522156730813,0.15,554.3442346809335,4.0725676972049785,3.487000000000003,0.022920416974531864,3.487000000000003,0.0,0.022917651,0.15
4.101620632897145,2.269575390848963,0.15,554.5790232489999,4.072268540201051,3.488000000000003,0.022920358016526376,3.488000000000003,0.0,0.022917651,0.15
4.10167008995323,2.2701988191033435,0.15,554.8140081427114,4.071969051239744,3.489000000000003,0.022920299058520888,3.489000000000003,0.0,0.022917651,0.15
4.1017195272531835,2.270822500835233,0.15,555.0491896715996,4.071669229797687,3.490000000000003,0.022920240100515403,3.490000000000003,0.0,0.022917651,0.15
4.101768944765841,2.27144643644448,0.15,555.2845681458467,4.071369075350407,3.491000000000003,0.022920181142509915,3.491000000000003,0.0,0.022917651,0.15
4.101818342459974,2.2720706263317743,0.15,555.5201438762883,4.071068587372327,3.492000000000003,0.022920122184504427,3.492000000000003,0.0,0.022917651,0.15
4.101867720304285,2.272695070898649,0.15,555.7559171744136,4.070767765336769,3.4930000000000034,0.02292006322649894,3.493000000000003,0.0,0.022917651,0.15
4.101917078267412,2.273319770547483,0.15,555.9918883523684,4.070466608715936,3.4940000000000033,0.02292000426849345,3.494000000000003,0.0,0.022917651,0.15
4.101966396180802,2.2739447469938807,0.15,556.2280958202705,4.070165015065412,3.495000000000003,0.022919945310487962,3.495000000000003,0.0,0.022917651,0.15
4.1020149404656925,2.274570781858478,0.15,556.4659277974349,4.0698592664458895,3.496000000000003,0.022919886352482474,3.496000000000003,0.0,0.022917651,0.15
4.102063463664603,2.2751970836777775,0.15,556.7039609181691,4.06955316651958,3.497000000000003,0.022919827394476983,3.497000000000003,0.0,0.022917651,0.15
4.102111965743354,2.2758236528844984,0.15,556.9421955085157,4.069246714717036,3.4980000000000033,0.022919768436471494,3.498000000000003,0.0,0.022917651,0.15
4.10216044666769,2.276450489912294,0.15,557.1806318952224,4.068939910467575,3.499000000000003,0.022919709478466006,3.499000000000003,0.0,0.022917651,0.15
4.102208906403288,2.277077595195758,0.15,557.4192704057439,4.068632753199283,3.5000000000000036,0.02291965052046052,3.500000000000003,0.0,0.022917651,0.15
4.102259394601876,2.277673852012966,0.15,557.597912051388,4.068360792973464,3.5010000000000034,0.0229196432442266,3.501000000000003,0.0,0.022917651,0.15
4.10230983558565,2.2782703188524116,0.15,557.7769372729836,4.068088433873942,3.502000000000003,0.022919635968605637,3.502000000000003,0.0,0.022917651,0.15
4.102360229242146,2.2788669962143624,0.15,557.9563469841953,4.067815674950612,3.5030000000000032,0.022919628693599085,3.5030000000000032,0.0,0.022917651,0.15
4.102410575458542,2.279463884600672,0.15,558.1361421015929,4.067542515250352,3.504000000000003,0.022919621419208402,3.504000000000003,0.0,0.022917651,0.15
4.1024608741216575,2.2800609845147957,0.15,558.3163235446611,4.067268953817005,3.505000000000003,0.022919614145435065,3.505000000000003,0.0,0.022917651,0.15
4.102511125117951,2.2806582964617874,0.15,558.4968922358122,4.066994989691372,3.5060000000000033,0.022919606872280545,3.506000000000003,0.0,0.022917651,0.15
4.102561328333523,2.2812558209483123,0.15,558.6778491003975,4.0667206219111955,3.507000000000003,0.022919599599746328,3.5070000000000032,0.0,0.022917651,0.15
4.102611483654104,2.281853558482649,0.15,558.8591950667181,4.066445849511153,3.5080000000000036,0.022919592327833888,3.508000000000003,0.0,0.022917651,0.15
4.102661590965065,2.2824515095747,0.15,559.0409310660383,4.06617067152284,3.5090000000000034,0.022919585056544716,3.509000000000003,0.0,0.022917651,0.15
4.1027116501514085,2.2830496747359974,0.15,559.2230580325963,4.065895086974758,3.510000000000003,0.022919577785880302,3.510000000000003,0.0,0.022917651,0.15
4.102761661097772,2.2836480544797046,0.15,559.4055769036165,4.0656190948923046,3.5110000000000032,0.02291957051584215,3.5110000000000032,0.0,0.022917651,0.15
4.1028116236884244,2.2842466493206297,0.15,559.5884886193209,4.06534269429776,3.512000000000003,0.02291956324643176,3.512000000000003,0.0,0.022917651,0.15
4.10286033297693,2.284846303485386,0.15,559.7783233858434,4.065060222005013,3.513000000000003,0.0229195559812076,3.513000000000003,0.0,0.022917651,0.15
4.102908337616638,2.28544664289032,0.15,559.9720705099757,4.064774246334167,3.514000000000003,0.022919548719314984,3.514000000000003,0.0,0.022917651,0.15
4.10295631810612,2.286047193464906,0.15,560.1660341068563,4.064487962883186,3.5150000000000032,0.02291954145891457,3.5150000000000032,0.0,0.022917651,0.15
4.103004274404422,2.2866479555672243,0.15,560.3602145435586,4.0642013711301646,3.5160000000000027,0.022919534200008886,3.516000000000003,0.0,0.022917651,0.15
4.103052206470501,2.287248929556167,0.15,560.5546121879863,4.063914470552022,3.517000000000003,0.022919526942600472,3.517000000000003,0.0,0.022917651,0.15
4.103100114263221,2.287850115791437,0.15,560.7492274088758,4.063627260624488,3.5180000000000033,0.022919519686691852,3.518000000000003,0.0,0.022917651,0.15
4.103147997741349,2.288451514633552,0.15,560.9440605757983,4.063339740822106,3.519000000000004,0.022919512432285592,3.5190000000000032,0.0,0.022917651,0.15
4.103195856863562,2.289053126443845,0.15,561.1391120591627,4.063051910618233,3.5200000000000036,0.022919505179384233,3.520000000000003,0.0,0.022917651,0.15
4.103243691588445,2.289654951584473,0.15,561.3343822302181,4.062763769485028,3.521000000000003,0.02291949792799034,3.521000000000003,0.0,0.022917651,0.15
4.103291501874485,2.2902569904184094,0.15,561.5298714610553,4.062475316893452,3.5220000000000034,0.02291949067810648,3.522000000000003,0.0,0.022917651,0.15
4.103339287680074,2.290859243309455,0.15,561.7255801246101,4.0621865523132685,3.5230000000000032,0.02291948342973522,3.5230000000000032,0.0,0.022917651,0.15
4.103387048963516,2.291461710622235,0.15,561.9215085946648,4.0618974752130335,3.524000000000004,0.022919476182879144,3.524000000000003,0.0,0.022917651,0.15
4.103434785683014,2.292064392722203,0.15,562.1176572458518,4.061608085060096,3.5250000000000035,0.02291946893754082,3.525000000000003,0.0,0.022917651,0.15
4.103482497796677,2.292667289975646,0.15,562.3140264536546,4.061318381320597,3.526000000000003,0.02291946169372284,3.526000000000003,0.0,0.022917651,0.15
4.103530185262524,2.293270402749682,0.15,562.5106165944118,4.0610283634594575,3.5270000000000032,0.022919454451427814,3.5270000000000032,0.0,0.022917651,0.15
4.10357784803847,2.2938737314122655,0.15,562.7074280453179,4.060738030940386,3.5280000000000036,0.02291944721065833,3.528000000000003,0.0,0.022917651,0.15
4.103625486082338,2.2944772763321883,0.15,562.9044611844269,4.060447383225863,3.5290000000000035,0.022919439971416985,3.529000000000003,0.0,0.022917651,0.15
4.103672361292139,2.2950810301121654,0.15,563.1036607142024,4.060153474405615,3.530000000000003,0.0229194327161667,3.530000000000003,0.0,0.022917651,0.15
4.10371899995434,2.2956850213291338,0.15,563.3036272084985,4.059858381700021,3.5310000000000032,0.022919425456023573,3.5310000000000032,0.0,0.022917651,0.15
4.103765615310731,2.2962892555038334,0.15,563.5037974842893,4.059562952816717,3.532000000000003,0.022919418195880448,3.532000000000003,0.0,0.022917651,0.15
4.103812207320908,2.296893733057467,0.15,563.70417189486,4.059267187172889,3.5330000000000035,0.02291941093573732,3.533000000000003,0.0,0.022917651,0.15
4.103858775944371,2.297498454412211,0.15,563.9047507943127,4.058971084184375,3.534000000000003,0.02291940367559419,3.534000000000003,0.0,0.022917651,0.15
4.103905321140534,2.2981034199912207,0.15,564.1055345375692,4.058674643265665,3.5350000000000033,0.022919396415451064,3.5350000000000033,0.0,0.022917651,0.15
4.103951842868707,2.298708630218629,0.15,564.3065234803729,4.058377863829887,3.5360000000000036,0.02291938915530794,3.536000000000003,0.0,0.022917651,0.15
4.103998341088112,2.2993140855195526,0.15,564.5077179792917,4.058080745288812,3.5370000000000035,0.022919381895164813,3.537000000000003,0.0,0.022917651,0.15
4.1040448157578755,2.2999197863200935,0.15,564.7091183917196,4.0577832870528505,3.5380000000000034,0.022919374635021684,3.538000000000003,0.0,0.022917651,0.15
4.104091266837029,2.3005257330473423,0.15,564.9107250758801,4.05748548853104,3.539000000000003,0.022919367374878555,3.5390000000000033,0.0,0.022917651,0.15
4.104137694284507,2.3011319261293806,0.15,565.112538390828,4.057187349131051,3.5400000000000036,0.02291936011473543,3.540000000000003,0.0,0.022917651,0.15
4.104184098059152,2.301738365995284,0.15,565.3145586964517,4.0568888682591755,3.541000000000003,0.022919352854592304,3.541000000000003,0.0,0.022917651,0.15
4.104230478119709,2.3023450530751255,0.15,565.5167863534764,4.056590045320326,3.5420000000000034,0.022919345594449178,3.542000000000003,0.0,0.022917651,0.15
4.104276834424826,2.302951987799978,0.15,565.7192217234649,4.056290879718032,3.5430000000000033,0.02291933833430605,3.5430000000000033,0.0,0.022917651,0.15
4.104323166933057,2.3035591706019174,0.15,565.9218651688223,4.055991370854439,3.544000000000003,0.02291933107416292,3.544000000000003,0.0,0.022917651,0.15
4.104369475602857,2.304166601914023,0.15,566.1247170527963,4.055691518130296,3.545000000000004,0.022919323814019794,3.545000000000003,0.0,0.022917651,0.15
4.104415351628204,2.3047746688536903,0.15,566.3284828043569,4.05538929945285,3.5460000000000034,0.02291931655387667,3.546000000000003,0.0,0.022917651,0.15
4.104460773183142,2.305383391756971,0.15,566.5332026753348,4.055084607195361,3.5470000000000033,0.022919309293733536,3.5470000000000033,0.0,0.022917651,0.15
4.104506171759936,2.3059923625811303,0.15,566.7381334869078,4.054779575107009,3.5480000000000027,0.02291930203359041,3.548000000000003,0.0,0.022917651,0.15
4.104551547319662,2.306601581746122,0.15,566.9432755963893,4.054474202612154,3.5490000000000035,0.022919294773447285,3.549000000000003,0.0,0.022917651,0.15
4.104596899823313,2.3072110496728504,0.15,567.1486293618995,4.054168489133853,3.550000000000003,0.02291928751330416,3.550000000000003,0.0,0.022917651,0.15
4.1046422292317875,2.3078207667831694,0.15,567.3541951423687,4.053862434093861,3.5510000000000037,0.022919280253161027,3.5510000000000033,0.0,0.022917651,0.15
4.104687535505898,2.3084307334998884,0.15,567.5599732975394,4.053556036912624,3.552000000000003,0.0229192729930179,3.552000000000003,0.0,0.022917651,0.15
4.10473281860637,2.3090409502467737,0.15,567.7659641879678,4.053249297009275,3.553000000000003,0.022919265732874776,3.553000000000003,0.0,0.022917651,0.15
4.104778078493837,2.309651417448551,0.15,567.9721681750274,4.052942213801633,3.554000000000003,0.022919258472731647,3.554000000000003,0.0,0.022917651,0.15
4.104823315128845,2.310262135530909,0.15,568.1785856209103,4.052634786706196,3.5550000000000033,0.022919251212588518,3.5550000000000033,0.0,0.022917651,0.15
4.104868528471851,2.3108731049205025,0.15,568.38521688863,4.05232701513814,3.556000000000003,0.022919243952445392,3.556000000000003,0.0,0.022917651,0.15
4.104913718483221,2.311484326044952,0.15,568.5920623420235,4.0520188985113155,3.5570000000000035,0.022919236692302267,3.557000000000003,0.0,0.022917651,0.15
4.104958885123232,2.3120957993328504,0.15,568.7991223457539,4.051710436238238,3.5580000000000034,0.022919229432159138,3.558000000000003,0.0,0.022917651,0.15
4.10500402835207,2.3127075252137645,0.15,569.0063972653121,4.051401627730093,3.559000000000003,0.022919222172016012,3.5590000000000033,0.0,0.022917651,0.15
4.105049148129831,2.313319504118235,0.15,569.2138874670204,4.051092472396727,3.560000000000003,0.022919214911872883,3.560000000000003,0.0,0.022917651,0.15
4.105094244416521,2.313931736477785,0.15,569.4215933180336,4.050782969646643,3.5610000000000035,0.022919207651729757,3.561000000000003,0.0,0.022917651,0.15
4.105138679575182,2.3145448702840454,0.15,569.6305904984636,4.050469920752108,3.562000000000003,0.022919200391586632,3.562000000000003,0.0,0.022917651,0.15
4.105182857772513,2.315158494369682,0.15,569.8401944862389,4.050155353688359,3.5630000000000033,0.0229191931314435,3.5630000000000033,0.0,0.022917651,0.15
4.105227008953645,2.3157723754359227,0.15,570.0500172939406,4.049840421605979,3.564000000000003,0.022919185871300374,3.564000000000003,0.0,0.022917651,0.15
4.105271133070767,2.316386513937541,0.15,570.2600593088083,4.049525123859003,3.565000000000003,0.022919178611157248,3.565000000000003,0.0,0.022917651,0.15
4.1053152300759574,2.3170009103303824,0.15,570.4703209189968,4.049209459799943,3.5660000000000034,0.02291917135101412,3.566000000000003,0.0,0.022917651,0.15
4.10535929992118,2.3176155650713692,0.15,570.6808025135769,4.048893428779778,3.5670000000000033,0.022919164090870994,3.5670000000000033,0.0,0.022917651,0.15
4.105403342558285,2.3182304786185046,0.15,570.8915044825396,4.048577030147959,3.5680000000000027,0.022919156830727865,3.568000000000003,0.0,0.022917651,0.15
4.105447357939009,2.3188456514308737,0.15,571.1024272167983,4.048260263252389,3.5690000000000035,0.02291914957058474,3.569000000000003,0.0,0.022917651,0.15
4.105491346014975,2.3194610839686494,0.15,571.3135711081914,4.047943127439438,3.5700000000000034,0.022919142310441606,3.570000000000003,0.0,0.022917651,0.15
4.105535306737689,2.320076776693093,0.15,571.5249365494851,4.04762562205392,3.5710000000000033,0.022919135050298484,3.5710000000000033,0.0,0.022917651,0.15
4.105579240058546,2.3206927300665603,0.15,571.7365239343762,4.0473077464391025,3.5720000000000027,0.022919127790155355,3.572000000000003,0.0,0.022917651,0.15
4.105623145928823,2.3213089445525013,0.15,571.9483336574949,4.046989499936692,3.573000000000003,0.022919120530012233,3.573000000000003,0.0,0.022917651,0.15
4.105667024299683,2.3219254206154667,0.15,572.1603661144077,4.046670881886837,3.574000000000003,0.022919113269869104,3.574000000000003,0.0,0.022917651,0.15
4.1057108751221705,2.32254215872111,0.15,572.3726217016198,4.046351891628115,3.5750000000000033,0.02291910600972597,3.5750000000000033,0.0,0.022917651,0.15
4.105754698347217,2.3231591593361895,0.15,572.5851008165779,4.0460325284975385,3.576000000000003,0.022919098749582846,3.576000000000003,0.0,0.022917651,0.15
4.1057974154137655,2.3237767192216277,0.15,572.8021367569472,4.0457081817482585,3.577000000000003,0.02291909148943972,3.577000000000003,0.0,0.022917651,0.15
4.105838988259618,2.3243948412149495,0.15,573.0239269995378,4.04537869626596,3.578000000000003,0.02291908422929659,3.578000000000003,0.0,0.022917651,0.15
4.105880496716983,2.325013226545994,0.15,573.2461486229927,4.045048689878563,3.5790000000000033,0.022919076969153466,3.5790000000000033,0.0,0.022917651,0.15
4.105921940622149,2.325631875884315,0.15,573.4688027241267,4.044718161261631,3.580000000000003,0.02291906970901034,3.580000000000003,0.0,0.022917651,0.15
4.105963319810847,2.3262507899017377,0.15,573.691890403477,4.044387109086235,3.581000000000003,0.02291906244886721,3.581000000000003,0.0,0.022917651,0.15
4.106004634118253,2.3268699692723716,0.15,573.9154127653172,4.044055532018929,3.582000000000003,0.022919055188724086,3.582000000000003,0.0,0.022917651,0.15
4.106045883378981,2.3274894146726135,0.15,574.1393709176748,4.04372342872174,3.583000000000003,0.022919047928580953,3.5830000000000033,0.0,0.022917651,0.15
4.106087067427082,2.3281091267811633,0.15,574.3637659723455,4.04339079785214,3.584000000000003,0.022919040668437828,3.584000000000003,0.0,0.022917651,0.15
4.106128186096044,2.32872910627903,0.15,574.588599044911,4.043057638063033,3.585000000000003,0.022919033408294702,3.585000000000003,0.0,0.022917651,0.15
4.1061692392187865,2.3293493538495453,0.15,574.8138712547536,4.04272394800273,3.586000000000003,0.022919026148151573,3.586000000000003,0.0,0.022917651,0.15
4.106210226627658,2.3299698701783695,0.15,575.0395837250738,4.042389726314934,3.5870000000000033,0.022919018888008447,3.5870000000000033,0.0,0.022917651,0.15
4.106251148154437,2.3305906559535035,0.15,575.2657375829048,4.042054971638721,3.588000000000003,0.02291901162786532,3.588000000000003,0.0,0.022917651,0.15
4.106292003630324,2.331211711865299,0.15,575.4923339591307,4.041719682608512,3.589000000000003,0.022919004367722193,3.589000000000003,0.0,0.022917651,0.15
4.106332792885948,2.3318330386064665,0.15,575.719373988502,4.041383857854066,3.5900000000000034,0.022918997107579067,3.590000000000003,0.0,0.022917651,0.15
4.106373440560718,2.332454686310915,0.15,575.9472482484293,4.0410471457205075,3.5910000000000033,0.0229189898482905,3.5910000000000033,0.0,0.022917651,0.15
4.106413073473871,2.33307722793466,0.15,576.1805176042558,4.040705479617713,3.592000000000003,0.022918982598378712,3.592000000000003,0.0,0.022917651,0.15
4.106452635562324,2.333700041899921,0.15,576.4143263365896,4.040363257858747,3.593000000000003,0.022918975345901135,3.593000000000003,0.0,0.022917651,0.15
4.1064921266403625,2.3343231289208184,0.15,576.6486758597564,4.040020478986596,3.5940000000000034,0.022918968090851036,3.594000000000003,0.0,0.022917651,0.15
4.106531546521626,2.3349464897139707,0.15,576.8835675930311,4.039677141539151,3.5950000000000033,0.022918960833221667,3.5950000000000033,0.0,0.022917651,0.15
4.106570895019097,2.3355701249985077,0.15,577.119002960659,4.039333244049178,3.596000000000003,0.022918953573006252,3.596000000000003,0.0,0.022917651,0.15
4.106610171945105,2.336194035496078,0.15,577.3549833918782,4.038988785044301,3.5970000000000026,0.02291894631019799,3.597000000000003,0.0,0.022917651,0.15
4.106649377111323,2.336818221930863,0.15,577.5915103209411,4.038643763046979,3.598000000000003,0.022918939044790063,3.598000000000003,0.0,0.022917651,0.15
4.106688510328755,2.337442685029589,0.15,577.8285851871368,4.0382981765744805,3.5990000000000033,0.02291893177677562,3.5990000000000033,0.0,0.022917651,0.15
4.106727571407753,2.3380674255215323,0.15,578.0662094348127,4.037952024138865,3.600000000000003,0.022918924506147794,3.600000000000003,0.0,0.022917651,0.15
4.106764662775276,2.3386585539136124,0.15,578.3100206685405,4.037628252903291,3.601000000000003,0.022918920544490316,3.601000000000003,0.0,0.022917651,0.15
4.106801718306529,2.33924992731989,0.15,578.5541757498427,4.037304093330022,3.602000000000003,0.022918916582832842,3.602000000000003,0.0,0.022917651,0.15
4.1068387379324705,2.3398415462124147,0.15,578.798675341182,4.03697954467088,3.6030000000000033,0.022918912621175364,3.6030000000000033,0.0,0.022917651,0.15
4.10687572158388,2.340433411064447,0.15,579.0435201067243,4.036654606175766,3.604000000000003,0.02291890865951789,3.604000000000003,0.0,0.022917651,0.15
4.1069124711613405,2.341025770571602,0.15,579.2890876829605,4.036328237067379,3.605000000000003,0.022918904697860412,3.605000000000003,0.0,0.022917651,0.15
4.106948536150851,2.341619181545508,0.15,579.5362322158855,4.035998079167204,3.6060000000000025,0.022918900736202938,3.606000000000003,0.0,0.022917651,0.15
4.106984559326952,2.3422128335534564,0.15,579.7837281889161,4.035667512962155,3.607000000000003,0.02291889677454546,3.6070000000000033,0.0,0.022917651,0.15
4.107020540605613,2.3428067270798487,0.15,580.0315763083357,4.035336537631671,3.608000000000004,0.022918892812887993,3.608000000000003,0.0,0.022917651,0.15
4.107056479902576,2.3434008626103853,0.15,580.2797772823219,4.035005152352989,3.609000000000003,0.02291888885123051,3.609000000000003,0.0,0.022917651,0.15
4.107092377133358,2.343995240632071,0.15,580.5283318209521,4.034673356301134,3.6100000000000034,0.022918884889573034,3.610000000000003,0.0,0.022917651,0.15
4.107128232213251,2.344589861633219,0.15,580.7772406362096,4.034341148648923,3.6110000000000033,0.022918880927915566,3.6110000000000033,0.0,0.022917651,0.15
4.107164045057315,2.3451847261034513,0.15,581.0265044419922,4.034008528566944,3.612000000000003,0.02291887696625808,3.612000000000003,0.0,0.022917651,0.15
4.107199815580385,2.3457798345337095,0.15,581.2761239541159,4.033675495223561,3.6130000000000035,0.02291887300460061,3.613000000000003,0.0,0.022917651,0.15
4.107235543697066,2.3463751874162533,0.15,581.5260998903223,4.033342047784897,3.614000000000003,0.022918869042943137,3.614000000000003,0.0,0.022917651,0.15
4.107271229321733,2.34697078524467,0.15,581.7764329702862,4.03300818541483,3.6150000000000038,0.022918865081285655,3.6150000000000033,0.0,0.022917651,0.15
4.107306872368529,2.3475666285138757,0.15,582.0271239156209,4.032673907274986,3.616000000000003,0.022918861119628185,3.616000000000003,0.0,0.022917651,0.15
4.10734247275137,2.3481627177201196,0.15,582.2781734498849,4.03233921252473,3.617000000000003,0.02291885715797071,3.617000000000003,0.0,0.022917651,0.15
4.107378030383934,2.348759053360992,0.15,582.5295822985885,4.032004100321163,3.6180000000000034,0.022918853196313236,3.618000000000003,0.0,0.022917651,0.15
4.107412676737174,2.3493563450996664,0.15,582.7827814234689,4.031664385785979,3.619000000000004,0.02291884923465576,3.6190000000000033,0.0,0.022917651,0.15
4.107447167195931,2.349953982855451,0.15,583.0365418053657,4.031323701513132,3.620000000000003,0.022918845272998284,3.620000000000003,0.0,0.022917651,0.15
4.107481621733155,2.3505518694763126,0.15,583.2906673611001,4.030982624699517,3.6210000000000035,0.022918841311340806,3.621000000000003,0.0,0.022917651,0.15
4.107516040281885,2.351150005426132,0.15,583.5451587713532,4.030641154613445,3.6220000000000034,0.022918837349683332,3.622000000000003,0.0,0.022917651,0.15
4.107550422775001,2.3517483911699473,0.15,583.8000167184993,4.030299290521398,3.6230000000000038,0.022918833388025854,3.6230000000000033,0.0,0.022917651,0.15
4.107584769145209,2.35234702717395,0.15,584.0552418866101,4.029957031688043,3.624000000000004,0.02291882942636838,3.624000000000003,0.0,0.022917651,0.15
4.107619079325051,2.352945913905496,0.15,584.3108349614615,4.029614377376206,3.625000000000003,0.022918825464710905,3.625000000000003,0.0,0.022917651,0.15
4.107653353246901,2.353545051833103,0.15,584.5667966305376,4.029271326846885,3.6260000000000026,0.022918821503053428,3.626000000000003,0.0,0.022917651,0.15
4.107687590842964,2.3541444414264583,0.15,584.8231275830362,4.028927879359231,3.6270000000000038,0.022918817541395953,3.6270000000000033,0.0,0.022917651,0.15
4.107721792045276,2.3547440831564206,0.15,585.0798285098748,4.0285840341705486,3.6280000000000037,0.022918813579738483,3.6280000000000032,0.0,0.022917651,0.15
4.1077559567857005,2.3553439774950227,0.15,585.3369001036949,4.028239790536285,3.629000000000003,0.022918809618081,3.629000000000003,0.0,0.022917651,0.15
4.107790084995934,2.355944124915478,0.15,585.594343058869,4.027895147710033,3.630000000000003,0.022918805656423524,3.630000000000003,0.0,0.022917651,0.15
4.107824176607505,2.356544525892183,0.15,585.8521580715046,4.027550104943516,3.6310000000000033,0.022918801694766053,3.6310000000000033,0.0,0.022917651,0.15
4.1078572606390376,2.357146001357286,0.15,586.111853250537,4.027199958722277,3.632000000000003,0.022918797733108575,3.6320000000000032,0.0,0.022917651,0.15
4.1078902411721945,2.3577477851873883,0.15,586.3720173149601,4.026849090224266,3.6330000000000036,0.022918793771451097,3.633000000000003,0.0,0.022917651,0.15
4.107923178270912,2.358349826988431,0.15,586.6325573762206,4.026497790015424,3.634000000000003,0.022918789809793626,3.634000000000003,0.0,0.022917651,0.15
4.107956071848647,2.3589521272744123,0.15,586.8934741834789,4.026146057235584,3.6350000000000033,0.02291878584813615,3.6350000000000033,0.0,0.022917651,0.15
4.107988921818628,2.3595546865606947,0.15,587.1547684878858,4.025793891022292,3.6360000000000032,0.022918781886478674,3.6360000000000032,0.0,0.022917651,0.15
4.108021728093853,2.360157505364013,0.15,587.4164410425908,4.0254412905107975,3.6370000000000036,0.0229187779248212,3.637000000000003,0.0,0.022917651,0.15
4.108054490587087,2.360760584202478,0.15,587.6784926027483,4.025088254834051,3.638000000000004,0.022918773963163722,3.638000000000003,0.0,0.022917651,0.15
4.108087209210865,2.3613639235955812,0.15,587.940923925524,4.024734783122692,3.6390000000000033,0.022918770001506248,3.6390000000000033,0.0,0.022917651,0.15
4.108119883877487,2.3619675240641955,0.15,588.2037357701018,4.024380874505043,3.6400000000000032,0.022918766039848774,3.6400000000000032,0.0,0.022917651,0.15
4.10815251449902,2.362571386130588,0.15,588.4669288976907,4.024026528107103,3.6410000000000036,0.0229187620781913,3.641000000000003,0.0,0.022917651,0.15
4.108185100987295,2.363175510318414,0.15,588.7305040715313,4.023671743052535,3.6420000000000035,0.02291875811653382,3.642000000000003,0.0,0.022917651,0.15
4.10821764325391,2.3637798971527335,0.15,588.9944620569026,4.023316518462665,3.643000000000003,0.022918754154876347,3.6430000000000033,0.0,0.022917651,0.15
4.108249754009744,2.3643848530502773,0.15,589.259473325317,4.022958998520743,3.6440000000000037,0.022918750193218873,3.6440000000000032,0.0,0.022917651,0.15
4.108281249548746,2.3649905222490806,0.15,589.5258597722553,4.022598304007352,3.6450000000000036,0.022918746231561395,3.645000000000003,0.0,0.022917651,0.15
4.1083127022137536,2.365596452467377,0.15,589.7926335844587,4.0222371769178675,3.6460000000000035,0.022918742269903918,3.646000000000003,0.0,0.022917651,0.15
4.108344111921288,2.3662026442133985,0.15,590.0597955161678,4.021875616410016,3.6470000000000034,0.022918738308246443,3.6470000000000034,0.0,0.022917651,0.15
4.108375478587654,2.3668090979966965,0.15,590.3273463235818,4.021513621639341,3.6480000000000032,0.02291873434658897,3.6480000000000032,0.0,0.022917651,0.15
4.108406802128934,2.367415814328149,0.15,590.5952867648664,4.021151191759187,3.6490000000000036,0.022918730384931495,3.649000000000003,0.0,0.022917651,0.15
4.108438082460998,2.368022793719961,0.15,590.8636176001588,4.020788325920699,3.650000000000003,0.02291872642327402,3.650000000000003,0.0,0.022917651,0.15
4.108469319499492,2.3686300366856723,0.15,591.1323395915757,4.020425023272812,3.6510000000000034,0.022918722461616543,3.6510000000000034,0.0,0.022917651,0.15
4.1085005131598455,2.3692375437401587,0.15,591.4014535032178,4.020061282962242,3.6520000000000032,0.022918718499959065,3.6520000000000032,0.0,0.022917651,0.15
4.108531663357266,2.3698453153996386,0.15,591.6709601011777,4.019697104133484,3.653000000000003,0.02291871453830159,3.653000000000003,0.0,0.022917651,0.15
4.108562770006742,2.370453352181677,0.15,591.9408601535462,4.0193324859288015,3.6540000000000035,0.022918710576644116,3.654000000000003,0.0,0.022917651,0.15
4.108593833023037,2.37106165460519,0.15,592.2111544304181,4.018967427488218,3.6550000000000034,0.02291870661498664,3.6550000000000034,0.0,0.022917651,0.15
4.108624605488756,2.3716704233934998,0.15,592.4822323044614,4.018600740413609,3.6560000000000032,0.022918702653329164,3.6560000000000032,0.0,0.022917651,0.15
4.108654525092299,2.3722801167952428,0.15,592.7549796709369,4.018229717238209,3.6570000000000036,0.02291869869167169,3.657000000000003,0.0,0.022917651,0.15
4.108684399428723,2.3728900812992753,0.15,593.0281257211155,4.017858241894925,3.6580000000000035,0.022918694730014212,3.658000000000003,0.0,0.022917651,0.15
4.108714228408653,2.3735003174408793,0.15,593.3016712421839,4.017486313490966,3.6590000000000034,0.022918690768356738,3.6590000000000034,0.0,0.022917651,0.15
4.108744011942474,2.3741108257567465,0.15,593.5756170234023,4.017113931131194,3.6600000000000033,0.022918686806699264,3.6600000000000033,0.0,0.022917651,0.15
4.108773749940338,2.3747216067849837,0.15,593.8499638561113,4.016741093918106,3.661000000000003,0.02291868284504179,3.661000000000003,0.0,0.022917651,0.15
4.108803442312155,2.375332661065117,0.15,594.1247125337399,4.0163678009518335,3.6620000000000035,0.02291867888338431,3.662000000000003,0.0,0.022917651,0.15
4.108833088967601,2.3759439891380967,0.15,594.3998638518102,4.015994051330133,3.6630000000000034,0.022918674921726834,3.6630000000000034,0.0,0.022917651,0.15
4.108862689816114,2.376555591546301,0.15,594.6754186079462,4.01561984414838,3.6640000000000037,0.02291867096006936,3.6640000000000033,0.0,0.022917651,0.15
4.10889224476689,2.3771674688335427,0.15,594.95137760188,4.015245178499554,3.6650000000000036,0.022918666998411885,3.665000000000003,0.0,0.022917651,0.15
4.108921753728888,2.3777796215450735,0.15,595.2277416354588,4.014870053474241,3.666000000000003,0.02291866303675441,3.666000000000003,0.0,0.022917651,0.15
4.108951216610822,2.378392050227586,0.15,595.5045115126518,4.014494468160614,3.6670000000000034,0.022918659075096937,3.6670000000000034,0.0,0.022917651,0.15
4.1089801615102886,2.3790052265437263,0.15,595.7824158474816,4.014116063548489,3.668000000000003,0.02291865511343946,3.6680000000000033,0.0,0.022917651,0.15
4.109008428764765,2.3796193186248877,0.15,596.0617065478974,4.013734032964413,3.669000000000003,0.02291865115178198,3.669000000000003,0.0,0.022917651,0.15
4.109036652812733,2.3802336967465867,0.15,596.3414075882753,4.0133515435421865,3.670000000000003,0.022918647190124507,3.670000000000003,0.0,0.022917651,0.15
4.1090648335710815,2.3808483614590306,0.15,596.6215197579156,4.0129685943992195,3.671000000000004,0.022918643228467032,3.6710000000000034,0.0,0.022917651,0.15
4.109092970956488,2.3814633133138376,0.15,596.9020438481448,4.012585184650659,3.6720000000000033,0.022918639266809558,3.6720000000000033,0.0,0.022917651,0.15
4.109121064885418,2.382078552864044,0.15,597.1829806523212,4.01220131340938,3.6730000000000027,0.022918635305152084,3.673000000000003,0.0,0.022917651,0.15
4.1091491152741195,2.382694080664107,0.15,597.4643309658425,4.011816979785976,3.6740000000000035,0.022918631343494606,3.674000000000003,0.0,0.022917651,0.15
4.109177122038626,2.3833098972699087,0.15,597.746095586151,4.011432182888756,3.6750000000000034,0.02291862738183713,3.6750000000000034,0.0,0.022917651,0.15
4.1092050850947555,2.383926003238763,0.15,598.0282753127404,4.011046921823732,3.6760000000000033,0.022918623420179654,3.6760000000000033,0.0,0.022917651,0.15
4.109233004358109,2.384542399129416,0.15,598.310870947164,4.010661195694617,3.677000000000003,0.02291861945852218,3.677000000000003,0.0,0.022917651,0.15
4.10926087974407,2.385159085502056,0.15,598.5938832930387,4.010275003602812,3.6780000000000026,0.022918615496864702,3.678000000000003,0.0,0.022917651,0.15
4.109288711167805,2.3857760629183153,0.15,598.8773131560545,4.009888344647406,3.679000000000004,0.02291861153520723,3.6790000000000034,0.0,0.022917651,0.15
4.109314255609069,2.3863931908349723,0.15,599.162787060259,4.009492386593169,3.6800000000000033,0.022918607573549753,3.6800000000000033,0.0,0.022917651,0.15
4.1093396541843275,2.3870105880055785,0.15,599.4487223113151,4.009095575801395,3.681000000000003,0.022918603611892276,3.681000000000003,0.0,0.022917651,0.15
4.1093649720683905,2.3876282589846034,0.15,599.7350720984366,4.008698168436941,3.682000000000003,0.0229185996502348,3.682000000000003,0.0,0.022917651,0.15
4.109390209059643,2.3882462044561805,0.15,600.0218374573763,4.008300163009219,3.6830000000000034,0.022918595688577324,3.6830000000000034,0.0,0.022917651,0.15
4.109415364955801,2.3888644251067235,0.15,600.3090194273395,4.007901558022674,3.6840000000000033,0.022918591726919853,3.6840000000000033,0.0,0.022917651,0.15
4.109440439553902,2.3894829216249356,0.15,600.5966190510001,4.00750235197676,3.6850000000000036,0.022918587765262375,3.685000000000003,0.0,0.022917651,0.15
4.109465432650309,2.3901016947018228,0.15,600.8846373745141,4.007102543365919,3.686000000000003,0.022918583803604897,3.686000000000003,0.0,0.022917651,0.15
4.109490344040702,2.390720745030699,0.15,601.1730754475345,4.00670213067956,3.6870000000000034,0.022918579841947423,3.6870000000000034,0.0,0.022917651,0.15
4.109515173520078,2.391340073307198,0.15,601.4619343232253,4.00630111240204,3.6880000000000037,0.02291857588028995,3.6880000000000033,0.0,0.022917651,0.15
4.109539920882747,2.391959680229282,0.15,601.7512150582769,4.005899487012639,3.689000000000003,0.02291857191863247,3.689000000000003,0.0,0.022917651,0.15
4.109564577312624,2.3925795674581063,0.15,602.0409424700736,4.005497217584562,3.6900000000000035,0.022918567956974997,3.690000000000003,0.0,0.022917651,0.15
4.109587221854752,2.3931999451025425,0.15,602.3364408042007,4.00508640989368,3.6910000000000034,0.02291856399531752,3.6910000000000034,0.0,0.022917651,0.15
4.109609783934286,2.393820593581477,0.15,602.6324096432762,4.004675001505582,3.6920000000000033,0.022918560033660048,3.6920000000000033,0.0,0.022917651,0.15
4.109632263349564,2.3944415135572474,0.15,602.928850137936,4.004262990951241,3.6930000000000036,0.022918556072002574,3.693000000000003,0.0,0.022917651,0.15
4.109654659898259,2.3950627056943468,0.15,603.225763442571,4.003850376756836,3.694000000000003,0.022918552110345096,3.694000000000003,0.0,0.022917651,0.15
4.109676973377387,2.395684170659445,0.15,603.5231507153424,4.003437157443734,3.6950000000000034,0.02291854814868762,3.6950000000000034,0.0,0.022917651,0.15
4.109699203583304,2.3963059091213847,0.15,603.8210131181962,4.003023331528471,3.6960000000000033,0.022918544187030144,3.6960000000000033,0.0,0.022917651,0.15
4.109721350311694,2.3969279217512023,0.15,604.1193518168812,4.002608897522727,3.697000000000003,0.02291854022537267,3.697000000000003,0.0,0.022917651,0.15
4.109743413357574,2.397550209222128,0.15,604.4181679809618,4.002193853933311,3.698000000000003,0.022918536263715192,3.698000000000003,0.0,0.022917651,0.15
4.10976539251529,2.3981727722095982,0.15,604.717462783835,4.001778199262135,3.699000000000004,0.022918532302057718,3.6990000000000034,0.0,0.022917651,0.15
4.109787287578515,2.3987956113912645,0.15,605.0172374027455,4.001361932006204,3.7000000000000033,0.022918528340400243,3.7000000000000033,0.0,0.022917651,0.15
4.109816506308998,2.3993907743488703,0.15,605.2835246499766,4.000999462692792,3.7010000000000036,0.022918526284907127,3.701000000000003,0.0,0.022917651,0.15
4.109845052511077,2.3999872649845346,0.15,605.5578906757379,4.0006329763323905,3.702000000000003,0.02291852422941401,3.702000000000003,0.0,0.022917651,0.15
4.109873585882512,2.4005841262103473,0.15,605.8324232562987,4.000266068087076,3.7030000000000034,0.0229185221739209,3.7030000000000034,0.0,0.022917651,0.15
4.109902106403442,2.401181358599901,0.15,606.1071226494493,3.9998987373038677,3.7040000000000033,0.022918520118427786,3.7040000000000033,0.0,0.022917651,0.15
4.109930614053967,2.40177896272797,0.15,606.3819891135113,3.99953098332843,3.7050000000000027,0.02291851806293467,3.705000000000003,0.0,0.022917651,0.15
4.109959108814146,2.4023769391705194,0.15,606.657022907341,3.999162805505079,3.706000000000003,0.022918516007441554,3.706000000000003,0.0,0.022917651,0.15
4.109987590663996,2.4029752885047015,0.15,606.9322242903295,3.9987942031767743,3.7070000000000034,0.02291851395194844,3.7070000000000034,0.0,0.022917651,0.15
4.110016059583495,2.4035740113088644,0.15,607.2075935224035,3.998425175685118,3.7080000000000037,0.022918511896455326,3.7080000000000033,0.0,0.022917651,0.15
4.110044515552577,2.404173108162551,0.15,607.4831308640285,3.99805572237035,3.7090000000000036,0.022918509840962206,3.709000000000003,0.0,0.022917651,0.15
4.110072958551135,2.4047725796465063,0.15,607.7588365762091,3.997685842571344,3.710000000000003,0.02291850778546909,3.710000000000003,0.0,0.022917651,0.15
4.110101388559022,2.4053724263426752,0.15,608.0347109204898,3.997315535625603,3.7110000000000034,0.022918505729975978,3.7110000000000034,0.0,0.022917651,0.15
4.110129805556046,2.405972648834211,0.15,608.3107541589576,3.996944800869258,3.712000000000003,0.022918503674482865,3.7120000000000033,0.0,0.022917651,0.15
4.110157816850788,2.4065733830787863,0.15,608.5874967866214,3.996571930901635,3.713000000000003,0.02291850161898975,3.713000000000003,0.0,0.022917651,0.15
4.110185068029638,2.407174675180348,0.15,608.8654007159502,3.996195461356824,3.7140000000000035,0.022918499563496637,3.714000000000003,0.0,0.022917651,0.15
4.110212286264523,2.4077762378801757,0.15,609.1434760851415,3.995818589437519,3.715000000000004,0.022918497508003517,3.7150000000000034,0.0,0.022917651,0.15
4.1102394715011705,2.4083780716240315,0.15,609.4217231766102,3.995441314480884,3.7160000000000037,0.022918495452510408,3.7160000000000033,0.0,0.022917651,0.15
4.110266623685194,2.4089801768586536,0.15,609.7001422733921,3.9950636358226235,3.7170000000000027,0.022918493397017292,3.717000000000003,0.0,0.022917651,0.15
4.110293742762085,2.4095825540317657,0.15,609.9787336591461,3.9946855527969856,3.718000000000003,0.022918491341524173,3.718000000000003,0.0,0.022917651,0.15
4.110320828677216,2.410185203592075,0.15,610.257497618154,3.9943070647367493,3.7190000000000034,0.022918489286031064,3.7190000000000034,0.0,0.022917651,0.15
4.11034788137584,2.4107881259892765,0.15,610.5364344353243,3.993928170973228,3.7200000000000037,0.022918487230537948,3.7200000000000033,0.0,0.022917651,0.15
4.1103749008030865,2.411391321674054,0.15,610.8155443961923,3.993548870836259,3.721000000000003,0.022918485175044828,3.721000000000003,0.0,0.022917651,0.15
4.110401886903967,2.4119947910980875,0.15,611.094827786923,3.9931691636542066,3.7220000000000026,0.02291848311955172,3.722000000000003,0.0,0.022917651,0.15
4.110428839623369,2.412598534714052,0.15,611.3742848943125,3.9927890487539517,3.7230000000000034,0.022918481064058603,3.7230000000000034,0.0,0.022917651,0.15
4.1104557589060615,2.4132025529756196,0.15,611.6539160057888,3.99240852546089,3.7240000000000033,0.022918479008565487,3.7240000000000033,0.0,0.022917651,0.15
4.110481643758369,2.413807051348146,0.15,611.9354615125357,3.992023385205086,3.7250000000000036,0.02291847695307237,3.725000000000003,0.0,0.022917651,0.15
4.110506923168737,2.4144119014806167,0.15,612.2181907277793,3.9916354719156804,3.7260000000000035,0.022918474897579262,3.726000000000003,0.0,0.022917651,0.15
4.110532136131191,2.4150169846855953,0.15,612.5011700910255,3.9912470597870118,3.7270000000000034,0.022918472842086146,3.7270000000000034,0.0,0.022917651,0.15
4.110557282503445,2.415622301462162,0.15,612.7844001379193,3.990858147750912,3.7280000000000038,0.02291847078659303,3.7280000000000033,0.0,0.022917651,0.15
4.110582362142804,2.416227852310824,0.15,613.0678814056362,3.9904687347361563,3.7290000000000036,0.022918468731099914,3.729000000000003,0.0,0.022917651,0.15
4.110607374906171,2.4168336377335193,0.15,613.3516144328878,3.9900788196684616,3.730000000000003,0.02291846667560679,3.730000000000003,0.0,0.022917651,0.15
4.110632320650036,2.417439658233623,0.15,613.635599759927,3.9896884014704663,3.7310000000000043,0.022918464620113682,3.7310000000000034,0.0,0.022917651,0.15
4.110657199230476,2.4180459143159494,0.15,613.9198379285533,3.989297479061726,3.732000000000003,0.02291846256462057,3.7320000000000033,0.0,0.022917651,0.15
4.110682010503161,2.418652406486761,0.15,614.2043294821189,3.988906051358703,3.733000000000003,0.022918460509127457,3.733000000000003,0.0,0.022917651,0.15
4.110706754323341,2.4192591352537716,0.15,614.4890749655336,3.9885141172747476,3.7340000000000035,0.022918458453634338,3.734000000000003,0.0,0.022917651,0.15
4.110731430545857,2.419866101126152,0.15,614.7740749252715,3.988121675720097,3.735000000000004,0.022918456398141225,3.7350000000000034,0.0,0.022917651,0.15
4.110755721096137,2.4204734762749793,0.15,615.0613544362952,3.987727281959059,3.7360000000000038,0.022918454342648106,3.7360000000000033,0.0,0.022917651,0.15
4.110779323889319,2.4210814451168012,0.15,615.3530093243728,3.9873295429207047,3.7370000000000028,0.022918452287154993,3.737000000000003,0.0,0.022917651,0.15
4.110802863378186,2.4216896812986985,0.15,615.6451486179777,3.986931283261655,3.738000000000003,0.022918450231661877,3.738000000000003,0.0,0.022917651,0.15
4.110826339429411,2.4222981853837267,0.15,615.9377733373334,3.986532501885411,3.739000000000004,0.022918448176168768,3.7390000000000034,0.0,0.022917651,0.15
4.110849751909293,2.4229069579365206,0.15,616.2308845055302,3.9861331976923955,3.7400000000000038,0.022918446120675652,3.7400000000000033,0.0,0.022917651,0.15
4.110873100683751,2.4235159995233055,0.15,616.5244831485354,3.9857333695799375,3.741000000000004,0.022918444065182536,3.741000000000003,0.0,0.022917651,0.15
4.110896385618331,2.424125310711898,0.15,616.8185702952037,3.9853330164422616,3.7420000000000027,0.02291844200968942,3.742000000000003,0.0,0.022917651,0.15
4.110919606578201,2.4247348920717173,0.15,617.1131469772872,3.9849321371704822,3.7430000000000034,0.022918439954196308,3.7430000000000034,0.0,0.022917651,0.15
4.110942763428145,2.4253447441737825,0.15,617.4082142294451,3.984530730652585,3.7440000000000033,0.022918437898703188,3.7440000000000033,0.0,0.022917651,0.15
4.110965856032569,2.4259548675907268,0.15,617.7037730892547,3.9841287957734215,3.7450000000000037,0.022918435843210076,3.745000000000003,0.0,0.022917651,0.15
4.110988884255493,2.426565262896797,0.15,617.9998245972214,3.9837263314146973,3.7460000000000035,0.022918433787716963,3.746000000000003,0.0,0.022917651,0.15
4.111011416051149,2.427176194754397,0.15,618.2969264010742,3.9833213445472353,3.747000000000003,0.022918431732223847,3.7470000000000034,0.0,0.022917651,0.15
4.111033045033498,2.4277878958742,0.15,618.5956041724497,3.9829119768096732,3.7480000000000033,0.02291842967673073,3.7480000000000033,0.0,0.022917651,0.15
4.111054608491528,2.4283998467433134,0.15,618.8947802848652,3.982502097259423,3.7490000000000028,0.022918427621237615,3.749000000000003,0.0,0.022917651,0.15
4.111076106289957,2.429012047877365,0.15,619.1944557671895,3.9820917048398004,3.7500000000000036,0.022918425565744503,3.750000000000003,0.0,0.022917651,0.15
4.111097538293133,2.4296244997934044,0.15,619.4946316511256,3.9816807984912126,3.751000000000004,0.022918423510251387,3.7510000000000034,0.0,0.022917651,0.15
4.111118904365028,2.4302372030099066,0.15,619.7953089712202,3.981269377151147,3.7520000000000033,0.022918421454758274,3.7520000000000033,0.0,0.022917651,0.15
4.111140204369239,2.430850158046777,0.15,620.0964887648738,3.980857439754158,3.7530000000000032,0.022918419399265158,3.7530000000000032,0.0,0.022917651,0.15
4.111161438168988,2.4314633654253566,0.15,620.3981720723509,3.980444985231861,3.754000000000003,0.022918417343772042,3.754000000000003,0.0,0.022917651,0.15
4.111182605627117,2.4320768256684246,0.15,620.7003599367893,3.980032012512917,3.7550000000000034,0.022918415288278926,3.7550000000000034,0.0,0.022917651,0.15
4.111203706606092,2.4326905393002067,0.15,621.0030534042099,3.97961852052303,3.7560000000000033,0.02291841323278581,3.7560000000000033,0.0,0.022917651,0.15
4.1112247409679945,2.4333045068463797,0.15,621.3062535235276,3.979204508184929,3.7570000000000037,0.022918411177292698,3.7570000000000032,0.0,0.022917651,0.15
4.111245018801574,2.4339201689373313,0.15,621.6110188782418,3.9787857770636776,3.758000000000003,0.022918409121799585,3.758000000000003,0.0,0.022917651,0.15
4.111264893786499,2.4345368128062597,0.15,621.9167965096268,3.9783644536897023,3.7590000000000034,0.02291840706630647,3.7590000000000034,0.0,0.022917651,0.15
4.111284690183558,2.43515376665459,0.15,622.2230879795484,3.9779425060370737,3.760000000000003,0.022918405010813353,3.7600000000000033,0.0,0.022917651,0.15
4.111304407807635,2.435771031212481,0.15,622.5298944983546,3.977519932635302,3.7610000000000032,0.02291840295532024,3.7610000000000032,0.0,0.022917651,0.15
4.111324046473038,2.436388607212384,0.15,622.8372172801975,3.9770967320092767,3.762000000000003,0.022918400899827125,3.762000000000003,0.0,0.022917651,0.15
4.111343605993482,2.4370064953890545,0.15,623.1450575430484,3.9766729026792444,3.7630000000000035,0.022918398844334012,3.7630000000000035,0.0,0.022917651,0.15
4.111363086182104,2.437624696479562,0.15,623.453416508713,3.976248443160797,3.764000000000004,0.022918396788840896,3.7640000000000033,0.0,0.022917651,0.15
4.111382486851448,2.4382432112232983,0.15,623.7622954028462,3.975823351964845,3.7650000000000032,0.02291839473334778,3.7650000000000032,0.0,0.022917651,0.15
4.111401807813468,2.438862040361986,0.15,624.0716954549675,3.9753976275976077,3.766000000000003,0.022918392677854664,3.766000000000003,0.0,0.022917651,0.15
4.111421048879524,2.439481184639689,0.15,624.3816178984769,3.97497126856059,3.7670000000000043,0.022918390622361548,3.7670000000000035,0.0,0.022917651,0.15
4.111439809062115,2.440100606686386,0.15,624.6926592416689,3.9745427072922364,3.768000000000004,0.022918388566868435,3.7680000000000033,0.0,0.022917651,0.15
4.111457680006415,2.4407202498478218,0.15,625.0054373557343,3.974110365926359,3.7690000000000032,0.022918386511375323,3.7690000000000032,0.0,0.022917651,0.15
4.111475476540684,2.441340182933412,0.15,625.3187482251496,3.9736774369115198,3.7700000000000027,0.022918384455882207,3.770000000000003,0.0,0.022917651,0.15
4.111493198501551,2.4419604065797063,0.15,625.6325930196174,3.973243918957494,3.771000000000004,0.02291838240038909,3.7710000000000035,0.0,0.022917651,0.15
4.11151084572516,2.4425809214251166,0.15,625.9469729122659,3.9728098107702774,3.772000000000004,0.022918380344895975,3.7720000000000034,0.0,0.022917651,0.15
4.111528418047184,2.443201728109929,0.15,626.2618890796635,3.972375111052071,3.7730000000000032,0.022918378289402862,3.7730000000000032,0.0,0.022917651,0.15
4.111545915302808,2.4438228272763087,0.15,626.5773427018302,3.9719398185012693,3.7740000000000036,0.02291837623390975,3.774000000000003,0.0,0.022917651,0.15
4.111563337326734,2.444444219568304,0.15,626.8933349622503,3.9715039318124448,3.7750000000000035,0.022918374178416634,3.7750000000000035,0.0,0.022917651,0.15
4.111580683953179,2.445065905631856,0.15,627.2098670478857,3.9710674496763345,3.7760000000000034,0.022918372122923518,3.7760000000000034,0.0,0.022917651,0.15
4.111597955015874,2.445687886114807,0.15,627.5269401491884,3.9706303707798254,3.7770000000000032,0.022918370067430402,3.7770000000000032,0.0,0.022917651,0.15
4.111614801172156,2.446310405468409,0.15,627.8450710942161,3.970191053902458,3.7780000000000036,0.022918368011937286,3.778000000000003,0.0,0.022917651,0.15
4.111630659256458,2.4469338580681446,0.15,628.1650959134681,3.969746853038634,3.779000000000004,0.022918365956444173,3.7790000000000035,0.0,0.022917651,0.15
4.111646438936395,2.4475576096619687,0.15,628.485674201234,3.9693020395784653,3.7800000000000034,0.02291836390095106,3.7800000000000034,0.0,0.022917651,0.15
4.11166214003741,2.4481816609155533,0.15,628.8068071897411,3.968856612158084,3.781000000000003,0.022918361845457945,3.7810000000000032,0.0,0.022917651,0.15
4.111677762384428,2.4488060124965494,0.15,629.1284961148765,3.9684105694095715,3.7820000000000036,0.02291835978996483,3.782000000000003,0.0,0.022917651,0.15
4.11169330580185,2.4494306650745887,0.15,629.450742216202,3.9679639099609405,3.783000000000004,0.02291835773447171,3.7830000000000035,0.0,0.022917651,0.15
4.111708770113561,2.4500556193213003,0.15,629.7735467369669,3.967516632436125,3.784000000000004,0.022918355678978597,3.7840000000000034,0.0,0.022917651,0.15
4.111724155142913,2.45068087591031,0.15,630.0969109241223,3.9670687354549603,3.7850000000000033,0.022918353623485484,3.7850000000000033,0.0,0.022917651,0.15
4.111739460712742,2.45130643551725,0.15,630.4208360283344,3.966620217633169,3.786000000000003,0.022918351567992372,3.786000000000003,0.0,0.022917651,0.15
4.111754686645346,2.4519322988197705,0.15,630.7453233039989,3.9661710775823473,3.7870000000000035,0.022918349512499252,3.7870000000000035,0.0,0.022917651,0.15
4.111769232265047,2.45255889893721,0.15,631.0713350583675,3.9657184788076703,3.788000000000004,0.02291834745700614,3.7880000000000034,0.0,0.022917651,0.15
4.111783133114043,2.453186217356204,0.15,631.398821535916,3.9652625820133154,3.7890000000000037,0.022918345401513024,3.7890000000000033,0.0,0.022917651,0.15
4.1117969536409396,2.453813850254019,0.15,631.7268823387388,3.964806049443265,3.790000000000003,0.02291834334601991,3.790000000000003,0.0,0.022917651,0.15
4.111810693666283,2.4544417983332587,0.15,632.0555187499818,3.9643488796770816,3.791000000000004,0.022918341290526795,3.7910000000000035,0.0,0.022917651,0.15
4.111824353010083,2.4550700622986183,0.15,632.384732056615,3.9638910712900945,3.7920000000000034,0.02291833923503368,3.7920000000000034,0.0,0.022917651,0.15
4.111837931491815,2.455698642856898,0.15,632.7145235494494,3.963432622853382,3.7930000000000037,0.022918337179540567,3.7930000000000033,0.0,0.022917651,0.15
4.1118514289304136,2.456327540717005,0.15,633.0448945231485,3.9629735329337556,3.7940000000000036,0.02291833512404745,3.794000000000003,0.0,0.022917651,0.15
4.1118648451442725,2.4569567565899684,0.15,633.3758462762454,3.9625138000937463,3.7950000000000035,0.022918333068554335,3.7950000000000035,0.0,0.022917651,0.15
4.111878179951244,2.4575862911889406,0.15,633.7073801111543,3.9620534228915862,3.796000000000004,0.022918331013061222,3.7960000000000034,0.0,0.022917651,0.15
4.111891406406995,2.458216156264904,0.15,634.0395361564454,3.961592281807935,3.7970000000000033,0.022918328957568106,3.7970000000000033,0.0,0.022917651,0.15
4.111903276638181,2.4588468864201847,0.15,634.3740837942017,3.9611248511784924,3.7980000000000036,0.022918326902074994,3.798000000000003,0.0,0.022917651,0.15
4.111915122196905,2.459477951677558,0.15,634.7090518140353,3.960656986753778,3.799000000000004,0.022918324846581874,3.7990000000000035,0.0,0.022917651,0.15
4.111926943049967,2.460109352487927,0.15,635.0444407816001,3.9601886879500894,3.800000000000004,0.022918322791088762,3.8000000000000034,0.0,0.022917651,0.15
4.111934583548878,2.4607058301659945,0.15,635.3284606335732,3.959735582336833,3.8010000000000033,0.02291832169588976,3.8010000000000033,0.0,0.022917651,0.15
4.1119421146566415,2.461302520411772,0.15,635.6129400682195,3.9592818266022265,3.802000000000003,0.02291832060069076,3.802000000000003,0.0,0.022917651,0.15
4.111949536130971,2.461899423696066,0.15,635.897880103449,3.958827419306341,3.8030000000000035,0.02291831950549176,3.8030000000000035,0.0,0.022917651,0.15
4.111956847728864,2.462496540491075,0.15,636.18328176018,3.9583723590049975,3.804000000000003,0.022918318410292758,3.8040000000000034,0.0,0.022917651,0.15
4.111964049206601,2.4630938712703934,0.15,636.4691460623507,3.957916644249741,3.8050000000000033,0.022918317315093754,3.8050000000000033,0.0,0.022917651,0.15
4.1119711403197385,2.463691416509019,0.15,636.7554740369295,3.9574602735878317,3.8060000000000027,0.022918316219894756,3.806000000000003,0.0,0.022917651,0.15
4.111978120823112,2.464289176683357,0.15,637.0422667139269,3.9570032455622273,3.807000000000003,0.022918315124695755,3.8070000000000035,0.0,0.022917651,0.15
4.111984990470829,2.46488715227122,0.15,637.3295251264059,3.956545558711567,3.808000000000004,0.022918314029496758,3.8080000000000034,0.0,0.022917651,0.15
4.111991749016267,2.465485343751843,0.15,637.6172503104943,3.956087211570152,3.8090000000000033,0.022918312934297753,3.8090000000000033,0.0,0.022917651,0.15
4.111997497347512,2.4660840616021686,0.15,637.906479954181,3.955624298059247,3.8100000000000036,0.022918311839098756,3.810000000000003,0.0,0.022917651,0.15
4.112003054335999,2.4666829979774874,0.15,638.1962449158525,3.95516040069542,3.8110000000000035,0.022918310743899755,3.8110000000000035,0.0,0.022917651,0.15
4.112008479690893,2.467282131834126,0.15,638.4864763104441,3.9546957793010544,3.8120000000000034,0.02291830964870075,3.8120000000000034,0.0,0.022917651,0.15
4.112013773071952,2.467881463682525,0.15,638.7771753435704,3.954230432004708,3.8130000000000037,0.02291830855350175,3.8130000000000033,0.0,0.022917651,0.15
4.112018934137764,2.4684809940348855,0.15,639.0683432250037,3.953764356928486,3.814000000000003,0.022918307458302752,3.814000000000003,0.0,0.022917651,0.15
4.112023962545735,2.4690807234051775,0.15,639.3599811686933,3.9532975521880096,3.815000000000003,0.02291830636310375,3.8150000000000035,0.0,0.022917651,0.15
4.112028857952089,2.4696806523091466,0.15,639.6520903927823,3.952830015892389,3.8160000000000034,0.022918305267904747,3.8160000000000034,0.0,0.022917651,0.15
4.112033620011861,2.47028078126432,0.15,639.9446721196273,3.9523617461441964,3.8170000000000033,0.022918304172705746,3.8170000000000033,0.0,0.022917651,0.15
4.112038248378893,2.4708811107900197,0.15,640.2377275758153,3.951892741039435,3.818000000000004,0.022918303077506752,3.818000000000003,0.0,0.022917651,0.15
4.112042742705822,2.471481641407364,0.15,640.5312579921828,3.951422998667512,3.819000000000004,0.022918301982307748,3.8190000000000035,0.0,0.022917651,0.15
4.112047102644089,2.4720823736392794,0.15,640.8252646038334,3.9509525171112116,3.820000000000004,0.02291830088710875,3.8200000000000034,0.0,0.022917651,0.15
4.112051327843923,2.4726833080105064,0.15,641.1197486501572,3.950481294446664,3.8210000000000033,0.022918299791909746,3.8210000000000033,0.0,0.022917651,0.15
4.112055417954333,2.473284445047608,0.15,641.4147113748492,3.9500093287433162,3.822000000000003,0.022918298696710748,3.822000000000003,0.0,0.022917651,0.15
4.112058324188152,2.473886329605851,0.15,641.7112004631722,3.949531878219655,3.8230000000000044,0.022918297601511747,3.8230000000000035,0.0,0.022917651,0.15
4.112060997646925,2.474488453460061,0.15,642.0082464766115,3.949053257186091,3.8240000000000034,0.022918296506312743,3.8240000000000034,0.0,0.022917651,0.15
4.112063515487901,2.4750907763686847,0.15,642.305772604304,3.948573814647194,3.8250000000000033,0.02291829541111374,3.8250000000000033,0.0,0.022917651,0.15
4.112065877250158,2.4756932989212985,0.15,642.6037802682961,3.9480935481697546,3.826000000000003,0.022918294315914745,3.826000000000003,0.0,0.022917651,0.15
4.112068082470949,2.476296021709812,0.15,642.9022708962552,3.9476124553109444,3.8270000000000035,0.022918293220715744,3.8270000000000035,0.0,0.022917651,0.15
4.1120701306857,2.476898945328473,0.15,643.201245921498,3.9471305336182696,3.828000000000004,0.02291829212551674,3.8280000000000034,0.0,0.022917651,0.15
4.112072021427991,2.4775020703738884,0.15,643.5007067830182,3.946647780629521,3.8290000000000033,0.02291829103031774,3.8290000000000033,0.0,0.022917651,0.15
4.112073754229562,2.478105397445026,0.15,643.8006549255157,3.9461641938727308,3.830000000000003,0.02291828993511874,3.830000000000003,0.0,0.022917651,0.15
4.112075328620286,2.478708927143233,0.15,644.1010917994234,3.945679770866115,3.831000000000004,0.022918288839919736,3.8310000000000035,0.0,0.022917651,0.15
4.112076744128171,2.4793126600722446,0.15,644.4020188609366,3.945194509118035,3.832000000000004,0.02291828774472074,3.8320000000000034,0.0,0.022917651,0.15
4.112078000279349,2.4799165968381978,0.15,644.7034375720413,3.94470840612694,3.833000000000003,0.022918286649521735,3.8330000000000033,0.0,0.022917651,0.15
4.112079096598066,2.4805207380496417,0.15,645.0053494005431,3.944221459381325,3.834000000000003,0.022918285554322737,3.834000000000003,0.0,0.022917651,0.15
4.112079163968643,2.4811250780607144,0.15,645.3113974072659,3.9437301982705693,3.835000000000003,0.022918284459123736,3.8350000000000035,0.0,0.022917651,0.15
4.1120779788045585,2.481729628876884,0.15,645.6226335671789,3.9432337164535864,3.836000000000004,0.022918283363924735,3.8360000000000034,0.0,0.022917651,0.15
4.112076662557405,2.482334404194674,0.15,645.9344012697228,3.9427364857572593,3.8370000000000037,0.022918282268725734,3.8370000000000033,0.0,0.022917651,0.15
4.112075214921605,2.4829394045374316,0.15,646.246701754,3.942238504435844,3.8380000000000023,0.022918281173526733,3.838000000000003,0.0,0.022917651,0.15
4.112073635590638,2.4835446304301305,0.15,646.5595362629678,3.9417397707381636,3.8390000000000035,0.022918280078327732,3.8390000000000035,0.0,0.022917651,0.15
4.112071924257024,2.4841500823993776,0.15,646.8729060434518,3.9412402829075908,3.840000000000003,0.02291827898312873,3.8400000000000034,0.0,0.022917651,0.15
4.112070080612328,2.4847557609734228,0.15,647.1868123461628,3.9407400391820264,3.8410000000000033,0.02291827788792973,3.8410000000000033,0.0,0.022917651,0.15
4.11206810434715,2.48536166668216,0.15,647.5012564257114,3.940239037793873,3.842000000000003,0.02291827679273073,3.842000000000003,0.0,0.022917651,0.15
4.11206599515113,2.485967800057139,0.15,647.8162395406225,3.9397372769700243,3.843000000000004,0.022918275697531732,3.8430000000000035,0.0,0.022917651,0.15
4.112063752712933,2.4865741616315686,0.15,648.1317629533512,3.9392347549318325,3.8440000000000043,0.022918274602332735,3.8440000000000034,0.0,0.022917651,0.15
4.112061376720253,2.4871807519403233,0.15,648.4478279302979,3.938731469895092,3.8450000000000033,0.02291827350713373,3.8450000000000033,0.0,0.022917651,0.15
4.112058866859809,2.487787571519952,0.15,648.7644357418238,3.938227420070017,3.846000000000004,0.022918272411934733,3.846000000000003,0.0,0.022917651,0.15
4.112055593632368,2.4883953314525824,0.15,649.0858050050734,3.937719376927861,3.8470000000000035,0.022918271316735725,3.8470000000000035,0.0,0.022917651,0.15
4.112051650160884,2.4890039427681785,0.15,649.411328318934,3.937207801904998,3.8480000000000034,0.022918270221536724,3.8480000000000034,0.0,0.022917651,0.15
4.112047575551168,2.489612801666806,0.15,649.7373966452484,3.936695454769643,3.8490000000000033,0.022918269126337723,3.8490000000000033,0.0,0.022917651,0.15
4.112043369506572,2.4902219087085227,0.15,650.0640112168885,3.936182333775202,3.850000000000003,0.022918268031138726,3.850000000000003,0.0,0.022917651,0.15
4.112039031729554,2.4908312644550765,0.15,650.3911732704476,3.93566843716981,3.851000000000004,0.022918266935939725,3.8510000000000035,0.0,0.022917651,0.15
4.112034561921673,2.491440869469911,0.15,650.7188840462537,3.9351537631963076,3.8520000000000034,0.022918265840740724,3.8520000000000034,0.0,0.022917651,0.15
4.112029959783585,2.492050724318175,0.15,651.047144788385,3.9346383100922258,3.8530000000000033,0.022918264745541726,3.8530000000000033,0.0,0.022917651,0.15
4.112025225015038,2.4926608295667254,0.15,651.3759567446831,3.9341220760897615,3.854000000000003,0.022918263650342722,3.854000000000003,0.0,0.022917651,0.15
4.112020357314875,2.4932711857841365,0.15,651.7053211667672,3.9336050594157617,3.8550000000000035,0.022918262555143724,3.8550000000000035,0.0,0.022917651,0.15
4.1120153563810256,2.493881793540704,0.15,652.0352393100493,3.9330872582916996,3.856000000000004,0.022918261459944723,3.8560000000000034,0.0,0.022917651,0.15
4.112010221910501,2.4944926534084533,0.15,652.365712433747,3.932568670933656,3.8570000000000033,0.022918260364745723,3.8570000000000033,0.0,0.022917651,0.15
4.1120049073537865,2.495103790106109,0.15,652.6968007158707,3.932049086456651,3.858000000000003,0.02291825926954672,3.858000000000003,0.0,0.022917651,0.15
4.111998516014477,2.495715672255605,0.15,653.0296480137791,3.931524450052586,3.8590000000000035,0.02291825817434772,3.8590000000000035,0.0,0.022917651,0.15
4.111991989695801,2.496327808587624,0.15,653.3630559546627,3.930999019541976,3.8600000000000043,0.02291825707914872,3.8600000000000034,0.0,0.022917651,0.15
4.111985328093613,2.4969401996748952,0.15,653.69702580178,3.930472793135514,3.8610000000000038,0.02291825598394972,3.8610000000000033,0.0,0.022917651,0.15
4.111978530902864,2.4975528460918737,0.15,654.0315588221869,3.9299457690385147,3.862000000000003,0.022918254888750714,3.862000000000003,0.0,0.022917651,0.15
4.111971597817578,2.4981657484147433,0.15,654.3666562867519,3.929417945450893,3.8630000000000035,0.022918253793551717,3.8630000000000035,0.0,0.022917651,0.15
4.111964528530865,2.498778907221419,0.15,654.70231947017,3.9288893205671447,3.8640000000000034,0.022918252698352716,3.8640000000000034,0.0,0.022917651,0.15
4.111957322734906,2.4993923230915605,0.15,655.0385496509775,3.9283598925763243,3.865000000000004,0.022918251603153715,3.8650000000000033,0.0,0.022917651,0.15
4.1119499801209525,2.500005996606574,0.15,655.3753481115665,3.9278296596620232,3.8660000000000037,0.022918250507954714,3.866000000000003,0.0,0.022917651,0.15
4.11194250037933,2.500619928349622,0.15,655.7127161381991,3.9272986200023543,3.8670000000000035,0.022918249412755713,3.8670000000000035,0.0,0.022917651,0.15
4.111934883199422,2.5012341189056255,0.15,656.0506550210215,3.9267667717699255,3.8680000000000034,0.022918248317556712,3.8680000000000034,0.0,0.022917651,0.15
4.111927128269679,2.5018485688612766,0.15,656.3891660540802,3.926234113131824,3.8690000000000038,0.022918247222357715,3.8690000000000033,0.0,0.022917651,0.15
4.111918069612443,2.502463696155633,0.15,656.7294295575347,3.9256955611830504,3.8700000000000037,0.02291824612715871,3.870000000000003,0.0,0.022917651,0.15
4.1119087291638365,2.5030791309773783,0.15,657.0704079069905,3.9251555744282602,3.871000000000004,0.02291824503195971,3.8710000000000035,0.0,0.022917651,0.15
4.11189924044204,2.50369482577656,0.15,657.4119668119248,3.924614734612628,3.872000000000004,0.02291824393676071,3.8720000000000034,0.0,0.022917651,0.15
4.111889603091411,2.50431078117675,0.15,657.7541076648374,3.924073039690032,3.8730000000000033,0.02291824284156171,3.8730000000000033,0.0,0.022917651,0.15
4.11187981675517,2.5049269978035187,0.15,658.0968318626846,3.923530487607802,3.8740000000000037,0.022918241746362707,3.874000000000003,0.0,0.022917651,0.15
4.111869881075393,2.5055434762844366,0.15,658.4401408068978,3.922987076306692,3.8750000000000036,0.02291824065116371,3.8750000000000036,0.0,0.022917651,0.15
4.111859795693006,2.506160217249088,0.15,658.7840359034008,3.9224428037208563,3.876000000000004,0.022918239555964705,3.8760000000000034,0.0,0.022917651,0.15
4.111849560247788,2.5067772213290773,0.15,659.1285185626282,3.92189766777782,3.8770000000000033,0.022918238460765707,3.8770000000000033,0.0,0.022917651,0.15
4.111839174378358,2.5073944891580364,0.15,659.4735901995437,3.9213516663984533,3.8780000000000032,0.022918237365566706,3.8780000000000032,0.0,0.022917651,0.15
4.1118286377221756,2.5080120213716346,0.15,659.8192522336575,3.9208047974969467,3.8790000000000036,0.022918236270367705,3.8790000000000036,0.0,0.022917651,0.15
4.11181786828796,2.508629868512928,0.15,660.1656629962481,3.92025668262472,3.8800000000000034,0.0229182351751687,3.8800000000000034,0.0,0.022917651,0.15
4.1118063156343325,2.5092483709086917,0.15,660.5138906468892,3.919704780070777,3.8810000000000033,0.0229182340799697,3.8810000000000033,0.0,0.022917651,0.15
4.111794619995099,2.509867140230562,0.15,660.8627126701408,3.9191520386150716,3.8820000000000032,0.022918232984770703,3.8820000000000032,0.0,0.022917651,0.15
4.111782781050985,2.5104861770745663,0.15,661.2121303931992,3.9185984563843883,3.8830000000000036,0.022918231889571702,3.8830000000000036,0.0,0.022917651,0.15
4.111770798481758,2.5111054820385093,0.15,661.5621451472149,3.918044031499932,3.8840000000000034,0.0229182307943727,3.8840000000000034,0.0,0.022917651,0.15
4.111758671966236,2.511725055721979,0.15,661.9127582673078,3.9174887620773045,3.8850000000000033,0.0229182296991737,3.8850000000000033,0.0,0.022917651,0.15
4.111746401182276,2.5123448987263512,0.15,662.2639710925818,3.9169326462264853,3.8860000000000032,0.022918228603974702,3.8860000000000032,0.0,0.022917651,0.15
4.111733985806775,2.5129650116548,0.15,662.6157849661394,3.916375682051811,3.887000000000004,0.022918227508775698,3.8870000000000036,0.0,0.022917651,0.15
4.111721425515662,2.5135853951122984,0.15,662.968201235096,3.9158178676519513,3.8880000000000035,0.022918226413576697,3.8880000000000035,0.0,0.022917651,0.15
4.111708719983898,2.514206049705631,0.15,663.3212212505971,3.9152592011198917,3.8890000000000033,0.0229182253183777,3.8890000000000033,0.0,0.022917651,0.15
4.111695868885472,2.514826976043398,0.15,663.6748463678313,3.9146996805429075,3.8900000000000032,0.0229182242231787,3.8900000000000032,0.0,0.022917651,0.15
4.111681991564416,2.515448251191342,0.15,664.0298543654642,3.9141357062483397,3.8910000000000036,0.022918223127979694,3.8910000000000036,0.0,0.022917651,0.15
4.111667376846526,2.516069843741099,0.15,664.38598702354,3.913568464989988,3.892000000000004,0.022918222032780697,3.8920000000000035,0.0,0.022917651,0.15
4.111652603301906,2.5166917023312783,0.15,664.742734059248,3.913000322410401,3.8930000000000033,0.022918220937581696,3.8930000000000033,0.0,0.022917651,0.15
4.111637670549136,2.5173138276007694,0.15,665.1000969479994,3.91243127634508,3.8940000000000032,0.02291821984238269,3.8940000000000032,0.0,0.022917651,0.15
4.111622578205578,2.5179362201905082,0.15,665.4580771699327,3.9118613246225915,3.8950000000000036,0.022918218747183694,3.8950000000000036,0.0,0.022917651,0.15
4.111607325887364,2.518558880743486,0.15,665.8166762099333,3.9112904650645386,3.8960000000000035,0.02291821765198469,3.8960000000000035,0.0,0.022917651,0.15
4.111591913209396,2.519181809904758,0.15,666.175895557653,3.9107186954855306,3.897000000000004,0.022918216556785692,3.8970000000000034,0.0,0.022917651,0.15
4.111576339785334,2.5198050083214514,0.15,666.535736707528,3.9101460136931583,3.8980000000000032,0.02291821546158669,3.8980000000000032,0.0,0.022917651,0.15
4.111560605227601,2.520428476642774,0.15,666.8962011588,3.909572417487963,3.8990000000000036,0.02291821436638769,3.8990000000000036,0.0,0.022917651,0.15
4.111544709147374,2.5210522155200223,0.15,667.2572904155327,3.9089979046634116,3.9000000000000035,0.02291821327118869,3.9000000000000035,0.0,0.022917651,0.15
4.111535907217173,2.5216467193945364,0.15,667.5193237114968,3.9084781462159595,3.901000000000003,0.02291820908516122,3.9010000000000034,0.0,0.022917651,0.15
4.1115264368640245,2.522242070912797,0.15,667.7825846550033,3.907954865474353,3.9020000000000032,0.022918204899133748,3.9020000000000032,0.0,0.022917651,0.15
4.111516884965038,2.5228376821798357,0.15,668.046318448321,3.9074309988153626,3.9030000000000036,0.022918200713106282,3.9030000000000036,0.0,0.022917651,0.15
4.111507251378754,2.523433553646242,0.15,668.3105259117085,3.9069065452225895,3.9040000000000035,0.02291819652707881,3.9040000000000035,0.0,0.022917651,0.15
4.111497535963387,2.524029685763648,0.15,668.5752078673227,3.906381503677284,3.9050000000000034,0.02291819234105134,3.9050000000000034,0.0,0.022917651,0.15
4.111487738576822,2.5246260789847326,0.15,668.8403651392251,3.9058558731583353,3.906000000000003,0.022918188155023868,3.9060000000000032,0.0,0.022917651,0.15
4.111477859076619,2.525222733763222,0.15,669.1059985533858,3.9053296526422674,3.907000000000003,0.022918183968996402,3.9070000000000036,0.0,0.022917651,0.15
4.111467897319998,2.525819650553897,0.15,669.3721089376899,3.9048028411032334,3.9080000000000035,0.022918179782968937,3.9080000000000035,0.0,0.022917651,0.15
4.111457853163859,2.52641682981259,0.15,669.6386971219431,3.9042754375130024,3.909000000000004,0.022918175596941467,3.9090000000000034,0.0,0.022917651,0.15
4.111446391592416,2.5270147473079865,0.15,669.907310133893,3.9037416287333095,3.9100000000000037,0.022918171410914,3.9100000000000033,0.0,0.022917651,0.15
4.11143483717246,2.5276129218703893,0.15,670.1764159348432,3.903207191530627,3.9110000000000036,0.022918167224886522,3.9110000000000036,0.0,0.022917651,0.15
4.1114231992098915,2.528211350536709,0.15,670.4460044142311,3.902672166072612,3.912000000000004,0.02291816303885906,3.9120000000000035,0.0,0.022917651,0.15
4.1114114775608375,2.528810033744544,0.15,670.7160764032844,3.902136551346219,3.913000000000004,0.022918158852831584,3.9130000000000034,0.0,0.022917651,0.15
4.1113996720811,2.5294089719324924,0.15,670.9866327351406,3.901600346336078,3.9140000000000037,0.022918154666804115,3.9140000000000033,0.0,0.022917651,0.15
4.111387782626144,2.530008165540166,0.15,671.2576742448524,3.9010635500244835,3.915000000000003,0.022918150480776646,3.9150000000000036,0.0,0.022917651,0.15
4.111375809051107,2.5306076150081855,0.15,671.5292017693927,3.90052616139139,3.9160000000000035,0.02291814629474918,3.9160000000000035,0.0,0.022917651,0.15
4.111363751210793,2.5312073207781856,0.15,671.8012161476614,3.8999881794144056,3.917000000000004,0.022918142108721708,3.9170000000000034,0.0,0.022917651,0.15
4.111350666533143,2.5318079655714874,0.15,672.0751782577352,3.899445149890678,3.918000000000004,0.02291813792269424,3.9180000000000033,0.0,0.022917651,0.15
4.111337008748532,2.5324092348164284,0.15,672.3503467201804,3.898899202874254,3.919000000000004,0.02291813373666677,3.9190000000000036,0.0,0.022917651,0.15
4.11132324709678,2.5330107919401006,0.15,672.6259873657415,3.8983525524889324,3.9200000000000035,0.022918129550639304,3.9200000000000035,0.0,0.022917651,0.15
4.111309381369101,2.5336126375211756,0.15,672.9021011435633,3.897805197320855,3.9210000000000034,0.022918125364611835,3.9210000000000034,0.0,0.022917651,0.15
4.11129541135615,2.534214772139876,0.15,673.178689005336,3.897257135952376,3.9220000000000037,0.02291812117858437,3.9220000000000033,0.0,0.022917651,0.15
4.11128133684802,2.5348171963779813,0.15,673.4557519053038,3.8967083669620424,3.9230000000000045,0.022918116992556893,3.9230000000000036,0.0,0.022917651,0.15
4.111267157634238,2.5354199108188333,0.15,673.7332908002736,3.896158888924583,3.9240000000000035,0.022918112806529424,3.9240000000000035,0.0,0.022917651,0.15
4.111252873503769,2.5360229160473424,0.15,674.0113066496239,3.8956087004109,3.9250000000000034,0.022918108620501955,3.9250000000000034,0.0,0.022917651,0.15
4.111236248102868,2.536625029085663,0.15,674.2925381533354,3.8950500399480608,3.9260000000000033,0.022918104434474482,3.9260000000000033,0.0,0.022917651,0.15
4.111217595706186,2.537226412977051,0.15,674.5766536196049,3.894484001481429,3.9270000000000045,0.022918100248447017,3.9270000000000036,0.0,0.022917651,0.15
4.111198844933958,2.5378280879587702,0.15,674.8613083496962,3.893917278430706,3.928000000000004,0.022918096062419544,3.9280000000000035,0.0,0.022917651,0.15
4.111179995603798,2.538430054570494,0.15,675.1465033433897,3.89334986952669,3.929000000000003,0.02291809187639208,3.9290000000000034,0.0,0.022917651,0.15
4.111161047532873,2.539032313353232,0.15,675.4322396029386,3.8927817734970427,3.9300000000000033,0.022918087690364602,3.9300000000000033,0.0,0.022917651,0.15
4.111142000537891,2.53963486484933,0.15,675.7185181330776,3.8922129890662744,3.9310000000000036,0.022918083504337133,3.9310000000000036,0.0,0.022917651,0.15
4.111122854435109,2.54023770960248,0.15,676.0053399410286,3.891643514955738,3.932000000000004,0.022918079318309668,3.9320000000000035,0.0,0.022917651,0.15
4.111103609040328,2.5408408481577194,0.15,676.2927060365105,3.8910733498836163,3.9330000000000034,0.022918075132282195,3.9330000000000034,0.0,0.022917651,0.15
4.111083295764515,2.541445559146708,0.15,676.5942459206524,3.890497338957372,3.934000000000003,0.02291807094625473,3.9340000000000033,0.0,0.022917651,0.15
4.111062590964186,2.5420509232831616,0.15,676.9002967804095,3.889919108268188,3.9350000000000036,0.022918066760227257,3.9350000000000036,0.0,0.022917651,0.15
4.111041776849804,2.5426565649325212,0.15,677.2068668454725,3.889340162854188,3.936000000000004,0.022918062574199788,3.9360000000000035,0.0,0.022917651,0.15
4.1110208532079575,2.5432624846365703,0.15,677.5139571294754,3.88876050132003,3.9370000000000034,0.022918058388172322,3.9370000000000034,0.0,0.022917651,0.15
4.11099981982468,2.543868682938503,0.15,677.8215686486927,3.888180122266735,3.9380000000000033,0.02291805420214485,3.9380000000000033,0.0,0.022917651,0.15
4.110978676485446,2.5444751603829303,0.15,678.1297024220473,3.8875990242916805,3.9390000000000036,0.02291805001611738,3.9390000000000036,0.0,0.022917651,0.15
4.110957422975169,2.5450819175158803,0.15,678.4383594711196,3.8870172059885855,3.9400000000000035,0.02291804583008991,3.9400000000000035,0.0,0.022917651,0.15
4.110935743027566,2.5456891329587257,0.15,678.7478398085724,3.886433223783672,3.941000000000004,0.022918041644062446,3.9410000000000034,0.0,0.022917651,0.15
4.110912494065911,2.5462974510952767,0.15,679.0592337984414,3.885841863360595,3.9420000000000033,0.022918037458034973,3.9420000000000033,0.0,0.022917651,0.15
4.1108891461014325,2.546906044201569,0.15,679.3711576176095,3.8852498319412847,3.9430000000000036,0.022918033272007508,3.9430000000000036,0.0,0.022917651,0.15
4.110865698958325,2.547514912765887,0.15,679.6836122069345,3.884657128334199,3.944000000000004,0.02291802908598004,3.9440000000000035,0.0,0.022917651,0.15
4.110842152460365,2.5481240572776724,0.15,679.9965985095041,3.8840637513449776,3.9450000000000034,0.022918024899952566,3.9450000000000034,0.0,0.022917651,0.15
4.110818506430912,2.5487334782275273,0.15,680.3101174706409,3.883469699776427,3.9460000000000037,0.022918020713925097,3.9460000000000033,0.0,0.022917651,0.15
4.1107947606929045,2.5493431761072167,0.15,680.6241700379104,3.882874972428512,3.9470000000000036,0.022918016527897628,3.9470000000000036,0.0,0.022917651,0.15
4.110770915068863,2.5499531514096745,0.15,680.9387571611263,3.8822795680983546,3.9480000000000035,0.02291801234187016,3.9480000000000035,0.0,0.022917651,0.15
4.110745796715925,2.5505639100088295,0.15,681.2551190791376,3.8816782905314002,3.9490000000000034,0.022918008155842686,3.9490000000000034,0.0,0.022917651,0.15
4.110720224030065,2.5511750995162936,0.15,681.5723885015307,3.8810747650577726,3.9500000000000037,0.02291800396981522,3.9500000000000033,0.0,0.022917651,0.15
4.1106945458610324,2.5517865700048934,0.15,681.8901971288423,3.8804705367152144,3.951000000000004,0.022917999783787748,3.9510000000000036,0.0,0.022917651,0.15
4.110668762015778,2.5523983219888655,0.15,682.2085459478982,3.8798656042173714,3.9520000000000035,0.02291799559776028,3.9520000000000035,0.0,0.022917651,0.15
4.1106428723007795,2.553010355983704,0.15,682.5274359479339,3.8792599662747467,3.9530000000000034,0.02291799141173281,3.9530000000000034,0.0,0.022917651,0.15
4.110616876522043,2.5536226725061617,0.15,682.846868120602,3.8786536215946925,3.9540000000000037,0.02291798722570534,3.9540000000000033,0.0,0.022917651,0.15
4.110590774485099,2.5542352720742536,0.15,683.1668434599794,3.8780465688814014,3.9550000000000036,0.02291798303967787,3.9550000000000036,0.0,0.022917651,0.15
4.11056378184061,2.554848913076277,0.15,683.4881994874755,3.8774349121758482,3.956000000000004,0.022917978853650406,3.9560000000000035,0.0,0.022917651,0.15
4.11053597432152,2.55546356520671,0.15,683.8108613329697,3.8768189846789824,3.9570000000000034,0.022917974667622933,3.9570000000000034,0.0,0.022917651,0.15
4.110508064821425,2.556078553168227,0.15,684.1340708846574,3.8762023134036068,3.9580000000000033,0.022917970481595464,3.9580000000000033,0.0,0.022917651,0.15
4.110480053156063,2.5566938775676165,0.15,684.4578291321453,3.875584897005846,3.9590000000000036,0.02291796629556799,3.9590000000000036,0.0,0.022917651,0.15
4.110451939140729,2.557309539013126,0.15,684.7821370674255,3.8749667341385883,3.960000000000004,0.022917962109540523,3.9600000000000035,0.0,0.022917651,0.15
4.110423722590272,2.557925538114472,0.15,685.1069956848828,3.874347823451469,3.9610000000000034,0.022917957923513053,3.9610000000000034,0.0,0.022917651,0.15
4.110395403319094,2.5585418754828426,0.15,685.4324059813018,3.8737281635908665,3.9620000000000033,0.022917953737485584,3.9620000000000033,0.0,0.022917651,0.15
4.110366213334706,2.559158933808733,0.15,685.759119038276,3.8731042992264646,3.963000000000004,0.022917949551458115,3.9630000000000036,0.0,0.022917651,0.15
4.110335911839171,2.5597768319210714,0.15,686.0873659462101,3.8724751481478954,3.9640000000000035,0.022917945365430646,3.9640000000000035,0.0,0.022917651,0.15
4.110305492587584,2.560395075260775,0.15,686.416174798093,3.8718451808097316,3.965000000000004,0.022917941179403177,3.9650000000000034,0.0,0.022917651,0.15
4.110274955348645,2.5610136645059582,0.15,686.7455466977252,3.871214395608632,3.9660000000000033,0.022917936993375708,3.9660000000000033,0.0,0.022917651,0.15
4.110244299890444,2.561632600336513,0.15,687.0754827517998,3.8705827909370525,3.967000000000004,0.02291793280734824,3.9670000000000036,0.0,0.022917651,0.15
4.1102135259804635,2.5622518834341115,0.15,687.4059840699122,3.8699503651832363,3.9680000000000035,0.02291792862132077,3.9680000000000035,0.0,0.022917651,0.15
4.110182633385578,2.5628715144822185,0.15,687.7370517645692,3.8693171167311955,3.9690000000000034,0.0229179244352933,3.9690000000000034,0.0,0.022917651,0.15
4.1101510703233535,2.5634913040818827,0.15,688.069845306792,3.868681028069358,3.970000000000004,0.02291792024926583,3.9700000000000033,0.0,0.022917651,0.15
4.110118871250246,2.5641112346091663,0.15,688.4043350939025,3.8680422545769066,3.9710000000000036,0.02291791606323836,3.9710000000000036,0.0,0.022917651,0.15
4.110086571782721,2.564731481445059,0.15,688.7394105612947,3.8674027631071675,3.9720000000000035,0.022917911877210893,3.9720000000000035,0.0,0.022917651,0.15
4.11005417174976,2.5653520451283787,0.15,689.0750727066508,3.8667625524370965,3.9730000000000034,0.02291790769118342,3.9730000000000034,0.0,0.022917651,0.15
4.110021670979958,2.56597292619917,0.15,689.4113225299204,3.8661216213408682,3.9740000000000038,0.022917903505155955,3.9740000000000033,0.0,0.022917651,0.15
4.109989069301518,2.5665941251987037,0.15,689.7481610333272,3.865479968589871,3.9750000000000036,0.022917899319128483,3.9750000000000036,0.0,0.022917651,0.15
4.109956366542252,2.5672156426694817,0.15,690.0855892213739,3.8648375929527,3.9760000000000035,0.022917895133101013,3.9760000000000035,0.0,0.022917651,0.15
4.109922110787019,2.567836752720114,0.15,690.4247559425685,3.864189413344392,3.9770000000000034,0.02291789094707354,3.9770000000000034,0.0,0.022917651,0.15
4.109887117897333,2.5684578403374645,0.15,690.7650101320289,3.8635383079430325,3.9780000000000033,0.02291788676104608,3.9780000000000033,0.0,0.022917651,0.15
4.109852011243205,2.5690792138309955,0.15,691.1058585979767,3.862886461643669,3.9790000000000036,0.022917882575018606,3.9790000000000036,0.0,0.022917651,0.15
4.109816790620121,2.569700873714616,0.15,691.4473024087243,3.8622338731144112,3.9800000000000035,0.022917878388991137,3.9800000000000035,0.0,0.022917651,0.15
4.109781455823082,2.570322820503471,0.15,691.789342635148,3.8615805410201745,3.9810000000000034,0.022917874202963668,3.9810000000000034,0.0,0.022917651,0.15
4.109746006646594,2.5709450547139405,0.15,692.1319803506932,3.860926464022669,3.9820000000000033,0.0229178700169362,3.9820000000000033,0.0,0.022917651,0.15
4.109710378555904,2.5715677960981282,0.15,692.4752906111689,3.8602711642820244,3.983000000000004,0.02291786583090873,3.9830000000000036,0.0,0.022917651,0.15
4.109673281701098,2.572195500313247,0.15,692.8207608492685,3.8596050277593568,3.9840000000000035,0.02291786164488126,3.9840000000000035,0.0,0.022917651,0.15
4.109636072434089,2.5728235996163336,0.15,693.1668350374918,3.858938046518609,3.9850000000000034,0.022917857458853788,3.9850000000000034,0.0,0.022917651,0.15
4.109598750547737,2.5734520947354165,0.15,693.5135142887391,3.8582702190032183,3.9860000000000033,0.022917853272826322,3.9860000000000033,0.0,0.022917651,0.15
4.109561315834389,2.5740809864003147,0.15,693.8607997186463,3.8576015436527946,3.987000000000004,0.02291784908679885,3.9870000000000037,0.0,0.022917651,0.15
4.109523768085884,2.5747102753426434,0.15,694.2086924455937,3.856932018903108,3.988000000000004,0.02291784490077138,3.9880000000000035,0.0,0.022917651,0.15
4.109486107093547,2.575339962295817,0.15,694.557193590715,3.8562616431860794,3.9890000000000034,0.02291784071474391,3.9890000000000034,0.0,0.022917651,0.15
4.109447460015927,2.575967404175937,0.15,694.9072020885114,3.8555895673538187,3.9900000000000033,0.022917836528716443,3.9900000000000033,0.0,0.022917651,0.15
4.1094079328956195,2.576592829714513,0.15,695.2586088508208,3.854915986908137,3.9910000000000037,0.02291783234268897,3.9910000000000037,0.0,0.022917651,0.15
4.10936828933707,2.577218524936449,0.15,695.6106288390879,3.8542416709869203,3.992000000000004,0.022917828156661504,3.9920000000000035,0.0,0.022917651,0.15
4.109328529135932,2.5778444903150315,0.15,695.9632631295068,3.8535666182994293,3.993000000000004,0.022917823970634035,3.9930000000000034,0.0,0.022917651,0.15
4.1092886520873835,2.578470726324654,0.15,696.3165128007901,3.8528908275519056,3.9940000000000033,0.022917819784606563,3.9940000000000033,0.0,0.022917651,0.15
4.109248657986117,2.579097233440824,0.15,696.6703789341789,3.8522142974475577,3.9950000000000037,0.022917815598579094,3.9950000000000037,0.0,0.022917651,0.15
4.109207903623208,2.579724522100696,0.15,697.0268478106619,3.8515339445370973,3.9960000000000035,0.022917811412551625,3.9960000000000035,0.0,0.022917651,0.15
4.109162784229664,2.5803555213283893,0.15,697.397069186204,3.850832419748402,3.997000000000004,0.02291780722652416,3.9970000000000034,0.0,0.022917651,0.15
4.1091175315004795,2.5809869290659515,0.15,697.7679940809705,3.8501299530928352,3.9980000000000038,0.022917803040496686,3.9980000000000033,0.0,0.022917651,0.15
4.10907214517267,2.5816187461191173,0.15,698.1396238825643,3.8494265427126857,3.9990000000000037,0.022917798854469217,3.9990000000000037,0.0,0.022917651,0.15
4.109026624982553,2.5822509732957397,0.15,698.5119599822384,3.848722186745352,4.000000000000004,0.022917794668441748,4.0000000000000036,0.0,0.022917651,0.15
4.108984282141734,2.5828504784738446,0.15,698.9371370786979,3.8480605473111336,4.001000000000004,0.022917794227195393,4.001000000000004,0.0,0.022917651,0.15
4.108941843351363,2.5834502307242535,0.15,699.3629692388847,3.8473982770650603,4.002000000000003,0.02291779378594903,4.002000000000003,0.0,0.022917651,0.15
4.108897441296084,2.5840486843052726,0.15,699.800688303257,3.8467294570929433,4.003000000000004,0.022917793344702675,4.003000000000004,0.0,0.022917651,0.15
4.108852851980517,2.58464738092862,0.15,700.239475203629,3.846059645156052,4.004000000000003,0.022917792903456316,4.004000000000003,0.0,0.022917651,0.15
4.108808164087382,2.5852463963185492,0.15,700.6787932467769,3.845389120037884,4.005000000000004,0.02291779246220996,4.0050000000000034,0.0,0.022917651,0.15
4.108763377456051,2.58584573099448,0.15,701.118643298182,3.844717880576332,4.006000000000004,0.0229177920209636,4.006000000000004,0.0,0.022917651,0.15
4.108718491925546,2.586445385476963,0.15,701.5590262252072,3.8440459256067623,4.007000000000003,0.02291779157971725,4.007000000000003,0.0,0.022917651,0.15
4.108673507334536,2.58704536028768,0.15,701.9999428971033,3.843373253962006,4.008000000000004,0.022917791138470887,4.008000000000004,0.0,0.022917651,0.15
4.1086269486926135,2.5876437362544356,0.15,702.4426971507457,3.8426958838310146,4.009000000000005,0.02291779069722453,4.009000000000004,0.0,0.022917651,0.15
4.108579889751104,2.588241982946821,0.15,702.886346890969,3.842016641461097,4.010000000000004,0.022917790255978177,4.010000000000003,0.0,0.022917651,0.15
4.108532735615894,2.5888406371159167,0.15,703.3305356607311,3.841336610813558,4.011000000000004,0.022917789814731818,4.011000000000004,0.0,0.022917651,0.15
4.10848548613133,2.5894396994280022,0.15,703.7752643414198,3.8406557905994583,4.012000000000003,0.022917789373485466,4.012000000000003,0.0,0.022917651,0.15
4.108438141141417,2.5900391705508135,0.15,704.2205338163462,3.839974179527042,4.0130000000000035,0.022917788932239103,4.0130000000000035,0.0,0.022917651,0.15
4.108390700489821,2.590639051153541,0.15,704.6663449707488,3.839291776301733,4.014000000000004,0.022917788490992748,4.014000000000004,0.0,0.022917651,0.15
4.108341978100144,2.5912453716142716,0.15,705.1140132511586,3.8385978038850537,4.015000000000004,0.02291778804974639,4.015000000000003,0.0,0.022917651,0.15
4.108292720598449,2.5918541704343276,0.15,705.5627137037336,3.837899211753442,4.016000000000004,0.02291778760850003,4.016000000000004,0.0,0.022917651,0.15
4.108243367259832,2.5924631879625286,0.15,706.0119603634831,3.8372000175294922,4.017000000000004,0.02291778716725367,4.017000000000004,0.0,0.022917651,0.15
4.108193917942599,2.593072424522236,0.15,706.4617540379858,3.836500220322998,4.018000000000003,0.022917786726007316,4.018000000000003,0.0,0.022917651,0.15
4.108144372504772,2.5936818804374546,0.15,706.9120955364142,3.8357998192419966,4.019000000000004,0.022917786284760957,4.019000000000004,0.0,0.022917651,0.15
4.108094730804095,2.5942915560328257,0.15,707.3629856695362,3.835098813392767,4.020000000000003,0.0229177858435146,4.020000000000003,0.0,0.022917651,0.15
4.1080435369670125,2.594898373977849,0.15,707.8157560785725,3.834394453990775,4.0210000000000035,0.022917785402268243,4.0210000000000035,0.0,0.022917651,0.15
4.107991887134781,2.5955047566924456,0.15,708.2694021104139,3.8336887053048634,4.022000000000004,0.022917784961021887,4.022000000000004,0.0,0.022917651,0.15
4.107940136149178,2.5961114665703744,0.15,708.7235997422342,3.8329822249640264,4.023000000000003,0.022917784519775528,4.023000000000003,0.0,0.022917651,0.15
4.10788828384918,2.596718504132445,0.15,709.1783498521237,3.8322750118035454,4.024000000000004,0.02291778407852917,4.024000000000004,0.0,0.022917651,0.15
4.10783633007342,2.5973258699005752,0.15,709.633653320036,3.8315670646562308,4.025000000000005,0.02291778363728281,4.025000000000004,0.0,0.022917651,0.15
4.107784274660186,2.597933564397787,0.15,710.0895110277951,3.8308583823524085,4.026000000000003,0.02291778319603646,4.026000000000003,0.0,0.022917651,0.15
4.107730432512088,2.5985423966866468,0.15,710.5475532875855,3.830141422628674,4.027000000000004,0.022917782754790096,4.027000000000004,0.0,0.022917651,0.15
4.1076764475620005,2.5991515719562157,0.15,711.0061960720093,3.8294235488668393,4.028000000000003,0.022917782313543744,4.028000000000003,0.0,0.022917651,0.15
4.107622362885295,2.5997610698809335,0.15,711.46539850558,3.8287049535076174,4.0290000000000035,0.022917781872297385,4.0290000000000035,0.0,0.022917651,0.15
4.107568178327246,2.6003708909614067,0.15,711.9251614566082,3.827985635431432,4.030000000000005,0.022917781431051026,4.030000000000004,0.0,0.022917651,0.15
4.107513893732803,2.6009810356992795,0.15,712.3854857952023,3.8272655935163864,4.031000000000004,0.02291778098980467,4.031000000000003,0.0,0.022917651,0.15
4.10745904996353,2.6015916072197864,0.15,712.8468838611188,3.8265428870903193,4.032000000000004,0.022917780548558312,4.032000000000004,0.0,0.022917651,0.15
4.107402732869234,2.602202809884713,0.15,713.3103692234913,3.8258136532387184,4.033000000000004,0.022917780107311957,4.033000000000004,0.0,0.022917651,0.15
4.107346312220748,2.602814337604288,0.15,713.7744126902747,3.825083680114306,4.034000000000003,0.022917779666065598,4.034000000000003,0.0,0.022917651,0.15
4.107289787855682,2.603426190888246,0.15,714.2390151366583,3.8243529665577936,4.035000000000005,0.02291777922481924,4.035000000000004,0.0,0.022917651,0.15
4.107233159611309,2.6040383702473844,0.15,714.7041774396611,3.82362151140747,4.036000000000004,0.02291777878357288,4.036000000000003,0.0,0.022917651,0.15
4.1071764273245615,2.604650876193573,0.15,715.1699004781387,3.82288931349919,4.0370000000000035,0.022917778342326528,4.0370000000000035,0.0,0.022917651,0.15
4.1071183932892374,2.6052642678174878,0.15,715.637444362004,3.8221510257148306,4.038000000000004,0.02291777790108017,4.038000000000004,0.0,0.022917651,0.15
4.107059547709026,2.605878309724685,0.15,716.1062833554661,3.8214088430504107,4.039000000000003,0.02291777745983381,4.039000000000003,0.0,0.022917651,0.15
4.107000591993392,2.606492673557799,0.15,716.5756781328706,3.82066589784684,4.0400000000000045,0.02291777701858745,4.040000000000004,0.0,0.022917651,0.15
4.106941525965117,2.6071073598348344,0.15,717.0456295885191,3.8199221888771304,4.041000000000004,0.022917776577341096,4.041000000000004,0.0,0.022917651,0.15
4.106882349446605,2.6077223690749087,0.15,717.5161386186332,3.8191777149116617,4.042000000000003,0.022917776136094737,4.042000000000003,0.0,0.022917651,0.15
4.106822877565151,2.608337692803325,0.15,717.9873947669809,3.818431744318433,4.043000000000004,0.02291777569484838,4.043000000000004,0.0,0.022917651,0.15
4.1067618513156665,2.608953272279142,0.15,718.4606873640226,3.8176792956971717,4.044000000000003,0.022917775253602023,4.044000000000003,0.0,0.022917651,0.15
4.106700716103593,2.6095691800516465,0.15,718.9345429298486,3.8169260830005434,4.045000000000004,0.022917774812355667,4.0450000000000035,0.0,0.022917651,0.15
4.106639471756793,2.6101854166394722,0.15,719.4089623538235,3.816172105021478,4.046000000000004,0.022917774371109312,4.046000000000004,0.0,0.022917651,0.15
4.106578118102769,2.610801982562348,0.15,719.8839465271863,3.8154173605503656,4.047000000000003,0.022917773929862953,4.047000000000003,0.0,0.022917651,0.15
4.106516654968657,2.6114188783410994,0.15,720.3594963430556,3.8146618483750427,4.048000000000004,0.022917773488616594,4.048000000000004,0.0,0.022917651,0.15
4.106452980076119,2.612035031073375,0.15,720.8397419715918,3.8138982360501346,4.049000000000004,0.022917773047370235,4.049000000000004,0.0,0.022917651,0.15
4.106388187064663,2.6126509946007217,0.15,721.322609604764,3.81313034219166,4.050000000000003,0.02291777260612388,4.050000000000003,0.0,0.022917651,0.15
4.1063232315838745,2.6132672566993773,0.15,721.8062366590758,3.8123614998829485,4.051000000000005,0.02291777216487752,4.051000000000004,0.0,0.022917651,0.15
4.106258113303633,2.6138838179760047,0.15,722.2906246775823,3.81159170719686,4.052000000000003,0.022917771723631165,4.052000000000003,0.0,0.022917651,0.15
4.106192831892924,2.614500679038911,0.15,722.7757752075244,3.8108209622010274,4.0530000000000035,0.022917771282384806,4.0530000000000035,0.0,0.022917651,0.15
4.106125674335968,2.615117823522334,0.15,723.269741759116,3.8100424275986877,4.054000000000004,0.022917770841138448,4.054000000000004,0.0,0.022917651,0.15
4.106055725107994,2.6157352970982144,0.15,723.7768743049081,3.809252394718621,4.055000000000003,0.022917770399892092,4.055000000000003,0.0,0.022917651,0.15
4.105985654645827,2.6163531505089117,0.15,724.2846382078822,3.808461497039839,4.056000000000004,0.022917769958645737,4.056000000000004,0.0,0.022917651,0.15
4.1059154627499845,2.6169713843794162,0.15,724.7930345068918,3.8076697331393756,4.057000000000004,0.022917769517399378,4.057000000000004,0.0,0.022917651,0.15
4.1058451492205466,2.6175899993360914,0.15,725.302064243071,3.8068771015911436,4.058000000000003,0.02291776907615302,4.058000000000003,0.0,0.022917651,0.15
4.10577415909925,2.6182099382832864,0.15,725.8130387348116,3.8060804400109953,4.059000000000004,0.022917768634906664,4.059000000000004,0.0,0.022917651,0.15
4.105701553935554,2.6188327319515716,0.15,726.3281810896302,3.805274464525643,4.060000000000003,0.022917768193660308,4.060000000000003,0.0,0.022917651,0.15
4.105628821117196,2.619455817699965,0.15,726.8439822986945,3.80446768641521,4.0610000000000035,0.02291776775241395,4.0610000000000035,0.0,0.022917651,0.15
4.1055559604357885,2.620079196005263,0.15,727.3604434375324,3.8036601043694738,4.062000000000004,0.02291776731116759,4.062000000000004,0.0,0.022917651,0.15
4.105482971682492,2.6207028673453023,0.15,727.8775655840141,3.8028517170753586,4.063000000000003,0.022917766869921235,4.063000000000003,0.0,0.022917651,0.15
4.105409351159967,2.6213267273671828,0.15,728.3957722246435,3.802040613760754,4.064000000000004,0.022917766428674876,4.064000000000004,0.0,0.022917651,0.15
4.105334072026091,2.6219506089695286,0.15,728.9159285923887,3.801222853370256,4.065000000000004,0.02291776598742852,4.065000000000004,0.0,0.022917651,0.15
4.105258665722501,2.622574859489068,0.15,729.4367525053018,3.800404215292493,4.066000000000003,0.02291776554618216,4.066000000000003,0.0,0.022917651,0.15
4.105183132039647,2.6231994795337013,0.15,729.9582450633619,3.7995846980812145,4.067000000000004,0.022917765104935806,4.067000000000004,0.0,0.022917651,0.15
4.10510747076752,2.6238244697126643,0.15,730.4804073689629,3.7987643002869955,4.068000000000003,0.022917764663689447,4.068000000000003,0.0,0.022917651,0.15
4.105031032698417,2.624449945725862,0.15,731.003759194752,3.797940309958117,4.0690000000000035,0.022917764222443092,4.0690000000000035,0.0,0.022917651,0.15
4.104953019641179,2.625076054888885,0.15,731.5289401690118,3.797109387814839,4.070000000000004,0.022917763781196733,4.070000000000004,0.0,0.022917651,0.15
4.10487487834492,2.625702543964277,0.15,732.0547954259155,3.7962775728465328,4.071000000000003,0.022917763339950374,4.071000000000003,0.0,0.022917651,0.15
4.104796608599448,2.62632941357474,0.15,732.5813260706583,3.7954448635897973,4.072000000000004,0.02291776289870402,4.072000000000004,0.0,0.022917651,0.15
4.104718210194111,2.626956664344337,0.15,733.108533210852,3.7946112585780307,4.073000000000004,0.02291776245745766,4.073000000000004,0.0,0.022917651,0.15
4.104639045423485,2.6275846562138994,0.15,733.6372144839893,3.793773848437549,4.074000000000003,0.0229177620162113,4.074000000000003,0.0,0.022917651,0.15
4.104558995565819,2.6282134193884676,0.15,734.1675185902744,3.792932128359908,4.075000000000004,0.022917761574964945,4.075000000000004,0.0,0.022917651,0.15
4.104478813345576,2.6288425162138878,0.15,734.6985056893777,3.792089545266413,4.076000000000003,0.02291776113371859,4.076000000000003,0.0,0.022917651,0.15
4.104398498546757,2.6294719472346304,0.15,735.2301768958461,3.7912460977487434,4.0770000000000035,0.022917760692472228,4.0770000000000035,0.0,0.022917651,0.15
4.104318050952898,2.630101712996351,0.15,735.7625333266516,3.790401784395517,4.078000000000004,0.022917760251225876,4.078000000000004,0.0,0.022917651,0.15
4.104236094879091,2.6307321342440733,0.15,736.2967522449509,3.7895507772223214,4.079000000000003,0.022917759809979517,4.079000000000003,0.0,0.022917651,0.15
4.104153334236177,2.6313630608904828,0.15,736.8322324663825,3.7886960442529767,4.080000000000004,0.02291775936873316,4.080000000000004,0.0,0.022917651,0.15
4.104070440989781,2.631994339632178,0.15,737.3684002903799,3.7878404288504908,4.081000000000004,0.0229177589274868,4.081000000000004,0.0,0.022917651,0.15
4.103987414924802,2.6326259710403037,0.15,737.9052568323242,3.786983929583441,4.082000000000003,0.02291775848624044,4.082000000000003,0.0,0.022917651,0.15
4.103904255825675,2.633257955687241,0.15,738.4428032100109,3.7861265450173085,4.083000000000004,0.022917758044994088,4.083000000000004,0.0,0.022917651,0.15
4.103818851653646,2.6338904889024777,0.15,738.9827459525594,3.7852596320852516,4.084000000000003,0.02291775760374773,4.084000000000003,0.0,0.022917651,0.15
4.103733235543553,2.6345234120887344,0.15,739.523435511198,3.7843914812557595,4.0850000000000035,0.02291775716250137,4.0850000000000035,0.0,0.022917651,0.15
4.103647483195444,2.63515671937438,0.15,740.064811547049,3.783522401180638,4.086000000000004,0.022917756721255015,4.086000000000004,0.0,0.022917651,0.15
4.1035615943854,2.635790411390722,0.15,740.606875188411,3.7826523903325726,4.087000000000003,0.022917756280008656,4.087000000000003,0.0,0.022917651,0.15
4.103474988029265,2.6364244184751824,0.15,741.1502239493992,3.781779195221619,4.088000000000004,0.0229177558387623,4.088000000000004,0.0,0.022917651,0.15
4.103387116096777,2.6370586864413528,0.15,741.6954188910981,3.780900679223822,4.089000000000004,0.022917755397515945,4.089000000000004,0.0,0.022917651,0.15
4.103299109909187,2.6376933585359157,0.15,742.2412981032094,3.7800212221659235,4.090000000000003,0.022917754956269583,4.090000000000003,0.0,0.022917651,0.15
4.10321096924913,2.6383284354131837,0.15,742.7878626936166,3.7791408225242784,4.091000000000004,0.022917754515023227,4.091000000000004,0.0,0.022917651,0.15
4.103122693898762,2.6389639177288826,0.15,743.335113772595,3.7782594787719526,4.092000000000003,0.022917754073776872,4.092000000000003,0.0,0.022917651,0.15
4.103032594013832,2.639600519169613,0.15,743.8844550142328,3.7773697162856283,4.0930000000000035,0.022917753632530513,4.0930000000000035,0.0,0.022917651,0.15
4.102941877251012,2.6402377063115354,0.15,744.4348801191276,3.7764769000877823,4.094000000000004,0.022917753191284158,4.094000000000004,0.0,0.022917651,0.15
4.102851022017951,2.6408752747667448,0.15,744.9859922960869,3.77558314862089,4.095000000000003,0.0229177527500378,4.095000000000003,0.0,0.022917651,0.15
4.1027600280901995,2.641513225153326,0.15,745.537792658812,3.774688460368938,4.096000000000004,0.022917752308791443,4.096000000000004,0.0,0.022917651,0.15
4.102667713260098,2.642151104581626,0.15,746.0937715856941,3.77378855981616,4.097000000000004,0.022917751867545084,4.097000000000004,0.0,0.022917651,0.15
4.102572422078086,2.6427882653034636,0.15,746.6587860890953,3.772877473622993,4.098000000000003,0.022917751426298726,4.098000000000003,0.0,0.022917651,0.15
4.102476968832291,2.6434257806170987,0.15,747.2245121512707,3.77196538469362,4.099000000000004,0.02291775098505237,4.099000000000004,0.0,0.022917651,0.15
4.102381353236973,2.6440636511477336,0.15,747.7909510268138,3.7710522912600557,4.100000000000003,0.02291775054380601,4.100000000000003,0.0,0.022917651,0.15
4.102307826728413,2.6446713185859942,0.15,748.3092543890081,3.7702551727106637,4.101000000000003,0.022917750313455276,4.1010000000000035,0.0,0.022917651,0.15
4.102231447087905,2.6452796150649833,0.15,748.8419994005658,3.769446013472467,4.102000000000003,0.022917750083104545,4.102000000000004,0.0,0.022917651,0.15
4.10215404666811,2.645888438514234,0.15,749.3798025900454,3.7686322444456613,4.103000000000003,0.02291774985275381,4.103000000000003,0.0,0.022917651,0.15
4.10207655259892,2.64649768303951,0.15,749.9179430616039,3.7678176797416225,4.104000000000004,0.02291774962240308,4.104000000000004,0.0,0.022917651,0.15
4.101998964752467,2.6471073492157395,0.15,750.4564212757607,3.7670023182739434,4.105000000000004,0.022917749392052347,4.105000000000004,0.0,0.022917651,0.15
4.101921283000654,2.6477174376189025,0.15,750.9952376938736,3.7661861589542434,4.106000000000004,0.022917749161701615,4.106000000000003,0.0,0.022917651,0.15
4.101842097506783,2.6483289462687702,0.15,751.5355913066043,3.765362561648223,4.107000000000004,0.02291774893135088,4.107000000000004,0.0,0.022917651,0.15
4.1017624306206955,2.648941015899825,0.15,752.0766098135609,3.7645364770833902,4.108000000000003,0.022917748701000152,4.108000000000003,0.0,0.022917651,0.15
4.101682661960448,2.649553361982834,0.15,752.6179703982758,3.763709709013394,4.1090000000000035,0.022917748470649413,4.1090000000000035,0.0,0.022917651,0.15
4.101602791388966,2.650165984890141,0.15,753.1596735214795,3.762882256517653,4.110000000000004,0.022917748240298682,4.110000000000004,0.0,0.022917651,0.15
4.101522818768925,2.650778884994754,0.15,753.7017196447289,3.7620541186739276,4.111000000000003,0.022917748009947954,4.111000000000003,0.0,0.022917651,0.15
4.1014410462288495,2.6513929559654126,0.15,754.2454517222073,3.761217612743246,4.1120000000000045,0.02291774777959722,4.112000000000004,0.0,0.022917651,0.15
4.1013589931751895,2.652007514287074,0.15,754.7896711015218,3.760379497640284,4.113000000000005,0.022917747549246487,4.113000000000004,0.0,0.022917651,0.15
4.101276839716566,2.65262247149007,0.15,755.334235851542,3.759540582009458,4.114000000000003,0.022917747318895756,4.114000000000003,0.0,0.022917651,0.15
4.101194585714363,2.653237828125079,0.15,755.8791464490728,3.7587008647455904,4.115000000000004,0.02291774708854502,4.115000000000004,0.0,0.022917651,0.15
4.101112041768729,2.653853528124507,0.15,756.4246869829841,3.757859643945691,4.116000000000004,0.022917746858194286,4.116000000000003,0.0,0.022917651,0.15
4.101027609231438,2.6544690284310124,0.15,756.9733329587026,3.757011065036202,4.117000000000003,0.022917746627843554,4.1170000000000035,0.0,0.022917651,0.15
4.100943048456997,2.6550848022929796,0.15,757.5225125197246,3.7561616997189833,4.118000000000004,0.022917746397492823,4.118000000000004,0.0,0.022917651,0.15
4.100858359247862,2.655700850131791,0.15,758.0722264879855,3.755311546782649,4.119000000000003,0.022917746167142088,4.119000000000003,0.0,0.022917651,0.15
4.100773541406096,2.6563171723697008,0.15,758.6224756871109,3.754460605013326,4.120000000000004,0.02291774593679136,4.120000000000004,0.0,0.022917651,0.15
4.100687813344366,2.6569339570377144,0.15,759.1750765767598,3.753605560566341,4.121000000000004,0.02291774570644062,4.121000000000004,0.0,0.022917651,0.15
4.100600552022755,2.6575513554049204,0.15,759.7316208171495,3.7527437703180633,4.122000000000003,0.022917745476089886,4.122000000000003,0.0,0.022917651,0.15
4.1005131075773145,2.6581690443840333,0.15,760.2890390302388,3.7518809569175633,4.123000000000005,0.022917745245739155,4.123000000000004,0.0,0.022917651,0.15
4.100425479643684,2.658787024553284,0.15,760.8473329549706,3.751017118329076,4.124000000000003,0.022917745015388423,4.124000000000003,0.0,0.022917651,0.15
4.100337667856534,2.6594052964924373,0.15,761.4065043349055,3.75015225251143,4.125000000000004,0.02291774478503769,4.1250000000000036,0.0,0.022917651,0.15
4.100248173791715,2.6600242439273822,0.15,761.967599159335,3.749279984826463,4.126000000000004,0.02291774455468696,4.126000000000004,0.0,0.022917651,0.15
4.100157899993293,2.6606436526157418,0.15,762.5299976806344,3.7484041380716517,4.127000000000003,0.022917744324336225,4.127000000000003,0.0,0.022917651,0.15
4.1000674469591125,2.661263372170958,0.15,763.0932841070604,3.7475272635176844,4.1280000000000046,0.022917744093985497,4.128000000000004,0.0,0.022917651,0.15
4.09997681434177,2.6618834031955685,0.15,763.6574601595955,3.7466493591724297,4.129000000000005,0.022917743863634762,4.129000000000004,0.0,0.022917651,0.15
4.099885800725394,2.662503955808539,0.15,764.2227405128399,3.7457694084269657,4.130000000000003,0.022917743633284023,4.1300000000000034,0.0,0.022917651,0.15
4.099793427696685,2.6631260893785416,0.15,764.7901521062944,3.7448824343099836,4.131000000000004,0.022917743402933295,4.131000000000004,0.0,0.022917651,0.15
4.099700857769259,2.6637486223880105,0.15,765.3584572184918,3.743994273226631,4.132000000000004,0.02291774317258256,4.132000000000003,0.0,0.022917651,0.15
4.099608090529678,2.6643715556756726,0.15,765.927657725601,3.743104922684573,4.133000000000004,0.02291774294223183,4.133000000000004,0.0,0.022917651,0.15
4.099515125563344,2.664994890082599,0.15,766.497755509045,3.7422143801844925,4.134000000000004,0.022917742711881094,4.134000000000004,0.0,0.022917651,0.15
4.099420760228784,2.665618405859614,0.15,767.0697698648336,3.7413180575280185,4.135000000000003,0.022917742481530362,4.135000000000003,0.0,0.022917651,0.15
4.0993255322642215,2.666242165433831,0.15,767.6432542321148,3.7404180419525566,4.136000000000005,0.02291774225117963,4.136000000000004,0.0,0.022917651,0.15
4.099230110234759,2.666866284211317,0.15,768.2176458475938,3.7395168908301057,4.137000000000004,0.0229177420208289,4.137000000000004,0.0,0.022917651,0.15
4.099134493746659,2.667490762920858,0.15,768.7929465519794,3.7386146018567668,4.1380000000000035,0.022917741790478167,4.1380000000000035,0.0,0.022917651,0.15
4.0990382206655624,2.6681154794191144,0.15,769.3697498673656,3.7377094492582703,4.139000000000004,0.02291774156012743,4.139000000000004,0.0,0.022917651,0.15
4.098940024099301,2.668740062282834,0.15,769.9496565528003,3.7367967386060332,4.140000000000003,0.022917741329776697,4.140000000000003,0.0,0.022917651,0.15
4.098841630376435,2.6693649487628752,0.15,770.5304401194053,3.7358829356554337,4.1410000000000045,0.02291774109942597,4.141000000000004,0.0,0.022917651,0.15
4.098743039102246,2.6699901394670933,0.15,771.1121023227414,3.7349680382196335,4.142000000000004,0.022917740869075234,4.142000000000004,0.0,0.022917651,0.15
4.098644249880962,2.670615635004968,0.15,771.6946449230601,3.734052044105954,4.1430000000000025,0.022917740638724503,4.143000000000003,0.0,0.022917651,0.15
4.098542045625407,2.6712416950159974,0.15,772.2922706631407,3.7331218162841764,4.144000000000004,0.02291774040837377,4.144000000000004,0.0,0.022917651,0.15
4.098439164117641,2.6718682573154076,0.15,772.8927191546928,3.732188375676575,4.145000000000005,0.022917740178023036,4.145000000000004,0.0,0.022917651,0.15
4.098336154366056,2.6724952906732606,0.15,773.4935528456105,3.731253951083695,4.1460000000000035,0.0229177399476723,4.1460000000000035,0.0,0.022917651,0.15
4.0982330161788525,2.6731227957940584,0.15,774.0947723119867,3.7303185410339186,4.147000000000004,0.02291773971732157,4.147000000000004,0.0,0.022917651,0.15
4.098128675848205,2.673751886378235,0.15,774.6978362113223,3.7293767425708824,4.148000000000004,0.022917739486970838,4.148000000000003,0.0,0.022917651,0.15
4.098023514347042,2.674382100088512,0.15,775.3022407842832,3.728430539776384,4.149000000000004,0.022917739256620107,4.149000000000004,0.0,0.022917651,0.15
4.097918228550008,2.6750126981870603,0.15,775.907043111924,3.7274834552254084,4.150000000000004,0.02291773902626937,4.150000000000004,0.0,0.022917651,0.15
4.0978128182813345,2.675643681217459,0.15,776.5122437567254,3.726535487671029,4.151000000000003,0.02291773879591864,4.151000000000003,0.0,0.022917651,0.15
4.097706380555936,2.6762746135115907,0.15,777.1184697979364,3.7255834600586493,4.152000000000005,0.022917738565567905,4.152000000000004,0.0,0.022917651,0.15
4.097598553197222,2.676905285033229,0.15,777.7259788325425,3.724626133767289,4.153000000000004,0.022917738335217173,4.153000000000004,0.0,0.022917651,0.15
4.097490609980632,2.6775362970404717,0.15,778.3338897388314,3.7236680038945176,4.1540000000000035,0.022917738104866442,4.1540000000000035,0.0,0.022917651,0.15
4.097382550753336,2.678167649982458,0.15,778.9422030469193,3.722709069380319,4.155000000000005,0.02291773787451571,4.155000000000004,0.0,0.022917651,0.15
4.097273898867409,2.678799534703316,0.15,779.5513511463549,3.721747232097679,4.156000000000003,0.022917737644164975,4.156000000000003,0.0,0.022917651,0.15
4.097163911441612,2.679432238144712,0.15,780.1619904221748,3.720779232184204,4.157000000000004,0.02291773741381424,4.157000000000004,0.0,0.022917651,0.15
4.097053776920479,2.6800652801266343,0.15,780.7730345299917,3.71981030514596,4.158000000000004,0.02291773718346351,4.158000000000004,0.0,0.022917651,0.15
4.09694349507782,2.680698661169656,0.15,781.3844840923134,3.7188404495573115,4.159000000000003,0.022917736953112777,4.159000000000003,0.0,0.022917651,0.15
4.096832334229047,2.6813324126378566,0.15,781.9998442259748,3.7178667077412006,4.160000000000004,0.022917736722762046,4.160000000000004,0.0,0.022917651,0.15
4.0967181387067395,2.681966622403054,0.15,782.6296051916265,3.7168803705636724,4.161000000000004,0.02291773649241131,4.161000000000004,0.0,0.022917651,0.15
4.096603737370983,2.6826011694501655,0.15,783.2603209862049,3.715892872935068,4.1620000000000035,0.02291773626206058,4.1620000000000035,0.0,0.022917651,0.15
4.096489129822736,2.6832360544331313,0.15,783.8919934609821,3.714904212605444,4.163000000000004,0.022917736031709844,4.163000000000004,0.0,0.022917651,0.15
4.096373824464625,2.6838709187291023,0.15,784.5253246202394,3.713912782671608,4.164000000000004,0.022917735801359113,4.164000000000003,0.0,0.022917651,0.15
4.096256494347694,2.684504753854464,0.15,785.1622302824352,3.7129142860863067,4.165000000000004,0.02291773557100838,4.165000000000004,0.0,0.022917651,0.15
4.096138940732154,2.68513885301883,0.15,785.800159304939,3.711914631471154,4.166000000000004,0.022917735340657646,4.166000000000004,0.0,0.022917651,0.15
4.096021163167265,2.685773216754703,0.15,786.4391137516167,3.7109138164906894,4.167000000000003,0.022917735110306914,4.167000000000003,0.0,0.022917651,0.15
4.095902678470952,2.686409430361579,0.15,787.079546729437,3.709908321876258,4.168000000000005,0.022917734879956183,4.168000000000004,0.0,0.022917651,0.15
4.095782760259919,2.687049992419525,0.15,787.7221372355482,3.7088927416755624,4.169000000000004,0.022917734649605448,4.169000000000004,0.0,0.022917651,0.15
4.095662609862381,2.687691022115863,0.15,788.3657637803983,3.7078757651184193,4.1700000000000035,0.022917734419254716,4.1700000000000035,0.0,0.022917651,0.15
4.095542226784983,2.688332520444242,0.15,789.0104285653864,3.7068573892378183,4.171000000000004,0.02291773418890398,4.171000000000004,0.0,0.022917651,0.15
4.09542099231517,2.688974800863353,0.15,789.6567850861888,3.7058348245722263,4.172000000000003,0.02291773395855325,4.172000000000003,0.0,0.022917651,0.15
4.095298659522948,2.6896179711469763,0.15,790.3051008509811,3.7048069750738466,4.173000000000004,0.02291773372820252,4.173000000000004,0.0,0.022917651,0.15
4.095176098143794,2.690261585064737,0.15,790.954463611799,3.703777767498305,4.174000000000004,0.022917733497851787,4.174000000000004,0.0,0.022917651,0.15
4.095053307704926,2.6909056435341983,0.15,791.6048755341319,3.702747199036706,4.175000000000003,0.02291773326750105,4.175000000000003,0.0,0.022917651,0.15
4.094929088936014,2.6915497947100473,0.15,792.2573090303654,3.7017108259619014,4.176000000000004,0.02291773303715032,4.176000000000004,0.0,0.022917651,0.15
4.094803824435397,2.692194115423395,0.15,792.911462830341,3.7006701015448638,4.177000000000004,0.022917732806799585,4.177000000000004,0.0,0.022917651,0.15
4.094678336241517,2.6928388391308604,0.15,793.5666750547001,3.699628079496364,4.1780000000000035,0.022917732576448854,4.1780000000000035,0.0,0.022917651,0.15
4.09455262390815,2.6934839666363453,0.15,794.2229478148122,3.6985847572278545,4.179000000000004,0.022917732346098122,4.179000000000004,0.0,0.022917651,0.15
4.094424729062147,2.6941254730480835,0.15,794.8860554668677,3.697536327051522,4.180000000000003,0.022917732115747387,4.180000000000003,0.0,0.022917651,0.15
4.094296229780559,2.6947665013322557,0.15,795.5509711456386,3.696485957354492,4.1810000000000045,0.022917731885396656,4.181000000000004,0.0,0.022917651,0.15
4.094167542826121,2.695407899827353,0.15,796.2164303406497,3.6954344666336163,4.182000000000004,0.022917731655045924,4.182000000000004,0.0,0.022917651,0.15
4.094038459944769,2.6960507782590035,0.15,796.8828565183238,3.6943799116004823,4.183000000000003,0.022917731424695192,4.183000000000003,0.0,0.022917651,0.15
4.0939075511025855,2.696702928555621,0.15,797.5531398530069,3.693308776432461,4.184000000000005,0.022917731194344457,4.184000000000004,0.0,0.022917651,0.15
4.093776482592243,2.6973555943093475,0.15,798.2238817167074,3.6922364870854394,4.185000000000004,0.022917730963993726,4.185000000000004,0.0,0.022917651,0.15
4.093645254165492,2.6980087763215983,0.15,798.8950828223302,3.6911630417649404,4.1860000000000035,0.02291773073364299,4.1860000000000035,0.0,0.022917651,0.15
4.0935130913239,2.69865908598998,0.15,799.5674747388971,3.6900887326015797,4.187000000000005,0.02291773050329226,4.187000000000004,0.0,0.022917651,0.15
4.093379825964179,2.6993056483606956,0.15,800.2412162475849,3.689013762554142,4.188000000000003,0.022917730272941528,4.188000000000003,0.0,0.022917651,0.15
4.093246397902177,2.6999525259717903,0.15,800.9154205293189,3.687937826533389,4.189000000000004,0.022917730042590796,4.189000000000004,0.0,0.022917651,0.15
4.093112806893999,2.700599719295808,0.15,801.5900882777947,3.6868609230913263,4.190000000000004,0.02291772981224006,4.190000000000004,0.0,0.022917651,0.15
4.092977705756471,2.701255276674726,0.15,802.2665144245044,3.6857696143249066,4.191000000000003,0.022917729581889326,4.191000000000003,0.0,0.022917651,0.15
4.092842156168691,2.701913025444137,0.15,802.9436788524084,3.6846743201256946,4.192000000000004,0.022917729351538595,4.192000000000004,0.0,0.022917651,0.15
4.092706439873464,2.7025712977452656,0.15,803.6213112834673,3.68357783548351,4.193000000000005,0.022917729121187863,4.193000000000004,0.0,0.022917651,0.15
4.0925694180058585,2.7032277330920653,0.15,804.3066969418561,3.682477966995876,4.1940000000000035,0.02291772889083713,4.1940000000000035,0.0,0.022917651,0.15
4.092428737781192,2.703877402208082,0.15,805.0149952609552,3.6813702361061305,4.195000000000004,0.022917728660486397,4.195000000000004,0.0,0.022917651,0.15
4.092287818046295,2.7045273659481706,0.15,805.7243974171415,3.680261252663717,4.196000000000003,0.02291772843013566,4.196000000000003,0.0,0.022917651,0.15
4.092146658334044,2.705177624886948,0.15,806.4349055632665,3.679151014225737,4.1970000000000045,0.02291772819978493,4.197000000000004,0.0,0.022917651,0.15
4.092003748185226,2.7058309320292135,0.15,807.1495378914325,3.6780307220007873,4.198000000000004,0.0229177279694342,4.198000000000004,0.0,0.022917651,0.15
4.091860089839376,2.706485513367815,0.15,807.8663455777755,3.676906161460245,4.199000000000003,0.022917727739083463,4.199000000000003,0.0,0.022917651,0.15
4.09171619147968,2.707140450072555,0.15,808.5843223808541,3.6757802854807164,4.200000000000004,0.022917727508732732,4.200000000000004,0.0,0.022917651,0.15
4.091579913369868,2.7077601570419296,0.15,809.2515077293465,3.674717655937769,4.201000000000004,0.02291772738998661,4.201000000000004,0.0,0.022917651,0.15
4.091441919884518,2.7083844023643175,0.15,809.9206326836737,3.6736436230894385,4.202000000000003,0.02291772727124049,4.2020000000000035,0.0,0.022917651,0.15
4.091303790873547,2.7090089493678113,0.15,810.5905239593953,3.672568746536758,4.203000000000005,0.022917727152494367,4.203000000000004,0.0,0.022917651,0.15
4.091165526136975,2.7096337984975674,0.15,811.2611826872813,3.671493025034772,4.204000000000003,0.022917727033748246,4.204000000000003,0.0,0.022917651,0.15
4.091027025617482,2.710257755047079,0.15,811.9339684020364,3.670417263794058,4.205000000000004,0.022917726915002122,4.205000000000004,0.0,0.022917651,0.15
4.090888331040372,2.7108818201760694,0.15,812.607795663167,3.669340619820642,4.206000000000005,0.022917726796256,4.206000000000004,0.0,0.022917651,0.15
4.090749458917724,2.7115062417811515,0.15,813.282389428851,3.6682629090684693,4.207000000000003,0.02291772667750988,4.207000000000003,0.0,0.022917651,0.15
4.090609596615984,2.7121303681946842,0.15,813.9584904572624,3.6671815279876157,4.208000000000005,0.022917726558763757,4.208000000000004,0.0,0.022917651,0.15
4.09046829872336,2.712753873478845,0.15,814.6365153181708,3.6660950184287313,4.209000000000004,0.022917726440017633,4.209000000000004,0.0,0.022917651,0.15
4.090326838343305,2.7133777943601736,0.15,815.315310629304,3.665007443475776,4.2100000000000035,0.022917726321271516,4.2100000000000035,0.0,0.022917651,0.15
4.0901852152056435,2.7140021315297,0.15,815.9948776717207,3.663918801357272,4.211000000000004,0.02291772620252539,4.211000000000004,0.0,0.022917651,0.15
4.0900422693581735,2.7146345724391865,0.15,816.6780559035806,3.6628167728201464,4.212000000000002,0.022917726083779268,4.212000000000003,0.0,0.022917651,0.15
4.089899158543468,2.7152673599684025,0.15,817.3620093709857,3.6617137378196705,4.213000000000004,0.022917725965033147,4.213000000000004,0.0,0.022917651,0.15
4.089755892115072,2.715900430608091,0.15,818.0467157531019,3.660609797212355,4.214000000000004,0.022917725846287023,4.214000000000004,0.0,0.022917651,0.15
4.089611667224167,2.716530812478663,0.15,818.7333408196246,3.659504704521187,4.215000000000003,0.022917725727540902,4.215000000000003,0.0,0.022917651,0.15
4.089466795208608,2.7171598195265543,0.15,819.4214327681759,3.6583983940083664,4.216000000000005,0.02291772560879478,4.216000000000004,0.0,0.022917651,0.15
4.08932175002446,2.7177892453145835,0.15,820.1103045764845,3.657290972084131,4.217000000000003,0.022917725490048658,4.217000000000004,0.0,0.022917651,0.15
4.089176283270698,2.718421141448464,0.15,820.800448883771,3.6561793955627557,4.2180000000000035,0.022917725371302537,4.2180000000000035,0.0,0.022917651,0.15
4.089030030129107,2.71905841942121,0.15,821.4925917764458,3.655059296670302,4.219000000000005,0.022917725252556413,4.219000000000004,0.0,0.022917651,0.15
4.088883599097971,2.7196959908222538,0.15,822.1855306441731,3.6539381928537993,4.220000000000003,0.02291772513381029,4.220000000000003,0.0,0.022917651,0.15
4.08873698987573,2.720333856149013,0.15,822.8792668362862,3.6528160824097045,4.221000000000004,0.02291772501506417,4.221000000000004,0.0,0.022917651,0.15
4.08858857583335,2.7209680106821854,0.15,823.5816112427494,3.6516904646124804,4.222000000000003,0.022917724896318048,4.222000000000004,0.0,0.022917651,0.15
4.088439961758294,2.7216025150153884,0.15,824.2847671803198,3.6505636969528297,4.223000000000003,0.022917724777571924,4.223000000000003,0.0,0.022917651,0.15
4.088291181006569,2.7222374537840044,0.15,824.9885733054313,3.6494358281972215,4.224000000000005,0.022917724658825803,4.224000000000004,0.0,0.022917651,0.15
4.088140366255063,2.722874487064784,0.15,825.7081410714186,3.648297731877267,4.225000000000004,0.022917724540079683,4.225000000000004,0.0,0.022917651,0.15
4.087988628931212,2.7235126472573796,0.15,826.4343383639064,3.6471548195008623,4.226000000000004,0.022917724421333562,4.2260000000000035,0.0,0.022917651,0.15
4.08783676683006,2.72415122919713,0.15,827.1606835001655,3.6460109861598076,4.227000000000004,0.022917724302587435,4.227000000000004,0.0,0.022917651,0.15
4.087684169251948,2.7247922829028393,0.15,827.8921920524893,3.6448617343804206,4.228000000000004,0.022917724183841318,4.228000000000003,0.0,0.022917651,0.15
4.087530711358816,2.725435926195894,0.15,828.629941099402,3.6437064465028355,4.2290000000000045,0.02291772406509519,4.229000000000004,0.0,0.022917651,0.15
4.087377058201308,2.7260798178895014,0.15,829.368484934443,3.642550129157469,4.230000000000004,0.02291772394634907,4.230000000000004,0.0,0.022917651,0.15
4.087223026835125,2.7267253799430735,0.15,830.1085396923846,3.641390628916483,4.231000000000004,0.02291772382760295,4.231000000000003,0.0,0.022917651,0.15
4.08706830606802,2.727375030912081,0.15,830.8513530191105,3.640224282979613,4.232000000000004,0.022917723708856825,4.232000000000004,0.0,0.022917651,0.15
4.086913386242747,2.728024950299479,0.15,831.5950226689579,3.639056872384361,4.233000000000004,0.022917723590110704,4.233000000000004,0.0,0.022917651,0.15
4.086758225399231,2.7286751545354857,0.15,832.3398093352487,3.6378882137662156,4.234000000000004,0.022917723471364584,4.2340000000000035,0.0,0.022917651,0.15
4.086602452352717,2.729325822142769,0.15,833.0879616055718,3.6367166517942513,4.235000000000004,0.02291772335261846,4.235000000000004,0.0,0.022917651,0.15
4.086446464942405,2.729976830738639,0.15,833.8369483008095,3.6355438914169986,4.236000000000003,0.02291772323387234,4.236000000000003,0.0,0.022917651,0.15
4.086290262766426,2.7306281809623503,0.15,834.5867709852685,3.634369930387792,4.237000000000004,0.022917723115126215,4.237000000000004,0.0,0.022917651,0.15
4.086133917529873,2.7312806125656865,0.15,835.3394422696664,3.6331943103639976,4.238000000000004,0.022917722996380094,4.238000000000004,0.0,0.022917651,0.15
4.0859773487815145,2.731933504897972,0.15,836.0931018759134,3.6320173351115637,4.239000000000004,0.022917722877633974,4.239000000000003,0.0,0.022917651,0.15
4.085820550479262,2.7325868083169738,0.15,836.8476083067567,3.6308390304863662,4.240000000000004,0.02291772275888785,4.240000000000004,0.0,0.022917651,0.15
4.085663354559649,2.7332463883722613,0.15,837.604776516158,3.6296528566473207,4.241000000000004,0.022917722640141726,4.241000000000004,0.0,0.022917651,0.15
4.085505891043788,2.7339078512900046,0.15,838.3633165965015,3.628463729121721,4.2420000000000035,0.022917722521395602,4.2420000000000035,0.0,0.022917651,0.15
4.085348206187303,2.7345695849238787,0.15,839.1227396436625,3.6272734456559688,4.243000000000004,0.022917722402649485,4.243000000000004,0.0,0.022917651,0.15
4.0851912646531074,2.7352309537463952,0.15,839.8842141565927,3.626086500914904,4.244000000000003,0.02291772228390336,4.244000000000003,0.0,0.022917651,0.15
4.085034571035268,2.735892379235356,0.15,840.6471792616203,3.624900491411354,4.245000000000004,0.022917722165157244,4.245000000000004,0.0,0.022917651,0.15
4.084877616690141,2.7365542166400414,0.15,841.4110299246893,3.6237130270375806,4.246000000000004,0.02291772204641112,4.246000000000004,0.0,0.022917651,0.15
4.084720438298077,2.7372200901739183,0.15,842.1820399686926,3.6225206287444247,4.247000000000003,0.022917721927664995,4.247000000000003,0.0,0.022917651,0.15
4.084563043805695,2.7378895731890687,0.15,842.9593407568187,3.6213237551068804,4.248000000000004,0.02291772180891887,4.248000000000004,0.0,0.022917651,0.15
4.084405402738523,2.7385593599098583,0.15,843.7371694507151,3.6201255914100043,4.249000000000004,0.022917721690172747,4.249000000000004,0.0,0.022917651,0.15
4.084248109718804,2.7392306885688695,0.15,844.5200545113563,3.6189272830213626,4.2500000000000036,0.02291772157142663,4.2500000000000036,0.0,0.022917651,0.15
4.084091428124455,2.739904106952856,0.15,845.3097715298957,3.6177293379385125,4.251000000000004,0.022917721452680506,4.251000000000004,0.0,0.022917651,0.15
4.0839344954628425,2.7405778224387585,0.15,846.0996657433701,3.6165300914133276,4.252000000000004,0.022917721333934386,4.252000000000003,0.0,0.022917651,0.15
4.083777503831551,2.7412530413698817,0.15,846.8948196947641,3.61532910196839,4.253000000000004,0.02291772121518826,4.253000000000004,0.0,0.022917651,0.15
4.083620703864499,2.7419314659150373,0.15,847.7029290313642,3.6141256649581144,4.254000000000004,0.02291772109644214,4.254000000000004,0.0,0.022917651,0.15
4.083463608963552,2.7426101257780924,0.15,848.511760710689,3.612920812948516,4.255000000000004,0.022917720977696017,4.2550000000000034,0.0,0.022917651,0.15
4.083306684646304,2.743290370664508,0.15,849.3226809090052,3.6117150589548164,4.256000000000004,0.0229177208589499,4.256000000000004,0.0,0.022917651,0.15
4.083151568375551,2.743976999794961,0.15,850.1406441781314,3.6105101559258825,4.257000000000004,0.022917720740203776,4.257000000000004,0.0,0.022917651,0.15
4.0829961348781065,2.744663905585374,0.15,850.959544019614,3.6093037074136065,4.258000000000004,0.022917720621457652,4.258000000000004,0.0,0.022917651,0.15
4.082840581729258,2.7453515265778368,0.15,851.7795586722866,3.6080960651187257,4.259000000000004,0.02291772050271153,4.259000000000004,0.0,0.022917651,0.15
4.082687795276399,2.7460462588105563,0.15,852.6032803544517,3.606892377433885,4.260000000000004,0.02291772038396541,4.260000000000003,0.0,0.022917651,0.15
4.0825346545248715,2.7467412343948454,0.15,853.4279690900353,3.6056870290942444,4.261000000000004,0.022917720265219287,4.261000000000004,0.0,0.022917651,0.15
4.082381158535618,2.747436453975695,0.15,854.2536274421661,3.6044800156983174,4.262000000000004,0.022917720146473163,4.262000000000004,0.0,0.022917651,0.15
4.082231267241563,2.7481372832994087,0.15,855.0831501599406,3.603281816605107,4.2630000000000035,0.022917720027727042,4.2630000000000035,0.0,0.022917651,0.15
4.082081324401603,2.74883886261315,0.15,855.9138369988331,3.6020826617761945,4.264000000000004,0.02291771990898092,4.264000000000004,0.0,0.022917651,0.15
4.081930989867288,2.7495407372597938,0.15,856.7454416727358,3.6008816448202983,4.265000000000005,0.022917719790234797,4.265000000000004,0.0,0.022917651,0.15
4.081784543466748,2.750251171061198,0.15,857.5816399028566,3.5996876169701717,4.266000000000004,0.022917719671488677,4.266000000000004,0.0,0.022917651,0.15
4.081639053361161,2.7509644479436206,0.15,858.4198522834616,3.5984945698616175,4.267000000000004,0.022917719552742556,4.267000000000004,0.0,0.022917651,0.15
4.081493107305259,2.751677836731541,0.15,859.258861391915,3.5972995870927784,4.268000000000004,0.022917719433996432,4.268000000000003,0.0,0.022917651,0.15
4.081350974170493,2.752396704073401,0.15,860.1083244451969,3.596114378895328,4.269000000000004,0.022917719315250308,4.269000000000004,0.0,0.022917651,0.15
4.081211872842905,2.753120139612622,0.15,860.9660957198824,3.594936730934322,4.270000000000005,0.02291771919650419,4.270000000000004,0.0,0.022917651,0.15
4.081072193266669,2.7538436300976055,0.15,861.8239047683197,3.5937567150657936,4.2710000000000035,0.022917719077758063,4.2710000000000035,0.0,0.022917651,0.15
4.080934781229991,2.7545711864930436,0.15,862.686007747666,3.592581703183149,4.272000000000004,0.022917718959011943,4.272000000000004,0.0,0.022917651,0.15
4.080804387548819,2.7553095192302433,0.15,863.5594397333435,3.591423987682285,4.273000000000004,0.022917718840265822,4.273000000000004,0.0,0.022917651,0.15
4.080673258389557,2.7560477225102646,0.15,864.4325782744181,3.590263459862533,4.274000000000004,0.0229177187215197,4.274000000000004,0.0,0.022917651,0.15
4.08054139041793,2.7567857957462185,0.15,865.3054220405668,3.589100106974304,4.275000000000004,0.022917718602773578,4.275000000000004,0.0,0.022917651,0.15
4.080420910052942,2.7575396076035457,0.15,866.2181327893829,3.587966563720824,4.276000000000003,0.022917718484027454,4.276000000000003,0.0,0.022917651,0.15
4.0803007830038105,2.758294724129952,0.15,867.1349279548612,3.586833128583971,4.277000000000004,0.022917718365281333,4.277000000000004,0.0,0.022917651,0.15
4.08017984795504,2.75904962947533,0.15,868.0520084574658,3.585696672352575,4.278000000000004,0.022917718246535213,4.278000000000004,0.0,0.022917651,0.15
4.080065401935813,2.7598144503734576,0.15,868.9829665057769,3.5845762586382484,4.2790000000000035,0.022917718127789092,4.2790000000000035,0.0,0.022917651,0.15
4.079959012633132,2.760591289055508,0.15,869.9300339814819,3.5834760567190247,4.280000000000004,0.022917718009042968,4.280000000000004,0.0,0.022917651,0.15
4.07985185324763,2.761367874951896,0.15,870.8765206972157,3.582373027378624,4.281000000000004,0.022917717890296844,4.281000000000004,0.0,0.022917651,0.15
4.079743920742524,2.762144207065774,0.15,871.8224243627826,3.5812671594672634,4.282000000000004,0.022917717771550723,4.282000000000004,0.0,0.022917651,0.15
4.079651138991716,2.7629407552954346,0.15,872.8096434910342,3.580201675134856,4.283000000000005,0.0229177176528046,4.283000000000004,0.0,0.022917651,0.15
4.079560171449163,2.763740539766294,0.15,873.8021860626264,3.57914021077006,4.284000000000003,0.022917717534058482,4.284000000000003,0.0,0.022917651,0.15
4.079468313523275,2.764540101603616,0.15,874.7928685491554,3.5780754074507453,4.285000000000004,0.022917717415312355,4.285000000000004,0.0,0.022917651,0.15
4.079378457282639,2.76534294886102,0.15,875.794429675506,3.5770153257893957,4.286000000000005,0.022917717296566237,4.286000000000004,0.0,0.022917651,0.15
4.079307700222657,2.7661698619134865,0.15,876.8824275075178,3.57600757790542,4.2870000000000035,0.02291771717782011,4.2870000000000035,0.0,0.022917651,0.15
4.079235261709485,2.7669957269874392,0.15,877.9656711494548,3.5749941523826196,4.288000000000004,0.022917717059073993,4.288000000000004,0.0,0.022917651,0.15
4.07916112444474,2.7678205333015264,0.15,879.044111691357,3.573974990810816,4.289000000000004,0.02291771694032787,4.289000000000004,0.0,0.022917651,0.15
4.079091678564422,2.7686516651530315,0.15,880.143649368429,3.5729682680910577,4.290000000000004,0.022917716821581745,4.290000000000004,0.0,0.022917651,0.15
4.079047638507398,2.7695132475027093,0.15,881.3492100853983,3.57203271219848,4.291000000000005,0.022917716702835624,4.291000000000004,0.0,0.022917651,0.15
4.079000433342274,2.7703724640915426,0.15,882.5458264270883,3.5710868613498783,4.292000000000003,0.0229177165840895,4.292000000000003,0.0,0.022917651,0.15
4.078950020489138,2.771229283093169,0.15,883.7333780656394,3.5701305770481513,4.293000000000005,0.02291771646534338,4.293000000000004,0.0,0.022917651,0.15
4.078896356600878,2.772083672107775,0.15,884.9117425051211,3.5691637183007563,4.294000000000004,0.02291771634659726,4.294000000000004,0.0,0.022917651,0.15
4.07889334472147,2.7729948098853967,0.15,886.2947891721052,3.56834272563357,4.2950000000000035,0.02291771622785114,4.2950000000000035,0.0,0.022917651,0.15
4.078890883531702,2.773907471234415,0.15,887.6840216908647,3.5675224126786267,4.296000000000005,0.022917716109105014,4.296000000000004,0.0,0.022917651,0.15
4.078885168520848,2.7748174697971653,0.15,889.064345784929,3.5666917472591937,4.297000000000004,0.022917715990358894,4.297000000000004,0.0,0.022917651,0.15
4.078876208351636,2.7757248126628498,0.15,890.4357851714226,3.5658507569369022,4.2980000000000045,0.02291771587161277,4.298000000000004,0.0,0.022917651,0.15
4.078864011656074,2.7766295068955307,0.15,891.7983634833569,3.5649994691756297,4.299000000000004,0.022917715752866646,4.299000000000004,0.0,0.022917651,0.15
4.078934454848657,2.7776181458672653,0.15,893.43905345557,3.564394797993162,4.300000000000003,0.022917715634120525,4.300000000000003,0.0,0.022917651,0.15
4.0790146779109575,2.778543578148453,0.15,894.8448589767074,3.5638901033552295,4.301000000000004,0.022917715573511434,4.301000000000004,0.0,0.022917651,0.15
4.079093248789309,2.7794678992863573,0.15,896.2464854420814,3.5633799110241404,4.302000000000004,0.022917715512902344,4.302000000000004,0.0,0.022917651,0.15
4.079170156945331,2.7803911021935988,0.15,897.6439061957623,3.562864185933098,4.303000000000004,0.02291771545229325,4.3030000000000035,0.0,0.022917651,0.15
4.079245391750823,2.7813131797223942,0.15,899.0370943546468,3.5623428927164387,4.304000000000004,0.022917715391684156,4.304000000000004,0.0,0.022917651,0.15
4.079318942486809,2.7822341246639133,0.15,900.4260228060202,3.5618159957064432,4.305000000000004,0.02291771533107507,4.305000000000004,0.0,0.022917651,0.15
4.0794732257287105,2.7832431185355824,0.15,902.0759776493494,3.5615239730599106,4.306000000000004,0.022917715270465974,4.306000000000004,0.0,0.022917651,0.15
4.079648961790649,2.7842763514316156,0.15,903.7973837570293,3.561293520828572,4.307000000000004,0.022917715209856884,4.307000000000004,0.0,0.022917651,0.15
4.079820580942562,2.78530618805089,0.15,905.5080729839489,3.561049997466669,4.308000000000003,0.022917715149247793,4.308000000000003,0.0,0.022917651,0.15
4.079988133662417,2.7863326700355957,0.15,907.2081767311752,3.560793563241023,4.309000000000004,0.0229177150886387,4.309000000000004,0.0,0.022917651,0.15
4.0801978922505295,2.787401851016677,0.15,909.0427343237659,3.5606632587690505,4.310000000000004,0.02291771502802961,4.310000000000004,0.0,0.022917651,0.15
4.08046969041806,2.7885337299131043,0.15,911.0746775995003,3.5607184218630303,4.311000000000004,0.022917714967420514,4.3110000000000035,0.0,0.022917651,0.15
4.080736454887275,2.789661628613085,0.15,913.093993615566,3.5607574300753635,4.312000000000004,0.022917714906811427,4.312000000000004,0.0,0.022917651,0.15
4.081042377685897,2.7908291406599517,0.15,915.2314549467054,3.5609134529773225,4.313000000000004,0.022917714846202333,4.313000000000004,0.0,0.022917651,0.15
4.0814081833889055,2.7920565362817924,0.15,917.5485367992549,3.561249116665953,4.314000000000004,0.022917714785593242,4.314000000000004,0.0,0.022917651,0.15
4.08178700810901,2.79329751519175,0.15,919.905832257018,3.5616232735847406,4.315000000000005,0.022917714724984148,4.315000000000004,0.0,0.022917651,0.15
4.082242356789327,2.7946147965347214,0.15,922.4885238069903,3.5622272258572387,4.316000000000003,0.02291771466437506,4.316000000000003,0.0,0.022917651,0.15
4.082730144321986,2.7959657514313485,0.15,925.1681102814505,3.562927266912879,4.317000000000004,0.022917714603765967,4.317000000000004,0.0,0.022917651,0.15
4.083272683612255,2.797373023684561,0.15,928.0097594679517,3.5637900085411873,4.318000000000004,0.022917714543156872,4.318000000000004,0.0,0.022917651,0.15
4.083893648694866,2.798859715988422,0.15,931.0848752371492,3.564887008015971,4.3190000000000035,0.022917714482547785,4.3190000000000035,0.0,0.022917651,0.15
4.084578893403118,2.800415099955848,0.15,934.3503905987509,3.5661724443172136,4.320000000000004,0.02291771442193869,4.320000000000004,0.0,0.022917651,0.15
4.085345328889611,2.8020631517978796,0.15,937.8688652974847,3.567689980330665,4.321000000000004,0.022917714361329604,4.321000000000004,0.0,0.022917651,0.15
4.086215502667739,2.803831033768786,0.15,941.7248092821229,3.5695026264814325,4.322000000000004,0.022917714300720506,4.322000000000004,0.0,0.022917651,0.15
4.087218776068985,2.8057623335641915,0.15,945.966624959766,3.571684259390242,4.323000000000004,0.022917714240111416,4.323000000000004,0.0,0.022917651,0.15
4.088406504882734,2.807896224373168,0.15,950.6658755887355,3.574401140072608,4.324000000000003,0.02291771417950233,4.324000000000003,0.0,0.022917651,0.15
4.089760395898079,2.8101774123133705,0.15,955.8650241142437,3.5776353487789376,4.325000000000004,0.022917714118893227,4.325000000000004,0.0,0.022917651,0.15
4.091335556016044,2.812709627624816,0.15,961.7260546409931,3.5815036184892244,4.326000000000004,0.02291771405828414,4.326000000000004,0.0,0.022917651,0.15
4.093191087286654,2.8155686741226855,0.15,968.3840988708249,3.5861665464820955,4.3270000000000035,0.02291771399767505,4.3270000000000035,0.0,0.022917651,0.15
4.095116361028304,2.8180419416669724,0.15,975.9952854100751,3.591494202209009,4.328000000000005,0.022917713937065962,4.328000000000004,0.0,0.022917651,0.15
4.097604257303498,2.822102080205783,0.15,984.9473402432347,3.5974855030014767,4.329000000000004,0.02291771387645686,4.329000000000004,0.0,0.022917651,0.15
4.100794028553538,2.8266997376699017,0.15,996.0110159226915,3.6057467602477167,4.330000000000004,0.02291771381584777,4.330000000000004,0.0,0.022917651,0.15
4.104894976472553,2.832598453075001,0.15,1010.1795308308499,3.6163516921675654,4.331000000000004,0.022917713755238683,4.331000000000004,0.0,0.022917651,0.15
4.110493295265146,2.840970797311862,0.15,1029.954317712354,3.630472455220348,4.332000000000004,0.022917713694629593,4.332000000000003,0.0,0.022917651,0.15
4.118982218465809,2.8546505230419106,0.15,1051.4657657435582,3.650848271162725,4.333000000000004,0.022917713634020502,4.333000000000004,0.0,0.022917651,0.15
4.1331085060167005,2.8821635707298925,0.15,1056.7285720419793,3.6799402120775984,4.334000000000004,0.022917713573411408,4.334000000000004,0.0,0.022917651,0.15
4.102635459235375,2.8519082220953336,0.15,1063.530215553529,3.588403216433836,4.335000000000003,0.022917717074426747,4.3350000000000035,0.0,0.022917651,0.15
4.074077284016622,2.8853876000493734,0.15,1070.4535892052631,3.4407909957170206,4.336000000000004,0.022917716959023435,4.336000000000004,0.0,0.022917651,0.15
4.051573055149529,2.895307050454343,0.15,1077.2961865410828,3.3409544558982076,4.337000000000004,0.022917716843620116,4.337000000000004,0.0,0.022917651,0.15
4.03011536925582,2.8966408173160043,0.15,1084.1343050969795,3.2538897857135,4.3380000000000045,0.022917716728216804,4.338000000000004,0.0,0.022917651,0.15
4.007120124789379,2.8930040766393135,0.15,1090.9491097725227,3.1656453921021073,4.339000000000003,0.022917716612813485,4.339000000000004,0.0,0.022917651,0.15
3.9804088371556463,2.884353272467,0.15,1097.715387172385,3.06755089266995,4.340000000000003,0.022917716497410173,4.340000000000003,0.0,0.022917651,0.15
3.947273664650416,2.868608126036447,0.15,1104.513704937054,2.950855205739545,4.341000000000004,0.022917716382006865,4.341000000000004,0.0,0.022917651,0.15
3.903246920154922,2.840851802590388,0.15,1113.0279130459417,2.8026043805026877,4.342000000000004,0.02291771626660355,4.342000000000004,0.0,0.022917651,0.15
3.8395906959241124,2.7906730591184026,0.15,1125.2915654822218,2.598258070670788,4.343000000000003,0.022917716151200234,4.3430000000000035,0.0,0.022917651,0.15
3.7425914402165037,2.6940088587810953,0.15,1144.385236074839,2.3070250929629217,4.344000000000004,0.02291771603579692,4.344000000000004,0.0,0.022917651,0.15
3.6843356238038836,2.566538535124439,0.15,1156.6731159902326,2.2015719930897233,4.345000000000004,0.022926153489667256,4.345000000000004,0.0,0.022917651,0.15
3.6504816556432202,2.7603792286468103,0.15,1164.416469665219,1.872415265580544,4.346000000000004,0.022997875433719315,4.346000000000004,0.0,0.022917651,0.15
3.639067797593254,2.8653035274668293,0.15,1169.8123233291033,1.7219353764498755,4.347000000000004,0.023125561073351834,4.347000000000004,0.0,0.022917651,0.15
3.630126868609404,2.954517646988616,0.15,1176.3470129185293,1.5970573792477734,4.348000000000004,0.0233707691508948,4.348000000000003,0.0,0.022917651,0.15
3.621897918289693,3.0424169063580244,0.15,1184.4438010679864,1.476342161528754,4.349000000000004,0.027162403311452674,4.349000000000004,0.0,0.022917651,0.15
3.6155187185708426,3.1149044415931986,0.15,1194.531430152474,1.3784376727057428,4.350000000000004,0.03238732653474501,4.350000000000004,0.0,0.022917651,0.15
3.6151433245806417,3.119554600836437,0.15,1205.750017880715,1.3723857738682737,4.3510000000000035,0.03267381235534886,4.3510000000000035,0.0,0.022917651,0.15
3.6151365070515347,3.12003142606277,0.15,1216.8636710345136,1.3719815284695764,4.352000000000004,0.032902246915298416,4.352000000000004,0.0,0.022917651,0.15
3.6150999076768615,3.120609132888629,0.15,1227.8015023444095,1.371357268240378,4.353000000000003,0.033121868813687706,4.353000000000004,0.0,0.022917651,0.15
3.615052456902751,3.1214373963023854,0.15,1238.6560479799407,1.3704390428915667,4.354000000000004,0.03329764045223018,4.354000000000004,0.0,0.022917651,0.15
3.6150411407151,3.121990862533913,0.15,1249.5688964527849,1.3699401510500195,4.355000000000004,0.033404030842383296,4.355000000000004,0.0,0.022917651,0.15
3.6151972767926863,3.1205058236817433,0.15,1260.8961986093736,1.3721495716780616,4.356000000000004,0.03340126645844307,4.356000000000003,0.0,0.022917651,0.15
3.615361433688116,3.1189188036169733,0.15,1272.250982583175,1.3744930579076446,4.357000000000004,0.03339850207325266,4.357000000000004,0.0,0.022917651,0.15
3.6155993152451926,3.116402507654092,0.15,1283.5856989030583,1.3780607268053857,4.358000000000004,0.03339573768149566,4.358000000000004,0.0,0.022917651,0.15
3.6158356615276737,3.1139036243113964,0.15,1294.9545849999643,1.381604842130399,4.3590000000000035,0.033392973279228536,4.3590000000000035,0.0,0.022917651,0.15
3.6160783545050914,3.1113723252300867,0.15,1306.1825921256807,1.385206756574677,4.360000000000004,0.03339020910729757,4.360000000000004,0.0,0.022917651,0.15
3.616322106178596,3.1088482520778076,0.15,1317.3872679441056,1.388805678541603,4.361000000000004,0.03338744498494525,4.361000000000004,0.0,0.022917651,0.15
3.616576078867217,3.1062079730539143,0.15,1328.508512808751,1.3925616913822587,4.362000000000004,0.03338468104603759,4.362000000000004,0.0,0.022917651,0.15
3.61684528029886,3.1033928559083,0.15,1339.4967730914482,1.396553458987838,4.363000000000004,0.033381917386456274,4.363000000000004,0.0,0.022917651,0.15
3.6171203674957604,3.100499407061815,0.15,1350.441310540365,1.4006470987664865,4.364000000000004,0.033379153759176036,4.364000000000003,0.0,0.022917651,0.15
3.617412930154276,3.0973573557680982,0.15,1361.219358074675,1.4050592359161986,4.365000000000004,0.03337639025126801,4.365000000000004,0.0,0.022917651,0.15
3.6177135838181247,3.0941042660721374,0.15,1371.9438718761342,1.4096147793821794,4.366000000000004,0.033373626814812735,4.366000000000004,0.0,0.022917651,0.15
3.618033205789635,3.0905834076911423,0.15,1382.518700571873,1.4145139728641325,4.3670000000000035,0.03337086355075971,4.3670000000000035,0.0,0.022917651,0.15
3.6183689091840012,3.0868367295851926,0.15,1392.997115024596,1.4197033100806724,4.368000000000004,0.03336810081158531,4.368000000000004,0.0,0.022917651,0.15
3.6187181434178246,3.0829011016355206,0.15,1403.3948866115472,1.425135719100337,4.369000000000004,0.033365338475908224,4.369000000000004,0.0,0.022917651,0.15
3.619107715813834,3.078729064194866,0.15,1413.589411802472,1.4309658807121444,4.3700000000000045,0.03336257747176053,4.370000000000004,0.0,0.022917651,0.15
3.619503974784771,3.074529814133678,0.15,1423.678524293566,1.4368500067472398,4.371000000000003,0.03335981670017691,4.371000000000004,0.0,0.022917651,0.15
3.619906359799451,3.0702997114597657,0.15,1433.633198208901,1.4427894981214708,4.372000000000003,0.033357056134200244,4.372000000000003,0.0,0.022917651,0.15
3.6203163876364846,3.0657630524088715,0.15,1443.4479753128912,1.4490661081206186,4.373000000000004,0.033354295798331816,4.373000000000004,0.0,0.022917651,0.15
3.620776580343146,3.0606738064642456,0.15,1453.1403316405185,1.4560959663628337,4.374000000000004,0.033351536168578624,4.374000000000004,0.0,0.022917651,0.15
3.6212540826195623,3.055448617111659,0.15,1462.7079589391324,1.4633310117744338,4.3750000000000036,0.03334877746255457,4.3750000000000036,0.0,0.022917651,0.15
3.6216673319578563,3.051006546715988,0.15,1472.2530951565486,1.4695259326711592,4.376000000000005,0.03334601914106883,4.376000000000004,0.0,0.022917651,0.15
3.6221619034749004,3.045894642884036,0.15,1481.5432047766735,1.4767159434865362,4.377000000000004,0.03334326459234033,4.377000000000004,0.0,0.022917651,0.15
3.6227301829693626,3.039830965498615,0.15,1490.6705169769928,1.485152585110926,4.3780000000000046,0.033340512024741656,4.378000000000004,0.0,0.022917651,0.15
3.6232296038306746,3.0343094192270894,0.15,1499.7200210982328,1.4927716582637656,4.379000000000004,0.03333775826573076,4.379000000000004,0.0,0.022917651,0.15
3.623688896499133,3.029148484595939,0.15,1508.6886535737528,1.499869602656233,4.3800000000000034,0.03333500371995745,4.3800000000000034,0.0,0.022917651,0.15
3.6241995750213793,3.023395399122063,0.15,1517.48540074659,1.507765249299615,4.381000000000004,0.033332250508330136,4.381000000000004,0.0,0.022917651,0.15
3.624811087021355,3.0164867553023815,0.15,1526.06891223808,1.5172197860470134,4.382000000000004,0.033329502693337065,4.382000000000004,0.0,0.022917651,0.15
3.625334522200675,3.010482754320698,0.15,1534.577507662597,1.5254173642523465,4.383000000000004,0.033326759445688185,4.383000000000004,0.0,0.022917651,0.15
3.625822814603533,3.005210246289394,0.15,1542.9863750232166,1.5327428892042867,4.384000000000005,0.03332401402883243,4.384000000000004,0.0,0.022917651,0.15
3.626481389153167,2.998041460173764,0.15,1551.26155085576,1.5426458094427622,4.385000000000004,0.033321275104251126,4.385000000000004,0.0,0.022917651,0.15
3.6270960451150946,2.9915274340106808,0.15,1559.3791058554584,1.5517183083519317,4.386000000000005,0.03331853390135334,4.386000000000004,0.0,0.022917651,0.15
3.6278359581871196,2.9832654044315254,0.15,1567.2527446502133,1.5630398251504598,4.387000000000004,0.033315798591617235,4.387000000000004,0.0,0.022917651,0.15
3.6284214219790956,2.9769306356987864,0.15,1575.0391840694942,1.571816290808097,4.3880000000000035,0.03331305991750413,4.3880000000000035,0.0,0.022917651,0.15
3.629021456125111,2.9708140285033644,0.15,1582.730812723788,1.5804328811981572,4.389000000000004,0.033310330275072284,4.389000000000004,0.0,0.022917651,0.15
3.6297571069403003,2.9633046955176816,0.15,1590.2770419936433,1.5909846617918157,4.390000000000004,0.03330760967040562,4.390000000000004,0.0,0.022917651,0.15
3.630615913341725,2.954300770827812,0.15,1597.6431327281152,1.6035236551495462,4.391000000000004,0.03330489705828736,4.391000000000004,0.0,0.022917651,0.15
3.631262808551904,2.9476455918658844,0.15,1604.8749364598425,1.612866254071126,4.392000000000004,0.033302171178157015,4.392000000000004,0.0,0.022917651,0.15
3.631898296909453,2.9414080420683377,0.15,1611.9864254682536,1.6217456046542162,4.393000000000004,0.03329944310455048,4.393000000000004,0.0,0.022917651,0.15
3.6326136225421752,2.9344621180132546,0.15,1618.9797735278667,1.6316526721505629,4.394000000000004,0.03329672268283244,4.394000000000004,0.0,0.022917651,0.15
3.633499947934087,2.9257702014693865,0.15,1625.8579730397432,1.64398973228145,4.395000000000004,0.03329403061801141,4.395000000000004,0.0,0.022917651,0.15
3.6343379074816333,2.9176292721617396,0.15,1632.5498717484995,1.6555823341078284,4.3960000000000035,0.03329133805859336,4.3960000000000035,0.0,0.022917651,0.15
3.6350115183329788,2.911307312924943,0.15,1639.1346115460838,1.6646985815339888,4.397000000000004,0.03328863014248658,4.397000000000004,0.0,0.022917651,0.15
3.635671876820363,2.9052271648921564,0.15,1645.6105908467566,1.6735200134411754,4.398000000000004,0.03328592020051591,4.398000000000004,0.0,0.022917651,0.15
3.6363388388312705,2.8989911569677917,0.15,1651.9837273196,1.6825236978650255,4.399000000000004,0.033283211258998316,4.399000000000004,0.0,0.022917651,0.15
3.6370613470419673,2.8922450808348423,0.15,1658.246890894206,1.6922596687884395,4.400000000000004,0.033280508321216984,4.400000000000004,0.0,0.022917651,0.15
3.6377514097993595,2.885945143913468,0.15,1664.0349872985842,1.7014174469361232,4.401000000000004,0.03328196986466613,4.401000000000004,0.0,0.022917651,0.15
3.638483658032553,2.8794926860016714,0.15,1669.7519308533094,1.7108964944610232,4.402000000000003,0.033283440836402646,4.402000000000004,0.0,0.022917651,0.15
3.6391878725769846,2.873371180895246,0.15,1675.3607967512646,1.719932456780722,4.403000000000005,0.03328490819832568,4.403000000000004,0.0,0.022917651,0.15
3.6397702414285655,2.8684540192331234,0.15,1680.9003275485732,1.7272766803277497,4.404000000000004,0.03328636238606831,4.4040000000000035,0.0,0.022917651,0.15
3.640358872297877,2.8635824889364967,0.15,1686.3420177235664,1.7346003433995028,4.405000000000004,0.03328781622433602,4.405000000000004,0.0,0.022917651,0.15
3.6409536596630017,2.8588537545052737,0.15,1691.7112660021844,1.7418058346299512,4.406000000000004,0.0332892689133792,4.406000000000004,0.0,0.022917651,0.15
3.641542607397986,2.8543330039067634,0.15,1697.012019486125,1.7487799755557676,4.407000000000004,0.03329071962859425,4.407000000000004,0.0,0.022917651,0.15
3.64211832077293,2.8500503879177868,0.15,1702.2525583618753,1.7554630363895933,4.408000000000005,0.033292169067983816,4.408000000000004,0.0,0.022917651,0.15
3.6426520737174335,2.846275336097441,0.15,1707.4023503311255,1.7614706943416798,4.409000000000004,0.033293624167475555,4.409000000000004,0.0,0.022917651,0.15
3.6431780327027337,2.842636967857413,0.15,1712.503895700165,1.7673104907540684,4.410000000000004,0.03329507964706303,4.410000000000004,0.0,0.022917651,0.15
3.643698146182746,2.8391018948199767,0.15,1717.5707852402768,1.7730236081435664,4.411000000000004,0.03329653544252463,4.411000000000004,0.0,0.022917651,0.15
3.644217136822855,2.8358778665842737,0.15,1722.5497160513876,1.7784212082244044,4.4120000000000035,0.03329798780276751,4.4120000000000035,0.0,0.022917651,0.15
3.6447274369936378,2.832762637554567,0.15,1727.5085952522722,1.783675244416781,4.413000000000005,0.03329943856518014,4.413000000000004,0.0,0.022917651,0.15
3.6452136823353873,2.829928010311267,0.15,1732.403368614435,1.7885524495664016,4.414000000000004,0.03330088540928663,4.414000000000004,0.0,0.022917651,0.15
3.645691934682523,2.827251529462315,0.15,1737.2676341762462,1.7932395368617156,4.4150000000000045,0.033302330234690564,4.415000000000004,0.0,0.022917651,0.15
3.6461584348777194,2.8248035237039644,0.15,1742.0837502538511,1.7976511412334684,4.416000000000004,0.033303772207441795,4.416000000000004,0.0,0.022917651,0.15
3.646618949271303,2.8225134800843983,0.15,1746.87286663418,1.80188083743477,4.417000000000003,0.03330521231263829,4.417000000000004,0.0,0.022917651,0.15
3.647069389112335,2.8204827555240297,0.15,1751.612208684261,1.8058109116533791,4.418000000000004,0.03330664943163909,4.418000000000004,0.0,0.022917651,0.15
3.6475186599138025,2.818510166275464,0.15,1756.3482958069615,1.8096781762763758,4.419000000000004,0.03330808706520875,4.419000000000004,0.0,0.022917651,0.15
3.6479575535061093,2.8169373267171376,0.15,1761.0154056414933,1.8131041938395496,4.420000000000004,0.03330952751402463,4.4200000000000035,0.0,0.022917651,0.15
3.648397028563326,2.815351280089329,0.15,1765.6925843721247,1.816545744187373,4.421000000000004,0.0333109679187669,4.421000000000004,0.0,0.022917651,0.15
3.648838904597398,2.8140693093089086,0.15,1770.3247004463576,1.8196928190653505,4.422000000000004,0.033312409632659794,4.422000000000004,0.0,0.022917651,0.15
3.649282042178346,2.8129397292816014,0.15,1774.9379177761195,1.822692547701324,4.423000000000004,0.033313852070256986,4.423000000000004,0.0,0.022917651,0.15
3.6497254355448736,2.8117964589469397,0.15,1779.5610999542762,1.825706989930853,4.424000000000003,0.033315294536346955,4.424000000000004,0.0,0.022917651,0.15
3.6501459821332833,2.8111796805972107,0.15,1784.1180175426439,1.8281035513527044,4.425000000000005,0.03331673065976981,4.425000000000004,0.0,0.022917651,0.15
3.6505659844083,2.8105790728893916,0.15,1788.6798066023343,1.8304817646872955,4.426000000000004,0.03331816648626908,4.426000000000004,0.0,0.022917651,0.15
3.650986799101586,2.8099632492569793,0.15,1793.250917341086,1.8328784435280718,4.427000000000005,0.03331960238610746,4.427000000000004,0.0,0.022917651,0.15
3.6513846360691153,2.8098447446126897,0.15,1797.779459971182,1.8346858947633449,4.4280000000000035,0.033321033639203315,4.4280000000000035,0.0,0.022917651,0.15
3.651779024518936,2.8098039762314997,0.15,1802.3074434408586,1.8364018161376865,4.429000000000004,0.033322464086751345,4.429000000000004,0.0,0.022917651,0.15
3.6521743357562304,2.8097468875244975,0.15,1806.8443974831582,1.8381377490364108,4.430000000000004,0.033323894592455376,4.430000000000004,0.0,0.022917651,0.15
3.6525992627430144,2.8098766362651677,0.15,1811.3729296562117,1.8398053098755747,4.431000000000004,0.03332532738494342,4.431000000000004,0.0,0.022917651,0.15
3.653081507228438,2.810380170708733,0.15,1815.876049754549,1.841328359528418,4.432000000000004,0.033326764596082734,4.432000000000004,0.0,0.022917651,0.15
3.6535660926066234,2.8108631723391335,0.15,1820.387171792161,1.842881305536061,4.433000000000004,0.03332820194557149,4.433000000000004,0.0,0.022917651,0.15
3.6540708722016073,2.811673703779915,0.15,1824.9115861503428,1.844187494182216,4.434000000000005,0.033329643314316246,4.434000000000004,0.0,0.022917651,0.15
3.654604335535927,2.812989750054159,0.15,1829.4523849893178,1.8451028960847489,4.435000000000004,0.033331090579247255,4.435000000000004,0.0,0.022917651,0.15
3.6551378754078825,2.814258358461527,0.15,1834.0014129114152,1.8460660420179469,4.4360000000000035,0.033332537531846805,4.4360000000000035,0.0,0.022917651,0.15
3.6558214771310733,2.815348555500425,0.15,1838.5960262505887,1.8478078514546934,4.437000000000005,0.03333400026247342,4.437000000000004,0.0,0.022917651,0.15
3.6564979150406556,2.816434170605421,0.15,1843.199702472914,1.8495255877221977,4.438000000000004,0.033335462018754085,4.438000000000004,0.0,0.022917651,0.15
3.6570124530440453,2.818250574215315,0.15,1847.806456586545,1.8498649367868312,4.4390000000000045,0.033336918206875114,4.439000000000004,0.0,0.022917651,0.15
3.6574876181250313,2.8202284534029696,0.15,1852.4194607887637,1.8498853187796866,4.440000000000004,0.03333837275588706,4.440000000000004,0.0,0.022917651,0.15
3.657966244120963,2.8222636062809614,0.15,1857.0424344814737,1.8498622690494555,4.441000000000004,0.03333982807447746,4.441000000000004,0.0,0.022917651,0.15
3.65848218986613,2.8247456411604555,0.15,1861.6893024095127,1.8495416054647127,4.442000000000004,0.033341291438337736,4.442000000000004,0.0,0.022917651,0.15
3.658998488146169,2.8272210511812985,0.15,1866.3429230887452,1.8492289767356198,4.443000000000004,0.03334275455220392,4.443000000000004,0.0,0.022917651,0.15
3.6594624358688357,2.829752276579,0.15,1871.025532195204,1.8486511393237202,4.444000000000004,0.03334421399220585,4.4440000000000035,0.0,0.022917651,0.15
3.6599171563941173,2.8323040596299145,0.15,1875.7197641387202,1.8480158380234692,4.445000000000005,0.03334567276715129,4.445000000000004,0.0,0.022917651,0.15
3.66025908682847,2.8345332078446948,0.15,1880.4307385041586,1.8472520113243045,4.446000000000005,0.03334712121885301,4.446000000000004,0.0,0.022917651,0.15
3.6603655381048386,2.83610239058221,0.15,1885.1684533892128,1.8462062330513103,4.447000000000004,0.03334854837045867,4.447000000000004,0.0,0.022917651,0.15
3.660479337018337,2.837696474547413,0.15,1889.9101650753325,1.8451649439234556,4.448000000000004,0.03334997615689275,4.448000000000004,0.0,0.022917651,0.15
3.6606007074363642,2.839316218429523,0.15,1894.6559953368283,1.844128280715765,4.449000000000004,0.03335140459749717,4.449000000000004,0.0,0.022917651,0.15
3.660729882414003,2.840962412054923,0.15,1899.4060709457156,1.843096385816612,4.450000000000004,0.03335283371240764,4.450000000000004,0.0,0.022917651,0.15
3.6606725142365057,2.842191959913233,0.15,1904.2214536964439,1.8417349634651576,4.451000000000004,0.033354272924021475,4.451000000000004,0.0,0.022917651,0.15
3.6605996349852954,2.8433956506117184,0.15,1909.052463765942,1.8403373539816865,4.4520000000000035,0.033355714010431456,4.4520000000000035,0.0,0.022917651,0.15
3.660541866928102,2.844643565009458,0.15,1913.8899980792798,1.8389559656606485,4.453000000000003,0.033357155516134315,4.453000000000004,0.0,0.022917651,0.15
3.660484640704641,2.845968216245809,0.15,1918.75518038359,1.8375000073572585,4.454000000000004,0.03335859479714092,4.454000000000004,0.0,0.022917651,0.15
3.660404871241807,2.847399026928224,0.15,1923.676631346483,1.8358477153898058,4.455000000000004,0.03336002831331265,4.455000000000004,0.0,0.022917651,0.15
3.6603341286161415,2.8488583384416386,0.15,1928.607689605599,1.8342030299325522,4.456000000000005,0.03336146200363301,4.456000000000004,0.0,0.022917651,0.15
3.6602724914244202,2.850346398943119,0.15,1933.5484388117761,1.83256601721547,4.457000000000004,0.033362895869618325,4.457000000000004,0.0,0.022917651,0.15
3.660220039178534,2.851863459479059,0.15,1938.4989635898075,1.8309367442396602,4.458000000000004,0.033364329912802575,4.458000000000004,0.0,0.022917651,0.15
3.6601371485431073,2.8530773536686853,0.15,1943.5075884878866,1.8294888884458342,4.459000000000004,0.03336576763895341,4.459000000000004,0.0,0.022917651,0.15
3.6600341655680015,2.854096674436494,0.15,1948.552597516273,1.8281552390738411,4.460000000000003,0.033367207196209565,4.4600000000000035,0.0,0.022917651,0.15
3.659930340523568,2.8550872165431,0.15,1953.608678096168,1.8268470001237482,4.461000000000005,0.03336864668827903,4.461000000000004,0.0,0.022917651,0.15
3.6598256727933824,2.856048958921492,0.15,1958.67583833234,1.8255641901968938,4.462000000000004,0.033370086115114106,4.462000000000004,0.0,0.022917651,0.15
3.659647947915076,2.8567799260120585,0.15,1963.7470546891464,1.8242199230274705,4.4630000000000045,0.03337152330498528,4.463000000000004,0.0,0.022917651,0.15
3.6594083233250005,2.8573422964482917,0.15,1968.8222537482604,1.822796650599501,4.464000000000004,0.033372959122151116,4.464000000000004,0.0,0.022917651,0.15
3.6591596187117856,2.8578924598615196,0.15,1973.9063808842407,1.8213492650203176,4.465000000000005,0.0333743953082321,4.465000000000004,0.0,0.022917651,0.15
3.6589017001588995,2.8584302362167198,0.15,1978.9995677726395,1.819877410657618,4.466000000000004,0.033375831868669166,4.466000000000004,0.0,0.022917651,0.15
3.6586496068406826,2.8590632302276293,0.15,1984.1100531201798,1.8183336401918542,4.467000000000004,0.03337726503060531,4.467000000000004,0.0,0.022917651,0.15
3.6584442513295037,2.8600499735809026,0.15,1989.255847359903,1.8166230739570621,4.468000000000004,0.033378685722674564,4.4680000000000035,0.0,0.022917651,0.15
3.6582385002625224,2.8610353634640298,0.15,1994.4093186412165,1.8149122790504437,4.469000000000004,0.033380106387303335,4.469000000000004,0.0,0.022917651,0.15
3.6580323525531675,2.862019396159101,0.15,1999.5704880525375,1.8132012548438499,4.470000000000005,0.033381527024416234,4.470000000000004,0.0,0.022917651,0.15
3.657825807110885,2.8630020679345773,0.15,2004.739376759585,1.8114900007068313,4.4710000000000045,0.03338294763393762,4.471000000000004,0.0,0.022917651,0.15
3.65761886284112,2.863983375045229,0.15,2009.9160060057634,1.8097785160066182,4.472000000000003,0.03338436821579156,4.472000000000004,0.0,0.022917651,0.15
3.6574115186452976,2.8649633137320683,0.15,2015.1003971124744,1.8080668001081244,4.473000000000004,0.03338578876990185,4.473000000000004,0.0,0.022917651,0.15
3.657240198555394,2.8660272659391284,0.15,2020.3631764325219,1.806415165900042,4.474000000000003,0.03338720986930797,4.474000000000004,0.0,0.022917651,0.15
3.6570843335820196,2.867126691188786,0.15,2025.6643433794522,1.8047898785093746,4.475000000000004,0.03338863119247675,4.475000000000004,0.0,0.022917651,0.15
3.656928996585912,2.8682265416559307,0.15,2030.9749508984808,1.8031662777135873,4.476000000000004,0.033390052504882396,4.4760000000000035,0.0,0.022917651,0.15
3.6567741883463296,2.869326817968158,0.15,2036.2950129232709,1.8015443660019765,4.477000000000005,0.033391473806509024,4.477000000000004,0.0,0.022917651,0.15
3.6566199096440664,2.870427520754295,0.15,2041.6245434149014,1.7999241458687465,4.478000000000004,0.03339289509734072,4.478000000000004,0.0,0.022917651,0.15
3.656466161261454,2.871528650644407,0.15,2046.9635563619509,1.7983056198130145,4.479000000000004,0.033394316377361524,4.479000000000004,0.0,0.022917651,0.15
3.6563129439823645,2.8726302082698054,0.15,2052.312065780587,1.7966887903388173,4.480000000000004,0.033395737646555464,4.480000000000004,0.0,0.022917651,0.15
3.656128762050281,2.8737067764071553,0.15,2057.6931761351825,1.7949730905894064,4.481000000000004,0.03339716061346374,4.481000000000004,0.0,0.022917651,0.15
3.655936147339507,2.874775593595694,0.15,2063.0894701107804,1.7932314104288014,4.482000000000004,0.03339858405529578,4.482000000000004,0.0,0.022917651,0.15
3.655742569158747,2.8758425825985596,0.15,2068.49540044896,1.7914877045951825,4.483000000000004,0.0334000075668654,4.483000000000004,0.0,0.022917651,0.15
3.6555480244758054,2.8769077376621537,0.15,2073.910997476903,1.7897419667134324,4.4840000000000035,0.03340143114839208,4.4840000000000035,0.0,0.022917651,0.15
3.6553525102457494,2.877971053008715,0.15,2079.3362916492,1.7879941903816483,4.485000000000004,0.03340285480009621,4.485000000000004,0.0,0.022917651,0.15
3.6551560234108442,2.8790325228361815,0.15,2084.771313548485,1.7862443691710144,4.486000000000004,0.03340427852219912,4.486000000000004,0.0,0.022917651,0.15
3.654958799618794,2.8800957816207338,0.15,2090.2186135785496,1.7844898116181565,4.4870000000000045,0.03340570234521293,4.487000000000004,0.0,0.022917651,0.15
3.654763777687499,2.881205786169448,0.15,2095.7091210015246,1.7826973214355772,4.488000000000004,0.03340712664131886,4.488000000000004,0.0,0.022917651,0.15
3.654567770228477,2.8823140585066334,0.15,2101.20911987968,1.7809026214591726,4.489000000000004,0.03340855100552078,4.489000000000004,0.0,0.022917651,0.15
3.6543707742819795,2.883420593430093,0.15,2106.7186387178676,1.7791057050524637,4.490000000000004,0.033409975438023175,4.490000000000004,0.0,0.022917651,0.15
3.6541727868763925,2.884525385716778,0.15,2112.2377061352076,1.7773065655523665,4.491000000000004,0.03341139993903139,4.491000000000004,0.0,0.022917651,0.15
3.6539738050281825,2.8856284301226776,0.15,2117.766350865628,1.775505196269069,4.492000000000004,0.03341282450875155,4.4920000000000035,0.0,0.022917651,0.15
3.6537738257418284,2.886729721382726,0.15,2123.304601758482,1.7737015904858848,4.493000000000004,0.03341424914739066,4.493000000000004,0.0,0.022917651,0.15
3.6535803119541543,2.88785760399952,0.15,2128.874261248302,1.7718972516409985,4.494000000000004,0.03341567363046351,4.494000000000004,0.0,0.022917651,0.15
3.6533934191701136,2.889011518630352,0.15,2134.474155545197,1.7700933610335088,4.495000000000004,0.03341709786799885,4.495000000000004,0.0,0.022917651,0.15
3.6532060148604337,2.8901640050176645,0.15,2140.0829535222724,1.7682888524457865,4.496000000000005,0.033418522046693176,4.496000000000004,0.0,0.022917651,0.15
3.653018098544305,2.891315061818977,0.15,2145.700663548551,1.766483725296962,4.497000000000005,0.03341994616649119,4.497000000000004,0.0,0.022917651,0.15
3.6528296697403158,2.8924646876901248,0.15,2151.327294003549,1.7646779790054368,4.498000000000004,0.033421370227337474,4.498000000000004,0.0,0.022917651,0.15
3.652640727966449,2.8936128812852635,0.15,2156.9628532773054,1.7628716129888784,4.499000000000004,0.033422794229176635,4.499000000000004,0.0,0.022917651,0.15
3.652451272740086,2.894759641256852,0.15,2162.607349770358,1.7610646266642327,4.500000000000004,0.033424218171953124,4.5000000000000036,0.0,0.022917651,0.15
3.652293806115549,2.895894991492731,0.15,2167.450471206586,1.7593948632240741,4.501000000000004,0.03342650668192555,4.501000000000004,0.0,0.022917651,0.15
3.6521361153781413,2.8970350958888345,0.15,2172.3080875380197,1.7577194497314477,4.502000000000004,0.03342879549750948,4.502000000000004,0.0,0.022917651,0.15
3.6519773691641664,2.898173238583883,0.15,2177.174425467794,1.7560417760614864,4.503000000000003,0.03343108431666333,4.503000000000004,0.0,0.022917651,0.15
3.651817563185908,2.8993094116087623,0.15,2182.0495204261065,1.7543618330325546,4.504000000000005,0.0334333731394016,4.504000000000004,0.0,0.022917651,0.15
3.6516566931323933,2.9004436069511303,0.15,2186.933408035312,1.7526796114132195,4.505000000000004,0.033435661965738855,4.505000000000004,0.0,0.022917651,0.15
3.6514947546692387,2.90157581655513,0.15,2191.826124111232,1.7509951019219148,4.506000000000004,0.033437950795689765,4.506000000000004,0.0,0.022917651,0.15
3.6513317434384853,2.902706032321094,0.15,2196.72770466449,1.7493082952265895,4.507000000000005,0.033440239629269085,4.507000000000004,0.0,0.022917651,0.15
3.651170868238204,2.9038675077424374,0.15,2201.6696217733816,1.747598774703936,4.508000000000004,0.03344252947577554,4.508000000000004,0.0,0.022917651,0.15
3.65101115227133,2.9050466983498535,0.15,2206.6391354032967,1.7458761768628837,4.509000000000004,0.033444819859634795,4.509000000000004,0.0,0.022917651,0.15
3.6508508025102193,2.906224271865659,0.15,2211.6180001736384,1.7441526608753168,4.510000000000004,0.03344711017959982,4.510000000000004,0.0,0.022917651,0.15
3.650689817856848,2.9074002254883027,0.15,2216.606232284895,1.7424282251505838,4.511000000000004,0.033449400435559905,4.511000000000004,0.0,0.022917651,0.15
3.6505281972106536,2.908574556409764,0.15,2221.6038479750155,1.7407028680943508,4.512000000000003,0.03345169062740411,4.512000000000004,0.0,0.022917651,0.15
3.650365939468529,2.909747261815522,0.15,2226.6108635194837,1.7389765881086023,4.513000000000005,0.033453980755021206,4.513000000000004,0.0,0.022917651,0.15
3.650203043524814,2.910918338884546,0.15,2231.627295231447,1.7372493835916243,4.514000000000005,0.033456270818299765,4.514000000000004,0.0,0.022917651,0.15
3.6500365529115744,2.9121165546993852,0.15,2236.6843508513825,1.7354806569843326,4.515000000000004,0.03345856172283488,4.515000000000004,0.0,0.022917651,0.15
3.649867519825325,2.9133322859919946,0.15,2241.7716714802136,1.7336842419240128,4.516000000000004,0.03346085315185077,4.516000000000004,0.0,0.022917651,0.15
3.6496979375378578,2.9145462791668293,0.15,2246.8684093492016,1.7318873681855615,4.517000000000004,0.0334631444957366,4.517000000000004,0.0,0.022917651,0.15
3.649527805487657,2.9157585324467905,0.15,2251.974574086782,1.7300900353000146,4.518000000000004,0.033465435754405345,4.518000000000004,0.0,0.022917651,0.15
3.649357123112437,2.9169690440523555,0.15,2257.090175334517,1.7282922427977705,4.519000000000004,0.033467726927769836,4.519000000000004,0.0,0.022917651,0.15
3.6491858898491487,2.918177812201576,0.15,2262.2152227471433,1.7264939902085796,4.520000000000004,0.033470018015742814,4.520000000000004,0.0,0.022917651,0.15
3.6490141051339715,2.9193848351100704,0.15,2267.34972599255,1.724695277061558,4.521000000000004,0.033472309018236855,4.521000000000004,0.0,0.022917651,0.15
3.6488339980240143,2.9206365121038487,0.15,2272.546096462918,1.7228186264416496,4.522000000000004,0.03347460172661162,4.522000000000004,0.0,0.022917651,0.15
3.648652930196142,2.921892018722928,0.15,2277.7582626263256,1.7209343040196596,4.523000000000005,0.033476894508083686,4.523000000000004,0.0,0.022917651,0.15
3.6484718300425074,2.9231459848896595,0.15,2282.9801493794266,1.7190513927230062,4.524000000000004,0.03347918715230356,4.524000000000004,0.0,0.022917651,0.15
3.648290697598428,2.9243984122870166,0.15,2288.211746102313,1.7171698910100086,4.525000000000005,0.03348147965942121,4.525000000000004,0.0,0.022917651,0.15
3.6481095328991673,2.925649302595518,0.15,2293.4530421905324,1.7152897973412342,4.526000000000004,0.033483772029586335,4.526000000000004,0.0,0.022917651,0.15
3.6479283359799415,2.9268986574932367,0.15,2298.7040270550724,1.7134111101794907,4.527000000000004,0.03348606426294847,4.527000000000004,0.0,0.022917651,0.15
3.647747366744059,2.9281769107515574,0.15,2303.994081841571,1.7115044347667814,4.528000000000004,0.03348835934864239,4.528000000000004,0.0,0.022917651,0.15
3.6475666230652175,2.929481088941154,0.15,2309.3202643720037,1.70957273604619,4.529000000000005,0.0334906570266634,4.529000000000004,0.0,0.022917651,0.15
3.647385878268549,2.9307838028862383,0.15,2314.656090989791,1.7076424970217294,4.530000000000004,0.0334929546167916,4.530000000000004,0.0,0.022917651,0.15
3.6472051323553494,2.9320850542873886,0.15,2320.001550494284,1.7057137159981015,4.531000000000005,0.03349525211912908,4.531000000000004,0.0,0.022917651,0.15
3.647024385326917,2.9333848448425464,0.15,2325.3566317021478,1.7037863912826405,4.532000000000004,0.033497549533777746,4.532000000000004,0.0,0.022917651,0.15
3.646843637184545,2.9346831762470305,0.15,2330.721323447373,1.7018605211852933,4.533000000000005,0.03349984686083937,4.533000000000004,0.0,0.022917651,0.15
3.6466616914304457,2.9359986247190535,0.15,2336.1116156508674,1.6999127431656496,4.534000000000004,0.03350214473387334,4.534000000000004,0.0,0.022917651,0.15
3.646476762667018,2.9373536238465734,0.15,2341.5467459459865,1.69791348178686,4.535000000000004,0.03350444395150954,4.535000000000004,0.0,0.022917651,0.15
3.646291319653393,2.9387070689365498,0.15,2346.9912679023073,1.6959137175855663,4.536000000000003,0.03350674312954851,4.536000000000004,0.0,0.022917651,0.15
3.646105362034538,2.940058958916086,0.15,2352.445188003749,1.6939134502146278,4.537000000000004,0.03350904226796291,4.537000000000004,0.0,0.022917651,0.15
3.645918889455092,2.941409292711299,0.15,2357.908512740203,1.6919126793265815,4.538000000000004,0.033511341366725386,4.538000000000004,0.0,0.022917651,0.15
3.645731901559366,2.942758069247318,0.15,2363.3812486075553,1.6899114045736399,4.539000000000005,0.033513640425808545,4.539000000000004,0.0,0.022917651,0.15
3.645544672384455,2.9441278075088575,0.15,2368.8853645196145,1.6878882035853875,4.540000000000004,0.03351593994837899,4.540000000000004,0.0,0.022917651,0.15
3.645357503031388,2.945538949868269,0.15,2374.4407863557976,1.685823838706028,4.541000000000004,0.033518240381926884,4.541000000000004,0.0,0.022917651,0.15
3.6451698954799614,2.9469485387515135,0.15,2380.005615750366,1.6837592744862946,4.542000000000003,0.033520540762063705,4.542000000000004,0.0,0.022917651,0.15
3.644981849599683,2.94835657369597,0.15,2385.5798555048455,1.6816945108668273,4.543000000000003,0.03352284108877355,4.543000000000004,0.0,0.022917651,0.15
3.6447933652600066,2.9497630542388387,0.15,2391.1635084218933,1.679629547788235,4.544000000000004,0.03352514136204052,4.544000000000004,0.0,0.022917651,0.15
3.644604442330334,2.951167979917132,0.15,2396.756577305264,1.6775643851911097,4.545000000000004,0.03352744158184867,4.545000000000004,0.0,0.022917651,0.15
3.6444133317944223,2.9526112572541594,0.15,2402.398678061961,1.675452117644993,4.546000000000004,0.03352974348191332,4.546000000000004,0.0,0.022917651,0.15
3.6442205888637167,2.9540828107706583,0.15,2408.079766884895,1.673305042184533,4.547000000000005,0.03353204659851199,4.547000000000004,0.0,0.022917651,0.15
3.644027549475335,2.9555528631278825,0.15,2413.7702718906453,1.6711582820155497,4.548000000000004,0.033534349630924984,4.548000000000004,0.0,0.022917651,0.15
3.643834213687952,2.9570214146229383,0.15,2419.4701912155942,1.6690118370756382,4.549000000000003,0.03353665257916896,4.549000000000004,0.0,0.022917651,0.15
3.6436405815602266,2.9584884655528514,0.15,2425.1795229965933,1.666865707302417,4.550000000000005,0.03353895544326058,4.550000000000004,0.0,0.022917651,0.15
3.643446519225542,2.9599567751862224,0.15,2430.9009694286246,1.6647165981242404,4.551000000000005,0.033541258345895435,4.551000000000004,0.0,0.022917651,0.15
3.64324873173179,2.9614945301112563,0.15,2436.70140449083,1.6624831471810866,4.552000000000004,0.0335435643043457,4.552000000000004,0.0,0.022917651,0.15
3.6430506818108936,2.9630306818573353,0.15,2442.511233435453,1.6602502496612663,4.553000000000004,0.03354587014580235,4.553000000000004,0.0,0.022917651,0.15
3.6428523695709503,2.964565231084827,0.15,2448.330452393012,1.6580179053368216,4.554000000000004,0.03354817587031356,4.554000000000004,0.0,0.022917651,0.15
3.6426537951199975,2.966098178453745,0.15,2454.1590574961733,1.6557861139799106,4.555000000000004,0.033550481477927496,4.555000000000004,0.0,0.022917651,0.15
3.6424549585660158,2.967629524623731,0.15,2459.9970448797044,1.6535548753628244,4.5560000000000045,0.0335527869686923,4.556000000000004,0.0,0.022917651,0.15
3.6422523364376547,2.969214692688512,0.15,2465.901049176691,1.651254670893971,4.557000000000005,0.03355509413148581,4.557000000000004,0.0,0.022917651,0.15
3.6420483173930784,2.9708183755372195,0.15,2471.8350309831626,1.64893036341847,4.558000000000004,0.033557401806749064,4.558000000000004,0.0,0.022917651,0.15
3.641844210004645,2.972420342525995,0.15,2477.7783125696083,1.6466074184696817,4.559000000000004,0.033559709338508964,4.559000000000004,0.0,0.022917651,0.15
3.641640014360229,2.974020595361633,0.15,2483.730884685419,1.6442858346922786,4.560000000000004,0.033562016726908256,4.560000000000004,0.0,0.022917651,0.15
3.6414357305475917,2.9756191357486554,0.15,2489.692738092235,1.6419656107327352,4.561000000000004,0.03356432397208949,4.561000000000004,0.0,0.022917651,0.15
3.6412276304861666,2.977270502924995,0.15,2495.7151938338484,1.6395772967219275,4.562000000000005,0.03356663330185547,4.562000000000004,0.0,0.022917651,0.15
3.6410174996737816,2.9789493513730307,0.15,2501.774395737283,1.6371533793732782,4.563000000000004,0.033568943679413356,4.563000000000004,0.0,0.022917651,0.15
3.640807351061773,2.9806264002162988,0.15,2507.8427739974563,1.6347311904585382,4.564000000000003,0.033571253908497516,4.564000000000004,0.0,0.022917651,0.15
3.640597184671735,2.9823016516379828,0.15,2513.920317482137,1.6323107278808637,4.565000000000005,0.03357356398928807,4.565000000000004,0.0,0.022917651,0.15
3.6403870005252235,2.983975107817732,0.15,2520.0070150770844,1.629891989546805,4.566000000000004,0.03357587392196484,4.566000000000004,0.0,0.022917651,0.15
3.640170030444527,2.9857174216201923,0.15,2526.1687089490315,1.6273772481350037,4.567000000000004,0.03357818790755,4.567000000000004,0.0,0.022917651,0.15
3.639951293288877,2.9874760846127377,0.15,2532.3564875554093,1.6248390888550168,4.568000000000004,0.033580502823176324,4.568000000000004,0.0,0.022917651,0.15
3.6397325340445907,2.989232870267093,0.15,2538.5533540306,1.6223027186355898,4.569000000000005,0.03358281758506587,4.569000000000004,0.0,0.022917651,0.15
3.639513752738245,2.990987780842163,0.15,2544.759297439619,1.6197681353240376,4.570000000000004,0.03358513219340359,4.570000000000004,0.0,0.022917651,0.15
3.6392931627045524,2.9927576836999634,0.15,2550.9896873487596,1.617211325382941,4.571000000000004,0.033587447295586804,4.571000000000004,0.0,0.022917651,0.15
3.6390642557078294,2.9946038787878355,0.15,2557.3004666783545,1.6145449576124045,4.5720000000000045,0.03358976524182082,4.572000000000004,0.0,0.022917651,0.15
3.6388353158445095,2.9964480779757086,0.15,2563.620262363163,1.611880454220141,4.573000000000004,0.0335920830262063,4.573000000000004,0.0,0.022917651,0.15
3.638606343154027,2.9982902836583225,0.15,2569.9490635850993,1.6092178129692143,4.574000000000003,0.03359440064893744,4.574000000000004,0.0,0.022917651,0.15
3.6383773376757547,3.000130498226585,0.15,2576.2868595433633,1.6065570316262705,4.575000000000004,0.03359671811020814,4.575000000000004,0.0,0.022917651,0.15
3.6381403042199953,3.0020501982844237,0.15,2582.706199250428,1.603784652123062,4.576000000000004,0.033599039156534116,4.576000000000004,0.0,0.022917651,0.15
3.6379012015233974,3.003988369981021,0.15,2589.152835723123,1.6009855239176276,4.577000000000004,0.03360136100023291,4.577000000000004,0.0,0.022917651,0.15
3.6376620494004515,3.0059244007430372,0.15,2595.6084103091107,1.598188339034534,4.578000000000005,0.033603682695557774,4.578000000000004,0.0,0.022917651,0.15
3.6374228479106145,3.007858293145957,0.15,2602.072912256125,1.5953930951360156,4.579000000000004,0.03360600424268721,4.579000000000004,0.0,0.022917651,0.15
3.63717993160196,3.0098619972149727,0.15,2608.608082632512,1.592513178661445,4.580000000000003,0.033608331199844334,4.580000000000004,0.0,0.022917651,0.15
3.6369349223766783,3.0119029410188745,0.15,2615.1860441162003,1.5895876497074364,4.581000000000004,0.033610661145450395,4.581000000000004,0.0,0.022917651,0.15
3.63668982564559,3.013941606991305,0.15,2621.772886200952,1.5866640483842278,4.582000000000004,0.03361299104696546,4.582000000000004,0.0,0.022917651,0.15
3.636444641511114,3.0159779977982155,0.15,2628.3685984929853,1.5837423724357425,4.583000000000004,0.033615320904441116,4.583000000000004,0.0,0.022917651,0.15
3.6361941270407967,3.0180934502051833,0.15,2635.042838378708,1.580720312516423,4.584000000000004,0.03361765372220383,4.584000000000004,0.0,0.022917651,0.15
3.6359412688066977,3.02024332984658,0.15,2641.7573694838215,1.5776544498146108,4.585000000000004,0.03361998784025872,4.585000000000004,0.0,0.022917651,0.15
3.6356884566308785,3.022390878118118,0.15,2648.480692368948,1.5745911026197923,4.586000000000004,0.03362232189872145,4.586000000000004,0.0,0.022917651,0.15
3.6354356904485488,3.024536098299292,0.15,2655.21279466688,1.5715302673934473,4.587000000000004,0.033624655897675826,4.587000000000004,0.0,0.022917651,0.15
3.6351650700894327,3.0268107985285875,0.15,2662.051111605004,1.5682685448849563,4.588000000000004,0.03362699694580452,4.588000000000004,0.0,0.022917651,0.15
3.6348930693738115,3.0290935670452255,0.15,2668.905812020863,1.5649932335730066,4.589000000000004,0.03362933852427874,4.589000000000004,0.0,0.022917651,0.15
3.634621073417736,3.031374202973136,0.15,2675.769340176684,1.561720074066292,4.590000000000005,0.0336316800839217,4.590000000000004,0.0,0.022917651,0.15
3.6343407995803347,3.0337147919359473,0.15,2682.687914131094,1.558353845043032,4.591000000000005,0.03363402905146359,4.591000000000004,0.0,0.022917651,0.15
3.6340491244171034,3.0361376098258925,0.15,2689.6781819202924,1.5548597748772877,4.592000000000004,0.03363638773604561,4.592000000000004,0.0,0.022917651,0.15
3.6337572358455836,3.0385583387049255,0.15,2696.677380376498,1.5513669401048207,4.593000000000004,0.03363874590749693,4.593000000000004,0.0,0.022917651,0.15
3.633464904510579,3.0410000525069214,0.15,2703.7029489828715,1.5478513499731381,4.594000000000004,0.03364110440938359,4.594000000000004,0.0,0.022917651,0.15
3.633171181118775,3.0435684394638662,0.15,2710.834755606009,1.5442035217991903,4.595000000000004,0.03364346705094509,4.595000000000004,0.0,0.022917651,0.15
3.632877421046141,3.046134786272918,0.15,2717.9754391056927,1.5405575870036838,4.596000000000004,0.0336458290892436,4.596000000000004,0.0,0.022917651,0.15
3.632583090891199,3.0487041873968033,0.15,2725.12886910517,1.5369063176295872,4.597000000000005,0.03364819157438868,4.597000000000004,0.0,0.022917651,0.15
3.632272798371284,3.051424242689153,0.15,2732.4074351524537,1.5330405480002707,4.598000000000004,0.033650585157984664,4.598000000000004,0.0,0.022917651,0.15
3.6319625992644173,3.054142284173103,0.15,2739.694879202433,1.5291771659298614,4.599000000000004,0.03365297859332914,4.599000000000004,0.0,0.022917651,0.15
3.6316504316241036,3.056874771296013,0.15,2747.0034906133847,1.5252914633520571,4.600000000000004,0.03365538042797662,4.600000000000004,0.0,0.022917651,0.15
3.6313231548673084,3.059685544332287,0.15,2754.1613235506848,1.5212649778329568,4.601000000000004,0.033652826688285634,4.601000000000004,0.0,0.022917651,0.15
3.630995892876768,3.0624937154041674,0.15,2761.325795603816,1.517241153407887,4.602000000000004,0.033650270942136115,4.602000000000004,0.0,0.022917651,0.15
3.630659959968547,3.065357335542792,0.15,2768.5392635309317,1.513127196618425,4.603000000000004,0.03364771867010347,4.603000000000004,0.0,0.022917651,0.15
3.630306841877472,3.068334993615558,0.15,2775.844599470973,1.5088304618142168,4.6040000000000045,0.03364517544399479,4.604000000000004,0.0,0.022917651,0.15
3.629954121556919,3.071310024303458,0.15,2783.1567047685107,1.504537945490798,4.605000000000004,0.033642630277008555,4.605000000000004,0.0,0.022917651,0.15
3.6295928863382856,3.074420279030974,0.15,2790.573404890717,1.500076154711087,4.606000000000004,0.03364031908320619,4.606000000000004,0.0,0.022917651,0.15
3.6292288567935995,3.0775756265856136,0.15,2798.0307769774795,1.495558096946777,4.607000000000004,0.033638081681016535,4.607000000000004,0.0,0.022917651,0.15
3.628860831250173,3.0807852168595917,0.15,2805.534421719808,1.490969809244613,4.608000000000003,0.033635957935021096,4.608000000000004,0.0,0.022917651,0.15
3.6284825300154555,3.0841323659414726,0.15,2813.1421720577646,1.4862028522300739,4.609000000000004,0.03363412823849643,4.609000000000004,0.0,0.022917651,0.15
3.6281044626663372,3.0874769659232513,0.15,2820.7567746343093,1.481439380071051,4.610000000000004,0.03363229163678746,4.610000000000004,0.0,0.022917651,0.15
3.627710453004638,3.0910230488336707,0.15,2828.515239617428,1.4764106568420092,4.611000000000004,0.0336305077991522,4.611000000000004,0.0,0.022917651,0.15
3.6273160979758523,3.0945732256954934,0.15,2836.2851001171202,1.471376458131911,4.6120000000000045,0.033628719145447,4.612000000000004,0.0,0.022917651,0.15
3.6269001271676107,3.0982906301500144,0.15,2844.175422668815,1.466088580052795,4.613000000000003,0.033627690457540105,4.613000000000004,0.0,0.022917651,0.15
3.6264778850983426,3.102053880446867,0.15,2852.105048245502,1.4607297741753176,4.614000000000005,0.03362686238190218,4.614000000000004,0.0,0.022917651,0.15
3.6260397712949852,3.1059817059946893,0.15,2860.150303733834,1.4551428898493732,4.615000000000004,0.03362639300528048,4.615000000000004,0.0,0.022917651,0.15
3.6255956714650686,3.1099710980788746,0.15,2868.244283939329,1.4494704889910992,4.616000000000005,0.033626059015240704,4.616000000000004,0.0,0.022917651,0.15
3.625145334580098,3.114150910794716,0.15,2876.4670398127205,1.4435827250878273,4.6170000000000035,0.033626023741666906,4.617000000000004,0.0,0.022917651,0.15
3.624693200742602,3.1183810640742826,0.15,2884.730298489937,1.4376374342011728,4.618000000000004,0.03362605878585882,4.618000000000004,0.0,0.022917651,0.15
3.6242340445111214,3.1228510796388536,0.15,2893.151612460535,1.431424203547869,4.619000000000005,0.03362763645953441,4.619000000000004,0.0,0.022917651,0.15
3.62376680318971,3.1273836144419622,0.15,2901.621404799342,1.4251161122433824,4.6200000000000045,0.033629366142708936,4.620000000000004,0.0,0.022917651,0.15
3.6232718837081754,3.132125375493103,0.15,2910.233344114783,1.418488075756813,4.621000000000004,0.03363139386287098,4.621000000000004,0.0,0.022917651,0.15
3.622766176203398,3.137027930066348,0.15,2918.94603461218,1.4116560899221455,4.622000000000004,0.03363434045809815,4.622000000000004,0.0,0.022917651,0.15
3.622251884034741,3.1420639616233794,0.15,2927.7432308842417,1.4046562849819666,4.623000000000004,0.03363802898565885,4.623000000000004,0.0,0.022917651,0.15
3.6217135180301527,3.1474518203683113,0.15,2936.7230860205414,1.397208355634366,4.624000000000005,0.0336432178347786,4.624000000000004,0.0,0.022917651,0.15
3.62115874259705,3.1530279222354607,0.15,2945.8090121159803,1.3895065547055965,4.625000000000004,0.033648862582527035,4.625000000000004,0.0,0.022917651,0.15
3.6205858350945377,3.1588177219710247,0.15,2955.0181510125426,1.3815185332662208,4.626000000000004,0.03365521869657811,4.626000000000004,0.0,0.022917651,0.15
3.6199954394067375,3.164871221112216,0.15,2964.3894428339136,1.3731968526236913,4.627000000000004,0.03366316976408019,4.627000000000004,0.0,0.022917651,0.15
3.619348805360663,3.1712071929965404,0.15,2973.936424873321,1.3643677438284414,4.628000000000004,0.03367178635131881,4.628000000000004,0.0,0.022917651,0.15
3.618689916006935,3.177815933454301,0.15,2983.643767704423,1.3552168432619172,4.629000000000004,0.03368160364605662,4.629000000000004,0.0,0.022917651,0.15
3.618011735432837,3.184725869735612,0.15,2993.523816069406,1.3456875808197197,4.630000000000004,0.03369247562578746,4.630000000000004,0.0,0.022917651,0.15
3.6172861799509164,3.1919620491105527,0.15,3003.5921258948197,1.335642581189201,4.631000000000004,0.03370470409495038,4.631000000000004,0.0,0.022917651,0.15
3.616520410871961,3.19956916012091,0.15,3013.866683674727,1.3250658031979374,4.632000000000004,0.033718825304312805,4.632000000000004,0.0,0.022917651,0.15
3.6157507466451784,3.2075848123821893,0.15,3024.3587217617714,1.314064899434347,4.6330000000000044,0.033734416949994614,4.6330000000000044,0.0,0.022917651,0.15
3.6149539822988386,3.215988632996658,0.15,3035.082281187336,1.3025674124693696,4.634000000000004,0.033751256330274655,4.634000000000004,0.0,0.022917651,0.15
3.6141164741969187,3.224695015076154,0.15,3046.0517970911733,1.2906043962254483,4.635000000000004,0.03376917443345287,4.635000000000004,0.0,0.022917651,0.15
3.613242442501815,3.2336379759610154,0.15,3057.2787308986935,1.278258715599942,4.636000000000005,0.03378788991714908,4.636000000000004,0.0,0.022917651,0.15
3.6123847884062834,3.242802717647167,0.15,3068.7770284834346,1.265756752958504,4.637000000000004,0.03380707344880304,4.637000000000004,0.0,0.022917651,0.15
3.6115321925389083,3.2521260245458485,0.15,3081.5334190921235,1.2531164560296588,4.638000000000004,0.033826657038535546,4.638000000000004,0.0,0.022917651,0.15
3.6106829139260403,3.261369194381222,0.15,3098.1277831372254,1.2405695748825545,4.639000000000004,0.03384590681042678,4.639000000000004,0.0,0.022917651,0.15
3.6100792856011434,3.2681649119386487,0.15,3122.4933823211472,1.2314527338085643,4.640000000000004,0.03386176515064887,4.640000000000004,0.0,0.022917651,0.15
3.6099186614097003,3.2705456503853494,0.15,3155.771882231189,1.2285229024599007,4.6410000000000045,0.03387428454554088,4.6410000000000045,0.0,0.022917651,0.15
3.611095151600831,3.2593673698085506,0.15,3207.675411119303,1.2445005474905215,4.642000000000004,0.03390702618886514,4.642000000000004,0.0,0.022917651,0.15
3.6131875241335734,3.2394995033056007,0.15,3252.201016710983,1.2728313146885342,4.643000000000004,0.03395819846049018,4.643000000000004,0.0,0.022917651,0.15
3.614059715909793,3.231872027226597,0.15,3261.9570866232984,1.284040953366953,4.644000000000004,0.03397558106072507,4.644000000000004,0.0,0.022917651,0.15
3.6140605357455726,3.232410913824001,0.15,3271.1122082801166,1.2835987455232416,4.645000000000005,0.0339801308221132,4.645000000000004,0.0,0.022917651,0.15
3.6140636893643747,3.232930027066678,0.15,3280.273552894405,1.2831856461493436,4.646000000000004,0.03398469359447918,4.646000000000004,0.0,0.022917651,0.15
3.6138916973413022,3.23502899383581,0.15,3289.4473819125405,1.28049211074592,4.647000000000003,0.033988987732243243,4.647000000000004,0.0,0.022917651,0.15
3.6136228077687425,3.2380044044339757,0.15,3298.629459541522,1.2765345413791793,4.648000000000004,0.033993011963713356,4.648000000000004,0.0,0.022917651,0.15
3.6133417370790926,3.2411196369715123,0.15,3307.812430271974,1.272388425651609,4.649000000000005,0.03399724847898121,4.6490000000000045,0.0,0.022917651,0.15
3.6129358178939586,3.2455732496299405,0.15,3316.9550212666936,1.2664045362922587,4.650000000000004,0.03400363099336737,4.650000000000004,0.0,0.022917651,0.15
3.6125271956182496,3.2500844081495823,0.15,3326.123114262355,1.2603522880286373,4.651000000000004,0.03401001410375606,4.651000000000004,0.0,0.022917651,0.15
3.6121117655695207,3.254725826453247,0.15,3335.339756272996,1.2541425468644558,4.652000000000004,0.03401641718096115,4.652000000000004,0.0,0.022917651,0.15
3.6116845535502833,3.259410548174275,0.15,3344.6075486396862,1.247842378813985,4.653000000000004,0.03402277408625197,4.653000000000004,0.0,0.022917651,0.15
3.611248747319869,3.2641260145687947,0.15,3353.9112911041534,1.2414770925757324,4.654000000000005,0.03402910575404287,4.654000000000004,0.0,0.022917651,0.15
3.610813507193887,3.2688733810372925,0.15,3363.2956141532045,1.2350821664328688,4.655000000000005,0.03403538272887324,4.655000000000004,0.0,0.022917651,0.15
3.610380581852502,3.2736283648729385,0.15,3372.7099637567912,1.2286888832634966,4.656000000000004,0.03404161810373538,4.656000000000004,0.0,0.022917651,0.15
3.6099546275323093,3.278394542722773,0.15,3382.1919148244688,1.2223122957467518,4.6570000000000045,0.03404771745735839,4.6570000000000045,0.0,0.022917651,0.15
3.609534817992691,3.2831615664347757,0.15,3391.719411997707,1.2159594342460853,4.658000000000004,0.034053726423764134,4.658000000000004,0.0,0.022917651,0.15
3.6091196774342325,3.287930060148692,0.15,3401.285802154407,1.2096237729266424,4.659000000000005,0.03405966166941826,4.659000000000004,0.0,0.022917651,0.15
3.6086955902881543,3.2926900398196617,0.15,3410.9142861324967,1.2032608436792527,4.660000000000005,0.03406553538349591,4.660000000000004,0.0,0.022917651,0.15
3.6082674125575553,3.2974503024475252,0.15,3420.565871613865,1.1968812704228105,4.661000000000004,0.03407136768821587,4.661000000000004,0.0,0.022917651,0.15
3.6078340915168474,3.3022069182176073,0.15,3430.269486580313,1.1904847735652755,4.662000000000005,0.0340769884970408,4.662000000000004,0.0,0.022917651,0.15
3.60741390744551,3.306971115722647,0.15,3439.9974197875918,1.1841332398484603,4.663000000000004,0.03408239993641807,4.663000000000004,0.0,0.022917651,0.15
3.607007974326356,3.311743709090259,0.15,3449.7507545533317,1.1778303107849422,4.664000000000004,0.03408757935563531,4.664000000000004,0.0,0.022917651,0.15
3.6066023643635323,3.316545919930155,0.15,3459.527755340157,1.1714990608431148,4.6650000000000045,0.034092684968903025,4.6650000000000045,0.0,0.022917651,0.15
3.606193632943888,3.32136651668935,0.15,3469.3138639767512,1.1651369404553744,4.666000000000004,0.034097782767818455,4.666000000000004,0.0,0.022917651,0.15
3.6057585285144604,3.3262440655959167,0.15,3479.108123077359,1.158612378382308,4.667000000000005,0.034102929132115,4.667000000000004,0.0,0.022917651,0.15
3.6053178867890723,3.3311669722890462,0.15,3488.898271975391,1.1520203031887561,4.668000000000005,0.034108079554298,4.668000000000004,0.0,0.022917651,0.15
3.604871368081745,3.3361416479791752,0.15,3498.683321108434,1.1453529435489567,4.669000000000005,0.03411323726585416,4.669000000000004,0.0,0.022917651,0.15
3.604422769163915,3.341214316039354,0.15,3508.4356508820397,1.1385792820643128,4.670000000000004,0.034118087602815164,4.670000000000004,0.0,0.022917651,0.15
3.6039786847353104,3.3463412468461593,0.15,3518.1652359034465,1.131769416747826,4.671000000000003,0.034122761656409456,4.671000000000004,0.0,0.022917651,0.15
3.6035489759279837,3.3515590285961836,0.15,3527.8456889753547,1.1249262010911212,4.672000000000004,0.03412708422201461,4.672000000000004,0.0,0.022917651,0.15
3.6030934246008095,3.3567952404272865,0.15,3537.4493276256117,1.117961178933381,4.673000000000005,0.034128429991385,4.6730000000000045,0.0,0.022917651,0.15
3.60264896090273,3.3618082148784127,0.15,3546.9782212042296,1.1112637443551054,4.674000000000004,0.03412804712389007,4.674000000000004,0.0,0.022917651,0.15
3.602294914882024,3.365847594045321,0.15,3556.311783665654,1.1059015852768175,4.675000000000004,0.03412521069788026,4.675000000000004,0.0,0.022917651,0.15
