log_Teff,LogL_lsun,Age_gyr,Step,Log_g,Mass_msun,feh,Mass_input,Metallicity_input,Z_used,Age_input
3.5411307025520173,-1.9122111729669946,10.0,320.58551893875165,4.9466400768253616,0.3000000000000002,0.02737601757713355,0.30000000000000016,0.0,0.022917651,10.0
3.5412817312063276,-1.9097308049811736,10.0,320.5882546388219,4.946013210640973,0.30100000000000016,0.027349051444303003,0.30100000000000016,0.0,0.022917651,10.0
3.541432811486877,-1.9072511436156474,10.0,320.58804828740676,4.94538725757573,0.30200000000000016,0.02732178845503446,0.30200000000000016,0.0,0.022917651,10.0
3.541583943345753,-1.9047721882146247,10.0,320.58490261492653,4.9447622167821965,0.30300000000000016,0.02729422888483052,0.30300000000000016,0.0,0.022917651,10.0
3.541735126735102,-1.902293938123126,10.0,320.578820348424,4.944138087413986,0.30400000000000016,0.027266373008853016,0.30400000000000016,0.0,0.022917651,10.0
3.54188636160713,-1.8998163926869815,10.0,320.56980421156976,4.9435148686257575,0.30500000000000016,0.02723822110192347,0.30500000000000016,0.0,0.022917651,10.0
3.542037647914102,-1.8973395512528306,10.0,320.5578569246669,4.942892559573215,0.30600000000000016,0.02720977343852365,0.30600000000000016,0.0,0.022917651,10.0
3.542188985608342,-1.89486341316812,10.0,320.5429812046566,4.942271159413108,0.3070000000000001,0.027181030292796116,0.30700000000000016,0.0,0.022917651,10.0
3.542340374642232,-1.892387977781102,10.0,320.5251797651232,4.941650667303224,0.3080000000000002,0.027151991938544694,0.30800000000000016,0.0,0.022917651,10.0
3.5424918149682147,-1.889913244440834,10.0,320.5044553162996,4.941031082402395,0.30900000000000016,0.02712265864923505,0.30900000000000016,0.0,0.022917651,10.0
3.542643306538791,-1.887439212497179,10.0,320.4808105650719,4.940412403870489,0.3100000000000002,0.027093030697995173,0.31000000000000016,0.0,0.022917651,10.0
3.5427948493065173,-1.8849658813007997,10.0,320.45424821498517,4.939794630868412,0.31100000000000017,0.027063108357615922,0.31100000000000017,0.0,0.022917651,10.0
3.5429464432240136,-1.882493250203162,10.0,320.42477096624833,4.939177762558103,0.3120000000000001,0.027032891900551522,0.31200000000000017,0.0,0.022917651,10.0
3.5430980882439553,-1.8800213185565315,10.0,320.3923815157392,4.9385617981025405,0.31300000000000017,0.027002381598920117,0.31300000000000017,0.0,0.022917651,10.0
3.5432497843190767,-1.877550085713972,10.0,320.35708255700985,4.9379467366657295,0.31400000000000017,0.02697157772450425,0.31400000000000017,0.0,0.022917651,10.0
3.54340153140217,-1.8750795510293454,10.0,320.3188767802914,4.9373325774127075,0.3150000000000002,0.026940480548751408,0.31500000000000017,0.0,0.022917651,10.0
3.543553329446086,-1.8726097138573092,10.0,320.2777668724996,4.936719319509543,0.3160000000000002,0.026909090342774524,0.31600000000000017,0.0,0.022917651,10.0
3.543705178403734,-1.8701405735533179,10.0,320.2337555172396,4.936106962123327,0.31700000000000017,0.026877407377352495,0.31700000000000017,0.0,0.022917651,10.0
3.543857078228081,-1.8676721294736174,10.0,320.18684539481114,4.935495504422184,0.31800000000000017,0.0268454319229307,0.31800000000000017,0.0,0.022917651,10.0
3.5440090288721526,-1.865204380975248,10.0,320.1370391822135,4.9348849455752575,0.3190000000000002,0.026813164249621522,0.3190000000000002,0.0,0.022917651,10.0
3.544161030289029,-1.8627373274160406,10.0,320.08433955315104,4.9342752847527125,0.3200000000000002,0.026780604627204815,0.3200000000000002,0.0,0.022917651,10.0
3.5443130824318523,-1.8602709681546172,10.0,320.02874917803763,4.9336665211257404,0.32100000000000023,0.0267477533251285,0.3210000000000002,0.0,0.022917651,10.0
3.544465185253821,-1.8578053025503878,10.0,319.9702707240019,4.9330586538665475,0.32200000000000023,0.02671461061250898,0.3220000000000002,0.0,0.022917651,10.0
3.5446173387081887,-1.855340329963551,10.0,319.908906854893,4.93245168214836,0.32300000000000023,0.026681176758131725,0.3230000000000002,0.0,0.022917651,10.0
3.54476954274827,-1.8528760497550911,10.0,319.8446602312844,4.93184560514542,0.3240000000000002,0.02664745203045174,0.3240000000000002,0.0,0.022917651,10.0
3.5449217973274365,-1.8504124612867792,10.0,319.77753351048,4.931240422032989,0.3250000000000002,0.026613436697594074,0.3250000000000002,0.0,0.022917651,10.0
3.5450739610413984,-1.8479560774415378,10.0,319.7137429610647,4.9306420801260575,0.3260000000000002,0.02657911202069538,0.3260000000000002,0.0,0.022917651,10.0
3.5452259613441575,-1.8455098581764207,10.0,319.65660881909696,4.930053249236151,0.3270000000000002,0.026544503594215747,0.3270000000000002,0.0,0.022917651,10.0
3.5453780114320708,-1.843063828388059,10.0,319.5968136244408,4.929464806976955,0.32800000000000024,0.026509653963677403,0.3280000000000002,0.0,0.022917651,10.0
3.5455301116227664,-1.8406179892853054,10.0,319.5343403996944,4.928876755827913,0.32900000000000024,0.026474561590208816,0.3290000000000002,0.0,0.022917651,10.0
3.545682262236579,-1.8381723420873197,10.0,319.46917202272783,4.92828909828961,0.3300000000000002,0.026439224921819965,0.3300000000000002,0.0,0.022917651,10.0
3.5458344635965786,-1.8357268880236746,10.0,319.40129122513787,4.927701836883994,0.3310000000000001,0.02640364239326226,0.3310000000000002,0.0,0.022917651,10.0
3.545986716028606,-1.8332816283344717,10.0,319.33068059068256,4.9271149741546,0.33200000000000024,0.026367812425886684,0.3320000000000002,0.0,0.022917651,10.0
3.546139019861291,-1.8308365642704507,10.0,319.25732255369553,4.926528512666789,0.33300000000000024,0.026331733427500024,0.3330000000000002,0.0,0.022917651,10.0
3.5462913754260916,-1.8283916970931053,10.0,319.1811993974804,4.925942455007978,0.3340000000000002,0.026295403792219337,0.3340000000000002,0.0,0.022917651,10.0
3.546443783057325,-1.8259470280748005,10.0,319.10229325268364,4.925356803787877,0.33500000000000024,0.02625882190032452,0.3350000000000002,0.0,0.022917651,10.0
3.5465962430921913,-1.8235025584988855,10.0,319.0205860956473,4.924771561638733,0.3360000000000002,0.026221986118108918,0.3360000000000002,0.0,0.022917651,10.0
3.5467487558708095,-1.8210582896598184,10.0,318.9360597467394,4.924186731215572,0.3370000000000002,0.02618489479772804,0.3370000000000002,0.0,0.022917651,10.0
3.5469013217362497,-1.8186142228632816,10.0,318.8486958686633,4.9236023151964465,0.3380000000000002,0.0261475462770463,0.3380000000000002,0.0,0.022917651,10.0
3.547053941034562,-1.8161703594263068,10.0,318.7584759647448,4.923018316282684,0.3390000000000002,0.026109938879481757,0.3390000000000002,0.0,0.022917651,10.0
3.547206614114812,-1.813726700677397,10.0,318.66538137719675,4.922434737199141,0.3400000000000002,0.0260720709138488,0.3400000000000002,0.0,0.022917651,10.0
3.5473593413291113,-1.8112832479566525,10.0,318.56939328536095,4.92185158069446,0.34100000000000025,0.02603394067419883,0.3410000000000002,0.0,0.022917651,10.0
3.547512123032654,-1.8088400026158973,10.0,318.47049270392733,4.921268849541334,0.3420000000000002,0.025995546439658783,0.3420000000000002,0.0,0.022917651,10.0
3.547664959583746,-1.8063969660188075,10.0,318.3686604811291,4.920686546536762,0.3430000000000002,0.025956886474267603,0.3430000000000002,0.0,0.022917651,10.0
3.547817851343843,-1.8039541395410421,10.0,318.2638772969147,4.92010467450232,0.34400000000000014,0.025917959026810485,0.3440000000000002,0.0,0.022917651,10.0
3.547970798677583,-1.8015115245703746,10.0,318.15612366109536,4.919523236284433,0.34500000000000014,0.02587876233065099,0.3450000000000002,0.0,0.022917651,10.0
3.548123801952824,-1.7990691225068263,10.0,318.0453799114679,4.91894223475465,0.34600000000000025,0.02583929460356089,0.3460000000000002,0.0,0.022917651,10.0
3.5482768615406743,-1.7966269347628014,10.0,317.93162621191306,4.9183616728099135,0.34700000000000014,0.025799554047547798,0.3470000000000002,0.0,0.022917651,10.0
3.5484299778155357,-1.794184962763226,10.0,317.8148425504682,4.917781553372851,0.3480000000000002,0.025759538848680482,0.3480000000000002,0.0,0.022917651,10.0
3.548583151155134,-1.791743207945685,10.0,317.6950087373745,4.917201879392055,0.3490000000000002,0.025719247176911837,0.3490000000000002,0.0,0.022917651,10.0
3.5487363819405595,-1.789301671760564,10.0,317.5721044030983,4.916622653842373,0.3500000000000002,0.025678677185899525,0.3500000000000002,0.0,0.022917651,10.0
3.5488896705563038,-1.786860355671193,10.0,317.44610899632505,4.916043879725201,0.3510000000000002,0.0256378270128242,0.3510000000000002,0.0,0.022917651,10.0
3.5490430173902943,-1.784419261153989,10.0,317.3170017819277,4.91546556006878,0.3520000000000002,0.02559669477820528,0.3520000000000002,0.0,0.022917651,10.0
3.54919642283394,-1.7819783896986041,10.0,317.1847618389064,4.914887697928496,0.35300000000000015,0.02555527858571428,0.3530000000000002,0.0,0.022917651,10.0
3.5493498872821645,-1.7795377428080743,10.0,317.0493680583017,4.914310296387183,0.3540000000000002,0.025513576521985565,0.3540000000000002,0.0,0.022917651,10.0
3.549503411133448,-1.7770973219989692,10.0,316.91079914107837,4.9137333585554375,0.3550000000000002,0.025471586656424627,0.3550000000000002,0.0,0.022917651,10.0
3.5496569947898653,-1.7746571288015454,10.0,316.7690335959814,4.9131568875719305,0.35600000000000026,0.02542930704101371,0.3560000000000002,0.0,0.022917651,10.0
3.5498106386571298,-1.7722171647599008,10.0,316.62404973736307,4.912580886603716,0.35700000000000026,0.025386735710114797,0.3570000000000002,0.0,0.022917651,10.0
3.549964343144633,-1.7697774314321322,10.0,316.47582568297923,4.912005358846567,0.35800000000000026,0.025343870680269963,0.3580000000000002,0.0,0.022917651,10.0
3.550118108665485,-1.7673379303904928,10.0,316.32433935175715,4.911430307525291,0.3590000000000002,0.025300709949998956,0.3590000000000002,0.0,0.022917651,10.0
3.550271935636558,-1.7648986632215549,10.0,316.1695684615315,4.910855735894063,0.36000000000000015,0.02525725149959405,0.3600000000000002,0.0,0.022917651,10.0
3.5504258244785327,-1.762459631526373,10.0,316.01149052675055,4.910281647236761,0.3610000000000002,0.025213493290912065,0.3610000000000002,0.0,0.022917651,10.0
3.550579775615933,-1.7600208369206485,10.0,315.8500828561496,4.909708044867311,0.3620000000000002,0.025169433267163546,0.3620000000000002,0.0,0.022917651,10.0
3.5507337894771815,-1.7575822810348989,10.0,315.68532255039366,4.909134932130019,0.36300000000000027,0.025125069352699043,0.3630000000000002,0.0,0.022917651,10.0
3.550887866494633,-1.7551439655146257,10.0,315.5171864996868,4.908562312399933,0.3640000000000002,0.025080399452792442,0.3640000000000002,0.0,0.022917651,10.0
3.551042007104627,-1.7527058920204908,10.0,315.34565138134866,4.907990189083192,0.3650000000000002,0.02503542145342127,0.3650000000000002,0.0,0.022917651,10.0
3.5511962117475337,-1.7502680622284876,10.0,315.1706936573579,4.907418565617379,0.36600000000000027,0.02499013322104405,0.3660000000000002,0.0,0.022917651,10.0
3.5513503729503006,-1.7478327405185086,10.0,314.99764784134777,4.906849276452012,0.36700000000000016,0.024944716196899606,0.3670000000000002,0.0,0.022917651,10.0
3.551504316561383,-1.7454033703835707,10.0,314.83523893214,4.906285068393494,0.36800000000000027,0.02489947667068123,0.3680000000000002,0.0,0.022917651,10.0
3.5516583357202016,-1.742973699818597,10.0,314.66895573902394,4.905720862087366,0.3690000000000002,0.02485391965864105,0.3690000000000002,0.0,0.022917651,10.0
3.5518124317574027,-1.7405437235320305,10.0,314.49873002316673,4.905156657564492,0.3700000000000003,0.02480803956881356,0.3700000000000002,0.0,0.022917651,10.0
3.55196660603506,-1.7381134361073103,10.0,314.3244919337253,4.904592454856466,0.37100000000000016,0.02476183067713391,0.3710000000000002,0.0,0.022917651,10.0
3.5521208599476206,-1.7356828319991615,10.0,314.1461699599627,4.904028253995638,0.3720000000000002,0.024715287123514,0.3720000000000002,0.0,0.022917651,10.0
3.552275194922863,-1.7332519055297457,10.0,313.96369088164795,4.903464055015121,0.3730000000000002,0.02466840290777785,0.3730000000000002,0.0,0.022917651,10.0
3.5524296124229027,-1.7308206508846773,10.0,313.7769797176656,4.902899857948832,0.3740000000000002,0.024621171885450342,0.3740000000000002,0.0,0.022917651,10.0
3.552584113945233,-1.7283890621088949,10.0,313.5859596727614,4.902335662831508,0.3750000000000002,0.0245735877633932,0.3750000000000002,0.0,0.022917651,10.0
3.552738701023796,-1.7259571331023789,10.0,313.3905520823428,4.901771469698727,0.3760000000000002,0.024525644095281508,0.3760000000000002,0.0,0.022917651,10.0
3.5528933752301035,-1.723524857615715,10.0,313.1906763552514,4.901207278586943,0.3770000000000003,0.024477334276914158,0.3770000000000002,0.0,0.022917651,10.0
3.5530481381743897,-1.7210922292454924,10.0,312.9862499144209,4.900643089533507,0.37800000000000017,0.024428651541350883,0.3780000000000002,0.0,0.022917651,10.0
3.5532029915068177,-1.7186592414295319,10.0,312.77718813532755,4.900078902576695,0.3790000000000002,0.024379588953868485,0.3790000000000002,0.0,0.022917651,10.0
3.553357936918717,-1.7162258874419318,10.0,312.56340428213684,4.89951471775574,0.3800000000000002,0.02433013940672827,0.3800000000000002,0.0,0.022917651,10.0
3.55351297614388,-1.7137921603879323,10.0,312.34480944144656,4.898950535110857,0.3810000000000002,0.02428029561374644,0.3810000000000002,0.0,0.022917651,10.0
3.553668110959905,-1.7113580531985828,10.0,312.1213124535177,4.8983863546832795,0.38200000000000023,0.024230050104658746,0.38200000000000023,0.0,0.022917651,10.0
3.5538233431895807,-1.7089235586252045,10.0,311.89281984088404,4.897822176515291,0.38300000000000023,0.024179395219270178,0.38300000000000023,0.0,0.022917651,10.0
3.553978674702341,-1.706488669233643,10.0,311.65923573422026,4.8972580006502495,0.38400000000000023,0.024128323101380154,0.38400000000000023,0.0,0.022917651,10.0
3.5541341074157593,-1.704053377398297,10.0,311.42046179534753,4.896693827132639,0.38500000000000023,0.024076825692473023,0.38500000000000023,0.0,0.022917651,10.0
3.5542896432971123,-1.7016176752959173,10.0,311.1763971372455,4.896129656008089,0.38600000000000023,0.02402489472516328,0.38600000000000023,0.0,0.022917651,10.0
3.5544452843649985,-1.6991815548991596,10.0,310.92693824093334,4.895565487323425,0.3870000000000003,0.023972521716384268,0.38700000000000023,0.0,0.022917651,10.0
3.554601032691023,-1.6967450079698851,10.0,310.67197886907803,4.895001321126697,0.3880000000000002,0.023919697960308593,0.38800000000000023,0.0,0.022917651,10.0
3.5547568904015527,-1.6943080260521977,10.0,310.4114099761763,4.894437157467229,0.38900000000000023,0.02386641452098781,0.38900000000000023,0.0,0.022917651,10.0
3.554912859679531,-1.691870600465199,10.0,310.14511961515205,4.893872996395658,0.39000000000000024,0.0238126622246984,0.39000000000000024,0.0,0.022917651,10.0
3.5550689427663773,-1.6894327222954557,10.0,309.872992840201,4.893308837963974,0.3910000000000003,0.023758431651980133,0.39100000000000024,0.0,0.022917651,10.0
3.5552251419639576,-1.6869943823891598,10.0,309.59491160570434,4.892744682225568,0.39200000000000024,0.023703713129352412,0.39200000000000024,0.0,0.022917651,10.0
3.555381459636634,-1.6845555713439722,10.0,309.31075466102715,4.892180529235287,0.3930000000000003,0.023648496720693246,0.39300000000000024,0.0,0.022917651,10.0
3.555537898213402,-1.6821162795005287,10.0,309.0203974410014,4.891616379049472,0.39400000000000024,0.023592772218264724,0.39400000000000024,0.0,0.022917651,10.0
3.5556944601901126,-1.6796764969335984,10.0,308.72371195188856,4.891052231726016,0.39500000000000024,0.023536529133367966,0.39500000000000024,0.0,0.022917651,10.0
3.5558511481317896,-1.6772362134428718,10.0,308.4205666526005,4.8904880873244165,0.39600000000000024,0.02347975668660957,0.39600000000000024,0.0,0.022917651,10.0
3.556007964675043,-1.6747954185433662,10.0,308.1108263309491,4.889923945905834,0.39700000000000024,0.02342244379776059,0.39700000000000024,0.0,0.022917651,10.0
3.5561649125305843,-1.6723541014554222,10.0,307.79435197467797,4.8893598075331415,0.3980000000000003,0.023364579075188012,0.39800000000000024,0.0,0.022917651,10.0
3.5563219944858444,-1.6699122510942817,10.0,307.471000637019,4.888795672271001,0.39900000000000024,0.023306150804837528,0.39900000000000024,0.0,0.022917651,10.0
3.5564792134077123,-1.6674698560592138,10.0,307.1406252965009,4.888231540185907,0.40000000000000024,0.023247146938745238,0.40000000000000024,0.0,0.022917651,10.0
3.556705736765344,-1.6647963503298113,10.0,307.28352001037257,4.887433228073438,0.40100000000000025,0.023244250979224817,0.40100000000000025,0.0,0.022917651,10.0
3.5569322655659916,-1.662122797053608,10.0,307.426511531075,4.886634890186838,0.40200000000000025,0.02324135368877608,0.40200000000000025,0.0,0.022917651,10.0
3.557158799867488,-1.6594491957254267,10.0,307.56960088716545,4.885836526252258,0.40300000000000025,0.023238455053258132,0.40300000000000025,0.0,0.022917651,10.0
3.557385339728485,-1.6567755458329085,10.0,307.7127891218238,4.885038135991962,0.4040000000000003,0.02323555505832902,0.40400000000000025,0.0,0.022917651,10.0
3.5576118852084733,-1.654101846856384,10.0,307.85607729311363,4.884239719124244,0.40500000000000025,0.023232653689442197,0.40500000000000025,0.0,0.022917651,10.0
3.5578384363677955,-1.6514280982687428,10.0,307.9994664742484,4.883441275363372,0.4060000000000003,0.02322975093184281,0.40600000000000025,0.0,0.022917651,10.0
3.5580649932676596,-1.6487542995353004,10.0,308.14295775386375,4.882642804419502,0.40700000000000025,0.023226846770563966,0.40700000000000025,0.0,0.022917651,10.0
3.5582915559701584,-1.6460804501136606,10.0,308.2865522362955,4.881844305998613,0.40800000000000025,0.023223941190422964,0.40800000000000025,0.0,0.022917651,10.0
3.558518105941489,-1.6434067344986112,10.0,308.4305425646675,4.881045890476353,0.40900000000000025,0.023221029989896412,0.40900000000000025,0.0,0.022917651,10.0
3.5587446601186645,-1.640732989125578,10.0,308.5746640033684,4.880247462020479,0.41000000000000036,0.023218116949313097,0.41000000000000025,0.0,0.022917651,10.0
3.5589712207778357,-1.6380591917572405,10.0,308.71888307411166,4.879449007496302,0.41100000000000025,0.023215202548684623,0.41100000000000025,0.0,0.022917651,10.0
3.5591977879944037,-1.6353853417887825,10.0,308.863200912565,4.878650526600597,0.41200000000000025,0.02321228677219076,0.41200000000000025,0.0,0.022917651,10.0
3.5594243618449406,-1.632711438605972,10.0,309.00761867207797,4.877852019025411,0.4130000000000003,0.023209369603765,0.41300000000000026,0.0,0.022917651,10.0
3.5596509424072167,-1.6300374815849754,10.0,309.15213752402826,4.87705348445798,0.41400000000000026,0.023206451027089677,0.41400000000000026,0.0,0.022917651,10.0
3.5598775297602243,-1.62736347009217,10.0,309.29675865817467,4.87625492258063,0.41500000000000026,0.02320353102559107,0.41500000000000026,0.0,0.022917651,10.0
3.5601041239841957,-1.6246894034839516,10.0,309.441483283019,4.875456333070688,0.4160000000000003,0.02320060958243437,0.41600000000000026,0.0,0.022917651,10.0
3.560330725160638,-1.6220152811065365,10.0,309.5863126261774,4.874657715600371,0.41700000000000037,0.0231976866805185,0.41700000000000026,0.0,0.022917651,10.0
3.5605573333723464,-1.6193411022957582,10.0,309.73124793475864,4.873859069836693,0.41800000000000026,0.02319476230247084,0.41800000000000026,0.0,0.022917651,10.0
3.5607839487034405,-1.616666866376864,10.0,309.8762904757536,4.873060395441365,0.41900000000000026,0.023191836430641807,0.41900000000000026,0.0,0.022917651,10.0
3.561010571239385,-1.6139925726643005,10.0,310.0214415364322,4.872261692070673,0.4200000000000003,0.023188909047099325,0.42000000000000026,0.0,0.022917651,10.0
3.561237201067018,-1.6113182204614964,10.0,310.16670242475135,4.871462959375389,0.4210000000000003,0.02318598013362314,0.42100000000000026,0.0,0.022917651,10.0
3.5614638382745776,-1.608643809060642,10.0,310.31207446977214,4.870664197000644,0.42200000000000026,0.023183049671699006,0.42200000000000026,0.0,0.022917651,10.0
3.5616904829517333,-1.605969337742461,10.0,310.4575590220868,4.869865404585825,0.4230000000000003,0.02318011764251276,0.42300000000000026,0.0,0.022917651,10.0
3.561917135189613,-1.6032948057759766,10.0,310.60315745425686,4.869066581764448,0.4240000000000003,0.023177184026944173,0.42400000000000027,0.0,0.022917651,10.0
3.5621437950808312,-1.6006202124182722,10.0,310.7488711612616,4.868267728164048,0.42500000000000027,0.02317424880556076,0.42500000000000027,0.0,0.022917651,10.0
3.5623704627195223,-1.5979455569142493,10.0,310.89470156095757,4.867468843406046,0.4260000000000002,0.02317131195861131,0.42600000000000027,0.0,0.022917651,10.0
3.5625971382013715,-1.5952708384963743,10.0,311.04065009454945,4.866669927105636,0.4270000000000003,0.023168373466019403,0.42700000000000027,0.0,0.022917651,10.0
3.5628238216236454,-1.5925960563844215,10.0,311.18671822707273,4.8658709788716425,0.4280000000000003,0.02316543330737663,0.42800000000000027,0.0,0.022917651,10.0
3.563050513085226,-1.5899212097852118,10.0,311.3329074478882,4.8650719983064,0.4290000000000003,0.023162491461935712,0.42900000000000027,0.0,0.022917651,10.0
3.5632772126866437,-1.5872462978923403,10.0,311.479219271189,4.864272985005609,0.4300000000000003,0.023159547908603483,0.43000000000000027,0.0,0.022917651,10.0
3.563503920530112,-1.5845713198859008,10.0,311.62565523652063,4.8634739385582035,0.4310000000000003,0.023156602625933574,0.43100000000000027,0.0,0.022917651,10.0
3.5637306367195625,-1.5818962749322012,10.0,311.77221690931293,4.862674858546203,0.4320000000000003,0.023153655592119054,0.4320000000000003,0.0,0.022917651,10.0
3.563957361360684,-1.579221162183474,10.0,311.91890588142735,4.861875744544574,0.4330000000000003,0.023150706784984793,0.4330000000000003,0.0,0.022917651,10.0
3.5641840945609538,-1.5765459807775766,10.0,312.06572377171665,4.861076596121073,0.4340000000000004,0.02314775618197966,0.4340000000000003,0.0,0.022917651,10.0
3.564410836429681,-1.5738707298376853,10.0,312.2126722265992,4.860277412836097,0.43500000000000033,0.023144803760168517,0.4350000000000003,0.0,0.022917651,10.0
3.564637587078046,-1.5711954084719835,10.0,312.35975292064893,4.8594781942425245,0.43600000000000033,0.02314184949622404,0.4360000000000003,0.0,0.022917651,10.0
3.5648643466191343,-1.5685200157733368,10.0,312.5069675571991,4.8586789398855545,0.43700000000000033,0.02313889336641825,0.4370000000000003,0.0,0.022917651,10.0
3.5650911151679865,-1.5658445508189645,10.0,312.6543178689628,4.857879649302548,0.43800000000000033,0.023135935346613908,0.4380000000000003,0.0,0.022917651,10.0
3.565317892841632,-1.5631690126701012,10.0,312.8018056186686,4.857080322022842,0.4390000000000003,0.023132975412255643,0.4390000000000003,0.0,0.022917651,10.0
3.56554467975914,-1.560493400371648,10.0,312.94943259971416,4.856280957567592,0.4400000000000002,0.02313001353836086,0.4400000000000003,0.0,0.022917651,10.0
3.5657714760416575,-1.5578177129518165,10.0,313.09720063683534,4.855481555449583,0.44100000000000034,0.023127049699510425,0.4410000000000003,0.0,0.022917651,10.0
3.565998281812459,-1.5551419494217618,10.0,313.24511158679394,4.854682115173048,0.4420000000000003,0.023124083869839048,0.4420000000000003,0.0,0.022917651,10.0
3.566225097196991,-1.552466108775208,10.0,313.3931673390838,4.853882636233482,0.4430000000000003,0.023121116023025485,0.4430000000000003,0.0,0.022917651,10.0
3.566451922322924,-1.5497901899880615,10.0,313.5413698166549,4.853083118117447,0.4440000000000003,0.023118146132282434,0.4440000000000003,0.0,0.022917651,10.0
3.566678757320197,-1.5471141920180151,10.0,313.68972097665693,4.852283560302373,0.44500000000000034,0.023115174170346187,0.4450000000000003,0.0,0.022917651,10.0
3.5669056023210692,-1.54443811380414,10.0,313.83822281120365,4.851483962256356,0.4460000000000003,0.02311220010946597,0.4460000000000003,0.0,0.022917651,10.0
3.567132457460175,-1.541761954266471,10.0,313.9868773481565,4.8506843234379415,0.4470000000000003,0.02310922392139303,0.4470000000000003,0.0,0.022917651,10.0
3.567359322874577,-1.5390857123055748,10.0,314.1356866519305,4.849884643295924,0.44800000000000034,0.023106245577369417,0.4480000000000003,0.0,0.022917651,10.0
3.567586198703816,-1.536409386802111,10.0,314.2846528243213,4.8490849212691085,0.4490000000000003,0.023103265048116457,0.4490000000000003,0.0,0.022917651,10.0
3.567813085089974,-1.5337329766163788,10.0,314.43377800535546,4.8482851567860985,0.4500000000000003,0.02310028230382289,0.4500000000000003,0.0,0.022917651,10.0
3.5680399821777264,-1.5310564805878517,10.0,314.5830643741633,4.847485349265053,0.4510000000000003,0.02309729731413276,0.4510000000000003,0.0,0.022917651,10.0
3.5682668901144075,-1.5283798975347005,10.0,314.7325141498764,4.846685498113453,0.4520000000000003,0.02309431004813286,0.4520000000000003,0.0,0.022917651,10.0
3.568493809050067,-1.5257032262533012,10.0,314.8821295925496,4.845885602727848,0.4530000000000003,0.0230913204743399,0.4530000000000003,0.0,0.022917651,10.0
3.568720739137534,-1.5230264655177317,10.0,315.03191300410873,4.845085662493613,0.4540000000000003,0.02308832856068734,0.4540000000000003,0.0,0.022917651,10.0
3.568947680532483,-1.520349614079251,10.0,315.18186672932467,4.844285676784681,0.4550000000000003,0.023085334274511773,0.4550000000000003,0.0,0.022917651,10.0
3.5691746333935,-1.5176726706657675,10.0,315.33199315681526,4.843485644963278,0.45600000000000035,0.023082337582539005,0.4560000000000003,0.0,0.022917651,10.0
3.5694015978821487,-1.5149956339812902,10.0,315.4822947200743,4.842685566379648,0.4570000000000003,0.0230793384508697,0.4570000000000003,0.0,0.022917651,10.0
3.569628574163044,-1.5123185027053647,10.0,315.63277389853107,4.841885440371768,0.4580000000000004,0.02307633684496462,0.4580000000000003,0.0,0.022917651,10.0
3.5698555624039225,-1.5096412754924928,10.0,315.7834332186387,4.841085266265061,0.4590000000000003,0.023073332729629477,0.4590000000000003,0.0,0.022917651,10.0
3.5700825627757173,-1.5069639509715371,10.0,315.9342752549954,4.840285043372095,0.4600000000000003,0.02307032606899931,0.4600000000000003,0.0,0.022917651,10.0
3.5703095754526353,-1.5042865277451054,10.0,316.0853026314953,4.8394847709922795,0.4610000000000003,0.023067316826522438,0.4610000000000003,0.0,0.022917651,10.0
3.570536600612231,-1.5016090043889214,10.0,316.236518022515,4.8386844484115334,0.4620000000000003,0.023064304964943955,0.4620000000000003,0.0,0.022917651,10.0
3.570763638435498,-1.498931379451174,10.0,316.38792415413326,4.837884074901986,0.4630000000000003,0.023061290446288716,0.4630000000000003,0.0,0.022917651,10.0
3.5709906891069405,-1.4962536514518485,10.0,316.53952380538635,4.837083649721614,0.4640000000000003,0.02305827323184388,0.4640000000000003,0.0,0.022917651,10.0
3.5712177528146665,-1.4935758188820394,10.0,316.69131980956047,4.836283172113918,0.46500000000000036,0.02305525328214087,0.4650000000000003,0.0,0.022917651,10.0
3.5714448297504733,-1.4908978802032404,10.0,316.8433150555216,4.83548264130755,0.4660000000000003,0.023052230556936875,0.4660000000000003,0.0,0.022917651,10.0
3.5716719201099414,-1.4882198338466162,10.0,316.9955124890858,4.834682056515965,0.4670000000000003,0.02304920501519574,0.4670000000000003,0.0,0.022917651,10.0
3.571899024092523,-1.4855416782122512,10.0,317.14791511442894,4.833881416937029,0.4680000000000003,0.02304617661506835,0.4680000000000003,0.0,0.022917651,10.0
3.5721261419016437,-1.4828634116683752,10.0,317.30052599553915,4.833080721752641,0.4690000000000003,0.023043145313872384,0.4690000000000003,0.0,0.022917651,10.0
3.572353273744797,-1.4801850325505688,10.0,317.45334825771334,4.832279970128328,0.4700000000000003,0.023040111068071474,0.4700000000000003,0.0,0.022917651,10.0
3.5725804198336526,-1.4775065391609399,10.0,317.6063850890976,4.83147916121284,0.4710000000000003,0.023037073833253728,0.4710000000000003,0.0,0.022917651,10.0
3.5728075803841555,-1.4748279297672797,10.0,317.7596397422756,4.830678294137717,0.47200000000000036,0.023034033564109636,0.4720000000000003,0.0,0.022917651,10.0
3.5730347556166375,-1.4721492026021907,10.0,317.9131155359046,4.829877368016857,0.4730000000000003,0.023030990214409255,0.4730000000000003,0.0,0.022917651,10.0
3.5732619457559314,-1.4694703558621902,10.0,318.06681585640183,4.829076381946072,0.4740000000000003,0.023027943736978723,0.4740000000000003,0.0,0.022917651,10.0
3.573489151031482,-1.466791387706781,10.0,318.22074415968297,4.828275335002609,0.4750000000000003,0.023024894083676042,0.4750000000000003,0.0,0.022917651,10.0
3.5737163716774676,-1.464112296257501,10.0,318.37490397295386,4.827474226244688,0.4760000000000003,0.023021841205366128,0.4760000000000003,0.0,0.022917651,10.0
3.573943607932923,-1.4614330795969375,10.0,318.5292988965585,4.826673054710995,0.4770000000000003,0.023018785051895033,0.4770000000000003,0.0,0.022917651,10.0
3.5741708600418653,-1.4587537357677105,10.0,318.6839326058846,4.8258718194201835,0.4780000000000003,0.02301572557206347,0.4780000000000003,0.0,0.022917651,10.0
3.574398128253424,-1.4560742627714292,10.0,318.838808853329,4.825070519370338,0.47900000000000037,0.023012662713599356,0.4790000000000003,0.0,0.022917651,10.0
3.5746254128219745,-1.45339465856761,10.0,318.9939314703252,4.824269153538447,0.4800000000000003,0.023009596423129608,0.4800000000000003,0.0,0.022917651,10.0
3.574852714007282,-1.450714921072564,10.0,319.1493043694354,4.823467720879835,0.4810000000000003,0.02300652664615101,0.4810000000000003,0.0,0.022917651,10.0
3.5750800320746383,-1.4480350481582456,10.0,319.3049315465093,4.822666220327588,0.4820000000000003,0.023003453327000104,0.4820000000000003,0.0,0.022917651,10.0
3.575307367295014,-1.4453550376510667,10.0,319.46081708291183,4.821864650791956,0.4830000000000003,0.023000376408822194,0.4830000000000003,0.0,0.022917651,10.0
3.5755347199452103,-1.4426748873306723,10.0,319.6169651478235,4.821063011159749,0.4840000000000003,0.022997295833539284,0.4840000000000003,0.0,0.022917651,10.0
3.575762090308015,-1.4399945949286757,10.0,319.77338000061474,4.820261300293687,0.4850000000000003,0.022994211541816984,0.4850000000000003,0.0,0.022917651,10.0
3.575989478672368,-1.4373141581273514,10.0,319.9300659932981,4.819459517031762,0.4860000000000004,0.022991123473030405,0.4860000000000003,0.0,0.022917651,10.0
3.576216885333526,-1.434633574558288,10.0,320.08702757306054,4.818657660186546,0.4870000000000003,0.02298803156522881,0.4870000000000003,0.0,0.022917651,10.0
3.576444310593242,-1.4319528418009948,10.0,320.24426928487986,4.817855728544511,0.4880000000000003,0.022984935755099238,0.4880000000000003,0.0,0.022917651,10.0
3.576671754759937,-1.4292719573814614,10.0,320.4017957742269,4.817053720865283,0.4890000000000004,0.02298183597792881,0.4890000000000003,0.0,0.022917651,10.0
3.576899218148891,-1.4265909187706705,10.0,320.5596117898591,4.8162516358809215,0.4900000000000003,0.022978732167565828,0.4900000000000003,0.0,0.022917651,10.0
3.5771267010824337,-1.4239097233830615,10.0,320.7177221867067,4.815449472295133,0.4910000000000003,0.02297562425637959,0.4910000000000003,0.0,0.022917651,10.0
3.5773542038901405,-1.4212283685749414,10.0,320.87613192885675,4.814647228782478,0.4920000000000003,0.02297251217521879,0.4920000000000003,0.0,0.022917651,10.0
3.5775817269090404,-1.418546851642839,10.0,321.0348460926383,4.8138449039875475,0.4930000000000004,0.02296939585336857,0.4930000000000003,0.0,0.022917651,10.0
3.577809270483825,-1.4158651698218105,10.0,321.19386986981294,4.813042496524112,0.4940000000000003,0.02296627521850604,0.4940000000000003,0.0,0.022917651,10.0
3.578036834967069,-1.413183320283678,10.0,321.3532085708744,4.8122400049742415,0.49500000000000033,0.022963150196654365,0.49500000000000033,0.0,0.022917651,10.0
3.578264420719457,-1.4105013001352136,10.0,321.51286762846235,4.811437427887389,0.4960000000000004,0.022960020712135144,0.49600000000000033,0.0,0.022917651,10.0
3.5784920281100168,-1.4078191064162577,10.0,321.6728526008944,4.810634763779456,0.49700000000000033,0.022956886687519256,0.49700000000000033,0.0,0.022917651,10.0
3.5787196575163644,-1.405136736097773,10.0,321.83316917582187,4.809832011131804,0.49800000000000033,0.022953748043575938,0.49800000000000033,0.0,0.022917651,10.0
3.5789473093249526,-1.4024541860798274,10.0,321.99382317401296,4.809029168390258,0.49900000000000033,0.022950604699220035,0.49900000000000033,0.0,0.022917651,10.0
3.579174983931332,-1.3997714531895102,10.0,322.15482055327084,4.80822623396405,0.5000000000000003,0.02294745657145748,0.5000000000000003,0.0,0.022917651,10.0
3.5794906910821918,-1.396843645523674,10.0,322.4051102255528,4.807353066728409,0.5010000000000003,0.022947328068859924,0.5010000000000003,0.0,0.022917651,10.0
3.5798064990865455,-1.3939150752074034,10.0,322.6562797291255,4.806479540262879,0.5020000000000003,0.02294719900265468,0.5020000000000003,0.0,0.022917651,10.0
3.5801224095491726,-1.390985730105419,10.0,322.90834306384806,4.8056056488514,0.5030000000000003,0.022947069363873637,0.5030000000000003,0.0,0.022917651,10.0
3.5804384241090808,-1.3880555978236073,10.0,323.1613145281838,4.804731386655998,0.5040000000000003,0.022946939143357395,0.5040000000000003,0.0,0.022917651,10.0
3.580754544440423,-1.3851246657020813,10.0,323.41520872720446,4.803856747713504,0.5050000000000003,0.022946808331750147,0.5050000000000003,0.0,0.022917651,10.0
3.5810707722534465,-1.3821929208080197,10.0,323.6700405808529,4.802981725932196,0.5060000000000003,0.02294667691949439,0.5060000000000003,0.0,0.022917651,10.0
3.5813871092954677,-1.3792603499282714,10.0,323.92582533247435,4.802106315088306,0.5070000000000003,0.02294654489682545,0.5070000000000003,0.0,0.022917651,10.0
3.5817035573518856,-1.3763269395617188,10.0,324.1825785576268,4.801230508822427,0.5080000000000005,0.022946412253765834,0.5080000000000003,0.0,0.022917651,10.0
3.582020118247223,-1.3733926759113886,10.0,324.44031617318075,4.800354300635797,0.5090000000000003,0.022946278980119427,0.5090000000000003,0.0,0.022917651,10.0
3.582336793846204,-1.370457544876305,10.0,324.6990544467199,4.799477683886454,0.5100000000000005,0.022946145065465426,0.5100000000000003,0.0,0.022917651,10.0
3.5826535860548674,-1.36752153204307,10.0,324.95881000625417,4.798600651785283,0.5110000000000003,0.022946010499152174,0.5110000000000003,0.0,0.022917651,10.0
3.582970496821719,-1.3645846226771616,10.0,325.21959985025757,4.79772319739191,0.5120000000000003,0.022945875270290676,0.5120000000000003,0.0,0.022917651,10.0
3.583287528138917,-1.3616468017139411,10.0,325.48144135804256,4.7968453136104605,0.5130000000000005,0.022945739367747988,0.5130000000000003,0.0,0.022917651,10.0
3.583604682043506,-1.3587080537493563,10.0,325.74435230048647,4.795966993185194,0.5140000000000003,0.022945602780140333,0.5140000000000003,0.0,0.022917651,10.0
3.583921960618686,-1.3557683630303279,10.0,326.00835085112095,4.795088228695964,0.5150000000000003,0.022945465495826,0.5150000000000003,0.0,0.022917651,10.0
3.5842393659951264,-1.3528277134448081,10.0,326.27345559760175,4.794209012553543,0.5160000000000003,0.022945327502898002,0.5160000000000003,0.0,0.022917651,10.0
3.584556900352328,-1.3498860885114983,10.0,326.5396855535717,4.793329336994771,0.5170000000000003,0.02294518878917645,0.5170000000000003,0.0,0.022917651,10.0
3.584874565920026,-1.346943471369207,10.0,326.8070601709348,4.792449194077553,0.5180000000000005,0.02294504934220074,0.5180000000000003,0.0,0.022917651,10.0
3.585192364979653,-1.3439998447658452,10.0,327.07559935255637,4.791568575675667,0.5190000000000003,0.022944909149221357,0.5190000000000003,0.0,0.022917651,10.0
3.5855103260356818,-1.3410552904374011,10.0,327.3452060776405,4.79068767765212,0.5200000000000004,0.02294476819632185,0.5200000000000004,0.0,0.022917651,10.0
3.5858285894818387,-1.3381103057944008,10.0,327.6152845521738,4.789807559550042,0.5210000000000005,0.022944626469085308,0.5210000000000004,0.0,0.022917651,10.0
3.5861469959161285,-1.3351642507122656,10.0,327.88658421029265,4.7889269429497245,0.5220000000000005,0.022944483961863625,0.5220000000000004,0.0,0.022917651,10.0
3.5864655479108882,-1.3322171059339565,10.0,328.1591270209058,4.788045818883262,0.5230000000000004,0.022944340660625,0.5230000000000004,0.0,0.022917651,10.0
3.5867842481005248,-1.3292688517377398,10.0,328.4329354830577,4.787164178166339,0.5240000000000005,0.022944196550999014,0.5240000000000004,0.0,0.022917651,10.0
3.587103099183405,-1.3263194679230847,10.0,328.7080326420163,4.786282011391666,0.5250000000000004,0.02294405161826635,0.5250000000000004,0.0,0.022917651,10.0
3.587422103923804,-1.3233689337960444,10.0,328.9844421059507,4.785399308922177,0.5260000000000005,0.02294390584734821,0.5260000000000004,0.0,0.022917651,10.0
3.5877412651539315,-1.3204172281540987,10.0,329.26218806322305,4.78451606088396,0.5270000000000004,0.02294375922279515,0.5270000000000004,0.0,0.022917651,10.0
3.588060585776034,-1.3174643292704338,10.0,329.5412953003228,4.783632257158946,0.5280000000000004,0.022943611728775758,0.5280000000000004,0.0,0.022917651,10.0
3.5883800687645677,-1.3145102148776364,10.0,329.8217892204695,4.782747887377311,0.5290000000000005,0.022943463349064667,0.5290000000000004,0.0,0.022917651,10.0
3.5886997171684643,-1.3115548621507729,10.0,330.10369586291415,4.781862940909592,0.5300000000000004,0.02294331406703029,0.5300000000000004,0.0,0.022917651,10.0
3.589019534113471,-1.3085982476898332,10.0,330.38704192297075,4.780977406858523,0.5310000000000004,0.022943163865622,0.5310000000000004,0.0,0.022917651,10.0
3.589339522804591,-1.3056403475015026,10.0,330.6718547728092,4.780091274050534,0.5320000000000004,0.022943012727356847,0.5320000000000004,0.0,0.022917651,10.0
3.589659686528607,-1.3026811369802387,10.0,330.95816248304396,4.779204531026946,0.5330000000000004,0.022942860634305784,0.5330000000000004,0.0,0.022917651,10.0
3.5899800286567056,-1.2997205908886191,10.0,331.24599384515477,4.778317166034816,0.5340000000000004,0.022942707568079333,0.5340000000000004,0.0,0.022917651,10.0
3.5903005526472103,-1.2967586833369251,10.0,331.5353783947758,4.777429167017426,0.5350000000000004,0.022942553509812717,0.5350000000000004,0.0,0.022917651,10.0
3.590621262048408,-1.2937953877619324,10.0,331.8263464358951,4.776540521604416,0.5360000000000005,0.022942398440150405,0.5360000000000004,0.0,0.022917651,10.0
3.5909421605014957,-1.2908306769048634,10.0,332.1189290660022,4.775651217101508,0.5370000000000005,0.022942242339230038,0.5370000000000004,0.0,0.022917651,10.0
3.591263251743646,-1.2878645227884757,10.0,332.4131582022321,4.774761240479836,0.5380000000000004,0.022942085186665753,0.5380000000000004,0.0,0.022917651,10.0
3.5915845396111843,-1.2848968966932304,10.0,332.70906660854945,4.7738705783648525,0.5390000000000004,0.0229419269615308,0.5390000000000004,0.0,0.022917651,10.0
3.591906028042902,-1.28192776913251,10.0,333.00668792402,4.772979217024786,0.5400000000000004,0.022941767642339482,0.5400000000000004,0.0,0.022917651,10.0
3.5922277210835,-1.2789571098268373,10.0,333.30605669222444,4.7720871423586315,0.5410000000000004,0.022941607207028383,0.5410000000000004,0.0,0.022917651,10.0
3.5925496228871716,-1.2759848876770457,10.0,333.607208391866,4.77119433988366,0.5420000000000003,0.022941445632936826,0.5420000000000004,0.0,0.022917651,10.0
3.5928718170262286,-1.2730116578716222,10.0,333.9095754806929,4.7703016993987255,0.5430000000000005,0.02294128108927892,0.5430000000000004,0.0,0.022917651,10.0
3.593194257142663,-1.2700370036076427,10.0,334.2135875721362,4.769408618489465,0.5440000000000004,0.022941114771521404,0.5440000000000004,0.0,0.022917651,10.0
3.5935169199659636,-1.267060683741222,10.0,334.51949604719806,4.768514762821453,0.5450000000000005,0.022940947299345083,0.5450000000000004,0.0,0.022917651,10.0
3.5938398101700524,-1.2640826633165505,10.0,334.82734070506564,4.767620116134914,0.5460000000000004,0.0229407786485223,0.5460000000000004,0.0,0.022917651,10.0
3.5941629325605637,-1.2611029063927772,10.0,335.1371624664537,4.76672466171188,0.5470000000000003,0.02294060879414268,0.5470000000000004,0.0,0.022917651,10.0
3.5944862920795115,-1.2581213760090642,10.0,335.4490034133892,4.765828382359933,0.5480000000000004,0.022940437710588877,0.5480000000000004,0.0,0.022917651,10.0
3.594809893810166,-1.2551380341481455,10.0,335.7629068307035,4.764931260395257,0.5490000000000004,0.022940265371511368,0.5490000000000004,0.0,0.022917651,10.0
3.595133742982134,-1.2521528416983112,10.0,336.07891724931494,4.764033277624949,0.5500000000000004,0.022940091749802067,0.5500000000000004,0.0,0.022917651,10.0
3.595457844976665,-1.2491657584137377,10.0,336.39708049139455,4.763134415328575,0.5510000000000004,0.022939916817566842,0.5510000000000004,0.0,0.022917651,10.0
3.595782205332185,-1.2461767428730812,10.0,336.7174437175106,4.762234654238902,0.5520000000000004,0.022939740546096814,0.5520000000000004,0.0,0.022917651,10.0
3.596106829750081,-1.2431857524362433,10.0,337.04005547585365,4.761333974521792,0.5530000000000005,0.022939562905838394,0.5530000000000004,0.0,0.022917651,10.0
3.596431724100735,-1.240192743199213,10.0,337.3649657536504,4.760432355755193,0.5540000000000004,0.022939383866361972,0.5540000000000004,0.0,0.022917651,10.0
3.596756894429837,-1.2371976699468876,10.0,337.69222603088065,4.7595297769072,0.5550000000000004,0.022939203396329256,0.5550000000000004,0.0,0.022917651,10.0
3.597082346964974,-1.2342004861037639,10.0,338.0218893364185,4.758626216313112,0.5560000000000005,0.022939021463459035,0.5560000000000004,0.0,0.022917651,10.0
3.5974080881225237,-1.231201143682386,10.0,338.3540103067259,4.757721651651451,0.5570000000000004,0.02293883803449151,0.5570000000000004,0.0,0.022917651,10.0
3.597734124514865,-1.2281995932294323,10.0,338.68864524723716,4.756816059918898,0.5580000000000003,0.02293865307515088,0.5580000000000004,0.0,0.022917651,10.0
3.59806046295792,-1.2251957837693137,10.0,339.02585219657544,4.7559094174040375,0.5590000000000004,0.022938466550106285,0.5590000000000004,0.0,0.022917651,10.0
3.5983871675046073,-1.2221897361623306,10.0,339.36530256517034,4.755002001121944,0.5600000000000004,0.022938277874070573,0.5600000000000004,0.0,0.022917651,10.0
3.5987142409401582,-1.2191813834092842,10.0,339.7071001831791,4.754093755220036,0.5610000000000005,0.02293808708928934,0.5610000000000004,0.0,0.022917651,10.0
3.5990416393730067,-1.2161706009331008,10.0,340.05166282122514,4.753184379607497,0.5620000000000004,0.022937894663949028,0.5620000000000004,0.0,0.022917651,10.0
3.5993693705660026,-1.2131573306976942,10.0,340.39905652425716,4.75227384730019,0.5630000000000004,0.02293770055886344,0.5630000000000004,0.0,0.022917651,10.0
3.5996974425312054,-1.21014151280382,10.0,340.74934945749476,4.751362130447693,0.5640000000000004,0.022937504733588354,0.5640000000000004,0.0,0.022917651,10.0
3.6000258635399747,-1.2071230854137036,10.0,341.10261199220196,4.750449200298256,0.5650000000000004,0.022937307146370645,0.5650000000000004,0.0,0.022917651,10.0
3.600354642133539,-1.2041019846719767,10.0,341.4589167956579,4.749535027162041,0.5660000000000004,0.02293710775409492,0.5660000000000004,0.0,0.022917651,10.0
3.6006837871340953,-1.2010781446227186,10.0,341.8183389255684,4.748619580372547,0.5670000000000005,0.02293690651222746,0.5670000000000004,0.0,0.022917651,10.0
3.601013307656457,-1.198051497122364,10.0,342.180955929173,4.747702828246119,0.5680000000000004,0.02293670337475745,0.5680000000000004,0.0,0.022917651,10.0
3.6013432131202903,-1.1950219717482455,10.0,342.5468479473258,4.746784738039424,0.5690000000000004,0.02293649829413521,0.5690000000000004,0.0,0.022917651,10.0
3.6016735132629614,-1.1919894957025072,10.0,342.9160978238398,4.745865275904773,0.5700000000000005,0.022936291221207335,0.5700000000000004,0.0,0.022917651,10.0
3.6020042181530476,-1.1889539937111167,10.0,343.2887912204126,4.7449444068431665,0.5710000000000004,0.022936082105148487,0.5710000000000004,0.0,0.022917651,10.0
3.602335338204542,-1.1859153879176798,10.0,343.66501673746404,4.7440220946549285,0.5720000000000005,0.022935870893389703,0.5720000000000004,0.0,0.022917651,10.0
3.602666884191792,-1.1828735977717437,10.0,344.044866041247,4.743098301887765,0.5730000000000004,0.022935657531542992,0.5730000000000004,0.0,0.022917651,10.0
3.6029989724589484,-1.1798286287848978,10.0,344.4277202153135,4.742173497094596,0.5740000000000004,0.02293544090418447,0.5740000000000004,0.0,0.022917651,10.0
3.603331518661922,-1.1767802986879725,10.0,344.814353841701,4.741247162723611,0.5750000000000004,0.022935221983743422,0.5750000000000004,0.0,0.022917651,10.0
3.6036645279335895,-1.173728511122742,10.0,345.2049170558213,4.7403192230991635,0.5760000000000004,0.022935000782625024,0.5760000000000004,0.0,0.022917651,10.0
3.6039980127670717,-1.170673172810224,10.0,345.5995158739587,4.739389634913146,0.5770000000000005,0.02293477723929892,0.5770000000000004,0.0,0.022917651,10.0
3.604331986108972,-1.1676141870855572,10.0,345.99826016062065,4.738458353285434,0.5780000000000004,0.02293455129000129,0.5780000000000004,0.0,0.022917651,10.0
3.6046664613801394,-1.1645514537429682,10.0,346.4012638047414,4.73752533169191,0.5790000000000004,0.022934322868632617,0.5790000000000004,0.0,0.022917651,10.0
3.6050014524975817,-1.1614848688721375,10.0,346.8086449056579,4.7365905218884885,0.5800000000000005,0.0229340919066497,0.5800000000000004,0.0,0.022917651,10.0
3.60533697389761,-1.1584143246854113,10.0,347.22052596949476,4.73565387383089,0.5810000000000004,0.0229338583329517,0.5810000000000004,0.0,0.022917651,10.0
3.6056730405602875,-1.155339709335247,10.0,347.6370341166449,4.734715335589889,0.5820000000000004,0.022933622073759753,0.5820000000000004,0.0,0.022917651,10.0
3.6060096680352753,-1.1522609067212508,10.0,348.05830130108336,4.733774853261719,0.5830000000000005,0.022933383052489615,0.5830000000000004,0.0,0.022917651,10.0
3.606346872469163,-1.1491777962860985,10.0,348.48446454231066,4.732832370873329,0.5840000000000004,0.022933141189617114,0.5840000000000004,0.0,0.022917651,10.0
3.6066849737019333,-1.146089065231089,10.0,348.9148903675203,4.7318878582577835,0.5850000000000004,0.022932895261994445,0.5850000000000004,0.0,0.022917651,10.0
3.6070237109211374,-1.1429956477137047,10.0,349.3504816235443,4.7309412033869584,0.5860000000000004,0.0229326463575503,0.5860000000000004,0.0,0.022917651,10.0
3.607363086473466,-1.139897468344255,10.0,349.79143622833317,4.7299923400879145,0.5870000000000004,0.022932394453403365,0.5870000000000004,0.0,0.022917651,10.0
3.607703119607526,-1.136794383531557,10.0,350.23791591089145,4.729041201766641,0.5880000000000005,0.02293213945909914,0.5880000000000004,0.0,0.022917651,10.0
3.6080438303536875,-1.1336862438525852,10.0,350.69008896871924,4.728087719124466,0.5890000000000004,0.022931881280509426,0.5890000000000004,0.0,0.022917651,10.0
3.6083852395641856,-1.130572893753366,10.0,351.14813060470055,4.727131820019339,0.5900000000000004,0.022931619819643825,0.5900000000000004,0.0,0.022917651,10.0
3.608727368955706,-1.1274541712312691,10.0,351.6122232849414,4.726173429318477,0.5910000000000005,0.022931354974449675,0.5910000000000004,0.0,0.022917651,10.0
3.60907024115465,-1.1243299074973405,10.0,352.0825571190917,4.725212468741775,0.5920000000000004,0.022931086638599284,0.5920000000000004,0.0,0.022917651,10.0
3.609413879745277,-1.12119992661719,10.0,352.55933026481824,4.72424885669525,0.5930000000000004,0.02293081470126374,0.5930000000000004,0.0,0.022917651,10.0
3.609758443688105,-1.1180636842182774,10.0,353.0421413190345,4.723282681624138,0.5940000000000004,0.02293053886009628,0.5940000000000004,0.0,0.022917651,10.0
3.610103844521151,-1.11492127707565,10.0,353.5318037624901,4.722313689114454,0.5950000000000004,0.022930259177368056,0.5950000000000004,0.0,0.022917651,10.0
3.6104500999938356,-1.1117725275369605,10.0,354.02859144412133,4.721341772728758,0.5960000000000004,0.022929975540855144,0.5960000000000004,0.0,0.022917651,10.0
3.6107972386408362,-1.1086172238425287,10.0,354.5327422611109,4.720366834844789,0.5970000000000004,0.02292968781854874,0.5970000000000004,0.0,0.022917651,10.0
3.6111452902814105,-1.1054551446996126,10.0,355.04450482037,4.719388773445499,0.5980000000000004,0.022929395872497205,0.5980000000000004,0.0,0.022917651,10.0
3.6114942860925106,-1.1022860587398493,10.0,355.56413904806493,4.718407481868921,0.5990000000000004,0.022929099558467878,0.5990000000000004,0.0,0.022917651,10.0
3.6118442586869417,-1.0991097239392138,10.0,356.0919168412523,4.717422848540783,0.6000000000000004,0.02292879872558547,0.6000000000000004,0.0,0.022917651,10.0
3.6122289427568113,-1.0961304913594732,10.0,356.336858302512,4.716651819478618,0.6010000000000005,0.022928785151882933,0.6010000000000004,0.0,0.022917651,10.0
3.6126139382451257,-1.0931492250868566,10.0,356.5833926927528,4.715880003240163,0.6020000000000004,0.02292877149317082,0.6020000000000004,0.0,0.022917651,10.0
3.612999158177559,-1.0901663650773639,10.0,356.8318448518431,4.715107491087937,0.6030000000000005,0.022928757747737796,0.6030000000000004,0.0,0.022917651,10.0
3.613384596420233,-1.0871819358549375,10.0,357.08227427824,4.714334282931498,0.6040000000000004,0.022928743914406562,0.6040000000000004,0.0,0.022917651,10.0
3.6137702562485847,-1.0841959138757595,10.0,357.33471063803984,4.713560368328285,0.6050000000000004,0.022928729991858354,0.6050000000000004,0.0,0.022917651,10.0
3.6141561410039036,-1.0812082751226555,10.0,357.5891841937856,4.712785736625795,0.6060000000000005,0.022928715978747856,0.6060000000000004,0.0,0.022917651,10.0
3.6145422540949963,-1.078218995093138,10.0,357.84572581953216,4.712010376956262,0.6070000000000004,0.02292870187370259,0.6070000000000004,0.0,0.022917651,10.0
3.6149285989999007,-1.075228048787088,10.0,358.1043670163709,4.711234278231203,0.6080000000000004,0.02292868767532218,0.6080000000000004,0.0,0.022917651,10.0
3.6153151792676526,-1.072235410694054,10.0,358.3651399284293,4.710457429135788,0.6090000000000004,0.022928673382177692,0.6090000000000004,0.0,0.022917651,10.0
3.615701998520107,-1.0692410547801656,10.0,358.6280773593633,4.709679818123028,0.6100000000000004,0.022928658992810852,0.6100000000000004,0.0,0.022917651,10.0
3.6160890604538127,-1.0662449544746389,10.0,358.8932127893594,4.708901433407794,0.6110000000000004,0.022928644505733325,0.6110000000000004,0.0,0.022917651,10.0
3.6164763688419517,-1.0632470826558644,10.0,359.16058039266557,4.708122262960643,0.6120000000000005,0.022928629919425916,0.6120000000000004,0.0,0.022917651,10.0
3.6168639890461574,-1.060246998797634,10.0,359.43003182816904,4.707342127289933,0.6130000000000005,0.02292861515084451,0.6130000000000004,0.0,0.022917651,10.0
3.6172519234741682,-1.057244682148434,10.0,359.7016099631533,4.706561015299919,0.6140000000000005,0.022928600202535884,0.6140000000000004,0.0,0.022917651,10.0
3.6176401167760095,-1.0542405013580591,10.0,359.9755289321021,4.705779074642175,0.6150000000000004,0.022928585152260116,0.6150000000000004,0.0,0.022917651,10.0
3.6180285730615775,-1.0512344268312919,10.0,360.25182589823555,4.70499629216072,0.6160000000000004,0.02292856999839836,0.6160000000000004,0.0,0.022917651,10.0
3.61841729652823,-1.0482264283431089,10.0,360.5305388156335,4.704212654419608,0.6170000000000004,0.022928554739297346,0.6170000000000004,0.0,0.022917651,10.0
3.618806291463126,-1.0452164750218358,10.0,360.8117064503848,4.703428147695437,0.6180000000000004,0.022928539373268397,0.6180000000000004,0.0,0.022917651,10.0
3.619195562245638,-1.0422045353317628,10.0,361.09536840242015,4.702642757969617,0.6190000000000005,0.022928523898586548,0.6190000000000004,0.0,0.022917651,10.0
3.619585113349848,-1.0391905770551932,10.0,361.38156512805284,4.7018564709204,0.6200000000000004,0.022928508313489512,0.6200000000000004,0.0,0.022917651,10.0
3.619974949347118,-1.0361745672739069,10.0,361.6703379632542,4.701069271914629,0.6210000000000004,0.022928492616176677,0.6210000000000004,0.0,0.022917651,10.0
3.6203650749087504,-1.033156472350018,10.0,361.96172914769346,4.700281145999237,0.6220000000000006,0.02292847680480809,0.6220000000000004,0.0,0.022917651,10.0
3.620755622481951,-1.0301357188972886,10.0,362.25563561385286,4.699492050181949,0.6230000000000004,0.02292846077423953,0.6230000000000004,0.0,0.022917651,10.0
3.621146715674737,-1.0271117893480906,10.0,362.5519696235283,4.698701961926216,0.6240000000000006,0.022928444437585304,0.6240000000000004,0.0,0.022917651,10.0
3.621538121380251,-1.0240856624414874,10.0,362.85105116891515,4.6979109264322565,0.6250000000000004,0.02292842799104511,0.6250000000000004,0.0,0.022917651,10.0
3.621929844849419,-1.0210573012568693,10.0,363.1529264148725,4.697118927784311,0.6260000000000004,0.022928411432772595,0.6260000000000004,0.0,0.022917651,10.0
3.6223218914514654,-1.0180266680418337,10.0,363.45764256631765,4.696325949708052,0.6270000000000006,0.022928394760879846,0.6270000000000004,0.0,0.022917651,10.0
3.622714266677266,-1.0149937241886282,10.0,363.76524789768155,4.695531975560423,0.6280000000000006,0.02292837797343615,0.6280000000000004,0.0,0.022917651,10.0
3.6231069761428087,-1.011958430209788,10.0,364.07579178337096,4.694736988319144,0.6290000000000006,0.022928361068466806,0.6290000000000004,0.0,0.022917651,10.0
3.6235000255927816,-1.008920745712937,10.0,364.3893247292784,4.693940970571844,0.6300000000000004,0.02292834404395187,0.6300000000000004,0.0,0.022917651,10.0
3.623893420904278,-1.005880629374716,10.0,364.7058984053804,4.69314390450482,0.6310000000000006,0.02292832689782482,0.6310000000000004,0.0,0.022917651,10.0
3.6242872124522454,-1.0028377668543391,10.0,365.0254268778676,4.692345677332967,0.6320000000000006,0.022928309562121697,0.6320000000000005,0.0,0.022917651,10.0
3.624681485574264,-0.9997916435103732,10.0,365.3477253462125,4.691546115742718,0.6330000000000005,0.022928291922991815,0.6330000000000005,0.0,0.022917651,10.0
3.6250761302028907,-0.9967429371365282,10.0,365.6732188955466,4.690745457044212,0.6340000000000005,0.02292827415446257,0.6340000000000005,0.0,0.022917651,10.0
3.6254711529537165,-0.9936916017355945,10.0,366.0019644221579,4.689943681700732,0.6350000000000005,0.02292825625422969,0.6350000000000005,0.0,0.022917651,10.0
3.6258665606003446,-0.9906375902117153,10.0,366.33402018130556,4.689140769708928,0.6360000000000005,0.022928238219933863,0.6360000000000005,0.0,0.022917651,10.0
3.62626236007914,-0.9875808543373893,10.0,366.6694458280379,4.6883367005848,0.6370000000000006,0.02292822004915909,0.6370000000000005,0.0,0.022917651,10.0
3.626658558494144,-0.9845213447192759,10.0,367.00830245949004,4.687531453349166,0.6380000000000005,0.02292820173943095,0.6380000000000005,0.0,0.022917651,10.0
3.6270551631221744,-0.9814590107627509,10.0,367.3506526587242,4.686725006512623,0.6390000000000006,0.022928183288214873,0.6390000000000005,0.0,0.022917651,10.0
3.6274522119231523,-0.9783936455303534,10.0,367.6965381181194,4.685917304781685,0.6400000000000005,0.02292816470490198,0.6400000000000005,0.0,0.022917651,10.0
3.6278499848043424,-0.9753238197534925,10.0,368.04583037879854,4.685108036897725,0.6410000000000005,0.02292814609116617,0.6410000000000005,0.0,0.022917651,10.0
3.6282481894490703,-0.9722510121711401,10.0,368.3988222820639,4.684297514330563,0.6420000000000005,0.022928127324072105,0.6420000000000005,0.0,0.022917651,10.0
3.6286468338971805,-0.9691751672592517,10.0,368.75558271876736,4.683485713716807,0.6430000000000005,0.02292810840076413,0.6430000000000005,0.0,0.022917651,10.0
3.6290459263893804,-0.9660962281066255,10.0,369.1161823008605,4.682672611109379,0.6440000000000006,0.02292808931831521,0.6440000000000005,0.0,0.022917651,10.0
3.629445475373547,-0.9630141363713117,10.0,369.48069341548074,4.681858181959172,0.6450000000000005,0.022928070073724747,0.6450000000000005,0.0,0.022917651,10.0
3.62984548951128,-0.959928832235365,10.0,369.8491902810894,4.6810424010960086,0.6460000000000005,0.022928050663916233,0.6460000000000005,0.0,0.022917651,10.0
3.630245977684705,-0.9568402543578733,10.0,370.22174900575357,4.680225242708881,0.6470000000000005,0.02292803108573481,0.6470000000000005,0.0,0.022917651,10.0
3.6306473918945006,-0.9537464325100997,10.0,370.59841087103314,4.679406546070812,0.6480000000000005,0.02292801131983191,0.6480000000000005,0.0,0.022917651,10.0
3.6310494842400005,-0.9506483845190185,10.0,370.9792889222803,4.6785863365103495,0.6490000000000005,0.02292799137959344,0.6490000000000005,0.0,0.022917651,10.0
3.6314520738056757,-0.947546859767226,10.0,371.3644827424622,4.677764639100176,0.6500000000000005,0.02292797127001501,0.6500000000000005,0.0,0.022917651,10.0
3.631855170246112,-0.9444417907460207,10.0,371.7540761314085,4.676941424950524,0.6510000000000005,0.022927950987808525,0.6510000000000005,0.0,0.022917651,10.0
3.632258783467478,-0.941333108187549,10.0,372.1481550726185,4.676116664418815,0.6520000000000005,0.022927930529600217,0.6520000000000005,0.0,0.022917651,10.0
3.6326629236357704,-0.9382207410071284,10.0,372.5468078048551,4.675290327084972,0.6530000000000005,0.022927909891927806,0.6530000000000005,0.0,0.022917651,10.0
3.6330676031406126,-0.935104602751801,10.0,372.950124269999,4.674462376043367,0.6540000000000006,0.022927889067515764,0.6540000000000005,0.0,0.022917651,10.0
3.633473091942239,-0.9319828191151697,10.0,373.35811885131614,4.673632015232639,0.6550000000000005,0.022927867556850556,0.6550000000000005,0.0,0.022917651,10.0
3.63387913579159,-0.9288571328083728,10.0,373.770976079593,4.672799971937202,0.6560000000000005,0.02292784585861272,0.6560000000000005,0.0,0.022917651,10.0
3.634285745821213,-0.9257274655558762,10.0,374.18879348453925,4.671966212411601,0.6570000000000005,0.02292782396904013,0.6570000000000005,0.0,0.022917651,10.0
3.6346929334633704,-0.9225937369747689,10.0,374.6116712216129,4.671130702001863,0.6580000000000006,0.02292780188426936,0.6580000000000005,0.0,0.022917651,10.0
3.635100710460197,-0.9194558645033619,10.0,375.0397121609841,4.670293405114721,0.6590000000000005,0.022927779600332283,0.6590000000000005,0.0,0.022917651,10.0
3.6355090888742683,-0.9163137633268662,10.0,375.47302198014086,4.669454285185574,0.6600000000000005,0.022927757113152477,0.6600000000000005,0.0,0.022917651,10.0
3.635918349550578,-0.9131654751361855,10.0,375.91143998858627,4.668612506743433,0.6610000000000005,0.022927734316496872,0.6610000000000005,0.0,0.022917651,10.0
3.6363282727978197,-0.9100125200218366,10.0,376.3553158202034,4.667768711523503,0.6620000000000006,0.02292771129917924,0.6620000000000005,0.0,0.022917651,10.0
3.636738837595185,-0.9068550428578217,10.0,376.80479870155256,4.666922960380451,0.6630000000000005,0.022927688070129324,0.6630000000000005,0.0,0.022917651,10.0
3.637150057432734,-0.903692948557699,10.0,377.2600065336848,4.66607521218652,0.6640000000000006,0.022927664624894973,0.6640000000000005,0.0,0.022917651,10.0
3.637561946181407,-0.9005261393503298,10.0,377.7210605465021,4.665225424652737,0.6650000000000005,0.02292764095889833,0.6650000000000005,0.0,0.022917651,10.0
3.637974627591381,-0.8973537960457786,10.0,378.18798083045186,4.664373274093009,0.6660000000000005,0.02292761706387755,0.6660000000000005,0.0,0.022917651,10.0
3.6383883111607185,-0.8941745533816949,10.0,378.6607171637268,4.66351823415422,0.6670000000000006,0.02292759292933236,0.6670000000000005,0.0,0.022917651,10.0
3.638802716702453,-0.890990253351686,10.0,379.1396883245679,4.662661024731248,0.6680000000000005,0.022927568560262023,0.6680000000000005,0.0,0.022917651,10.0
3.6392178599708513,-0.8878007855982257,10.0,379.6250303640653,4.66180159848346,0.6690000000000006,0.022927543951548928,0.6690000000000005,0.0,0.022917651,10.0
3.6396337571819055,-0.8846060365294246,10.0,380.1168833207001,4.660939906682757,0.6700000000000005,0.022927519097925477,0.6700000000000005,0.0,0.022917651,10.0
3.6400504383419916,-0.8814056907753864,10.0,380.61536038837505,4.660075753977957,0.6710000000000005,0.022927494004377477,0.6710000000000005,0.0,0.022917651,10.0
3.640468029989568,-0.8781979869206146,10.0,381.1203594384844,4.6592078850703,0.6720000000000006,0.022927468747653508,0.6720000000000005,0.0,0.022917651,10.0
3.6408864274260946,-0.8749846160526804,10.0,381.63232145673874,4.6583375723285325,0.6730000000000004,0.022927443223602528,0.6730000000000005,0.0,0.022917651,10.0
3.641305648886101,-0.8717654499304224,10.0,382.1514040109952,4.657464760450136,0.6740000000000005,0.02292741742617508,0.6740000000000005,0.0,0.022917651,10.0
3.6417257131584786,-0.8685403564139084,10.0,382.67776945946883,4.656589392451285,0.6750000000000005,0.022927391349137786,0.6750000000000005,0.0,0.022917651,10.0
3.642146615157315,-0.8653085713125056,10.0,383.2116223147964,4.6557106835694215,0.6760000000000006,0.02292736489961669,0.6760000000000005,0.0,0.022917651,10.0
3.6425683352688623,-0.8620692226437537,10.0,383.7531782679377,4.654827683092426,0.6770000000000006,0.0229273379784679,0.6770000000000005,0.0,0.022917651,10.0
3.6429909423598876,-0.8588235686389741,10.0,384.3025306427214,4.653941925225308,0.6780000000000005,0.022927310776405405,0.6780000000000005,0.0,0.022917651,10.0
3.6434144570627884,-0.8555714626271267,10.0,384.8598607949493,4.653053345827264,0.6790000000000006,0.02292728328689473,0.6790000000000005,0.0,0.022917651,10.0
3.6438389006548815,-0.852312753352588,10.0,385.42535574916786,4.652161878752613,0.6800000000000005,0.022927255503197193,0.6800000000000005,0.0,0.022917651,10.0
3.6442645847326953,-0.8490447643303339,10.0,385.9987842932634,4.651266094731388,0.6810000000000005,0.022927227291330524,0.6810000000000005,0.0,0.022917651,10.0
3.6446912994757157,-0.8457693807123889,10.0,386.580717281342,4.650367039070543,0.6820000000000006,0.022927198759726264,0.6820000000000005,0.0,0.022917651,10.0
3.6451190226624903,-0.8424868355685956,10.0,387.1714310614074,4.649464855834227,0.6830000000000005,0.022927169922346866,0.6830000000000005,0.0,0.022917651,10.0
3.645547778810414,-0.83919695478715,10.0,387.7711391130396,4.6485594689844785,0.6840000000000005,0.022927140771758288,0.6840000000000005,0.0,0.022917651,10.0
3.6459778156126625,-0.8358972952662966,10.0,388.37986570200775,4.647649422340156,0.6850000000000005,0.022927111270694387,0.6850000000000005,0.0,0.022917651,10.0
3.6464090232357007,-0.8325890453308297,10.0,388.9979626895281,4.646735466906969,0.6860000000000005,0.022927081428620974,0.6860000000000005,0.0,0.022917651,10.0
3.646841343316601,-0.82927288005313,10.0,389.62574087782264,4.64581804572478,0.6870000000000005,0.02292705124858559,0.6870000000000005,0.0,0.022917651,10.0
3.647274803736424,-0.8259486010543439,10.0,390.26344290270697,4.644897071932999,0.6880000000000005,0.022927020722118024,0.6880000000000005,0.0,0.022917651,10.0
3.6477096298798384,-0.8226135310462374,10.0,390.9111094684502,4.643970774719102,0.6890000000000006,0.02292698946173412,0.6890000000000005,0.0,0.022917651,10.0
3.648145684117625,-0.8192695396438435,10.0,391.5691743937968,4.6430404692603595,0.6900000000000005,0.022926957761295136,0.6900000000000005,0.0,0.022917651,10.0
3.6485829658753843,-0.8159167993417817,10.0,392.23793780914446,4.642106324990229,0.6910000000000005,0.022926925669770976,0.6910000000000005,0.0,0.022917651,10.0
3.6490219305831872,-0.8125539847155144,10.0,392.91747291592117,4.641168837980658,0.6920000000000006,0.02292689329510733,0.6920000000000005,0.0,0.022917651,10.0
3.649463481282913,-0.8091786161414093,10.0,393.60771483573376,4.640229140375109,0.6930000000000005,0.022926860872954282,0.6930000000000005,0.0,0.022917651,10.0
3.649906429790284,-0.8057936288455062,10.0,394.30959023163814,4.639285415346384,0.6940000000000005,0.022926828054106358,0.6940000000000005,0.0,0.022917651,10.0
3.6503508137319045,-0.802398763908183,10.0,395.023412257014,4.638337554483109,0.6950000000000005,0.02292679482788523,0.6950000000000005,0.0,0.022917651,10.0
3.650797425308724,-0.7989889237288024,10.0,395.74918666185647,4.637383629024866,0.6960000000000005,0.02292676114658328,0.6960000000000005,0.0,0.022917651,10.0
3.6512456554508423,-0.7955680011603483,10.0,396.487535376996,4.63642509552367,0.6970000000000006,0.02292672705006834,0.6970000000000005,0.0,0.022917651,10.0
3.651695454384536,-0.7921362962534932,10.0,397.2388464220307,4.635462054933704,0.6980000000000005,0.022926692532619215,0.6980000000000005,0.0,0.022917651,10.0
3.6521477759906187,-0.7886903439169544,10.0,398.00319242027336,4.634494856922287,0.6990000000000005,0.022926657249041475,0.6990000000000005,0.0,0.022917651,10.0
3.652602063175547,-0.7852319583863224,10.0,398.7810936104914,4.633523087722674,0.7000000000000005,0.022926621406240532,0.7000000000000005,0.0,0.022917651,10.0
3.6530374481581958,-0.7823190962547796,10.0,399.1748481182939,4.632931684909854,0.7010000000000006,0.0229266185406826,0.7010000000000005,0.0,0.022917651,10.0
3.6534731780565664,-0.7794036668994025,10.0,399.57199359932474,4.632339094574542,0.7020000000000004,0.022926615658737062,0.7020000000000005,0.0,0.022917651,10.0
3.6539093903400115,-0.7764837302033207,10.0,399.9724532154219,4.631743925393263,0.7030000000000004,0.022926612898309412,0.7030000000000005,0.0,0.022917651,10.0
3.6543459865264056,-0.7735607413218281,10.0,400.3763819762644,4.631147239349543,0.7040000000000005,0.022926610149050387,0.7040000000000005,0.0,0.022917651,10.0
3.6547829430113636,-0.7706350741418072,10.0,400.78385637237704,4.63054931613676,0.7050000000000005,0.022926607380718327,0.7050000000000005,0.0,0.022917651,10.0
3.655220264846051,-0.7677066911151577,10.0,401.1949261113884,4.62995013841056,0.7060000000000006,0.022926604593045845,0.7060000000000005,0.0,0.022917651,10.0
3.6556579571764933,-0.7647755539886153,10.0,401.60964183445,4.6293496885008665,0.7070000000000005,0.022926601785760517,0.7070000000000005,0.0,0.022917651,10.0
3.6560961904027387,-0.7618401477919908,10.0,402.0279467131965,4.628747136780052,0.7080000000000005,0.022926598984802725,0.7080000000000005,0.0,0.022917651,10.0
3.6565348532775905,-0.7589014615405292,10.0,402.4499738556634,4.628143024674194,0.7090000000000005,0.022926596171022908,0.7090000000000005,0.0,0.022917651,10.0
3.6569739028609005,-0.755959885284748,10.0,402.8758091729765,4.627537569381744,0.7100000000000005,0.022926593336400843,0.7100000000000005,0.0,0.022917651,10.0
3.6574133447038695,-0.7530153775386291,10.0,403.30550733149454,4.626930751621254,0.7110000000000005,0.02292659048063735,0.7110000000000005,0.0,0.022917651,10.0
3.6578531844644595,-0.7500678960182942,10.0,403.73912404892064,4.626322551740458,0.7120000000000006,0.02292658760342748,0.7120000000000005,0.0,0.022917651,10.0
3.658293517964799,-0.7471152918492868,10.0,404.17652812099004,4.625711201738313,0.7130000000000006,0.02292658437818391,0.7130000000000005,0.0,0.022917651,10.0
3.658734266478155,-0.7441595546281117,10.0,404.6179631963464,4.625098378635506,0.7140000000000005,0.02292658112712676,0.7140000000000005,0.0,0.022917651,10.0
3.6591754335362996,-0.7412006988027043,10.0,405.0634937682458,4.624484111074772,0.7150000000000005,0.022926577859332036,0.7150000000000005,0.0,0.022917651,10.0
3.6596170253003115,-0.7382386784664595,10.0,405.5131801233839,4.623868377793343,0.7160000000000005,0.022926574574553382,0.7160000000000005,0.0,0.022917651,10.0
3.6600592976904776,-0.7352719658842335,10.0,405.96704895405395,4.623250673198081,0.7170000000000005,0.022926571401435784,0.7170000000000005,0.0,0.022917651,10.0
3.6605023794719727,-0.7322997741579014,10.0,406.4251623852274,4.6226307247925575,0.7180000000000005,0.02292656839898214,0.7180000000000005,0.0,0.022917651,10.0
3.6609459024738786,-0.7293242715941549,10.0,406.8876435598578,4.6220092305511615,0.7190000000000006,0.022926565371733296,0.7190000000000005,0.0,0.022917651,10.0
3.661389873276863,-0.7263454088128605,10.0,407.354557621511,4.621386167418218,0.7200000000000004,0.022926562319319437,0.7200000000000005,0.0,0.022917651,10.0
3.661834305768948,-0.7233630071884136,10.0,407.8259613407832,4.62076141250649,0.7210000000000005,0.02292655922145249,0.7210000000000005,0.0,0.022917651,10.0
3.662279312482109,-0.7203751420693895,10.0,408.30178417435275,4.620133493894745,0.7220000000000005,0.022926555791316253,0.7220000000000005,0.0,0.022917651,10.0
3.6627247899278643,-0.7173837498553709,10.0,408.782248012596,4.619503931085486,0.7230000000000005,0.022926552341226685,0.7230000000000005,0.0,0.022917651,10.0
3.663170745272152,-0.7143887768535703,10.0,409.2674235052908,4.618872699049179,0.7240000000000006,0.022926548870880047,0.7240000000000005,0.0,0.022917651,10.0
3.6636171858271007,-0.7113901682758251,10.0,409.757382743526,4.618239772245667,0.7250000000000005,0.022926545379966395,0.7250000000000005,0.0,0.022917651,10.0
3.6640642075719194,-0.708385786417496,10.0,410.2520498574384,4.617603396555583,0.7260000000000005,0.022926542182509228,0.7260000000000005,0.0,0.022917651,10.0
3.664511739554903,-0.705377449240105,10.0,410.7516430739352,4.616965106363245,0.7270000000000005,0.022926538988679305,0.7270000000000005,0.0,0.022917651,10.0
3.6649597814470476,-0.7023652907176542,10.0,411.25625335993175,4.616325034352565,0.7280000000000005,0.022926535768737516,0.7280000000000005,0.0,0.022917651,10.0
3.665408341214159,-0.6993492511530336,10.0,411.76595909216326,4.615683152687949,0.7290000000000005,0.02292653252227594,0.7290000000000005,0.0,0.022917651,10.0
3.6658578084144673,-0.6963261330619142,10.0,412.2805169327311,4.615037824191702,0.7300000000000006,0.02292652927507452,0.7300000000000005,0.0,0.022917651,10.0
3.66630783939167,-0.6932988241884208,10.0,412.8003142146121,4.6143905602002,0.7310000000000004,0.02292652600409005,0.7310000000000005,0.0,0.022917651,10.0
3.6667584236951667,-0.6902674189473751,10.0,413.3254510146528,4.613741413226351,0.7320000000000004,0.022926522707648243,0.7320000000000005,0.0,0.022917651,10.0
3.6672095760055576,-0.6872313708476055,10.0,413.85608006839,4.61308989518817,0.7330000000000005,0.022926519312149608,0.7330000000000005,0.0,0.022917651,10.0
3.667661315027116,-0.6841887149915101,10.0,414.3925778488491,4.612434114694524,0.7340000000000005,0.02292651552616503,0.7340000000000005,0.0,0.022917651,10.0
3.668113611191825,-0.6811417759396587,10.0,414.934715518462,4.6117762795478665,0.7350000000000005,0.0229265117117881,0.7350000000000005,0.0,0.022917651,10.0
3.6685664734455155,-0.6780904849184504,10.0,415.48258363472513,4.611116356757438,0.7360000000000005,0.022926507868562943,0.7360000000000005,0.0,0.022917651,10.0
3.669020205505584,-0.6750329611119569,10.0,416.0361176354308,4.610453680072424,0.7370000000000005,0.0229265040173371,0.7370000000000005,0.0,0.022917651,10.0
3.669474779761783,-0.6719694077023457,10.0,416.5954407927719,4.609788342383729,0.7380000000000005,0.02292650015835815,0.7380000000000005,0.0,0.022917651,10.0
3.66992996074076,-0.668901272289698,10.0,417.16078330795096,4.609120849685575,0.7390000000000007,0.022926496274478483,0.7390000000000005,0.0,0.022917651,10.0
3.67038587692684,-0.6658280928375825,10.0,417.732275705379,4.60845125403797,0.7400000000000007,0.022926492387055263,0.7400000000000005,0.0,0.022917651,10.0
3.670843872569455,-0.6627453751497376,10.0,418.3103982018852,4.607780439840696,0.7410000000000007,0.02292648873954728,0.7410000000000005,0.0,0.022917651,10.0
3.671302478786538,-0.6596578117930902,10.0,418.8948795921081,4.607107222013734,0.7420000000000007,0.02292648505884925,0.7420000000000005,0.0,0.022917651,10.0
3.671761705636349,-0.6565653229428021,10.0,419.4858246289068,4.606431560961032,0.7430000000000005,0.022926481344414405,0.7430000000000005,0.0,0.022917651,10.0
3.672221798646189,-0.6534645643114444,10.0,420.08351795257647,4.605751094625073,0.7440000000000007,0.02292647736489774,0.7440000000000005,0.0,0.022917651,10.0
3.6726825992395185,-0.6503577700832124,10.0,420.6879640373527,4.605067423173107,0.7450000000000007,0.022926473288633353,0.7450000000000006,0.0,0.022917651,10.0
3.6731440479763253,-0.6472458239142286,10.0,421.2992243713282,4.604381192515496,0.7460000000000007,0.022926469184261652,0.7460000000000006,0.0,0.022917651,10.0
3.6736060645519064,-0.6441272394413624,10.0,421.9173089403855,4.6036905954188585,0.7470000000000006,0.022926465047353614,0.7470000000000006,0.0,0.022917651,10.0
3.67406868972226,-0.6410023816516724,10.0,422.5423763231709,4.602996159591599,0.7480000000000007,0.022926460879046862,0.7480000000000006,0.0,0.022917651,10.0
3.6745319947412995,-0.6378720803172759,10.0,423.1746161908066,4.602298999545494,0.7490000000000006,0.022926456681540756,0.7490000000000006,0.0,0.022917651,10.0
3.674996082397712,-0.6347348649644947,10.0,423.81413556905426,4.6015980525400195,0.7500000000000006,0.02292645252280521,0.7500000000000006,0.0,0.022917651,10.0
3.6754609469769735,-0.6315908649763652,10.0,424.4610722474179,4.600893425732691,0.7510000000000006,0.022926448387901498,0.7510000000000006,0.0,0.022917651,10.0
3.67592652406205,-0.6284411262725471,10.0,425.1155693692368,4.600185910234449,0.7520000000000006,0.022926444218504302,0.7520000000000006,0.0,0.022917651,10.0
3.676392977028979,-0.6252829426118284,10.0,425.7776828644701,4.599473457174908,0.7530000000000007,0.022926440029794975,0.7530000000000006,0.0,0.022917651,10.0
3.676860270301124,-0.6221170685126828,10.0,426.44758136066616,4.598756677518826,0.7540000000000007,0.022926435815492637,0.7540000000000006,0.0,0.022917651,10.0
3.6773283173366678,-0.6189451226127395,10.0,427.1254536323692,4.598036841188114,0.7550000000000006,0.022926431564419293,0.7550000000000006,0.0,0.022917651,10.0
3.6777974573762973,-0.6157638785394761,10.0,427.811518057054,4.597312074605911,0.7560000000000006,0.022926427173766434,0.7560000000000006,0.0,0.022917651,10.0
3.6782674717982906,-0.6125753957812526,10.0,428.5058773887044,4.59658356558985,0.7570000000000006,0.02292642271768826,0.7570000000000006,0.0,0.022917651,10.0
3.6787382883294795,-0.6093803560926266,10.0,429.2086535638652,4.595851708256382,0.7580000000000006,0.022926418223142866,0.7580000000000006,0.0,0.022917651,10.0
3.6792102533142215,-0.6061749057832346,10.0,429.9199421584571,4.595114039210694,0.7590000000000006,0.022926413593247916,0.7590000000000006,0.0,0.022917651,10.0
3.6796830364496196,-0.6029628036476546,10.0,430.6399658497907,4.594372990887391,0.7600000000000006,0.022926408926032968,0.7600000000000006,0.0,0.022917651,10.0
3.6801567343244126,-0.5997423248112774,10.0,431.3689941898324,4.5936272232504,0.7610000000000006,0.02292640433464212,0.7610000000000006,0.0,0.022917651,10.0
3.6806313924082255,-0.5965126147053411,10.0,432.10725073659626,4.592876062901303,0.7620000000000006,0.022926399871956632,0.7620000000000006,0.0,0.022917651,10.0
3.681106903038853,-0.5932758997800582,10.0,432.85473943943026,4.592121307852884,0.7630000000000007,0.02292639537132103,0.7630000000000006,0.0,0.022917651,10.0
3.6815838003872106,-0.5900280538758942,10.0,433.6114897585916,4.591360971927682,0.7640000000000006,0.022926390443146944,0.7640000000000006,0.0,0.022917651,10.0
3.6820616680453675,-0.5867722931170988,10.0,434.3778013958734,4.590596603045304,0.7650000000000006,0.0229263853996747,0.7650000000000006,0.0,0.022917651,10.0
3.682540673546425,-0.5835072417540089,10.0,435.15387897172195,4.589827495034273,0.7660000000000006,0.022926380418854215,0.7660000000000006,0.0,0.022917651,10.0
3.683020930127149,-0.580231975441639,10.0,435.93991495140995,4.589053176458761,0.7670000000000006,0.022926375569340917,0.7670000000000006,0.0,0.022917651,10.0
3.683502142679533,-0.5769488017235241,10.0,436.7360907081641,4.588274774263757,0.7680000000000007,0.02292637066998761,0.7680000000000006,0.0,0.022917651,10.0
3.683984657542216,-0.5736537573810696,10.0,437.54262998070226,4.58748970552494,0.7690000000000006,0.022926365329996756,0.7690000000000006,0.0,0.022917651,10.0
3.684468146209901,-0.5703506859492594,10.0,438.3597064494004,4.586700504642778,0.7700000000000007,0.022926359943884367,0.7700000000000006,0.0,0.022917651,10.0
3.6849529417904225,-0.5670355308775282,10.0,439.1874231724513,4.585904454189867,0.7710000000000006,0.022926354904597126,0.7710000000000006,0.0,0.022917651,10.0
3.6854388576849804,-0.5637107373321473,10.0,440.0260645499766,4.585103248972095,0.7720000000000007,0.02292634994346884,0.7720000000000006,0.0,0.022917651,10.0
3.6859263343138413,-0.5603735659622143,10.0,440.87663588951784,4.5842959031383455,0.7730000000000005,0.02292634480739811,0.7730000000000006,0.0,0.022917651,10.0
3.6864152450886465,-0.5570244780375275,10.0,441.7392266565361,4.583482372086144,0.7740000000000006,0.022926339524218336,0.7740000000000006,0.0,0.022917651,10.0
3.686905257084048,-0.5536651010616338,10.0,442.61340889031874,4.5826629598038915,0.7750000000000007,0.022926334265221216,0.7750000000000006,0.0,0.022917651,10.0
3.687396451049735,-0.5502945621891709,10.0,443.4994173505338,4.58183711807879,0.7760000000000006,0.022926329053637156,0.7760000000000006,0.0,0.022917651,10.0
3.6878888594585524,-0.5469130982632788,10.0,444.3975133134311,4.581005209324324,0.7770000000000006,0.022926323631279406,0.7770000000000006,0.0,0.022917651,10.0
3.6883826799226664,-0.5435186051119028,10.0,445.3079811690447,4.580165920000811,0.7780000000000005,0.022926317822395438,0.7780000000000006,0.0,0.022917651,10.0
3.6888776907479466,-0.5401131292602037,10.0,446.23100936492256,4.579320409224541,0.7790000000000007,0.02292631211977325,0.7790000000000006,0.0,0.022917651,10.0
3.6893740567166233,-0.5366947795794904,10.0,447.16689350056333,4.578467445361729,0.7800000000000007,0.022926306729506955,0.7800000000000006,0.0,0.022917651,10.0
3.6898716873915194,-0.5332646370374955,10.0,448.1156746037595,4.5776077455936335,0.7810000000000006,0.022926301093917387,0.7810000000000006,0.0,0.022917651,10.0
3.6903707373745926,-0.5298210082918317,10.0,449.07753471646475,4.576740233038817,0.7820000000000007,0.022926295044781445,0.7820000000000006,0.0,0.022917651,10.0
3.690871109525096,-0.5263644458685975,10.0,450.0530114686288,4.575865074146645,0.7830000000000005,0.02292628916473672,0.7830000000000006,0.0,0.022917651,10.0
3.6913728403297803,-0.5228943761198761,10.0,451.04238428913175,4.574981840878546,0.7840000000000006,0.022926283496268834,0.7840000000000006,0.0,0.022917651,10.0
3.6918759939402417,-0.5194105894712215,10.0,452.0459207665455,4.57409058921483,0.7850000000000006,0.022926277746701088,0.7850000000000006,0.0,0.022917651,10.0
3.692380502287152,-0.5159140613054185,10.0,453.0638882077117,4.573192019751649,0.7860000000000006,0.022926271931519,0.7860000000000006,0.0,0.022917651,10.0
3.6928867511137975,-0.512400945542441,10.0,454.096610541438,4.5722838213247705,0.7870000000000006,0.02292626607814821,0.7870000000000006,0.0,0.022917651,10.0
3.6933943758736367,-0.5088748021318423,10.0,455.1443164529918,4.571368098526329,0.7880000000000006,0.022926260111647223,0.7880000000000006,0.0,0.022917651,10.0
3.6939035121708037,-0.5053319611584272,10.0,456.20718165220757,4.5704417270702296,0.7890000000000006,0.022926253469904654,0.7890000000000006,0.0,0.022917651,10.0
3.6944141396137784,-0.5017751020796543,10.0,457.2856411426247,4.569507296111528,0.7900000000000005,0.02292624692051668,0.7900000000000006,0.0,0.022917651,10.0
3.6949263696517742,-0.49820287343788927,10.0,458.38002048283016,4.568563896685944,0.7910000000000006,0.02292624055969271,0.7910000000000006,0.0,0.022917651,10.0
3.6954400214951977,-0.49461423627772316,10.0,459.49087668755544,4.567609790890215,0.7920000000000006,0.02292623433728864,0.7920000000000006,0.0,0.022917651,10.0
3.6959551227999907,-0.4910105278982297,10.0,460.6184732157343,4.5666464147391475,0.7930000000000007,0.022926228058424872,0.7930000000000006,0.0,0.022917651,10.0
3.696471799733282,-0.4873877577329733,10.0,461.7632214279572,4.565670266786621,0.7940000000000005,0.022926221311379554,0.7940000000000006,0.0,0.022917651,10.0
3.696990010001223,-0.4837485983014382,10.0,462.9256806416558,4.564683862303871,0.7950000000000006,0.02292621483215135,0.7950000000000006,0.0,0.022917651,10.0
3.6975097082351693,-0.48009342957334994,10.0,464.1059989117685,4.5636874004987815,0.7960000000000006,0.022926208502135243,0.7960000000000006,0.0,0.022917651,10.0
3.6980316257130714,-0.47641773908932544,10.0,465.3042129340802,4.56267930954049,0.7970000000000007,0.02292620127573226,0.7970000000000006,0.0,0.022917651,10.0
3.6985542101756335,-0.4727242769610486,10.0,466.5208965424182,4.5616560990308095,0.7980000000000006,0.022926194422191955,0.7980000000000006,0.0,0.022917651,10.0
3.6990776410485804,-0.4690132192511798,10.0,467.75638370326226,4.560618668284286,0.7990000000000007,0.02292618784610729,0.7990000000000006,0.0,0.022917651,10.0
3.6996028699705046,-0.4652844990601085,10.0,469.01109924578714,4.559570790178075,0.8000000000000006,0.02292618107873278,0.8000000000000006,0.0,0.022917651,10.0
3.6999991642863934,-0.46241712182291006,10.0,469.5325170036737,4.558800119509936,0.8010000000000007,0.02292617999710586,0.8010000000000006,0.0,0.022917651,10.0
3.7003957482761045,-0.4595438389652728,10.0,470.0590947888281,4.558024702627054,0.8020000000000006,0.022926178596086706,0.8020000000000006,0.0,0.022917651,10.0
3.7007924861297723,-0.4566669194427006,10.0,470.59088082492957,4.557246264488473,0.8030000000000006,0.02292617719264593,0.8030000000000006,0.0,0.022917651,10.0
3.701189480545209,-0.45378423134772955,10.0,471.12795048897704,4.556463083297974,0.8040000000000006,0.02292617610779042,0.8040000000000006,0.0,0.022917651,10.0
3.701586708163114,-0.45089621201123264,10.0,471.67037720514065,4.555675503055383,0.8050000000000007,0.022926175261150823,0.8050000000000006,0.0,0.022917651,10.0
3.7019840928551937,-0.4480044205194838,10.0,472.2182171498495,4.554884778840159,0.8060000000000006,0.02292617440449925,0.8060000000000006,0.0,0.022917651,10.0
3.702381697184958,-0.4451066058565935,10.0,472.77151902565646,4.554088900645373,0.8070000000000006,0.02292617357369832,0.8070000000000006,0.0,0.022917651,10.0
3.702779471896291,-0.44220450536059813,10.0,473.33037190119785,4.553289416574452,0.8080000000000007,0.02292617275008312,0.8080000000000006,0.0,0.022917651,10.0
3.7031774630772323,-0.4392976134532833,10.0,473.8948647952219,4.552486010605093,0.8090000000000006,0.022926171811397222,0.8090000000000006,0.0,0.022917651,10.0
3.703575855372438,-0.43638296484089506,10.0,474.4651412179637,4.5516764674721175,0.8100000000000007,0.022926170365517706,0.8100000000000006,0.0,0.022917651,10.0
3.7039744058263033,-0.433464283070939,10.0,475.04119580081397,4.550863523654486,0.8110000000000007,0.022926168919549187,0.8110000000000006,0.0,0.022917651,10.0
3.704373177912996,-0.4305395514567796,10.0,475.6232140366082,4.550045404474919,0.8120000000000008,0.022926167780602708,0.8120000000000006,0.0,0.022917651,10.0
3.7047721502361655,-0.4276093768139316,10.0,476.21124780466135,4.5492226354007,0.8130000000000006,0.02292616683897614,0.8130000000000006,0.0,0.022917651,10.0
3.7051712896457865,-0.42467481965336806,10.0,476.80530328250694,4.548396152925996,0.8140000000000006,0.02292616588988927,0.8140000000000006,0.0,0.022917651,10.0
3.705570675397002,-0.4217333873698864,10.0,477.4055454912302,4.547563787702095,0.8150000000000006,0.022926164966818204,0.8150000000000006,0.0,0.022917651,10.0
3.7059702192760113,-0.4187876651376493,10.0,478.0119671107734,4.546727764895189,0.8160000000000008,0.02292616403251515,0.8160000000000006,0.0,0.022917651,10.0
3.706370036015403,-0.4158351231685458,10.0,478.62471484057414,4.545886019539431,0.8170000000000006,0.022926162764078602,0.8170000000000006,0.0,0.022917651,10.0
3.706770087994771,-0.412876556213226,10.0,479.2438528370638,4.5450391939415,0.8180000000000006,0.022926161280142864,0.8180000000000006,0.0,0.022917651,10.0
3.707170300116024,-0.40991280140242825,10.0,479.8694531555245,4.544187817115337,0.8190000000000006,0.02292615988153866,0.8190000000000006,0.0,0.022917651,10.0
3.7075706632820236,-0.4069415520534203,10.0,480.50172198877164,4.543329534001678,0.8200000000000006,0.022926158837634512,0.8200000000000006,0.0,0.022917651,10.0
3.7079711923394045,-0.4039657207630457,10.0,481.1405928985264,4.542467332620833,0.8210000000000006,0.022926157782820398,0.8210000000000006,0.0,0.022917651,10.0
3.7083723983059937,-0.4009814340936786,10.0,481.7862854478745,4.5415994017937305,0.8220000000000007,0.022926156789410082,0.8220000000000006,0.0,0.022917651,10.0
3.7087738669614083,-0.39799171229083524,10.0,482.43878889500803,4.540727089849305,0.8230000000000006,0.022926155797223582,0.8230000000000006,0.0,0.022917651,10.0
3.709175667124032,-0.3949949114624606,10.0,483.09822364915055,4.539849015512283,0.8240000000000006,0.02292615449775721,0.8240000000000006,0.0,0.022917651,10.0
3.709577778236305,-0.391991348418842,10.0,483.76467520647327,4.538965415086852,0.8250000000000007,0.0229261529480038,0.8250000000000006,0.0,0.022917651,10.0
3.7099800470810793,-0.3889818901264817,10.0,484.4382853995449,4.538076554404323,0.8260000000000007,0.02292615153808375,0.8260000000000006,0.0,0.022917651,10.0
3.7103824427501193,-0.38596520845912646,10.0,485.1192908652359,4.537180986915826,0.8270000000000007,0.02292615044726561,0.8270000000000006,0.0,0.022917651,10.0
3.7107850389212444,-0.38294301819087095,10.0,485.8075856661733,4.536280712158767,0.8280000000000007,0.022926149364532442,0.8280000000000006,0.0,0.022917651,10.0
3.711188011627997,-0.3799118431897059,10.0,486.5034555244262,4.535372952877904,0.8290000000000008,0.022926148440761927,0.8290000000000006,0.0,0.022917651,10.0
3.7115911609139154,-0.37687548033503643,10.0,487.20679410059387,4.534460712099771,0.8300000000000007,0.022926147512695776,0.8300000000000006,0.0,0.022917651,10.0
3.7119942699869055,-0.37382994724178886,10.0,487.9179099140639,4.533539137970838,0.8310000000000007,0.022926146021908865,0.8310000000000006,0.0,0.022917651,10.0
3.712397556954702,-0.3707789418432732,10.0,488.63671101678466,4.53261280304758,0.8320000000000005,0.02292614451707291,0.8320000000000006,0.0,0.022917651,10.0
3.7128008603594918,-0.36771990839842045,10.0,489.3632629854413,4.53167851213485,0.8330000000000007,0.022926143376358694,0.8330000000000006,0.0,0.022917651,10.0
3.713204338237322,-0.3646549542589833,10.0,490.09769085834523,4.5307389992452975,0.8340000000000007,0.022926142279707934,0.8340000000000006,0.0,0.022917651,10.0
3.7136076328208856,-0.36158089531505494,10.0,490.84078710985295,4.529789643213989,0.8350000000000007,0.022926141146490327,0.8350000000000006,0.0,0.022917651,10.0
3.714010998260209,-0.3585003260709186,10.0,491.59218186120256,4.528834059273625,0.8360000000000007,0.022926139993755396,0.8360000000000006,0.0,0.022917651,10.0
3.7144145194681175,-0.3554105035555936,10.0,492.3522478948589,4.52786984581012,0.8370000000000006,0.022926138446800002,0.8370000000000006,0.0,0.022917651,10.0
3.714818195105651,-0.35231394129370747,10.0,493.1208090095851,4.52689951055123,0.8380000000000006,0.022926136792012563,0.8380000000000006,0.0,0.022917651,10.0
3.7152218065684837,-0.3492076929089786,10.0,493.89797549979033,4.525919237790314,0.8390000000000005,0.022926135466639658,0.8390000000000006,0.0,0.022917651,10.0
3.7156255293387037,-0.3460945935745495,10.0,494.68378389858304,4.524932560359198,0.8400000000000007,0.0229261342062906,0.8400000000000006,0.0,0.022917651,10.0
3.7160293540388003,-0.34297253182858745,10.0,495.4785270556695,4.523937313562473,0.8410000000000006,0.02292613263755711,0.8410000000000006,0.0,0.022917651,10.0
3.716433334890821,-0.33984390572705026,10.0,496.28216193115077,4.522936124884508,0.8420000000000006,0.022926131021567975,0.8420000000000006,0.0,0.022917651,10.0
3.716837595550219,-0.33670460085925413,10.0,497.09516694287214,4.5219253898322025,0.8430000000000007,0.02292612981868425,0.8430000000000006,0.0,0.022917651,10.0
3.7172420325676065,-0.333558292432211,10.0,497.91735036143143,4.520908356800289,0.8440000000000007,0.02292612858074565,0.8440000000000006,0.0,0.022917651,10.0
3.7176466822171315,-0.33040126252656793,10.0,498.7491162166512,4.5198814506347516,0.8450000000000006,0.022926127123128658,0.8450000000000006,0.0,0.022917651,10.0
3.718051578642814,-0.32723624506943333,10.0,499.5903381206103,4.5188475454093995,0.8460000000000006,0.022926125634286386,0.8460000000000006,0.0,0.022917651,10.0
3.7184568364979866,-0.3240611216570158,10.0,500.4412374227784,4.517804983713052,0.8470000000000008,0.022926124087392797,0.8470000000000006,0.0,0.022917651,10.0
3.7188623355634274,-0.3208766708307497,10.0,501.30209122418654,4.516754056886565,0.8480000000000006,0.022926122696317136,0.8480000000000006,0.0,0.022917651,10.0
3.7192680678261367,-0.31768293130706615,10.0,502.17303785134635,4.515694771751407,0.8490000000000006,0.022926121467237808,0.8490000000000006,0.0,0.022917651,10.0
3.7196741438777505,-0.31447864088884997,10.0,503.0542801947177,4.514626307112652,0.8500000000000006,0.022926120171230083,0.8500000000000006,0.0,0.022917651,10.0
3.720080451332671,-0.31126598407805867,10.0,503.945762879491,4.513550400537001,0.8510000000000006,0.022926118850361714,0.8510000000000006,0.0,0.022917651,10.0
3.72048697070722,-0.3080417752978654,10.0,504.84779249844075,4.512463793024497,0.8520000000000006,0.02292611756446953,0.8520000000000006,0.0,0.022917651,10.0
3.72089369324404,-0.30480848407832084,10.0,505.76039711535816,4.511368917388027,0.8530000000000008,0.022926116072130128,0.8530000000000006,0.0,0.022917651,10.0
3.7213006336260865,-0.30156466797876463,10.0,506.6838388686068,4.5102643910007405,0.8540000000000006,0.022926114250198328,0.8540000000000006,0.0,0.022917651,10.0
3.7217076366802186,-0.29831013415638963,10.0,507.6183764893201,4.5091493938620015,0.8550000000000006,0.022926112777026265,0.8550000000000006,0.0,0.022917651,10.0
3.7221147951382565,-0.29504613768673,10.0,508.56403199760086,4.508025554635057,0.8560000000000006,0.022926111376438334,0.8560000000000006,0.0,0.022917651,10.0
3.7225223707209785,-0.29176877028938986,10.0,509.52133487585024,4.506890016099321,0.8570000000000007,0.022926109527992698,0.8570000000000007,0.0,0.022917651,10.0
3.722929793797914,-0.28848097687989116,10.0,510.4900845874713,4.505743442668797,0.8580000000000007,0.022926107923958085,0.8580000000000007,0.0,0.022917651,10.0
3.723337086311124,-0.2851827618371251,10.0,511.47044960592285,4.504585926516569,0.8590000000000008,0.02292610653999864,0.8590000000000007,0.0,0.022917651,10.0
3.7237441225639185,-0.2818735247949046,10.0,512.4624813956774,4.503416348836872,0.8600000000000008,0.022926104872263254,0.8600000000000007,0.0,0.022917651,10.0
3.7241513000681423,-0.27855363415407164,10.0,513.4664709815991,4.502236686749847,0.8610000000000005,0.02292610320951908,0.8610000000000007,0.0,0.022917651,10.0
3.7245586269553788,-0.2752221412279725,10.0,514.4826694049137,4.501046027313371,0.8620000000000007,0.02292610157669603,0.8620000000000007,0.0,0.022917651,10.0
3.7249660115955803,-0.27187690617462473,10.0,515.5113200382821,4.499841855887251,0.8630000000000008,0.022926099733724125,0.8630000000000007,0.0,0.022917651,10.0
3.7253737622173206,-0.26851989367896995,10.0,516.5526268280123,4.498627374839589,0.8640000000000008,0.022926098018500336,0.8640000000000007,0.0,0.022917651,10.0
3.7257819533451477,-0.2651506079423267,10.0,517.6068500790037,4.497402387548605,0.8650000000000008,0.022926096493628034,0.8650000000000007,0.0,0.022917651,10.0
3.726190468646035,-0.2617669181070373,10.0,518.6743696016929,4.4961642904618815,0.8660000000000007,0.022926094873479314,0.8660000000000007,0.0,0.022917651,10.0
3.726599066851371,-0.2583710192056382,10.0,519.7550352347415,4.494914308722835,0.8670000000000008,0.022926093195695062,0.8670000000000007,0.0,0.022917651,10.0
3.7270074359753287,-0.25496268750230955,10.0,520.8491711612744,4.493650974153691,0.8680000000000007,0.022926091573058822,0.8680000000000007,0.0,0.022917651,10.0
3.727414012902855,-0.25154067980122335,10.0,521.9576173004926,4.492366806992706,0.8690000000000007,0.022926090506403818,0.8690000000000007,0.0,0.022917651,10.0
3.7278209740045547,-0.248105494060241,10.0,523.0799850957982,4.4910709789266345,0.8700000000000007,0.022926088955343073,0.8700000000000007,0.0,0.022917651,10.0
3.7282279024762306,-0.2446568107106042,10.0,524.2165001358463,4.489761527887015,0.8710000000000007,0.022926087129344252,0.8710000000000007,0.0,0.022917651,10.0
3.7286345525776445,-0.24119398334525402,10.0,525.3673773969173,4.48843683579138,0.8720000000000007,0.022926085167471966,0.8720000000000007,0.0,0.022917651,10.0
3.729040842429399,-0.23771646971383495,10.0,526.5323050550816,4.487096000501088,0.8730000000000007,0.022926083561463056,0.8730000000000007,0.0,0.022917651,10.0
3.729447372636232,-0.23422442748317945,10.0,527.7116210517313,4.485741604665665,0.8740000000000007,0.022926081647018228,0.8740000000000007,0.0,0.022917651,10.0
3.7298540793827417,-0.2307176181806253,10.0,528.9058230559338,4.484373149878527,0.8750000000000007,0.02292607979378911,0.8750000000000007,0.0,0.022917651,10.0
3.730260877585294,-0.22719562092918036,10.0,530.1152073732094,4.4829898706275335,0.8760000000000008,0.0229260780506797,0.8760000000000007,0.0,0.022917651,10.0
3.7306676109949466,-0.22365772082258628,10.0,531.3397541541875,4.4815904236115,0.8770000000000008,0.022926076013893317,0.8770000000000007,0.0,0.022917651,10.0
3.731074378951839,-0.22010267240552153,10.0,532.5797189021058,4.480173980963536,0.8780000000000007,0.022926074189937865,0.8780000000000007,0.0,0.022917651,10.0
3.7314810250752757,-0.2165317980021684,10.0,533.8351964158682,4.478741208602596,0.8790000000000007,0.022926072273154692,0.8790000000000007,0.0,0.022917651,10.0
3.731887273056289,-0.21294565003367696,10.0,535.1061879017194,4.477291583254261,0.8800000000000007,0.0229260702791592,0.8800000000000007,0.0,0.022917651,10.0
3.7322934496799474,-0.20934365105872696,10.0,536.3928623301823,4.47582583094125,0.8810000000000008,0.02292606830977742,0.8810000000000007,0.0,0.022917651,10.0
3.732700291110193,-0.20572412373216967,10.0,537.695602742777,4.4743451820876965,0.8820000000000007,0.022926066438128476,0.8820000000000007,0.0,0.022917651,10.0
3.7331069216764563,-0.20208671671795236,10.0,539.0148308078773,4.4728458336568595,0.8830000000000007,0.022926064342463554,0.8830000000000007,0.0,0.022917651,10.0
3.7335128928406327,-0.19843195673746408,10.0,540.3508351331233,4.471326478310365,0.8840000000000007,0.022926062487063158,0.8840000000000007,0.0,0.022917651,10.0
3.7339194414816914,-0.19475787405262118,10.0,541.703395698714,4.4697901153796975,0.8850000000000008,0.022926060410378157,0.8850000000000007,0.0,0.022917651,10.0
3.734325880653169,-0.19106521797131637,10.0,543.072990824099,4.468234730646348,0.8860000000000007,0.02292605937256199,0.8860000000000007,0.0,0.022917651,10.0
3.734731829163838,-0.18735299298495453,10.0,544.459769219586,4.466657824793879,0.8870000000000007,0.022926057924284936,0.8870000000000007,0.0,0.022917651,10.0
3.735137237984699,-0.18362172644213257,10.0,545.8638032758081,4.4650597198328175,0.8880000000000007,0.02292605583043741,0.8880000000000007,0.0,0.022917651,10.0
3.735542353845174,-0.17987181118215936,10.0,547.2853061294203,4.463441790460532,0.8890000000000007,0.022926053776401552,0.8890000000000007,0.0,0.022917651,10.0
3.735947321979184,-0.1761018571387819,10.0,548.7245121075521,4.4618032400342456,0.8900000000000007,0.022926051724241538,0.8900000000000007,0.0,0.022917651,10.0
3.7363520558696197,-0.17231081498391693,10.0,550.1814669948827,4.460142660387733,0.8910000000000007,0.022926049590317382,0.8910000000000007,0.0,0.022917651,10.0
3.7367564724147915,-0.16849832123963082,10.0,551.6561298022045,4.458459357704474,0.8920000000000008,0.022926047507406254,0.8920000000000007,0.0,0.022917651,10.0
3.737159143807683,-0.16466398966736273,10.0,553.1486936894004,4.456747246016879,0.8930000000000007,0.022926045334017063,0.8930000000000007,0.0,0.022917651,10.0
3.7375587947298,-0.16080983394380322,10.0,554.6594549018449,4.455003200916306,0.8940000000000008,0.022926043173091146,0.8940000000000007,0.0,0.022917651,10.0
3.7379581363278094,-0.15693429584620566,10.0,556.1881451422777,4.453236555761051,0.8950000000000008,0.022926041011792714,0.8950000000000007,0.0,0.022917651,10.0
3.738357072490283,-0.15303397349788594,10.0,557.7345357513685,4.451443505081608,0.8960000000000007,0.022926038805287367,0.8960000000000007,0.0,0.022917651,10.0
3.7387553181547615,-0.149110434936978,10.0,559.2989542512697,4.44962447805199,0.8970000000000007,0.022926036609740564,0.8970000000000007,0.0,0.022917651,10.0
3.7391532306722293,-0.14516329224119165,10.0,560.8814855819857,4.447780515364664,0.8980000000000008,0.02292603436151349,0.8980000000000007,0.0,0.022917651,10.0
3.739551061713519,-0.14119096067718687,10.0,562.4820792745494,4.445911038380518,0.8990000000000008,0.022926032104286596,0.8990000000000007,0.0,0.022917651,10.0
3.739948409496335,-0.13719326461248793,10.0,564.100901373349,4.444014253777327,0.9000000000000007,0.022926029842365556,0.9000000000000007,0.0,0.022917651,10.0
3.740242047533317,-0.13421983202558269,10.0,564.9633426476323,4.44267294511062,0.9010000000000007,0.02292602933939282,0.9010000000000007,0.0,0.022917651,10.0
3.740535408777423,-0.1312388075123976,10.0,565.8332023397784,4.441322935843792,0.9020000000000007,0.02292602883400365,0.9020000000000007,0.0,0.022917651,10.0
3.7408287968643634,-0.1282479896912813,10.0,566.7098504834986,4.439963242664012,0.9030000000000008,0.02292602831906795,0.9030000000000007,0.0,0.022917651,10.0
3.741121879396935,-0.12524992807929206,10.0,567.5943486814324,4.438595088617594,0.9040000000000008,0.022926027807727744,0.9040000000000007,0.0,0.022917651,10.0
3.741414534454175,-0.1222437939229456,10.0,568.486412314747,4.437217159912965,0.9050000000000007,0.02292602730419942,0.9050000000000007,0.0,0.022917651,10.0
3.74170682525309,-0.11922796549995382,10.0,569.3853670748018,4.435828066483384,0.9060000000000007,0.02292602777079003,0.9060000000000007,0.0,0.022917651,10.0
3.741998788775099,-0.11620457174593192,10.0,570.2923110642594,4.434430100510708,0.9070000000000008,0.022926027955792867,0.9070000000000007,0.0,0.022917651,10.0
3.7422903676915156,-0.11317303652818059,10.0,571.2070731770532,4.43302246144629,0.9080000000000008,0.022926027424441046,0.9080000000000007,0.0,0.022917651,10.0
3.742581581965135,-0.11013093817354927,10.0,572.1287532474721,4.431602796995138,0.9090000000000007,0.02292602688953045,0.9090000000000007,0.0,0.022917651,10.0
3.7428723359834604,-0.10708078586070896,10.0,573.0585893972093,4.4301732346487706,0.9100000000000008,0.022926026356819354,0.9100000000000007,0.0,0.022917651,10.0
3.7431626031020713,-0.10402246983377633,10.0,573.9966626028412,4.428733557812084,0.9110000000000007,0.022926025826816743,0.9110000000000007,0.0,0.022917651,10.0
3.743452772664732,-0.10095264897181501,10.0,574.9417908897061,4.4272819789235625,0.9120000000000007,0.022926025291375777,0.9120000000000007,0.0,0.022917651,10.0
3.743742524043515,-0.09787361366596872,10.0,575.8951026783083,4.425819526249271,0.9130000000000007,0.02292602475107377,0.9130000000000007,0.0,0.022917651,10.0
3.744031686297919,-0.09478541812108549,10.0,576.8567944956452,4.424345562632214,0.9140000000000007,0.022926024211947577,0.9140000000000007,0.0,0.022917651,10.0
3.744319816584464,-0.09168712418918794,10.0,577.8265868399656,4.422857365275401,0.9150000000000007,0.02292602368759558,0.9150000000000007,0.0,0.022917651,10.0
3.744607265168132,-0.08858009695489516,10.0,578.803932739307,4.42135770396458,0.9160000000000007,0.02292602314542615,0.9160000000000007,0.0,0.022917651,10.0
3.7448941058117122,-0.08546395482072086,10.0,579.7900200446469,4.41984650006352,0.9170000000000009,0.022926022603901038,0.9170000000000007,0.0,0.022917651,10.0
3.7451803107216843,-0.08233808110565832,10.0,580.7849655083331,4.4183230245864,0.9180000000000008,0.022926022066772755,0.9180000000000007,0.0,0.022917651,10.0
3.745465793115972,-0.07920067494402146,10.0,581.7880648698483,4.416785117124749,0.9190000000000007,0.02292602153233647,0.9190000000000007,0.0,0.022917651,10.0
3.745750800333894,-0.07605216459204678,10.0,582.799598927319,4.415234218462709,0.9200000000000008,0.022926020992275562,0.9200000000000007,0.0,0.022917651,10.0
3.7460348450505165,-0.07289326335452838,10.0,583.8199963786561,4.413669071187313,0.9210000000000009,0.022926020454010477,0.9210000000000007,0.0,0.022917651,10.0
3.746317313941786,-0.06972421664184295,10.0,584.8493179585545,4.41208747000304,0.9220000000000007,0.02292601991526309,0.9220000000000007,0.0,0.022917651,10.0
3.746597314159841,-0.06654562827131245,10.0,585.8876199505245,4.410486461900641,0.9230000000000007,0.02292601936756508,0.9230000000000007,0.0,0.022917651,10.0
3.7468775880820577,-0.06335585231123787,10.0,586.934394433019,4.40887535093072,0.9240000000000009,0.022926018822503925,0.9240000000000007,0.0,0.022917651,10.0
3.7471570538420225,-0.06015563907353914,10.0,587.9906029263974,4.407250576751395,0.9250000000000009,0.022926018279936535,0.9250000000000007,0.0,0.022917651,10.0
3.7474356783257385,-0.05694449427942482,10.0,589.0565202826388,4.40561150865326,0.9260000000000008,0.022926017739502473,0.9260000000000007,0.0,0.022917651,10.0
3.747713443363814,-0.05372209359707267,10.0,590.132296830492,4.403957744067179,0.9270000000000007,0.02292601719731206,0.9270000000000007,0.0,0.022917651,10.0
3.747990340986501,-0.05048831638205305,10.0,591.2179348976082,4.402289125942825,0.9280000000000008,0.022926016645064065,0.9280000000000007,0.0,0.022917651,10.0
3.7482665367713066,-0.04724217671603158,10.0,592.3135371707125,4.400605349732272,0.9290000000000008,0.022926016099618775,0.9290000000000007,0.0,0.022917651,10.0
3.748542142643999,-0.04398349983269886,10.0,593.4194443886789,4.398906668423451,0.9300000000000007,0.02292601555778631,0.9300000000000007,0.0,0.022917651,10.0
3.7488169733191543,-0.04071354711058399,10.0,594.5362741323339,4.397193615508001,0.9310000000000008,0.02292601500908554,0.9310000000000007,0.0,0.022917651,10.0
3.749090980544469,-0.03743227310619873,10.0,595.6642902530118,4.395465939558922,0.9320000000000008,0.02292601445838622,0.9320000000000007,0.0,0.022917651,10.0
3.749364141122516,-0.0341390185714839,10.0,596.8036830442388,4.393722895162918,0.9330000000000007,0.02292601391084388,0.9330000000000007,0.0,0.022917651,10.0
3.7496364330483396,-0.03083318972862903,10.0,597.9547852005973,4.391963818279487,0.9340000000000008,0.022926013364672204,0.9340000000000007,0.0,0.022917651,10.0
3.749907897702088,-0.02751517827516108,10.0,599.1182731026976,4.39018923646594,0.9350000000000008,0.022926012816335956,0.9350000000000007,0.0,0.022917651,10.0
3.750178435835956,-0.02418453385107633,10.0,600.2943585889152,4.388398310812288,0.9360000000000007,0.02292601226308207,0.9360000000000007,0.0,0.022917651,10.0
3.7504478268222985,-0.020840929104978447,10.0,601.4835510111056,4.386589853998283,0.9370000000000007,0.022926011711485787,0.9370000000000007,0.0,0.022917651,10.0
3.7507161403446507,-0.017485709033435708,10.0,602.6864749789529,4.384765466838737,0.9380000000000008,0.022926011166762503,0.9380000000000007,0.0,0.022917651,10.0
3.75098317523742,-0.014118157719729473,10.0,603.9036819333273,4.382923625568363,0.9390000000000008,0.022926011394615788,0.9390000000000007,0.0,0.022917651,10.0
3.7512487160604313,-0.01073747198687187,10.0,605.1360381050506,4.3810626857879535,0.9400000000000007,0.02292601113958095,0.9400000000000007,0.0,0.022917651,10.0
3.751512620621644,-0.007344121561838903,10.0,606.3843614501437,4.379182529848087,0.9410000000000008,0.022926010564892733,0.9410000000000007,0.0,0.022917651,10.0
3.7517749238932523,-0.0039396548818420585,10.0,607.6490386095527,4.377284851454195,0.942000000000001,0.022926009992120043,0.9420000000000007,0.0,0.022917651,10.0
3.7520355363300184,-0.000523956853763878,10.0,608.9305925744536,4.375369176742949,0.9430000000000007,0.02292600980848553,0.9430000000000007,0.0,0.022917651,10.0
3.752294481340568,0.0029040522504850627,10.0,610.2300973831633,4.373434520553987,0.9440000000000007,0.022926009639399125,0.9440000000000007,0.0,0.022917651,10.0
3.7525518897557557,0.006344694310916996,10.0,611.5487791901448,4.371481088264024,0.9450000000000008,0.0229260090808801,0.9450000000000007,0.0,0.022917651,10.0
3.752807680184086,0.00979796785065109,10.0,612.8876821424727,4.36950855007969,0.9460000000000008,0.0229260085205322,0.9460000000000007,0.0,0.022917651,10.0
3.7530617373181996,0.013263432179912002,10.0,614.2477982684009,4.367516882964111,0.9470000000000007,0.022926007961093835,0.9470000000000007,0.0,0.022917651,10.0
3.753313994937713,0.016740531525007953,10.0,615.6301796958952,4.365506382848111,0.9480000000000007,0.022926007399113008,0.9480000000000007,0.0,0.022917651,10.0
3.7535639658912516,0.020229495717465774,10.0,617.0361159266217,4.363474886018375,0.9490000000000008,0.022926006839884754,0.9490000000000007,0.0,0.022917651,10.0
3.75381065564421,0.02372931696106676,10.0,618.4667229211249,4.361419400896286,0.9500000000000007,0.02292600628059027,0.9500000000000007,0.0,0.022917651,10.0
3.7540543023789383,0.027238023155646617,10.0,619.922771372843,4.359342857738996,0.9510000000000007,0.022926005713905656,0.9510000000000007,0.0,0.022917651,10.0
3.7542956281564135,0.030756366619213712,10.0,621.4060272748372,4.357247396586686,0.9520000000000008,0.02292600514470841,0.9520000000000007,0.0,0.022917651,10.0
3.7545343067757684,0.034285196302028656,10.0,622.918093974047,4.355130853235905,0.9530000000000007,0.022926004584660795,0.9530000000000007,0.0,0.022917651,10.0
3.754770159391511,0.03782418111554382,10.0,624.4601703490623,4.352992854263451,0.9540000000000007,0.022926004019083762,0.9540000000000007,0.0,0.022917651,10.0
3.7550032231960455,0.041372586326829476,10.0,626.0336859350604,4.350834279260474,0.9550000000000008,0.022926003449886774,0.9550000000000007,0.0,0.022917651,10.0
3.755233342710733,0.04492985662509447,10.0,627.6401578367139,4.348655058359716,0.9560000000000007,0.022926002887142555,0.9560000000000007,0.0,0.022917651,10.0
3.7554602006755187,0.0484945900677281,10.0,629.280510402095,4.346455336713194,0.9570000000000007,0.022926002316176523,0.9570000000000007,0.0,0.022917651,10.0
3.7556838395372707,0.052067210099472315,10.0,630.9551299664531,4.344234838346947,0.9580000000000007,0.022926001745435867,0.9580000000000007,0.0,0.022917651,10.0
3.7559037283938865,0.055648157278217904,10.0,632.6651002825075,4.341991016179404,0.9590000000000007,0.02292600118384978,0.9590000000000007,0.0,0.022917651,10.0
3.7561177985835297,0.059235784735203884,10.0,634.4102146615812,4.339717246913149,0.9600000000000009,0.022926000620877723,0.9600000000000007,0.0,0.022917651,10.0
3.7563281342265324,0.06282989475801833,10.0,636.1900748050077,4.337422057075468,0.9610000000000007,0.02292600005301265,0.9610000000000007,0.0,0.022917651,10.0
3.7565342039318392,0.06643127595578482,10.0,638.002712279365,4.335102531221089,0.962000000000001,0.022925999486289417,0.9620000000000007,0.0,0.022917651,10.0
3.756735929209392,0.07004033194509418,10.0,639.8453772326202,4.332757945701207,0.9630000000000007,0.022925998904996667,0.9630000000000007,0.0,0.022917651,10.0
3.7569333655406334,0.07365772271859493,10.0,641.7145474908888,4.330387874836947,0.9640000000000007,0.022925998333697906,0.9640000000000007,0.0,0.022917651,10.0
3.7571266021684275,0.07728399248514674,10.0,643.6065044779407,4.327992123937978,0.9650000000000006,0.022925997757877046,0.9650000000000007,0.0,0.022917651,10.0
3.7573152783529613,0.0809216234554402,10.0,645.5154741337694,4.325566772490946,0.9660000000000007,0.022925997175120397,0.9660000000000007,0.0,0.022917651,10.0
3.7574998611781987,0.08457266383395677,10.0,647.4306384502238,4.323111648859052,0.9670000000000007,0.02292599660383105,0.9670000000000007,0.0,0.022917651,10.0
3.757680614275303,0.08823829335735527,10.0,649.3460045657832,4.320626609516769,0.9680000000000007,0.022925996031970552,0.9680000000000007,0.0,0.022917651,10.0
3.757857770119765,0.09192308921417287,10.0,651.2516615409003,4.318108010973245,0.9690000000000009,0.02292599547095897,0.9690000000000007,0.0,0.022917651,10.0
3.758031580351305,0.09563030246262706,10.0,653.1414009259867,4.315553614476927,0.9700000000000008,0.02292599494965675,0.9700000000000008,0.0,0.022917651,10.0
3.7582038591401092,0.09936757486852972,10.0,655.0575835552231,4.312963013064455,0.9710000000000008,0.02292599439751006,0.9710000000000008,0.0,0.022917651,10.0
3.7583765051704523,0.10314632901133527,10.0,657.0754489069305,4.310332434282809,0.9720000000000008,0.022925993811356512,0.9720000000000008,0.0,0.022917651,10.0
3.7585470386129365,0.10695546287588512,10.0,659.1939337620255,4.307663013899159,0.9730000000000008,0.02292599329912916,0.9730000000000008,0.0,0.022917651,10.0
3.7587149647901277,0.1107946885621127,10.0,661.4165678490765,4.304953057508096,0.9740000000000008,0.022925993052078004,0.9740000000000008,0.0,0.022917651,10.0
3.7588798110155617,0.11467216591467011,10.0,663.7513796059028,4.302192546248562,0.9750000000000008,0.02292599250846745,0.9750000000000008,0.0,0.022917651,10.0
3.7590418015053113,0.11859379341137703,10.0,666.198395131623,4.299376448183095,0.9760000000000009,0.02292599190982016,0.9760000000000008,0.0,0.022917651,10.0
3.75920114673537,0.1225567759559193,10.0,668.7506958012373,4.296508435315265,0.9770000000000008,0.022925991312054934,0.9770000000000008,0.0,0.022917651,10.0
3.759356854243306,0.1265683729075803,10.0,671.4188458474696,4.293577242603155,0.9780000000000008,0.02292599074349286,0.9780000000000008,0.0,0.022917651,10.0
3.7595095294978087,0.13062754962859244,10.0,674.1981634739838,4.290586337915438,0.9790000000000008,0.022925990251447464,0.9790000000000008,0.0,0.022917651,10.0
3.7596588771641595,0.13473715001813089,10.0,677.093964872246,4.287531694964543,0.9800000000000008,0.022925989643364134,0.9800000000000008,0.0,0.022917651,10.0
3.7598049086081553,0.13889848068999897,10.0,680.1119739935625,4.284412070397494,0.9810000000000008,0.0229259890261532,0.9810000000000008,0.0,0.022917651,10.0
3.7599468456969465,0.1431124783289875,10.0,683.2555911499418,4.2812233937609525,0.9820000000000008,0.022925988431769236,0.9820000000000008,0.0,0.022917651,10.0
3.7600840018231048,0.14737392329510174,10.0,686.5305687486784,4.2779681448914095,0.9830000000000009,0.022925987862506852,0.9830000000000008,0.0,0.022917651,10.0
3.7602158250863584,0.15168773992972154,10.0,689.957831674553,4.274639202603705,0.9840000000000008,0.022925987266415426,0.9840000000000008,0.0,0.022917651,10.0
3.760342274557349,0.1560531021987352,10.0,693.5403041063175,4.271237207534458,0.9850000000000008,0.02292598664941794,0.9850000000000008,0.0,0.022917651,10.0
3.7604637676126633,0.16047263225642536,10.0,697.3012709545665,4.267761240453852,0.9860000000000009,0.022925986172239034,0.9860000000000008,0.0,0.022917651,10.0
3.7605829707918654,0.16495045673613484,10.0,701.2734378172754,4.264217791475027,0.9870000000000008,0.02292598578994647,0.9870000000000008,0.0,0.022917651,10.0
3.7606978439466068,0.16947966253353555,10.0,705.4660711555998,4.260605652119874,0.9880000000000008,0.022925985198920914,0.9880000000000008,0.0,0.022917651,10.0
3.760814074084352,0.17408542526288062,10.0,710.3196565333877,4.256922376863079,0.9890000000000008,0.022925984551732583,0.9890000000000008,0.0,0.022917651,10.0
3.7609242399295253,0.178717617697515,10.0,717.2265727487143,4.2531884286777775,0.9900000000000009,0.022925983896728473,0.9900000000000008,0.0,0.022917651,10.0
3.7610173077675477,0.18341672708768214,10.0,724.5866778737203,4.249319167158338,0.9910000000000008,0.022925983286718462,0.9910000000000008,0.0,0.022917651,10.0
3.76111830153187,0.18823733260848532,10.0,732.6109961120811,4.245360102074025,0.9920000000000008,0.02292598273594994,0.9920000000000008,0.0,0.022917651,10.0
3.761193000225897,0.19301877014535207,10.0,740.891919278371,4.241335042888897,0.9930000000000008,0.022925982125559508,0.9930000000000008,0.0,0.022917651,10.0
3.761252957561241,0.19786670504758702,10.0,749.3026019896291,4.2371845242861355,0.9940000000000008,0.022925981609129543,0.9940000000000008,0.0,0.022917651,10.0
3.761302718802649,0.20277122729994546,10.0,757.8430632383263,4.232936610361333,0.9950000000000008,0.022925981008654745,0.9950000000000008,0.0,0.022917651,10.0
3.7613402985483497,0.207730613182448,10.0,766.5156222933207,4.228585126571412,0.9960000000000008,0.022925980484597333,0.9960000000000008,0.0,0.022917651,10.0
3.7613632558584773,0.21274549673129717,10.0,775.3230201978007,4.224119638439969,0.9970000000000009,0.022925979827198514,0.9970000000000008,0.0,0.022917651,10.0
3.761372968855882,0.2178185607498412,10.0,784.2703475941505,4.219543012224293,0.9980000000000008,0.02292597931178318,0.9980000000000008,0.0,0.022917651,10.0
3.7613681164423514,0.22295173137809574,10.0,793.3605530944579,4.214847990437815,0.9990000000000008,0.02292597865537308,0.9990000000000008,0.0,0.022917651,10.0
3.7613425980121136,0.22814874216481656,10.0,802.5950125614296,4.2100064804701,1.0000000000000009,0.022925978002489626,1.0000000000000009,0.0,0.022917651,10.0
3.761374650292165,0.23181299510541079,10.0,808.2592265791409,4.2068843706156205,1.0010000000000008,0.02292597801019832,1.0010000000000008,0.0,0.022917651,10.0
3.761406025336584,0.23548469745189557,10.0,813.9559679867616,4.203752102385698,1.002000000000001,0.022925978016842458,1.002000000000001,0.0,0.022917651,10.0
3.7614222907153185,0.23920410782397222,10.0,819.7570889228512,4.2005116815888215,1.0030000000000008,0.022925978089679312,1.0030000000000008,0.0,0.022917651,10.0
3.761431581189299,0.24294868588322613,10.0,825.6227196872561,4.1972181909291075,1.004000000000001,0.02292597818930851,1.004000000000001,0.0,0.022917651,10.0
3.7614401532511397,0.24670104865128845,10.0,831.5220449287419,4.193914041898297,1.005000000000001,0.022925978286266423,1.0050000000000008,0.0,0.022917651,10.0
3.7614405949953738,0.2504788128273066,10.0,837.4875446982737,4.190551969747389,1.006000000000001,0.0229259783999085,1.006000000000001,0.0,0.022917651,10.0
3.761423575099153,0.2543041928124933,10.0,843.5602977855795,4.187072434243162,1.0070000000000008,0.022925978554069287,1.0070000000000008,0.0,0.022917651,10.0
3.7614057779201215,0.25813768508202545,10.0,849.6679597366729,4.183581677304075,1.008000000000001,0.02292597870479317,1.008000000000001,0.0,0.022917651,10.0
3.761384856857944,0.2619840774845844,10.0,855.8198518924021,4.180065525340665,1.009000000000001,0.022925978856804634,1.0090000000000008,0.0,0.022917651,10.0
3.7613378619039497,0.26588993743162476,10.0,862.1056440672938,4.176385617310705,1.0100000000000011,0.02292597905583672,1.010000000000001,0.0,0.022917651,10.0
3.7612900642661486,0.26980429450029536,10.0,868.4276351850617,4.17269400127771,1.0110000000000008,0.022925979249985268,1.0110000000000008,0.0,0.022917651,10.0
3.7612406862193546,0.2737285032250126,10.0,874.7887274744518,4.16898621154831,1.012000000000001,0.022925979454298508,1.012000000000001,0.0,0.022917651,10.0
3.7611596424800817,0.2777133535615277,10.0,881.2934361547917,4.165091107201351,1.0130000000000008,0.022925980250359124,1.0130000000000008,0.0,0.022917651,10.0
3.7610777826699175,0.281707101789792,10.0,887.8357065908943,4.161183840896472,1.0140000000000011,0.02292598103058555,1.014000000000001,0.0,0.022917651,10.0
3.7609909712481224,0.2857160321199763,10.0,894.4291959607717,4.157241587710234,1.0150000000000008,0.022925981739953995,1.0150000000000008,0.0,0.022917651,10.0
3.760873256889497,0.2897794404185776,10.0,901.1587723020664,4.153121255400223,1.016000000000001,0.02292598203879955,1.016000000000001,0.0,0.022917651,10.0
3.7607546933051546,0.29385215735569314,10.0,907.9272994060086,4.148988217463764,1.0170000000000008,0.022925982331047645,1.0170000000000008,0.0,0.022917651,10.0
3.7606209370901698,0.29795131437031863,10.0,914.7764562125043,4.1447679637600015,1.0180000000000011,0.022925982947219262,1.018000000000001,0.0,0.022917651,10.0
3.7604616116201073,0.30208952529677074,10.0,921.7369772515485,4.1404063704583125,1.019000000000001,0.022925984113944045,1.0190000000000008,0.0,0.022917651,10.0
3.7603014335445244,0.306237508847658,10.0,928.7379138366877,4.13603159428919,1.020000000000001,0.022925985255367678,1.020000000000001,0.0,0.022917651,10.0
3.760106541645758,0.31042598816624495,10.0,935.8656611515429,4.131477475920845,1.021000000000001,0.022925986783926332,1.0210000000000008,0.0,0.022917651,10.0
3.759900042391891,0.31463436043363935,10.0,943.0622960672655,4.126857037663737,1.022000000000001,0.022925988408493563,1.022000000000001,0.0,0.022917651,10.0
3.7596782448243786,0.31886292347017586,10.0,950.3343764899206,4.1221552142261215,1.023000000000001,0.022925989990545494,1.0230000000000008,0.0,0.022917651,10.0
3.7594209847895184,0.32312580276690545,10.0,957.7295060223215,4.117277222764602,1.024000000000001,0.022925991522047807,1.024000000000001,0.0,0.022917651,10.0
3.7591628227700573,0.32739938808652186,10.0,965.1678316374608,4.112384917639775,1.0250000000000008,0.022925993018154144,1.0250000000000008,0.0,0.022917651,10.0
3.7588490205240697,0.33170546849900073,10.0,972.7608373961219,4.107237551751783,1.026000000000001,0.022925995957754398,1.026000000000001,0.0,0.022917651,10.0
3.7585325245329733,0.33602352178929107,10.0,980.4021408808667,4.102067437883572,1.0270000000000008,0.022925998878569373,1.0270000000000008,0.0,0.022917651,10.0
3.7581627633796733,0.34035956920179183,10.0,988.1731247075994,4.096666277699035,1.0280000000000011,0.022926002511030746,1.028000000000001,0.0,0.022917651,10.0
3.757776975391502,0.344709186712131,10.0,996.0139961486241,4.0911874422408046,1.0290000000000008,0.02292600627735672,1.0290000000000008,0.0,0.022917651,10.0
3.757330219248553,0.3490644235873634,10.0,1003.9853982909559,4.085459108532532,1.030000000000001,0.022926012154664985,1.030000000000001,0.0,0.022917651,10.0
3.756860286980547,0.35342977359697464,10.0,1012.0356047241183,4.079627954906861,1.0310000000000006,0.02292601869775695,1.0310000000000008,0.0,0.022917651,10.0
3.7563223511792376,0.35778765726784156,10.0,1020.2254584573826,4.073532248186222,1.032000000000001,0.022926026925599623,1.032000000000001,0.0,0.022917651,10.0
3.7557646503075377,0.3621518440663109,10.0,1028.4892968386466,4.067351177252522,1.0330000000000008,0.02292603554860591,1.0330000000000008,0.0,0.022917651,10.0
3.755121486073809,0.3664849763890724,10.0,1036.9040189985383,4.060859312435652,1.034000000000001,0.022926047670597128,1.034000000000001,0.0,0.022917651,10.0
3.754437819693179,0.3708021137326488,10.0,1045.4106710610943,4.05422143866516,1.0350000000000008,0.022926062134678814,1.0350000000000008,0.0,0.022917651,10.0
3.753696035433411,0.375090504334856,10.0,1054.0285600046136,4.047379846297974,1.036000000000001,0.022926080002864762,1.036000000000001,0.0,0.022917651,10.0
3.7528548985113708,0.37930159743301217,10.0,1062.783649223824,4.040218136951293,1.037000000000001,0.02292610551392129,1.0370000000000008,0.0,0.022917651,10.0
3.751926989685714,0.38344465756470336,10.0,1071.644148362161,4.032777369542446,1.038000000000001,0.022926137162429933,1.038000000000001,0.0,0.022917651,10.0
3.7508908982575107,0.38748955937799684,10.0,1080.6203837692335,4.0250020260133725,1.0390000000000008,0.02292617812678856,1.0390000000000008,0.0,0.022917651,10.0
3.749748012565449,0.39140804618909647,10.0,1089.7164899862819,4.016925917234427,1.040000000000001,0.022926233704402783,1.040000000000001,0.0,0.022917651,10.0
3.748471421177253,0.3951397462624472,10.0,1098.936872449676,4.008501775710173,1.041000000000001,0.022926309474252216,1.0410000000000008,0.0,0.022917651,10.0
3.747026630930022,0.3986371211077204,10.0,1108.283122854603,3.9996391678816074,1.0420000000000011,0.022926425276598536,1.042000000000001,0.0,0.022917651,10.0
3.7453641846891563,0.40181008739748914,10.0,1117.7241952075005,3.9902303386466214,1.0430000000000008,0.022926591825721612,1.0430000000000008,0.0,0.022917651,10.0
3.7434915174465653,0.4045875729772783,10.0,1127.2662049120777,3.9803761132298994,1.044000000000001,0.022926863257422648,1.044000000000001,0.0,0.022917651,10.0
3.7413460294954675,0.40687785883409594,10.0,1136.90013097823,3.969917807007541,1.045000000000001,0.022927279355678547,1.0450000000000008,0.0,0.022917651,10.0
3.738866717843184,0.4085091186662589,10.0,1146.5916134775305,3.958783226940551,1.0460000000000012,0.02292803508006439,1.046000000000001,0.0,0.022917651,10.0
3.735992651430102,0.40935111137532104,10.0,1156.3364378757979,3.946858896580343,1.0470000000000008,0.02292935526153908,1.0470000000000008,0.0,0.022917651,10.0
3.7326515614706834,0.4092613125331363,10.0,1166.0902031805906,3.933998257354514,1.048000000000001,0.022932157727114065,1.048000000000001,0.0,0.022917651,10.0
3.728787146451963,0.40822244235954397,10.0,1175.8290663957275,3.919993388869375,1.0490000000000008,0.022937980688277626,1.0490000000000008,0.0,0.022917651,10.0
3.724346671344644,0.40636199861306044,10.0,1185.5254126214454,3.9045058699169606,1.0500000000000012,0.022950632471335893,1.050000000000001,0.0,0.022917651,10.0
3.7193755806671494,0.4042303759253537,10.0,1195.1653249134904,3.8871670541003653,1.0510000000000008,0.022973225317126082,1.0510000000000008,0.0,0.022917651,10.0
3.7140175730140736,0.4030576301439396,10.0,1204.7438954541933,3.867321695740475,1.052000000000001,0.023016169978884175,1.052000000000001,0.0,0.022917651,10.0
3.7085642619137,0.40457541751225823,10.0,1214.308145226243,3.8444045918681953,1.053000000000001,0.023096969504212306,1.0530000000000008,0.0,0.022917651,10.0
3.7033286731527544,0.4104206889552954,10.0,1223.965490480072,3.8180308853699585,1.054000000000001,0.023243876839287476,1.054000000000001,0.0,0.022917651,10.0
3.698514082863026,0.4215036785201471,10.0,1233.8831114089546,3.7881034602119277,1.0550000000000006,0.023486498592752845,1.0550000000000008,0.0,0.022917651,10.0
3.694163517895356,0.43805297269059273,10.0,1244.1940475901524,3.7545658432639346,1.056000000000001,0.023815145427064716,1.056000000000001,0.0,0.022917651,10.0
3.690476360087862,0.46095803630815424,10.0,1254.9948884152225,3.7173260749984824,1.0570000000000008,0.0242850445245748,1.0570000000000008,0.0,0.022917651,10.0
3.6875786823918784,0.49045047479119,10.0,1266.429101279068,3.6766568510110496,1.058000000000001,0.024930060699340926,1.058000000000001,0.0,0.022917651,10.0
3.6853409340870598,0.5256207889315635,10.0,1278.6949687222484,3.632949462768299,1.0590000000000008,0.025753351495074114,1.0590000000000008,0.0,0.022917651,10.0
3.683559232720651,0.5656388917487686,10.0,1292.0265512224942,3.586218496728977,1.060000000000001,0.02682013516606665,1.060000000000001,0.0,0.022917651,10.0
3.682053261375461,0.610172506137835,10.0,1306.6802084749568,3.5360749164408127,1.061000000000001,0.028129098451967576,1.0610000000000008,0.0,0.022917651,10.0
3.680682226456313,0.6593602808017168,10.0,1322.9644506451464,3.4818169241159835,1.062000000000001,0.029632373738186234,1.062000000000001,0.0,0.022917651,10.0
3.6792557250610876,0.7138744725369035,10.0,1341.2829786330663,3.422010658352734,1.0630000000000006,0.031249707753861107,1.0630000000000008,0.0,0.022917651,10.0
3.677699035158443,0.7747719742033395,10.0,1362.1628544385,3.355300332509859,1.064000000000001,0.03290935873281569,1.064000000000001,0.0,0.022917651,10.0
3.6758031709579937,0.8438267029399711,10.0,1386.382893902347,3.2790760657045577,1.0650000000000008,0.03440401754671185,1.0650000000000008,0.0,0.022917651,10.0
3.6733633746173058,0.9237798468856744,10.0,1415.071233668922,3.1897776714711914,1.0660000000000012,0.035660945070808775,1.066000000000001,0.0,0.022917651,10.0
3.670073075105549,1.0187267170784045,10.0,1450.0699239381397,3.0820835201179415,1.0670000000000008,0.036545050930662716,1.0670000000000008,0.0,0.022917651,10.0
3.665555341900702,1.1346777615786983,10.0,1494.935289362311,2.948475465803735,1.0680000000000007,0.03702681241085248,1.068000000000001,0.0,0.022917651,10.0
3.659070265580118,1.2810684486945356,10.0,1556.662131722489,2.7765584003133883,1.0690000000000008,0.037094723320227764,1.0690000000000008,0.0,0.022917651,10.0
3.649089159165828,1.4797375864176272,10.0,1657.630897844901,2.5383787671152285,1.070000000000001,0.03709816354452622,1.070000000000001,0.0,0.022917651,10.0
3.6430721083155304,1.6004302691309915,10.0,1857.638307202549,2.3940318214808762,1.0710000000000006,0.03710160376882468,1.0710000000000008,0.0,0.022917651,10.0
3.6133556171642276,2.0658362875696317,10.0,2453.2261542078195,1.8101737600325127,1.072000000000001,0.037105043993123143,1.072000000000001,0.0,0.022917651,10.0
