log_Teff,LogL_lsun,Age_gyr,Step,Log_g,Mass_msun,feh,Mass_input,Metallicity_input,Z_used,Age_input
3.540508948657872,-1.9410082993766977,3.0,290.66096596067797,4.972950197804002,0.3000000000000002,0.024585784779279248,0.30000000000000016,0.0,0.022917651,3.0
3.5406667843035007,-1.9383839294692116,3.0,290.6774493126652,4.972206558651417,0.30100000000000016,0.024582203563256057,0.30100000000000016,0.0,0.022917651,3.0
3.5408245055266976,-1.935757128217678,3.0,290.69518837503205,4.971460030456689,0.30200000000000016,0.024578582460747112,0.30200000000000016,0.0,0.022917651,3.0
3.540982109378322,-1.933127832956297,3.0,290.7142155126327,4.970710538757242,0.30300000000000016,0.02457492044371257,0.30300000000000016,0.0,0.022917651,3.0
3.541139598691864,-1.9304976686680935,3.0,290.7331526455321,4.969959719747453,0.30400000000000016,0.02457115462602574,0.30400000000000016,0.0,0.022917651,3.0
3.541297031248588,-1.9278815293049518,3.0,290.73963333960086,4.969222697442749,0.30500000000000016,0.024566740046643915,0.30500000000000016,0.0,0.022917651,3.0
3.541454354977328,-1.9252631119967396,3.0,290.7473377108532,4.968482961883221,0.30600000000000016,0.02456227262365225,0.30600000000000016,0.0,0.022917651,3.0
3.5416115671397908,-1.922642359426551,3.0,290.75629654905305,4.967740444798842,0.3070000000000001,0.02455775102741717,0.30700000000000016,0.0,0.022917651,3.0
3.5417686649050375,-1.9200192123382958,3.0,290.7665416856636,4.966995075609829,0.3080000000000002,0.024553173883320054,0.30800000000000016,0.0,0.022917651,3.0
3.541925645345536,-1.9173936094539918,3.0,290.77810603827805,4.966246781328124,0.30900000000000016,0.02454853976983858,0.30900000000000016,0.0,0.022917651,3.0
3.5420825054330027,-1.9147654873867852,3.0,290.79102365734275,4.965495486453805,0.3100000000000002,0.024543847216528962,0.31000000000000016,0.0,0.022917651,3.0
3.5422392420340314,-1.9121347805494433,3.0,290.80532977531414,4.964741112866072,0.31100000000000017,0.02453909470190318,0.31100000000000017,0.0,0.022917651,3.0
3.5423958519054928,-1.9095014210580392,3.0,290.82106085839723,4.96398357970855,0.3120000000000001,0.02453428065119466,0.31200000000000017,0.0,0.022917651,3.0
3.5425523316896883,-1.9068653386305352,3.0,290.8382546610261,4.963222803268475,0.31300000000000017,0.02452940343400563,0.31300000000000017,0.0,0.022917651,3.0
3.5427086779092476,-1.9042264604799406,3.0,290.8569502832564,4.962458696849436,0.31400000000000017,0.024524461361828575,0.31400000000000017,0.0,0.022917651,3.0
3.5428648869617443,-1.9015847112017095,3.0,290.87718823125454,4.961691170637266,0.3150000000000002,0.02451945268543415,0.31500000000000017,0.0,0.022917651,3.0
3.54302095511403,-1.8989400126550091,3.0,290.89901048107896,4.960920131558606,0.3160000000000002,0.02451437559211678,0.31600000000000017,0.0,0.022917651,3.0
3.543176878496246,-1.896292283837462,3.0,290.9224605459648,4.960145483131725,0.31700000000000017,0.024509228202789026,0.31700000000000017,0.0,0.022917651,3.0
3.5433326530955096,-1.8936414407529514,3.0,290.9475835473392,4.9593671253090506,0.31800000000000017,0.024504008568914853,0.31800000000000017,0.0,0.022917651,3.0
3.543488274749242,-1.8909873962720227,3.0,290.97442628981,4.958584954310904,0.3190000000000002,0.024498714669271282,0.3190000000000002,0.0,0.022917651,3.0
3.543643739138127,-1.8883300599844037,3.0,291.00303734038977,4.9577988624498275,0.3200000000000002,0.024493344406527173,0.3200000000000002,0.0,0.022917651,3.0
3.5437990417786587,-1.8856693380431162,3.0,291.0334671122374,4.957008737944915,0.32100000000000023,0.024487895603626905,0.3210000000000002,0.0,0.022917651,3.0
3.54395417801527,-1.8830051329996107,3.0,291.06576795321973,4.956214464725438,0.32200000000000023,0.024482365999965887,0.3220000000000002,0.0,0.022917651,3.0
3.544108849039232,-1.8803641436052267,3.0,291.0960359933606,4.955441547110108,0.32300000000000023,0.024475908916974477,0.3230000000000002,0.0,0.022917651,3.0
3.5442633722822903,-1.8777201526844751,3.0,291.1276466603519,4.954665036839137,0.3240000000000002,0.024469356023855117,0.3240000000000002,0.0,0.022917651,3.0
3.544417743899584,-1.8750730545678922,3.0,291.16064031630276,4.953884812862785,0.3250000000000002,0.024462705367086907,0.3250000000000002,0.0,0.022917651,3.0
3.544571959640631,-1.872422762152355,3.0,291.1950557301423,4.953100771075821,0.3260000000000002,0.024455954206089755,0.3260000000000002,0.0,0.022917651,3.0
3.544726015094583,-1.8697691850483846,3.0,291.23093313353246,4.952312803445178,0.3270000000000002,0.024449099696882876,0.3270000000000002,0.0,0.022917651,3.0
3.544879905682586,-1.8671122294236786,3.0,291.2683142905096,4.951520797822947,0.32800000000000024,0.024442138887161714,0.3280000000000002,0.0,0.022917651,3.0
3.545033626649706,-1.8644517978376172,3.0,291.3072425711433,4.950724637748567,0.32900000000000024,0.024435068711091048,0.3290000000000002,0.0,0.022917651,3.0
3.545187173056386,-1.8617877890661345,3.0,291.34776302948677,4.949924202239528,0.3300000000000002,0.024427885983794674,0.3300000000000002,0.0,0.022917651,3.0
3.5453405397693905,-1.8591200979162876,3.0,291.3899224861094,4.949119365569735,0.3310000000000001,0.024420587395521144,0.3310000000000002,0.0,0.022917651,3.0
3.5454937214522286,-1.8564486150298125,3.0,291.4337696155336,4.9483099970347215,0.33200000000000024,0.02441316950546287,0.3320000000000002,0.0,0.022917651,3.0
3.545646712554983,-1.8537732266748932,3.0,291.4793550389153,4.9474959607027715,0.33300000000000024,0.02440562873520451,0.3330000000000002,0.0,0.022917651,3.0
3.54579950730354,-1.8510938145253177,3.0,291.5267314223412,4.9466771151509725,0.3340000000000002,0.024397961361774315,0.3340000000000002,0.0,0.022917651,3.0
3.5459520996881526,-1.848410255426111,3.0,291.57595358114315,4.945853313185096,0.33500000000000024,0.024390163510270173,0.3350000000000002,0.0,0.022917651,3.0
3.5461044834512903,-1.8457224211446754,3.0,291.6270785906637,4.945024401542161,0.3360000000000002,0.02438223114602954,0.3360000000000002,0.0,0.022917651,3.0
3.5462566520747445,-1.8430301781063827,3.0,291.68016590394257,4.944190220574422,0.3370000000000002,0.024374160066310192,0.3370000000000002,0.0,0.022917651,3.0
3.546409041066054,-1.8403712559328653,3.0,291.73349523443557,4.943390241313723,0.3380000000000002,0.024364967565810653,0.3380000000000002,0.0,0.022917651,3.0
3.5465612761344585,-1.8377090554788333,3.0,291.7880429768498,4.942586368081571,0.3390000000000002,0.024355612032794915,0.3390000000000002,0.0,0.022917651,3.0
3.5467133479183848,-1.835043043048803,3.0,291.843861533116,4.941778029743545,0.3400000000000002,0.024346099962077948,0.3400000000000002,0.0,0.022917651,3.0
3.546865251483768,-1.8323731034539734,3.0,291.9009893041907,4.940965091374821,0.34100000000000025,0.024336426623464656,0.3410000000000002,0.0,0.022917651,3.0
3.5470169816957253,-1.8296991168173482,3.0,291.9594662539532,4.940147412559118,0.3420000000000002,0.024326587094240525,0.3420000000000002,0.0,0.022917651,3.0
3.5471685332082337,-1.8270209583327692,3.0,292.01933398953673,4.939324847106455,0.3430000000000002,0.024316576249276512,0.3430000000000002,0.0,0.022917651,3.0
3.547319900453169,-1.8243384980089388,3.0,292.08063584666587,4.938497242753306,0.34400000000000014,0.024306388750517244,0.3440000000000002,0.0,0.022917651,3.0
3.5474710776286438,-1.8216516003973178,3.0,292.1434169803678,4.937664440843879,0.34500000000000014,0.024296019035807283,0.3450000000000002,0.0,0.022917651,3.0
3.5476220586866214,-1.8189601243027091,3.0,292.20772446145656,4.936826275991113,0.34600000000000025,0.024285461307006335,0.3460000000000002,0.0,0.022917651,3.0
3.547772837319709,-1.8162639224752222,3.0,292.2736073792233,4.935982575715866,0.34700000000000014,0.024274709517339902,0.3470000000000002,0.0,0.022917651,3.0
3.547923406947115,-1.8135628412822147,3.0,292.34111695080327,4.935133160062649,0.3480000000000002,0.024263757357927573,0.3480000000000002,0.0,0.022917651,3.0
3.548073760699666,-1.8108567203586654,3.0,292.4103066377319,4.934277841190085,0.3490000000000002,0.024252598243425738,0.3490000000000002,0.0,0.022917651,3.0
3.5482238914038406,-1.808145392234313,3.0,292.4812322702477,4.933416422934183,0.3500000000000002,0.024241225296716132,0.3500000000000002,0.0,0.022917651,3.0
3.5483744900712786,-1.80548605454505,3.0,292.5428272543378,4.93260886721341,0.3510000000000002,0.024228063368279096,0.3510000000000002,0.0,0.022917651,3.0
3.5485250891705435,-1.8028350553210446,3.0,292.60267888347005,4.9318096517710215,0.3520000000000002,0.02421433212535485,0.3520000000000002,0.0,0.022917651,3.0
3.5486755545053597,-1.8001810649357497,3.0,292.6628985206027,4.9310069101517096,0.35300000000000015,0.024200336000434787,0.3530000000000002,0.0,0.022917651,3.0
3.548825882676176,-1.7975240073703938,3.0,292.7234955184633,4.930200552739566,0.3540000000000002,0.024186068261684027,0.3540000000000002,0.0,0.022917651,3.0
3.5489760701672575,-1.7948638040082283,3.0,292.78447954941294,4.929390486856013,0.3550000000000002,0.024171521947204053,0.3550000000000002,0.0,0.022917651,3.0
3.5491261133416843,-1.792200373522586,3.0,292.84586061921914,4.928576616627849,0.35600000000000026,0.02415668985511983,0.3560000000000002,0.0,0.022917651,3.0
3.5492760084360806,-1.7895336317591037,3.0,292.9076490815457,4.927758842848394,0.35700000000000026,0.024141564533149966,0.3570000000000002,0.0,0.022917651,3.0
3.549425751555073,-1.7868634916117476,3.0,292.9698556532061,4.926937062831349,0.35800000000000026,0.024126138267628088,0.3580000000000002,0.0,0.022917651,3.0
3.5495753386654516,-1.7841898628922568,3.0,293.0324914302259,4.926111170256882,0.3590000000000002,0.02411040307194156,0.3590000000000002,0.0,0.022917651,3.0
3.5497247655900166,-1.7815126521925964,3.0,293.0955679047648,4.925281055009481,0.36000000000000015,0.024094350674351048,0.3600000000000002,0.0,0.022917651,3.0
3.5498740280010996,-1.7788317627399814,3.0,293.1590969829543,4.924446603007047,0.3610000000000002,0.024077972505151958,0.3610000000000002,0.0,0.022917651,3.0
3.550023121413722,-1.7761470942439905,3.0,293.22309100370677,4.9236076960206585,0.3620000000000002,0.024061259683135834,0.3620000000000002,0.0,0.022917651,3.0
3.5501720411783846,-1.7734585427352714,3.0,293.2875627585605,4.922764211484431,0.36300000000000027,0.02404420300130685,0.3630000000000002,0.0,0.022917651,3.0
3.5503216263230937,-1.770803082779955,3.0,293.3373279834554,4.921956479265004,0.3640000000000002,0.02402589643248086,0.3640000000000002,0.0,0.022917651,3.0
3.550471621943872,-1.768167950485799,3.0,293.37681811301195,4.921170716077201,0.3650000000000002,0.024006680953683385,0.3650000000000002,0.0,0.022917651,3.0
3.550621519706002,-1.765530462797868,3.0,293.4151031162541,4.92038220600925,0.36600000000000027,0.02398710616246045,0.3660000000000002,0.0,0.022917651,3.0
3.550771317454832,-1.7628905678551465,3.0,293.45215645873355,4.919590888580393,0.36700000000000016,0.023967164147477953,0.3670000000000002,0.0,0.022917651,3.0
3.5509210129719917,-1.760248212262863,3.0,293.4879508212629,4.918796701521198,0.36800000000000027,0.023946846763429105,0.3680000000000002,0.0,0.022917651,3.0
3.551070603973012,-1.7576033410353675,3.0,293.52245807068886,4.917999580706933,0.3690000000000002,0.023926145622320538,0.3690000000000002,0.0,0.022917651,3.0
3.551220088104851,-1.754955897536436,3.0,293.55564922935,4.917199460087957,0.3700000000000003,0.02390505208436599,0.3700000000000002,0.0,0.022917651,3.0
3.5513694629432933,-1.7523058234168707,3.0,293.5874944431492,4.916396271616939,0.37100000000000016,0.02388355724846693,0.3710000000000002,0.0,0.022917651,3.0
3.551518725990251,-1.7496530585492418,3.0,293.6179629481659,4.915589945172765,0.3720000000000002,0.023861651942257946,0.3720000000000002,0.0,0.022917651,3.0
3.5516678746709163,-1.7469975409596292,3.0,293.6470230357307,4.914780408480921,0.3730000000000002,0.023839326711693615,0.3730000000000002,0.0,0.022917651,3.0
3.551816906330798,-1.7443392067561903,3.0,293.67464201587853,4.913967587030202,0.3740000000000002,0.023816571810152,0.3740000000000002,0.0,0.022917651,3.0
3.551965818232617,-1.7416779900543915,3.0,293.7007861790927,4.913151403985507,0.3750000000000002,0.023793377187028345,0.3750000000000002,0.0,0.022917651,3.0
3.552114607553052,-1.7390138228987082,3.0,293.72542075624415,4.91233178009653,0.3760000000000002,0.023769732475790974,0.3760000000000002,0.0,0.022917651,3.0
3.552263662465423,-1.7363645822083114,3.0,293.74157398293977,4.91152814530957,0.3770000000000003,0.023745287719777918,0.3770000000000002,0.0,0.022917651,3.0
3.5524145484127545,-1.7338007392182322,3.0,293.7219465590239,4.910817233953498,0.37800000000000017,0.02371879115490722,0.3780000000000002,0.0,0.022917651,3.0
3.55256542521793,-1.7312368548026813,3.0,293.6995251780595,4.910106244600882,0.3790000000000002,0.023691918074645553,0.3790000000000002,0.0,0.022917651,3.0
3.5527162928150844,-1.7286729286631972,3.0,293.67428971021167,4.909395176689773,0.3800000000000002,0.023664665766283843,0.3800000000000002,0.0,0.022917651,3.0
3.5528671511377143,-1.7261089604984443,3.0,293.64621983180524,4.908684029652813,0.3810000000000002,0.023637031490990987,0.3810000000000002,0.0,0.022917651,3.0
3.5530180001186777,-1.7235449500041793,3.0,293.61529502298646,4.907972802917166,0.38200000000000023,0.02360901248349869,0.38200000000000023,0.0,0.022917651,3.0
3.5531688396901804,-1.7209808968732134,3.0,293.58149456534943,4.907261495904454,0.38300000000000023,0.02358060595178169,0.38300000000000023,0.0,0.022917651,3.0
3.553319669783773,-1.71841680079538,3.0,293.5447975395291,4.906550108030688,0.38400000000000023,0.02355180907673335,0.38400000000000023,0.0,0.022917651,3.0
3.5534704903303376,-1.7158526614574952,3.0,293.5051828227592,4.905838638706203,0.38500000000000023,0.02352261901183652,0.38500000000000023,0.0,0.022917651,3.0
3.5536213012600855,-1.7132884785433238,3.0,293.4626290863934,4.905127087335584,0.38600000000000023,0.023493032882829546,0.38600000000000023,0.0,0.022917651,3.0
3.5537721025025455,-1.7107242517335397,3.0,293.4171147933914,4.9044154533176005,0.3870000000000003,0.02346304778736748,0.38700000000000023,0.0,0.022917651,3.0
3.553922893986554,-1.7081599807056895,3.0,293.36861819576734,4.903703736045132,0.3880000000000002,0.023432660794678203,0.38800000000000023,0.0,0.022917651,3.0
3.554073675640252,-1.7055956651341544,3.0,293.3171173320007,4.902991934905096,0.38900000000000023,0.02340186894521353,0.38900000000000023,0.0,0.022917651,3.0
3.554224447391071,-1.7030313046901098,3.0,293.26259002440906,4.902280049278379,0.39000000000000024,0.023370669250295212,0.39000000000000024,0.0,0.022917651,3.0
3.5543752091657264,-1.700466899041487,3.0,293.20501387648255,4.901568078539755,0.3910000000000003,0.023339058691755586,0.39100000000000024,0.0,0.022917651,3.0
3.55452596089021,-1.6979024478529328,3.0,293.1443662701773,4.900856022057814,0.39200000000000024,0.02330703422157302,0.39200000000000024,0.0,0.022917651,3.0
3.5546767024897785,-1.695337950785768,3.0,293.0806243631704,4.900143879194889,0.3930000000000003,0.02327459276150184,0.39300000000000024,0.0,0.022917651,3.0
3.5548274338889465,-1.692773407497947,3.0,293.0137650860724,4.899431649306972,0.39400000000000024,0.02324173120269678,0.39400000000000024,0.0,0.022917651,3.0
3.5549781550114767,-1.690208817644016,3.0,292.94376513959935,4.898719331743631,0.39500000000000024,0.023208446405331817,0.39500000000000024,0.0,0.022917651,3.0
3.555129152695252,-1.6876746207317985,3.0,292.8683216656599,4.898038513229738,0.39600000000000024,0.02317452464015627,0.39600000000000024,0.0,0.022917651,3.0
3.55528074319239,-1.6852033547268288,3.0,292.785609508165,4.897422996606514,0.39700000000000024,0.023139854010108655,0.39700000000000024,0.0,0.022917651,3.0
3.5554323473465677,-1.6827330620865497,3.0,292.7005957290711,4.896808507985307,0.3980000000000003,0.023104922577782964,0.39800000000000024,0.0,0.022917651,3.0
3.5555839650648142,-1.680263736184713,3.0,292.61329599682807,4.896195040367918,0.39900000000000024,0.02306973211860894,0.39900000000000024,0.0,0.022917651,3.0
3.5557355962549995,-1.6777953704550794,3.0,292.5237258379891,4.89558258681953,0.40000000000000024,0.02303428439193765,0.40000000000000024,0.0,0.022917651,3.0
3.555957910925854,-1.6751693079183327,3.0,292.56140255349015,4.894814882916337,0.40100000000000025,0.023032587240432317,0.40100000000000025,0.0,0.022917651,3.0
3.556180193687166,-1.6725435675930136,3.0,292.5980115925601,4.894047373583971,0.40200000000000025,0.023030898324754995,0.40200000000000025,0.0,0.022917651,3.0
3.55640244413823,-1.66991815352531,3.0,292.6335395477926,4.893280061265768,0.40300000000000025,0.023029217748327575,0.40300000000000025,0.0,0.022917651,3.0
3.556624661871602,-1.6672930698294417,3.0,292.6679727863517,4.892512948446142,0.4040000000000003,0.023027545616310822,0.40400000000000025,0.0,0.022917651,3.0
3.556846846472959,-1.6646683206890962,3.0,292.7012974452145,4.891746037651459,0.40500000000000025,0.023025882035641154,0.40500000000000025,0.0,0.022917651,3.0
3.557068997520953,-1.6620439103589006,3.0,292.7334994262919,4.89097933145092,0.4060000000000003,0.023024227115068203,0.40600000000000025,0.0,0.022917651,3.0
3.557291114587061,-1.6594198431659322,3.0,292.7645643914254,4.890212832457479,0.40700000000000025,0.023022580965193478,0.40700000000000025,0.0,0.022917651,3.0
3.5575131972354312,-1.6567961235112676,3.0,292.7944777572547,4.88944654332877,0.40800000000000025,0.023020943698509898,0.40800000000000025,0.0,0.022917651,3.0
3.557735245022726,-1.65417275587157,3.0,292.8232246899539,4.8886804667680765,0.40900000000000025,0.023019315429442428,0.40900000000000025,0.0,0.022917651,3.0
3.5579573838261265,-1.6515680889207613,3.0,292.84882604065615,4.887933454894379,0.41000000000000036,0.023017656060803623,0.41000000000000025,0.0,0.022917651,3.0
3.558179620457357,-1.6489855431967486,3.0,292.87061335073685,4.887208955484403,0.41100000000000025,0.023015963573583972,0.41100000000000025,0.0,0.022917651,3.0
3.558401795403985,-1.646402845895578,3.0,292.89086242220037,4.886484057763123,0.41200000000000025,0.02301428880874146,0.41200000000000025,0.0,0.022917651,3.0
3.558623908761316,-1.6438199972514411,3.0,292.9095756316742,4.885758762345948,0.4130000000000003,0.023012631738894448,0.41300000000000026,0.0,0.022917651,3.0
3.5588459606244576,-1.6412369974980472,3.0,292.9267553508924,4.88503306984701,0.41400000000000026,0.023010992336717682,0.41400000000000026,0.0,0.022917651,3.0
3.559067951088323,-1.6386538468686245,3.0,292.9424039467082,4.8843069808791855,0.41500000000000026,0.02300937057494214,0.41500000000000026,0.0,0.022917651,3.0
3.55928988024763,-1.636070545595922,3.0,292.95652378110657,4.883580496054083,0.4160000000000003,0.023007766426354874,0.41600000000000026,0.0,0.022917651,3.0
3.5595117481969014,-1.6334870939122097,3.0,292.96911721121666,4.882853615982061,0.41700000000000037,0.023006179863798906,0.41700000000000026,0.0,0.022917651,3.0
3.5597335550304647,-1.6309034920492802,3.0,292.9801865893242,4.882126341272217,0.41800000000000026,0.023004610860173056,0.41800000000000026,0.0,0.022917651,3.0
3.5599553008424563,-1.6283197402384508,3.0,292.98973426288427,4.881398672532402,0.41900000000000026,0.02300305938843177,0.41900000000000026,0.0,0.022917651,3.0
3.560176985726817,-1.6257358387105636,3.0,292.99776257453317,4.880670610369218,0.4200000000000003,0.023001525421585043,0.42000000000000026,0.0,0.022917651,3.0
3.5603986097772946,-1.6231517876959867,3.0,293.00427386210134,4.879942155388021,0.4210000000000003,0.023000008932698227,0.42100000000000026,0.0,0.022917651,3.0
3.5606201730874476,-1.6205675874246164,3.0,293.0092704586253,4.879213308192929,0.42200000000000026,0.022998509894891907,0.42200000000000026,0.0,0.022917651,3.0
3.5608416757506394,-1.6179832381258776,3.0,293.01275469236,4.87848406938682,0.4230000000000003,0.022997028281341765,0.42300000000000026,0.0,0.022917651,3.0
3.5610631178600447,-1.6153987400287255,3.0,293.01472888679126,4.877754439571336,0.4240000000000003,0.022995564065278407,0.42400000000000027,0.0,0.022917651,3.0
3.5612844995086457,-1.6128140933616457,3.0,293.0151953606475,4.877024419346889,0.42500000000000027,0.022994117219987287,0.42500000000000027,0.0,0.022917651,3.0
3.5615058207892356,-1.6102292983526574,3.0,293.0141564279126,4.876294009312661,0.4260000000000002,0.022992687718808476,0.42600000000000027,0.0,0.022917651,3.0
3.5617270817944164,-1.6076443552293127,3.0,293.01161439783755,4.87556321006661,0.4270000000000003,0.022991275535136618,0.42700000000000027,0.0,0.022917651,3.0
3.5619482826166027,-1.6050592642186985,3.0,293.0075715749524,4.87483202220547,0.4280000000000003,0.022989880642420718,0.42800000000000027,0.0,0.022917651,3.0
3.562169423348018,-1.6024740255474381,3.0,293.002030259079,4.874100446324756,0.4290000000000003,0.022988503014164035,0.42900000000000027,0.0,0.022917651,3.0
3.5623905040806996,-1.599888639441692,3.0,292.99499274534213,4.873368483018769,0.4300000000000003,0.022987142623923953,0.43000000000000027,0.0,0.022917651,3.0
3.562611524906495,-1.5973031061271585,3.0,292.9864613241824,4.8726361328805945,0.4310000000000003,0.0229857994453118,0.43100000000000027,0.0,0.022917651,3.0
3.562832485917067,-1.5947174258290762,3.0,292.97643828136734,4.871903396502109,0.4320000000000003,0.022984473451992764,0.4320000000000003,0.0,0.022917651,3.0
3.563053387203888,-1.5921315987722238,3.0,292.9649258980039,4.871170274473981,0.4330000000000003,0.02298316461768573,0.4330000000000003,0.0,0.022917651,3.0
3.5632742288582473,-1.5895456251809226,3.0,292.95192645055033,4.870436767385677,0.4340000000000004,0.022981872916163125,0.4340000000000003,0.0,0.022917651,3.0
3.563495010971245,-1.5869595052790355,3.0,292.93744221082727,4.869702875825463,0.43500000000000033,0.022980598321250812,0.4350000000000003,0.0,0.022917651,3.0
3.563715733633799,-1.5843732392899719,3.0,292.9214754460307,4.868968600380406,0.43600000000000033,0.022979340806827956,0.4360000000000003,0.0,0.022917651,3.0
3.56393639693664,-1.5817868274366849,3.0,292.9040284187426,4.868233941636377,0.43700000000000033,0.022978100346826853,0.4370000000000003,0.0,0.022917651,3.0
3.5641570009703147,-1.5792002699416745,3.0,292.8851033869437,4.867498900178059,0.43800000000000033,0.022976876915232824,0.4380000000000003,0.0,0.022917651,3.0
3.564377545825186,-1.5766135670269887,3.0,292.8647026040241,4.866763476588943,0.4390000000000003,0.022975670486084076,0.4390000000000003,0.0,0.022917651,3.0
3.5645980315914336,-1.5740267189142239,3.0,292.84282831879597,4.866027671451337,0.4400000000000002,0.022974481033471567,0.4400000000000003,0.0,0.022917651,3.0
3.5648184583590536,-1.571439725824527,3.0,292.8194827755044,4.865291485346368,0.44100000000000034,0.022973308531538863,0.4410000000000003,0.0,0.022917651,3.0
3.565038826217858,-1.5688525879785953,3.0,292.7946682138394,4.864554918853976,0.4420000000000003,0.02297215295448202,0.4420000000000003,0.0,0.022917651,3.0
3.5652591352574796,-1.5662653055966798,3.0,292.7683868689471,4.863817972552933,0.4430000000000003,0.022971014276549434,0.4430000000000003,0.0,0.022917651,3.0
3.5654793855673663,-1.563677878898583,3.0,292.74064097144196,4.8630806470208325,0.4440000000000003,0.022969892472041724,0.4440000000000003,0.0,0.022917651,3.0
3.5656995772367877,-1.5610903081036636,3.0,292.7114327474173,4.8623429428341005,0.44500000000000034,0.022968787515311583,0.4450000000000003,0.0,0.022917651,3.0
3.5659197103548297,-1.5585025934308343,3.0,292.6807644184574,4.861604860567993,0.4460000000000003,0.02296769938076367,0.4460000000000003,0.0,0.022917651,3.0
3.5661397850104,-1.5559147350985663,3.0,292.64863820164885,4.8608664007966,0.4470000000000003,0.02296662804285445,0.4470000000000003,0.0,0.022917651,3.0
3.566359801292226,-1.5533267333248884,3.0,292.61505630959164,4.860127564092854,0.44800000000000034,0.02296557347609208,0.4480000000000003,0.0,0.022917651,3.0
3.5665797592888544,-1.5507385883273868,3.0,292.5800209504109,4.859388351028526,0.4490000000000003,0.022964535655036287,0.4490000000000003,0.0,0.022917651,3.0
3.5667997185441824,-1.5481556880813054,3.0,292.54369332731096,4.858654387856225,0.4500000000000003,0.022963534253534243,0.4500000000000003,0.0,0.022917651,3.0
3.5670198897844854,-1.5455980604375101,3.0,292.50732657835493,4.85794654570857,0.4510000000000003,0.022962643441303,0.4510000000000003,0.0,0.022917651,3.0
3.567239974632339,-1.5430392527406473,3.0,292.47061099207144,4.857237177919484,0.4520000000000003,0.022961766961571123,0.4520000000000003,0.0,0.022917651,3.0
3.5674599744443034,-1.5404792835202812,3.0,292.4335520460136,4.856526308445068,0.4530000000000003,0.02296090458928522,0.4530000000000003,0.0,0.022917651,3.0
3.567679890548688,-1.5379181709200527,3.0,292.3961551036516,4.85581396074248,0.4540000000000003,0.02296005610407916,0.4540000000000003,0.0,0.022917651,3.0
3.567899724246277,-1.5353559327076745,3.0,292.3584254173266,4.8551001577828545,0.4550000000000003,0.02295922129015271,0.4550000000000003,0.0,0.022917651,3.0
3.5681194768110442,-1.5327925862846195,3.0,292.320368131115,4.85438492206383,0.45600000000000035,0.022958399936153846,0.4560000000000003,0.0,0.022917651,3.0
3.5683391494908374,-1.5302281486955052,3.0,292.2819882836031,4.853668275621683,0.4570000000000003,0.022957591835064784,0.4570000000000003,0.0,0.022917651,3.0
3.5685587435080444,-1.5276626366371981,3.0,292.24329081057743,4.852950240043098,0.4580000000000004,0.022956796784091394,0.4580000000000003,0.0,0.022917651,3.0
3.5687782600602405,-1.5250960664676363,3.0,292.2042805476335,4.8522308364765685,0.4590000000000003,0.022956014584556067,0.4590000000000003,0.0,0.022917651,3.0
3.5689977003208146,-1.5225284542143849,3.0,292.164962232705,4.851510085643467,0.4600000000000003,0.022955245041793772,0.4600000000000003,0.0,0.022917651,3.0
3.569217065439576,-1.5199598155829352,3.0,292.1253405085168,4.850788007848768,0.4610000000000003,0.022954487965051253,0.4610000000000003,0.0,0.022917651,3.0
3.569436356543343,-1.517390165964755,3.0,292.08541992496436,4.850064622991459,0.4620000000000003,0.022953743167389302,0.4620000000000003,0.0,0.022917651,3.0
3.5696555747365175,-1.5148195204450978,3.0,292.04520494142315,4.849339950574636,0.4630000000000003,0.022953010465587866,0.4630000000000003,0.0,0.022917651,3.0
3.5698747211016375,-1.512247893810579,3.0,292.00469992898775,4.848614009715297,0.4640000000000003,0.022952289680054038,0.4640000000000003,0.0,0.022917651,3.0
3.570093796699916,-1.5096753005565315,3.0,291.96390917264586,4.847886819153856,0.46500000000000036,0.02295158063473273,0.4650000000000003,0.0,0.022917651,3.0
3.5703128025717605,-1.5071017548941408,3.0,291.92283687338846,4.847158397263359,0.4660000000000003,0.022950883157019996,0.4660000000000003,0.0,0.022917651,3.0
3.5705317397372895,-1.504527270757377,3.0,291.88148715025795,4.846428762058457,0.4670000000000003,0.022950197077678865,0.4670000000000003,0.0,0.022917651,3.0
3.5707506091968138,-1.501951861809717,3.0,291.8398640423362,4.845697931204091,0.4680000000000003,0.022949522230757663,0.4680000000000003,0.0,0.022917651,3.0
3.5709694119313196,-1.4993755414506804,3.0,291.7979715106761,4.844965922023939,0.4690000000000003,0.02294885845351065,0.4690000000000003,0.0,0.022917651,3.0
3.5711881489029356,-1.496798322822171,3.0,291.75581344017627,4.844232751508622,0.4700000000000003,0.02294820558632101,0.4700000000000003,0.0,0.022917651,3.0
3.571406821055379,-1.494220218814639,3.0,291.7133936414027,4.843498436323666,0.4710000000000003,0.02294756347262597,0.4710000000000003,0.0,0.022917651,3.0
3.5716254293143983,-1.4916412420730654,3.0,291.67071585235817,4.84276299281724,0.47200000000000036,0.02294693195884415,0.4720000000000003,0.0,0.022917651,3.0
3.571843974588194,-1.4890614050027782,3.0,291.62778374020075,4.842026437027676,0.4730000000000003,0.022946310894304902,0.4730000000000003,0.0,0.022917651,3.0
3.5720624577678386,-1.4864807197751033,3.0,291.5846009029154,4.841288784690773,0.4740000000000003,0.022945700131179688,0.4740000000000003,0.0,0.022917651,3.0
3.572280879727672,-1.483899198332855,3.0,291.5411708709359,4.840550051246899,0.4750000000000003,0.022945099524415393,0.4750000000000003,0.0,0.022917651,3.0
3.5724992413256973,-1.4813168523956757,3.0,291.49749710872396,4.839810251847887,0.4760000000000003,0.02294450893166946,0.4760000000000003,0.0,0.022917651,3.0
3.572717543403958,-1.4787336934652222,3.0,291.45358301630233,4.839069401363756,0.4770000000000003,0.02294392821324691,0.4770000000000003,0.0,0.022917651,3.0
3.5729357867889093,-1.476149732830212,3.0,291.4094319307464,4.838327514389216,0.4780000000000003,0.022943357232039052,0.4780000000000003,0.0,0.022917651,3.0
3.5731539722917733,-1.4735649815713272,3.0,291.365047127634,4.837584605250018,0.47900000000000037,0.022942795853463906,0.4790000000000003,0.0,0.022917651,3.0
3.5733721007088945,-1.470979450565987,3.0,291.3204318224558,4.836840688009123,0.4800000000000003,0.022942243945408253,0.4800000000000003,0.0,0.022917651,3.0
3.5735901728220734,-1.4683931504929848,3.0,291.2755891719868,4.8360957764727015,0.4810000000000003,0.022941701378171333,0.4810000000000003,0.0,0.022917651,3.0
3.5738081893989015,-1.465806091837003,3.0,291.23052227562,4.83534988419596,0.4820000000000003,0.02294116802440996,0.4820000000000003,0.0,0.022917651,3.0
3.574026151193078,-1.4632182848930022,3.0,291.18523417666495,4.834603024488824,0.4830000000000003,0.022940643759085253,0.4830000000000003,0.0,0.022917651,3.0
3.5742440589447275,-1.460629739770494,3.0,291.1397278636102,4.8338552104214605,0.4840000000000003,0.022940128459410725,0.4840000000000003,0.0,0.022917651,3.0
3.574461936636263,-1.4580505601164035,3.0,291.0947871350043,4.833116641351511,0.4850000000000003,0.02293962267660442,0.4850000000000003,0.0,0.022917651,3.0
3.5746797570974804,-1.4554727398815657,3.0,291.05017508849176,4.832379202734967,0.4860000000000004,0.022939125341937743,0.4860000000000003,0.0,0.022917651,3.0
3.5748975148758846,-1.4528938976246877,3.0,291.0057433479367,4.831640491373735,0.4870000000000003,0.022938636112963658,0.4870000000000003,0.0,0.022917651,3.0
3.5751152110344253,-1.4503140506767607,3.0,290.9614888557916,4.830900528850451,0.4880000000000003,0.022938154852229477,0.4880000000000003,0.0,0.022917651,3.0
3.5753328466121483,-1.4477332159791219,3.0,290.9174086232521,4.830159336262503,0.4890000000000004,0.022937681425372856,0.4890000000000003,0.0,0.022917651,3.0
3.5755504226248735,-1.4451514100943468,3.0,290.873499728335,4.8294169342356,0.4900000000000003,0.022937215701035425,0.4900000000000003,0.0,0.022917651,3.0
3.575767940065835,-1.442568649216774,3.0,290.8297593140222,4.828673342936878,0.4910000000000003,0.02293675755077933,0.4910000000000003,0.0,0.022917651,3.0
3.5759853999063056,-1.4399849491826824,3.0,290.7861845864644,4.827928582087579,0.4920000000000003,0.02293630684900647,0.4920000000000003,0.0,0.022917651,3.0
3.5762028030962005,-1.437400325480134,3.0,290.74277281324515,4.827182670975295,0.4930000000000004,0.022935863472880506,0.4930000000000003,0.0,0.022917651,3.0
3.5764201505646627,-1.4348147932584903,3.0,290.6995213217017,4.826435628465835,0.4940000000000003,0.022935427302251298,0.4940000000000003,0.0,0.022917651,3.0
3.576637443220628,-1.4322283673376233,3.0,290.65642749730034,4.825687473014683,0.49500000000000033,0.02293499821958194,0.49500000000000033,0.0,0.022917651,3.0
3.5768546819533693,-1.429641062216823,3.0,290.6134887820646,4.824938222678098,0.4960000000000004,0.02293457610987805,0.49600000000000033,0.0,0.022917651,3.0
3.577071867633024,-1.4270528920834187,3.0,290.57070267305414,4.824187895123849,0.49700000000000033,0.022934160860619408,0.49700000000000033,0.0,0.022917651,3.0
3.577289001111113,-1.4244638708211266,3.0,290.52806672089264,4.823436507641606,0.49800000000000033,0.022933752361693795,0.49800000000000033,0.0,0.022917651,3.0
3.5775060832210266,-1.4218740120181261,3.0,290.4855785283424,4.8226840771530055,0.49900000000000033,0.02293335050533287,0.49900000000000033,0.0,0.022917651,3.0
3.577723114778511,-1.4192833289748827,3.0,290.4432357489246,4.821930620221384,0.5000000000000003,0.022932955186050187,0.5000000000000003,0.0,0.022917651,3.0
3.5780277543838053,-1.416409781776842,3.0,290.6211486154102,4.821067443950944,0.5010000000000003,0.022932902198809262,0.5010000000000003,0.0,0.022917651,3.0
3.5783324044105544,-1.4135361879056263,3.0,290.7992886290345,4.820204262691716,0.5020000000000003,0.022932849107075656,0.5020000000000003,0.0,0.022917651,3.0
3.57863706494882,-1.4106625469578842,3.0,290.97765775281357,4.819341076400587,0.5030000000000003,0.02293279590994634,0.5030000000000003,0.0,0.022917651,3.0
3.5789417360897073,-1.4077888585256026,3.0,291.15625797244826,4.818477885033944,0.5040000000000003,0.02293274260650785,0.5040000000000003,0.0,0.022917651,3.0
3.5792464179253733,-1.40491512219604,3.0,291.3350912966524,4.81761468854767,0.5050000000000003,0.022932689195836135,0.5050000000000003,0.0,0.022917651,3.0
3.5795511105490507,-1.4020413375516578,3.0,291.514159757488,4.816751486897137,0.5060000000000003,0.022932635676996393,0.5060000000000003,0.0,0.022917651,3.0
3.579855814055055,-1.3991675041700493,3.0,291.6934654107042,4.815888280037194,0.5070000000000003,0.02293258204904295,0.5070000000000003,0.0,0.022917651,3.0
3.5801605285388076,-1.3962936216238706,3.0,291.87301033608486,4.8150250679221624,0.5080000000000005,0.022932528311019044,0.5080000000000003,0.0,0.022917651,3.0
3.5804652540968465,-1.3934196894807656,3.0,292.0527966377995,4.814161850505831,0.5090000000000003,0.022932474461956728,0.5090000000000003,0.0,0.022917651,3.0
3.580769990826845,-1.3905457073032947,3.0,292.2328264447628,4.813298627741441,0.5100000000000005,0.022932420500876634,0.5100000000000003,0.0,0.022917651,3.0
3.5810747388276307,-1.3876716746488587,3.0,292.4131019109988,4.812435399581684,0.5110000000000003,0.02293236642678788,0.5110000000000003,0.0,0.022917651,3.0
3.581379498199199,-1.384797591069623,3.0,292.59362521601264,4.811572165978693,0.5120000000000003,0.02293231223868783,0.5120000000000003,0.0,0.022917651,3.0
3.5816842690427295,-1.3819234561124394,3.0,292.77439856516787,4.810708926884029,0.5130000000000005,0.022932257935561983,0.5130000000000003,0.0,0.022917651,3.0
3.5819890514606096,-1.3790492693187668,3.0,292.9554241900717,4.809845682248684,0.5140000000000003,0.022932203516383746,0.5140000000000003,0.0,0.022917651,3.0
3.5822938455564457,-1.3761750302245916,3.0,293.1367043489662,4.8089824320230585,0.5150000000000003,0.022932148980114274,0.5150000000000003,0.0,0.022917651,3.0
3.582598651435086,-1.3733007383603464,3.0,293.3182413271267,4.808119176156962,0.5160000000000003,0.0229320943257023,0.5160000000000003,0.0,0.022917651,3.0
3.582903469202637,-1.3704263932508245,3.0,293.5000374372682,4.807255914599599,0.5170000000000003,0.02293203955208391,0.5170000000000003,0.0,0.022917651,3.0
3.5832082989664844,-1.3675519944150967,3.0,293.68209501995756,4.806392647299567,0.5180000000000005,0.0229319846581824,0.5180000000000003,0.0,0.022917651,3.0
3.58351314083531,-1.3646775413664245,3.0,293.86441644403476,4.805529374204838,0.5190000000000003,0.022931929642908057,0.5190000000000003,0.0,0.022917651,3.0
3.5838179949191113,-1.361803033612172,3.0,294.0470041070406,4.804666095262754,0.5200000000000004,0.022931874505157945,0.5200000000000004,0.0,0.022917651,3.0
3.5841228613292238,-1.3589284706537161,3.0,294.22986043565317,4.803802810420021,0.5210000000000005,0.022931819243815755,0.5210000000000004,0.0,0.022917651,3.0
3.58442774017834,-1.3560538519863563,3.0,294.4129878861313,4.802939519622691,0.5220000000000005,0.022931763857751537,0.5220000000000004,0.0,0.022917651,3.0
3.584732631580531,-1.3531791770992196,3.0,294.596388944767,4.802076222816159,0.5230000000000004,0.022931708345821557,0.5230000000000004,0.0,0.022917651,3.0
3.585037535651266,-1.3503044454751687,3.0,294.7800661283461,4.801212919945147,0.5240000000000005,0.022931652706868033,0.5240000000000004,0.0,0.022917651,3.0
3.585342452507435,-1.3474296565907038,3.0,294.9640219846165,4.8003496109537025,0.5250000000000004,0.022931596939718937,0.5250000000000004,0.0,0.022917651,3.0
3.5856473822673713,-1.3445548099158644,3.0,295.14825909276664,4.7994862957851785,0.5260000000000005,0.022931541043187804,0.5260000000000004,0.0,0.022917651,3.0
3.5859523250508705,-1.341679904914131,3.0,295.3327800639111,4.798622974382226,0.5270000000000004,0.022931485016073446,0.5270000000000004,0.0,0.022917651,3.0
3.586257280979219,-1.338804941042321,3.0,295.5175875415868,4.797759646686786,0.5280000000000004,0.022931428857159784,0.5280000000000004,0.0,0.022917651,3.0
3.5865622501752115,-1.335929917750487,3.0,295.7026842022576,4.796896312640078,0.5290000000000005,0.022931372565215588,0.5290000000000004,0.0,0.022917651,3.0
3.586867232763178,-1.3330548344818096,3.0,295.8880727558285,4.796032972182582,0.5300000000000004,0.02293131613899424,0.5300000000000004,0.0,0.022917651,3.0
3.5871722288690058,-1.330179690672491,3.0,296.0737559461695,4.795169625254036,0.5310000000000004,0.022931259577233503,0.5310000000000004,0.0,0.022917651,3.0
3.5874772386201674,-1.327304485751644,3.0,296.25973655164955,4.7943062717934195,0.5320000000000004,0.022931202878655257,0.5320000000000004,0.0,0.022917651,3.0
3.587782262145741,-1.324429219141182,3.0,296.4460173856804,4.793442911738943,0.5330000000000004,0.02293114604196528,0.5330000000000004,0.0,0.022917651,3.0
3.588087299576437,-1.3215538902557025,3.0,296.6326012972709,4.792579545028032,0.5340000000000004,0.022931089065852964,0.5340000000000004,0.0,0.022917651,3.0
3.5883923510446274,-1.3186784985023745,3.0,296.81949117159166,4.791716171597321,0.5350000000000004,0.022931031948991064,0.5350000000000004,0.0,0.022917651,3.0
3.588697416684369,-1.315803043280817,3.0,297.0066899305507,4.7908527913826395,0.5360000000000005,0.02293097469003544,0.5360000000000004,0.0,0.022917651,3.0
3.5890024966314296,-1.31292752398298,3.0,297.19420053338,4.789989404318989,0.5370000000000005,0.022930917287624773,0.5370000000000004,0.0,0.022917651,3.0
3.5893075910233185,-1.3100519399930226,3.0,297.38202597723335,4.789126010340548,0.5380000000000004,0.022930859740380317,0.5380000000000004,0.0,0.022917651,3.0
3.5896126999993125,-1.307176290687185,3.0,297.57016929779587,4.788262609380642,0.5390000000000004,0.022930802046905587,0.5390000000000004,0.0,0.022917651,3.0
3.589917823700483,-1.3043005754336643,3.0,297.75863356990516,4.787399201371742,0.5400000000000004,0.02293074420578609,0.5400000000000004,0.0,0.022917651,3.0
3.5902229622697304,-1.301424793592481,3.0,297.9474219081844,4.786535786245438,0.5410000000000004,0.022930686215589028,0.5410000000000004,0.0,0.022917651,3.0
3.590528115851806,-1.2985489445153489,3.0,298.1365374676882,4.785672363932439,0.5420000000000003,0.02293062807486301,0.5420000000000004,0.0,0.022917651,3.0
3.5908332845933493,-1.2956730275455384,3.0,298.32598344456045,4.784808934362548,0.5430000000000005,0.022930569782137738,0.5430000000000004,0.0,0.022917651,3.0
3.591138468642913,-1.2927970420177397,3.0,298.5157630767057,4.783945497464651,0.5440000000000004,0.022930511335923703,0.5440000000000004,0.0,0.022917651,3.0
3.5914436681509994,-1.2899209872579214,3.0,298.70587964447344,4.783082053166702,0.5450000000000005,0.02293045273471188,0.5450000000000004,0.0,0.022917651,3.0
3.59174888327009,-1.2870448625831872,3.0,298.89633647135537,4.7822186013957095,0.5460000000000004,0.02293039397697337,0.5460000000000004,0.0,0.022917651,3.0
3.592054114154678,-1.2841686673016295,3.0,299.08713692469803,4.781355142077716,0.5470000000000003,0.022930335061159147,0.5470000000000004,0.0,0.022917651,3.0
3.592359360961301,-1.2812924007121815,3.0,299.2782844164274,4.780491675137785,0.5480000000000004,0.02293027598569963,0.5480000000000004,0.0,0.022917651,3.0
3.5926646238485764,-1.2784160621044638,3.0,299.46978240378996,4.779628200499989,0.5490000000000004,0.022930216749004417,0.5490000000000004,0.0,0.022917651,3.0
3.5929699029772366,-1.2755396507586292,3.0,299.6616343901068,4.778764718087382,0.5500000000000004,0.0229301573494619,0.5500000000000004,0.0,0.022917651,3.0
3.593275198510162,-1.2726631659452057,3.0,299.8538439255449,4.777901227821993,0.5510000000000004,0.022930097785438926,0.5510000000000004,0.0,0.022917651,3.0
3.5935805106124183,-1.2697866069249337,3.0,300.0464146079015,4.777037729624806,0.5520000000000004,0.022930038055280433,0.5520000000000004,0.0,0.022917651,3.0
3.593885839451294,-1.2669099729486029,3.0,300.23935008340675,4.776174223415738,0.5530000000000005,0.02292997815730907,0.5530000000000004,0.0,0.022917651,3.0
3.5941911851963364,-1.264033263256882,3.0,300.4326540475402,4.775310709113625,0.5540000000000004,0.022929918089824836,0.5540000000000004,0.0,0.022917651,3.0
3.5944965480193916,-1.2611564770801496,3.0,300.6263302458667,4.774447186636205,0.5550000000000004,0.02292985785110469,0.5550000000000004,0.0,0.022917651,3.0
3.5948019280946424,-1.2582796136383176,3.0,300.8203824748862,4.773583655900099,0.5560000000000005,0.022929797439402155,0.5560000000000004,0.0,0.022917651,3.0
3.595107325598647,-1.255402672140654,3.0,301.01481458290334,4.772720116820781,0.5570000000000004,0.02292973685294693,0.5570000000000004,0.0,0.022917651,3.0
3.595412740710383,-1.2525256517855994,3.0,301.20963047091453,4.77185656931258,0.5580000000000003,0.02292967608994447,0.5580000000000004,0.0,0.022917651,3.0
3.595718173611285,-1.2496485517605815,3.0,301.4048340935117,4.770993013288639,0.5590000000000004,0.02292961514857558,0.5590000000000004,0.0,0.022917651,3.0
3.596023624485292,-1.2467713712418271,3.0,301.6004294598068,4.770129448660909,0.5600000000000004,0.022929554026995973,0.5600000000000004,0.0,0.022917651,3.0
3.5963290935188836,-1.2438941093941644,3.0,301.79642063437433,4.7692658753401185,0.5610000000000005,0.022929492723335856,0.5610000000000004,0.0,0.022917651,3.0
3.596634580901131,-1.24101676537083,3.0,301.992811738214,4.76840229323576,0.5620000000000004,0.022929431235699488,0.5620000000000004,0.0,0.022917651,3.0
3.59694008682374,-1.2381393383132626,3.0,302.18960694973276,4.767538702256063,0.5630000000000004,0.022929369562164695,0.5630000000000004,0.0,0.022917651,3.0
3.597245611481092,-1.2352618273509006,3.0,302.38681050574826,4.766675102307976,0.5640000000000004,0.02292930770078246,0.5640000000000004,0.0,0.022917651,3.0
3.5975511550703,-1.232384231600969,3.0,302.5844267025133,4.76581149329714,0.5650000000000004,0.022929245649576404,0.5650000000000004,0.0,0.022917651,3.0
3.5978567177912493,-1.2295065501682658,3.0,302.7824598967612,4.76494787512787,0.5660000000000004,0.022929183406542344,0.5660000000000004,0.0,0.022917651,3.0
3.59816229984665,-1.2266287821449424,3.0,302.98091450677424,4.7640842477031295,0.5670000000000005,0.022929120969647762,0.5670000000000004,0.0,0.022917651,3.0
3.5984679014420835,-1.2237509266102786,3.0,303.1797950134741,4.763220610924501,0.5680000000000004,0.022929058336831346,0.5680000000000004,0.0,0.022917651,3.0
3.5987735227860616,-1.2208729826304556,3.0,303.37910596153637,4.762356964692174,0.5690000000000004,0.02292899550600243,0.5690000000000004,0.0,0.022917651,3.0
3.5990791640900683,-1.2179949492583195,3.0,303.5788519605279,4.761493308904908,0.5700000000000005,0.022928932475040527,0.5700000000000004,0.0,0.022917651,3.0
3.59938482556862,-1.2151168255331448,3.0,303.77903768606933,4.760629643460012,0.5710000000000004,0.022928869241794745,0.5710000000000004,0.0,0.022917651,3.0
3.5996905074393184,-1.2122386104803904,3.0,303.9796678810227,4.759765968253324,0.5720000000000005,0.022928805804083262,0.5720000000000004,0.0,0.022917651,3.0
3.5999962099229053,-1.209360303111448,3.0,304.18074735670444,4.758902283179169,0.5730000000000004,0.022928742159692764,0.5730000000000004,0.0,0.022917651,3.0
3.60030193324332,-1.2064819024233895,3.0,304.38228099412476,4.758038588130351,0.5740000000000004,0.02292867830637788,0.5740000000000004,0.0,0.022917651,3.0
3.600607677627758,-1.2036034073987056,3.0,304.5842737452542,4.757174882998105,0.5750000000000004,0.0229286142418606,0.5750000000000004,0.0,0.022917651,3.0
3.600913467425394,-1.2007252889806472,3.0,304.7847257255599,4.756311736191886,0.5760000000000004,0.022928549961479323,0.5760000000000004,0.0,0.022917651,3.0
3.6012193219360724,-1.1978478303827818,3.0,304.9821877853468,4.7554495081758255,0.5770000000000005,0.022928485467099517,0.5770000000000004,0.0,0.022917651,3.0
3.6015252028391775,-1.1949702323706455,3.0,305.1799395300484,4.754587246319807,0.5780000000000004,0.02292842076223755,0.5780000000000004,0.0,0.022917651,3.0
3.6018311105401333,-1.19209249280264,3.0,305.3779854096319,4.753724950104006,0.5790000000000004,0.022928355843660125,0.5790000000000004,0.0,0.022917651,3.0
3.6021370454527117,-1.1892146094930762,3.0,305.5763299656768,4.752862618997888,0.5800000000000005,0.02292829070806737,0.5800000000000004,0.0,0.022917651,3.0
3.602443007999247,-1.1863365802110357,3.0,305.77497783374537,4.752000252459942,0.5810000000000004,0.022928225352091127,0.5810000000000004,0.0,0.022917651,3.0
3.602748998610857,-1.183458402679193,3.0,305.97393374582595,4.751137849937395,0.5820000000000004,0.02292815977229319,0.5820000000000004,0.0,0.022917651,3.0
3.6030550177276766,-1.1805800745726045,3.0,306.1732025328538,4.750275410865916,0.5830000000000005,0.022928093965163453,0.5830000000000004,0.0,0.022917651,3.0
3.6033610657990898,-1.1777015935174546,3.0,306.3727891273103,4.7494129346693095,0.5840000000000004,0.02292802792711801,0.5840000000000004,0.0,0.022917651,3.0
3.603667143283978,-1.1748229570897681,3.0,306.5726985659055,4.748550420759203,0.5850000000000004,0.022927961654497248,0.5850000000000004,0.0,0.022917651,3.0
3.603973250650972,-1.1719441628140752,3.0,306.77293599234605,4.7476878685347295,0.5860000000000004,0.022927895143563796,0.5860000000000004,0.0,0.022917651,3.0
3.604279388378709,-1.1690652081620394,3.0,306.97350666019105,4.746825277382188,0.5870000000000004,0.02292782839050048,0.5870000000000004,0.0,0.022917651,3.0
3.604585556956104,-1.1661860905510364,3.0,307.17441593580077,4.745962646674696,0.5880000000000005,0.022927761391408143,0.5880000000000004,0.0,0.022917651,3.0
3.6048917568826258,-1.1633068073426902,3.0,307.3756693013803,4.7450999757718435,0.5890000000000004,0.02292769414230348,0.5890000000000004,0.0,0.022917651,3.0
3.6051979886685848,-1.1604273558413614,3.0,307.57727235812274,4.74423726401932,0.5900000000000004,0.022927626639116714,0.5900000000000004,0.0,0.022917651,3.0
3.6055042528354266,-1.1575477332925834,3.0,307.77923082945466,4.7433745107485334,0.5910000000000005,0.022927558877689266,0.5910000000000004,0.0,0.022917651,3.0
3.60581054991604,-1.1546679368814496,3.0,307.98155056438907,4.742511715276224,0.5920000000000004,0.0229274908537713,0.5920000000000004,0.0,0.022917651,3.0
3.6061168804550707,-1.1517879637309478,3.0,308.1842375409886,4.741648876904058,0.5930000000000004,0.022927422563019207,0.5930000000000004,0.0,0.022917651,3.0
3.6064232450092466,-1.1489078109002355,3.0,308.3872978699449,4.740785994918204,0.5940000000000004,0.022927354000993036,0.5940000000000004,0.0,0.022917651,3.0
3.6067296441477183,-1.1460274753828614,3.0,308.5907377982768,4.739923068588906,0.5950000000000004,0.02292728516315375,0.5950000000000004,0.0,0.022917651,3.0
3.6070360784524027,-1.143146954104925,3.0,308.7945637131536,4.73906009717004,0.5960000000000004,0.0229272160448605,0.5960000000000004,0.0,0.022917651,3.0
3.607342548518347,-1.140266243923175,3.0,308.9987821458476,4.7381970798986455,0.5970000000000004,0.022927146641367736,0.5970000000000004,0.0,0.022917651,3.0
3.6076490549541003,-1.1373853416230417,3.0,309.2033997758209,4.737334015994452,0.5980000000000004,0.02292707694782222,0.5980000000000004,0.0,0.022917651,3.0
3.6079555983820955,-1.134504243916603,3.0,309.40842343495245,4.736470904659384,0.5990000000000004,0.02292700695925998,0.5990000000000004,0.0,0.022917651,3.0
3.6082621794390537,-1.1316229474404802,3.0,309.61386011191047,4.735607745077049,0.6000000000000004,0.02292693667060312,0.6000000000000004,0.0,0.022917651,3.0
3.6086288513092146,-1.1287585518054435,3.0,309.71224871276604,4.734879505266531,0.6010000000000005,0.02292693157846255,0.6010000000000004,0.0,0.022917651,3.0
3.6089955682019657,-1.125893807314442,3.0,309.8111000234812,4.734151096683542,0.6020000000000004,0.02292692646287185,0.6020000000000004,0.0,0.022917651,3.0
3.6093623307655784,-1.1230287089443705,3.0,309.9104207065207,4.733422516897964,0.6030000000000005,0.022926921323493363,0.6030000000000004,0.0,0.022917651,3.0
3.609729139660828,-1.120163251575222,3.0,310.0102175528751,4.732693763432793,0.6040000000000004,0.02292691615998291,0.6040000000000004,0.0,0.022917651,3.0
3.6100959955613012,-1.1172974299877416,3.0,310.11049748517433,4.731964833763018,0.6050000000000004,0.022926910971989678,0.6050000000000004,0.0,0.022917651,3.0
3.610462899153705,-1.1144312388610094,3.0,310.2112675608937,4.731235725314438,0.6060000000000005,0.022926905759155975,0.6060000000000004,0.0,0.022917651,3.0
3.6108298511381856,-1.1115646727699515,3.0,310.31253497565257,4.730506435462464,0.6070000000000004,0.02292690052111713,0.6070000000000004,0.0,0.022917651,3.0
3.6111968522286646,-1.1086977261827822,3.0,310.41430706661146,4.7297769615308844,0.6080000000000004,0.022926895257501294,0.6080000000000004,0.0,0.022917651,3.0
3.6115639031531743,-1.1058303934583638,3.0,310.51659131596944,4.72904730079058,0.6090000000000004,0.022926889967929277,0.6090000000000004,0.0,0.022917651,3.0
3.6119310046542124,-1.1029626688434935,3.0,310.61939535456537,4.728317450458221,0.6100000000000004,0.02292688465201435,0.6100000000000004,0.0,0.022917651,3.0
3.6122981574890956,-1.1000945464701057,3.0,310.7227269655881,4.7275874076949025,0.6110000000000004,0.022926879309362047,0.6110000000000004,0.0,0.022917651,3.0
3.6126653624303415,-1.0972260203523918,3.0,310.826594088397,4.72685716960476,0.6120000000000005,0.022926873939570012,0.6120000000000004,0.0,0.022917651,3.0
3.6130326202660443,-1.0943570843838308,3.0,310.931004822459,4.726126733233531,0.6130000000000005,0.02292686854222776,0.6130000000000004,0.0,0.022917651,3.0
3.6133999318002705,-1.0914877323341317,3.0,311.03596743140463,4.7253960955670715,0.6140000000000005,0.02292686311691649,0.6140000000000004,0.0,0.022917651,3.0
3.6137672978534683,-1.088617957846083,3.0,311.1414903472092,4.724665253529837,0.6150000000000004,0.022926857663208875,0.6150000000000004,0.0,0.022917651,3.0
3.6141347192628857,-1.0857477544323018,3.0,311.2475821745007,4.723934203983306,0.6160000000000004,0.022926852180668825,0.6160000000000004,0.0,0.022917651,3.0
3.6145021968830027,-1.0828771154718864,3.0,311.35425169500195,4.723202943724365,0.6170000000000004,0.022926846668851288,0.6170000000000004,0.0,0.022917651,3.0
3.6148697315859732,-1.080006034206964,3.0,311.46150787211025,4.722471469483632,0.6180000000000004,0.022926841127301995,0.6180000000000004,0.0,0.022917651,3.0
3.6152373242620923,-1.0771345037391284,3.0,311.56935985562006,4.721739777923737,0.6190000000000005,0.02292683555555724,0.6190000000000004,0.0,0.022917651,3.0
3.6156049758202635,-1.0742625170257702,3.0,311.6778169865929,4.721007865637551,0.6200000000000004,0.022926829953143612,0.6200000000000004,0.0,0.022917651,3.0
3.61597268718849,-1.0713900668762866,3.0,311.78688880238224,4.720275729146339,0.6210000000000004,0.022926824319577755,0.6210000000000004,0.0,0.022917651,3.0
3.6163404593143795,-1.0685171459481755,3.0,311.89658504181625,4.719543364897887,0.6220000000000006,0.022926818654366122,0.6220000000000004,0.0,0.022917651,3.0
3.616708293165663,-1.065643746743001,3.0,312.0069156505461,4.718810769264537,0.6230000000000004,0.022926812957004647,0.6230000000000004,0.0,0.022917651,3.0
3.617076189730734,-1.0627698616022356,3.0,312.1178907865663,4.7180779385411835,0.6240000000000006,0.022926807226978537,0.6240000000000004,0.0,0.022917651,3.0
3.617444150019202,-1.0598954827029594,3.0,312.22952082591144,4.7173448689431865,0.6250000000000004,0.02292680146376193,0.6250000000000004,0.0,0.022917651,3.0
3.617812175062462,-1.05702060205343,3.0,312.3418163685383,4.716611556604237,0.6260000000000004,0.022926795666817615,0.6260000000000004,0.0,0.022917651,3.0
3.618180265914292,-1.0541452114885022,3.0,312.45478824439897,4.715877997574129,0.6270000000000006,0.022926789835596734,0.6270000000000004,0.0,0.022917651,3.0
3.6185484236514567,-1.051269302664898,3.0,312.5684475197131,4.715144187816484,0.6280000000000006,0.02292678396953846,0.6280000000000004,0.0,0.022917651,3.0
3.6189166493743397,-1.0483928670563245,3.0,312.6828055034461,4.714410123206378,0.6290000000000006,0.022926778068069642,0.6290000000000004,0.0,0.022917651,3.0
3.619284944207597,-1.0455158959484256,3.0,312.79787375400184,4.713675799527909,0.6300000000000004,0.0229267721306045,0.6300000000000004,0.0,0.022917651,3.0
3.61965330930083,-1.0426383804335713,3.0,312.91366408613817,4.712941212471667,0.6310000000000006,0.02292676615654427,0.6310000000000004,0.0,0.022917651,3.0
3.6200217458292747,-1.0397603114054657,3.0,313.0301885781133,4.712206357632132,0.6320000000000006,0.022926760145276833,0.6320000000000005,0.0,0.022917651,3.0
3.6203902549945286,-1.0368816795535811,3.0,313.1474595790736,4.711471230504978,0.6330000000000005,0.02292675409617631,0.6330000000000005,0.0,0.022917651,3.0
3.62075883802529,-1.0340024753573969,3.0,313.2654897166898,4.7107358264842905,0.6340000000000005,0.02292674800860275,0.6340000000000005,0.0,0.022917651,3.0
3.6211274961781243,-1.0311226890804495,3.0,313.38429190505457,4.710000140859678,0.6350000000000005,0.022926741881901663,0.6350000000000005,0.0,0.022917651,3.0
3.6214963311263246,-1.0282425708218152,3.0,313.5036860011914,4.709264830287838,0.6360000000000005,0.022926735702734895,0.6360000000000005,0.0,0.022917651,3.0
3.62186548668172,-1.0253624774788188,3.0,313.6234096388734,4.708530826736492,0.6370000000000006,0.022926729452289282,0.6370000000000005,0.0,0.022917651,3.0
3.6222347216981077,-1.0224817692238246,3.0,313.7439429506585,4.707796526128685,0.6380000000000005,0.022926723160381187,0.6380000000000005,0.0,0.022917651,3.0
3.6226040375661555,-1.019600435295091,3.0,313.8653001068722,4.707061923265551,0.6390000000000006,0.022926716826284967,0.6390000000000005,0.0,0.022917651,3.0
3.622973435709173,-1.0167184646782776,3.0,313.9874956104453,4.706327012826198,0.6400000000000005,0.022926710449257943,0.6400000000000005,0.0,0.022917651,3.0
3.6233429175840763,-1.0138358460989905,3.0,314.1105443067303,4.705591789364105,0.6410000000000005,0.022926704028539906,0.6410000000000005,0.0,0.022917651,3.0
3.6237124846823816,-1.0109525680150595,3.0,314.2344613936667,4.704856247303387,0.6420000000000005,0.02292669756335258,0.6420000000000005,0.0,0.022917651,3.0
3.6240821385312447,-1.0080686186085441,3.0,314.3592624323121,4.704120380934946,0.6430000000000005,0.022926691052899104,0.6430000000000005,0.0,0.022917651,3.0
3.6244518806945254,-1.0051839857774454,3.0,314.4849633577516,4.703384184412451,0.6440000000000006,0.02292668449636346,0.6440000000000005,0.0,0.022917651,3.0
3.624821712773902,-1.0022986571271209,3.0,314.6115804904037,4.702647651748206,0.6450000000000005,0.022926677892909902,0.6450000000000005,0.0,0.022917651,3.0
3.6251916364100163,-0.9994126199613846,3.0,314.7391305477381,4.701910776808834,0.6460000000000005,0.022926671241682343,0.6460000000000005,0.0,0.022917651,3.0
3.625561653283673,-0.9965258612732816,3.0,314.86763065642475,4.701173553310838,0.6470000000000005,0.022926664541803747,0.6470000000000005,0.0,0.022917651,3.0
3.6259317651170684,-0.9936383677355197,3.0,314.9970983649309,4.7004359748159645,0.6480000000000005,0.022926657792375477,0.6480000000000005,0.0,0.022917651,3.0
3.6263019736750763,-0.9907501256905482,3.0,315.1275516565866,4.699698034726418,0.6490000000000005,0.022926650992476632,0.6490000000000005,0.0,0.022917651,3.0
3.62667228076658,-0.987861121140263,3.0,315.2590089631388,4.698959726279887,0.6500000000000005,0.022926644141163337,0.6500000000000005,0.0,0.022917651,3.0
3.627042688245849,-0.9849713397353254,3.0,315.3914891788158,4.69822104254438,0.6510000000000005,0.022926637237468045,0.6510000000000005,0.0,0.022917651,3.0
3.627413198013972,-0.9820807667640772,3.0,315.52501167492454,4.697481976412876,0.6520000000000005,0.022926630280398767,0.6520000000000005,0.0,0.022917651,3.0
3.627783812020348,-0.9791893871410309,3.0,315.65959631500357,4.69674252059776,0.6530000000000005,0.022926623268938323,0.6530000000000005,0.0,0.022917651,3.0
3.628154532264224,-0.9762971853949215,3.0,315.79526347055804,4.696002667625053,0.6540000000000006,0.022926616202043504,0.6540000000000005,0.0,0.022917651,3.0
3.628525360796306,-0.973404145656294,3.0,315.93203403740165,4.695262409828416,0.6550000000000005,0.022926609078644265,0.6550000000000005,0.0,0.022917651,3.0
3.628896299720418,-0.9705102516446106,3.0,316.069929452634,4.694521739342921,0.6560000000000005,0.022926601897642836,0.6560000000000005,0.0,0.022917651,3.0
3.6292673511952396,-0.9676154866548533,3.0,316.2089717122817,4.693780648098577,0.6570000000000005,0.02292659465791282,0.6570000000000005,0.0,0.022917651,3.0
3.6296385174361014,-0.9647198335435985,3.0,316.3491833896335,4.6930391278136065,0.6580000000000006,0.02292658735829827,0.6580000000000005,0.0,0.022917651,3.0
3.630009800716856,-0.9618232747145399,3.0,316.49058765430306,4.692297169987449,0.6590000000000005,0.0229265799976127,0.6590000000000005,0.0,0.022917651,3.0
3.6303812033718277,-0.958925792103435,3.0,316.63320829205077,4.691554765893491,0.6600000000000005,0.022926572574638062,0.6600000000000005,0.0,0.022917651,3.0
3.630752727797829,-0.9560273671624455,3.0,316.7770697254028,4.690811906571498,0.6610000000000005,0.02292656508812371,0.6610000000000005,0.0,0.022917651,3.0
3.631124376456271,-0.9531279808438455,3.0,316.92219703510284,4.690068582819746,0.6620000000000006,0.022926557536785287,0.6620000000000005,0.0,0.022917651,3.0
3.631496151875352,-0.9502276135830672,3.0,317.06861598243734,4.689324785186832,0.6630000000000005,0.022926549919303586,0.6630000000000005,0.0,0.022917651,3.0
3.6318680566523422,-0.94732624528105,3.0,317.2163530324755,4.688580503963148,0.6640000000000006,0.02292654223432336,0.6640000000000005,0.0,0.022917651,3.0
3.632240093455952,-0.9444238552858638,3.0,317.3654353782682,4.687835729171996,0.6650000000000005,0.022926534480452093,0.6650000000000005,0.0,0.022917651,3.0
3.6326123057992943,-0.9415206001498145,3.0,317.5158122893365,4.687090791378987,0.6660000000000005,0.02292652665707295,0.6660000000000005,0.0,0.022917651,3.0
3.6329848521871564,-0.938617123373918,3.0,317.6672163625807,4.686346967944846,0.6670000000000006,0.022926518765490775,0.6670000000000005,0.0,0.022917651,3.0
3.6333575425201863,-0.9357125507299628,3.0,317.82005306913,4.685602624425216,0.6680000000000005,0.02292651080007903,0.6680000000000005,0.0,0.022917651,3.0
3.633730379894718,-0.9328068586452636,3.0,317.9743532256633,4.684857749632789,0.6690000000000006,0.022926502759249602,0.6690000000000005,0.0,0.022917651,3.0
3.634103367496532,-0.9299000228661713,3.0,318.1301485390866,4.684112332057081,0.6700000000000005,0.022926494641368495,0.6700000000000005,0.0,0.022917651,3.0
3.63447650860411,-0.9269920184333058,3.0,318.2874716389116,4.6833663598526805,0.6710000000000005,0.02292648644475418,0.6710000000000005,0.0,0.022917651,3.0
3.6348498065920283,-0.9240828196556972,3.0,318.4463561110599,4.682619820826968,0.6720000000000006,0.022926478167675835,0.6720000000000005,0.0,0.022917651,3.0
3.6352232649345066,-0.9211724000837842,3.0,318.6068365331634,4.681872702427304,0.6730000000000004,0.022926469808351533,0.6730000000000005,0.0,0.022917651,3.0
3.6355968872091133,-0.918260732481207,3.0,318.76894851143953,4.6811249917276525,0.6740000000000005,0.02292646136494633,0.6740000000000005,0.0,0.022917651,3.0
3.6359706771006364,-0.915347788795331,3.0,318.9327287192254,4.680376675414577,0.6750000000000005,0.022926452835570293,0.6750000000000005,0.0,0.022917651,3.0
3.63634463840513,-0.9124335401264365,3.0,319.09821493725605,4.6796277397726245,0.6760000000000006,0.022926444218276436,0.6760000000000005,0.0,0.022917651,3.0
3.6367187750341463,-0.9095179566955023,3.0,319.26544609578144,4.678878170669039,0.6770000000000006,0.02292643551105851,0.6770000000000005,0.0,0.022917651,3.0
3.637093091019165,-0.906601007810507,3.0,319.4344623186211,4.678127953537766,0.6780000000000005,0.022926426711848774,0.6780000000000005,0.0,0.022917651,3.0
3.6374675905162195,-0.9036826618311695,3.0,319.605304969259,4.677377073362717,0.6790000000000006,0.022926417818515586,0.6790000000000005,0.0,0.022917651,3.0
3.63784227781075,-0.9007628861320409,3.0,319.7780166990923,4.676625514660254,0.6800000000000005,0.022926408828860947,0.6800000000000005,0.0,0.022917651,3.0
3.638217157322675,-0.8978416470638624,3.0,319.9526414979512,4.675873261460855,0.6810000000000005,0.02292639974061788,0.6810000000000005,0.0,0.022917651,3.0
3.638592233611711,-0.8949189099130856,3.0,320.1292247470151,4.675120297289897,0.6820000000000006,0.022926390551447705,0.6820000000000005,0.0,0.022917651,3.0
3.638967511382942,-0.8919946388594611,3.0,320.3078132742594,4.67436660514753,0.6830000000000005,0.022926381258937173,0.6830000000000005,0.0,0.022917651,3.0
3.6393429954926604,-0.8890687969315795,3.0,320.4884554125757,4.673612167487578,0.6840000000000005,0.02292637186059549,0.6840000000000005,0.0,0.022917651,3.0
3.6397186909544907,-0.8861413459602542,3.0,320.67120106071593,4.6728569661954165,0.6850000000000005,0.022926362353851173,0.6850000000000005,0.0,0.022917651,3.0
3.640094602945811,-0.8832122465296184,3.0,320.8561017472223,4.672100982564759,0.6860000000000005,0.02292635273604873,0.6860000000000005,0.0,0.022917651,3.0
3.6404707368144944,-0.8802814579258077,3.0,321.04321069751506,4.6713441972733065,0.6870000000000005,0.022926343004445248,0.6870000000000005,0.0,0.022917651,3.0
3.640847480624211,-0.8773493249204112,3.0,321.232097306334,4.670588507533255,0.6880000000000005,0.02292633314082875,0.6880000000000005,0.0,0.022917651,3.0
3.641224512340382,-0.8744154338657512,3.0,321.42325962205854,4.669832211361165,0.6890000000000006,0.02292632315659598,0.6890000000000005,0.0,0.022917651,3.0
3.64160179510473,-0.871479692538177,3.0,321.6168139071122,4.669075069076452,0.6900000000000005,0.022926313050479867,0.6900000000000005,0.0,0.022917651,3.0
3.641979335450477,-0.8685420527865899,3.0,321.81282240958296,4.668317058660064,0.6910000000000005,0.02292630281930853,0.6910000000000005,0.0,0.022917651,3.0
3.6423571401395236,-0.8656024647745063,3.0,322.01134955636707,4.667558157322243,0.6920000000000006,0.022926292459799092,0.6920000000000005,0.0,0.022917651,3.0
3.6427352161725364,-0.8626608769056666,3.0,322.212462049338,4.666798341468494,0.6930000000000005,0.02292628196855274,0.6930000000000005,0.0,0.022917651,3.0
3.6431135707995876,-0.8597172357456695,3.0,322.41622896665604,4.666037586663766,0.6940000000000005,0.022926271342049578,0.6940000000000005,0.0,0.022917651,3.0
3.643492211531355,-0.8567714859393806,3.0,322.6227218695396,4.6652758675946675,0.6950000000000005,0.022926260576643195,0.6950000000000005,0.0,0.022917651,3.0
3.6438711461509414,-0.853823570123847,3.0,322.83201491484556,4.664513158029653,0.6960000000000005,0.0229262496685549,0.6960000000000005,0.0,0.022917651,3.0
3.644250382726339,-0.850873428836431,3.0,323.0441849738314,4.6637494307770115,0.6970000000000006,0.02292623861386772,0.6970000000000005,0.0,0.022917651,3.0
3.6446299296235845,-0.8479210004178533,3.0,323.25931175749747,4.662984657640524,0.6980000000000005,0.02292622740851994,0.6980000000000005,0.0,0.022917651,3.0
3.6450097955206475,-0.8449662209098132,3.0,323.4774779489403,4.662218809372659,0.6990000000000005,0.022926216048298437,0.6990000000000005,0.0,0.022917651,3.0
3.6453899894221107,-0.8420090239468287,3.0,323.69876934317756,4.661451855625093,0.7000000000000005,0.0229262045288315,0.7000000000000005,0.0,0.022917651,3.0
3.6457933265713756,-0.8393052384842716,3.0,323.8632942074972,4.660941338190932,0.7010000000000006,0.0229262035533393,0.7010000000000005,0.0,0.022917651,3.0
3.646196770831592,-0.8366006863180101,3.0,324.02875475720174,4.660430482495333,0.7020000000000004,0.022926202571082795,0.7020000000000005,0.0,0.022917651,3.0
3.6466003238074647,-0.833895355961518,3.0,324.1951650104497,4.6599192834705665,0.7030000000000004,0.022926201581960643,0.7030000000000005,0.0,0.022917651,3.0
3.6470040316748715,-0.8311892604566355,3.0,324.36248168477573,4.659407938994024,0.7040000000000005,0.022926200583259403,0.7040000000000005,0.0,0.022917651,3.0
3.6474080333380714,-0.828482469917424,3.0,324.5305428381089,4.658897075202675,0.7050000000000005,0.022926199566934632,0.7050000000000005,0.0,0.022917651,3.0
3.6478121480576617,-0.8257748748053634,3.0,324.69959972666624,4.658385859058759,0.7060000000000006,0.022926198543641498,0.7060000000000005,0.0,0.022917651,3.0
3.648216377546055,-0.8230664629339656,3.0,324.8696674323833,4.6578742852253585,0.7070000000000005,0.022926197513274446,0.7070000000000005,0.0,0.022917651,3.0
3.6486207235504224,-0.8203572218693824,3.0,325.0407613433268,4.6573623482572275,0.7080000000000005,0.0229261964757258,0.7080000000000005,0.0,0.022917651,3.0
3.6490251878535784,-0.8176471389240973,3.0,325.2128971615012,4.656850042598024,0.7090000000000005,0.022926195430885667,0.7090000000000005,0.0,0.022917651,3.0
3.6494297722748965,-0.8149362011504253,3.0,325.3860909108957,4.656337362577473,0.7100000000000005,0.022926194378641906,0.7100000000000005,0.0,0.022917651,3.0
3.6498344786712518,-0.8122243953338072,3.0,325.56035894578025,4.6558243024084245,0.7110000000000005,0.022926193318880066,0.7110000000000005,0.0,0.022917651,3.0
3.6502393089379885,-0.8095117079859006,3.0,325.7357179592592,4.655310856183831,0.7120000000000006,0.022926192251483332,0.7120000000000005,0.0,0.022917651,3.0
3.650644265009926,-0.8067981253374497,3.0,325.91218499209157,4.654797017873617,0.7130000000000006,0.02292619117633244,0.7130000000000005,0.0,0.022917651,3.0
3.651049348862387,-0.8040836333309367,3.0,326.08977744178947,4.654282781321471,0.7140000000000005,0.022926190093305647,0.7140000000000005,0.0,0.022917651,3.0
3.6514545625122685,-0.8013682176129976,3.0,326.2685130720031,4.6537681402415165,0.7150000000000005,0.022926189002278635,0.7150000000000005,0.0,0.022917651,3.0
3.6518599080191367,-0.7986518635265972,3.0,326.4484100222029,4.653253088214891,0.7160000000000005,0.02292618790312446,0.7160000000000005,0.0,0.022917651,3.0
3.6522653874863638,-0.7959345561029576,3.0,326.6294868176724,4.652737618686203,0.7170000000000005,0.022926186795713475,0.7170000000000005,0.0,0.022917651,3.0
3.6526710030622986,-0.7932162800532241,3.0,326.8117623798193,4.652221724959894,0.7180000000000005,0.02292618567991328,0.7180000000000005,0.0,0.022917651,3.0
3.6530767569414735,-0.7904970197598644,3.0,326.99525603682144,4.6517054001964615,0.7190000000000006,0.02292618455558859,0.7190000000000005,0.0,0.022917651,3.0
3.653482651365854,-0.7877767592677887,3.0,327.17998753461546,4.651188637408573,0.7200000000000004,0.02292618342260123,0.7200000000000005,0.0,0.022917651,3.0
3.6538886886261284,-0.7850554822751804,3.0,327.3659770482463,4.650671429457054,0.7210000000000005,0.022926182280810014,0.7210000000000005,0.0,0.022917651,3.0
3.654294970541584,-0.7823335898598304,3.0,327.55299414449587,4.650154584116363,0.7220000000000005,0.02292618115982683,0.7220000000000005,0.0,0.022917651,3.0
3.654701405045986,-0.7796106638571216,3.0,327.74130258511406,4.649637315512027,0.7230000000000005,0.02292618003143986,0.7230000000000005,0.0,0.022917651,3.0
3.6551079914913767,-0.7768866736827273,3.0,327.93093190049325,4.649119590485987,0.7240000000000006,0.022926178894577754,0.7240000000000005,0.0,0.022917651,3.0
3.6555147324139448,-0.7741616015735673,3.0,328.1219041385842,4.64860140141968,0.7250000000000005,0.02292617774909904,0.7250000000000005,0.0,0.022917651,3.0
3.6559216304066404,-0.7714354293690155,3.0,328.3142418407802,4.648082740524043,0.7260000000000005,0.02292617659485908,0.7260000000000005,0.0,0.022917651,3.0
3.656328688120771,-0.7687081384997164,3.0,328.507968055799,4.647563599834703,0.7270000000000005,0.02292617543171,0.7270000000000005,0.0,0.022917651,3.0
3.6567359082676525,-0.7659797099760213,3.0,328.70310635403655,4.647043971207028,0.7280000000000005,0.022926174259500554,0.7280000000000005,0.0,0.022917651,3.0
3.657143293620317,-0.7632501243760289,3.0,328.8996808424101,4.646523846310992,0.7290000000000005,0.02292617307807607,0.7290000000000005,0.0,0.022917651,3.0
3.657550847015281,-0.7605193618332174,3.0,329.09771617971126,4.646003216625875,0.7300000000000006,0.022926171887278322,0.7300000000000005,0.0,0.022917651,3.0
3.657958571354368,-0.7577874020236465,3.0,329.29723759248947,4.645482073434766,0.7310000000000004,0.022926170686945465,0.7310000000000005,0.0,0.022917651,3.0
3.6583664696066025,-0.7550542241527166,3.0,329.4982708914868,4.644960407818892,0.7320000000000004,0.02292616947691187,0.7320000000000005,0.0,0.022917651,3.0
3.658774544810167,-0.7523198069414672,3.0,329.7008424886478,4.644438210651736,0.7330000000000005,0.02292616825700808,0.7330000000000005,0.0,0.022917651,3.0
3.6591828000744235,-0.7495841286123881,3.0,329.90497941472574,4.643915472592956,0.7340000000000005,0.022926167027060657,0.7340000000000005,0.0,0.022917651,3.0
3.6595912385820153,-0.7468471668747357,3.0,330.11070933751284,4.643392184082085,0.7350000000000005,0.022926165786892074,0.7350000000000005,0.0,0.022917651,3.0
3.659999910034819,-0.7441090536610467,3.0,330.31797443447505,4.642868675814277,0.7360000000000005,0.02292616449617537,0.7360000000000005,0.0,0.022917651,3.0
3.660408828063928,-0.7413698043289801,3.0,330.5267875182933,4.642345017693979,0.7370000000000005,0.02292616314757036,0.7370000000000005,0.0,0.022917651,3.0
3.66081794010881,-0.7386292102572458,3.0,330.73728320280486,4.641820790924157,0.7380000000000005,0.02292616178995957,0.7380000000000005,0.0,0.022917651,3.0
3.6612272496738503,-0.7358872471566633,3.0,330.94949187976016,4.641295985233655,0.7390000000000007,0.02292616042318033,0.7390000000000005,0.0,0.022917651,3.0
3.6616367603483386,-0.7331438901495488,3.0,331.1634446772721,4.640770590102459,0.7400000000000007,0.02292615904706603,0.7400000000000005,0.0,0.022917651,3.0
3.662046475809064,-0.7303991137517825,3.0,331.379173482254,4.640244594754107,0.7410000000000007,0.022926157661446008,0.7410000000000005,0.0,0.022917651,3.0
3.6624563998229895,-0.7276528918542174,3.0,331.5967109636826,4.639717988147836,0.7420000000000007,0.022926156266145407,0.7420000000000005,0.0,0.022917651,3.0
3.6628665362500388,-0.724905197703399,3.0,331.8160905967222,4.639190758970422,0.7430000000000005,0.022926154860985055,0.7430000000000005,0.0,0.022917651,3.0
3.66327688904598,-0.7221560038815669,3.0,332.0373466877474,4.63866289562773,0.7440000000000007,0.022926153445781337,0.7440000000000005,0.0,0.022917651,3.0
3.6636874622654187,-0.7194052822859067,3.0,332.26051440030363,4.638134386235932,0.7450000000000007,0.022926152020346046,0.7450000000000006,0.0,0.022917651,3.0
3.6640982600649052,-0.716653004107021,3.0,332.48562978204654,4.63760521861241,0.7460000000000007,0.022926150584486243,0.7460000000000006,0.0,0.022917651,3.0
3.664509286706156,-0.7138991398065807,3.0,332.7127297927046,4.637075380266304,0.7470000000000006,0.022926149138004115,0.7470000000000006,0.0,0.022917651,3.0
3.66492055744345,-0.7111436554603824,3.0,332.9418483986468,4.636544898269668,0.7480000000000007,0.022926147685130644,0.7480000000000006,0.0,0.022917651,3.0
3.6653322385278817,-0.708386471697093,3.0,333.17296884208827,4.636014357910589,0.7490000000000006,0.022926146290650293,0.7490000000000006,0.0,0.022917651,3.0
3.6657441611982438,-0.7056276198586412,3.0,333.4061960956841,4.635483115804003,0.7500000000000006,0.022926144882908096,0.7500000000000006,0.0,0.022917651,3.0
3.666156330129928,-0.7028670676629067,3.0,333.64157093235633,4.6349511583690495,0.7510000000000006,0.02292614346164739,0.7510000000000006,0.0,0.022917651,3.0
3.6665687501197537,-0.7001047819893569,3.0,333.87913518395806,4.634418471672151,0.7520000000000006,0.022926142026604847,0.7520000000000006,0.0,0.022917651,3.0
3.6669814260899343,-0.6973407288516493,3.0,334.11893177587547,4.633885041415495,0.7530000000000007,0.022926140577510273,0.7530000000000006,0.0,0.022917651,3.0
3.667394363092203,-0.694574873369155,3.0,334.361004762996,4.6333508529250444,0.7540000000000007,0.022926139114086346,0.7540000000000006,0.0,0.022917651,3.0
3.6678075663120966,-0.6918071797373493,3.0,334.60539936710484,4.632815891138086,0.7550000000000006,0.022926137636048418,0.7550000000000006,0.0,0.022917651,3.0
3.668221041073425,-0.6890376111970175,3.0,334.85216201577794,4.632280140590277,0.7560000000000006,0.022926136143104223,0.7560000000000006,0.0,0.022917651,3.0
3.668634792842898,-0.6862661300022227,3.0,335.1013403828403,4.631743585402167,0.7570000000000006,0.022926134634953677,0.7570000000000006,0.0,0.022917651,3.0
3.669048827234962,-0.6834926973869736,3.0,335.35298343046446,4.631206209265177,0.7580000000000006,0.022926133111288566,0.7580000000000006,0.0,0.022917651,3.0
3.6694631871298595,-0.6807172784966217,3.0,335.6071259687487,4.63066814939641,0.7590000000000006,0.02292613157009214,0.7590000000000006,0.0,0.022917651,3.0
3.6698779021512595,-0.6779398439623163,3.0,335.86381275393006,4.630129495277228,0.7600000000000006,0.022926130009784978,0.7600000000000006,0.0,0.022917651,3.0
3.6702929162577167,-0.675160347595178,3.0,336.1231240079179,4.629589975632114,0.7610000000000006,0.02292612843279879,0.7610000000000006,0.0,0.022917651,3.0
3.6707082356488154,-0.6723787466565085,3.0,336.3851141320087,4.629049572520012,0.7620000000000006,0.022926126838787857,0.7620000000000006,0.0,0.022917651,3.0
3.6711238666966763,-0.66959499721818,3.0,336.64983904150296,4.628508267500566,0.7630000000000007,0.022926125227396805,0.7630000000000006,0.0,0.022917651,3.0
3.671539815952,-0.6668090541209661,3.0,336.9173562187431,4.627966041616622,0.7640000000000006,0.02292612359826034,0.7640000000000006,0.0,0.022917651,3.0
3.6719560901503665,-0.6640208709311106,3.0,337.18772476839655,4.627422875376,0.7650000000000006,0.02292612195100283,0.7650000000000006,0.0,0.022917651,3.0
3.672372696218808,-0.6612303998950448,3.0,337.4610054750964,4.626878748732481,0.7660000000000006,0.022926120285237984,0.7660000000000006,0.0,0.022917651,3.0
3.6727896412826544,-0.6584375918921586,3.0,337.73726086355674,4.62633364106598,0.7670000000000006,0.022926118600568434,0.7670000000000006,0.0,0.022917651,3.0
3.6732069442638724,-0.6556423755572882,3.0,338.01655061263637,4.625787556645414,0.7680000000000007,0.02292611689339564,0.7680000000000006,0.0,0.022917651,3.0
3.6736248169824615,-0.6528443343935462,3.0,338.29886187140517,4.6252409253785745,0.7690000000000006,0.02292611510599837,0.7690000000000006,0.0,0.022917651,3.0
3.674043054218683,-0.6500437999984894,3.0,338.5843508385964,4.624693259011574,0.7700000000000007,0.022926113295541797,0.7700000000000006,0.0,0.022917651,3.0
3.674461664024402,-0.6472407172988829,3.0,338.8730877069278,4.624144534679982,0.7710000000000006,0.022926111461516564,0.7710000000000006,0.0,0.022917651,3.0
3.6748806546903894,-0.6444350295874361,3.0,339.1651447517774,4.623594728840969,0.7720000000000007,0.0229261096033982,0.7720000000000006,0.0,0.022917651,3.0
3.675300034755244,-0.6416266784617449,3.0,339.4605964090026,4.623043817247948,0.7730000000000005,0.022926107720646554,0.7730000000000006,0.0,0.022917651,3.0
3.6757198130147284,-0.6388156037604774,3.0,339.759519356275,4.6224917749241,0.7740000000000006,0.02292610581270521,0.7740000000000006,0.0,0.022917651,3.0
3.6761399985315184,-0.6360017434966521,3.0,340.06199259811837,4.6219385761346485,0.7750000000000007,0.02292610387900086,0.7750000000000006,0.0,0.022917651,3.0
3.676560600645406,-0.6331850337878584,3.0,340.3680975548453,4.621384194357912,0.7760000000000006,0.02292610191894268,0.7760000000000006,0.0,0.022917651,3.0
3.6769816650256772,-0.6303653502904286,3.0,340.67798093463983,4.620828688876199,0.7770000000000006,0.022926099922634658,0.7770000000000006,0.0,0.022917651,3.0
3.677403167761224,-0.6275426903824405,3.0,340.99167890786845,4.6202719606392435,0.7780000000000005,0.02292609789726546,0.7780000000000006,0.0,0.022917651,3.0
3.6778251127235477,-0.62471699571304,3.0,341.3092700823557,4.619713966628488,0.7790000000000007,0.022926095843726235,0.7790000000000006,0.0,0.022917651,3.0
3.6782475103116075,-0.6218881949198323,3.0,341.6308460067038,4.619154677079269,0.7800000000000007,0.022926093761354554,0.7800000000000006,0.0,0.022917651,3.0
3.678670371252981,-0.6190562143852981,3.0,341.95650112254447,4.618594061286331,0.7810000000000006,0.022926091649467076,0.7810000000000006,0.0,0.022917651,3.0
3.679093706616949,-0.6162209781470035,3.0,342.2863328797272,4.618032087566374,0.7820000000000007,0.02292608950735868,0.7820000000000006,0.0,0.022917651,3.0
3.6795175278282053,-0.6133824078034859,3.0,342.6204418570556,4.617468723218797,0.7830000000000005,0.022926087334301605,0.7830000000000006,0.0,0.022917651,3.0
3.6799419416847643,-0.6105401813351049,3.0,342.95895790637206,4.616904071195933,0.7840000000000006,0.02292608516112451,0.7840000000000006,0.0,0.022917651,3.0
3.680366935153293,-0.607694285881708,3.0,343.3019851692385,4.616338066919061,0.7850000000000006,0.022926082985790804,0.7850000000000006,0.0,0.022917651,3.0
3.680792452487036,-0.604844810556481,3.0,343.64961662780775,4.615770578062634,0.7860000000000006,0.022926080786875233,0.7860000000000006,0.0,0.022917651,3.0
3.6812185066951906,-0.6019916664601166,3.0,344.00196661852186,4.6152015677599385,0.7870000000000006,0.022926078563792203,0.7870000000000006,0.0,0.022917651,3.0
3.681645111221292,-0.5991347617252116,3.0,344.35915329519287,4.614630997913394,0.7880000000000006,0.022926076315936534,0.7880000000000006,0.0,0.022917651,3.0
3.6820722799614973,-0.5962740013913543,3.0,344.7212987896572,4.614058829142738,0.7890000000000006,0.022926074042682706,0.7890000000000006,0.0,0.022917651,3.0
3.6825000379977135,-0.5934092487251192,3.0,345.0885364461288,4.613485025616584,0.7900000000000005,0.02292607174591869,0.7900000000000006,0.0,0.022917651,3.0
3.682928511529898,-0.5905400057085971,3.0,345.46107139555284,4.612909600337963,0.7910000000000006,0.022926069448559853,0.7910000000000006,0.0,0.022917651,3.0
3.6833575926395667,-0.5876666146753882,3.0,345.83895809191995,4.612332457484867,0.7920000000000006,0.022926067118317902,0.7920000000000006,0.0,0.022917651,3.0
3.683787297143148,-0.5847889676445204,3.0,346.2223358516508,4.611753552345482,0.7930000000000007,0.022926064754336825,0.7930000000000006,0.0,0.022917651,3.0
3.684217641410852,-0.5819069528542742,3.0,346.61134886906456,4.611172838642487,0.7940000000000005,0.022926062355730643,0.7940000000000006,0.0,0.022917651,3.0
3.6846486423911213,-0.5790204545952516,3.0,347.0061464317516,4.610590268463952,0.7950000000000006,0.022926059921582077,0.7950000000000006,0.0,0.022917651,3.0
3.6850803569947863,-0.5761292142501419,3.0,347.40690544428554,4.61000580927761,0.7960000000000006,0.022926057416261386,0.7960000000000006,0.0,0.022917651,3.0
3.685512889778985,-0.5732328047582398,3.0,347.8138346103827,4.609419448674653,0.7970000000000007,0.02292605476209926,0.7970000000000006,0.0,0.022917651,3.0
3.685946131315132,-0.5703315510452519,3.0,348.22702650881797,4.608831078859982,0.7980000000000006,0.022926052070675364,0.7980000000000006,0.0,0.022917651,3.0
3.6863801009865607,-0.5674253206288022,3.0,348.64665241617956,4.6082406448845905,0.7990000000000007,0.022926049340970662,0.7990000000000006,0.0,0.022917651,3.0
3.686814818889911,-0.5645139761511374,3.0,349.07288991206786,4.607648089777336,0.8000000000000006,0.022926046571928583,0.8000000000000006,0.0,0.022917651,3.0
3.687189270534433,-0.5620180278631924,3.0,349.1931362497812,4.6071614723567915,0.8010000000000007,0.022926046270607382,0.8010000000000006,0.0,0.022917651,3.0
3.687563798132221,-0.5595210226131307,3.0,349.31488904183163,4.606674101801416,0.8020000000000006,0.022926045966358742,0.8020000000000006,0.0,0.022917651,3.0
3.6879384875344705,-0.5570225861383139,3.0,349.43820681057514,4.606185945686621,0.8030000000000006,0.022926045653214946,0.8030000000000006,0.0,0.022917651,3.0
3.6883132639745444,-0.5545230270823203,3.0,349.5630774232164,4.605697014982873,0.8040000000000006,0.02292604533649927,0.8040000000000006,0.0,0.022917651,3.0
3.6886881192066387,-0.5520223710045923,3.0,349.6895163451127,4.605207302436641,0.8050000000000007,0.022926045016823084,0.8050000000000006,0.0,0.022917651,3.0
3.6890630542304277,-0.5495206039866458,3.0,349.8175434742162,4.60471679812828,0.8060000000000006,0.02292604469414882,0.8060000000000006,0.0,0.022917651,3.0
3.689438070062571,-0.5470177118735432,3.0,349.9471790465169,4.604225491969633,0.8070000000000006,0.022926044368438283,0.8070000000000006,0.0,0.022917651,3.0
3.6898131677370714,-0.544513680268849,3.0,350.07844364325035,4.603733373700422,0.8080000000000007,0.022926044039652618,0.8080000000000006,0.0,0.022917651,3.0
3.690188348305649,-0.5420084945294579,3.0,350.2113581982928,4.603240432884574,0.8090000000000006,0.022926043707752308,0.8090000000000006,0.0,0.022917651,3.0
3.6905636128381207,-0.5395021397602894,3.0,350.34594400574656,4.602746658906429,0.8100000000000007,0.022926043372697158,0.8100000000000006,0.0,0.022917651,3.0
3.6909389624227957,-0.5369946008088439,3.0,350.48222272772114,4.60225204096687,0.8110000000000007,0.022926043034446276,0.8110000000000006,0.0,0.022917651,3.0
3.691314408344166,-0.5344858051387944,3.0,350.62023797721235,4.601756552731128,0.8120000000000008,0.022926042692960724,0.8120000000000006,0.0,0.022917651,3.0
3.691689975515536,-0.5319756045174879,3.0,350.76006318601424,4.601260148063457,0.8130000000000006,0.022926042348205267,0.8130000000000006,0.0,0.022917651,3.0
3.692065631533869,-0.5294641718959708,3.0,350.9016504200135,4.600762866770517,0.8140000000000006,0.022926042000128582,0.8140000000000006,0.0,0.022917651,3.0
3.6924413775709373,-0.5269514910258145,3.0,351.04502291795694,4.6002646972908,0.8150000000000006,0.02292604164868687,0.8150000000000006,0.0,0.022917651,3.0
3.6928172148192075,-0.5244375453716014,3.0,351.19020432904654,4.599765627858589,0.8160000000000008,0.02292604129383555,0.8160000000000006,0.0,0.022917651,3.0
3.6931931444923056,-0.5219223181045619,3.0,351.33721872204137,4.599265646499434,0.8170000000000006,0.02292604093552926,0.8170000000000006,0.0,0.022917651,3.0
3.693569167825481,-0.5194057920960395,3.0,351.48609059460347,4.598764741025502,0.8180000000000006,0.02292604057372183,0.8180000000000006,0.0,0.022917651,3.0
3.693945286076097,-0.5168879499107807,3.0,351.6368448828941,4.598262899030803,0.8190000000000006,0.022926040208366243,0.8190000000000006,0.0,0.022917651,3.0
3.6943215005241203,-0.5143687738000442,3.0,351.789506971429,4.597760107886282,0.8200000000000006,0.022926039839414665,0.8200000000000006,0.0,0.022917651,3.0
3.6946978924121496,-0.5118479215933821,3.0,351.9441518668483,4.5972563496828736,0.8210000000000006,0.02292603947152758,0.8210000000000006,0.0,0.022917651,3.0
3.6950745499425057,-0.5093250172254774,3.0,352.10086708855243,4.5967516003948665,0.8220000000000007,0.022926039110757662,0.8220000000000006,0.0,0.022917651,3.0
3.695451304911855,-0.5068007265941651,3.0,352.25957910323245,4.596245854610371,0.8230000000000006,0.022926038747587803,0.8230000000000006,0.0,0.022917651,3.0
3.695828158647361,-0.5042750308178954,3.0,352.4203151081339,4.595739098756642,0.8240000000000006,0.022926038381985307,0.8240000000000006,0.0,0.022917651,3.0
3.6962051125004005,-0.5017479106706538,3.0,352.5831027966735,4.595231319013323,0.8250000000000007,0.02292603801391691,0.8250000000000006,0.0,0.022917651,3.0
3.6965821678471165,-0.49921934657407036,3.0,352.7479703698065,4.594722501306773,0.8260000000000007,0.02292603764334869,0.8260000000000006,0.0,0.022917651,3.0
3.6969593260889884,-0.49668931858930965,3.0,352.9149465477065,4.594212631304228,0.8270000000000007,0.02292603727024614,0.8270000000000006,0.0,0.022917651,3.0
3.697336588653419,-0.4941578064087375,3.0,353.0840605817709,4.593701694407825,0.8280000000000007,0.022926036894574117,0.8280000000000006,0.0,0.022917651,3.0
3.697713951312664,-0.49162477008800815,3.0,353.25534569572113,4.593189633882163,0.8290000000000008,0.02292603652362592,0.8290000000000006,0.0,0.022917651,3.0
3.6980913822927852,-0.4890900633739554,3.0,353.42885201203404,4.592676177103637,0.8300000000000007,0.022926036204711522,0.8300000000000006,0.0,0.022917651,3.0
3.698468927137616,-0.4865538039191252,3.0,353.60458379767334,4.5921616229918145,0.8310000000000007,0.02292603588457668,0.8310000000000006,0.0,0.022917651,3.0
3.6988465874679344,-0.48401596962143795,3.0,353.7825727304959,4.591645955926994,0.8320000000000005,0.02292603556320403,0.8320000000000006,0.0,0.022917651,3.0
3.6992243649354246,-0.48147653795733936,3.0,353.96285109243837,4.591129159991615,0.8330000000000007,0.02292603524057586,0.8330000000000006,0.0,0.022917651,3.0
3.699602261223419,-0.4789354859717054,3.0,354.1454517839854,4.590611218963122,0.8340000000000007,0.022926034916674127,0.8340000000000006,0.0,0.022917651,3.0
3.699980278047658,-0.4763927902674564,3.0,354.3304083390556,4.590092116306628,0.8350000000000007,0.022926034591480442,0.8350000000000006,0.0,0.022917651,3.0
3.7003584171570774,-0.4738484269948694,3.0,354.5177549403203,4.589571835167359,0.8360000000000007,0.022926034264976067,0.8360000000000006,0.0,0.022917651,3.0
3.7007367099109962,-0.47130210322772037,3.0,354.7076158496963,4.589050207132672,0.8370000000000006,0.022926033922231255,0.8370000000000006,0.0,0.022917651,3.0
3.7011151570498213,-0.4687537930950781,3.0,354.90003039164134,4.588527209398959,0.8380000000000006,0.02292603355960909,0.8380000000000006,0.0,0.022917651,3.0
3.7014937304634783,-0.4662037396667499,3.0,355.09494661476293,4.588002973555225,0.8390000000000005,0.022926033190738847,0.8390000000000006,0.0,0.022917651,3.0
3.701872432016037,-0.46365191720819166,3.0,355.292401448898,4.5874774813244805,0.8400000000000007,0.022926032815528293,0.8400000000000006,0.0,0.022917651,3.0
3.7022512636084377,-0.46109829947582914,3.0,355.4924325543555,4.586950714068218,0.8410000000000006,0.022926032433883366,0.8410000000000006,0.0,0.022917651,3.0
3.7026302271794096,-0.45854285970441094,3.0,355.69507834006805,4.586422652777426,0.8420000000000006,0.022926032045708138,0.8420000000000006,0.0,0.022917651,3.0
3.703009324706413,-0.45598557059398037,3.0,355.90037798228593,4.585893278063338,0.8430000000000007,0.022926031650904767,0.8430000000000006,0.0,0.022917651,3.0
3.703388653586225,-0.4534259159453405,3.0,356.1084596484663,4.585362464207472,0.8440000000000007,0.02292603124415752,0.8440000000000006,0.0,0.022917651,3.0
3.7037682523000277,-0.45086367902869273,3.0,356.3194023088003,4.584830148603738,0.8450000000000006,0.022926030823514496,0.8450000000000006,0.0,0.022917651,3.0
3.704147990244763,-0.4482995095969429,3.0,356.5331266110969,4.584296457291862,0.8460000000000006,0.022926030396189286,0.8460000000000006,0.0,0.022917651,3.0
3.704527869538597,-0.44573337825009507,3.0,356.7496748734018,4.583761369342739,0.8470000000000008,0.02292602996208023,0.8470000000000006,0.0,0.022917651,3.0
3.704907892342881,-0.4431652549887513,3.0,356.9690902765334,4.58322486340056,0.8480000000000006,0.02292602952108358,0.8480000000000006,0.0,0.022917651,3.0
3.705288060863258,-0.44059510919875733,3.0,357.19141688618424,4.582686917671894,0.8490000000000006,0.02292602907309349,0.8490000000000006,0.0,0.022917651,3.0
3.705668377350801,-0.4380229096353747,3.0,357.416699675703,4.5821475099144084,0.8500000000000006,0.022926028618001932,0.8500000000000006,0.0,0.022917651,3.0
3.70604878637858,-0.43544818584578143,3.0,357.64502126011973,4.5816059475079625,0.8510000000000006,0.022926028110113204,0.8510000000000006,0.0,0.022917651,3.0
3.706429343415223,-0.4328712532412772,3.0,357.8763993104162,4.5810627683262926,0.8520000000000006,0.022926027587656828,0.8520000000000006,0.0,0.022917651,3.0
3.706810062620067,-0.4302921618495343,3.0,358.1108749912223,4.5805180791430615,0.8530000000000008,0.022926027059420484,0.8530000000000006,0.0,0.022917651,3.0
3.7071909465691433,-0.4277108773783557,3.0,358.3484975082003,4.579971855971992,0.8540000000000006,0.022926026525312365,0.8540000000000006,0.0,0.022917651,3.0
3.707571997893335,-0.42512736480537244,3.0,358.5893171147318,4.579424074316076,0.8550000000000006,0.022926025985238706,0.8550000000000006,0.0,0.022917651,3.0
3.7079532192798417,-0.42254158835850525,3.0,358.83338513995284,4.578874709153904,0.8560000000000006,0.022926025439103725,0.8560000000000006,0.0,0.022917651,3.0
3.7083346341902113,-0.4199531305681314,3.0,359.0809365108938,4.5783234372627915,0.8570000000000007,0.022926025007603452,0.8570000000000007,0.0,0.022917651,3.0
3.7087162316542006,-0.41736215301350227,3.0,359.3319306372416,4.577770376033945,0.8580000000000007,0.022926024632811577,0.8580000000000007,0.0,0.022917651,3.0
3.709098004350856,-0.41476879363445807,3.0,359.5863380650466,4.577215633920354,0.8590000000000008,0.022926024259890716,0.8590000000000007,0.0,0.022917651,3.0
3.7094799551494466,-0.4121730134308901,3.0,359.844214683873,4.576659183399129,0.8600000000000008,0.022926023888871515,0.8600000000000007,0.0,0.022917651,3.0
3.709862086982225,-0.4095747725465637,3.0,360.10561761016567,4.5761009963432,0.8610000000000005,0.02292602351978528,0.8610000000000007,0.0,0.022917651,3.0
3.71024440284617,-0.4069740302454974,3.0,360.3706052211019,4.575541044004654,0.8620000000000007,0.022926023152664007,0.8620000000000007,0.0,0.022917651,3.0
3.7106268664496938,-0.4043697135112375,3.0,360.6395514614506,4.574978104940686,0.8630000000000008,0.02292602263535304,0.8630000000000007,0.0,0.022917651,3.0
3.711009511101955,-0.40176272026313264,3.0,360.9122364781358,4.574413213181659,0.8640000000000008,0.022926022095891414,0.8640000000000007,0.0,0.022917651,3.0
3.711392343229271,-0.39915310124477843,3.0,361.1886939883508,4.573846445467827,0.8650000000000008,0.022926021547535255,0.8650000000000007,0.0,0.022917651,3.0
3.7117753659867185,-0.39654081226625376,3.0,361.46898748058703,4.573277770228154,0.8660000000000007,0.022926020990134882,0.8660000000000007,0.0,0.022917651,3.0
3.7121585826005727,-0.39392580814046174,3.0,361.75318187599686,4.572707155179178,0.8670000000000008,0.022926020423537218,0.8670000000000007,0.0,0.022917651,3.0
3.712542031255409,-0.3913075649223181,3.0,362.04147466636675,4.572134230298796,0.8680000000000007,0.022926019851265144,0.8680000000000007,0.0,0.022917651,3.0
3.7129257169103123,-0.38868605550961705,3.0,362.3339338797253,4.571558988381155,0.8690000000000007,0.022926019272769833,0.8690000000000007,0.0,0.022917651,3.0
3.713309610058224,-0.38606169738679913,3.0,362.6305030523544,4.570981727762993,0.8700000000000007,0.022926018684219496,0.8700000000000007,0.0,0.022917651,3.0
3.7136937142877575,-0.38343444128515314,3.0,362.9312532663888,4.570402413530691,0.8710000000000007,0.022926018085440227,0.8710000000000007,0.0,0.022917651,3.0
3.7140780332707557,-0.38080423679323744,3.0,363.2362572526307,4.569821009960852,0.8720000000000007,0.0229260174762541,0.8720000000000007,0.0,0.022917651,3.0
3.7144625488028793,-0.3781707292982845,3.0,363.54571305170236,4.5692370911415425,0.8730000000000007,0.022926016850729886,0.8730000000000007,0.0,0.022917651,3.0
3.714847254000938,-0.3755337502552296,3.0,363.85974575504315,4.568650461556108,0.8740000000000007,0.022926016207483683,0.8740000000000007,0.0,0.022917651,3.0
3.7152321816358183,-0.37289365735318036,3.0,364.1782660317882,4.568061607908158,0.8750000000000007,0.022926015554560433,0.8750000000000007,0.0,0.022917651,3.0
3.7156173356627216,-0.3702503952238543,3.0,364.5013536765694,4.567470490651099,0.8760000000000008,0.022926014891788065,0.8760000000000007,0.0,0.022917651,3.0
3.7160027201311827,-0.3676039071784528,3.0,364.82909038709545,4.566877069295159,0.8770000000000008,0.0229260142189904,0.8770000000000007,0.0,0.022917651,3.0
3.7163884760372374,-0.3649530784183253,3.0,365.16177174575915,4.56628078866581,0.8780000000000007,0.022926013532190145,0.8780000000000007,0.0,0.022917651,3.0
3.716774551734403,-0.36229827874306714,3.0,365.49940133264346,4.56568181359871,0.8790000000000007,0.02292601283445649,0.8790000000000007,0.0,0.022917651,3.0
3.7171608703140886,-0.3596400742317176,3.0,365.8419419367827,4.565080405088774,0.8800000000000007,0.022926012128277842,0.8800000000000007,0.0,0.022917651,3.0
3.717547436211883,-0.35697840270420833,3.0,366.1894832445469,4.56447651869579,0.8810000000000008,0.022926011413499987,0.8810000000000007,0.0,0.022917651,3.0
3.71793419793195,-0.35431309525148047,3.0,366.54217962816807,4.563869780315956,0.8820000000000007,0.022926010723245745,0.8820000000000007,0.0,0.022917651,3.0
3.7183207649002767,-0.3516433748980594,3.0,366.9005510381982,4.563257856285811,0.8830000000000007,0.02292601029117788,0.8830000000000007,0.0,0.022917651,3.0
3.7187075714545927,-0.34897000661917266,3.0,367.26420192538774,4.562643242889154,0.8840000000000007,0.022926009861268262,0.8840000000000007,0.0,0.022917651,3.0
3.7190946220286683,-0.34629292290642505,3.0,367.6332299915769,4.562025890356651,0.8850000000000008,0.02292600943355682,0.8850000000000007,0.0,0.022917651,3.0
3.7194819211663552,-0.3436120545753378,3.0,368.00773536432564,4.561405747683308,0.8860000000000007,0.022926009008084492,0.8860000000000007,0.0,0.022917651,3.0
3.719869507798349,-0.34092671829115734,3.0,368.3881263188226,4.56078227901265,0.8870000000000007,0.022926008296812385,0.8870000000000007,0.0,0.022917651,3.0
3.7202573599722055,-0.3382373344477778,3.0,368.7742700749318,4.560155823043631,0.8880000000000007,0.022926007516841936,0.8880000000000007,0.0,0.022917651,3.0
3.72064547561563,-0.3355439547339824,3.0,369.16621230100895,4.5595264248189995,0.8890000000000007,0.022926006725860197,0.8890000000000007,0.0,0.022917651,3.0
3.7210338597506287,-0.33284650298432905,3.0,369.5640635219169,4.558894028256303,0.8900000000000007,0.022926005923657268,0.8900000000000007,0.0,0.022917651,3.0
3.7214225949368718,-0.3301432279684916,3.0,369.9682082625029,4.558257218322186,0.8910000000000007,0.022926005101215115,0.8910000000000007,0.0,0.022917651,3.0
3.721811627686438,-0.3274351988806922,3.0,370.3785768730181,4.557616846327613,0.8920000000000008,0.02292600426435349,0.8920000000000007,0.0,0.022917651,3.0
3.7222009395494124,-0.32472283119023554,3.0,370.7952078699166,4.556973252189038,0.8930000000000007,0.02292600341546302,0.8930000000000007,0.0,0.022917651,3.0
3.722590535975812,-0.32200604018082263,3.0,371.2182235336278,4.556326372990327,0.8940000000000008,0.022926002554308808,0.8940000000000007,0.0,0.022917651,3.0
3.722980453901335,-0.319283807493583,3.0,371.64817034663577,4.5556753397645515,0.8950000000000008,0.022926001685158116,0.8950000000000007,0.0,0.022917651,3.0
3.723370667975798,-0.31655691790737,3.0,372.0847903375273,4.555020834411476,0.8960000000000007,0.02292600080412965,0.8960000000000007,0.0,0.022917651,3.0
3.723761181398435,-0.31382535655771354,3.0,372.52818112372296,4.554362854732587,0.8970000000000007,0.022925999910636267,0.8970000000000007,0.0,0.022917651,3.0
3.7241520736546563,-0.31108850018583023,3.0,372.9785873711124,4.553701093289222,0.8980000000000008,0.022925999004446387,0.8980000000000007,0.0,0.022917651,3.0
3.724543479839107,-0.30834532942629117,3.0,373.436347293632,4.553035067438852,0.8990000000000008,0.02292599808533077,0.8990000000000007,0.0,0.022917651,3.0
3.7249352108528764,-0.30559715834119366,3.0,373.9013169987901,4.552365340530945,0.9000000000000007,0.02292599715297831,0.9000000000000007,0.0,0.022917651,3.0
3.7252416617917974,-0.3032901187633118,3.0,374.08707881136655,4.551741676913497,0.9010000000000007,0.02292599691638966,0.9010000000000007,0.0,0.022917651,3.0
3.7255481579479954,-0.3009816139575343,3.0,374.2751133316661,4.55111672898129,0.9020000000000007,0.022925996679431567,0.9020000000000007,0.0,0.022917651,3.0
3.7258547139773475,-0.2986707271330124,3.0,374.4656940214505,4.550489645679339,0.9030000000000008,0.022925996734978617,0.9030000000000007,0.0,0.022917651,3.0
3.726161318911556,-0.2963583029857069,3.0,374.6586107484815,4.549861220848605,0.9040000000000008,0.022925996798043552,0.9040000000000007,0.0,0.022917651,3.0
3.72646797276736,-0.2940443607363529,3.0,374.85387974699984,4.549231473486873,0.9050000000000007,0.022925996856741678,0.9050000000000007,0.0,0.022917651,3.0
3.7267746760968654,-0.29172888325237467,3.0,375.0515275636193,4.548600388668684,0.9060000000000007,0.022925996911023715,0.9060000000000007,0.0,0.022917651,3.0
3.7270814294605175,-0.28941185314242307,3.0,375.2515811459193,4.547967951243152,0.9070000000000008,0.022925996960839645,0.9070000000000007,0.0,0.022917651,3.0
3.727388240754493,-0.28709295776215416,3.0,375.4541636618865,4.547333878182447,0.9080000000000008,0.02292599690589703,0.9080000000000007,0.0,0.022917651,3.0
3.727695117914479,-0.284771874695392,3.0,375.6594049668078,4.5466978769297395,0.9090000000000007,0.02292599664608647,0.9090000000000007,0.0,0.022917651,3.0
3.728002046590372,-0.2824491828071845,3.0,375.8671409659262,4.54606047300571,0.9100000000000008,0.02292599638600629,0.9100000000000007,0.0,0.022917651,3.0
3.7283090273742787,-0.28012486360628663,3.0,376.07740033240566,4.545421650288533,0.9110000000000007,0.022925996125653398,0.9110000000000007,0.0,0.022917651,3.0
3.7286160608674153,-0.2777988983169877,3.0,376.29021218051327,4.54478139240837,0.9120000000000007,0.02292599586502464,0.9120000000000007,0.0,0.022917651,3.0
3.72892314768028,-0.2754712678736193,3.0,376.5056060741336,4.544139682742575,0.9130000000000007,0.022925995604116824,0.9130000000000007,0.0,0.022917651,3.0
3.7292302866610934,-0.2731407998598066,3.0,376.7240263044302,4.543495345400198,0.9140000000000007,0.022925995345600626,0.9140000000000007,0.0,0.022917651,3.0
3.729537461889724,-0.27080855286819977,3.0,376.945136076692,4.542849374016474,0.9150000000000007,0.02292599508690573,0.9150000000000007,0.0,0.022917651,3.0
3.729844673355278,-0.2684745770151703,3.0,377.1689416786293,4.542201818587714,0.9160000000000007,0.02292599482786421,0.9160000000000007,0.0,0.022917651,3.0
3.7301519214780954,-0.2661388522463652,3.0,377.3954743811813,4.541552660739395,0.9170000000000009,0.022925994568472025,0.9170000000000007,0.0,0.022917651,3.0
3.730459206685041,-0.26380135819606004,3.0,377.624765940811,4.54090188181171,0.9180000000000008,0.02292599430872511,0.9180000000000007,0.0,0.022917651,3.0
3.7307665584636927,-0.2614613185934536,3.0,377.857182545943,4.540248823079636,0.9190000000000007,0.02292599410160315,0.9190000000000007,0.0,0.022917651,3.0
3.731073953567094,-0.2591192713882053,3.0,378.0925266145781,4.539593930071417,0.9200000000000008,0.022925993915413674,0.9200000000000007,0.0,0.022917651,3.0
3.7313813841693313,-0.25677540291370227,3.0,378.3307416874895,4.538937357961558,0.9210000000000009,0.02292599373659284,0.9210000000000007,0.0,0.022917651,3.0
3.731688850687313,-0.25442969178046215,3.0,378.5718614825334,4.53827908703023,0.9220000000000007,0.022925993565227176,0.9220000000000007,0.0,0.022917651,3.0
3.731996353544502,-0.25208211626274796,3.0,378.8159202476302,4.537619097247601,0.9230000000000007,0.022925993401404585,0.9230000000000007,0.0,0.022917651,3.0
3.7323039098957707,-0.2497316906987468,3.0,379.06323275376155,4.536956474471912,0.9240000000000009,0.022925993168143675,0.9240000000000007,0.0,0.022917651,3.0
3.7326115042849453,-0.24737916380863922,3.0,379.31361474554024,4.536291903008613,0.9250000000000009,0.02292599292044182,0.9250000000000007,0.0,0.022917651,3.0
3.732919133713903,-0.24502469671558383,3.0,379.56704911885265,4.535625531410223,0.9260000000000008,0.0229259926724235,0.9260000000000007,0.0,0.022917651,3.0
3.733226798602106,-0.24266826619340495,3.0,379.8235724137681,4.534957338127321,0.9270000000000007,0.022925992424084923,0.9270000000000007,0.0,0.022917651,3.0
3.733534503376818,-0.24030975499536775,3.0,380.0832519867504,4.53428722337737,0.9280000000000008,0.022925992201300722,0.9280000000000007,0.0,0.022917651,3.0
3.7338422836752367,-0.23794829678349902,3.0,380.3463984153895,4.533614461276418,0.9290000000000008,0.02292599223229722,0.9290000000000007,0.0,0.022917651,3.0
3.7341500997046593,-0.23558479327905135,3.0,380.6127518837891,4.532939796867956,0.9300000000000007,0.02292599225730166,0.9300000000000007,0.0,0.022917651,3.0
3.7344579519000614,-0.23321921958343422,3.0,380.8823514331948,4.532263206994042,0.9310000000000008,0.022925992276241102,0.9310000000000007,0.0,0.022917651,3.0
3.7347658407035036,-0.23085155039226937,3.0,381.1552367411315,4.531584668119306,0.9320000000000008,0.022925992289041408,0.9320000000000007,0.0,0.022917651,3.0
3.7350738026727495,-0.22848097751221344,3.0,381.43165961335984,4.5309035158591975,0.9330000000000007,0.02292599215248418,0.9330000000000007,0.0,0.022917651,3.0
3.7353818350525687,-0.22610756269566468,3.0,381.71164440759696,4.53021980120535,0.9340000000000008,0.0229259918869254,0.9340000000000007,0.0,0.022917651,3.0
3.735689906481264,-0.22373197494143407,3.0,381.9950470365681,4.529534069860254,0.9350000000000008,0.0229259916209241,0.9350000000000007,0.0,0.022917651,3.0
3.7359980174432117,-0.22135418729550127,3.0,382.28190989651284,4.528846296808034,0.9360000000000007,0.022925991354474783,0.9360000000000007,0.0,0.022917651,3.0
3.7363061896167378,-0.21897398172544832,3.0,382.5723469120654,4.528156351920506,0.9370000000000007,0.022925991087055342,0.9370000000000007,0.0,0.022917651,3.0
3.7366145239737705,-0.2165904134223513,3.0,382.8667475742671,4.527463699829441,0.9380000000000008,0.02292599081613379,0.9380000000000007,0.0,0.022917651,3.0
3.736922897266581,-0.21420455786720485,3.0,383.1647500774374,4.526768916002408,0.9390000000000008,0.022925990544663415,0.9390000000000007,0.0,0.022917651,3.0
3.7372313099850047,-0.21181638628505425,3.0,383.4663997348209,4.526071973620936,0.9400000000000007,0.022925990272637316,0.9400000000000007,0.0,0.022917651,3.0
3.7375397626271263,-0.2094258694162378,3.0,383.77174262295205,4.525372845414799,0.9410000000000008,0.02292599000004847,0.9410000000000007,0.0,0.022917651,3.0
3.7378482879499697,-0.20703189831979088,3.0,384.0812551241319,4.524670547724306,0.942000000000001,0.022925989728558124,0.9420000000000007,0.0,0.022917651,3.0
3.738156857077228,-0.2046354392219528,3.0,384.39459297800266,4.523965936918838,0.9430000000000007,0.022925989456767958,0.9430000000000007,0.0,0.022917651,3.0
3.7384654682566625,-0.202236538123123,3.0,384.7117743255187,4.523259052411955,0.9440000000000007,0.022925989184558956,0.9440000000000007,0.0,0.022917651,3.0
3.738774122028817,-0.19983516363365803,3.0,385.0328485712039,4.522549864977349,0.9450000000000008,0.02292598891192573,0.9450000000000007,0.0,0.022917651,3.0
3.7390828117187382,-0.19743003744755538,3.0,385.3583696291459,4.521837072924542,0.9460000000000008,0.02292598863657016,0.9460000000000007,0.0,0.022917651,3.0
3.7393915395766597,-0.19502219897715495,3.0,385.6879677571236,4.521121721823186,0.9470000000000007,0.022925988360432012,0.9470000000000007,0.0,0.022917651,3.0
3.739700306844847,-0.1926117945391495,3.0,386.02162327507824,4.520403962484211,0.9480000000000007,0.022925988083833154,0.9480000000000007,0.0,0.022917651,3.0
3.740009114035976,-0.1901987907537099,3.0,386.35938896426234,4.5196837635796445,0.9490000000000008,0.022925987806767596,0.9490000000000007,0.0,0.022917651,3.0
3.7403180067041957,-0.18778197548270192,3.0,386.70181943563085,4.51896009699061,0.9500000000000007,0.02292598763683097,0.9500000000000007,0.0,0.022917651,3.0
3.7406269442264444,-0.1853624471791691,3.0,387.0484965014188,4.51823389687746,0.9510000000000007,0.022925987467012184,0.9510000000000007,0.0,0.022917651,3.0
3.74093592548986,-0.18294021573514344,3.0,387.3994568776552,4.517505168610911,0.9520000000000008,0.022925987293078216,0.9520000000000007,0.0,0.022917651,3.0
3.741244971123678,-0.18051495295901476,3.0,387.754865152874,4.516773665875931,0.9530000000000007,0.02292598711828649,0.9530000000000007,0.0,0.022917651,3.0
3.741554147497751,-0.17808566449162824,3.0,388.11513757570077,4.5160386576776785,0.9540000000000007,0.022925986953162614,0.9540000000000007,0.0,0.022917651,3.0
3.741863369902123,-0.17565355844614883,3.0,388.4798769005206,4.515301016006129,0.9550000000000008,0.022925986783360587,0.9550000000000007,0.0,0.022917651,3.0
3.742172638953668,-0.17321859706281986,3.0,388.8491429904947,4.514560705568803,0.9560000000000007,0.022925986608817724,0.9560000000000007,0.0,0.022917651,3.0
3.7424819653501613,-0.17077987230714237,3.0,389.22330646396034,4.51381685967142,0.9570000000000007,0.022925986362450065,0.9570000000000007,0.0,0.022917651,3.0
3.7427913472521888,-0.16833749628130243,3.0,389.60238075648437,4.513069583157123,0.9580000000000007,0.022925986059777727,0.9580000000000007,0.0,0.022917651,3.0
3.7431007768976983,-0.16589213651375143,3.0,389.9861787310078,4.512319513639199,0.9590000000000007,0.0229259857564498,0.9590000000000007,0.0,0.022917651,3.0
3.7434102373949156,-0.1634437195987324,3.0,390.3747764937162,4.511566510292396,0.9600000000000009,0.02292598545262941,0.9600000000000007,0.0,0.022917651,3.0
3.743719295034877,-0.16099137122196475,3.0,390.7685388087917,4.510807967959549,0.9610000000000007,0.02292598515276536,0.9610000000000007,0.0,0.022917651,3.0
3.7440284201332323,-0.15853590133845177,3.0,391.1672320139124,4.510046574065808,0.962000000000001,0.02292598485242905,0.9620000000000007,0.0,0.022917651,3.0
3.7443376136351443,-0.15607726621255907,3.0,391.57092519609967,4.509282288657764,0.9630000000000007,0.02292598455161386,0.9630000000000007,0.0,0.022917651,3.0
3.7446469297833516,-0.15361447189668279,3.0,391.9802073741347,4.508514333035403,0.9640000000000007,0.022925984249722624,0.9640000000000007,0.0,0.022917651,3.0
3.74495634013176,-0.1511478680148448,3.0,392.3949451193257,4.507742943613887,0.9650000000000006,0.02292598394696232,0.9650000000000007,0.0,0.022917651,3.0
3.7452658126256324,-0.14867796617096016,3.0,392.8149090536234,4.506968504758137,0.9660000000000007,0.022925983643665052,0.9660000000000007,0.0,0.022917651,3.0
3.745575301180823,-0.14620412968901667,3.0,393.2403510517505,4.506190196930571,0.9670000000000007,0.022925983338572556,0.9670000000000007,0.0,0.022917651,3.0
3.7458847706916623,-0.14372574791587098,3.0,393.6715241514653,4.505407270492511,0.9680000000000007,0.02292598303039242,0.9680000000000007,0.0,0.022917651,3.0
3.7461943180506645,-0.14124392098634886,3.0,394.1081634685256,4.504621210288807,0.9690000000000009,0.022925982721506023,0.9690000000000007,0.0,0.022917651,3.0
3.74650397007173,-0.13875832251006584,3.0,394.55045275239684,4.503831796071204,0.9700000000000008,0.022925982414859727,0.9700000000000008,0.0,0.022917651,3.0
3.7468138423404502,-0.1362676532337251,3.0,394.9989483206882,4.503038185978483,0.9710000000000008,0.022925982123304944,0.9710000000000008,0.0,0.022917651,3.0
3.7471237952693666,-0.13377336444821764,3.0,395.45316578698436,4.502241279060454,0.9720000000000008,0.022925981830398064,0.9720000000000008,0.0,0.022917651,3.0
3.7474338350963317,-0.13127531457449304,3.0,395.9132549694949,4.5014409596422,0.9730000000000008,0.022925981545979298,0.9730000000000008,0.0,0.022917651,3.0
3.7477440201682386,-0.12877247854174534,3.0,396.3800385924647,4.500636446620643,0.9740000000000008,0.022925981374720034,0.9740000000000008,0.0,0.022917651,3.0
3.7480542913974633,-0.12626588174321424,3.0,396.8528132243138,4.499828517509669,0.9750000000000008,0.022925981192923137,0.9750000000000008,0.0,0.022917651,3.0
3.7483646398456827,-0.12375530563211555,3.0,397.33174237482547,4.499016916630058,0.9760000000000009,0.022925980988181355,0.9760000000000008,0.0,0.022917651,3.0
3.7486749784431073,-0.12123928480654708,3.0,397.8175678897475,4.49819981841076,0.9770000000000008,0.022925980660325775,0.9770000000000008,0.0,0.022917651,3.0
3.7489854065767614,-0.11871932153034298,3.0,398.3096723005842,4.497379135943298,0.9780000000000008,0.02292598033179966,0.9780000000000008,0.0,0.022917651,3.0
3.7492959537349106,-0.11619488798488975,3.0,398.80831777311533,4.496554461809799,0.9790000000000008,0.02292598000162772,0.9790000000000008,0.0,0.022917651,3.0
3.749606700979543,-0.11366456011486178,3.0,399.3140932524603,4.495724703352644,0.9800000000000008,0.02292597966690666,0.9800000000000008,0.0,0.022917651,3.0
3.7499175390947035,-0.1111300922646711,3.0,399.8264510204801,4.494891168583342,0.9810000000000008,0.022925979331311987,0.9810000000000008,0.0,0.022917651,3.0
3.7502284498742298,-0.10859072719209861,3.0,400.3458566181718,4.494053023469204,0.9820000000000008,0.02292597899696949,0.9820000000000008,0.0,0.022917651,3.0
3.7505394242566936,-0.10604608329717703,3.0,400.87258832156743,4.4932098480355,0.9830000000000009,0.022925978665101474,0.9830000000000008,0.0,0.022917651,3.0
3.750850491474491,-0.10349710249181825,3.0,401.4062248000014,4.4923627067501775,0.9840000000000008,0.022925978332701005,0.9840000000000008,0.0,0.022917651,3.0
3.7511616282781564,-0.10094246834355547,3.0,401.94755731716623,4.491510194458293,0.9850000000000008,0.02292597799431368,0.9850000000000008,0.0,0.022917651,3.0
3.751472845958153,-0.09838281761504657,3.0,402.49632132256664,4.490652990904599,0.9860000000000009,0.02292597765263352,0.9860000000000008,0.0,0.022917651,3.0
3.7517841650924377,-0.09581849854050718,3.0,403.0523887688078,4.489791524764511,0.9870000000000008,0.022925977310384656,0.9870000000000008,0.0,0.022917651,3.0
3.7520957134153,-0.09324757413297631,3.0,403.61672298725847,4.488924369648393,0.9880000000000008,0.02292597697351327,0.9880000000000008,0.0,0.022917651,3.0
3.75240735529715,-0.09067196846382129,3.0,404.1885438787172,4.488052907592918,0.9890000000000008,0.02292597663605134,0.9890000000000008,0.0,0.022917651,3.0
3.752719125568245,-0.08809066954950637,3.0,404.7684470019006,4.4871762662645445,0.9900000000000009,0.022925976316852198,0.9900000000000008,0.0,0.022917651,3.0
3.753031029646692,-0.08550361002324669,3.0,405.35655887637444,4.486294399889736,0.9910000000000008,0.02292597600886218,0.9910000000000008,0.0,0.022917651,3.0
3.753343027834067,-0.0829115543565086,3.0,405.95258249487466,4.485407913492651,0.9920000000000008,0.022925975691573564,0.9920000000000008,0.0,0.022917651,3.0
3.753654763604102,-0.08031260132990227,3.0,406.5577102522072,4.484513469355265,0.9930000000000008,0.022925975363872215,0.9930000000000008,0.0,0.022917651,3.0
3.753966591605699,-0.07770855251101523,3.0,407.1709824701562,4.483614298044605,0.9940000000000008,0.022925975029640857,0.9940000000000008,0.0,0.022917651,3.0
3.7542783391142427,-0.07509815533852424,3.0,407.79325237628325,4.482708468157841,0.9950000000000008,0.022925974672630172,0.9950000000000008,0.0,0.022917651,3.0
3.754590061853664,-0.07248179258002545,3.0,408.42438130612345,4.48179658149191,0.9960000000000008,0.02292597430337114,0.9960000000000008,0.0,0.022917651,3.0
3.754901316865304,-0.06985972278749591,3.0,409.0644176745199,4.480877112340104,0.9970000000000009,0.02292597393550165,0.9970000000000008,0.0,0.022917651,3.0
3.7552111321462927,-0.06723122931556393,3.0,409.714091075814,4.479945446730932,0.9980000000000008,0.022925973573741463,0.9980000000000008,0.0,0.022917651,3.0
3.7555209643061382,-0.06459728319899355,3.0,410.3725652609495,4.479008395560646,0.9990000000000008,0.022925973211301125,0.9990000000000008,0.0,0.022917651,3.0
3.7558309493032973,-0.0619564580165541,3.0,411.0411066257928,4.478065088810982,1.0000000000000009,0.022925972839462756,1.0000000000000009,0.0,0.022917651,3.0
3.756074759945841,-0.0597804620439936,3.0,411.4362262954542,4.477278264957927,1.0010000000000008,0.022925972824944352,1.0010000000000008,0.0,0.022917651,3.0
3.756318576169007,-0.057602561655319046,3.0,411.83500755897177,4.476489558990257,1.002000000000001,0.022925972810363456,1.002000000000001,0.0,0.022917651,3.0
3.7565622371888265,-0.05542115860787173,3.0,412.23820525317,4.4756967304478685,1.0030000000000008,0.02292597279768747,1.0030000000000008,0.0,0.022917651,3.0
3.7568059067993524,-0.05323784307541314,3.0,412.6451427255688,4.474902023736744,1.004000000000001,0.022925972784888123,1.004000000000001,0.0,0.022917651,3.0
3.757049585084983,-0.05105259626854804,3.0,413.05585671798497,4.474105420404633,1.005000000000001,0.02292597277196421,1.0050000000000008,0.0,0.022917651,3.0
3.7572933067262158,-0.04886435314070158,3.0,413.4708819254056,4.473305988816891,1.006000000000001,0.02292597275834918,1.006000000000001,0.0,0.022917651,3.0
3.7575370618863833,-0.0466733947635444,3.0,413.890120952544,4.4725039722467805,1.0070000000000008,0.022925972744217857,1.0070000000000008,0.0,0.022917651,3.0
3.757780826184987,-0.044480441507637386,3.0,414.31326221705336,4.471699997304738,1.008000000000001,0.02292597272997257,1.008000000000001,0.0,0.022917651,3.0
3.7580245665091074,-0.04228518686070638,3.0,414.74055925719085,4.470893627674794,1.009000000000001,0.02292597271578698,1.0090000000000008,0.0,0.022917651,3.0
3.758268213944128,-0.040087011956231905,3.0,415.1725124991554,4.4700839743601914,1.0100000000000011,0.02292597270202011,1.010000000000001,0.0,0.022917651,3.0
3.7585118719905743,-0.03788678734003329,3.0,415.60850230290055,4.46927231367549,1.0110000000000008,0.022925972688124623,1.0110000000000008,0.0,0.022917651,3.0
3.7587555407548936,-0.0356844924506917,3.0,416.04856916067354,4.468458625484016,1.012000000000001,0.02292597267409922,1.012000000000001,0.0,0.022917651,3.0
3.7589992510231536,-0.03347863317938559,3.0,416.49365024259674,4.467641532444685,1.0130000000000008,0.02292597265970415,1.0130000000000008,0.0,0.022917651,3.0
3.7592429689937914,-0.031270628577644996,3.0,416.9429259057229,4.466822324935851,1.0140000000000011,0.02292597264537126,1.014000000000001,0.0,0.022917651,3.0
3.7594866940970944,-0.029060486211290325,3.0,417.39642091000144,4.466001008374573,1.0150000000000008,0.022925972631107877,1.0150000000000008,0.0,0.022917651,3.0
3.7597305014804165,-0.02684677732045138,3.0,417.8549498351138,4.465176451311912,1.016000000000001,0.022925972619690472,1.016000000000001,0.0,0.022917651,3.0
3.7599743325240405,-0.024630526915490773,3.0,418.3179984573162,4.464349446604755,1.0170000000000008,0.022925972608810876,1.0170000000000008,0.0,0.022917651,3.0
3.76021816780259,-0.022412071682984307,3.0,418.78541582763796,4.463520254062248,1.0180000000000011,0.022925972597731673,1.018000000000001,0.0,0.022917651,3.0
3.7604618931555422,-0.020190555437371693,3.0,419.2579142750996,4.462687569157737,1.019000000000001,0.02292597258228287,1.0190000000000008,0.0,0.022917651,3.0
3.760705574993876,-0.017966412698099093,3.0,419.7351800514039,4.461852087361261,1.020000000000001,0.02292597256485734,1.020000000000001,0.0,0.022917651,3.0
3.760949265082703,-0.015739992573908276,3.0,420.2169623371516,4.461014361108588,1.021000000000001,0.022925972547335312,1.0210000000000008,0.0,0.022917651,3.0
3.7611928931436482,-0.013510649833752157,3.0,420.7039818977879,4.46017345715514,1.022000000000001,0.022925972534243735,1.022000000000001,0.0,0.022917651,3.0
3.761436492306189,-0.011278648505868426,3.0,421.1959795321852,4.459329775311055,1.023000000000001,0.022925972523336998,1.0230000000000008,0.0,0.022917651,3.0
3.761680099776409,-0.009044291416638497,3.0,421.69264991888724,4.4584837708712515,1.024000000000001,0.022925972512199452,1.024000000000001,0.0,0.022917651,3.0
3.7619237987038754,-0.006806081018335681,3.0,422.19488085677716,4.457634283236325,1.0250000000000008,0.022925972496326066,1.0250000000000008,0.0,0.022917651,3.0
3.7621675382529283,-0.004564795032764904,3.0,422.7022937345624,4.45678188437626,1.026000000000001,0.022925972478248385,1.026000000000001,0.0,0.022917651,3.0
3.7624112789507107,-0.0023210899164741276,3.0,423.21455598119815,4.455927070834688,1.0270000000000008,0.022925972460063514,1.0270000000000008,0.0,0.022917651,3.0
3.7626550376931696,-7.352026459493373e-05,3.0,423.7326587027784,4.455068460376712,1.0280000000000011,0.022925972441596942,1.028000000000001,0.0,0.022917651,3.0
3.762898800832403,0.002176901562704934,3.0,424.255988811956,4.454207014435292,1.0290000000000008,0.022925972422977794,1.0290000000000008,0.0,0.022917651,3.0
3.763142563613978,0.004429815110103841,3.0,424.78434549359616,4.453343075704712,1.030000000000001,0.022925972404252558,1.030000000000001,0.0,0.022917651,3.0
3.763386152933626,0.006686421563061696,3.0,425.3187982923674,4.452474756876677,1.0310000000000006,0.022925972393191014,1.0310000000000008,0.0,0.022917651,3.0
3.7636297401578163,0.008945633318285056,3.0,425.85844649360996,4.45160382447798,1.032000000000001,0.02292597238246773,1.032000000000001,0.0,0.022917651,3.0
3.7638733211743935,0.011207677672776615,3.0,426.4035169819312,4.450730033766691,1.0330000000000008,0.022925972370527813,1.0330000000000008,0.0,0.022917651,3.0
3.7641168494900716,0.013473473694036012,3.0,426.9548401403633,4.449852277478302,1.034000000000001,0.022925972353187586,1.034000000000001,0.0,0.022917651,3.0
3.7643603789832176,0.015741909136611037,3.0,427.51149767695955,4.448971886534806,1.0350000000000008,0.02292597233572253,1.0350000000000008,0.0,0.022917651,3.0
3.7646039073073596,0.018013856813988136,3.0,428.07419167762026,4.448087979880382,1.036000000000001,0.022925972317316405,1.036000000000001,0.0,0.022917651,3.0
3.764847428487909,0.0202894505200974,3.0,428.64308060864795,4.4472003999209635,1.037000000000001,0.022925972297873017,1.0370000000000008,0.0,0.022917651,3.0
3.7650909430778263,0.02256776694753522,3.0,429.217503646773,4.446310070870689,1.038000000000001,0.022925972278312525,1.038000000000001,0.0,0.022917651,3.0
3.765334402008046,0.024850335666590173,3.0,429.79857228343934,4.445415264086407,1.0390000000000008,0.02292597225862789,1.0390000000000008,0.0,0.022917651,3.0
3.765577848209593,0.02713602363102999,3.0,430.3855485967026,4.444517286259978,1.040000000000001,0.022925972238822482,1.040000000000001,0.0,0.022917651,3.0
3.7658212986238095,0.029424877734173405,3.0,430.9785724460709,4.443616158421594,1.041000000000001,0.02292597222012013,1.0410000000000008,0.0,0.022917651,3.0
3.766064765804592,0.03171781794620142,3.0,431.57850648608934,4.442711010021503,1.0420000000000011,0.02292597220551653,1.042000000000001,0.0,0.022917651,3.0
3.766308229536219,0.03401363604864378,3.0,432.1843261306778,4.44180297016737,1.0430000000000008,0.02292597219064025,1.0430000000000008,0.0,0.022917651,3.0
3.7665516151817244,0.036313460894599844,3.0,432.797132269376,4.440890618447691,1.044000000000001,0.02292597217235673,1.044000000000001,0.0,0.022917651,3.0
3.766794957964432,0.03861674101790964,3.0,433.41646414260765,4.439974643444447,1.045000000000001,0.022925972152429336,1.0450000000000008,0.0,0.022917651,3.0
3.767038268344671,0.040923314935097856,3.0,434.04220092129856,4.439055243687478,1.0460000000000012,0.02292597213221088,1.046000000000001,0.0,0.022917651,3.0
3.76728146787046,0.04323426434127325,3.0,434.67538872179836,4.43813101875772,1.0470000000000008,0.022925972111252812,1.0470000000000008,0.0,0.022917651,3.0
3.7675246567983494,0.04554824657008129,3.0,435.3148476642593,4.437203718619886,1.048000000000001,0.02292597209016419,1.048000000000001,0.0,0.022917651,3.0
3.7677677931978626,0.047866261724775275,3.0,435.9618442855121,4.436272170808778,1.0490000000000008,0.022925972076276308,1.0490000000000008,0.0,0.022917651,3.0
3.7680109058274227,0.05018768985734686,3.0,436.6156707061542,4.435337113416727,1.0500000000000012,0.022925972064797184,1.050000000000001,0.0,0.022917651,3.0
3.7682539563066966,0.05251295180230429,3.0,437.27657740457624,4.434397977165334,1.0510000000000008,0.02292597205030474,1.0510000000000008,0.0,0.022917651,3.0
3.768496903282825,0.05484263687341981,3.0,437.9450957460541,4.433454010175192,1.052000000000001,0.022925972030332326,1.052000000000001,0.0,0.022917651,3.0
3.768739834384264,0.05717557471960201,3.0,438.6203289735945,4.432506727021254,1.053000000000001,0.02292597201013993,1.0530000000000008,0.0,0.022917651,3.0
3.768982498100708,0.059514154252769125,3.0,439.30413736218213,4.431552729428427,1.054000000000001,0.022925971988235417,1.054000000000001,0.0,0.022917651,3.0
3.769225134769726,0.06185601643019038,3.0,439.9948106254087,4.430595340529474,1.0550000000000006,0.02292597196618955,1.0550000000000008,0.0,0.022917651,3.0
3.769466895642443,0.06420244102777453,3.0,440.69401639260775,4.42962988949912,1.056000000000001,0.022925971943994206,1.056000000000001,0.0,0.022917651,3.0
3.7697082575387926,0.06655269030893843,3.0,441.4008831701676,4.428659019548703,1.0570000000000008,0.022925971921651706,1.0570000000000008,0.0,0.022917651,3.0
3.7699494519120074,0.0689070260255927,3.0,442.11574331831224,4.4276833892591725,1.058000000000001,0.022925971899164586,1.058000000000001,0.0,0.022917651,3.0
3.7701904631169096,0.07126558570268145,3.0,442.83882270217384,4.42670279785365,1.0590000000000008,0.022925971876531302,1.0590000000000008,0.0,0.022917651,3.0
3.770431349610899,0.07362799619238787,3.0,443.56967608508836,4.425717856468131,1.060000000000001,0.022925971853937827,1.060000000000001,0.0,0.022917651,3.0
3.7706720345960134,0.07599507666241852,3.0,444.30928323239885,4.424727437556306,1.061000000000001,0.022925971831733845,1.0610000000000008,0.0,0.022917651,3.0
3.7709126049017265,0.07836584119528997,3.0,445.0565760800815,4.423732876377667,1.062000000000001,0.022925971809398624,1.062000000000001,0.0,0.022917651,3.0
3.7711527561188274,0.08074171420733602,3.0,445.8133529654322,4.422731540376001,1.0630000000000006,0.022925971787489143,1.0630000000000008,0.0,0.022917651,3.0
3.771392814726362,0.08312120748021257,3.0,446.5778641997662,4.421726213958169,1.064000000000001,0.022925971765358634,1.064000000000001,0.0,0.022917651,3.0
3.771631835258132,0.08550598893940081,3.0,447.3517127899103,4.420711439329314,1.0650000000000008,0.022925971746118094,1.0650000000000008,0.0,0.022917651,3.0
3.7718707490369137,0.08789456367794864,3.0,448.13359868918474,4.419692444058016,1.0660000000000012,0.022925971726958098,1.066000000000001,0.0,0.022917651,3.0
3.7721096727358554,0.09028839955962407,3.0,448.92512984208764,4.418668235258347,1.0670000000000008,0.02292597170937989,1.0670000000000008,0.0,0.022917651,3.0
3.7723485532389076,0.09268633653773703,3.0,449.72512658507486,4.417639753786782,1.0680000000000007,0.02292597169207814,1.068000000000001,0.0,0.022917651,3.0
3.772587077150389,0.09508962619474946,3.0,450.5351498609303,4.41660447955018,1.0690000000000008,0.02292597166939443,1.0690000000000008,0.0,0.022917651,3.0
3.772825462138782,0.09749722465007744,3.0,451.354054703399,4.415564337127162,1.070000000000001,0.0229259716450848,1.070000000000001,0.0,0.022917651,3.0
3.7730635392819147,0.09991036644405193,3.0,452.1831838418182,4.414517434436645,1.0710000000000006,0.022925971620576528,1.0710000000000008,0.0,0.022917651,3.0
3.773301475758253,0.10232799795697183,3.0,453.02148983801527,4.413465483792061,1.072000000000001,0.022925971595885754,1.072000000000001,0.0,0.022917651,3.0
3.773539375203811,0.10475088969792697,3.0,453.8703502161308,4.412408118653764,1.0730000000000008,0.022925971571014184,1.0730000000000008,0.0,0.022917651,3.0
3.773777222416629,0.10717821391961808,3.0,454.72862213077184,4.411346110598404,1.0740000000000012,0.022925971545962796,1.074000000000001,0.0,0.022917651,3.0
3.7740148925696353,0.10961055911613084,3.0,455.59804110066943,4.410278364864234,1.0750000000000008,0.022925971521125566,1.0750000000000008,0.0,0.022917651,3.0
3.7742524716293717,0.1120472392723914,3.0,456.47706131448393,4.409205917607066,1.0760000000000007,0.022925971496158944,1.076000000000001,0.0,0.022917651,3.0
3.7744896958408782,0.11449058377419964,3.0,457.3674349179518,4.408125396551221,1.0770000000000008,0.0229259714714419,1.0770000000000008,0.0,0.022917651,3.0
3.7747268107940593,0.1169385073913223,3.0,458.26748390487006,4.407039860440028,1.078000000000001,0.022925971446513316,1.078000000000001,0.0,0.022917651,3.0
3.7749636967337468,0.11939308892190831,3.0,459.17951068113814,4.405946750994162,1.0790000000000008,0.02292597142132563,1.0790000000000008,0.0,0.022917651,3.0
3.775200499105205,0.12185238432889763,3.0,460.1016692514432,4.404848592821503,1.080000000000001,0.02292597139586334,1.080000000000001,0.0,0.022917651,3.0
3.7754371941671985,0.12431772110375121,3.0,461.03588603873015,4.403743961182813,1.0810000000000008,0.022925971370111833,1.0810000000000008,0.0,0.022917651,3.0
3.775673803333135,0.12678804567294655,3.0,461.9810559715851,4.402633999469444,1.082000000000001,0.022925971345348174,1.082000000000001,0.0,0.022917651,3.0
3.775910321738672,0.12926382840957473,3.0,462.9381912610162,4.401518219090779,1.083000000000001,0.022925971322826148,1.0830000000000009,0.0,0.022917651,3.0
3.7761464785606424,0.13174543653681955,3.0,463.90713870266285,4.400395171584974,1.084000000000001,0.02292597130240137,1.084000000000001,0.0,0.022917651,3.0
3.7763823230840465,0.13423266642621426,3.0,464.88773510753094,4.399265256634027,1.0850000000000009,0.022925971283719093,1.0850000000000009,0.0,0.022917651,3.0
3.7766177758510535,0.13672647513280908,3.0,465.88114723036404,4.398127185128225,1.086000000000001,0.022925971258094858,1.086000000000001,0.0,0.022917651,3.0
3.776853052926687,0.13922561811996642,3.0,466.88606403982976,4.396983074006178,1.0870000000000006,0.022925971230544972,1.0870000000000009,0.0,0.022917651,3.0
3.777088229757034,0.14173098454506333,3.0,467.9046216159595,4.395832340445533,1.0880000000000012,0.022925971203103114,1.088000000000001,0.0,0.022917651,3.0
3.777323205256259,0.14424196137925846,3.0,468.93541200195364,4.394675192336955,1.0890000000000009,0.022925971175149294,1.0890000000000009,0.0,0.022917651,3.0
3.7775578932859903,0.14675913939230426,3.0,469.97946706583093,4.393510695016927,1.090000000000001,0.022925971146581025,1.090000000000001,0.0,0.022917651,3.0
3.7777922946998355,0.14928294815419493,3.0,471.037083602161,4.392338420773656,1.091000000000001,0.02292597111804178,1.0910000000000009,0.0,0.022917651,3.0
3.7780264939666957,0.15181260030522944,3.0,472.1073805813038,4.3911594945274866,1.0920000000000012,0.022925971089376523,1.092000000000001,0.0,0.022917651,3.0
3.7782603866125894,0.1543492766202533,3.0,473.1925017842763,4.389972315057418,1.093000000000001,0.022925971060561084,1.0930000000000009,0.0,0.022917651,3.0
3.778493899649993,0.15689176516403866,3.0,474.29098704441924,4.38877780568084,1.094000000000001,0.022925971031587788,1.094000000000001,0.0,0.022917651,3.0
3.778726921227566,0.15944038530704904,3.0,475.4035832019624,4.38757519975346,1.095000000000001,0.022925971002437425,1.0950000000000009,0.0,0.022917651,3.0
3.778959788975293,0.16199614041555643,3.0,476.5312360587543,4.386364828895939,1.096000000000001,0.022925970972576776,1.096000000000001,0.0,0.022917651,3.0
3.7791924374823687,0.16455799458331957,3.0,477.67286412939166,4.385147486438498,1.0970000000000009,0.022925970942542638,1.0970000000000009,0.0,0.022917651,3.0
3.77942471380701,0.1671263601051784,3.0,478.82985836903396,4.383922168707441,1.098000000000001,0.02292597091245338,1.098000000000001,0.0,0.022917651,3.0
3.77965651834772,0.16970131396284005,3.0,480.002297198877,4.382688360520382,1.099000000000001,0.02292597089447844,1.0990000000000009,0.0,0.022917651,3.0
3.779887984489516,0.17228269110790778,3.0,481.18957846406886,4.381446769191224,1.1000000000000012,0.022925970878993084,1.100000000000001,0.0,0.022917651,3.0
3.780027475028221,0.174452901828272,3.0,481.8780362529887,4.380212407550712,1.1010000000000009,0.022925970853699754,1.1010000000000009,0.0,0.022917651,3.0
3.780168066578306,0.17662424888251624,3.0,482.56216180588456,4.3789813139878,1.102000000000001,0.02292597082550849,1.102000000000001,0.0,0.022917651,3.0
3.7803097928409928,0.178796289705677,3.0,483.24137022598586,4.3777540654040425,1.103000000000001,0.022925970797444722,1.1030000000000009,0.0,0.022917651,3.0
3.780452644298235,0.18096901847837485,3.0,483.915702758534,4.376530629547494,1.1040000000000014,0.022925970769507375,1.104000000000001,0.0,0.022917651,3.0
3.780596611538141,0.18314242944613138,3.0,484.5852001887656,4.375310974525915,1.105000000000001,0.022925970741695396,1.1050000000000009,0.0,0.022917651,3.0
3.780741685253497,0.18531651691847092,3.0,485.24990284830875,4.374095068801764,1.1060000000000008,0.022925970714007732,1.106000000000001,0.0,0.022917651,3.0
3.7808866281107325,0.18748747177243094,3.0,485.912462746307,4.372881767430625,1.1070000000000009,0.022925970690349438,1.1070000000000009,0.0,0.022917651,3.0
3.7810321336020905,0.18965720906319172,3.0,486.57120450639536,4.371671933473238,1.108000000000001,0.02292597066732415,1.108000000000001,0.0,0.022917651,3.0
3.7811783702329684,0.1918262452683154,3.0,487.2257653848143,4.370465725242761,1.1090000000000009,0.022925970644298868,1.1090000000000009,0.0,0.022917651,3.0
3.7813253347957465,0.19399458346357337,3.0,487.87616372373486,4.369263126832573,1.1100000000000012,0.022925970621273585,1.110000000000001,0.0,0.022917651,3.0
3.7814730241015373,0.19616222670676958,3.0,488.5224177581913,4.368064122428961,1.1110000000000009,0.022925970598248302,1.1110000000000009,0.0,0.022917651,3.0
3.7816215258712815,0.1983302265001404,3.0,489.16442831649624,4.366868013326552,1.112000000000001,0.02292597057522302,1.112000000000001,0.0,0.022917651,3.0
3.781771094402331,0.20050147524160225,3.0,489.8018126025857,4.365672928717076,1.1130000000000009,0.022925970552197736,1.1130000000000009,0.0,0.022917651,3.0
3.781921446962928,0.2026727163879006,3.0,490.4349124324851,4.364480987725636,1.114000000000001,0.022925970529172453,1.114000000000001,0.0,0.022917651,3.0
3.782072578327882,0.20484394998965275,3.0,491.0637563600966,4.3632921694014835,1.115000000000001,0.022925970506147166,1.1150000000000009,0.0,0.022917651,3.0
3.7822244833183296,0.20701517609702907,3.0,491.6883726861543,4.362106452979627,1.116000000000001,0.022925970483121883,1.116000000000001,0.0,0.022917651,3.0
3.782377156801223,0.20918639475975417,3.0,492.3087894610228,4.3609238178787795,1.1170000000000009,0.022925970460096597,1.1170000000000009,0.0,0.022917651,3.0
3.7825309756684606,0.21135679764985307,3.0,492.9254540569359,4.359746578375259,1.118000000000001,0.022925970437071314,1.118000000000001,0.0,0.022917651,3.0
3.782686162237251,0.21352586074609506,3.0,493.53857098914955,4.3585761471905675,1.119000000000001,0.02292597041404603,1.1190000000000009,0.0,0.022917651,3.0
3.7828422008867832,0.2156946473620092,3.0,494.147576883409,4.357409400854571,1.1200000000000012,0.02292597039102075,1.120000000000001,0.0,0.022917651,3.0
3.782999086065558,0.2178631592989264,3.0,494.7524985240569,4.35624631535965,1.121000000000001,0.022925970367995468,1.1210000000000009,0.0,0.022917651,3.0
3.7831568122701977,0.22003139834256552,3.0,495.35336246326597,4.35508686690628,1.122000000000001,0.02292597034497018,1.122000000000001,0.0,0.022917651,3.0
3.7833153740449257,0.22219936626319783,3.0,495.95019502354825,4.353931031900792,1.123000000000001,0.022925970321944898,1.1230000000000009,0.0,0.022917651,3.0
3.783474522636685,0.2243667951179369,3.0,496.5439763531331,4.352778082994915,1.1240000000000012,0.022925970298919615,1.124000000000001,0.0,0.022917651,3.0
3.7836341595890106,0.22653354826213581,3.0,497.1350822152752,4.351627762873836,1.1250000000000009,0.022925970275894336,1.1250000000000009,0.0,0.022917651,3.0
3.783794586258303,0.22869995374149335,3.0,497.7223301107507,4.350480949258038,1.126000000000001,0.02292597025286905,1.126000000000001,0.0,0.022917651,3.0
3.783955797555321,0.23086601379649435,3.0,498.3057449017788,4.349337619550251,1.127000000000001,0.022925970229843766,1.127000000000001,0.0,0.022917651,3.0
3.7841177884344606,0.2330317306484154,3.0,498.885351237408,4.348197751346961,1.128000000000001,0.022925970206818476,1.128000000000001,0.0,0.022917651,3.0
3.784280553893287,0.23519710649952655,3.0,499.4611735557951,4.34706132243633,1.129000000000001,0.022925970183793196,1.129000000000001,0.0,0.022917651,3.0
3.7844439992462213,0.23736215298962965,3.0,500.0339037903336,4.345927942380997,1.130000000000001,0.02292597016076791,1.130000000000001,0.0,0.022917651,3.0
3.784607980504854,0.23952686441713067,3.0,500.60457857527257,4.344797040862144,1.131000000000001,0.022925970137742627,1.131000000000001,0.0,0.022917651,3.0
3.7847727051481552,0.24169120838068353,3.0,501.1716292675207,4.343669480338587,1.132000000000001,0.022925970114717344,1.132000000000001,0.0,0.022917651,3.0
3.784938168377225,0.24385518725244074,3.0,501.7350792623095,4.342545239242622,1.1330000000000007,0.02292597009169206,1.133000000000001,0.0,0.022917651,3.0
3.785104365434381,0.24601880338418286,3.0,502.29495175393373,4.341424296191787,1.134000000000001,0.022925970068666778,1.134000000000001,0.0,0.022917651,3.0
3.7852712916027165,0.24818205910753277,3.0,502.85126973790295,4.340306629986875,1.135000000000001,0.022925970045641494,1.135000000000001,0.0,0.022917651,3.0
3.785438942205662,0.25034495673417495,3.0,503.40405601306753,4.339192219609977,1.136000000000001,0.022925970022616208,1.136000000000001,0.0,0.022917651,3.0
3.785606092730701,0.2525108307576145,3.0,503.9537931830922,4.3380728340553905,1.137000000000001,0.02292596999959093,1.137000000000001,0.0,0.022917651,3.0
3.7857738382515085,0.25467663250247274,3.0,504.50010308975675,4.336955900892517,1.138000000000001,0.022925969976565642,1.138000000000001,0.0,0.022917651,3.0
3.785942223091719,0.25684222808972823,3.0,505.0429937447265,4.335841731232027,1.1390000000000011,0.022925969953540362,1.139000000000001,0.0,0.022917651,3.0
3.7861112423745547,0.2590076190919681,3.0,505.58249123032294,4.334730303993707,1.140000000000001,0.022925969930515072,1.140000000000001,0.0,0.022917651,3.0
3.78628089127271,0.2611728070658241,3.0,506.1186213642623,4.333621598311203,1.141000000000001,0.022925969907489793,1.141000000000001,0.0,0.022917651,3.0
3.7864511650077324,0.26333779355217757,3.0,506.651409703004,4.332515593529314,1.142000000000001,0.022925969884464506,1.142000000000001,0.0,0.022917651,3.0
3.786621569707554,0.26550213276549434,3.0,507.1812528303599,4.331410759223066,1.143000000000001,0.022925969861439223,1.143000000000001,0.0,0.022917651,3.0
3.786791442239729,0.26766520318675463,3.0,507.70863429015935,4.330305063386589,1.144000000000001,0.02292596983841394,1.144000000000001,0.0,0.022917651,3.0
3.7869618693084663,0.26982799303400945,3.0,508.2327275668038,4.329201866216018,1.145000000000001,0.022925969815388657,1.145000000000001,0.0,0.022917651,3.0
3.7871328470788574,0.27199050424757437,3.0,508.7535553997861,4.328101150431778,1.146000000000001,0.022925969792363374,1.146000000000001,0.0,0.022917651,3.0
3.787304371751273,0.2741527387499135,3.0,509.27114031940715,4.327002898913261,1.147000000000001,0.022925969769338087,1.147000000000001,0.0,0.022917651,3.0
3.7874764395609595,0.27631469844584766,3.0,509.7855046491767,4.3259070946969995,1.148000000000001,0.022925969746312804,1.148000000000001,0.0,0.022917651,3.0
3.787649046777637,0.2784763852227525,3.0,510.2966705081797,4.324813720974866,1.1490000000000007,0.02292596972328752,1.149000000000001,0.0,0.022917651,3.0
3.7878227369357873,0.280634888966905,3.0,510.80610428524557,4.323727863150513,1.150000000000001,0.022925969700262238,1.150000000000001,0.0,0.022917651,3.0
3.787997575513816,0.2827898534987497,3.0,511.3139482216609,4.322650139431586,1.151000000000001,0.022925969677236955,1.151000000000001,0.0,0.022917651,3.0
3.78817298870569,0.28494431939672726,3.0,511.8186954102812,4.321575212804668,1.152000000000001,0.02292596965421167,1.152000000000001,0.0,0.022917651,3.0
3.7883489729490907,0.28709828975211715,3.0,512.3203650493922,4.32050306592919,1.153000000000001,0.022925969631186385,1.153000000000001,0.0,0.022917651,3.0
3.7885255247110865,0.28925176763070076,3.0,512.8189761789146,4.319433681607624,1.154000000000001,0.022925969608161102,1.154000000000001,0.0,0.022917651,3.0
3.7887026404878266,0.29140475607302035,3.0,513.3145476820321,4.3183670427840095,1.1550000000000011,0.02292596958513582,1.155000000000001,0.0,0.022917651,3.0
3.7888803168042458,0.2935572580946417,3.0,513.8070982868027,4.317303132542503,1.156000000000001,0.022925969562110536,1.156000000000001,0.0,0.022917651,3.0
3.78905823086521,0.295708464793825,3.0,514.2982933678159,4.316241467595671,1.157000000000001,0.022925969538519553,1.157000000000001,0.0,0.022917651,3.0
3.7892363961963333,0.29785839407131726,3.0,514.788056765459,4.315182084266663,1.1580000000000013,0.02292596951445234,1.158000000000001,0.0,0.022917651,3.0
3.7894150986806476,0.3000077753447851,3.0,515.2749128052801,4.314125397604147,1.1590000000000011,0.022925969490439436,1.159000000000001,0.0,0.022917651,3.0
3.7895943351383496,0.30215661185826637,3.0,515.7588786980588,4.313071391644578,1.1600000000000013,0.022925969466480532,1.160000000000001,0.0,0.022917651,3.0
3.789774102414685,0.3043049068302425,3.0,516.2399715189975,4.312020050550168,1.1610000000000011,0.022925969442575304,1.161000000000001,0.0,0.022917651,3.0
3.7899543973797014,0.30645266345389327,3.0,516.7182082090546,4.310971358607639,1.162000000000001,0.02292596941872343,1.162000000000001,0.0,0.022917651,3.0
3.7901352169280083,0.3085998848973412,3.0,517.1936055762609,4.30992530022701,1.1630000000000011,0.022925969394924594,1.163000000000001,0.0,0.022917651,3.0
3.790316510170078,0.31075211660359614,3.0,517.6665193424041,4.308876126871799,1.164000000000001,0.02292596937133771,1.164000000000001,0.0,0.022917651,3.0
3.7904982212088107,0.3129135016078913,3.0,518.1373119862222,4.307819472234358,1.165000000000001,0.022925969348056505,1.165000000000001,0.0,0.022917651,3.0
3.7906804184848606,0.3150747582367715,3.0,518.6054785514452,4.306764890957526,1.166000000000001,0.022925969324802654,1.166000000000001,0.0,0.022917651,3.0
3.7908630980688627,0.31723588752765913,3.0,519.0710402598504,4.305712366286135,1.167000000000001,0.022925969301575935,1.167000000000001,0.0,0.022917651,3.0
3.7910462560736775,0.31939689050683007,3.0,519.5340181051677,4.304661881645062,1.1680000000000013,0.022925969278376132,1.168000000000001,0.0,0.022917651,3.0
3.791229888653824,0.3215577681895595,3.0,519.9944328561332,4.303613420636823,1.169000000000001,0.02292596925520303,1.169000000000001,0.0,0.022917651,3.0
3.7914139920049235,0.3237185215802728,3.0,520.4523050594975,4.3025669670392,1.170000000000001,0.022925969232056406,1.170000000000001,0.0,0.022917651,3.0
3.791598562363153,0.3258791516726865,3.0,520.9076550429807,4.301522504802903,1.1710000000000012,0.022925969208936057,1.171000000000001,0.0,0.022917651,3.0
3.791781386829287,0.32803379876390687,3.0,521.3612907229865,4.300477041220725,1.172000000000001,0.02292596918601533,1.172000000000001,0.0,0.022917651,3.0
3.7919625224997744,0.33018258503707515,3.0,521.8131352191755,4.299430682490231,1.173000000000001,0.02292596916326471,1.173000000000001,0.0,0.022917651,3.0
3.792144031470795,0.33233097780614745,3.0,522.2624458242356,4.2983862104334225,1.174000000000001,0.022925969140514098,1.174000000000001,0.0,0.022917651,3.0
3.7923259112150793,0.33447897973517215,3.0,522.7092396927803,4.297343612277396,1.175000000000001,0.02292596911776348,1.175000000000001,0.0,0.022917651,3.0
3.792508159228119,0.33662659346420587,3.0,523.153533824922,4.296302875364279,1.176000000000001,0.02292596909501286,1.176000000000001,0.0,0.022917651,3.0
3.7926907730279122,0.33877382160957925,3.0,523.5953450680058,4.295263987149949,1.1770000000000012,0.022925969072262242,1.177000000000001,0.0,0.022917651,3.0
3.7928737501547105,0.34092066676416677,3.0,524.0346901183235,4.294226935202752,1.178000000000001,0.022925969049511625,1.178000000000001,0.0,0.022917651,3.0
3.7930570881707713,0.3430671314976451,3.0,524.4715855228009,4.293191707202251,1.1790000000000012,0.022925969026761008,1.179000000000001,0.0,0.022917651,3.0
3.7932421604888926,0.3452079573245103,3.0,524.9057050081194,4.29216905610688,1.180000000000001,0.02292596900401039,1.180000000000001,0.0,0.022917651,3.0
3.793428531506901,0.3473448236923618,3.0,525.33709530777,4.291155559809442,1.181000000000001,0.022925968981259773,1.181000000000001,0.0,0.022917651,3.0
3.7936153168012434,0.3494811117379154,3.0,525.7659716083961,4.290144298954124,1.182000000000001,0.02292596895850916,1.182000000000001,0.0,0.022917651,3.0
3.7938025140452813,0.3516168247091142,3.0,526.1923480289902,4.289135260986349,1.183000000000001,0.022925968935758545,1.183000000000001,0.0,0.022917651,3.0
3.793990120929767,0.35375196582962737,3.0,526.6162385830164,4.288128433445377,1.184000000000001,0.022925968913007924,1.184000000000001,0.0,0.022917651,3.0
3.7941781351626807,0.35588653829907274,3.0,527.0376571793947,4.28712380396343,1.185000000000001,0.022925968890257307,1.185000000000001,0.0,0.022917651,3.0
3.79436655446907,0.3580205452932446,3.0,527.4566176234741,4.286121360264825,1.1860000000000008,0.022925968867506693,1.186000000000001,0.0,0.022917651,3.0
3.79455537659089,0.36015398996433096,3.0,527.8731336179948,4.285121090165114,1.1870000000000012,0.022925968844756076,1.187000000000001,0.0,0.022917651,3.0
3.794744579396004,0.3622927152593541,3.0,528.2899317541537,4.284117061183581,1.188000000000001,0.022925968822005458,1.188000000000001,0.0,0.022917651,3.0
3.794934161334252,0.36443368777615837,3.0,528.705663455404,4.283112301041738,1.189000000000001,0.02292596879925484,1.189000000000001,0.0,0.022917651,3.0
3.7951241271598124,0.3665742684840925,3.0,529.1191250463182,4.282109468241212,1.190000000000001,0.022925968776504223,1.190000000000001,0.0,0.022917651,3.0
3.7953144744195173,0.36871445988694534,3.0,529.5303310336601,4.281108550465646,1.191000000000001,0.022925968753753606,1.191000000000001,0.0,0.022917651,3.0
3.795505200681056,0.3708542644672192,3.0,529.9392958008517,4.280109535503405,1.1920000000000013,0.02292596873100299,1.192000000000001,0.0,0.022917651,3.0
3.795696303532755,0.3729936846863524,3.0,530.3460336092814,4.279112411246458,1.1930000000000012,0.02292596870825237,1.193000000000001,0.0,0.022917651,3.0
3.795887780583357,0.3751327229849457,3.0,530.7505585995967,4.2781171656892845,1.194000000000001,0.022925968685501754,1.194000000000001,0.0,0.022917651,3.0
3.7960796294618095,0.37727138178297875,3.0,531.1528847929776,4.277123786927795,1.1950000000000012,0.022925968662751137,1.195000000000001,0.0,0.022917651,3.0
3.7962709996351074,0.379409783522079,3.0,531.553655725993,4.276128750976535,1.196000000000001,0.022925968640000523,1.196000000000001,0.0,0.022917651,3.0
3.7964597502321036,0.3815482271081318,3.0,531.9544758393711,4.2751231968876295,1.197000000000001,0.022925968617249905,1.197000000000001,0.0,0.022917651,3.0
3.796648802159201,0.38368629738244636,3.0,532.3531910600647,4.2741192213933825,1.198000000000001,0.022925968594499288,1.198000000000001,0.0,0.022917651,3.0
3.7968381534618425,0.385823996766484,3.0,532.7498150413235,4.273116814254344,1.199000000000001,0.022925968571748667,1.199000000000001,0.0,0.022917651,3.0
3.7970278022023365,0.3879613276608107,3.0,533.1443613185705,4.272115965319427,1.200000000000001,0.022925968548998053,1.200000000000001,0.0,0.022917651,3.0
3.797126767032385,0.38982740968744983,3.0,533.6675005690176,4.270993362771019,1.201000000000001,0.0229259685298181,1.201000000000001,0.0,0.022917651,3.0
3.7972253158903384,0.3916935759489761,3.0,534.1919086792868,4.269869012101365,1.202000000000001,0.02292596851063815,1.202000000000001,0.0,0.022917651,3.0
3.7973234448389865,0.39355982724267885,3.0,534.7175976592443,4.26874289676435,1.203000000000001,0.022925968491458202,1.203000000000001,0.0,0.022917651,3.0
3.797421149891271,0.3954261643759432,3.0,535.2445796708014,4.267615000004383,1.2040000000000013,0.02292596847227825,1.204000000000001,0.0,0.022917651,3.0
3.7975184270094986,0.39729258816640634,3.0,535.7728670303288,4.266485304853073,1.2050000000000012,0.022925968453098296,1.205000000000001,0.0,0.022917651,3.0
3.7976152721045335,0.3991590994421243,3.0,536.3024722111171,4.265353794125839,1.206000000000001,0.022925968433918347,1.206000000000001,0.0,0.022917651,3.0
3.7977100223973306,0.40102886940217114,3.0,536.8349311938148,4.264210647123126,1.207000000000001,0.0229259684147384,1.207000000000001,0.0,0.022917651,3.0
3.797804541034448,0.4028997249911505,3.0,537.3686810312306,4.26306548791366,1.2080000000000013,0.022925968395558455,1.208000000000001,0.0,0.022917651,3.0
3.797898911347762,0.4047715462168843,3.0,537.9036600833051,4.261918769739704,1.2090000000000012,0.0229259683763785,1.209000000000001,0.0,0.022917651,3.0
3.797993131723645,0.40664434358462687,3.0,538.4398817227808,4.260770475641137,1.2100000000000013,0.02292596835719855,1.210000000000001,0.0,0.022917651,3.0
3.798087200524977,0.40851812775256896,3.0,538.9773595170838,4.259620588410929,1.211000000000001,0.022925968338018597,1.211000000000001,0.0,0.022917651,3.0
3.7981811160907166,0.4103929095346343,3.0,539.5161072318795,4.258469090590626,1.2120000000000013,0.022925968318838648,1.212000000000001,0.0,0.022917651,3.0
3.798274876735465,0.4122686999033313,3.0,540.0561388347069,4.257315964465751,1.213000000000001,0.0229259682996587,1.213000000000001,0.0,0.022917651,3.0
3.798368480749013,0.41414550999267397,3.0,540.5974684986932,4.256161192061086,1.2140000000000013,0.022925968280478746,1.214000000000001,0.0,0.022917651,3.0
3.7984619263958885,0.41602335110116084,3.0,541.140110606349,4.2550047551358565,1.2150000000000007,0.022925968261298793,1.215000000000001,0.0,0.022917651,3.0
3.798555211914885,0.4179022346948278,3.0,541.6840797534509,4.253846635178819,1.2160000000000013,0.022925968242118847,1.216000000000001,0.0,0.022917651,3.0
3.798648335518583,0.41978217241036037,3.0,542.2293907530076,4.252686813403216,1.2170000000000007,0.022925968222938898,1.217000000000001,0.0,0.022917651,3.0
3.79874054156395,0.42166119363288446,3.0,542.7776129463264,4.251524237687366,1.2180000000000013,0.022925968203758945,1.218000000000001,0.0,0.022917651,3.0
3.798830483725928,0.42353523026182294,3.0,543.3312739515071,4.250357590625041,1.219000000000001,0.022925968184578996,1.219000000000001,0.0,0.022917651,3.0
3.798919961991235,0.4254087193227849,3.0,543.8865232862956,4.249189635578115,1.2200000000000013,0.022925968165399047,1.220000000000001,0.0,0.022917651,3.0
3.7990089731728682,0.42728165705394144,3.0,544.4433718626191,4.248020363560652,1.2210000000000008,0.022925968146219097,1.221000000000001,0.0,0.022917651,3.0
3.7990975140545693,0.42915403965892834,3.0,545.001830692589,4.2468497655042095,1.2220000000000013,0.022925968127039145,1.222000000000001,0.0,0.022917651,3.0
3.7991855813904793,0.4310258633064443,3.0,545.5619108896524,4.2456778322568995,1.223000000000001,0.022925968107859195,1.223000000000001,0.0,0.022917651,3.0
3.7992731719048036,0.43289712412985193,3.0,546.1236236697608,4.244504554582416,1.2240000000000013,0.022925968088679242,1.224000000000001,0.0,0.022917651,3.0
3.7993602822914627,0.4347678182267662,3.0,546.686980352555,4.243329923159073,1.225000000000001,0.022925968069499293,1.225000000000001,0.0,0.022917651,3.0
3.799446909213744,0.43663794165864317,3.0,547.2519923625651,4.242153928578804,1.2260000000000013,0.022925968050319344,1.226000000000001,0.0,0.022917651,3.0
3.799533049303941,0.4385074904503574,3.0,547.8186712304292,4.240976561346164,1.227000000000001,0.022925968031139395,1.227000000000001,0.0,0.022917651,3.0
3.7996186991630005,0.4403764605897794,3.0,548.3870285941276,4.239797811877309,1.2280000000000013,0.02292596801195944,1.228000000000001,0.0,0.022917651,3.0
3.7997045766045883,0.442245245802323,3.0,548.955652782684,4.238620157818483,1.2290000000000008,0.022925967992779486,1.229000000000001,0.0,0.022917651,3.0
3.799790601948467,0.4441143032778861,3.0,549.5245627863133,4.237442823194469,1.2300000000000009,0.02292596797359954,1.230000000000001,0.0,0.022917651,3.0
3.7998760569564687,0.44598340352423704,3.0,550.0951350415186,4.23626316441212,1.231000000000001,0.02292596795441959,1.231000000000001,0.0,0.022917651,3.0
3.7999609355012947,0.44785254700087684,3.0,550.6673874063918,4.2350811565022735,1.232000000000001,0.022925967935239638,1.232000000000001,0.0,0.022917651,3.0
3.800045231367562,0.4497217341739103,3.0,551.2413379957507,4.2338967741368085,1.233000000000001,0.02292596791605969,1.233000000000001,0.0,0.022917651,3.0
3.8001289382502135,0.45159096551616895,3.0,551.8170051857696,4.232709991622182,1.2340000000000009,0.022925967896879736,1.234000000000001,0.0,0.022917651,3.0
3.8002120497528953,0.45346024150732916,3.0,552.3944076187091,4.231520782892804,1.235000000000001,0.02292596787769979,1.235000000000001,0.0,0.022917651,3.0
3.8002945593862965,0.4553295626340398,3.0,552.9735642077504,4.230329121504283,1.236000000000001,0.022925967858519837,1.236000000000001,0.0,0.022917651,3.0
3.800376460566456,0.45719892939004636,3.0,553.5544941419344,4.229134980626527,1.237000000000001,0.022925967839339888,1.237000000000001,0.0,0.022917651,3.0
3.8004577466130334,0.45906834227632387,3.0,554.1372168912094,4.227938333036672,1.2380000000000009,0.02292596782015994,1.238000000000001,0.0,0.022917651,3.0
3.8005375716793677,0.4609353084461997,3.0,554.7217485543481,4.226738287906575,1.239000000000001,0.02292596780097999,1.239000000000001,0.0,0.022917651,3.0
3.8006149641846494,0.46279695977857727,3.0,555.3081168646997,4.225533826722887,1.240000000000001,0.022925967781800036,1.240000000000001,0.0,0.022917651,3.0
3.80069178454719,0.4646588471228162,3.0,555.8963588745623,4.22432684096012,1.2410000000000012,0.022925967762620087,1.241000000000001,0.0,0.022917651,3.0
3.8007680255119274,0.46652097347166777,3.0,556.486498343401,4.223117298605326,1.2420000000000009,0.022925967743440138,1.242000000000001,0.0,0.022917651,3.0
3.800843679700615,0.46838334186869623,3.0,557.0785594340944,4.221905167102004,1.243000000000001,0.022925967724260185,1.243000000000001,0.0,0.022917651,3.0
3.800918739609198,0.47024595540936454,3.0,557.6725667215346,4.2206904133385175,1.244000000000001,0.022925967705080236,1.244000000000001,0.0,0.022917651,3.0
3.8009931976051163,0.47210881724214226,3.0,558.2685452014464,4.21947300363621,1.2450000000000012,0.022925967685900286,1.245000000000001,0.0,0.022917651,3.0
3.8010670459245453,0.4739719305696485,3.0,558.866520299434,4.218252903737213,1.2460000000000009,0.022925967666720337,1.246000000000001,0.0,0.022917651,3.0
3.80114027666956,0.4758352986498174,3.0,559.4665178802624,4.217030078791946,1.247000000000001,0.022925967647540384,1.247000000000001,0.0,0.022917651,3.0
3.8012128818052298,0.47769892479710135,3.0,560.0685642573803,4.21580449334628,1.248000000000001,0.02292596762836043,1.248000000000001,0.0,0.022917651,3.0
3.801284050189071,0.4795674375185599,3.0,560.6766268258352,4.214568275315881,1.2490000000000012,0.022925967609180482,1.249000000000001,0.0,0.022917651,3.0
3.8013541045043513,0.4814385336333184,3.0,561.2891186005667,4.213325018227864,1.250000000000001,0.022925967590000533,1.250000000000001,0.0,0.022917651,3.0
3.8014235014907523,0.4833094507919365,3.0,561.9037891631643,4.212079310822522,1.251000000000001,0.022925967570820584,1.251000000000001,0.0,0.022917651,3.0
3.801492234229159,0.48518018711070315,3.0,562.5206614477884,4.210831127307545,1.2520000000000011,0.02292596755164063,1.2520000000000011,0.0,0.022917651,3.0
3.8015602957030046,0.4870507406793748,3.0,563.1397587116076,4.209580441527361,1.2530000000000012,0.022925967532460678,1.253000000000001,0.0,0.022917651,3.0
3.8016276787965513,0.4889211095607105,3.0,563.7611045405083,4.2083272269567145,1.2540000000000011,0.02292596751328073,1.2540000000000011,0.0,0.022917651,3.0
3.801694376293131,0.4907912917899894,3.0,564.3847228549216,4.207071456694113,1.255000000000001,0.02292596749410078,1.255000000000001,0.0,0.022917651,3.0
3.8017603808733478,0.4926612853745255,3.0,565.0106379157766,4.20581310345513,1.2560000000000011,0.02292596747492083,1.2560000000000011,0.0,0.022917651,3.0
3.8018256612897563,0.49453115767148903,3.0,565.6390057192851,4.2045519748396245,1.2570000000000012,0.02292596745574088,1.257000000000001,0.0,0.022917651,3.0
3.801889742874241,0.49640233636201087,3.0,566.2724188537375,4.203284743444508,1.2580000000000013,0.022925967436560928,1.2580000000000011,0.0,0.022917651,3.0
3.8019530991784083,0.49827348024662754,3.0,566.9082393685916,4.202014645763786,1.259000000000001,0.02292596741738098,1.259000000000001,0.0,0.022917651,3.0
3.802015721374192,0.5001445889016845,3.0,567.5464965663406,4.200741646909199,1.2600000000000011,0.022925967398201026,1.2600000000000011,0.0,0.022917651,3.0
3.802077600489663,0.5020156618966216,3.0,568.187220226972,4.1994657114239695,1.2610000000000012,0.022925967379021077,1.261000000000001,0.0,0.022917651,3.0
3.802138727406098,0.5038866987938362,3.0,568.8304406177353,4.1981868032711755,1.2620000000000011,0.022925967359841128,1.2620000000000011,0.0,0.022917651,3.0
3.8021990928549574,0.5057576991485337,3.0,569.476188503147,4.196904885821835,1.263000000000001,0.02292596734066118,1.263000000000001,0.0,0.022917651,3.0
3.8022586874148003,0.5076286625085841,3.0,570.1244951552453,4.1956199218427,1.2640000000000011,0.022925967321481226,1.2640000000000011,0.0,0.022917651,3.0
3.802317503385738,0.5094988649449761,3.0,570.7755749380539,4.194332604550003,1.2650000000000012,0.02292596730230128,1.265000000000001,0.0,0.022917651,3.0
3.802375500867661,0.5113632279151243,3.0,571.4307513628381,4.193047853454163,1.2660000000000011,0.022925967283121323,1.2660000000000011,0.0,0.022917651,3.0
3.8024326188505295,0.513227641894509,3.0,572.0885797474243,4.191759533305079,1.2670000000000012,0.022925967263941378,1.267000000000001,0.0,0.022917651,3.0
3.8024888457127775,0.5150921075571591,3.0,572.7490951344051,4.190467596941826,1.2680000000000011,0.022925967244761425,1.2680000000000011,0.0,0.022917651,3.0
3.802544169627178,0.5169566255890299,3.0,573.4123331865011,4.1891719963688985,1.2690000000000012,0.022925967225581476,1.269000000000001,0.0,0.022917651,3.0
3.802598578556275,0.5188211966882715,3.0,574.0783302003395,4.18787268273767,1.2700000000000011,0.022925967206401523,1.2700000000000011,0.0,0.022917651,3.0
3.8026520602476914,0.5206858215654971,3.0,574.7471231206017,4.186569606327351,1.2710000000000012,0.022925967187221574,1.271000000000001,0.0,0.022917651,3.0
3.8027046022293094,0.5225505009440661,3.0,575.4187495545509,4.185262716525438,1.2720000000000011,0.022925967168041624,1.2720000000000011,0.0,0.022917651,3.0
3.802755382175707,0.5244136748292361,3.0,576.0943609570262,4.183950282619452,1.273000000000001,0.02292596714886167,1.273000000000001,0.0,0.022917651,3.0
3.8028046993805553,0.5262759293971628,3.0,576.7736880864035,4.182632916182156,1.2740000000000014,0.022925967129681722,1.2740000000000011,0.0,0.022917651,3.0
3.802853054902698,0.5281382541994646,3.0,577.4560960240714,4.181311632798794,1.2750000000000012,0.022925967110501773,1.275000000000001,0.0,0.022917651,3.0
3.8029004345678463,0.5300006502713305,3.0,578.1416301782169,4.179986374737304,1.2760000000000011,0.022925967091321824,1.2760000000000011,0.0,0.022917651,3.0
3.802946823921781,0.5318631186683914,3.0,578.8303368537969,4.178657083125468,1.2770000000000008,0.02292596707214187,1.277000000000001,0.0,0.022917651,3.0
3.8029922082234098,0.5337256604672314,3.0,579.5222632747876,4.177323697922622,1.2780000000000014,0.022925967052961925,1.2780000000000011,0.0,0.022917651,3.0
3.8030365724376125,0.5355882767659066,3.0,580.2174576070962,4.175986157890534,1.279000000000001,0.02292596703378197,1.279000000000001,0.0,0.022917651,3.0
3.8030787336279848,0.5374512353518173,3.0,580.9190207529222,4.174639464490438,1.2800000000000011,0.02292596701460202,1.2800000000000011,0.0,0.022917651,3.0
3.8031191319203708,0.5393142845654048,3.0,581.6259275766113,4.173285629502234,1.281000000000001,0.02292596699542207,1.281000000000001,0.0,0.022917651,3.0
3.8031585244980968,0.541177210423344,3.0,582.3362379950499,4.171927894986854,1.2820000000000011,0.022925966976242114,1.2820000000000011,0.0,0.022917651,3.0
3.8031968972545727,0.5430400111953946,3.0,583.0499997485387,4.170566206247835,1.283000000000001,0.022925966957062168,1.283000000000001,0.0,0.022917651,3.0
3.8032342358181457,0.5449026851188064,3.0,583.7672614744074,4.169200507560977,1.2840000000000011,0.022925966937882222,1.2840000000000011,0.0,0.022917651,3.0
3.8032705255458525,0.5467652303975497,3.0,584.4880727281825,4.167830742150096,1.285000000000001,0.022925966918702266,1.285000000000001,0.0,0.022917651,3.0
3.8033055512383194,0.54862728431613,3.0,585.2132050170112,4.166456412213762,1.2860000000000011,0.022925966899522317,1.2860000000000011,0.0,0.022917651,3.0
3.8033384919509534,0.5504873899876791,3.0,585.9455762743651,4.1650756919978456,1.2870000000000013,0.022925966880342367,1.287000000000001,0.0,0.022917651,3.0
3.8033703152501612,0.5523473149762794,3.0,586.6816748254225,4.163690682829846,1.2880000000000011,0.022925966861162415,1.2880000000000011,0.0,0.022917651,3.0
3.803401004695061,0.5542070566234802,3.0,587.4215555111198,4.162301321604958,1.289000000000001,0.022925966841982465,1.289000000000001,0.0,0.022917651,3.0
3.8034305435206472,0.5560666122184232,3.0,588.165274253553,4.160907543974297,1.2900000000000011,0.022925966822802516,1.2900000000000011,0.0,0.022917651,3.0
3.803458914629763,0.5579259789965401,3.0,588.9128880827539,4.159509284314091,1.2910000000000008,0.022925966803622563,1.291000000000001,0.0,0.022917651,3.0
3.8034860251759004,0.5597850014264467,3.0,589.6651463055188,4.158106326273854,1.2920000000000011,0.022925966784442614,1.2920000000000011,0.0,0.022917651,3.0
3.8035115621740667,0.5616430922580916,3.0,590.4249171688838,4.156698003147701,1.293000000000001,0.022925966765262668,1.293000000000001,0.0,0.022917651,3.0
3.803535894744114,0.5635010433228733,3.0,591.1887858405721,4.155285002079598,1.2940000000000011,0.022925966746082715,1.2940000000000011,0.0,0.022917651,3.0
3.803559004154724,0.5653588524471302,3.0,591.9568160498806,4.153867250317981,1.295000000000001,0.022925966726902763,1.295000000000001,0.0,0.022917651,3.0
3.803580871284139,0.5672165174118952,3.0,592.7290728544878,4.152444673594851,1.2960000000000012,0.022925966707722813,1.2960000000000012,0.0,0.022917651,3.0
3.803601476609937,0.5690740359517035,3.0,593.5056226752444,4.15101719608604,1.297000000000001,0.022925966688542864,1.297000000000001,0.0,0.022917651,3.0
3.803619329616111,0.570928434385841,3.0,594.2884538219389,4.149581828836738,1.2980000000000012,0.02292596666936291,1.2980000000000012,0.0,0.022917651,3.0
3.8036345350804432,0.5727804174216602,3.0,595.0773659520634,4.148138286323187,1.299000000000001,0.022925966650182962,1.299000000000001,0.0,0.022917651,3.0
3.8036481905781354,0.5746323817092698,3.0,595.8709388720551,4.146688562638358,1.3000000000000012,0.022925966631003013,1.3000000000000012,0.0,0.022917651,3.0
3.8036448393922195,0.5762615900572251,3.0,596.6505671592885,4.145367793734892,1.301000000000001,0.022925966649358965,1.301000000000001,0.0,0.022917651,3.0
3.803640718093206,0.5778911778057836,3.0,597.4328430116012,4.144043564914099,1.3020000000000012,0.022925966667714914,1.3020000000000012,0.0,0.022917651,3.0
3.803634084315595,0.5795157145112835,3.0,598.2207387457697,4.1427143407862355,1.3030000000000013,0.022925966686070866,1.303000000000001,0.0,0.022917651,3.0
3.8036252308220884,0.5811362173956287,3.0,599.013736959303,4.141380274613968,1.3040000000000014,0.022925966704426815,1.3040000000000012,0.0,0.022917651,3.0
3.8036155722620792,0.5827571686354317,3.0,599.8094388484479,4.140042539860435,1.305000000000001,0.022925966722782763,1.305000000000001,0.0,0.022917651,3.0
3.8036051004520357,0.5843785727882446,3.0,600.6078718961778,4.138701099234355,1.3060000000000012,0.022925966741138712,1.3060000000000012,0.0,0.022917651,3.0
3.803593808524232,0.5860004333911819,3.0,601.4090707010519,4.137355921723794,1.307000000000001,0.02292596675949466,1.307000000000001,0.0,0.022917651,3.0
3.803582780681614,0.5876219098282053,3.0,602.2182565396994,4.1360121813445945,1.3080000000000014,0.022925966777850613,1.3080000000000012,0.0,0.022917651,3.0
3.803570883279082,0.5892438433811366,3.0,603.0301769500433,4.134664505562465,1.309000000000001,0.022925966796206565,1.309000000000001,0.0,0.022917651,3.0
3.8035581068884645,0.5908662390062389,3.0,603.8448615815753,4.133312851707946,1.3100000000000014,0.022925966814562517,1.3100000000000012,0.0,0.022917651,3.0
3.803544441944799,0.5924891017316846,3.0,604.6623405139732,4.131957176492486,1.3110000000000013,0.02292596683291847,1.311000000000001,0.0,0.022917651,3.0
3.803526707201621,0.594113733540253,3.0,605.4852748772283,4.130583450928965,1.3120000000000012,0.022925966851274415,1.3120000000000012,0.0,0.022917651,3.0
3.8035054964851223,0.595739838795656,3.0,606.3132872469779,4.129194346367218,1.313000000000001,0.022925966869630367,1.313000000000001,0.0,0.022917651,3.0
3.8034833879752763,0.5973663481208683,3.0,607.1442883855642,4.127801246557567,1.3140000000000014,0.02292596688798632,1.3140000000000012,0.0,0.022917651,3.0
3.803460372592988,0.5989932656021169,3.0,607.9783085174441,4.126404111097359,1.315000000000001,0.022925966906342268,1.315000000000001,0.0,0.022917651,3.0
3.803435721387807,0.6006192489128298,3.0,608.8176978100315,4.125001368254149,1.3160000000000014,0.02292596692469822,1.3160000000000012,0.0,0.022917651,3.0
3.803409249701283,0.6022439886939542,3.0,609.6630098754007,4.123592589148101,1.317000000000001,0.02292596694305417,1.317000000000001,0.0,0.022917651,3.0
3.80338183129795,0.6038691472407595,3.0,610.511413158954,4.122179604391654,1.3180000000000014,0.02292596696141012,1.3180000000000012,0.0,0.022917651,3.0
3.8033534564249942,0.6054947288672529,3.0,611.3629395055635,4.120762370659363,1.319000000000001,0.02292596697976607,1.319000000000001,0.0,0.022917651,3.0
3.8033233783654294,0.6071195809525587,3.0,612.2202364592783,4.119339055561272,1.3200000000000014,0.022925966998122018,1.3200000000000012,0.0,0.022917651,3.0
3.8032915726010543,0.6087436895677995,3.0,613.0833269724245,4.1179095750458306,1.3210000000000013,0.02292596701647797,1.321000000000001,0.0,0.022917651,3.0
3.8032587648087173,0.6103682162957805,3.0,613.94961128742,4.1164756684018755,1.3220000000000012,0.022925967034833922,1.3220000000000012,0.0,0.022917651,3.0
3.8032249444442403,0.6119931655362345,3.0,614.8191230121269,4.11503728905397,1.323000000000001,0.022925967053189868,1.323000000000001,0.0,0.022917651,3.0
3.803188943405988,0.613616336438087,3.0,615.695368841925,4.113591960867111,1.3240000000000014,0.022925967071545823,1.3240000000000012,0.0,0.022917651,3.0
3.8031513854060592,0.61523898100362,3.0,616.5764271547413,4.112140929139768,1.325000000000001,0.022925967089901775,1.325000000000001,0.0,0.022917651,3.0
3.803112769408919,0.6168620830341951,3.0,617.4607928898521,4.110685207936416,1.3260000000000012,0.02292596710825772,1.3260000000000012,0.0,0.022917651,3.0
3.803073051509511,0.6184855448130055,3.0,618.3486303672005,4.10922471937881,1.327000000000001,0.022925967126613676,1.327000000000001,0.0,0.022917651,3.0
3.8030310416820017,0.6201056431233825,3.0,619.2446522192465,4.1077584274551535,1.3280000000000012,0.02292596714496962,1.3280000000000012,0.0,0.022917651,3.0
3.8029879437621394,0.6217262051577509,3.0,620.1440959158332,4.106287319322946,1.329000000000001,0.02292596716332557,1.329000000000001,0.0,0.022917651,3.0
3.8029437460643716,0.6233472358962681,3.0,621.0469982058057,4.104811343258592,1.330000000000001,0.02292596718168152,1.3300000000000012,0.0,0.022917651,3.0
3.8028979193446473,0.6249706232492072,3.0,621.9578968168596,4.10332649564087,1.331000000000001,0.022925967200037475,1.331000000000001,0.0,0.022917651,3.0
3.8028504207446034,0.6265968885244257,3.0,622.8774638965797,4.101832084035741,1.3320000000000014,0.022925967218393427,1.3320000000000012,0.0,0.022917651,3.0
3.8028018141124122,0.6282240889522563,3.0,623.8008617842636,4.100332305279809,1.3330000000000013,0.022925967236749376,1.333000000000001,0.0,0.022917651,3.0
3.8027519700280936,0.6298516462093331,3.0,624.728558427704,4.098827219857842,1.3340000000000012,0.022925967255105324,1.3340000000000012,0.0,0.022917651,3.0
3.802698592106145,0.6314680055074107,3.0,625.6688855573691,4.097319193825829,1.335000000000001,0.02292596727346128,1.335000000000001,0.0,0.022917651,3.0
3.8026439964469296,0.6330847356521913,3.0,626.6134232322369,4.09580592588351,1.3360000000000014,0.02292596729181723,1.3360000000000012,0.0,0.022917651,3.0
3.8025881694175294,0.6347018407954088,3.0,627.5622185905587,4.094287357346208,1.337000000000001,0.022925967310173177,1.337000000000001,0.0,0.022917651,3.0
3.8025322710064473,0.6363104209915909,3.0,628.518536171272,4.092777031567939,1.3380000000000014,0.02292596732852913,1.3380000000000012,0.0,0.022917651,3.0
3.802475491668887,0.6379164643400842,3.0,629.4802660366367,4.091265720191053,1.3390000000000009,0.022925967346885078,1.339000000000001,0.0,0.022917651,3.0
3.802417398889988,0.6395231325000142,3.0,630.4463209394875,4.0897485303098895,1.3400000000000012,0.02292596736524103,1.3400000000000012,0.0,0.022917651,3.0
3.8023584524563443,0.6411298651921465,3.0,631.4178525709946,4.088227858600701,1.341000000000001,0.02292596738359698,1.341000000000001,0.0,0.022917651,3.0
3.8022986199874067,0.6427365164710457,3.0,632.3950230015504,4.086703720820156,1.3420000000000014,0.022925967401952928,1.3420000000000012,0.0,0.022917651,3.0
3.8022372820244925,0.6443437457667809,3.0,633.3765598329675,4.085172982885722,1.343000000000001,0.02292596742030888,1.343000000000001,0.0,0.022917651,3.0
3.8021723744799125,0.6459519138879498,3.0,634.3644571606362,4.083627029777615,1.3440000000000012,0.022925967438664832,1.3440000000000012,0.0,0.022917651,3.0
3.8020998924918517,0.6475616253044832,3.0,635.3626680020166,4.082049242038434,1.345000000000001,0.02292596745702078,1.345000000000001,0.0,0.022917651,3.0
3.802025933498092,0.6491717751937773,3.0,636.3655345581478,4.080465108003342,1.3460000000000012,0.02292596747537673,1.3460000000000012,0.0,0.022917651,3.0
3.8019500648833695,0.650781635023264,3.0,637.3747960980537,4.078873623159322,1.347000000000001,0.022925967493732678,1.347000000000001,0.0,0.022917651,3.0
3.801871664292268,0.6523901187801874,3.0,638.3930268307727,4.077273380055953,1.3480000000000012,0.02292596751208863,1.3480000000000012,0.0,0.022917651,3.0
3.801791756380433,0.653999067011692,3.0,639.4160884595605,4.075666643127342,1.349000000000001,0.022925967530444583,1.349000000000001,0.0,0.022917651,3.0
3.801709948100304,0.6556067336290798,3.0,640.4460888380496,4.074053589115448,1.3500000000000012,0.02292596754880053,1.3500000000000012,0.0,0.022917651,3.0
3.801626066731241,0.6572123892398701,3.0,641.4839581061298,4.072434257835429,1.3510000000000013,0.022925967567156483,1.351000000000001,0.0,0.022917651,3.0
3.801540628145862,0.6588185332366641,3.0,642.5268444464672,4.070808209383709,1.3520000000000014,0.022925967585512436,1.3520000000000012,0.0,0.022917651,3.0
3.8014520388824584,0.6604228091593648,3.0,643.5784032290677,4.069171422748638,1.3530000000000013,0.022925967603868384,1.353000000000001,0.0,0.022917651,3.0
3.8013609095055956,0.6620261086266704,3.0,644.6373635093913,4.067525449912008,1.3540000000000014,0.022925967622224333,1.3540000000000012,0.0,0.022917651,3.0
3.801268215502126,0.6636299146201576,3.0,645.7015424476078,4.065872712103132,1.355000000000001,0.022925967640580285,1.355000000000001,0.0,0.022917651,3.0
3.8011698756174086,0.6652309952238518,3.0,646.7782744897215,4.064200119101322,1.3560000000000012,0.022925967658936237,1.3560000000000012,0.0,0.022917651,3.0
3.8010696660553736,0.6668322644576999,3.0,647.8610164568213,4.062519859053781,1.3570000000000009,0.022925967677292186,1.357000000000001,0.0,0.022917651,3.0
3.800967659662737,0.6684326032951141,3.0,648.9510583308431,4.06083334143146,1.3580000000000014,0.022925967695648135,1.3580000000000012,0.0,0.022917651,3.0
3.800863562509828,0.670030548513983,3.0,650.0504044141811,4.059140852925768,1.3590000000000013,0.022925967714004084,1.359000000000001,0.0,0.022917651,3.0
3.8007579603715698,0.6716289801615017,3.0,651.1552485440757,4.057441857893867,1.3600000000000012,0.022925967732360036,1.3600000000000012,0.0,0.022917651,3.0
3.80065006684773,0.6732228437018675,3.0,652.2703305997999,4.055738268085653,1.361000000000001,0.022925967750715988,1.361000000000001,0.0,0.022917651,3.0
3.800540475948837,0.6748158492579243,3.0,653.3921739808693,4.054028747529374,1.3620000000000014,0.022925967769071937,1.3620000000000012,0.0,0.022917651,3.0
3.80042879368177,0.6764089266275146,3.0,654.521244489033,4.052310789687625,1.3630000000000013,0.022925967787427885,1.363000000000001,0.0,0.022917651,3.0
3.8003143540971265,0.678001774698347,3.0,655.659333249554,4.050582031616911,1.3640000000000012,0.02292596780578384,1.3640000000000012,0.0,0.022917651,3.0
3.800198345054242,0.679595113866827,3.0,656.8031617576654,4.048846504466001,1.365000000000001,0.02292596782413979,1.365000000000001,0.0,0.022917651,3.0
3.800083192631982,0.6811933060183469,3.0,657.9663945990247,4.047109543759988,1.3660000000000012,0.02292596784249574,1.3660000000000012,0.0,0.022917651,3.0
3.7999666279521165,0.6827931194312237,3.0,659.137307400221,4.045365312084915,1.367000000000001,0.02292596786085169,1.367000000000001,0.0,0.022917651,3.0
3.799846629127542,0.684381000966754,3.0,660.3267478029153,4.0436192836359,1.3680000000000012,0.02292596787920764,1.3680000000000012,0.0,0.022917651,3.0
3.7997231882233917,0.685956125101558,3.0,661.5351093997557,4.04187225226971,1.3690000000000013,0.02292596789756359,1.369000000000001,0.0,0.022917651,3.0
3.799597464338435,0.6875327409238118,3.0,662.7530484675879,4.040114595571609,1.3700000000000014,0.02292596791591954,1.3700000000000012,0.0,0.022917651,3.0
3.799467199897378,0.6891165069419427,3.0,663.990874343133,4.03833161688356,1.371000000000001,0.02292596793427549,1.371000000000001,0.0,0.022917651,3.0
3.7993352881554454,0.6907002694101438,3.0,665.2351979325744,4.036542052357451,1.3720000000000014,0.022925967952631444,1.3720000000000012,0.0,0.022917651,3.0
3.7991926168912427,0.6922703567956696,3.0,666.48563330141,4.034723126596843,1.3730000000000013,0.022925967970987393,1.373000000000001,0.0,0.022917651,3.0
3.7990470721422476,0.6938397379750241,3.0,667.742764630501,4.032893413598456,1.3740000000000012,0.02292596798934334,1.3740000000000012,0.0,0.022917651,3.0
3.7988973843972897,0.6954061827767996,3.0,669.0098392434264,4.031050061487257,1.375000000000001,0.022925968008668064,1.375000000000001,0.0,0.022917651,3.0
3.7987449724938567,0.6969721725096758,3.0,670.284750842696,4.029196266490043,1.3760000000000012,0.022925968028182118,1.3760000000000012,0.0,0.022917651,3.0
3.7985895476657086,0.6985359189205241,3.0,671.571449099273,4.027332670150069,1.3770000000000011,0.02292596804816711,1.3770000000000011,0.0,0.022917651,3.0
3.798431649728232,0.7000991172180219,3.0,672.8670611363818,4.025459732603123,1.3780000000000012,0.022925968068230204,1.3780000000000012,0.0,0.022917651,3.0
3.798271130626209,0.7016597765894013,3.0,674.1733685607746,4.023578845844918,1.3790000000000011,0.022925968086891093,1.3790000000000011,0.0,0.022917651,3.0
3.7981082362159753,0.7032195812300751,3.0,675.4884438969781,4.021689310708596,1.3800000000000012,0.02292596810497238,1.3800000000000012,0.0,0.022917651,3.0
3.79794267459221,0.7047769162897924,3.0,676.8142245653783,4.01979157513242,1.3810000000000011,0.022925968123053662,1.3810000000000011,0.0,0.022917651,3.0
3.7977747135567568,0.7063335303349582,3.0,678.1487620047878,4.017884962631476,1.3820000000000012,0.022925968141134945,1.3820000000000012,0.0,0.022917651,3.0
3.7976040233594635,0.7078867482072767,3.0,679.4944401639438,4.015970828811793,1.3830000000000011,0.02292596815921623,1.3830000000000011,0.0,0.022917651,3.0
3.7974309295912607,0.7094392809201461,3.0,680.8488047688301,4.014047765547303,1.3840000000000012,0.02292596817729751,1.3840000000000012,0.0,0.022917651,3.0
3.79725287822121,0.7109882998541253,3.0,682.2162080907802,4.012108390058315,1.3850000000000011,0.022925968195378794,1.3850000000000011,0.0,0.022917651,3.0
3.7970722590542336,0.7125370463991427,3.0,683.5921418775495,4.010159016634061,1.3860000000000012,0.02292596821346008,1.3860000000000012,0.0,0.022917651,3.0
3.7968885718746557,0.7140947642701554,3.0,685.0118859882984,4.008188395182988,1.3870000000000011,0.022925968231541367,1.3870000000000011,0.0,0.022917651,3.0
3.796702399063772,0.71564981729852,3.0,686.4440500233407,4.006210495789566,1.3880000000000012,0.022925968249622647,1.3880000000000012,0.0,0.022917651,3.0
3.7965113490163183,0.7171807172190868,3.0,687.9030684039883,4.004237240821863,1.3890000000000013,0.022925968267703933,1.3890000000000011,0.0,0.022917651,3.0
3.7963180893584627,0.7187112048051226,3.0,689.3728717834401,4.0022555587242525,1.3900000000000015,0.022925968285785216,1.3900000000000012,0.0,0.022917651,3.0
3.796122539698716,0.7202407372310692,3.0,690.8551306870501,4.0002656694208625,1.3910000000000013,0.022925968303866503,1.3910000000000011,0.0,0.022917651,3.0
3.795924704780705,0.7217690328669433,3.0,692.3509684190271,3.998267880205299,1.3920000000000015,0.022925968321947786,1.3920000000000012,0.0,0.022917651,3.0
3.795724634289255,0.7232960979553767,3.0,693.8588708270586,3.9962623828030894,1.3930000000000011,0.02292596834002907,1.3930000000000011,0.0,0.022917651,3.0
3.7955188406210234,0.7248177556921428,3.0,695.3801937109513,3.994239398959423,1.3940000000000012,0.022925968358899814,1.3940000000000012,0.0,0.022917651,3.0
3.795308635086243,0.7263379829586336,3.0,696.9112431391792,3.992200197506659,1.3950000000000011,0.022925968377564967,1.3950000000000011,0.0,0.022917651,3.0
3.795084913168768,0.7278536344019466,3.0,698.4529787744199,3.9901115044468374,1.3960000000000012,0.022925968395371584,1.3960000000000012,0.0,0.022917651,3.0
3.794858583628807,0.7293680911328125,3.0,700.0057568687187,3.9880135816781506,1.3970000000000014,0.0229259684131782,1.3970000000000011,0.0,0.022917651,3.0
3.7946296386729874,0.7308814108300263,3.0,701.5696028059938,3.9859063402285986,1.3980000000000012,0.02292596843098482,1.3980000000000012,0.0,0.022917651,3.0
3.794396575105377,0.7323966240674809,3.0,703.1455931343469,3.9837807107666223,1.3990000000000011,0.022925968448791436,1.3990000000000011,0.0,0.022917651,3.0
3.7941595905968795,0.7339047569409808,3.0,704.7328165463574,3.981646477943482,1.4000000000000015,0.022925968466598053,1.4000000000000012,0.0,0.022917651,3.0
3.794006461361253,0.7352790482783174,3.0,705.9266657912808,3.979959298203803,1.4010000000000011,0.022925968466323388,1.4010000000000011,0.0,0.022917651,3.0
3.7938521221934947,0.7366527720847973,3.0,707.1438866486875,3.97826784787666,1.4020000000000012,0.02292596846604872,1.4020000000000012,0.0,0.022917651,3.0
3.79369650718258,0.7380259700061391,3.0,708.383022933128,3.976571821379817,1.403000000000001,0.022925968465774053,1.4030000000000011,0.0,0.022917651,3.0
3.793539046412046,0.7393991723436881,3.0,709.6429432453374,3.974868408549742,1.4040000000000015,0.022925968473733873,1.4040000000000012,0.0,0.022917651,3.0
3.7933797973206764,0.740772559563755,3.0,710.9180575493814,3.973157658440935,1.4050000000000011,0.02292596848710333,1.4050000000000011,0.0,0.022917651,3.0
3.7932188156900892,0.7421465574637679,3.0,712.1995937618083,3.9714393649268467,1.406000000000001,0.022925968490768712,1.4060000000000012,0.0,0.022917651,3.0
3.7930561326883527,0.7435210917551627,3.0,713.4861727042281,3.969713728535533,1.407000000000001,0.02292596849021938,1.4070000000000011,0.0,0.022917651,3.0
3.7928902019080644,0.7448880895378399,3.0,714.779420441155,3.9679826418015685,1.4080000000000015,0.022925968490622547,1.4080000000000013,0.0,0.022917651,3.0
3.7927222623492236,0.746253859756765,3.0,716.0776082407881,3.9662447483176213,1.4090000000000014,0.022925968491523754,1.4090000000000011,0.0,0.022917651,3.0
3.7925533427189024,0.7476156149836569,3.0,717.3871424101717,3.9645069468670737,1.4100000000000013,0.022925968491318057,1.4100000000000013,0.0,0.022917651,3.0
3.7923828572102236,0.7489774880382586,3.0,718.7025816578997,3.962762763898609,1.4110000000000011,0.022925968491043388,1.4110000000000011,0.0,0.022917651,3.0
3.7922115210295115,0.7503377348351903,3.0,720.0264418771466,3.9610168056937773,1.4120000000000015,0.022925968490768722,1.4120000000000013,0.0,0.022917651,3.0
3.7920383030287534,0.7516984665009004,3.0,721.3565346174496,3.959262835255187,1.4130000000000014,0.022925968490494053,1.4130000000000011,0.0,0.022917651,3.0
3.7918627035535115,0.7530595515984516,3.0,722.694616783573,3.957498984703466,1.4140000000000013,0.022925968490219387,1.4140000000000013,0.0,0.022917651,3.0
3.7916797530105915,0.7544212701210925,3.0,724.0403357670319,3.955705096785408,1.415000000000001,0.022925968489944718,1.4150000000000011,0.0,0.022917651,3.0
3.791487602293037,0.7557836872399346,3.0,725.3946796505857,3.95387371033723,1.4160000000000013,0.022925968489670052,1.4160000000000013,0.0,0.022917651,3.0
3.7912943039656355,0.757148596517963,3.0,726.7707528406804,3.9520352423833613,1.4170000000000011,0.022925968489395383,1.4170000000000011,0.0,0.022917651,3.0
3.7910994874697033,0.7585147118466063,3.0,728.1589620450148,3.9501894959653456,1.4180000000000015,0.02292596848912072,1.4180000000000013,0.0,0.022917651,3.0
3.7909021723537024,0.7598764233465343,3.0,729.5850995775104,3.948338161552948,1.4190000000000011,0.022925968488846055,1.4190000000000011,0.0,0.022917651,3.0
3.790703790171192,0.7612390041466682,3.0,731.0173532210749,3.946481687002294,1.4200000000000013,0.02292596848857139,1.4200000000000013,0.0,0.022917651,3.0
3.790505571135717,0.7626034913077948,3.0,732.4564302374732,3.9446239516214616,1.4210000000000012,0.02292596848829672,1.4210000000000012,0.0,0.022917651,3.0
3.790306431248705,0.7639706204979386,3.0,733.9070539596368,3.942759893741721,1.4220000000000015,0.022925968495052955,1.4220000000000013,0.0,0.022917651,3.0
3.7901061488622925,0.7653397785735196,3.0,735.3684142425734,3.9408892392826718,1.4230000000000014,0.02292596850707408,1.4230000000000012,0.0,0.022917651,3.0
3.7899063405290865,0.7667141830419794,3.0,736.8432592951558,3.9390152299838745,1.4240000000000013,0.02292596850834739,1.4240000000000013,0.0,0.022917651,3.0
3.7897054592372976,0.7680903524886873,3.0,738.3261977649471,3.9371351639725978,1.425000000000001,0.02292596850779806,1.4250000000000012,0.0,0.022917651,3.0
3.7895051622187217,0.7694717964894706,3.0,739.8197411377511,3.9352521642965006,1.4260000000000015,0.02292596850724872,1.4260000000000013,0.0,0.022917651,3.0
3.789304631777224,0.7708572966444939,3.0,741.3204315870868,3.9333641719294468,1.4270000000000014,0.022925968506699392,1.4270000000000012,0.0,0.022917651,3.0
3.789104467370217,0.7722483281373019,3.0,742.8287234834397,3.931472108766828,1.4280000000000013,0.022925968506150054,1.4280000000000013,0.0,0.022917651,3.0
3.7889044760753463,0.773648335447326,3.0,744.3673944351882,3.9295717672970447,1.4290000000000012,0.022925968513372683,1.4290000000000012,0.0,0.022917651,3.0
3.7887034998790043,0.7750521065323936,3.0,745.9222848247684,3.9276637246481396,1.430000000000001,0.022925968523821318,1.4300000000000013,0.0,0.022917651,3.0
3.788501387783864,0.7764729056046294,3.0,747.497821242417,3.925734118055493,1.4310000000000012,0.022925968523454056,1.4310000000000012,0.0,0.022917651,3.0
3.7882985657114747,0.7778991695932482,3.0,749.0800050482518,3.923796205267734,1.4320000000000013,0.02292596852263005,1.4320000000000013,0.0,0.022917651,3.0
3.788098223484797,0.7793416092454516,3.0,750.6707531553102,3.9218520317832604,1.4330000000000012,0.022925968521806055,1.4330000000000012,0.0,0.022917651,3.0
3.787895281009259,0.7807975618244553,3.0,752.2791414156322,3.919883940803453,1.4340000000000013,0.022925968526243984,1.4340000000000013,0.0,0.022917651,3.0
3.7876897958542832,0.7822669447915276,3.0,753.906380179749,3.917892244579971,1.4350000000000012,0.022925968535785178,1.4350000000000012,0.0,0.022917651,3.0
3.787487263061503,0.7837638603488073,3.0,755.5445599903302,3.9158848315615065,1.4360000000000015,0.02292596853691272,1.4360000000000013,0.0,0.022917651,3.0
3.7872846717562916,0.7852707720613722,3.0,757.1922581917712,3.9138671896611377,1.4370000000000012,0.022925968535814054,1.4370000000000012,0.0,0.022917651,3.0
3.787089690597132,0.7868214884040631,3.0,758.8697967237507,3.911836173312701,1.4380000000000013,0.022925968534715388,1.4380000000000013,0.0,0.022917651,3.0
3.7868960741351256,0.7883893413821471,3.0,760.5679446430642,3.909793481478416,1.4390000000000014,0.022925968533616725,1.4390000000000012,0.0,0.022917651,3.0
3.78670752106746,0.7899931814884567,3.0,762.3011583434577,3.9077350617309237,1.4400000000000015,0.022925968532518055,1.4400000000000013,0.0,0.022917651,3.0
3.786524173390442,0.791634903579122,3.0,764.0598466027711,3.9056595843794284,1.4410000000000012,0.02292596853141939,1.4410000000000012,0.0,0.022917651,3.0
3.7863438754106293,0.7933031347577822,3.0,765.8385855493988,3.9035697985055946,1.4420000000000013,0.022925968530320723,1.4420000000000013,0.0,0.022917651,3.0
3.7861749419675084,0.7950360933415549,3.0,767.6491231829124,3.901460738964581,1.4430000000000012,0.022925968529222056,1.4430000000000012,0.0,0.022917651,3.0
3.7860067239276622,0.7967820501161235,3.0,769.4725646525418,3.8993415416953088,1.4440000000000013,0.02292596852812339,1.4440000000000013,0.0,0.022917651,3.0
3.7858600604924044,0.7986438029188732,3.0,771.3397459660205,3.897192759885634,1.4450000000000014,0.022925968527024727,1.4450000000000012,0.0,0.022917651,3.0
3.7857159652484844,0.8005294969352272,3.0,773.2254480274861,3.8950303124279544,1.4460000000000015,0.022925968525926058,1.4460000000000013,0.0,0.022917651,3.0
3.7855931312133517,0.8025358318557241,3.0,775.1650544132489,3.8928322791886036,1.4470000000000014,0.022925968524827388,1.4470000000000012,0.0,0.022917651,3.0
3.7854778159130458,0.8046116500043989,3.0,777.1429598767596,3.8905948347879304,1.4480000000000013,0.022925968523728718,1.4480000000000013,0.0,0.022917651,3.0
3.7853738492463234,0.8067862114813166,3.0,779.1709390108779,3.888304037900378,1.4490000000000012,0.022925968522630055,1.4490000000000012,0.0,0.022917651,3.0
3.785289222955152,0.8090850451993195,3.0,781.3270192161292,3.8859663315258475,1.4500000000000013,0.02292596852153139,1.4500000000000013,0.0,0.022917651,3.0
3.7852160279151392,0.8114625312609586,3.0,783.5689319437291,3.883595696610436,1.4510000000000012,0.022925968520432723,1.4510000000000012,0.0,0.022917651,3.0
3.7851617345098556,0.8139584124612961,3.0,785.9297582677075,3.8811822687269846,1.4520000000000013,0.022925968519334056,1.4520000000000013,0.0,0.022917651,3.0
3.785144362013548,0.8166473985771352,3.0,788.3804586266893,3.8787234281326537,1.4530000000000012,0.02292596851823539,1.4530000000000012,0.0,0.022917651,3.0
3.7851677397010315,0.8195399992494805,3.0,790.9239849385457,3.8762239713938773,1.4540000000000013,0.02292596851713672,1.4540000000000013,0.0,0.022917651,3.0
3.78525970571951,0.8227589631209424,3.0,793.6844272613233,3.8736725047744796,1.4550000000000012,0.022925968516038057,1.4550000000000012,0.0,0.022917651,3.0
3.785469155440986,0.8265086038002912,3.0,796.909060029261,3.8710603013194267,1.4560000000000013,0.022925968514939388,1.4560000000000013,0.0,0.022917651,3.0
3.7858178791685604,0.8308595417870358,3.0,800.627753559469,3.8684038858125858,1.4570000000000012,0.022925968513840725,1.4570000000000012,0.0,0.022917651,3.0
3.786359236343336,0.8360857962123355,3.0,805.064250887716,3.865642692865487,1.4580000000000013,0.022925968512742055,1.4580000000000013,0.0,0.022917651,3.0
3.78715809510127,0.8426417107898511,3.0,810.5747810834245,3.8625818517847206,1.4590000000000012,0.022925968511643385,1.4590000000000012,0.0,0.022917651,3.0
3.7884286482683995,0.8513459911177771,3.0,817.7546880857933,3.8592594040441397,1.4600000000000015,0.022925968510544723,1.4600000000000013,0.0,0.022917651,3.0
3.7905093710312747,0.8638148406922396,3.0,827.7772129590388,3.855413083328007,1.4610000000000014,0.022925968509446056,1.4610000000000012,0.0,0.022917651,3.0
3.7944232175258032,0.8853790600074224,3.0,844.7079247730336,3.849803885323393,1.4620000000000013,0.02292596850834739,1.4620000000000013,0.0,0.022917651,3.0
3.8057587400471635,0.9542031566441728,3.0,872.5053523583247,3.8266215168111075,1.4630000000000012,0.02292596850724872,1.4630000000000012,0.0,0.022917651,3.0
3.7916700190918653,0.9559213011813503,3.0,877.9715042844932,3.76884811563042,1.4640000000000015,0.022925968506150054,1.4640000000000013,0.0,0.022917651,3.0
3.7860708907447087,0.9587592141938809,3.0,882.9553976400014,3.743913318055214,1.4650000000000014,0.022925968517443742,1.4650000000000012,0.0,0.022917651,3.0
3.78204023289487,0.9585047310132246,3.0,888.0903823104745,3.7283447964147034,1.4660000000000013,0.02292596859845342,1.4660000000000013,0.0,0.022917651,3.0
3.778221500787978,0.9565564645066625,3.0,893.3731404996793,3.7153177780411615,1.4670000000000012,0.022925968858364707,1.4670000000000012,0.0,0.022917651,3.0
3.7741436127086425,0.9527776738916531,3.0,898.7258551905784,3.70308464676483,1.4680000000000013,0.022925969592744535,1.4680000000000013,0.0,0.022917651,3.0
3.7694719803059615,0.9462793471159298,3.0,904.0827114306179,3.691196065512169,1.4690000000000012,0.022925972185693793,1.4690000000000012,0.0,0.022917651,3.0
3.7638860562188756,0.9355369003454542,3.0,909.3792481349524,3.6798944546489634,1.4700000000000013,0.022925982708437282,1.4700000000000013,0.0,0.022917651,3.0
3.757080061111016,0.9184787665464632,3.0,914.5453862334003,3.6700282508375994,1.4710000000000012,0.022926033713318354,1.4710000000000012,0.0,0.022917651,3.0
3.7488967924059513,0.8928532870926897,3.0,919.4845998494156,3.6632202828070435,1.472000000000001,0.02292636462249873,1.4720000000000013,0.0,0.022917651,3.0
3.739566878960754,0.8590849384833606,3.0,924.0743255171631,3.659968591811226,1.4730000000000014,0.022929682301089074,1.4730000000000012,0.0,0.022917651,3.0
3.7299504549356373,0.8239463909314105,3.0,928.249276504236,3.6569410758340224,1.4740000000000015,0.022947465253107084,1.4740000000000013,0.0,0.022917651,3.0
3.720803560354791,0.7965254745813971,3.0,932.1288638701402,3.6480740408911325,1.4750000000000014,0.023005725501140814,1.4750000000000012,0.0,0.022917651,3.0
3.7131325169219367,0.7840551234112128,3.0,935.8030672181882,3.630159870378891,1.4760000000000013,0.023132582638921217,1.4760000000000013,0.0,0.022917651,3.0
3.7069627755748615,0.786704473419337,3.0,939.4497261295803,3.6031311825633567,1.4770000000000012,0.0233513563578633,1.4770000000000012,0.0,0.022917651,3.0
3.702099539174322,0.8019312233378101,3.0,943.2017265311583,3.568751116921184,1.4780000000000013,0.02370366572070395,1.4780000000000013,0.0,0.022917651,3.0
3.698539379975582,0.8259677103014575,3.0,947.1216035022734,3.53077362754579,1.4790000000000012,0.02416843516120186,1.4790000000000012,0.0,0.022917651,3.0
3.695440178378755,0.8595681469163402,3.0,951.365222659911,3.485076019703668,1.480000000000001,0.02495179629481245,1.4800000000000013,0.0,0.022917651,3.0
3.6929410109553356,0.8980086797085838,3.0,956.0358015822594,3.4369384422172,1.481000000000001,0.0260158291251408,1.4810000000000012,0.0,0.022917651,3.0
3.6908787172801505,0.9380365351517835,3.0,961.2127351442557,3.3889610597035733,1.4820000000000015,0.02722028265542199,1.4820000000000013,0.0,0.022917651,3.0
3.689038514436973,0.9789993589347448,3.0,967.0081401175095,3.3409370456682272,1.4830000000000012,0.028486433596843642,1.4830000000000012,0.0,0.022917651,3.0
3.6873937119744924,1.0183795223144263,3.0,973.5100269879094,3.295277325072763,1.4840000000000013,0.029706333246985024,1.4840000000000013,0.0,0.022917651,3.0
3.685534441437301,1.0633585934297127,3.0,980.7527143778342,3.243160788177751,1.4850000000000012,0.030912135759189996,1.4850000000000012,0.0,0.022917651,3.0
3.683638108337133,1.1088468134587444,3.0,988.944883915686,3.1903868596162686,1.486000000000001,0.03192257828821663,1.4860000000000013,0.0,0.022917651,3.0
3.681719055759786,1.153867886555346,3.0,998.2132172602136,3.1379892051905016,1.4870000000000012,0.032684531903421105,1.4870000000000012,0.0,0.022917651,3.0
3.679897137073638,1.1953511689576493,3.0,1008.6333579228037,3.0895178906854044,1.4880000000000013,0.033208994289350306,1.4880000000000013,0.0,0.022917651,3.0
3.6786352974336274,1.2250298315866888,3.0,1020.1371897545636,3.0550914954659216,1.4890000000000012,0.03338802125125514,1.4890000000000012,0.0,0.022917651,3.0
3.6786877348446283,1.2286840356886268,3.0,1032.1640731661735,3.0519466964229536,1.490000000000001,0.033386322841758416,1.4900000000000013,0.0,0.022917651,3.0
3.6791853077377747,1.2236480879393399,3.0,1044.0094922067317,3.0592725530683755,1.491000000000001,0.03338819959802317,1.4910000000000012,0.0,0.022917651,3.0
3.677969500186198,1.2510088018587018,3.0,1056.174700597738,3.027348224050928,1.4920000000000015,0.033395501991009754,1.4920000000000013,0.0,0.022917651,3.0
3.6755719459966643,1.2995226083821692,3.0,1069.8570079514318,2.9695438515590804,1.4930000000000012,0.033399036091735064,1.4930000000000012,0.0,0.022917651,3.0
3.6730579896336475,1.3494028037866352,3.0,1085.3757728634207,2.909907467683592,1.4940000000000013,0.03340389755858412,1.4940000000000013,0.0,0.022917651,3.0
3.6703855477609806,1.4017215295581376,3.0,1103.162725093697,2.847198603104158,1.4950000000000012,0.03356136885430013,1.4950000000000012,0.0,0.022917651,3.0
3.66743869091595,1.458133426960186,3.0,1124.8787344205423,2.7792989096811818,1.4960000000000013,0.03367014701092559,1.4960000000000013,0.0,0.022917651,3.0
3.664040987113084,1.519915525161121,3.0,1152.1029812444087,2.7042256272757377,1.4970000000000012,0.033726726172942964,1.4970000000000012,0.0,0.022917651,3.0
3.6601755972292214,1.5881105527562696,3.0,1187.0053519012588,2.620868677848034,1.4980000000000013,0.033717576739269665,1.4980000000000013,0.0,0.022917651,3.0
3.655981000188046,1.660295711973803,3.0,1232.6636680578465,2.5322047547903987,1.4990000000000012,0.03370842730559636,1.4990000000000012,0.0,0.022917651,3.0
3.6507387914743297,1.746871129578199,3.0,1293.053429860397,2.424960128364628,1.5000000000000016,0.033699277871923075,1.5000000000000013,0.0,0.022917651,3.0
3.6467287587596875,1.8114305471414953,3.0,1349.5455240766316,2.3446408749006924,1.5010000000000012,0.03369660428635205,1.5010000000000012,0.0,0.022917651,3.0
3.6454969213457593,1.8339905151972606,3.0,1418.3044198356379,2.317433835848722,1.5020000000000013,0.03369393070078102,1.5020000000000013,0.0,0.022917651,3.0
3.6453926776594603,1.8398051155959696,3.0,1494.8273073175876,2.3114825472808906,1.5030000000000012,0.03369125711521,1.5030000000000012,0.0,0.022917651,3.0
3.6398873340251665,1.9247536774311074,3.0,1594.2054007506042,2.204792919766005,1.5040000000000013,0.033688583529638966,1.5040000000000013,0.0,0.022917651,3.0
3.633379359688852,2.022605093421289,3.0,1728.188051674273,2.081189875306151,1.5050000000000012,0.033685909944067935,1.5050000000000012,0.0,0.022917651,3.0
3.6253331279221532,2.1404459506045113,3.0,1918.1204324081314,1.931444387335425,1.5060000000000011,0.03368323635849692,1.5060000000000013,0.0,0.022917651,3.0
3.614697378594359,2.289335226159206,3.0,2209.4200911613184,1.740292402728014,1.5070000000000012,0.03368056277292589,1.5070000000000012,0.0,0.022917651,3.0
3.599729789668892,2.4914976819660097,3.0,2719.9468472259123,1.4785398773979668,1.5080000000000016,0.03367788918735487,1.5080000000000013,0.0,0.022917651,3.0
3.5748576261524616,2.8006634967912936,3.0,3879.182337505841,1.0701656890983446,1.5090000000000015,0.03367521560178384,1.5090000000000012,0.0,0.022917651,3.0
