log_Teff,LogL_lsun,Age_gyr,Step,Log_g,Mass_msun,feh,Mass_input,Metallicity_input,Z_used,Age_input
3.541248205004355,-1.908267595870275,12.0,330.76265549406617,4.943166499938519,0.3000000000000002,0.028020775000117938,0.30000000000000016,0.0,0.022917651,12.0
3.5413999438649366,-1.9058203815853478,12.0,330.71949562636445,4.942575628190072,0.30100000000000016,0.02798743323464247,0.30100000000000016,0.0,0.022917651,12.0
3.5415517288557736,-1.903373342867037,12.0,330.6738700629805,4.941985116541621,0.30200000000000016,0.027953867972725668,0.30200000000000016,0.0,0.022917651,12.0
3.541703560255756,-1.9009264807767614,12.0,330.62576389712234,4.941394967170211,0.30300000000000016,0.027920077863180917,0.30300000000000016,0.0,0.022917651,12.0
3.5418554383460226,-1.8984797963845124,12.0,330.5751621015933,4.940805182270475,0.30400000000000016,0.02788606154390787,0.30400000000000016,0.0,0.022917651,12.0
3.542007363409992,-1.8960332907689414,12.0,330.52204952757387,4.940215764054806,0.30500000000000016,0.027851817641781965,0.30500000000000016,0.0,0.022917651,12.0
3.542159335733378,-1.8935869650174488,12.0,330.4664109033884,4.939626714753541,0.30600000000000016,0.027817344772542715,0.30600000000000016,0.0,0.022917651,12.0
3.5423113556042187,-1.8911408202262707,12.0,330.40823083325773,4.939038036615141,0.3070000000000001,0.027782641540680563,0.30700000000000016,0.0,0.022917651,12.0
3.5424634233128947,-1.8886948575005693,12.0,330.3474937960355,4.938449731906375,0.3080000000000002,0.027747706539322396,0.30800000000000016,0.0,0.022917651,12.0
3.5426155391521585,-1.8862490779545251,12.0,330.2841841439298,4.937861802912508,0.30900000000000016,0.02771253835011564,0.30900000000000016,0.0,0.022917651,12.0
3.542767703417156,-1.8838034827114294,12.0,330.21828610120843,4.937274251937493,0.3100000000000002,0.027677135543110923,0.31000000000000016,0.0,0.022917651,12.0
3.54291991640545,-1.8813580729037742,12.0,330.149783762889,4.936687081304155,0.31100000000000017,0.02764149667664333,0.31100000000000017,0.0,0.022917651,12.0
3.543072178417047,-1.878912849673351,12.0,330.07866109341256,4.9361002933543885,0.3120000000000001,0.02760562029721216,0.31200000000000017,0.0,0.022917651,12.0
3.543224489754422,-1.876467814171344,12.0,330.0049019253004,4.935513890449362,0.31300000000000017,0.02756950493935922,0.31300000000000017,0.0,0.022917651,12.0
3.543376850722542,-1.8740229675584268,12.0,329.928489957795,4.9349278749696985,0.31400000000000017,0.02753314912554562,0.31400000000000017,0.0,0.022917651,12.0
3.543529261628895,-1.8715783110048616,12.0,329.84940875548386,4.9343422493156925,0.3150000000000002,0.02749655136602701,0.31500000000000017,0.0,0.022917651,12.0
3.5436817227835125,-1.869133845690597,12.0,329.7676417469062,4.933757015907506,0.3160000000000002,0.027459710158727283,0.31600000000000017,0.0,0.022917651,12.0
3.5438342344989993,-1.8666895728053703,12.0,329.68317222314204,4.933172177185376,0.31700000000000017,0.02742262398911075,0.31700000000000017,0.0,0.022917651,12.0
3.5439867970905583,-1.8642454935488073,12.0,329.5959833363841,4.932587735609822,0.31800000000000017,0.02738529133005263,0.31800000000000017,0.0,0.022917651,12.0
3.544139410876017,-1.8618016091305256,12.0,329.5060580984921,4.932003693661862,0.3190000000000002,0.02734771064170803,0.3190000000000002,0.0,0.022917651,12.0
3.5442920761758563,-1.8593579207702404,12.0,329.41337937952784,4.931420053843218,0.3200000000000002,0.027309880371379176,0.3200000000000002,0.0,0.022917651,12.0
3.544444793313238,-1.8569144296978686,12.0,329.31792990627343,4.93083681867654,0.32100000000000023,0.02727179895338106,0.3210000000000002,0.0,0.022917651,12.0
3.544597562614033,-1.8544711371536358,12.0,329.2196922607297,4.930253990705622,0.32200000000000023,0.027233464808905376,0.3220000000000002,0.0,0.022917651,12.0
3.5447503844068473,-1.8520280443881842,12.0,329.11864887859605,4.929671572495625,0.32300000000000023,0.02719487634588271,0.3230000000000002,0.0,0.022917651,12.0
3.5449032590230547,-1.8495851526626848,12.0,329.0147820477313,4.929089566633299,0.3240000000000002,0.027156031958843033,0.3240000000000002,0.0,0.022917651,12.0
3.5450561867968235,-1.8471424632489442,12.0,328.90807390659484,4.928507975727216,0.3250000000000002,0.027116930028774407,0.3250000000000002,0.0,0.022917651,12.0
3.5452091680651465,-1.84469997742952,12.0,328.79850644266827,4.927926802407994,0.3260000000000002,0.027077568922979887,0.3260000000000002,0.0,0.022917651,12.0
3.5453622031678713,-1.8422576964978346,12.0,328.6860614908567,4.927346049328535,0.3270000000000002,0.027037946994932668,0.3270000000000002,0.0,0.022917651,12.0
3.545515292447732,-1.8398156217582882,12.0,328.57072073186947,4.926765719164265,0.32800000000000024,0.02699806258412927,0.3280000000000002,0.0,0.022917651,12.0
3.5456682578516197,-1.8373810951036682,12.0,328.4602914183031,4.926192441720604,0.32900000000000024,0.026957930633653277,0.3290000000000002,0.0,0.022917651,12.0
3.5458210345837666,-1.8349563652861158,12.0,328.3577230870405,4.925628206595406,0.3300000000000002,0.026917594861397314,0.3300000000000002,0.0,0.022917651,12.0
3.5459738620001833,-1.832531433912867,12.0,328.25255553500017,4.92506397264587,0.3310000000000001,0.02687704609087788,0.3310000000000002,0.0,0.022917651,12.0
3.546126740830748,-1.8301062980814193,12.0,328.14475133209675,4.924499739888927,0.33200000000000024,0.02683628125481292,0.3320000000000002,0.0,0.022917651,12.0
3.546279671819422,-1.8276809548332689,12.0,328.0342723260953,4.923935508341831,0.33300000000000024,0.02679529722674246,0.3330000000000002,0.0,0.022917651,12.0
3.546432655724588,-1.8252554011525588,12.0,327.9210796251118,4.923371278022175,0.3340000000000002,0.026754090819594498,0.3340000000000002,0.0,0.022917651,12.0
3.546585693319406,-1.8228296339646781,12.0,327.80513357960155,4.9228070489478934,0.33500000000000024,0.026712658784209017,0.3350000000000002,0.0,0.022917651,12.0
3.546738785392168,-1.8204036501348262,12.0,327.68639376381776,4.92224282113727,0.3360000000000002,0.026670997807818647,0.3360000000000002,0.0,0.022917651,12.0
3.5468919327466764,-1.8179774464665313,12.0,327.56481895672533,4.9216785946089505,0.3370000000000002,0.026629104512484483,0.3370000000000002,0.0,0.022917651,12.0
3.547045136202623,-1.8155510197001286,12.0,327.4403671223459,4.92111436938195,0.3380000000000002,0.026586975453485564,0.3380000000000002,0.0,0.022917651,12.0
3.5471983965959883,-1.813124366511188,12.0,327.3129953895196,4.920550145475657,0.3390000000000002,0.026544607117660265,0.3390000000000002,0.0,0.022917651,12.0
3.547351714779442,-1.8106974835088991,12.0,327.1826600310585,4.91998592290985,0.3400000000000002,0.026501995921698107,0.3400000000000002,0.0,0.022917651,12.0
3.5475050916227664,-1.8082703672344071,12.0,327.04931644227423,4.919421701704705,0.34100000000000025,0.026459138210380092,0.3410000000000002,0.0,0.022917651,12.0
3.547658528013287,-1.8058430141590953,12.0,326.91291911885514,4.9188574818808055,0.3420000000000002,0.02641603025476581,0.3420000000000002,0.0,0.022917651,12.0
3.547812024856316,-1.8034154206828183,12.0,326.77342163407064,4.918293263459149,0.3430000000000002,0.026372668250325443,0.3430000000000002,0.0,0.022917651,12.0
3.5479655830756087,-1.800987583132081,12.0,326.63077661527973,4.917729046461164,0.34400000000000014,0.026329048315014654,0.3440000000000002,0.0,0.022917651,12.0
3.5481192036138394,-1.7985594977581598,12.0,326.484935719717,4.917164830908716,0.34500000000000014,0.02628516648729036,0.3450000000000002,0.0,0.022917651,12.0
3.548272887433087,-1.796131160735168,12.0,326.3358496095314,4.9166006168241205,0.34600000000000025,0.02624101872406524,0.3460000000000002,0.0,0.022917651,12.0
3.5484266355153338,-1.7937025681580592,12.0,326.18346792605024,4.916036404230157,0.34700000000000014,0.026196600898598727,0.3470000000000002,0.0,0.022917651,12.0
3.548580448862988,-1.7912737160405698,12.0,326.0277392632409,4.915472193150076,0.3480000000000002,0.026151908798322267,0.3480000000000002,0.0,0.022917651,12.0
3.5487343284994126,-1.7888446003130967,12.0,325.8686111403388,4.914907983607615,0.3490000000000002,0.02610693812259631,0.3490000000000002,0.0,0.022917651,12.0
3.5488882754694804,-1.786415216820508,12.0,325.7060299736146,4.914343775627012,0.3500000000000002,0.026061684480396644,0.3500000000000002,0.0,0.022917651,12.0
3.549042290840139,-1.7839855613198836,12.0,325.53994104724427,4.9137795692330135,0.3510000000000002,0.026016143387927376,0.3510000000000002,0.0,0.022917651,12.0
3.5491963757009954,-1.7815556294781845,12.0,325.3702884832532,4.913215364450897,0.3520000000000002,0.02597031026615787,0.3520000000000002,0.0,0.022917651,12.0
3.5493505311649267,-1.7791254168698483,12.0,325.1970152104965,4.912651161306473,0.35300000000000015,0.025924180438280802,0.3530000000000002,0.0,0.022917651,12.0
3.549504758368699,-1.7766949189743053,12.0,325.0200629326405,4.912086959826112,0.3540000000000002,0.02587774912708835,0.3540000000000002,0.0,0.022917651,12.0
3.549659058473615,-1.7742641311734162,12.0,324.83937209510805,4.911522760036751,0.3550000000000002,0.025831011452263443,0.3550000000000002,0.0,0.022917651,12.0
3.5498134326661765,-1.771833048748825,12.0,324.65488185094716,4.910958561965911,0.35600000000000026,0.025783962427582834,0.3560000000000002,0.0,0.022917651,12.0
3.5499678821587755,-1.7694016668792243,12.0,324.4665300255838,4.910394365641714,0.35700000000000026,0.025736596958028636,0.3570000000000002,0.0,0.022917651,12.0
3.5501224081904015,-1.7669699806375359,12.0,324.274253080413,4.909830171092902,0.35800000000000026,0.025688909836804802,0.3580000000000002,0.0,0.022917651,12.0
3.5502770120273763,-1.764537984987989,12.0,324.07798607518725,4.909265978348847,0.3590000000000002,0.02564089574225489,0.3590000000000002,0.0,0.022917651,12.0
3.550431694964111,-1.7621056747831105,12.0,323.8776626291513,4.908701787439571,0.36000000000000015,0.02559254923467725,0.3600000000000002,0.0,0.022917651,12.0
3.550586458323888,-1.7596730447606101,12.0,323.6732148808787,4.908137598395773,0.3610000000000002,0.02554386475303368,0.3610000000000002,0.0,0.022917651,12.0
3.5507413034596755,-1.757240089540158,12.0,323.4645734467552,4.907573411248834,0.3620000000000002,0.025494836611547333,0.3620000000000002,0.0,0.022917651,12.0
3.5508962317549577,-1.7548068036200597,12.0,323.2516673780585,4.907009226030845,0.36300000000000027,0.025445458996185492,0.3630000000000002,0.0,0.022917651,12.0
3.551051244624606,-1.7523731813738133,12.0,323.03442411657716,4.906445042774626,0.3640000000000002,0.025395725961022676,0.3640000000000002,0.0,0.022917651,12.0
3.5512063435157684,-1.74993921704655,12.0,322.8127694487107,4.905880861513743,0.3650000000000002,0.025345631424479296,0.3650000000000002,0.0,0.022917651,12.0
3.551361529908802,-1.747504904751353,12.0,322.5866274579899,4.905316682282536,0.36600000000000027,0.025295169165430835,0.3660000000000002,0.0,0.022917651,12.0
3.5515168053182244,-1.745070238465448,12.0,322.3559204759534,4.904752505116134,0.36700000000000016,0.025244332819182327,0.3670000000000002,0.0,0.022917651,12.0
3.5516721712937116,-1.7426352120262605,12.0,322.1205690313143,4.904188330050483,0.36800000000000027,0.02519311587330272,0.3680000000000002,0.0,0.022917651,12.0
3.5518276294211155,-1.7401998191273373,12.0,321.8804917973463,4.903624157122369,0.3690000000000002,0.02514151166331332,0.3690000000000002,0.0,0.022917651,12.0
3.551983012832781,-1.7377678520224862,12.0,321.64198351531223,4.903063111163261,0.3700000000000003,0.02508970554319212,0.3700000000000002,0.0,0.022917651,12.0
3.55213798472922,-1.7353466347805662,12.0,321.41762690416954,4.902511169149111,0.37100000000000016,0.025038084919862303,0.3710000000000002,0.0,0.022917651,12.0
3.5522930563177573,-1.732924497803391,12.0,321.1879454761032,4.901958706169414,0.3720000000000002,0.024986064330113286,0.3720000000000002,0.0,0.022917651,12.0
3.552448230537751,-1.73050141397315,12.0,320.9527822322697,4.901405706863832,0.3730000000000002,0.024933631981189346,0.3730000000000002,0.0,0.022917651,12.0
3.5526035104452585,-1.728077355095384,12.0,320.7119739405493,4.900852155262179,0.3740000000000002,0.02488077561213063,0.3740000000000002,0.0,0.022917651,12.0
3.55275889921889,-1.7256522918450157,12.0,320.4653508230973,4.9002980347538525,0.3750000000000002,0.024827482470304058,0.3750000000000002,0.0,0.022917651,12.0
3.5529144001660087,-1.7232261937091016,12.0,320.21273622491145,4.899743328055412,0.3760000000000002,0.024773739286508115,0.3760000000000002,0.0,0.022917651,12.0
3.553070016729321,-1.7207990289260735,12.0,319.9539462620547,4.899188017176155,0.3770000000000003,0.02471953224854965,0.3770000000000002,0.0,0.022917651,12.0
3.5532257524938657,-1.7183707644212063,12.0,319.6887894480623,4.898632083381567,0.37800000000000017,0.02466484697318194,0.3780000000000002,0.0,0.022917651,12.0
3.553381611194454,-1.7159413657380478,12.0,319.41706629693846,4.898075507154484,0.3790000000000002,0.024609668476284288,0.3790000000000002,0.0,0.022917651,12.0
3.553537596723568,-1.7135107969655008,12.0,319.1385689010124,4.897518268153788,0.3800000000000002,0.024553981141153283,0.3800000000000002,0.0,0.022917651,12.0
3.5536937131397686,-1.7110790206602433,12.0,318.8530804817762,4.896960345170459,0.3810000000000002,0.024497768684764592,0.3810000000000002,0.0,0.022917651,12.0
3.5538499646766555,-1.7086459977641268,12.0,318.56037491166745,4.896401716080798,0.38200000000000023,0.024441014121852293,0.38200000000000023,0.0,0.022917651,12.0
3.5540063557523975,-1.706211687516173,12.0,318.2602162045769,4.895842357796566,0.38300000000000023,0.024383699726639053,0.38300000000000023,0.0,0.022917651,12.0
3.5541628909799097,-1.7037760473587544,12.0,317.9523579726712,4.895282246211848,0.38400000000000023,0.02432580699203613,0.38400000000000023,0.0,0.022917651,12.0
3.5543195751776975,-1.7013390328374995,12.0,317.6365428469023,4.894721356146363,0.38500000000000023,0.02426731658611565,0.38500000000000023,0.0,0.022917651,12.0
3.5544764133814395,-1.6989005974944342,12.0,317.3125018583389,4.894159661284924,0.38600000000000023,0.024208208305640255,0.38600000000000023,0.0,0.022917651,12.0
3.5546334108563684,-1.696460692753814,12.0,316.97995377719656,4.893597134112775,0.3870000000000003,0.02414846102641515,0.38700000000000023,0.0,0.022917651,12.0
3.5547905731104934,-1.6940192678000594,12.0,316.63860440615,4.893033745846455,0.3880000000000002,0.024088052650206287,0.38800000000000023,0.0,0.022917651,12.0
3.554947905908763,-1.6915762694471552,12.0,316.2881458241988,4.892469466359813,0.38900000000000023,0.02402696004794429,0.38900000000000023,0.0,0.022917651,12.0
3.55510541528822,-1.6891316419987954,12.0,315.9282555769994,4.891904264104797,0.39000000000000024,0.023965158998907405,0.39000000000000024,0.0,0.022917651,12.0
3.555263107574248,-1.686685327098517,12.0,315.5585958091912,4.891338106026562,0.3910000000000003,0.023902624125547316,0.39100000000000024,0.0,0.022917651,12.0
3.555420989397993,-1.684237263568959,12.0,315.1788123338084,4.89077095747242,0.39200000000000024,0.023839328823589266,0.39200000000000024,0.0,0.022917651,12.0
3.5555790677150676,-1.6817873872393336,12.0,314.7885336333912,4.890202782094119,0.3930000000000003,0.023775245187001883,0.39300000000000024,0.0,0.022917651,12.0
3.555737349825637,-1.6793356307600658,12.0,314.38736978687405,4.889633541742847,0.39400000000000024,0.02371034392739188,0.39400000000000024,0.0,0.022917651,12.0
3.5558958433960255,-1.6768819234034982,12.0,313.974911315739,4.889063196356343,0.39500000000000024,0.023644594287334352,0.39500000000000024,0.0,0.022917651,12.0
3.556054556481963,-1.6744261908494034,12.0,313.55072794225333,4.888491703837408,0.39600000000000024,0.023577963947099538,0.39600000000000024,0.0,0.022917651,12.0
3.5562134975536295,-1.6719683549539504,12.0,313.11436725188037,4.887919019923041,0.39700000000000024,0.02351041892418159,0.39700000000000024,0.0,0.022917651,12.0
3.5563726755226535,-1.6695083335006022,12.0,312.6653532511201,4.887345098043336,0.3980000000000003,0.023441923464972748,0.39800000000000024,0.0,0.022917651,12.0
3.5565319669995907,-1.6670500031117639,12.0,312.2080011879211,4.886773321099813,0.39900000000000024,0.023372467041813758,0.39900000000000024,0.0,0.022917651,12.0
3.5566913815148196,-1.6645940925745866,12.0,311.7404700223118,4.886204455906178,0.40000000000000024,0.02330178183626156,0.40000000000000024,0.0,0.022917651,12.0
3.5569193816294504,-1.6619095504045782,12.0,311.90783259072305,4.885401014152115,0.40100000000000025,0.02329854771083599,0.40100000000000025,0.0,0.022917651,12.0
3.557147399055002,-1.6592248661867086,12.0,312.07542412373147,4.884597499595252,0.40200000000000025,0.023295310320406316,0.40200000000000025,0.0,0.022917651,12.0
3.557375434007227,-1.6565400381505704,12.0,312.24324747502914,4.883793911328213,0.40300000000000025,0.023292069624279294,0.40300000000000025,0.0,0.022917651,12.0
3.5576034867054807,-1.6538550644962113,12.0,312.41130554592854,4.882990248428481,0.4040000000000003,0.023288825581082587,0.40400000000000025,0.0,0.022917651,12.0
3.557831557372793,-1.6511699433935174,12.0,312.57960128636034,4.88218650995808,0.40500000000000025,0.02328557814875059,0.40500000000000025,0.0,0.022917651,12.0
3.558059646235947,-1.6484846729815779,12.0,312.7481376958953,4.881382694963253,0.4060000000000003,0.02328232728450984,0.40600000000000025,0.0,0.022917651,12.0
3.558287753525559,-1.6457992513680355,12.0,312.9169178247936,4.880578802474118,0.40700000000000025,0.02327907294486403,0.40700000000000025,0.0,0.022917651,12.0
3.558515879476157,-1.643113676628418,12.0,313.0859447750793,4.879774831504345,0.40800000000000025,0.02327581508557871,0.40800000000000025,0.0,0.022917651,12.0
3.5587440243262685,-1.640427946805455,12.0,313.2552217016441,4.878970781050782,0.40900000000000025,0.023272553661665564,0.40900000000000025,0.0,0.022917651,12.0
3.558972188318501,-1.6377420599083772,12.0,313.4247518133776,4.878166650093119,0.41000000000000036,0.02326928862736626,0.41000000000000025,0.0,0.022917651,12.0
3.559200371699635,-1.6350560139121937,12.0,313.59453837432784,4.877362437593499,0.41100000000000025,0.02326601993613591,0.41100000000000025,0.0,0.022917651,12.0
3.5594285747207097,-1.6323698067569563,12.0,313.76458470489155,4.876558142496152,0.41200000000000025,0.02326274754062612,0.41200000000000025,0.0,0.022917651,12.0
3.5596567976371163,-1.6296834363470007,12.0,313.93489418303557,4.8757537637269985,0.4130000000000003,0.02325947139266753,0.41300000000000026,0.0,0.022917651,12.0
3.559885040708694,-1.6269969005501692,12.0,314.1054702455496,4.874949300193262,0.41400000000000026,0.02325619144325199,0.41400000000000026,0.0,0.022917651,12.0
3.5601133041998274,-1.6243101971970124,12.0,314.27631638933235,4.87414475078305,0.41500000000000026,0.023252907642514198,0.41500000000000026,0.0,0.022917651,12.0
3.5603415883795444,-1.621623324079972,12.0,314.44743617271183,4.873340114364935,0.4160000000000003,0.023249619939712876,0.41600000000000026,0.0,0.022917651,12.0
3.5605698935216195,-1.6189362789525383,12.0,314.61883321679977,4.872535389787532,0.41700000000000037,0.02324632828321146,0.41700000000000026,0.0,0.022917651,12.0
3.56079821990468,-1.6162490595283876,12.0,314.7905112068822,4.871730575879048,0.41800000000000026,0.023243032620458286,0.41800000000000026,0.0,0.022917651,12.0
3.5610265678123127,-1.6135616634804983,12.0,314.9624738938482,4.870925671446827,0.41900000000000026,0.023239732897966162,0.41900000000000026,0.0,0.022917651,12.0
3.5612549375331755,-1.6108740884402388,12.0,315.13472509565565,4.870120675276893,0.4200000000000003,0.023236429061291548,0.42000000000000026,0.0,0.022917651,12.0
3.561483329361109,-1.6081863319964338,12.0,315.30726869883705,4.869315586133463,0.4210000000000003,0.023233121055013004,0.42100000000000026,0.0,0.022917651,12.0
3.561711743595259,-1.6054983916944063,12.0,315.4801086600463,4.868510402758458,0.42200000000000026,0.023229808822709183,0.42200000000000026,0.0,0.022917651,12.0
3.5619401805401893,-1.6028102650349907,12.0,315.6532490076471,4.867705123871,0.4230000000000003,0.023226492306936172,0.42300000000000026,0.0,0.022917651,12.0
3.562168640506012,-1.6001219494735213,12.0,315.82669384334497,4.866899748166888,0.4240000000000003,0.02322317144920421,0.42400000000000027,0.0,0.022917651,12.0
3.5623971238085073,-1.59743344241879,12.0,316.00044734386387,4.866094274318066,0.42500000000000027,0.023219846189953763,0.42500000000000027,0.0,0.022917651,12.0
3.5626256307692605,-1.5947447412319804,12.0,316.17451376266945,4.865288700972083,0.4260000000000002,0.023216516468531005,0.42600000000000027,0.0,0.022917651,12.0
3.562854161715792,-1.5920558432255667,12.0,316.3488974317394,4.864483026751518,0.4270000000000003,0.02321318222316251,0.42700000000000027,0.0,0.022917651,12.0
3.563082716981695,-1.5893667456621863,12.0,316.5236027633834,4.86367725025341,0.4280000000000003,0.023209843390929345,0.42800000000000027,0.0,0.022917651,12.0
3.563311296906777,-1.5866774457534785,12.0,316.6986342521141,4.862871370048661,0.4290000000000003,0.02320649990774037,0.42900000000000027,0.0,0.022917651,12.0
3.563539901837209,-1.583987940658891,12.0,316.87399647657037,4.862065384681422,0.4300000000000003,0.023203151708304826,0.43000000000000027,0.0,0.022917651,12.0
3.563768532125669,-1.581298227484454,12.0,317.0496941014945,4.861259292668467,0.4310000000000003,0.023199798726104098,0.43100000000000027,0.0,0.022917651,12.0
3.5639971881314993,-1.578608303281518,12.0,317.22573187976616,4.860453092498544,0.4320000000000003,0.023196440893362782,0.4320000000000003,0.0,0.022917651,12.0
3.5642258702208647,-1.5759181650454557,12.0,317.4021146544938,4.859646782631714,0.4330000000000003,0.023193078141018803,0.4330000000000003,0.0,0.022917651,12.0
3.5644545787669144,-1.5732278097143286,12.0,317.57884736116614,4.858840361498661,0.4340000000000004,0.023189710398692772,0.4340000000000003,0.0,0.022917651,12.0
3.564683314149948,-1.5705372341675126,12.0,317.75593502986476,4.8580338274999955,0.43500000000000033,0.02318633759465639,0.4350000000000003,0.0,0.022917651,12.0
3.5649120767575897,-1.5678464352242867,12.0,317.93338278754214,4.857227179005522,0.43600000000000033,0.02318295965580003,0.4360000000000003,0.0,0.022917651,12.0
3.565140866984965,-1.5651554096423776,12.0,318.1111958603639,4.856420414353504,0.43700000000000033,0.023179576507599265,0.4370000000000003,0.0,0.022917651,12.0
3.5653696852348844,-1.5624641541164652,12.0,318.2893795761215,4.855613531849887,0.43800000000000033,0.023176188074080513,0.4380000000000003,0.0,0.022917651,12.0
3.565598531918025,-1.5597726652766424,12.0,318.4679393667132,4.854806529767514,0.4390000000000003,0.023172794277785645,0.4390000000000003,0.0,0.022917651,12.0
3.565827407453133,-1.5570809396868277,12.0,318.6468807707005,4.853999406345318,0.4400000000000002,0.02316939503973553,0.4400000000000003,0.0,0.022917651,12.0
3.5660563122672158,-1.5543889738431362,12.0,318.8262094359386,4.853192159787476,0.44100000000000034,0.02316599027939251,0.4410000000000003,0.0,0.022917651,12.0
3.5662852467957475,-1.5516967641721962,12.0,319.00593112228586,4.852384788262551,0.4420000000000003,0.02316257991462179,0.4420000000000003,0.0,0.022917651,12.0
3.5665142114828843,-1.549004307029419,12.0,319.18605170439383,4.851577289902608,0.4430000000000003,0.02315916386165164,0.4430000000000003,0.0,0.022917651,12.0
3.5667432067816747,-1.5463115986972167,12.0,319.3665771745818,4.8507696628023,0.4440000000000003,0.02315574203503239,0.4440000000000003,0.0,0.022917651,12.0
3.5669722331542917,-1.5436186353831642,12.0,319.54751364579715,4.849961905017919,0.44500000000000034,0.023152314347594252,0.4450000000000003,0.0,0.022917651,12.0
3.5672012910722546,-1.5409254132181063,12.0,319.72886735466653,4.849154014566434,0.4460000000000003,0.023148880710403767,0.4460000000000003,0.0,0.022917651,12.0
3.567430381016675,-1.5382319282542087,12.0,319.9106446646392,4.848345989424489,0.4470000000000003,0.02314544103271901,0.4470000000000003,0.0,0.022917651,12.0
3.567659503478496,-1.5355381764629468,12.0,320.09285206922783,4.847537827527374,0.44800000000000034,0.02314199522194338,0.4480000000000003,0.0,0.022917651,12.0
3.5678886589587466,-1.532844153733033,12.0,320.2754961953479,4.846729526767958,0.4490000000000003,0.023138543183577956,0.4490000000000003,0.0,0.022917651,12.0
3.568117847968803,-1.530149855868282,12.0,320.4585838067615,4.8459210849956005,0.4500000000000003,0.02313508482117241,0.4500000000000003,0.0,0.022917651,12.0
3.568347071030656,-1.5274552785854068,12.0,320.6421218076279,4.845112500015017,0.4510000000000003,0.023131620036274364,0.4510000000000003,0.0,0.022917651,12.0
3.5685763286771874,-1.5247604175117475,12.0,320.8261172461657,4.844303769585118,0.4520000000000003,0.023128148728377183,0.4520000000000003,0.0,0.022917651,12.0
3.5688056214524564,-1.522065268182927,12.0,321.0105773184296,4.843494891417811,0.4530000000000003,0.023124670794866097,0.4530000000000003,0.0,0.022917651,12.0
3.5690349499119938,-1.5193698260404362,12.0,321.1955093722067,4.84268586317675,0.4540000000000003,0.02312118613096266,0.4540000000000003,0.0,0.022917651,12.0
3.569264314623107,-1.516674086429136,12.0,321.3809209110373,4.841876682476072,0.4550000000000003,0.023117694629667406,0.4550000000000003,0.0,0.022917651,12.0
3.569493716165193,-1.5139780445946864,12.0,321.56681959836385,4.8410673468790675,0.45600000000000035,0.02311419618170069,0.4560000000000003,0.0,0.022917651,12.0
3.56972315513006,-1.5112816956808888,12.0,321.75321326181256,4.840257853896824,0.4570000000000003,0.023110690675441616,0.4570000000000003,0.0,0.022917651,12.0
3.5699526321222654,-1.5085850347269432,12.0,321.9401098976149,4.839448200986816,0.4580000000000004,0.023107177996865014,0.4580000000000003,0.0,0.022917651,12.0
3.5701821477594575,-1.505888056664617,12.0,322.1275176751709,4.838638385551456,0.4590000000000003,0.023103658029476344,0.4590000000000003,0.0,0.022917651,12.0
3.5704117026727364,-1.503190756315321,12.0,322.31544494176336,4.837828404936602,0.4600000000000003,0.02310013065424449,0.4600000000000003,0.0,0.022917651,12.0
3.570641297507016,-1.500493128387089,12.0,322.5039002274249,4.837018256429995,0.4610000000000003,0.02309659574953234,0.4610000000000003,0.0,0.022917651,12.0
3.570870932921409,-1.4977951674714578,12.0,322.6928922499675,4.836207937259676,0.4620000000000003,0.023093053191025073,0.4620000000000003,0.0,0.022917651,12.0
3.5711006095896165,-1.4950968680402446,12.0,322.8824299201782,4.8353974445923225,0.4630000000000003,0.02308950285165609,0.4630000000000003,0.0,0.022917651,12.0
3.5713303282003377,-1.492398224442215,12.0,323.07252234718806,4.834586775531547,0.4640000000000003,0.023085944601530406,0.4640000000000003,0.0,0.022917651,12.0
3.5715600894576847,-1.4896992308996406,12.0,323.26317884402164,4.833775927116132,0.46500000000000036,0.023082378307845552,0.4650000000000003,0.0,0.022917651,12.0
3.5717898940816206,-1.4869998815047396,12.0,323.4544089333345,4.832964896318201,0.4660000000000003,0.02307880383480976,0.4660000000000003,0.0,0.022917651,12.0
3.5720197428084055,-1.4843001702159975,12.0,323.6462223533444,4.832153680041339,0.4670000000000003,0.023075221043557366,0.4670000000000003,0.0,0.022917651,12.0
3.5722496363910614,-1.4816000908543614,12.0,323.8386290639655,4.831342275118639,0.4680000000000003,0.02307162979206134,0.4680000000000003,0.0,0.022917651,12.0
3.57247957559985,-1.478899637099301,12.0,324.03163925315346,4.830530678310685,0.4690000000000003,0.023068029935042814,0.4690000000000003,0.0,0.022917651,12.0
3.5727095612227724,-1.4761988024847414,12.0,324.2252633434699,4.829718886303464,0.4700000000000003,0.02306442132387748,0.4700000000000003,0.0,0.022917651,12.0
3.5729395940660793,-1.4734975803948445,12.0,324.4195119988739,4.828906895706207,0.4710000000000003,0.023060803806498723,0.4710000000000003,0.0,0.022917651,12.0
3.5731696749548036,-1.4707959640596504,12.0,324.6143961317518,4.828094703049153,0.47200000000000036,0.023057177227297398,0.4720000000000003,0.0,0.022917651,12.0
3.5733998047333113,-1.4680939465505625,12.0,324.8099269101938,4.827282304781235,0.4730000000000003,0.023053541427018046,0.4730000000000003,0.0,0.022917651,12.0
3.573629984265872,-1.4653915207756738,12.0,325.00611576552797,4.826469697267691,0.4740000000000003,0.023049896242651496,0.4740000000000003,0.0,0.022917651,12.0
3.573860214437245,-1.462688679474926,12.0,325.20297440012155,4.825656876787571,0.4750000000000003,0.02304624150732356,0.4750000000000003,0.0,0.022917651,12.0
3.5740904961532918,-1.459985415215097,12.0,325.40051479546224,4.824843839531178,0.4760000000000003,0.023042577050179862,0.4760000000000003,0.0,0.022917651,12.0
3.574320830341614,-1.4572817203846078,12.0,325.59874922052995,4.824030581597403,0.4770000000000003,0.023038902696266402,0.4770000000000003,0.0,0.022917651,12.0
3.5745512179522003,-1.4545775871881377,12.0,325.79769024047147,4.823217098990964,0.4780000000000003,0.023035218266405904,0.4780000000000003,0.0,0.022917651,12.0
3.5747816599581146,-1.4518730076410498,12.0,325.99735072559156,4.822403387619551,0.47900000000000037,0.02303152357706956,0.4790000000000003,0.0,0.022917651,12.0
3.575012157356194,-1.4491679735636065,12.0,326.1977438606733,4.82158944329086,0.4800000000000003,0.023027818440244152,0.4800000000000003,0.0,0.022917651,12.0
3.5752427111677845,-1.4464624765749756,12.0,326.3988831546424,4.820775261709522,0.4810000000000003,0.02302410266329423,0.4810000000000003,0.0,0.022917651,12.0
3.5754733224394966,-1.4437565080870105,12.0,326.60078245058986,4.8199608384739125,0.4820000000000003,0.0230203760488192,0.4820000000000003,0.0,0.022917651,12.0
3.57570399224399,-1.4410500592978017,12.0,326.8034559361687,4.819146169072851,0.4830000000000003,0.023016638394505053,0.4830000000000003,0.0,0.022917651,12.0
3.5759347216807926,-1.438343121184982,12.0,327.0069181543819,4.818331248882166,0.4840000000000003,0.02301288949297054,0.4840000000000003,0.0,0.022917651,12.0
3.576165511877144,-1.4356356844987845,12.0,327.21118401477753,4.81751607316114,0.4850000000000003,0.023009129131607527,0.4850000000000003,0.0,0.022917651,12.0
3.5763963639888745,-1.432927739754829,12.0,327.41626880507005,4.816700637048809,0.4860000000000004,0.023005357092415277,0.4860000000000003,0.0,0.022917651,12.0
3.5766272792013196,-1.4302192772266384,12.0,327.6221882032069,4.815884935560129,0.4870000000000003,0.023001573151828388,0.4870000000000003,0.0,0.022917651,12.0
3.576858258730265,-1.4275102869378649,12.0,327.8289582898997,4.815068963581993,0.4880000000000003,0.0229977770805381,0.4880000000000003,0.0,0.022917651,12.0
3.577089303822932,-1.424800758654211,12.0,328.036595561641,4.814252715869086,0.4890000000000004,0.022993968643306658,0.4890000000000003,0.0,0.022917651,12.0
3.5773204157589986,-1.4220906818750425,12.0,328.24511694423063,4.813436187039593,0.4900000000000003,0.022990147598774453,0.4900000000000003,0.0,0.022917651,12.0
3.5775515958516655,-1.4193800458246653,12.0,328.454539806832,4.812619371570722,0.4910000000000003,0.022986313699259582,0.4910000000000003,0.0,0.022917651,12.0
3.5777828454487572,-1.4166688394432598,12.0,328.66488197658475,4.8118022637940605,0.4920000000000003,0.022982466690549434,0.4920000000000003,0.0,0.022917651,12.0
3.578014165933873,-1.413957051377455,12.0,328.87616175379986,4.810984857890744,0.4930000000000004,0.022978606311684076,0.4930000000000003,0.0,0.022917651,12.0
3.57824555872758,-1.4112446699705237,12.0,329.08839792776314,4.810167147886431,0.4940000000000003,0.022974732294730824,0.4940000000000003,0.0,0.022917651,12.0
3.57847702528866,-1.4085316832521833,12.0,329.3016097931763,4.809349127646077,0.49500000000000033,0.02297084436454987,0.49500000000000033,0.0,0.022917651,12.0
3.5787085671153975,-1.405818078927979,12.0,329.515817167266,4.80853079086849,0.4960000000000004,0.022966942238550232,0.49600000000000033,0.0,0.022917651,12.0
3.5789401857469314,-1.4031038443682382,12.0,329.73104040759324,4.80771213108067,0.49700000000000033,0.022963025626435853,0.49700000000000033,0.0,0.022917651,12.0
3.579171882764654,-1.4003889665965654,12.0,329.94730043059513,4.806893141631919,0.49800000000000033,0.02295909422994119,0.49800000000000033,0.0,0.022917651,12.0
3.5794036885558556,-1.3976737117297178,12.0,330.16439758037933,4.8060742101507,0.49900000000000033,0.022955146743924886,0.49900000000000033,0.0,0.022917651,12.0
3.579635589374351,-1.394957814915311,12.0,330.3824543796602,4.8052550168267585,0.5000000000000003,0.022951183443107755,0.5000000000000003,0.0,0.022917651,12.0
3.5799543462618315,-1.3920107071534844,12.0,330.6551032032971,4.804374749235443,0.5010000000000003,0.022951036217661418,0.5010000000000003,0.0,0.022917651,12.0
3.5802732352267115,-1.3890626115979572,12.0,330.9288766865435,4.803494022169648,0.5020000000000003,0.022950888307581345,0.5020000000000003,0.0,0.022917651,12.0
3.5805922583998844,-1.3861135123119814,12.0,331.2037929742988,4.8026128282163585,0.5030000000000003,0.022950739701821873,0.5030000000000003,0.0,0.022917651,12.0
3.5809114179583332,-1.383163393014131,12.0,331.4798706038981,4.801731159802233,0.5040000000000003,0.022950590389098444,0.5040000000000003,0.0,0.022917651,12.0
3.581230716126377,-1.3802122370689314,12.0,331.7571285157793,4.800849009189241,0.5050000000000003,0.022950440357881116,0.5050000000000003,0.0,0.022917651,12.0
3.581550155176971,-1.377260027477186,12.0,332.03558606450036,4.799966368470169,0.5060000000000003,0.022950289596387844,0.5060000000000003,0.0,0.022917651,12.0
3.5818697374330384,-1.374306746865979,12.0,332.3152630301193,4.7990832295639665,0.5070000000000003,0.022950138092577586,0.5070000000000003,0.0,0.022917651,12.0
3.582189465268855,-1.371352377478349,12.0,332.5961796299523,4.798199584210941,0.5080000000000005,0.02294998583414307,0.5080000000000003,0.0,0.022917651,12.0
3.582509341111471,-1.3683969011626171,12.0,332.8783565307226,4.7973154239678,0.5090000000000003,0.022949832808503507,0.5090000000000003,0.0,0.022917651,12.0
3.5828293674421907,-1.3654402993613606,12.0,333.16181486111816,4.796430740202514,0.5100000000000005,0.02294967900279685,0.5100000000000003,0.0,0.022917651,12.0
3.5831495467980945,-1.3624825531000089,12.0,333.44657622477206,4.795545524089019,0.5110000000000003,0.022949524403871942,0.5110000000000003,0.0,0.022917651,12.0
3.583469881773615,-1.3595236429750586,12.0,333.73266271368277,4.794659766601733,0.5120000000000003,0.022949368998280328,0.5120000000000003,0.0,0.022917651,12.0
3.5837903750221676,-1.3565635491418824,12.0,334.0200969220926,4.793773458509881,0.5130000000000005,0.022949212772267826,0.5130000000000003,0.0,0.022917651,12.0
3.584111029257834,-1.3536022513021237,12.0,334.30890196084187,4.792886590371637,0.5140000000000003,0.02294905571176577,0.5140000000000003,0.0,0.022917651,12.0
3.5844318472571115,-1.3506397286906526,12.0,334.5991014722182,4.791999152528052,0.5150000000000003,0.02294889780238198,0.5150000000000003,0.0,0.022917651,12.0
3.58475283186071,-1.3476759600620714,12.0,334.8907196453214,4.791111135096784,0.5160000000000003,0.02294873902939139,0.5160000000000003,0.0,0.022917651,12.0
3.585073985975425,-1.3447109236767496,12.0,335.18378123196345,4.790222527965593,0.5170000000000003,0.022948579377726406,0.5170000000000003,0.0,0.022917651,12.0
3.585395312576068,-1.3417445972863689,12.0,335.47831156312776,4.789333320785624,0.5180000000000005,0.022948418831966844,0.5180000000000003,0.0,0.022917651,12.0
3.5857168147074683,-1.3387769581189553,12.0,335.77433656600886,4.78844350296444,0.5190000000000003,0.02294825737632961,0.5190000000000003,0.0,0.022917651,12.0
3.5860384954865445,-1.3358079828633813,12.0,336.0718827816574,4.787553063658819,0.5200000000000004,0.022948094994657886,0.5200000000000004,0.0,0.022917651,12.0
3.586360358104452,-1.3328376476533166,12.0,336.37097738325525,4.786661991767282,0.5210000000000005,0.02294793167041007,0.5210000000000004,0.0,0.022917651,12.0
3.5866824488450297,-1.3298660327746814,12.0,336.6712741659171,4.785770552663614,0.5220000000000005,0.022947766659341153,0.5220000000000004,0.0,0.022917651,12.0
3.5870047801862213,-1.3268931325514,12.0,336.9727268764453,4.784878790573858,0.5230000000000004,0.02294759981225412,0.5230000000000004,0.0,0.022917651,12.0
3.5873273038730797,-1.3239187943262665,12.0,337.27581603018615,4.783986359878715,0.5240000000000005,0.022947431994222313,0.5240000000000004,0.0,0.022917651,12.0
3.5876500234327864,-1.3209429917296003,12.0,337.58057163578195,4.783093248317483,0.5250000000000004,0.022947263187440805,0.5250000000000004,0.0,0.022917651,12.0
3.587972942479295,-1.31796569774301,12.0,337.88702444010795,4.782199443327841,0.5260000000000005,0.02294709337366668,0.5260000000000004,0.0,0.022917651,12.0
3.588296064716012,-1.314986884679321,12.0,338.19520595111373,4.781304932036513,0.5270000000000004,0.022946922534205428,0.5270000000000004,0.0,0.022917651,12.0
3.5886193939385875,-1.3120065241617518,12.0,338.50514846151856,4.780409701249589,0.5280000000000004,0.022946750649896947,0.5280000000000004,0.0,0.022917651,12.0
3.588942934037802,-1.309024587102312,12.0,338.81688507339743,4.779513737442476,0.5290000000000005,0.022946577701100895,0.5290000000000004,0.0,0.022917651,12.0
3.589266689002565,-1.3060410436793792,12.0,339.1304497236966,4.778617026749477,0.5300000000000004,0.022946403667681595,0.5300000000000004,0.0,0.022917651,12.0
3.58959066292303,-1.3030558633144231,12.0,339.4458772107219,4.77771955495297,0.5310000000000004,0.022946228528992293,0.5310000000000004,0.0,0.022917651,12.0
3.5899148599938253,-1.300069014647839,12.0,339.7632032216405,4.776821307472164,0.5320000000000004,0.022946052263858856,0.5320000000000004,0.0,0.022917651,12.0
3.5902392845174136,-1.2970804655138475,12.0,340.082464361044,4.775922269351439,0.5330000000000004,0.02294587485056282,0.5330000000000004,0.0,0.022917651,12.0
3.5905639409075767,-1.294090182914423,12.0,340.4036981806201,4.775022425248214,0.5340000000000004,0.02294569626682378,0.5340000000000004,0.0,0.022917651,12.0
3.590888833693042,-1.291098132992199,12.0,340.7269432099826,4.774121759420355,0.5350000000000004,0.0229455164897811,0.5350000000000004,0.0,0.022917651,12.0
3.591213967521247,-1.2881042810023138,12.0,341.05223898871486,4.773220255713084,0.5360000000000005,0.02294533549597491,0.5360000000000004,0.0,0.022917651,12.0
3.591539347162254,-1.2851085912831375,12.0,341.37962609967985,4.772317897545365,0.5370000000000005,0.022945153261326325,0.5370000000000004,0.0,0.022917651,12.0
3.5918649775128237,-1.2821110272258336,12.0,341.70914620365903,4.771414667895758,0.5380000000000004,0.02294496976111692,0.5380000000000004,0.0,0.022917651,12.0
3.5921908636006505,-1.2791115512427027,12.0,342.0408420753795,4.7705105492876925,0.5390000000000004,0.02294478496996731,0.5390000000000004,0.0,0.022917651,12.0
3.5925170859742357,-1.2761103286850428,12.0,342.3740089186166,4.7696060281157795,0.5400000000000004,0.0229445973582575,0.5400000000000004,0.0,0.022917651,12.0
3.59284358619066,-1.2731071405016652,12.0,342.709336475351,4.768700652494564,0.5410000000000004,0.022944408215136342,0.5410000000000004,0.0,0.022917651,12.0
3.593170359073906,-1.2701019164715308,12.0,343.0469778749711,4.7677943316585925,0.5420000000000003,0.02294421772909338,0.5420000000000004,0.0,0.022917651,12.0
3.5934974102576764,-1.2670946145310138,12.0,343.38698092491717,4.766887046078324,0.5430000000000005,0.022944025872381847,0.5430000000000004,0.0,0.022917651,12.0
3.593824745531952,-1.2640851914496545,12.0,343.7293947587935,4.765978775682465,0.5440000000000004,0.022943832616485284,0.5440000000000004,0.0,0.022917651,12.0
3.5941523708484455,-1.2610736027894205,12.0,344.0742698826741,4.765069499839072,0.5450000000000005,0.022943637932090692,0.5450000000000004,0.0,0.022917651,12.0
3.594480292326292,-1.2580598028622434,12.0,344.42165822336136,4.764159197335822,0.5460000000000004,0.022943441789060475,0.5460000000000004,0.0,0.022917651,12.0
3.594808516257977,-1.2550437446857536,12.0,344.77161317869644,4.763247846359465,0.5470000000000003,0.022943244156403284,0.5470000000000004,0.0,0.022917651,12.0
3.595137049115514,-1.2520253799371204,12.0,345.12418967002185,4.7623354244744,0.5480000000000004,0.022943045002243537,0.5480000000000004,0.0,0.022917651,12.0
3.595465897556901,-1.249004658904903,12.0,345.4794441969064,4.761421908600309,0.5490000000000004,0.02294284429378969,0.5490000000000004,0.0,0.022917651,12.0
3.595795068432844,-1.245981530438811,12.0,345.83743489424495,4.7605072749888375,0.5500000000000004,0.022942641997301068,0.5500000000000004,0.0,0.022917651,12.0
3.59612456879378,-1.2429559418972644,12.0,346.1982215918562,4.7595914991992485,0.5510000000000004,0.02294243807805328,0.5510000000000004,0.0,0.022917651,12.0
3.596454405897214,-1.2399278390926511,12.0,346.5618658767055,4.758674556073002,0.5520000000000004,0.02294223250030213,0.5520000000000004,0.0,0.022917651,12.0
3.59678458721537,-1.2368971662341453,12.0,346.92843115788946,4.75775641970721,0.5530000000000005,0.02294202522724586,0.5530000000000004,0.0,0.022917651,12.0
3.597115268874038,-1.233863460221183,12.0,347.29735441185994,4.756837252456006,0.5540000000000004,0.022941814661501223,0.5540000000000004,0.0,0.022917651,12.0
3.597446394419971,-1.2308268244383402,12.0,347.6689915085257,4.75591693153743,0.5550000000000004,0.022941601526401754,0.5550000000000004,0.0,0.022917651,12.0
3.597777892025652,-1.2277874131556747,12.0,348.0437546942311,4.754995323411262,0.5560000000000005,0.022941386642891273,0.5560000000000004,0.0,0.022917651,12.0
3.598109770244983,-1.2247451625625758,12.0,348.42171583986715,4.75407239848373,0.5570000000000004,0.022941169970772633,0.5570000000000004,0.0,0.022917651,12.0
3.5984420378961084,-1.2217000068772645,12.0,348.8029490364864,4.75314812624689,0.5580000000000003,0.022940951468606967,0.5580000000000004,0.0,0.022917651,12.0
3.5987747040716918,-1.2186518782700821,12.0,349.18753068169815,4.752222475243036,0.5590000000000004,0.02294073109366535,0.5590000000000004,0.0,0.022917651,12.0
3.5991077781496825,-1.2156007067831756,12.0,349.575539570131,4.751295413027458,0.5600000000000004,0.0229405088018782,0.5600000000000004,0.0,0.022917651,12.0
3.599441269804598,-1.21254642024637,12.0,349.9670569881855,4.750366906129433,0.5610000000000005,0.022940284547782328,0.5610000000000004,0.0,0.022917651,12.0
3.599775189019334,-1.2094889441890226,12.0,350.3621668133179,4.749436920011333,0.5620000000000004,0.02294005828446534,0.5620000000000004,0.0,0.022917651,12.0
3.600109546097556,-1.2064282017476207,12.0,350.76095561810877,4.748505419025777,0.5630000000000004,0.022939829963507498,0.5630000000000004,0.0,0.022917651,12.0
3.6004443516766824,-1.2033641135688973,12.0,351.163512779388,4.747572366370701,0.5640000000000004,0.022939599534920634,0.5640000000000004,0.0,0.022917651,12.0
3.600779616741514,-1.2002965977081999,12.0,351.569930592706,4.746637724042215,0.5650000000000004,0.022939366947084164,0.5650000000000004,0.0,0.022917651,12.0
3.6011153954429647,-1.1972255820871294,12.0,351.97943115271886,4.745701635033576,0.5660000000000004,0.022939131787465726,0.5660000000000004,0.0,0.022917651,12.0
3.6014516634310794,-1.194150951018837,12.0,352.3929519191963,4.744763887629986,0.5670000000000005,0.022938894355647416,0.5670000000000004,0.0,0.022917651,12.0
3.601788431034636,-1.1910726122369422,12.0,352.81063804246355,4.743824430952055,0.5680000000000004,0.02293865461247846,0.5680000000000004,0.0,0.022917651,12.0
3.6021257109715945,-1.1879904713597582,12.0,353.2325955537422,4.7428832214893575,0.5690000000000004,0.022938412499122277,0.5690000000000004,0.0,0.022917651,12.0
3.6024635163952623,-1.1849044307748062,12.0,353.65893411382143,4.741940214242055,0.5700000000000005,0.02293816795472825,0.5700000000000004,0.0,0.022917651,12.0
3.602801860913088,-1.1818143894993824,12.0,354.0897671697029,4.740995362656621,0.5710000000000004,0.0229379209163448,0.5710000000000004,0.0,0.022917651,12.0
3.603140758606429,-1.1787202430338375,12.0,354.52521211943065,4.740048618558201,0.5720000000000005,0.02293767131882791,0.5720000000000004,0.0,0.022917651,12.0
3.6034802240513626,-1.175621883207125,12.0,354.9653904856058,4.739099932079405,0.5730000000000004,0.022937419094744862,0.5730000000000004,0.0,0.022917651,12.0
3.6038202723406085,-1.172519198014139,12.0,355.41042809812785,4.738149251585327,0.5740000000000004,0.02293716417427282,0.5740000000000004,0.0,0.022917651,12.0
3.6041609444584806,-1.1694119343372957,12.0,355.8603538797516,4.737196488109057,0.5750000000000004,0.0229369060772958,0.5750000000000004,0.0,0.022917651,12.0
3.6045023846474726,-1.1662992809279118,12.0,356.3147985859453,4.736241408452478,0.5760000000000004,0.022936642781317698,0.5760000000000004,0.0,0.022917651,12.0
3.6048444574423972,-1.1631819378064103,12.0,356.7745169973684,4.735284169488682,0.5770000000000005,0.02293637674535398,0.5770000000000004,0.0,0.022917651,12.0
3.6051871802336364,-1.1600597760522686,12.0,357.23965408855634,4.734324711858156,0.5780000000000004,0.02293610789408224,0.5780000000000004,0.0,0.022917651,12.0
3.6055305710548864,-1.1569326619758837,12.0,357.71036019700125,4.733362974005542,0.5790000000000004,0.02293583614939372,0.5790000000000004,0.0,0.022917651,12.0
3.6058746486131765,-1.1538004568959888,12.0,358.18679127345257,4.732398892077141,0.5800000000000005,0.02293556143026326,0.5800000000000004,0.0,0.022917651,12.0
3.6062194323205987,-1.1506630169044882,12.0,358.66910914636776,4.731432399812639,0.5810000000000004,0.0229352836526119,0.5810000000000004,0.0,0.022917651,12.0
3.606564942327834,-1.1475201926178675,12.0,359.15748180145687,4.73046342843065,0.5820000000000004,0.02293500272916164,0.5820000000000004,0.0,0.022917651,12.0
3.6069111995596215,-1.1443718289142835,12.0,359.6520836773336,4.729491906507663,0.5830000000000005,0.022934718569281844,0.5830000000000004,0.0,0.022917651,12.0
3.607258359196188,-1.1412169082984374,12.0,360.1524148843741,4.72851743591898,0.5840000000000004,0.02293443090604827,0.5840000000000004,0.0,0.022917651,12.0
3.6076063434725203,-1.1380559053805785,12.0,360.6592117526815,4.727540181274814,0.5850000000000004,0.022934139768797768,0.5850000000000004,0.0,0.022917651,12.0
3.607955147583357,-1.1348888273172282,12.0,361.1728196143341,4.726560130802354,0.5860000000000004,0.02293384509195882,0.5860000000000004,0.0,0.022917651,12.0
3.608304796142824,-1.1317154917125514,12.0,361.69344295773715,4.725577200561646,0.5870000000000004,0.022933546769261348,0.5870000000000004,0.0,0.022917651,12.0
3.608655314760337,-1.1285357087954073,12.0,362.22129453993176,4.7245913032185625,0.5880000000000005,0.022933244690138167,0.5880000000000004,0.0,0.022917651,12.0
3.609006730091423,-1.1253492810427588,12.0,362.75659580879807,4.723602347871496,0.5890000000000004,0.02293293873950557,0.5890000000000004,0.0,0.022917651,12.0
3.609359069891685,-1.1221560027797706,12.0,363.2995773513957,4.722610239867317,0.5900000000000004,0.022932628797530333,0.5900000000000004,0.0,0.022917651,12.0
3.6097126827257413,-1.1189539192275724,12.0,363.8499928162095,4.721614419706649,0.5910000000000005,0.022932313706936377,0.5910000000000004,0.0,0.022917651,12.0
3.610067441511569,-1.1157436824690827,12.0,364.4083502680836,4.720615030607012,0.5920000000000004,0.02293199400721764,0.5920000000000004,0.0,0.022917651,12.0
3.6104232242790517,-1.112525899470992,12.0,364.9751477036114,4.7196121911559725,0.5930000000000004,0.022931670095304602,0.5930000000000004,0.0,0.022917651,12.0
3.610780064004383,-1.1093003272150133,12.0,365.5506569231157,4.718605790238788,0.5940000000000004,0.02293134183554822,0.5940000000000004,0.0,0.022917651,12.0
3.6111379950950715,-1.1060667121347854,12.0,366.1351615242641,4.717595711917839,0.5950000000000004,0.02293100908641166,0.5950000000000004,0.0,0.022917651,12.0
3.611497053468448,-1.1028247895373,12.0,366.7289575491619,4.716581835168091,0.5960000000000004,0.022930671700147384,0.5960000000000004,0.0,0.022917651,12.0
3.6118573460169143,-1.0995736059992816,12.0,367.3320300241288,4.715563636286778,0.5970000000000004,0.02293032924028641,0.5970000000000004,0.0,0.022917651,12.0
3.612218911723904,-1.0963128416143526,12.0,367.9446911614055,4.714540951605566,0.5980000000000004,0.022929981611165773,0.5980000000000004,0.0,0.022917651,12.0
3.6125817181693787,-1.0930428977082418,12.0,368.56761561027673,4.713514050613909,0.5990000000000004,0.02292962896730708,0.5990000000000004,0.0,0.022917651,12.0
3.612945807918285,-1.089763459367029,12.0,369.2011554653264,4.712482788666476,0.6000000000000004,0.02292927113667403,0.6000000000000004,0.0,0.022917651,12.0
3.613335896197158,-1.0867464326114846,12.0,369.4874628840609,4.7116955854727305,0.6010000000000005,0.022929254955165672,0.6010000000000004,0.0,0.022917651,12.0
3.6137262554315424,-1.083727521942805,12.0,369.7761006107383,4.710907582111449,0.6020000000000004,0.022929238679280876,0.6020000000000004,0.0,0.022917651,12.0
3.6141168896762674,-1.0807066991683612,12.0,370.0671035182553,4.710118766608177,0.6030000000000005,0.022929222307607307,0.6030000000000004,0.0,0.022917651,12.0
3.614507919900777,-1.077683255703869,12.0,370.36033930746294,4.70932891229585,0.6040000000000004,0.02292920591488619,0.6040000000000004,0.0,0.022917651,12.0
3.6148994070972074,-1.0746568395429752,12.0,370.65577156139403,4.70853791029682,0.6050000000000004,0.022929189533764948,0.6050000000000004,0.0,0.022917651,12.0
3.6152911841409865,-1.0716284216650762,12.0,370.95368742383016,4.707746066015924,0.6060000000000005,0.02292917304969273,0.6060000000000004,0.0,0.022917651,12.0
3.615683255443594,-1.0685979716040095,12.0,371.2541246953293,4.7069533666336145,0.6070000000000004,0.022929156461102614,0.6070000000000004,0.0,0.022917651,12.0
3.6160756255064914,-1.0655654582721996,12.0,371.557121947461,4.706159799068872,0.6080000000000004,0.022929139766395722,0.6080000000000004,0.0,0.022917651,12.0
3.6164682989234267,-1.0625308499447335,12.0,371.8627185425647,4.7053653499724994,0.6090000000000004,0.022929122963940403,0.6090000000000004,0.0,0.022917651,12.0
3.6168612803828104,-1.0594941142429428,12.0,372.17095465411967,4.70457000572021,0.6100000000000004,0.022929106052071387,0.6100000000000004,0.0,0.022917651,12.0
3.6172545746701665,-1.056455218117477,12.0,372.48187128774623,4.703773752405504,0.6110000000000004,0.022929089029088884,0.6110000000000004,0.0,0.022917651,12.0
3.6176481866706625,-1.053414127830847,12.0,372.7955103028649,4.702976575832335,0.6120000000000005,0.02292907189325774,0.6120000000000004,0.0,0.022917651,12.0
3.618042381271077,-1.0503698623663291,12.0,373.11178087119634,4.702178555598254,0.6130000000000005,0.02292905458829853,0.6130000000000004,0.0,0.022917651,12.0
3.618437329932968,-1.0473217658449716,12.0,373.43065321679603,4.701379722337756,0.6140000000000005,0.02292903708100855,0.6140000000000004,0.0,0.022917651,12.0
3.618832609465371,-1.0442713557457315,12.0,373.7523974504497,4.700579899001589,0.6150000000000004,0.022929019461032884,0.6150000000000004,0.0,0.022917651,12.0
3.6192282251062653,-1.0412185954425834,12.0,374.0770590367364,4.699779069915963,0.6160000000000004,0.02292900172658761,0.6160000000000004,0.0,0.022917651,12.0
3.61962418220478,-1.0381634475323038,12.0,374.40468440498626,4.69897721907449,0.6170000000000004,0.02292898387585096,0.6170000000000004,0.0,0.022917651,12.0
3.6200204862241545,-1.0351058738137455,12.0,374.73532097500726,4.69817433012932,0.6180000000000004,0.0229289659069623,0.6180000000000004,0.0,0.022917651,12.0
3.6204171427448015,-1.032045835266445,12.0,375.06901718363906,4.697370386381981,0.6190000000000005,0.022928947818021087,0.6190000000000004,0.0,0.022917651,12.0
3.6208141574674673,-1.0289832920285418,12.0,375.4058225121656,4.6965653707739365,0.6200000000000004,0.022928929607085806,0.6200000000000004,0.0,0.022917651,12.0
3.62121160351327,-1.0259178006707717,12.0,375.74572074638905,4.695759132126144,0.6210000000000004,0.022928911154622453,0.6210000000000004,0.0,0.022917651,12.0
3.6216096597280405,-1.0228482772879253,12.0,376.0886001236543,4.69495130129466,0.6220000000000006,0.022928892155723017,0.6220000000000004,0.0,0.022917651,12.0
3.6220080902367853,-1.0197761221567463,12.0,376.43475860534954,4.694142335887069,0.6230000000000004,0.022928873030334803,0.6230000000000004,0.0,0.022917651,12.0
3.6224069011897764,-1.0167012920332306,12.0,376.78425007261643,4.693332217260397,0.6240000000000006,0.022928853776379397,0.6240000000000004,0.0,0.022917651,12.0
3.6228060988727746,-1.0136237427207286,12.0,377.13712959357366,4.6925209263609755,0.6250000000000004,0.022928834391732586,0.6250000000000004,0.0,0.022917651,12.0
3.6232056897107796,-1.0105434290435669,12.0,377.49345345618366,4.691708443713066,0.6260000000000004,0.022928814874223113,0.6260000000000004,0.0,0.022917651,12.0
3.6236056802719077,-1.007460304819788,12.0,377.8532792022176,4.690894749407111,0.6270000000000006,0.02292879522163135,0.6270000000000004,0.0,0.022917651,12.0
3.624006077271398,-1.0043743228329765,12.0,378.2166656623614,4.690079823087587,0.6280000000000006,0.02292877543168795,0.6280000000000004,0.0,0.022917651,12.0
3.6244070997279363,-1.0012840663513485,12.0,378.58340065702555,4.689263124291421,0.6290000000000006,0.022928755371013097,0.6290000000000004,0.0,0.022917651,12.0
3.6248086087363207,-0.9981904200962911,12.0,378.95373733092225,4.688444981945239,0.6300000000000004,0.022928735130666275,0.6300000000000004,0.0,0.022917651,12.0
3.625210546636381,-0.9950937507423576,12.0,379.32782245231425,4.687625532017446,0.6310000000000006,0.02292871474877134,0.6310000000000004,0.0,0.022917651,12.0
3.625612920794362,-0.991994006367605,12.0,379.7057204010595,4.686804752050232,0.6320000000000006,0.022928694222897186,0.6320000000000005,0.0,0.022917651,12.0
3.6260157387461693,-0.9888911338542266,12.0,380.08749703981056,4.6859826190685405,0.6330000000000005,0.022928673550556722,0.6330000000000005,0.0,0.022917651,12.0
3.6264190082022787,-0.985785078853923,12.0,380.47321975695024,4.685159109565092,0.6340000000000005,0.022928652729205242,0.6340000000000005,0.0,0.022917651,12.0
3.626822737052824,-0.982675785752065,12.0,380.8629575110303,4.684334199484876,0.6350000000000005,0.022928631756238754,0.6350000000000005,0.0,0.022917651,12.0
3.6272272121825857,-0.9795610631203214,12.0,381.25639698317264,4.683506845847707,0.6360000000000005,0.022928610607428093,0.6360000000000005,0.0,0.022917651,12.0
3.6276321913293033,-0.9764427943251727,12.0,381.6539634425489,4.682677962182011,0.6370000000000006,0.022928589300423154,0.6370000000000005,0.0,0.022917651,12.0
3.6280376605650355,-0.9733210924909061,12.0,382.05576222508387,4.6818476058279295,0.6380000000000005,0.02292856783421794,0.6380000000000005,0.0,0.022917651,12.0
3.6284436286684754,-0.970195896123394,12.0,382.46186914203764,4.68101575040601,0.6390000000000006,0.022928546205960795,0.6390000000000005,0.0,0.022917651,12.0
3.6288501046292394,-0.9670671422510063,12.0,382.87236182616607,4.6801823689029876,0.6400000000000005,0.02292852441273153,0.6400000000000005,0.0,0.022917651,12.0
3.6292570976542398,-0.9639347663799684,12.0,383.2873197867574,4.67934743365264,0.6410000000000005,0.02292850245153939,0.6410000000000005,0.0,0.022917651,12.0
3.6296646998781066,-0.9607976139652958,12.0,383.7065714115985,4.6785101583712745,0.6420000000000005,0.022928480427801063,0.6420000000000005,0.0,0.022917651,12.0
3.63007288742813,-0.9576560479553524,12.0,384.13030795295407,4.677670810646887,0.6430000000000005,0.022928458290962704,0.6430000000000005,0.0,0.022917651,12.0
3.630481621335138,-0.9545106394848965,12.0,384.55876566388866,4.676829805905692,0.6440000000000006,0.022928435972865986,0.6440000000000005,0.0,0.022917651,12.0
3.6308909117437285,-0.9513613172082511,12.0,384.99203220569115,4.67598711338069,0.6450000000000005,0.022928413470145355,0.6450000000000005,0.0,0.022917651,12.0
3.631300769051208,-0.9482080080024382,12.0,385.43019742339095,4.675142701538436,0.6460000000000005,0.022928390779351424,0.6460000000000005,0.0,0.022917651,12.0
3.631711203915519,-0.945050636911489,12.0,385.8733534141845,4.674296538055036,0.6470000000000005,0.02292836789694833,0.6470000000000005,0.0,0.022917651,12.0
3.6321222889389237,-0.9418872463160068,12.0,386.3215770316994,4.673446955114957,0.6480000000000005,0.02292834443579452,0.6480000000000005,0.0,0.022917651,12.0
3.6325339817323483,-0.9387191795785997,12.0,386.7749943051923,4.672595126980377,0.6490000000000005,0.022928320690380102,0.6490000000000005,0.0,0.022917651,12.0
3.6329462773350674,-0.9355468276065736,12.0,387.2337101854173,4.671741424867378,0.6500000000000005,0.022928296754051006,0.6500000000000005,0.0,0.022917651,12.0
3.6333591872680087,-0.9323701085002605,12.0,387.69782593967295,4.670885812960371,0.6510000000000005,0.022928272623158465,0.6510000000000005,0.0,0.022917651,12.0
3.63377272334757,-0.9291889382595819,12.0,388.16744543237246,4.670028254525234,0.6520000000000005,0.022928248293960122,0.6520000000000005,0.0,0.022917651,12.0
3.634186983009814,-0.9260023830651137,12.0,388.64243819844444,4.669168205237992,0.6530000000000005,0.022928223660420383,0.6530000000000005,0.0,0.022917651,12.0
3.634602030697369,-0.9228098537649494,12.0,389.12278298520357,4.66830533364427,0.6540000000000006,0.02292819866644076,0.6540000000000005,0.0,0.022917651,12.0
3.6350177484288904,-0.9196125661060215,12.0,389.60896202563777,4.667440383984159,0.6550000000000005,0.022928173469293846,0.6550000000000005,0.0,0.022917651,12.0
3.6354341494817497,-0.9164104257982387,12.0,390.1010909294224,4.666573315079372,0.6560000000000005,0.02292814806495375,0.6560000000000005,0.0,0.022917651,12.0
3.6358512474864537,-0.9132033360437164,12.0,390.5992883810545,4.665704084656418,0.6570000000000005,0.02292812244928749,0.6570000000000005,0.0,0.022917651,12.0
3.636269160247894,-0.9099901802370844,12.0,391.10354651852083,4.664832047078843,0.6580000000000006,0.022928096607756906,0.6580000000000005,0.0,0.022917651,12.0
3.636687986266953,-0.9067700276903923,12.0,391.61389219430004,4.663956665269905,0.6590000000000005,0.02292807052718453,0.6590000000000005,0.0,0.022917651,12.0
3.6371075537254285,-0.9035445996659376,12.0,392.1306902707342,4.663078973582096,0.6600000000000005,0.02292804422136467,0.6600000000000005,0.0,0.022917651,12.0
3.6375278777856392,-0.9003137882810273,12.0,392.6540726984039,4.662198924778755,0.6610000000000005,0.02292801768569105,0.6610000000000005,0.0,0.022917651,12.0
3.6379489740261652,-0.8970774826912016,12.0,393.1841750504081,4.6613164703264065,0.6620000000000006,0.02292799091543094,0.6620000000000005,0.0,0.022917651,12.0
3.638371018054029,-0.8938337083039399,12.0,393.7209358112179,4.6604303400001506,0.6630000000000005,0.022927963736284182,0.6630000000000005,0.0,0.022917651,12.0
3.638793946825346,-0.890583266002065,12.0,394.264605309195,4.6595410816863145,0.6640000000000006,0.02292793621758995,0.6640000000000005,0.0,0.022917651,12.0
3.639217696904134,-0.8873269699977375,12.0,394.8154329389986,4.658649254905529,0.6650000000000005,0.02292790843722896,0.6650000000000005,0.0,0.022917651,12.0
3.6396422856185087,-0.8840646967883304,12.0,395.37356972437647,4.6577548054677465,0.6660000000000005,0.02292788038968052,0.6660000000000005,0.0,0.022917651,12.0
3.6400680096004954,-0.8807954929217612,12.0,395.9388332270822,4.656857966038045,0.6670000000000006,0.02292785212408497,0.6670000000000005,0.0,0.022917651,12.0
3.6404953554739,-0.8775178718975205,12.0,396.5108532242423,4.65595919598563,0.6680000000000005,0.02292782373323171,0.6680000000000005,0.0,0.022917651,12.0
3.640923638219316,-0.8742338039839278,12.0,397.09067048747573,4.6550577265775095,0.6690000000000006,0.022927795076496147,0.6690000000000005,0.0,0.022917651,12.0
3.641352878435128,-0.8709431474374759,12.0,397.67845645013256,4.654153498464727,0.6700000000000005,0.0229277661480325,0.6700000000000005,0.0,0.022917651,12.0
3.6417832295125776,-0.8676448960202051,12.0,398.27430463868217,4.653246118968779,0.6710000000000005,0.02292773689697488,0.6710000000000005,0.0,0.022917651,12.0
3.6422151767442092,-0.8643358862472829,12.0,398.87811383917625,4.652334365756336,0.6720000000000006,0.022927707169449238,0.6720000000000005,0.0,0.022917651,12.0
3.6426481554085917,-0.8610197874147819,12.0,399.49044537735693,4.6514196492701005,0.6730000000000004,0.02292767716517218,0.6730000000000005,0.0,0.022917651,12.0
3.643082188843118,-0.8576964391242936,12.0,400.1114920812563,4.650501902462477,0.6740000000000005,0.02292764687788186,0.6740000000000005,0.0,0.022917651,12.0
3.643517734371797,-0.854364082909847,12.0,400.7414028935985,4.6495811963333935,0.6750000000000005,0.022927616147819893,0.6750000000000005,0.0,0.022917651,12.0
3.6439551816720805,-0.8510212138759724,12.0,401.38034016483925,4.648657584770093,0.6760000000000006,0.022927584838625375,0.6760000000000005,0.0,0.022917651,12.0
3.64439375928351,-0.8476705912507493,12.0,402.02860484359496,4.647730740814512,0.6770000000000006,0.02292755322513032,0.6770000000000005,0.0,0.022917651,12.0
3.6448334933574755,-0.8443120356435881,12.0,402.6864127329763,4.646800589680564,0.6780000000000005,0.022927521300294306,0.6780000000000005,0.0,0.022917651,12.0
3.6452745908103745,-0.8409426643271227,12.0,403.3536190182497,4.645865075429055,0.6790000000000006,0.02292748929319346,0.6790000000000005,0.0,0.022917651,12.0
3.6457169584712035,-0.8375641108337843,12.0,404.03071959273205,4.6449254594465,0.6800000000000005,0.022927457032553132,0.6800000000000005,0.0,0.022917651,12.0
3.6461605704004376,-0.8341769991025679,12.0,404.7180659019948,4.643982262170843,0.6810000000000005,0.022927424438112656,0.6810000000000005,0.0,0.022917651,12.0
3.6466055955071077,-0.8307798870205588,12.0,405.4157757666257,4.643034719153116,0.6820000000000006,0.022927391517722575,0.6820000000000005,0.0,0.022917651,12.0
3.647052152215588,-0.827371789771316,12.0,406.1240294986203,4.642082320730475,0.6830000000000005,0.022927358274332336,0.6830000000000005,0.0,0.022917651,12.0
3.6475000478143,-0.8239544876954521,12.0,406.8432955032626,4.641126073206,0.6840000000000005,0.02292732467453475,0.6840000000000005,0.0,0.022917651,12.0
3.6479493691146287,-0.8205269576005109,12.0,407.5738348075189,4.6401653000223435,0.6850000000000005,0.02292729057407225,0.6850000000000005,0.0,0.022917651,12.0
3.6484003237950278,-0.8170862854237673,12.0,408.31588412350783,4.639197915677509,0.6860000000000005,0.022927255507785908,0.6860000000000005,0.0,0.022917651,12.0
3.6488527015860837,-0.8136357619241243,12.0,409.0697516110658,4.6382263725050175,0.6870000000000005,0.02292722006485994,0.6870000000000005,0.0,0.022917651,12.0
3.6493067025944637,-0.8101741815699167,12.0,409.8356186017198,4.637250264190911,0.6880000000000005,0.022927184310752996,0.6880000000000005,0.0,0.022917651,12.0
3.6497630695955645,-0.8066971865352314,12.0,410.6133318042264,4.63626819877419,0.6890000000000006,0.022927148569969948,0.6890000000000005,0.0,0.022917651,12.0
3.650220991243387,-0.8032094786920291,12.0,411.40379242074005,4.635281638936171,0.6900000000000005,0.02292711245783927,0.6900000000000005,0.0,0.022917651,12.0
3.650680566804575,-0.7997096634986991,12.0,412.20722192120996,4.634289589411047,0.6910000000000005,0.022927075789068788,0.6910000000000005,0.0,0.022917651,12.0
3.6511419113942916,-0.7961960216006106,12.0,413.02382204143635,4.633290794278824,0.6920000000000006,0.02292703831039183,0.6920000000000005,0.0,0.022917651,12.0
3.6516049296363193,-0.7926708226275558,12.0,413.85417222668485,4.632287136686352,0.6930000000000005,0.022927000402738706,0.6930000000000005,0.0,0.022917651,12.0
3.6520697588360247,-0.7891315193219315,12.0,414.69836436980904,4.63127661897808,0.6940000000000005,0.022926962433267847,0.6940000000000005,0.0,0.022917651,12.0
3.6525364106374147,-0.7855784697886233,12.0,415.55684821355277,4.6302596457758876,0.6950000000000005,0.022926924295701003,0.6950000000000005,0.0,0.022917651,12.0
3.653004867682675,-0.7820128803290914,12.0,416.43018696708907,4.629237353699739,0.6960000000000005,0.022926885720922312,0.6960000000000005,0.0,0.022917651,12.0
3.6534756604162717,-0.7784291243076439,12.0,417.3182429814181,4.628206237455934,0.6970000000000006,0.0229268466789199,0.6970000000000005,0.0,0.022917651,12.0
3.653948358946571,-0.7748321313138995,12.0,418.22196631857497,4.627169507414447,0.6980000000000005,0.022926807185566406,0.6980000000000005,0.0,0.022917651,12.0
3.6544233573297786,-0.7712185917551836,12.0,419.141490309479,4.626125429907768,0.6990000000000005,0.022926766813713292,0.6990000000000005,0.0,0.022917651,12.0
3.654900647825827,-0.7675886454079737,12.0,420.0772850271433,4.625074113784491,0.7000000000000005,0.0229267256236859,0.7000000000000005,0.0,0.022917651,12.0
3.6553451312024627,-0.7646017693770114,12.0,420.5403348382179,4.624445090925132,0.7010000000000006,0.02292672220745331,0.7010000000000005,0.0,0.022917651,12.0
3.6557902175378625,-0.7616100685170245,12.0,421.00733403315974,4.623813653708284,0.7020000000000004,0.022926718749754403,0.7020000000000005,0.0,0.022917651,12.0
3.6562358923588953,-0.7586137241203,12.0,421.4783649970469,4.623179925788811,0.7030000000000004,0.022926715256020073,0.7030000000000005,0.0,0.022917651,12.0
3.6566819952767493,-0.7556141467133659,12.0,421.95364315265175,4.622544677318713,0.7040000000000005,0.022926711744716086,0.7040000000000005,0.0,0.022917651,12.0
3.6571285321955402,-0.752611291708023,12.0,422.43322707530103,4.621907887327249,0.7050000000000005,0.02292670821560012,0.7050000000000005,0.0,0.022917651,12.0
3.657576317140757,-0.7496032213161994,12.0,422.91704949160777,4.621270877158987,0.7060000000000006,0.02292670483136986,0.7060000000000005,0.0,0.022917651,12.0
3.6580256692127744,-0.7465891011257776,12.0,423.4051525887078,4.620634089839745,0.7070000000000005,0.0229267016537154,0.7070000000000005,0.0,0.022917651,12.0
3.658475456618864,-0.7435715260173341,12.0,423.8977895195043,4.61999558875428,0.7080000000000005,0.022926698452396723,0.7080000000000005,0.0,0.022917651,12.0
3.6589256854022167,-0.7405504480306128,12.0,424.39502322147456,4.619355350112541,0.7090000000000005,0.022926695227085347,0.7090000000000005,0.0,0.022917651,12.0
3.6593765363953814,-0.7375235834702992,12.0,424.89681215631566,4.618711810555417,0.7100000000000005,0.022926691776433476,0.7100000000000005,0.0,0.022917651,12.0
3.6598280141396162,-0.7344908943867826,12.0,425.40324257139093,4.61806495053315,0.7110000000000005,0.022926688104462474,0.7110000000000005,0.0,0.022917651,12.0
3.660279950361312,-0.7314545609732779,12.0,425.9144931841162,4.617416280204763,0.7120000000000006,0.022926684412609203,0.7120000000000005,0.0,0.022917651,12.0
3.660732351502898,-0.7284145320204092,12.0,426.43063172691785,4.616765774132204,0.7130000000000006,0.022926680700594275,0.7130000000000005,0.0,0.022917651,12.0
3.661185127433658,-0.7253692894538374,12.0,426.9515172602466,4.616111556583663,0.7140000000000005,0.02292667695961186,0.7140000000000005,0.0,0.022917651,12.0
3.6616383478702628,-0.7223197353157335,12.0,427.477363578581,4.615454806425899,0.7150000000000005,0.0229266731952364,0.7150000000000005,0.0,0.022917651,12.0
3.662092052094324,-0.7192663074941148,12.0,428.00831391237267,4.6147961176854295,0.7160000000000005,0.022926669410082375,0.7160000000000005,0.0,0.022917651,12.0
3.6625462730870573,-0.7162086482342652,12.0,428.5444091787614,4.614135263594224,0.7170000000000005,0.022926665626659074,0.7170000000000005,0.0,0.022917651,12.0
3.6630011669395834,-0.713144955192099,12.0,429.08554585639905,4.613471060804677,0.7180000000000005,0.022926661974453373,0.7180000000000005,0.0,0.022917651,12.0
3.663456564117631,-0.7100772082292376,12.0,429.6320233524097,4.612804817397594,0.7190000000000006,0.02292665829788092,0.7190000000000005,0.0,0.022917651,12.0
3.66391247192511,-0.7070053485180012,12.0,430.1839191690377,4.612136503760951,0.7200000000000004,0.022926654596588113,0.7200000000000005,0.0,0.022917651,12.0
3.6643690293535056,-0.7039267766866653,12.0,430.7411224736718,4.611464080019279,0.7210000000000005,0.022926650890918623,0.7210000000000005,0.0,0.022917651,12.0
3.6648261875524657,-0.7008425437836253,12.0,431.30380589619085,4.610788400290734,0.7220000000000005,0.022926647171037845,0.7220000000000005,0.0,0.022917651,12.0
3.6652838816859896,-0.6977539937594389,12.0,431.87215876604654,4.6101105472308985,0.7230000000000005,0.022926643425012452,0.7230000000000005,0.0,0.022917651,12.0
3.6657422618705686,-0.6946599308353144,12.0,432.44620776597054,4.609429924350788,0.7240000000000006,0.022926639598266352,0.7240000000000005,0.0,0.022917651,12.0
3.6662015432548523,-0.6915586181824496,12.0,433.02596740941857,4.608745653640005,0.7250000000000005,0.02292663561256187,0.7250000000000005,0.0,0.022917651,12.0
3.666661381557861,-0.6884527824238956,12.0,433.61167343207006,4.608059087480232,0.7260000000000005,0.022926631602450512,0.7260000000000005,0.0,0.022917651,12.0
3.66712180537573,-0.6853421297778803,12.0,434.2033989532093,4.60737004681353,0.7270000000000005,0.02292662756257701,0.7270000000000005,0.0,0.022917651,12.0
3.6675831228831157,-0.6822232468606132,12.0,434.80100830791497,4.606676355954005,0.7280000000000005,0.022926623418367563,0.7280000000000005,0.0,0.022917651,12.0
3.6680450240191322,-0.6790996188561423,12.0,435.4048488530641,4.6059802544832396,0.7290000000000005,0.02292661924753585,0.7290000000000005,0.0,0.022917651,12.0
3.668507517628973,-0.675971173850223,12.0,436.0150150255627,4.605281705867179,0.7300000000000006,0.022926615049678405,0.7300000000000005,0.0,0.022917651,12.0
3.6689709196188978,-0.6728340179662329,12.0,436.6315678744297,4.6045780764389015,0.7310000000000004,0.022926611073570136,0.7310000000000005,0.0,0.022917651,12.0
3.669434943051864,-0.6696916858279646,12.0,437.2546627025732,4.603871756292769,0.7320000000000004,0.022926607084273538,0.7320000000000005,0.0,0.022917651,12.0
3.669899580092577,-0.6665443120763295,12.0,437.8844022361898,4.603162848915867,0.7330000000000005,0.022926603067662914,0.7330000000000005,0.0,0.022917651,12.0
3.670365335895678,-0.6633878215556956,12.0,438.52058413135086,4.602449300648272,0.7340000000000005,0.022926598793876797,0.7340000000000005,0.0,0.022917651,12.0
3.6708317569254914,-0.660225881972769,12.0,439.1636094176813,4.601732964384748,0.7350000000000005,0.02292659446739435,0.7350000000000005,0.0,0.022917651,12.0
3.6712988530968818,-0.6570584229245453,12.0,439.81359118896506,4.601013809345642,0.7360000000000005,0.022926590097249462,0.7360000000000005,0.0,0.022917651,12.0
3.671767140643135,-0.653881463019222,12.0,440.47044767819125,4.600289919207049,0.7370000000000005,0.022926585636936295,0.7370000000000005,0.0,0.022917651,12.0
3.6722360957119653,-0.6506990204873427,12.0,441.1345086104049,4.5995632166343965,0.7380000000000005,0.022926581154917126,0.7380000000000005,0.0,0.022917651,12.0
3.6727058234417425,-0.6475100107601989,12.0,441.80583501048966,4.598833037556576,0.7390000000000007,0.02292657658782615,0.7390000000000005,0.0,0.022917651,12.0
3.6731765162636867,-0.644312415678411,12.0,442.48445220196646,4.598098133241785,0.7400000000000007,0.022926571807753024,0.7400000000000005,0.0,0.022917651,12.0
3.673647908472168,-0.64110905554281,12.0,443.17063720541177,4.597360261222549,0.7410000000000007,0.022926566994555423,0.7410000000000005,0.0,0.022917651,12.0
3.674120185080816,-0.6378972901317038,12.0,443.8643283488645,4.596617521857623,0.7420000000000007,0.022926562446341135,0.7420000000000005,0.0,0.022917651,12.0
3.6745933292839568,-0.6346774810630486,12.0,444.565691824837,4.595870209799142,0.7430000000000005,0.022926558105408876,0.7430000000000005,0.0,0.022917651,12.0
3.6750672130242252,-0.6314515929312732,12.0,445.27500429531443,4.595119777089616,0.7440000000000007,0.022926553728564537,0.7440000000000005,0.0,0.022917651,12.0
3.675543690175378,-0.6282125541758488,12.0,445.9933334113793,4.594366563412182,0.7450000000000007,0.022926548955142904,0.7450000000000006,0.0,0.022917651,12.0
3.6760209974514018,-0.6249667684512952,12.0,446.7199909124478,4.593609922855271,0.7460000000000007,0.022926544129633672,0.7460000000000006,0.0,0.022917651,12.0
3.676499085304643,-0.6217129403887501,12.0,447.45496347436864,4.592848364579018,0.7470000000000006,0.02292653939010564,0.7470000000000006,0.0,0.022917651,12.0
3.6769779936326614,-0.6184503859070543,12.0,448.1983672446408,4.592081365048896,0.7480000000000007,0.022926534771823975,0.7480000000000006,0.0,0.022917651,12.0
3.67745765055609,-0.6151812516594949,12.0,448.9504602843915,4.591310780112928,0.7490000000000006,0.02292653011739087,0.7490000000000006,0.0,0.022917651,12.0
3.6779387440918425,-0.6119004862880789,12.0,449.7113167053682,4.590534313245619,0.7500000000000006,0.02292652503385866,0.7500000000000006,0.0,0.022917651,12.0
3.6784206117162475,-0.6086128190159413,12.0,450.48116524318147,4.589754040726247,0.7510000000000006,0.022926519901529458,0.7510000000000006,0.0,0.022917651,12.0
3.6789035296012025,-0.6053152787572783,12.0,451.26010792903224,4.588968092191847,0.7520000000000006,0.0229265149087732,0.7520000000000006,0.0,0.022917651,12.0
3.6793874004008553,-0.6020089127793108,12.0,452.04832885919404,4.588177127406732,0.7530000000000007,0.022926509993954607,0.7530000000000006,0.0,0.022917651,12.0
3.6798721662001195,-0.5986938988214284,12.0,452.8458219595159,4.587381094448171,0.7540000000000007,0.022926504941826114,0.7540000000000006,0.0,0.022917651,12.0
3.680357942316042,-0.5953685956553318,12.0,453.65255789961384,4.58657881270879,0.7550000000000006,0.022926499633746038,0.7550000000000006,0.0,0.022917651,12.0
3.6808446068131913,-0.5920352577343029,12.0,454.46907989254686,4.585772049669217,0.7560000000000006,0.02292649431376615,0.7560000000000006,0.0,0.022917651,12.0
3.6813325461937496,-0.5886895304049943,12.0,455.29552168768976,4.584957996405982,0.7570000000000006,0.022926489247062656,0.7570000000000006,0.0,0.022917651,12.0
3.6818213440713787,-0.5853360629321165,12.0,456.1321057137311,4.584139636783163,0.7580000000000006,0.022926484142900164,0.7580000000000006,0.0,0.022917651,12.0
3.682311356605435,-0.5819702370696055,12.0,456.97891307520894,4.583313781806717,0.7590000000000006,0.02292647889440872,0.7590000000000006,0.0,0.022917651,12.0
3.682802277716875,-0.5785961414437633,12.0,457.8362213542884,4.582483291898559,0.7600000000000006,0.02292647360517524,0.7600000000000006,0.0,0.022917651,12.0
3.6832947259438553,-0.5752087106190129,12.0,458.70415667004977,4.581645575771445,0.7610000000000006,0.022926468321320965,0.7610000000000006,0.0,0.022917651,12.0
3.6837882008222746,-0.5718120109211899,12.0,459.5829673032836,4.580802697412395,0.7620000000000006,0.02292646300713982,0.7620000000000006,0.0,0.022917651,12.0
3.684282528426844,-0.5684027495675866,12.0,460.4724491856193,4.579950669467577,0.7630000000000007,0.022926457319288576,0.7630000000000006,0.0,0.022917651,12.0
3.684777800443065,-0.5649838687074206,12.0,461.37311440310856,4.579092800013252,0.7640000000000006,0.02292645149483428,0.7640000000000006,0.0,0.022917651,12.0
3.6852742895572117,-0.5615528507148664,12.0,462.2848828121871,4.578227652759031,0.7650000000000006,0.022926445811083683,0.7650000000000006,0.0,0.022917651,12.0
3.6857718352309217,-0.5581120958398994,12.0,463.20826550184694,4.577356992650958,0.7660000000000006,0.022926440124199417,0.7660000000000006,0.0,0.022917651,12.0
3.686270547032279,-0.5546574318751902,12.0,464.14365346672616,4.576477101808049,0.7670000000000006,0.022926434528059335,0.7670000000000006,0.0,0.022917651,12.0
3.686770310445305,-0.5511928313959659,12.0,465.0911876745492,4.575591482821995,0.7680000000000007,0.022926428909693767,0.7680000000000006,0.0,0.022917651,12.0
3.6872715001744774,-0.5477119771726175,12.0,466.05113730829396,4.574695301627019,0.7690000000000006,0.022926422903352218,0.7690000000000006,0.0,0.022917651,12.0
3.6877739723902345,-0.5442202373206786,12.0,467.02390573100433,4.573793365182803,0.7700000000000007,0.022926416906821748,0.7700000000000006,0.0,0.022917651,12.0
3.688278618676976,-0.5407125954449075,12.0,468.01064958828306,4.572884225008814,0.7710000000000006,0.022926411173748176,0.7710000000000006,0.0,0.022917651,12.0
3.6887844454164513,-0.5371927956567049,12.0,469.01018205390056,4.57196765203021,0.7720000000000007,0.022926405187760675,0.7720000000000006,0.0,0.022917651,12.0
3.689291592609164,-0.5336592451878326,12.0,470.0226005208391,4.571042615969768,0.7730000000000005,0.022926398802190093,0.7730000000000006,0.0,0.022917651,12.0
3.6897994636140408,-0.5301110607845103,12.0,471.04884494952506,4.570105829106351,0.7740000000000006,0.02292639269711293,0.7740000000000006,0.0,0.022917651,12.0
3.6903081877201465,-0.5265499828994676,12.0,472.08903004883206,4.569159554108066,0.7750000000000007,0.022926386733058197,0.7750000000000006,0.0,0.022917651,12.0
3.6908183503894616,-0.5229741173789392,12.0,473.14334879246707,4.568204262980712,0.7760000000000006,0.02292638063018489,0.7760000000000006,0.0,0.022917651,12.0
3.6913297582971865,-0.5193850891937511,12.0,474.2119570986763,4.567240792130286,0.7770000000000006,0.02292637426954822,0.7770000000000006,0.0,0.022917651,12.0
3.691842621997849,-0.5157799770896344,12.0,475.2950988314735,4.566267062909509,0.7780000000000005,0.022926367348768288,0.7780000000000006,0.0,0.022917651,12.0
3.6923568927083337,-0.5121588365015137,12.0,476.3929891856631,4.565282929561485,0.7790000000000007,0.02292636093625441,0.7790000000000006,0.0,0.022917651,12.0
3.69287245017129,-0.5085233289079426,12.0,477.505949620136,4.564289573248211,0.7800000000000007,0.02292635475081424,0.7800000000000006,0.0,0.022917651,12.0
3.6933893384349705,-0.5048709504614801,12.0,478.6342627423426,4.5632846554612785,0.7810000000000006,0.022926348509114926,0.7810000000000006,0.0,0.022917651,12.0
3.6939077431301293,-0.5012022897658592,12.0,479.7780640155099,4.5622695367071415,0.7820000000000007,0.022926341716032632,0.7820000000000006,0.0,0.022917651,12.0
3.694427627917199,-0.49751755319665836,12.0,480.93770160076684,4.561244274325005,0.7830000000000005,0.022926334481564854,0.7830000000000006,0.0,0.022917651,12.0
3.6949489388473014,-0.4938140240645768,12.0,482.11359675626386,4.560205893705543,0.7840000000000006,0.022926327986358276,0.7840000000000006,0.0,0.022917651,12.0
3.6954717194620414,-0.49009429501255075,12.0,483.3061757040769,4.559157199219716,0.7850000000000006,0.022926321387642938,0.7850000000000006,0.0,0.022917651,12.0
3.695995971325285,-0.48635804198859345,12.0,484.51571150876424,4.558097873856344,0.7860000000000006,0.022926314607893614,0.7860000000000006,0.0,0.022917651,12.0
3.6965218381393687,-0.48260198333942134,12.0,485.74238518715686,4.55702521758008,0.7870000000000006,0.022926307061590347,0.7870000000000006,0.0,0.022917651,12.0
3.697049161138435,-0.4788269599028064,12.0,486.98683957650746,4.555939394881762,0.7880000000000006,0.02292630005691156,0.7880000000000006,0.0,0.022917651,12.0
3.697578325466151,-0.4750331312224142,12.0,488.2493204562205,4.554842135499036,0.7890000000000006,0.02292629328778976,0.7890000000000006,0.0,0.022917651,12.0
3.6981097198146684,-0.4712196275522982,12.0,489.53011617981383,4.5537341482754945,0.7900000000000005,0.02292628657224266,0.7900000000000006,0.0,0.022917651,12.0
3.698642765296629,-0.46738404332072947,12.0,490.82929102036223,4.5526106549858545,0.7910000000000006,0.02292627859260061,0.7910000000000006,0.0,0.022917651,12.0
3.699177162148694,-0.4635294631562523,12.0,492.1473856264728,4.551473583441158,0.7920000000000006,0.02292627126966242,0.7920000000000006,0.0,0.022917651,12.0
3.699713087984129,-0.4596550636784193,12.0,493.4846899174008,4.550322811992922,0.7930000000000007,0.022926264298650002,0.7930000000000006,0.0,0.022917651,12.0
3.7002506136113427,-0.45575988007228985,12.0,494.8415786397114,4.549157649668331,0.7940000000000005,0.022926257214073806,0.7940000000000006,0.0,0.022917651,12.0
3.70078909836657,-0.45184209368527095,12.0,496.21863444270735,4.547973716261466,0.7950000000000006,0.02292624887037386,0.7950000000000006,0.0,0.022917651,12.0
3.7013284077383553,-0.4479038223274311,12.0,497.6163212244497,4.546772612750307,0.7960000000000006,0.022926241564305203,0.7960000000000006,0.0,0.022917651,12.0
3.7018693110272696,-0.44394323887801024,12.0,499.0348451541797,4.545555560813327,0.7970000000000007,0.02292623436813729,0.7970000000000006,0.0,0.022917651,12.0
3.702411921718977,-0.4399590475552601,12.0,500.4745812379032,4.544321724670756,0.7980000000000006,0.022926226522684497,0.7980000000000006,0.0,0.022917651,12.0
3.7029559474543374,-0.4359506670326673,12.0,501.93596446182227,4.54306936818104,0.7990000000000007,0.022926218216228735,0.7990000000000006,0.0,0.022917651,12.0
3.7035009306398727,-0.43191842810607484,12.0,503.419465250589,4.541796994200354,0.8000000000000006,0.022926210513788695,0.8000000000000006,0.0,0.022917651,12.0
3.7039019799605466,-0.4288991151523397,12.0,504.06560626313234,4.540893393864465,0.8010000000000007,0.02292620898557672,0.8010000000000006,0.0,0.022917651,12.0
3.704303152165497,-0.42587524487802486,12.0,504.71814761860753,4.539985727943141,0.8020000000000006,0.022926207470008717,0.8020000000000006,0.0,0.022917651,12.0
3.704704585176807,-0.42284256444643786,12.0,505.3771243230392,4.539070304632248,0.8030000000000006,0.02292620655956096,0.8030000000000006,0.0,0.022917651,12.0
3.7051061388839983,-0.4198053326800809,12.0,506.0426700392293,4.538150812872357,0.8040000000000006,0.022926205637048187,0.8040000000000006,0.0,0.022917651,12.0
3.7055079237628146,-0.4167596712819329,12.0,506.71485205058326,4.537223818707602,0.8050000000000007,0.022926204418883663,0.8050000000000006,0.0,0.022917651,12.0
3.7059098503832457,-0.4137085891918507,12.0,507.3937695014815,4.536291971185061,0.8060000000000006,0.022926203136958843,0.8060000000000006,0.0,0.022917651,12.0
3.7063120108775363,-0.4106496683059856,12.0,508.07946784601876,4.535353219591868,0.8070000000000006,0.022926201779092555,0.8070000000000006,0.0,0.022917651,12.0
3.706714348344073,-0.4075845591282424,12.0,508.77205355716984,4.53440898740652,0.8080000000000007,0.02292620038394092,0.8080000000000006,0.0,0.022917651,12.0
3.707116979364318,-0.4045116515143077,12.0,509.47163504546313,4.533458127780079,0.8090000000000006,0.022926198983677214,0.8090000000000006,0.0,0.022917651,12.0
3.707519850122141,-0.40143177606022723,12.0,510.1783124034651,4.532501257075819,0.8100000000000007,0.022926197588831854,0.8100000000000006,0.0,0.022917651,12.0
3.707922952310339,-0.39834447351964225,12.0,510.89216545523095,4.531537885685031,0.8110000000000007,0.022926196284740526,0.8110000000000006,0.0,0.022917651,12.0
3.708326275718,-0.39524996658866046,12.0,511.61329400794966,4.530568195194131,0.8120000000000008,0.02292619505309947,0.8120000000000006,0.0,0.022917651,12.0
3.708729769648532,-0.3921481233424192,12.0,512.3417340005304,4.529591850873415,0.8130000000000006,0.02292619395433554,0.8130000000000006,0.0,0.022917651,12.0
3.7091334318929863,-0.3890389906344885,12.0,513.0775891954764,4.528608890801844,0.8140000000000006,0.02292619297380727,0.8140000000000006,0.0,0.022917651,12.0
3.7095373191309573,-0.3859220873315014,12.0,513.8209933688764,4.527619063863117,0.8150000000000006,0.022926191566078665,0.8150000000000006,0.0,0.022917651,12.0
3.709941416732492,-0.38279766787712755,12.0,514.5720535487825,4.526622565409292,0.8160000000000008,0.022926189793623684,0.8160000000000006,0.0,0.022917651,12.0
3.710345623754587,-0.37966527552345586,12.0,515.3308946833414,4.525618526908392,0.8170000000000006,0.02292618847031323,0.8170000000000006,0.0,0.022917651,12.0
3.7107499430532838,-0.37652565997360804,12.0,516.0976216063467,4.524607711087518,0.8180000000000006,0.022926187443592982,0.8180000000000006,0.0,0.022917651,12.0
3.7111547478175053,-0.373376396626865,12.0,516.872369474143,4.52358919121286,0.8190000000000006,0.022926185876193984,0.8190000000000006,0.0,0.022917651,12.0
3.7115598324363983,-0.37021967137078343,12.0,517.6552326980913,4.522564329737214,0.8200000000000006,0.02292618406757721,0.8200000000000006,0.0,0.022917651,12.0
3.7119644158321354,-0.36705293558767554,12.0,518.4463137490759,4.521527453431524,0.8210000000000006,0.022926182894925463,0.8210000000000006,0.0,0.022917651,12.0
3.7123689906818162,-0.3638795359630758,12.0,519.245707447851,4.520483879333004,0.8220000000000007,0.022926181845087483,0.8220000000000006,0.0,0.022917651,12.0
3.71277315902061,-0.36069802726046113,12.0,520.0533499504543,4.519430562928188,0.8230000000000006,0.022926180345976526,0.8230000000000006,0.0,0.022917651,12.0
3.7131774842936114,-0.3575096933034049,12.0,520.869499166389,4.518371049868431,0.8240000000000006,0.022926178853514025,0.8240000000000006,0.0,0.022917651,12.0
3.7135820753654682,-0.3543113741461407,12.0,521.6942465509422,4.517302620000515,0.8250000000000007,0.02292617743914403,0.8250000000000006,0.0,0.022917651,12.0
3.713986688471447,-0.3511045947280318,12.0,522.5277140042484,4.516225816650714,0.8260000000000007,0.022926175870019175,0.8260000000000006,0.0,0.022917651,12.0
3.7143912842767874,-0.34788824348328357,12.0,523.3700102157687,4.515139370381799,0.8270000000000007,0.02292617408735317,0.8270000000000006,0.0,0.022917651,12.0
3.7147964287219466,-0.3446614927708792,12.0,524.2213507338016,4.514044730178938,0.8280000000000007,0.022926172702984294,0.8280000000000006,0.0,0.022917651,12.0
3.7152019068839253,-0.3414263689850377,12.0,525.0818436481765,4.5129430569756535,0.8290000000000008,0.02292617150356089,0.8290000000000006,0.0,0.022917651,12.0
3.7156077863259136,-0.3381792987964353,12.0,525.951641570849,4.511831036952289,0.8300000000000007,0.02292617017663585,0.8300000000000006,0.0,0.022917651,12.0
3.7160137765923484,-0.3349240610165825,12.0,526.8307964044225,4.510711287337847,0.8310000000000007,0.02292616874025014,0.8310000000000006,0.0,0.022917651,12.0
3.716419829768045,-0.33165859791848634,12.0,527.7193900256458,4.509581551629108,0.8320000000000005,0.022926167071425405,0.8320000000000006,0.0,0.022917651,12.0
3.716825443389493,-0.3283832500314573,12.0,528.617918682186,4.508440180759341,0.8330000000000007,0.02292616560277967,0.8330000000000006,0.0,0.022917651,12.0
3.717230820125435,-0.3250992202257732,12.0,529.5264139975932,4.507289184784912,0.8340000000000007,0.022926164256376908,0.8340000000000006,0.0,0.022917651,12.0
3.7176366233592555,-0.32180301647501647,12.0,530.4448286419632,4.50612771115668,0.8350000000000007,0.022926162819019835,0.8350000000000006,0.0,0.022917651,12.0
3.718042433833956,-0.31849678322898334,12.0,531.3733663325688,4.504956245578627,0.8360000000000007,0.022926161160948595,0.8360000000000006,0.0,0.022917651,12.0
3.718448219956439,-0.31517939280050844,12.0,532.3121903175455,4.50377353734226,0.8370000000000006,0.022926159220067598,0.8370000000000006,0.0,0.022917651,12.0
3.7188534546269536,-0.3118512106726144,12.0,533.2609080997302,4.502577817497478,0.8380000000000006,0.02292615790895269,0.8380000000000006,0.0,0.022917651,12.0
3.7192586945936825,-0.30851361028296503,12.0,534.2199087133209,4.50137269724322,0.8390000000000005,0.02292615644433831,0.8390000000000006,0.0,0.022917651,12.0
3.719664086124152,-0.3051652785282099,12.0,535.1892373034384,4.500157450038674,0.8400000000000007,0.02292615447817136,0.8400000000000006,0.0,0.022917651,12.0
3.7200697749440694,-0.30180367975551925,12.0,536.1693578398133,4.498930135418207,0.8410000000000006,0.022926153089394476,0.8410000000000006,0.0,0.022917651,12.0
3.7204755574270663,-0.298431125729618,12.0,537.1603232490634,4.497692239147197,0.8420000000000006,0.022926151596192552,0.8420000000000006,0.0,0.022917651,12.0
3.7208813548540087,-0.29504658355634905,12.0,538.1621528592967,4.496442407338111,0.8430000000000007,0.022926149611017767,0.8430000000000006,0.0,0.022917651,12.0
3.721287233671643,-0.29164870662305975,12.0,539.1749100804905,4.495179576249322,0.8440000000000007,0.022926148034085107,0.8440000000000006,0.0,0.022917651,12.0
3.7216930170137674,-0.2882393900836628,12.0,540.1987856360025,4.493904917028803,0.8450000000000006,0.022926146404701017,0.8450000000000006,0.0,0.022917651,12.0
3.7220986407073227,-0.2848183847057665,12.0,541.2338914767629,4.492617918279517,0.8460000000000006,0.02292614460935632,0.8460000000000006,0.0,0.022917651,12.0
3.722503253128629,-0.2813855238158785,12.0,542.2797013352628,4.491315054103974,0.8470000000000008,0.022926142690218754,0.8470000000000006,0.0,0.022917651,12.0
3.7229083248304833,-0.2779403806219245,12.0,543.3368976481181,4.490001726807247,0.8480000000000006,0.02292614105240871,0.8480000000000006,0.0,0.022917651,12.0
3.7233136910507096,-0.2744825407784784,12.0,544.4056782682773,4.488676870655456,0.8490000000000006,0.022926139466938868,0.8490000000000006,0.0,0.022917651,12.0
3.7237189465321,-0.27101057484514685,12.0,545.4862072018407,4.487337454403481,0.8500000000000006,0.022926137422161052,0.8500000000000006,0.0,0.022917651,12.0
3.724123961974591,-0.2675247034895851,12.0,546.5787242702527,4.4859831684027025,0.8510000000000006,0.022926135948696694,0.8510000000000006,0.0,0.022917651,12.0
3.7245292126382736,-0.26402539904671346,12.0,547.683121295542,4.484616390633349,0.8520000000000006,0.02292613419073016,0.8520000000000006,0.0,0.022917651,12.0
3.7249347049191712,-0.26051223644598304,12.0,548.799544196183,4.4832367198591285,0.8530000000000008,0.022926132371513575,0.8530000000000006,0.0,0.022917651,12.0
3.725340172770891,-0.25698458094641996,12.0,549.9283082944265,4.48184244966503,0.8540000000000006,0.02292613146138088,0.8540000000000006,0.0,0.022917651,12.0
3.7257454205082166,-0.2534407234853371,12.0,551.0692223010261,4.480431112801005,0.8550000000000006,0.022926129687968415,0.8550000000000006,0.0,0.022917651,12.0
3.7261504080917596,-0.24988336179879625,12.0,552.2225842969729,4.479005227379349,0.8560000000000006,0.022926127687844074,0.8560000000000006,0.0,0.022917651,12.0
3.726555322574021,-0.24631161340170513,12.0,553.38859963957,4.477564662523518,0.8570000000000007,0.02292612585973148,0.8570000000000007,0.0,0.022917651,12.0
3.726960322611945,-0.24272445371479665,12.0,554.5674589100292,4.476109032081071,0.8580000000000007,0.02292612427355376,0.8580000000000007,0.0,0.022917651,12.0
3.7273653572297714,-0.2391208729633376,12.0,555.7591864688576,4.47463711804402,0.8590000000000008,0.022926122140586994,0.8590000000000007,0.0,0.022917651,12.0
3.727770381980463,-0.2355002642122316,12.0,556.9634598980789,4.473148129504092,0.8600000000000008,0.02292612052700387,0.8600000000000007,0.0,0.022917651,12.0
3.7281752219503588,-0.2318627410756537,12.0,558.1806031945846,4.471641500738554,0.8610000000000005,0.022926118575275566,0.8610000000000007,0.0,0.022917651,12.0
3.7285786166158377,-0.2282092762928084,12.0,559.4111327195862,4.470113134037164,0.8620000000000007,0.022926116497558068,0.8620000000000007,0.0,0.022917651,12.0
3.7289807178229473,-0.22454025414686085,12.0,560.6549793297238,4.468564031856355,0.8630000000000008,0.02292611459738548,0.8630000000000007,0.0,0.022917651,12.0
3.7293823195265565,-0.22085475427490958,12.0,561.9117138158956,4.466996467104301,0.8640000000000008,0.022926112804067283,0.8640000000000007,0.0,0.022917651,12.0
3.729783439816945,-0.2171511213191945,12.0,563.181008830139,4.465408841120299,0.8650000000000008,0.022926110691879904,0.8650000000000007,0.0,0.022917651,12.0
3.7301836349517394,-0.21343089392754655,12.0,564.4628211740114,4.463800919981577,0.8660000000000007,0.02292610898430725,0.8660000000000007,0.0,0.022917651,12.0
3.730583179680052,-0.20969306497643894,12.0,565.7574057014689,4.462172795446655,0.8670000000000008,0.02292610686236379,0.8670000000000007,0.0,0.022917651,12.0
3.7309828091892037,-0.20593572368287985,12.0,567.0649758789467,4.460525510021404,0.8680000000000007,0.02292610465993774,0.8680000000000007,0.0,0.022917651,12.0
3.7313823617113697,-0.20215846243170177,12.0,568.3857352417701,4.458857984030292,0.8690000000000007,0.02292610269084094,0.8690000000000007,0.0,0.022917651,12.0
3.731781526771349,-0.1983619120476397,12.0,569.7196050825678,4.457169616334083,0.8700000000000007,0.022926100719412677,0.8700000000000007,0.0,0.022917651,12.0
3.732180421242782,-0.19454505522594087,12.0,571.066410658395,4.455459857487761,0.8710000000000007,0.022926098559875773,0.8710000000000007,0.0,0.022917651,12.0
3.732579375140191,-0.19070753634374074,12.0,572.4261882438531,4.453729671554707,0.8720000000000007,0.02292609664802469,0.8720000000000007,0.0,0.022917651,12.0
3.7329780785882787,-0.18684857432604546,12.0,573.7991269285214,4.451977053194066,0.8730000000000007,0.022926094572320817,0.8730000000000007,0.0,0.022917651,12.0
3.7333764782951446,-0.18296770514627628,12.0,575.1851136229316,4.450201309342437,0.8740000000000007,0.022926093152077165,0.8740000000000007,0.0,0.022917651,12.0
3.7337744883127875,-0.17906627497922042,12.0,576.5838005710173,4.44840344818393,0.8750000000000007,0.022926091567511384,0.8750000000000007,0.0,0.022917651,12.0
3.7341720404460337,-0.17514335820668267,12.0,577.9949193330192,4.446582266630449,0.8760000000000008,0.02292608951891815,0.8760000000000007,0.0,0.022917651,12.0
3.7345689776905844,-0.1711973288311101,12.0,579.4188331368487,4.4447355081259765,0.8770000000000008,0.022926087309520872,0.8770000000000007,0.0,0.022917651,12.0
3.7349658086475235,-0.1672272024170269,12.0,580.8555128506611,4.442864218654352,0.8780000000000007,0.02292608503196936,0.8780000000000007,0.0,0.022917651,12.0
3.7353623568944303,-0.16323216833782464,12.0,582.3046562264327,4.440966914526233,0.8790000000000007,0.02292608305799608,0.8790000000000007,0.0,0.022917651,12.0
3.735757597125892,-0.1592121987704006,12.0,583.7665065148639,4.439039434795217,0.8800000000000007,0.02292608082971296,0.8800000000000007,0.0,0.022917651,12.0
3.7361522097232247,-0.1551701025518062,12.0,585.240801245379,4.437087305121037,0.8810000000000008,0.022926078567518333,0.8810000000000007,0.0,0.022917651,12.0
3.7365458443345965,-0.1511011991970899,12.0,586.7268323610347,4.435104471536618,0.8820000000000007,0.022926076522719756,0.8820000000000007,0.0,0.022917651,12.0
3.7369383584297715,-0.14700619238814097,12.0,588.2242304616346,4.43309104571496,0.8830000000000007,0.022926074196092557,0.8830000000000007,0.0,0.022917651,12.0
3.7373298304343936,-0.14288457390133044,12.0,589.7337073394323,4.43104684509401,0.8840000000000007,0.022926071930497744,0.8840000000000007,0.0,0.022917651,12.0
3.737717796954878,-0.13873598510117324,12.0,591.2555986629868,4.428961645749931,0.8850000000000008,0.02292606973861156,0.8850000000000007,0.0,0.022917651,12.0
3.738103941843879,-0.1345610810501832,12.0,592.7898812822066,4.426842846318736,0.8860000000000007,0.022926067407282442,0.8860000000000007,0.0,0.022917651,12.0
3.7384893599542224,-0.1303586401644835,12.0,594.3363560105774,4.424693603157422,0.8870000000000007,0.02292606503880098,0.8870000000000007,0.0,0.022917651,12.0
3.738873272529325,-0.12612529103468348,12.0,595.8940624371749,4.42250743783219,0.8880000000000007,0.022926062847931167,0.8880000000000007,0.0,0.022917651,12.0
3.739256019521649,-0.12186160971189501,12.0,597.4636285039898,4.4202862632828595,0.8890000000000007,0.022926060475512884,0.8890000000000007,0.0,0.022917651,12.0
3.7396381360583737,-0.11756682057815636,12.0,599.0454408774394,4.418031467165258,0.8900000000000007,0.022926058146040026,0.8900000000000007,0.0,0.022917651,12.0
3.740019497719962,-0.11324148285614556,12.0,600.6397240533998,4.415743100855361,0.8910000000000007,0.02292605583059687,0.8910000000000007,0.0,0.022917651,12.0
3.740399673246754,-0.10888365216333941,12.0,602.2455773603314,4.413417480938339,0.8920000000000008,0.02292605340119523,0.8920000000000007,0.0,0.022917651,12.0
3.7407785871138914,-0.10449248528882507,12.0,603.8639501535838,4.411053505412884,0.8930000000000007,0.022926051001505996,0.8930000000000007,0.0,0.022917651,12.0
3.741156439857816,-0.10006890122650318,12.0,605.4960630783681,4.408652846109855,0.8940000000000008,0.02292604863786177,0.8940000000000007,0.0,0.022917651,12.0
3.7415328263074783,-0.09560981344646031,12.0,607.1406824705883,4.4062108407282805,0.8950000000000008,0.02292604619314062,0.8950000000000007,0.0,0.022917651,12.0
3.7419076814659,-0.09111798377301578,12.0,608.7996992229174,4.403729951866174,0.8960000000000007,0.022926044850689085,0.8960000000000007,0.0,0.022917651,12.0
3.742280669949797,-0.0865904885834773,12.0,610.4734144279178,4.4012059447399166,0.8970000000000007,0.02292604307387733,0.8970000000000007,0.0,0.022917651,12.0
3.742650804167494,-0.08202516349063117,12.0,612.1623439456006,4.398632684777919,0.8980000000000008,0.02292604059382388,0.8980000000000007,0.0,0.022917651,12.0
3.7430184881943083,-0.0774300316029089,12.0,613.8687557571125,4.396019812404794,0.8990000000000008,0.022926038128711766,0.8990000000000007,0.0,0.022917651,12.0
3.7433837149488625,-0.07279597023983322,12.0,615.5924710749249,4.393358175840758,0.9000000000000007,0.022926035641252254,0.9000000000000007,0.0,0.022917651,12.0
3.7436538288357273,-0.06947305630204573,12.0,616.5808109033122,4.391573290869075,0.9010000000000007,0.022926035093228273,0.9010000000000007,0.0,0.022917651,12.0
3.7439229951702835,-0.06613903287199416,12.0,617.5811149466306,4.389773510103723,0.9020000000000007,0.022926034546163643,0.9020000000000007,0.0,0.022917651,12.0
3.7441911024951877,-0.06279382228846049,12.0,618.5938417473716,4.387958293889645,0.9030000000000008,0.022926033988611736,0.9030000000000007,0.0,0.022917651,12.0
3.7444579159042948,-0.059437153373066424,12.0,619.6196959979185,4.386126457268593,0.9040000000000008,0.022926033449767153,0.9040000000000007,0.0,0.022917651,12.0
3.7447226373985596,-0.05606888782724478,12.0,620.6596405155044,4.384274658605721,0.9050000000000007,0.022926032907009192,0.9050000000000007,0.0,0.022917651,12.0
3.7449840216987145,-0.05269100819727418,12.0,621.7144170000068,4.382399888227339,0.9060000000000007,0.02292603235529249,0.9060000000000007,0.0,0.022917651,12.0
3.745243342231212,-0.04930531982904672,12.0,622.7846925303053,4.380509057378145,0.9070000000000008,0.022926031796065574,0.9070000000000007,0.0,0.022917651,12.0
3.745501276232549,-0.04591040549411092,12.0,623.8712969380402,4.378603461175983,0.9080000000000008,0.022926031242644362,0.9080000000000007,0.0,0.022917651,12.0
3.745757532289677,-0.042504952155426864,12.0,624.9751468607786,4.376680610661201,0.9090000000000007,0.02292603069295269,0.9090000000000007,0.0,0.022917651,12.0
3.7460118196433223,-0.03908891948207748,12.0,626.0971753275044,4.37473930077547,0.9100000000000008,0.022926030138637993,0.9100000000000007,0.0,0.022917651,12.0
3.7462643207051554,-0.035662363281241415,12.0,627.2383950114751,4.372780327276114,0.9110000000000007,0.022926029585377223,0.9110000000000007,0.0,0.022917651,12.0
3.7465151417943465,-0.032225920474823554,12.0,628.3998653743869,4.37080474437821,0.9120000000000007,0.022926029033189046,0.9120000000000007,0.0,0.022917651,12.0
3.7467641453133984,-0.028780214605238625,12.0,629.5827605441683,4.368812611693067,0.9130000000000007,0.022926028472891814,0.9130000000000007,0.0,0.022917651,12.0
3.747011153970304,-0.025325983473894146,12.0,630.7880756408198,4.366803998037912,0.9140000000000007,0.022926027917094863,0.9140000000000007,0.0,0.022917651,12.0
3.747256070188642,-0.021863003398191253,12.0,632.0165323508444,4.364778252043419,0.9150000000000007,0.022926027365292763,0.9150000000000007,0.0,0.022917651,12.0
3.7474986949185554,-0.018391328132358713,12.0,633.268988315361,4.362734650866406,0.9160000000000007,0.022926026803717317,0.9160000000000007,0.0,0.022917651,12.0
3.74773838860497,-0.01491148991279752,12.0,634.5463705800152,4.360671170413894,0.9170000000000009,0.022926026242587487,0.9170000000000007,0.0,0.022917651,12.0
3.747975425997644,-0.011424029311304028,12.0,635.8498728372167,4.358589436801875,0.9180000000000008,0.022926025692329814,0.9180000000000007,0.0,0.022917651,12.0
3.748209522518508,-0.0079287653002781,12.0,637.1795683754807,4.356488124948096,0.9190000000000007,0.02292602513695156,0.9190000000000007,0.0,0.022917651,12.0
3.748439859662526,-0.004426402280478677,12.0,638.5353233510871,4.354364678637398,0.9200000000000008,0.02292602456996275,0.9200000000000007,0.0,0.022917651,12.0
3.748667648419814,-0.0009175302839691075,12.0,639.9166730087298,4.352224543249603,0.9210000000000009,0.022926024002468008,0.9210000000000007,0.0,0.022917651,12.0
3.7488922835108007,0.0025977204247534,12.0,641.3231361576841,4.350065409399941,0.9220000000000007,0.022926023439896713,0.9220000000000007,0.0,0.022917651,12.0
3.74911346603752,0.006120064140789721,12.0,642.7544405849318,4.347885365950772,0.9230000000000007,0.022926022872294706,0.9230000000000007,0.0,0.022917651,12.0
3.749331250436659,0.009650499477358129,12.0,644.2079856373105,4.345683653724332,0.9240000000000009,0.022926022303726087,0.9240000000000007,0.0,0.022917651,12.0
3.7495459664998205,0.013188538406329286,12.0,645.6810768613276,4.343462045012968,0.9250000000000009,0.022926021739365747,0.9250000000000007,0.0,0.022917651,12.0
3.749757386500587,0.016734382040896067,12.0,647.1718914688437,4.34121946733268,0.9260000000000008,0.022926021184885393,0.9260000000000007,0.0,0.022917651,12.0
3.749965511437517,0.020289735162699062,12.0,648.67675693218,4.338954188158574,0.9270000000000007,0.022926020623987246,0.9270000000000007,0.0,0.022917651,12.0
3.7501702643267296,0.023855253062972804,12.0,650.1909619034561,4.336665254951144,0.9280000000000008,0.022926020091015794,0.9280000000000007,0.0,0.022917651,12.0
3.7503721067320965,0.027432719922546454,12.0,651.7182363418613,4.334352728084084,0.9290000000000008,0.022926019622681915,0.9290000000000007,0.0,0.022917651,12.0
3.750571673538747,0.031025321261674857,12.0,653.2779592119331,4.332015961556274,0.9300000000000007,0.02292601908416479,0.9300000000000007,0.0,0.022917651,12.0
3.7507689051886737,0.034634158196451784,12.0,654.880694276932,4.32965363378239,0.9310000000000008,0.022926018510901317,0.9310000000000007,0.0,0.022917651,12.0
3.750963070420341,0.03825817432784615,12.0,656.5259863574831,4.327263855060735,0.9320000000000008,0.022926018109649098,0.9320000000000007,0.0,0.022917651,12.0
3.7511541554495524,0.04189852786952464,12.0,658.2144939602622,4.324845416011043,0.9330000000000007,0.02292601824758341,0.9330000000000007,0.0,0.022917651,12.0
3.7513422633320315,0.0455580114639556,12.0,659.9451772137678,4.322395935992881,0.9340000000000008,0.022926017980113803,0.9340000000000007,0.0,0.022917651,12.0
3.751527194486945,0.0492404740941947,12.0,661.7145662649557,4.319910777495574,0.9350000000000008,0.022926017382472057,0.9350000000000007,0.0,0.022917651,12.0
3.7517089190917887,0.05294774698103538,12.0,663.5195043539188,4.317387966907598,0.9360000000000007,0.02292601680446991,0.9360000000000007,0.0,0.022917651,12.0
3.7518857165162243,0.05668453390872034,12.0,665.3581780971319,4.314815960074815,0.9370000000000007,0.022926016210154946,0.9370000000000007,0.0,0.022917651,12.0
3.7520589243132623,0.06044933424418344,12.0,667.2252849147922,4.312201562112027,0.9380000000000008,0.02292601569269564,0.9380000000000007,0.0,0.022917651,12.0
3.7522286942642324,0.06424792362232153,12.0,669.1190828518544,4.309539623841451,0.9390000000000008,0.022926015269561586,0.9390000000000007,0.0,0.022917651,12.0
3.7523948315453066,0.06807998879015355,12.0,671.0359606015778,4.306829678481692,0.9400000000000007,0.02292601470488976,0.9400000000000007,0.0,0.022917651,12.0
3.7525579093651737,0.07194955030622513,12.0,672.9760147591118,4.304070004002189,0.9410000000000008,0.022926014098993627,0.9410000000000007,0.0,0.022917651,12.0
3.7527165793443236,0.07586302222657665,12.0,674.9400742158776,4.301248794038286,0.942000000000001,0.022926013502333566,0.9420000000000007,0.0,0.022917651,12.0
3.7528718066610636,0.07980897120971894,12.0,676.9230107563375,4.298381321006333,0.9430000000000007,0.022926012920053144,0.9430000000000007,0.0,0.022917651,12.0
3.753022240665392,0.08378992404847106,12.0,678.937351589171,4.29545968350496,0.9440000000000007,0.022926012482613486,0.9440000000000007,0.0,0.022917651,12.0
3.7531677641863186,0.08780933714583779,12.0,680.9867970429789,4.292479943830505,0.9450000000000008,0.022926011955480486,0.9450000000000007,0.0,0.022917651,12.0
3.753307602336476,0.09186755876115915,12.0,683.0769451345822,4.289438647716962,0.9460000000000008,0.022926011343058335,0.9460000000000007,0.0,0.022917651,12.0
3.753440237903756,0.09597475084757488,12.0,685.2265917326996,4.2863195811842365,0.9470000000000007,0.022926010803480043,0.9470000000000007,0.0,0.022917651,12.0
3.7535761651335044,0.10013253514220574,12.0,687.4820817021553,4.283163070633427,0.9480000000000007,0.022926010759120527,0.9480000000000007,0.0,0.022917651,12.0
3.7537139721345154,0.10433556191499323,12.0,689.8576685373517,4.279968838567044,0.9490000000000008,0.022926010806591405,0.9490000000000007,0.0,0.022917651,12.0
3.753852193850478,0.10858091971681565,12.0,692.3662399023839,4.276733950844503,0.9500000000000007,0.022926010229991058,0.9500000000000007,0.0,0.022917651,12.0
3.753992170182245,0.11288947829054347,12.0,695.2187285139963,4.273442860881971,0.9510000000000007,0.022926009596786777,0.9510000000000007,0.0,0.022917651,12.0
3.7541308763239587,0.11723236858701078,12.0,699.0910413265145,4.270112375157369,0.9520000000000008,0.022926008956097855,0.9520000000000007,0.0,0.022917651,12.0
3.754258413315897,0.12163451697711157,12.0,703.273897836066,4.2666779534439465,0.9530000000000007,0.022926008306983478,0.9530000000000007,0.0,0.022917651,12.0
3.7544230227329347,0.12629927185299483,12.0,708.2986866993324,4.263129216626326,0.9540000000000007,0.022926007756492946,0.9540000000000007,0.0,0.022917651,12.0
3.754617891480564,0.1308651173730609,12.0,715.5092076335224,4.259800415079676,0.9550000000000008,0.022926007115006797,0.9550000000000007,0.0,0.022917651,12.0
3.754711813451271,0.13541114073026925,12.0,722.7673516056925,4.256087644709777,0.9560000000000007,0.022926007278504273,0.9560000000000007,0.0,0.022917651,12.0
3.754798902307497,0.13999210488866787,12.0,730.1205029956178,4.252312628268037,0.9570000000000007,0.022926006991548623,0.9570000000000007,0.0,0.022917651,12.0
3.7548777860594877,0.14462084236832393,12.0,737.5734533798133,4.248456987481233,0.9580000000000007,0.022926006374431863,0.9580000000000007,0.0,0.022917651,12.0
3.7549466208041795,0.14929494804192295,12.0,745.1277269548895,4.244515809771855,0.9590000000000007,0.02292600621561276,0.9590000000000007,0.0,0.022917651,12.0
3.7550045307408837,0.1540163693186958,12.0,752.7857425004476,4.240483593754391,0.9600000000000009,0.02292600622861086,0.9600000000000007,0.0,0.022917651,12.0
3.755051460752603,0.15878472173246647,12.0,760.549719308188,4.2363605465057,0.9610000000000007,0.02292600574870589,0.9610000000000007,0.0,0.022917651,12.0
3.7550871455313537,0.16360244340603075,12.0,768.4231082488457,4.232143127316616,0.962000000000001,0.022926006055660593,0.9620000000000007,0.0,0.022917651,12.0
3.7551085496085275,0.16847494369762497,12.0,776.424302697155,4.227813809289965,0.9630000000000007,0.02292600606948768,0.9630000000000007,0.0,0.022917651,12.0
3.7551091087000277,0.17342682274632346,12.0,784.6312758314875,4.223321752163611,0.9640000000000007,0.0229260058758014,0.9640000000000007,0.0,0.022917651,12.0
3.755108136816223,0.17839176132170814,12.0,792.8918894526049,4.218810511643794,0.9650000000000006,0.02292600565950488,0.9650000000000007,0.0,0.022917651,12.0
3.7550813249850465,0.18343378670906318,12.0,801.3144644048518,4.214118812769241,0.9660000000000007,0.022926005916942712,0.9660000000000007,0.0,0.022917651,12.0
3.7550440052053715,0.18851285282384453,12.0,809.8320007004373,4.209348037186253,0.9670000000000007,0.022926006309768283,0.9670000000000007,0.0,0.022917651,12.0
3.754988585898904,0.19364427363043293,12.0,818.4722244026012,4.204452510251631,0.9680000000000007,0.02292600683306346,0.9680000000000007,0.0,0.022917651,12.0
3.754910965481855,0.19883776081639168,12.0,827.252519397662,4.199406114040453,0.9690000000000009,0.022926007518005265,0.9690000000000007,0.0,0.022917651,12.0
3.754820355944679,0.20406775889669537,12.0,836.1308537194847,4.194271252330353,0.9700000000000008,0.0229260082411322,0.9700000000000008,0.0,0.022917651,12.0
3.754696712284425,0.20937411988348706,12.0,845.1799025016196,4.188927896866592,0.9710000000000008,0.0229260091808957,0.9710000000000008,0.0,0.022917651,12.0
3.7545620360634655,0.2147101903079427,12.0,854.3173906522674,4.1835106999446126,0.9720000000000008,0.022926010293134583,0.9720000000000008,0.0,0.022917651,12.0
3.754385679465232,0.22012653318434008,12.0,863.6411567031065,4.177846500164922,0.9730000000000008,0.022926012438916562,0.9730000000000008,0.0,0.022917651,12.0
3.7541958386574423,0.22557418809467636,12.0,873.0595223363401,4.172097054087517,0.9740000000000008,0.02292601458489719,0.9740000000000008,0.0,0.022917651,12.0
3.753961103248983,0.23109805655019727,12.0,882.6649191747425,4.1660918271579925,0.9750000000000008,0.022926016975895844,0.9750000000000008,0.0,0.022917651,12.0
3.753703485620474,0.23666036360053683,12.0,892.38665713778,4.159956626404325,0.9760000000000009,0.02292601977576909,0.9760000000000008,0.0,0.022917651,12.0
3.753402201074568,0.2422842684420475,12.0,902.2789746928148,4.153585146947235,0.9770000000000008,0.022926023595079552,0.9770000000000008,0.0,0.022917651,12.0
3.7530599797889974,0.24795669847703503,12.0,912.3243097748812,4.147001406930182,0.9780000000000008,0.02292602836225796,0.9780000000000008,0.0,0.022917651,12.0
3.752684261342185,0.2536714343891374,12.0,922.5066901519504,4.140241382029076,0.9790000000000008,0.022926033773117357,0.9790000000000008,0.0,0.022917651,12.0
3.752238591010319,0.25944460780358136,12.0,932.8951616874815,4.133143100032467,0.9800000000000008,0.02292604059835771,0.9800000000000008,0.0,0.022917651,12.0
3.7517549516913444,0.2652484700354653,12.0,943.4167550860743,4.125862251619454,0.9810000000000008,0.022926047813604838,0.9810000000000008,0.0,0.022917651,12.0
3.7512037797972453,0.2710894341828011,12.0,954.1205663271218,4.118274171078225,0.9820000000000008,0.022926056196446117,0.9820000000000008,0.0,0.022917651,12.0
3.7505701977223693,0.2769543097719585,12.0,965.0153308482921,4.110332551523469,0.9830000000000009,0.022926068506492474,0.9830000000000008,0.0,0.022917651,12.0
3.7498604393044808,0.28282722627436163,12.0,976.0695918786752,4.10207818315109,0.9840000000000008,0.022926084908869264,0.9840000000000008,0.0,0.022917651,12.0
3.7490530194549647,0.2886953759963466,12.0,987.2982847015599,4.093437925259424,0.9850000000000008,0.022926106609838928,0.9850000000000008,0.0,0.022917651,12.0
3.7481215619837975,0.29453485273805874,12.0,998.7347074137211,4.084330184453634,0.9860000000000009,0.022926132237954748,0.9860000000000008,0.0,0.022917651,12.0
3.7470580957843165,0.30031394808836354,12.0,1010.3649096687514,4.074754788541543,0.9870000000000008,0.02292616955102893,0.9870000000000008,0.0,0.022917651,12.0
3.745853464299816,0.3060005063781611,12.0,1022.183787730636,4.064707293626233,0.9880000000000008,0.022926221275695317,0.9880000000000008,0.0,0.022917651,12.0
3.7444747523645696,0.3115411424444933,12.0,1034.1946988314978,4.054109394131731,0.9890000000000008,0.022926294586199335,0.9890000000000008,0.0,0.022917651,12.0
3.7428512531338773,0.31684963526197946,12.0,1046.3884936497645,4.042764474956432,0.9900000000000009,0.02292640114997302,0.9900000000000008,0.0,0.022917651,12.0
3.740935374791947,0.3217962556893745,12.0,1058.781180554827,4.030611913181679,0.9910000000000008,0.022926574848633106,0.9910000000000008,0.0,0.022917651,12.0
3.7386913605995242,0.32628696426781884,12.0,1071.3462795699418,4.017602714206839,0.9920000000000008,0.022926856153130285,0.9920000000000008,0.0,0.022917651,12.0
3.735978014724858,0.3300808689404055,12.0,1084.0714972784688,4.003412999493068,0.9930000000000008,0.022927375047129932,0.9930000000000008,0.0,0.022917651,12.0
3.732702839657608,0.3329622070204143,12.0,1096.934718472766,3.987888541127335,0.9940000000000008,0.022928402733426733,0.9940000000000008,0.0,0.022917651,12.0
3.728710285582897,0.33467672689895933,12.0,1109.905165827273,3.9706613871868304,0.9950000000000008,0.022930672178030437,0.9950000000000008,0.0,0.022917651,12.0
3.7237890207013984,0.335080638479628,12.0,1122.9407133137358,3.951029981194288,0.9960000000000008,0.0229366549035061,0.9960000000000008,0.0,0.022917651,12.0
3.717852341934273,0.33469498367821965,12.0,1136.0097872158979,3.9281264997418734,0.9970000000000009,0.022954760763095293,0.9970000000000008,0.0,0.022917651,12.0
3.711001354888502,0.33503241449447246,12.0,1149.13093103784,3.900842699211101,0.9980000000000008,0.022998661094167712,0.9980000000000008,0.0,0.022917651,12.0
3.703606506556554,0.33910432735852547,12.0,1162.374878454698,3.867648961550997,0.9990000000000008,0.023092537094386547,0.9990000000000008,0.0,0.022917651,12.0
3.696537369545724,0.3518394987836641,12.0,1175.887481973869,3.827094831689922,1.0000000000000009,0.023294300635289273,1.0000000000000009,0.0,0.022917651,12.0
3.692800640760322,0.3666024190963936,12.0,1184.7745874160423,3.797798905591102,1.0010000000000008,0.023533861512527763,1.0010000000000008,0.0,0.022917651,12.0
3.68967590206936,0.38653624680921356,12.0,1193.990412251158,3.7657800484572004,1.002000000000001,0.023882876624661216,1.002000000000001,0.0,0.022917651,12.0
3.687086235261972,0.41115564277011124,12.0,1203.6558946258485,3.7312159281736674,1.0030000000000008,0.024328562869967745,1.0030000000000008,0.0,0.022917651,12.0
3.6849715638943232,0.4400713190974279,12.0,1213.912521634501,3.6942554819377014,1.004000000000001,0.02491870185738505,1.004000000000001,0.0,0.022917651,12.0
3.683233638250618,0.4728242034244099,12.0,1224.8816697348234,3.654964816121983,1.005000000000001,0.025665751709854145,1.0050000000000008,0.0,0.022917651,12.0
3.6817959061144063,0.5092111188517195,12.0,1236.718549056975,3.613240909847242,1.006000000000001,0.026628378809945952,1.006000000000001,0.0,0.022917651,12.0
3.680535204482878,0.549179968415838,12.0,1249.6021265676322,3.568643180196363,1.0070000000000008,0.027716005725560676,1.0070000000000008,0.0,0.022917651,12.0
3.6793873466277813,0.5928292811409722,12.0,1263.7556277006397,3.5208163515498407,1.008000000000001,0.029029010572575807,1.008000000000001,0.0,0.022917651,12.0
3.678272175575148,0.6405769985382931,12.0,1279.4331457196079,3.469021869635432,1.009000000000001,0.030425756698190972,1.0090000000000008,0.0,0.022917651,12.0
3.677058506508153,0.693031151097702,12.0,1296.9991997902962,3.4121269863558705,1.0100000000000011,0.031906233049013445,1.010000000000001,0.0,0.022917651,12.0
3.675678619328124,0.7512854889722809,12.0,1316.9070943548563,3.348767027160579,1.0110000000000008,0.03331881582430125,1.0110000000000008,0.0,0.022917651,12.0
3.673962528188523,0.8169357175013489,12.0,1339.8169471382794,3.276666354841943,1.012000000000001,0.03457570938711389,1.012000000000001,0.0,0.022917651,12.0
3.6717896728023036,0.8922218850898116,12.0,1366.6911669016397,3.193102687235461,1.0130000000000008,0.03565719393596585,1.0130000000000008,0.0,0.022917651,12.0
3.6688762980566305,0.980378673174877,12.0,1399.038213753192,3.0937063431936074,1.0140000000000011,0.03640317832322221,1.014000000000001,0.0,0.022917651,12.0
3.6648908183383657,1.087246712189784,12.0,1439.4830928035135,2.9713102892700443,1.0150000000000008,0.03682710709057419,1.0150000000000008,0.0,0.022917651,12.0
3.659505697491127,1.2160997372722824,12.0,1493.7193208494596,2.8213307228626494,1.016000000000001,0.03691239143240944,1.016000000000001,0.0,0.022917651,12.0
3.6510241344278613,1.3936077873924797,12.0,1573.5602410191218,2.6103103286049083,1.0170000000000008,0.03691583165670788,1.0170000000000008,0.0,0.022917651,12.0
3.646365474830264,1.4955787867633095,12.0,1721.4573822271107,2.4901186381435645,1.0180000000000011,0.036919271881006355,1.018000000000001,0.0,0.022917651,12.0
3.6284061610028986,1.8007453199370327,12.0,2046.9636032529165,2.113528774435636,1.019000000000001,0.03692271210530481,1.0190000000000008,0.0,0.022917651,12.0
3.5577309547160554,2.7324222178219655,12.0,4298.005935768686,0.8995649776629792,1.020000000000001,0.036926152329603265,1.020000000000001,0.0,0.022917651,12.0
