log_Teff,LogL_lsun,Age_gyr,Step,Log_g,Mass_msun,feh,Mass_input,Metallicity_input,Z_used,Age_input
3.540360378680421,-1.948762038043585,2.0,286.1572319232651,4.980109648621026,0.3000000000000002,0.024055733345712323,0.30000000000000016,0.0,0.022917651,2.0
3.54052218048642,-1.9461658141730505,2.0,286.1708938032843,4.979410018752068,0.30100000000000016,0.024053879744298623,0.30100000000000016,0.0,0.022917651,2.0
3.5406838456968908,-1.9435676897423513,2.0,286.1859216351018,4.978707941947055,0.30200000000000016,0.024052002374219898,0.30200000000000016,0.0,0.022917651,2.0
3.5408453706603673,-1.9409676139458027,2.0,286.202351933277,4.978003352794609,0.30300000000000016,0.024050100600093306,0.30300000000000016,0.0,0.022917651,2.0
3.5410067515940673,-1.9383655341505917,2.0,286.22022252554467,4.977296183530955,0.30400000000000016,0.024048173763685694,0.30400000000000016,0.0,0.022917651,2.0
3.541167984577932,-1.9357613958138948,2.0,286.2395726123826,4.97658636393322,0.30500000000000016,0.024046221182877078,0.30500000000000016,0.0,0.022917651,2.0
3.5413286171416614,-1.933161320011647,2.0,286.2537607929447,4.975878205419835,0.30600000000000016,0.024044011191075042,0.30600000000000016,0.0,0.022917651,2.0
3.5414887183453017,-1.9305648151141495,2.0,286.263154564362,4.975171492577986,0.3070000000000001,0.024041563625590474,0.30700000000000016,0.0,0.022917651,2.0
3.541648703081478,-1.9279662430920856,2.0,286.2737813486011,4.974462246744564,0.3080000000000002,0.02403908776828718,0.30800000000000016,0.0,0.022917651,2.0
3.541808568094313,-1.9253655461584722,2.0,286.2856756148434,4.973750397109157,0.30900000000000016,0.02403658282826029,0.30900000000000016,0.0,0.022917651,2.0
3.5419683100054304,-1.9227626643521332,2.0,286.29887312914786,4.973035870197164,0.3100000000000002,0.024034047984847744,0.31000000000000016,0.0,0.022917651,2.0
3.5421279253081375,-1.9201575354344753,2.0,286.31341101602254,4.972318589743306,0.31100000000000017,0.02403148238621747,0.31100000000000017,0.0,0.022917651,2.0
3.542287410361274,-1.917550094780328,2.0,286.32932782353856,4.971598476557863,0.3120000000000001,0.024028885147873373,0.31200000000000017,0.0,0.022917651,2.0
3.5424467613827075,-1.9149402752624414,2.0,286.3466635922239,4.970875448385147,0.31300000000000017,0.024026255351074506,0.31300000000000017,0.0,0.022917651,2.0
3.542605974442442,-1.9123280071292137,2.0,286.3654599279989,4.970149419753667,0.31400000000000017,0.024023592041161567,0.31400000000000017,0.0,0.022917651,2.0
3.5427650454553197,-1.9097132178751743,2.0,286.38576007943016,4.969420301817421,0.3150000000000002,0.024020894225784288,0.31500000000000017,0.0,0.022917651,2.0
3.5429239701732893,-1.9070958321037226,2.0,286.40760901960584,4.968688002187711,0.3160000000000002,0.02401816087302278,0.31600000000000017,0.0,0.022917651,2.0
3.543082744177205,-1.904475771381574,2.0,286.43105353295635,4.967952424754773,0.31700000000000017,0.02401539090939541,0.31700000000000017,0.0,0.022917651,2.0
3.543241362868124,-1.9018529540843225,2.0,286.4561423073749,4.967213469498545,0.31800000000000017,0.024012583217745045,0.31800000000000017,0.0,0.022917651,2.0
3.543399821458069,-1.8992272952324791,2.0,286.48292603201685,4.966471032287743,0.3190000000000002,0.02400973663499507,0.3190000000000002,0.0,0.022917651,2.0
3.5435581149602147,-1.896598706317301,2.0,286.5114575011921,4.9657250046664485,0.3200000000000002,0.0240068499497655,0.3200000000000002,0.0,0.022917651,2.0
3.543716238178458,-1.8939670951156535,2.0,286.5417917247971,4.964975273627236,0.32100000000000023,0.02400392189983911,0.3210000000000002,0.0,0.022917651,2.0
3.5438741856963185,-1.891332365493093,2.0,286.57398604577224,4.964221721369881,0.32200000000000023,0.024000951169466354,0.3220000000000002,0.0,0.022917651,2.0
3.544031951865138,-1.8886944171942912,2.0,286.6081002651122,4.963464225044556,0.32300000000000023,0.023997936386496926,0.3230000000000002,0.0,0.022917651,2.0
3.544189530791499,-1.8860531456198377,2.0,286.6441967750006,4.962702656478321,0.3240000000000002,0.02399487611932501,0.3240000000000002,0.0,0.022917651,2.0
3.544346916323825,-1.8834084415883727,2.0,286.68234070069263,4.961936881883663,0.3250000000000002,0.023991768873633676,0.3250000000000002,0.0,0.022917651,2.0
3.5445041020380845,-1.8807601910829235,2.0,286.7226000518246,4.961166761547648,0.3260000000000002,0.0239886130889231,0.3260000000000002,0.0,0.022917651,2.0
3.5446611151226497,-1.8781101999241825,2.0,286.76246843215375,4.960394210151624,0.3270000000000002,0.02398532775293822,0.3270000000000002,0.0,0.022917651,2.0
3.5448181651142208,-1.87546913577876,2.0,286.7875738168305,4.95963073408743,0.32800000000000024,0.02398147266597341,0.3280000000000002,0.0,0.022917651,2.0
3.5449750491243592,-1.8728245447203427,2.0,286.81450073773095,4.958863067172381,0.32900000000000024,0.0239775597195851,0.3290000000000002,0.0,0.022917651,2.0
3.5451317615829554,-1.8701763083905059,2.0,286.843310323145,4.958091068767193,0.3300000000000002,0.02397358697208936,0.3300000000000002,0.0,0.022917651,2.0
3.545288296667841,-1.8675243030749806,2.0,286.8740664674816,4.957314591868514,0.3310000000000001,0.023969552393939036,0.3310000000000002,0.0,0.022917651,2.0
3.5454446482903803,-1.864868399397242,2.0,286.90683598952177,4.956533482744818,0.33200000000000024,0.02396545386269698,0.3320000000000002,0.0,0.022917651,2.0
3.5456008100800354,-1.8622084619908157,2.0,286.94168880166086,4.955747580547022,0.33300000000000024,0.02396128915766023,0.3330000000000002,0.0,0.022917651,2.0
3.545756775367872,-1.859544349148562,2.0,286.97869809104304,4.954956716891759,0.3340000000000002,0.023957055954106427,0.3340000000000002,0.0,0.022917651,2.0
3.5459125371688773,-1.8568759124470222,2.0,287.0179405135726,4.954160715415005,0.33500000000000024,0.023952751817131256,0.3350000000000002,0.0,0.022917651,2.0
3.5460680881630053,-1.8542029963437439,2.0,287.0594964018839,4.953359391293594,0.3360000000000002,0.02394837419504244,0.3360000000000002,0.0,0.022917651,2.0
3.5462234206748526,-1.85152543774528,2.0,287.10344998845505,4.952552550731899,0.3370000000000002,0.023943920412272744,0.3370000000000002,0.0,0.022917651,2.0
3.546378526651824,-1.8488430655433432,2.0,287.1498896451693,4.951739990410669,0.3380000000000002,0.02393938766177055,0.3380000000000002,0.0,0.022917651,2.0
3.5465333976406797,-1.8461557001163458,2.0,287.198908140754,4.950921496894732,0.3390000000000002,0.023934772996822524,0.3390000000000002,0.0,0.022917651,2.0
3.5466880247622967,-1.8434631527932668,2.0,287.2506029176743,4.950096845995933,0.3400000000000002,0.02393007332225833,0.3400000000000002,0.0,0.022917651,2.0
3.546842398684515,-1.8407652252764908,2.0,287.3050763902207,4.9492658020873295,0.34100000000000025,0.02392528538498221,0.3410000000000002,0.0,0.022917651,2.0
3.5469965095928635,-1.838061709019899,2.0,287.3624362657024,4.948428117364203,0.3420000000000002,0.023920405763770483,0.3420000000000002,0.0,0.022917651,2.0
3.5471507877547612,-1.8353735583730568,2.0,287.40889108102965,4.947606466588973,0.3430000000000002,0.02391485140975912,0.3430000000000002,0.0,0.022917651,2.0
3.547305047729246,-1.8326910117511896,2.0,287.45104473683455,4.946790346760198,0.34400000000000014,0.02390889631945071,0.3440000000000002,0.0,0.022917651,2.0
3.5474590685102254,-1.8300034584238167,2.0,287.49588791811203,4.945968263456693,0.34500000000000014,0.02390282508393942,0.3450000000000002,0.0,0.022917651,2.0
3.547612841153542,-1.8273107111752966,2.0,287.54352119423646,4.945139993686364,0.34600000000000025,0.02389663336020992,0.3460000000000002,0.0,0.022917651,2.0
3.5477663562634776,-1.8246125733381058,2.0,287.59405021198677,4.944305303199002,0.34700000000000014,0.023890316585982847,0.3470000000000002,0.0,0.022917651,2.0
3.5479196039638925,-1.8219088381887283,2.0,287.64758602006873,4.943463945766732,0.3480000000000002,0.023883869965700535,0.3480000000000002,0.0,0.022917651,2.0
3.548072573867121,-1.819199288296599,2.0,287.7042454188492,4.942615662408539,0.3490000000000002,0.023877288455424035,0.3490000000000002,0.0,0.022917651,2.0
3.5482252550404225,-1.8164836948218135,2.0,287.76415133761867,4.941760180553769,0.3500000000000002,0.023870566746541286,0.3500000000000002,0.0,0.022917651,2.0
3.5483776359697496,-1.8137618167568157,2.0,287.8274332419423,4.940897213138907,0.3510000000000002,0.023863699248175937,0.3510000000000002,0.0,0.022917651,2.0
3.5485297045205937,-1.8110334001067994,2.0,287.89422757393805,4.940026457631362,0.3520000000000002,0.023856680068174287,0.3520000000000002,0.0,0.022917651,2.0
3.548681447895622,-1.8082981770029496,2.0,287.96467822862843,4.939147594973238,0.35300000000000015,0.023849502992534365,0.3530000000000002,0.0,0.022917651,2.0
3.548832852588792,-1.8055558647420233,2.0,288.0389370698632,4.938260288437394,0.3540000000000002,0.023842161463126198,0.3540000000000002,0.0,0.022917651,2.0
3.548984020812608,-1.8028174147404108,2.0,288.11220180471764,4.937375898439096,0.3550000000000002,0.023834390994995333,0.3550000000000002,0.0,0.022917651,2.0
3.5491352082052496,-1.8001050637983176,2.0,288.1742389912768,4.936517684602296,0.35600000000000026,0.023825687247702846,0.3560000000000002,0.0,0.022917651,2.0
3.5492860923797354,-1.7973864991484738,2.0,288.23904185135024,4.935652044172142,0.35700000000000026,0.02381678799463106,0.3570000000000002,0.0,0.022917651,2.0
3.549436661210222,-1.7946614723016592,2.0,288.3067209855782,4.934778680155523,0.35800000000000026,0.02380768541740797,0.3580000000000002,0.0,0.022917651,2.0
3.5495869019155757,-1.7919297213400396,2.0,288.3773929715734,4.933897279509513,0.3590000000000002,0.0237983712751487,0.3590000000000002,0.0,0.022917651,2.0
3.549736801014493,-1.7891909699976245,2.0,288.45118077320285,4.933007512042343,0.36000000000000015,0.023788836875523328,0.3600000000000002,0.0,0.022917651,2.0
3.5498863442769,-1.7864449266641143,2.0,288.52821418396775,4.9321090292227945,0.3610000000000002,0.023779073043414308,0.3610000000000002,0.0,0.022917651,2.0
3.5500355166712247,-1.7836912833045837,2.0,288.6086303078428,4.931201462889023,0.3620000000000002,0.023769070086925873,0.3620000000000002,0.0,0.022917651,2.0
3.5501843023071706,-1.7809297142865979,2.0,288.69257408132,4.93028442384672,0.36300000000000027,0.023758817760480704,0.3630000000000002,0.0,0.022917651,2.0
3.5503326843735,-1.7781598751053553,2.0,288.78019884083574,4.929357500345418,0.3640000000000002,0.023748305224708454,0.3640000000000002,0.0,0.022917651,2.0
3.5504806450703406,-1.7753814009963804,2.0,288.8716669402517,4.928420256420388,0.3650000000000002,0.023737521002795935,0.3650000000000002,0.0,0.022917651,2.0
3.5506294565049337,-1.7726341483639536,2.0,288.95418266687614,4.927517636712183,0.36600000000000027,0.023725786540056817,0.3660000000000002,0.0,0.022917651,2.0
3.5507785701682586,-1.7698990767987601,2.0,289.033023746271,4.926628406902054,0.36700000000000016,0.02371343857575775,0.3670000000000002,0.0,0.022917651,2.0
3.550927370923468,-1.767156700202201,2.0,289.11430013351037,4.925730620443491,0.36800000000000027,0.02370079063244041,0.3680000000000002,0.0,0.022917651,2.0
3.5510758456010048,-1.764406711122853,2.0,289.198114324918,4.924823917207475,0.3690000000000002,0.023687830084700302,0.3690000000000002,0.0,0.022917651,2.0
3.551223980281758,-1.7616487846106006,2.0,289.28457465042766,4.923907916568143,0.3700000000000003,0.02367454358855412,0.3700000000000002,0.0,0.022917651,2.0
3.551371760242973,-1.758882576953736,2.0,289.37379569460126,4.922982215923493,0.37100000000000016,0.023660917029579145,0.3710000000000002,0.0,0.022917651,2.0
3.551519169899402,-1.7561077243050858,2.0,289.46589875464264,4.922046389086121,0.3720000000000002,0.023646935466495506,0.3720000000000002,0.0,0.022917651,2.0
3.5516661927392033,-1.753323841185612,2.0,289.5610123392568,4.921099984530436,0.3730000000000002,0.023632583069717078,0.3730000000000002,0.0,0.022917651,2.0
3.5518128112540426,-1.750530518852556,2.0,289.65927271267014,4.920142523481205,0.3740000000000002,0.0236178430543397,0.3740000000000002,0.0,0.022917651,2.0
3.5519593522111337,-1.7477417575625211,2.0,289.75607219597157,4.919189313352365,0.3750000000000002,0.02360244782057773,0.3750000000000002,0.0,0.022917651,2.0
3.552108017105145,-1.7450475067874078,2.0,289.82124514191025,4.918339110147466,0.3760000000000002,0.023584886440769913,0.3760000000000002,0.0,0.022917651,2.0
3.552256473755185,-1.7423485993840855,2.0,289.88699100126615,4.917483417404109,0.3770000000000003,0.023566912693705963,0.3770000000000002,0.0,0.022917651,2.0
3.552404715518209,-1.7396448868047145,2.0,289.95332805014965,4.916622060004364,0.37800000000000017,0.023548513424746374,0.3780000000000002,0.0,0.022917651,2.0
3.5525527354655804,-1.7369362141152527,2.0,290.0202753503769,4.915754855301834,0.3790000000000002,0.0235296749137222,0.3790000000000002,0.0,0.022917651,2.0
3.5527005263675617,-1.7342224196485425,2.0,290.08785279215186,4.914881612712678,0.3800000000000002,0.02351038284421407,0.3800000000000002,0.0,0.022917651,2.0
3.5528480806767693,-1.7315033346345334,2.0,290.15608113955983,4.9140021332797,0.3810000000000002,0.023490622270806696,0.3810000000000002,0.0,0.022917651,2.0
3.552995390510546,-1.728778782805867,2.0,290.2249820790939,4.9131162092073914,0.38200000000000023,0.023470377584161317,0.38200000000000023,0.0,0.022917651,2.0
3.5531424476321254,-1.726048579976881,2.0,290.2945782714502,4.912223623365623,0.38300000000000023,0.023449632473734633,0.38300000000000023,0.0,0.022917651,2.0
3.5532892434305263,-1.7233125335939272,2.0,290.36489340685335,4.911324148759538,0.38400000000000023,0.023428369887957125,0.38400000000000023,0.0,0.022917651,2.0
3.553435768899057,-1.7205704422546892,2.0,290.43595226419586,4.910417547962887,0.38500000000000023,0.023406571991666354,0.38500000000000023,0.0,0.022917651,2.0
3.553583567213059,-1.7178729042119631,2.0,290.4802165052256,4.909560590304293,0.38600000000000023,0.023383611246829854,0.38600000000000023,0.0,0.022917651,2.0
3.5537322873255692,-1.7152070712667309,2.0,290.5039987888702,4.908739023757447,0.3870000000000003,0.02335971242144411,0.38700000000000023,0.0,0.022917651,2.0
3.553880868765426,-1.712537900561305,2.0,290.52607332297333,4.9079135646864245,0.3880000000000002,0.023335304424843266,0.38800000000000023,0.0,0.022917651,2.0
3.5540293078914083,-1.709865304453838,2.0,290.5463952659891,4.907084110882559,0.38900000000000023,0.023310373887371127,0.38900000000000023,0.0,0.022917651,2.0
3.554177600933687,-1.7071891922070268,2.0,290.5649181925966,4.906250556527241,0.39000000000000024,0.02328490696716355,0.39000000000000024,0.0,0.022917651,2.0
3.5543257439881,-1.7045094698502317,2.0,290.58159402315385,4.905412792031114,0.3910000000000003,0.023258889329115105,0.39100000000000024,0.0,0.022917651,2.0
3.5544737330101124,-1.701826040034164,2.0,290.59637294934794,4.904570703864614,0.39200000000000024,0.023232306122711387,0.39200000000000024,0.0,0.022917651,2.0
3.554621563808455,-1.6991388018776608,2.0,290.60920335579914,4.903724174379277,0.3930000000000003,0.023205141958654942,0.39300000000000024,0.0,0.022917651,2.0
3.5547692320384017,-1.6964476508060458,2.0,290.6200317373589,4.902873081619229,0.39400000000000024,0.023177380884207503,0.39400000000000024,0.0,0.022917651,2.0
3.554916733194688,-1.6937524783805336,2.0,290.62880261182477,4.902017299122242,0.39500000000000024,0.023149006357165575,0.39500000000000024,0.0,0.022917651,2.0
3.5550640626040253,-1.6910531721180868,2.0,290.6354584277718,4.901156695709646,0.39600000000000024,0.023120001218380117,0.39600000000000024,0.0,0.022917651,2.0
3.555212178882574,-1.6883862113258834,2.0,290.626750983063,4.900331585861467,0.39700000000000024,0.02309026882831368,0.39700000000000024,0.0,0.022917651,2.0
3.5553629685649293,-1.6858219321342713,2.0,290.5777037773148,4.899619853218136,0.3980000000000003,0.023059807635330866,0.39800000000000024,0.0,0.022917651,2.0
3.5555137481605334,-1.683257607236982,2.0,290.52557393444874,4.898908034519421,0.39900000000000024,0.023028931024251256,0.39900000000000024,0.0,0.022917651,2.0
3.555664517593048,-1.6806932362881024,2.0,290.4703381241571,4.898196129114029,0.40000000000000024,0.022997635851068055,0.40000000000000024,0.0,0.022917651,2.0
3.5558860675127244,-1.6781090031124046,2.0,290.4750008002677,4.89746719545363,0.40100000000000025,0.022996140660430462,0.40100000000000025,0.0,0.022917651,2.0
3.556107556139664,-1.6755246193224762,2.0,290.47813500976457,4.896737866012291,0.40200000000000025,0.022994663079584657,0.40200000000000025,0.0,0.022917651,2.0
3.556328983569056,-1.6729400851522267,2.0,290.4797431264022,4.896008141404675,0.40300000000000025,0.022993203081182106,0.40300000000000025,0.0,0.022917651,2.0
3.5565503498958937,-1.6703554008350796,2.0,290.4798275190221,4.895278022244161,0.4040000000000003,0.022991760637930885,0.40400000000000025,0.0,0.022917651,2.0
3.5567716552149715,-1.6677705666039762,2.0,290.478390551566,4.894547509142877,0.40500000000000025,0.022990335722595488,0.40500000000000025,0.0,0.022917651,2.0
3.556992899620891,-1.665185582691377,2.0,290.4754345830882,4.893816602711672,0.4060000000000003,0.022988928307996783,0.40600000000000025,0.0,0.022917651,2.0
3.5572140832080557,-1.662600449329261,2.0,290.4709619677679,4.893085303560136,0.40700000000000025,0.022987538367011742,0.40700000000000025,0.0,0.022917651,2.0
3.55743666702939,-1.6600753750634407,2.0,290.4446022724328,4.892419665624383,0.40800000000000025,0.022986244107655204,0.40800000000000025,0.0,0.022917651,2.0
3.5576591210211204,-1.6575489280127356,2.0,290.41745286722704,4.8917521355660485,0.40900000000000025,0.022984974587174804,0.40900000000000025,0.0,0.022917651,2.0
3.5578814332760667,-1.6550205449487907,2.0,290.3897311541283,4.891082102516882,0.41000000000000036,0.02298372858081366,0.41000000000000025,0.0,0.022917651,2.0
3.558103606646944,-1.6524902648374478,2.0,290.36144865188965,4.890409616854195,0.41100000000000025,0.022982505615306695,0.41100000000000025,0.0,0.022917651,2.0
3.558325643910421,-1.6499581256058375,2.0,290.33261657220953,4.889734727612397,0.41200000000000025,0.022981305230004644,0.41200000000000025,0.0,0.022917651,2.0
3.558547547769641,-1.6474241641767629,2.0,290.30324582989516,4.8890574825274395,0.4130000000000003,0.022980126976456457,0.41300000000000026,0.0,0.022917651,2.0
3.558769320856637,-1.6448884165017226,2.0,290.2733470526251,4.888377928079515,0.41400000000000026,0.022978970418008175,0.41400000000000026,0.0,0.022917651,2.0
3.558990965734653,-1.6423509175926423,2.0,290.2429305903295,4.887696109534085,0.41500000000000026,0.02297783512941756,0.41500000000000026,0.0,0.022917651,2.0
3.559212484900382,-1.6398117015523697,2.0,290.2120065242043,4.887012070981301,0.4160000000000003,0.022976720696483707,0.41600000000000026,0.0,0.022917651,2.0
3.5594338807861075,-1.6372708016039903,2.0,290.1805846753774,4.8863258553739035,0.41700000000000037,0.02297562671569101,0.41700000000000026,0.0,0.022917651,2.0
3.5596551557617677,-1.634728250119012,2.0,290.1486746132409,4.885637504563666,0.41800000000000026,0.022974552793866787,0.41800000000000026,0.0,0.022917651,2.0
3.559876312136943,-1.6321840786444788,2.0,290.1162856634659,4.884947059336451,0.41900000000000026,0.022973498547852002,0.41900000000000026,0.0,0.022917651,2.0
3.560097352162763,-1.6296383179290523,2.0,290.0834269157117,4.884254559445917,0.4200000000000003,0.0229724636041845,0.42000000000000026,0.0,0.022917651,2.0
3.5603182780337432,-1.6270909979481072,2.0,290.0501072310459,4.883560043645977,0.4210000000000003,0.022971447598794176,0.42100000000000026,0.0,0.022917651,2.0
3.5605390918895568,-1.6245421479278903,2.0,290.0163352490849,4.882863549722028,0.42200000000000026,0.02297045017670956,0.42200000000000026,0.0,0.022917651,2.0
3.5607597958167347,-1.6219917963687769,2.0,289.98211939486896,4.882165114521019,0.4230000000000003,0.022969470991775376,0.42300000000000026,0.0,0.022917651,2.0
3.5609803918503067,-1.619439971067667,2.0,289.94746788548315,4.881464773980404,0.4240000000000003,0.022968509706380483,0.42400000000000027,0.0,0.022917651,2.0
3.5612008819753775,-1.6168866991395556,2.0,289.91238873643334,4.8807625631560265,0.42500000000000027,0.02296756599119593,0.42500000000000027,0.0,0.022917651,2.0
3.5614212681286537,-1.6143320070383174,2.0,289.8768897677907,4.880058516249001,0.4260000000000002,0.02296663952492246,0.42600000000000027,0.0,0.022917651,2.0
3.5616415521999056,-1.6117759205767337,2.0,289.84097861011185,4.879352666631597,0.4270000000000003,0.02296572999404737,0.42700000000000027,0.0,0.022917651,2.0
3.561861736033381,-1.609218464945795,2.0,289.80466271014467,4.878645046872194,0.4280000000000003,0.022964837092609942,0.42800000000000027,0.0,0.022917651,2.0
3.5620818214291705,-1.6066596647333122,2.0,289.7679493363304,4.877935688759352,0.4290000000000003,0.022963960521975486,0.42900000000000027,0.0,0.022917651,2.0
3.5623018101445183,-1.604099543941863,2.0,289.73084558410847,4.877224623324998,0.4300000000000003,0.022963099990617346,0.43000000000000027,0.0,0.022917651,2.0
3.56252170389509,-1.6015381260061008,2.0,289.693358381033,4.876511880866825,0.4310000000000003,0.022962255213906668,0.43100000000000027,0.0,0.022917651,2.0
3.5627415043561963,-1.5989754338094508,2.0,289.65549449170936,4.875797490969854,0.4320000000000003,0.0229614259139096,0.4320000000000003,0.0,0.022917651,2.0
3.5629612131639714,-1.596411489700226,2.0,289.6172605225572,4.87508148252729,0.4330000000000003,0.022960611819191606,0.4330000000000003,0.0,0.022917651,2.0
3.563181105473171,-1.5938584122427888,2.0,289.57280955803043,4.874377074280264,0.4340000000000004,0.022959808733964193,0.4340000000000003,0.0,0.022917651,2.0
3.563401202291914,-1.5913177072471483,2.0,289.5216496109063,4.87368585602065,0.43500000000000033,0.02295901703703544,0.4350000000000003,0.0,0.022917651,2.0
3.563621174388033,-1.5887749686913089,2.0,289.4708484261225,4.872992105327452,0.43600000000000033,0.022958241468343847,0.4360000000000003,0.0,0.022917651,2.0
3.56384102473318,-1.5862302450270782,2.0,289.42039745577154,4.872295882538683,0.43700000000000033,0.022957481643616443,0.4370000000000003,0.0,0.022917651,2.0
3.5640607562053486,-1.5836835831791678,2.0,289.3702884213578,4.871597246090636,0.43800000000000033,0.022956737190691683,0.4380000000000003,0.0,0.022917651,2.0
3.564280371592535,-1.5811350286048875,2.0,289.32051330326595,4.870896252592217,0.4390000000000003,0.022956007749046065,0.4390000000000003,0.0,0.022917651,2.0
3.564499873596224,-1.5785846253510591,2.0,289.27106433071975,4.8701929568958215,0.4400000000000002,0.022955292969342685,0.4400000000000003,0.0,0.022917651,2.0
3.564719264834724,-1.5760324161083048,2.0,289.22193397220525,4.8694874121649425,0.44100000000000034,0.022954592513000742,0.4410000000000003,0.0,0.022917651,2.0
3.564938547846341,-1.5734784422628414,2.0,289.17311492633223,4.868779669938673,0.4420000000000003,0.022953906051784687,0.4420000000000003,0.0,0.022917651,2.0
3.565157725092411,-1.570922743945926,2.0,289.1246001131119,4.86806978019328,0.4430000000000003,0.022953233267412124,0.4430000000000003,0.0,0.022917651,2.0
3.5653767989601968,-1.5683653600810636,2.0,289.0763826656278,4.867357791400987,0.4440000000000003,0.022952573851179364,0.4440000000000003,0.0,0.022917651,2.0
3.5655957717656523,-1.5658063284291042,2.0,289.0284559220804,4.866643750586144,0.44500000000000034,0.022951927503603784,0.4450000000000003,0.0,0.022917651,2.0
3.565814645756066,-1.5632456856313295,2.0,288.9808134181847,4.86592770337888,0.4460000000000003,0.022951293934082097,0.4460000000000003,0.0,0.022917651,2.0
3.5660334231125876,-1.5606834672506424,2.0,288.93344887990474,4.865209694066395,0.4470000000000003,0.022950672860563674,0.4470000000000003,0.0,0.022917651,2.0
3.5662521059526426,-1.5581197078109483,2.0,288.8863562165053,4.8644897656420065,0.44800000000000034,0.02295006400923822,0.4480000000000003,0.0,0.022917651,2.0
3.566470696332243,-1.555554440834822,2.0,288.8395295139061,4.863767959852055,0.4490000000000003,0.022949467114237003,0.4490000000000003,0.0,0.022917651,2.0
3.566689196248197,-1.5529876988795535,2.0,288.792963028324,4.863044317240788,0.4500000000000003,0.022948881917347033,0.4500000000000003,0.0,0.022917651,2.0
3.5669076076402253,-1.5504195135716397,2.0,288.7466511801865,4.8623188771933235,0.4510000000000003,0.022948308167737446,0.4510000000000003,0.0,0.022917651,2.0
3.5671259323929885,-1.5478499156398144,2.0,288.7005885483055,4.861591677976773,0.4520000000000003,0.022947745621697574,0.4520000000000003,0.0,0.022917651,2.0
3.5673441723380233,-1.5452789349466796,2.0,288.65476986429667,4.860862756779639,0.4530000000000003,0.02294719404238609,0.4530000000000003,0.0,0.022917651,2.0
3.5675623292556042,-1.5427066005190062,2.0,288.60919000723345,4.860132149749545,0.4540000000000003,0.02294665319959064,0.4540000000000003,0.0,0.022917651,2.0
3.5677804048765234,-1.540132940576775,2.0,288.56384399852385,4.859399892029403,0.4550000000000003,0.022946122869497574,0.4550000000000003,0.0,0.022917651,2.0
3.5679984008837984,-1.5375579825610144,2.0,288.5187269969995,4.858666017792079,0.45600000000000035,0.02294560283447114,0.4560000000000003,0.0,0.022917651,2.0
3.5682163189143092,-1.5349817531604915,2.0,288.4738342942064,4.857930560273634,0.4570000000000003,0.022945092882841786,0.4570000000000003,0.0,0.022917651,2.0
3.5684341605603676,-1.5324042783373153,2.0,288.42916130988834,4.857193551805209,0.4580000000000004,0.02294459280870312,0.4580000000000003,0.0,0.022917651,2.0
3.5686519273712234,-1.5298255833514998,2.0,288.38470358765284,4.856455023843606,0.4590000000000003,0.02294410241171708,0.4590000000000003,0.0,0.022917651,2.0
3.5688696208545143,-1.5272456927845401,2.0,288.34045679081294,4.855715007000659,0.4600000000000003,0.022943621496926973,0.4600000000000003,0.0,0.022917651,2.0
3.5690872424776483,-1.5246646305620404,2.0,288.29641669839407,4.854973531071406,0.4610000000000003,0.022943149874577996,0.4610000000000003,0.0,0.022917651,2.0
3.5693047936691396,-1.522082419975445,2.0,288.25257920130036,4.854230625061154,0.4620000000000003,0.022942687359944876,0.4620000000000003,0.0,0.022917651,2.0
3.5695222758198892,-1.5194990837029148,2.0,288.2089402986329,4.8534863172114715,0.4630000000000003,0.022942233773166343,0.4630000000000003,0.0,0.022917651,2.0
3.569739690284413,-1.516914643829374,2.0,288.1654960941509,4.852740635025164,0.4640000000000003,0.02294178893908607,0.4640000000000003,0.0,0.022917651,2.0
3.5699568686095757,-1.5143363925313629,2.0,288.11898242358916,4.8520001970715665,0.46500000000000036,0.022941367554758882,0.4650000000000003,0.0,0.022917651,2.0
3.5701737641168734,-1.5117650853739417,2.0,288.0690814689688,4.8512655722341655,0.4660000000000003,0.02294097101976117,0.4660000000000003,0.0,0.022917651,2.0
3.5703905708984984,-1.509192060432933,2.0,288.01969000772635,4.85052887471574,0.4670000000000003,0.022940581373867557,0.4670000000000003,0.0,0.022917651,2.0
3.5706072913121876,-1.5066173633555602,2.0,287.97079450092804,4.849790159594318,0.4680000000000003,0.02294019843401163,0.4680000000000003,0.0,0.022917651,2.0
3.5708239276328726,-1.5040410381859157,2.0,287.92238188512744,4.849049480013588,0.4690000000000003,0.022939822023556277,0.4690000000000003,0.0,0.022917651,2.0
3.571040482056287,-1.501463127434726,2.0,287.874439551674,4.848306887267077,0.4700000000000003,0.022939451972013886,0.4700000000000003,0.0,0.022917651,2.0
3.5712569567023777,-1.4988836721455046,2.0,287.82695532709107,4.8475624308779635,0.4710000000000003,0.02293908811478105,0.4710000000000003,0.0,0.022917651,2.0
3.571473353618554,-1.496302711957309,2.0,287.7799174544627,4.846816158674817,0.47200000000000036,0.022938730292886865,0.4720000000000003,0.0,0.022917651,2.0
3.571689674782755,-1.4937202851643043,2.0,287.7333145757666,4.8460681168634485,0.4730000000000003,0.022938378352754085,0.4730000000000003,0.0,0.022917651,2.0
3.5719059221063807,-1.4911364287723234,2.0,287.68713571509977,4.84531835009517,0.4740000000000003,0.022938032145972256,0.4740000000000003,0.0,0.022917651,2.0
3.5721220974370578,-1.4885511785525918,2.0,287.6413702627423,4.8445669015316115,0.4750000000000003,0.022937691529082274,0.4750000000000003,0.0,0.022917651,2.0
3.572338202561284,-1.4859645690927898,2.0,287.596007960013,4.843813812906333,0.4760000000000003,0.022937356363371596,0.4760000000000003,0.0,0.022917651,2.0
3.572554239206932,-1.4833766338456005,2.0,287.5510388848703,4.843059124583411,0.4770000000000003,0.022937026514679534,0.4770000000000003,0.0,0.022917651,2.0
3.5727702090456366,-1.480787405174886,2.0,287.5064534382158,4.842302875613143,0.4780000000000003,0.022936701853212095,0.4780000000000003,0.0,0.022917651,2.0
3.572986113695061,-1.47819691439963,2.0,287.46224233086133,4.841545103785075,0.47900000000000037,0.022936382253365705,0.4790000000000003,0.0,0.022917651,2.0
3.5732019547210627,-1.4756051918357678,2.0,287.4183965711224,4.840785845678473,0.4800000000000003,0.02293606759355949,0.4800000000000003,0.0,0.022917651,2.0
3.573417733639746,-1.473012266836022,2.0,287.37490745300266,4.840025136710391,0.4810000000000003,0.022935757756075502,0.4810000000000003,0.0,0.022917651,2.0
3.573633451919425,-1.470418167827856,2.0,287.33176654493667,4.839263011181463,0.4820000000000003,0.0229354526269065,0.4820000000000003,0.0,0.022917651,2.0
3.5738491109824904,-1.467822922349648,2.0,287.28896567906145,4.838499502319546,0.4830000000000003,0.022935152095610905,0.4830000000000003,0.0,0.022917651,2.0
3.5740647122071945,-1.4652265570851768,2.0,287.2464969409872,4.837734642321341,0.4840000000000003,0.02293485605517446,0.4840000000000003,0.0,0.022917651,2.0
3.5742802569293457,-1.4626290978965213,2.0,287.2043526600402,4.836968462392084,0.4850000000000003,0.022934564401878296,0.4850000000000003,0.0,0.022917651,2.0
3.574495746443931,-1.4600305698554439,2.0,287.1625253999534,4.836200992783413,0.4860000000000004,0.022934277035173097,0.4860000000000003,0.0,0.022917651,2.0
3.574711182006665,-1.4574309972733537,2.0,287.12100794998037,4.835432262829518,0.4870000000000003,0.022933993857558895,0.4870000000000003,0.0,0.022917651,2.0
3.574926564835468,-1.4548304037299136,2.0,287.0797933164103,4.83466230098167,0.4880000000000003,0.02293371477447038,0.4880000000000003,0.0,0.022917651,2.0
3.575141896111874,-1.4522288121003635,2.0,287.0388747144633,4.833891134841176,0.4890000000000004,0.0229334396941673,0.4890000000000003,0.0,0.022917651,2.0
3.575357176982382,-1.4496262445816324,2.0,286.9982455605462,4.833118791190893,0.4900000000000003,0.02293316852762972,0.4900000000000003,0.0,0.022917651,2.0
3.5755724085597453,-1.4470227227172945,2.0,286.95789946485024,4.832345296025343,0.4910000000000003,0.022932901188457987,0.4910000000000003,0.0,0.022917651,2.0
3.575787591924202,-1.4444182674214334,2.0,286.9178302242734,4.831570674579496,0.4920000000000003,0.02293263759277698,0.4920000000000003,0.0,0.022917651,2.0
3.5760027281246556,-1.4418128990014656,2.0,286.87803181565056,4.8307949513563235,0.4930000000000004,0.0229323776591446,0.4930000000000003,0.0,0.022917651,2.0
3.5762178181798023,-1.439206637179981,2.0,286.83849838927557,4.830018150153139,0.4940000000000003,0.022932121308464167,0.4940000000000003,0.0,0.022917651,2.0
3.5764328630792117,-1.4365995011156447,2.0,286.7992242627023,4.829240294086826,0.49500000000000033,0.022931868463900603,0.49500000000000033,0.0,0.022917651,2.0
3.5766478637843595,-1.433991509423209,2.0,286.7602039148085,4.828461405617982,0.4960000000000004,0.022931619050800173,0.49600000000000033,0.0,0.022917651,2.0
3.5768628212296156,-1.4313826801926794,2.0,286.7214319801115,4.82768150657404,0.49700000000000033,0.022931372996613606,0.49700000000000033,0.0,0.022917651,2.0
3.577077736323197,-1.428773031007676,2.0,286.68290324332236,4.8269006181714325,0.49800000000000033,0.022931130230822484,0.49800000000000033,0.0,0.022917651,2.0
3.577292609948073,-1.4261625789630303,2.0,286.6446126341263,4.826118761036816,0.49900000000000033,0.022930890684868654,0.49900000000000033,0.0,0.022917651,2.0
3.5775074429628373,-1.4235513406816487,2.0,286.6065552221811,4.8253359552274215,0.5000000000000003,0.022930654292086603,0.5000000000000003,0.0,0.022917651,2.0
3.5778110318049476,-1.4206835236782072,2.0,286.7416686125356,4.824474305999817,0.5010000000000003,0.022930615702856438,0.5010000000000003,0.0,0.022917651,2.0
3.5781146218548514,-1.4178156967249467,2.0,286.876861046592,4.8236126516539874,0.5020000000000003,0.022930577090582514,0.5020000000000003,0.0,0.022917651,2.0
3.5784182131202766,-1.4149478597581964,2.0,287.01213303016516,4.82275099215718,0.5030000000000003,0.02293053845511737,0.5030000000000003,0.0,0.022917651,2.0
3.5787218056090193,-1.412080012713742,2.0,287.14748507339465,4.821889327476363,0.5040000000000003,0.022930499796312287,0.5040000000000003,0.0,0.022917651,2.0
3.579025399328941,-1.4092121555268171,2.0,287.2829176907912,4.82102765757822,0.5050000000000003,0.022930461114017264,0.5050000000000003,0.0,0.022917651,2.0
3.5793289942879696,-1.406344288132101,2.0,287.41843140128407,4.820165982429152,0.5060000000000003,0.02293042240808102,0.5060000000000003,0.0,0.022917651,2.0
3.5796325904941053,-1.4034764104637099,2.0,287.55402672826796,4.819304301995264,0.5070000000000003,0.02293038367835097,0.5070000000000003,0.0,0.022917651,2.0
3.579936187955412,-1.400608522455192,2.0,287.68970419965154,4.818442616242377,0.5080000000000005,0.022930344924673204,0.5080000000000003,0.0,0.022917651,2.0
3.5802397866800275,-1.3977406240395214,2.0,287.82546434790606,4.81758092513601,0.5090000000000003,0.022930306146892506,0.5090000000000003,0.0,0.022917651,2.0
3.5805433866761573,-1.3948727151490903,2.0,287.9613077101149,4.816719228641386,0.5100000000000005,0.022930267344852276,0.5100000000000003,0.0,0.022917651,2.0
3.58084698795208,-1.3920047957157071,2.0,288.0972348280235,4.815857526723426,0.5110000000000003,0.022930228518394602,0.5110000000000003,0.0,0.022917651,2.0
3.5811505905161463,-1.3891368656705836,2.0,288.23324624809004,4.814995819346747,0.5120000000000003,0.02293018966736015,0.5120000000000003,0.0,0.022917651,2.0
3.581454194376777,-1.386268924944334,2.0,288.3693425215368,4.814134106475657,0.5130000000000005,0.022930150791588243,0.5130000000000003,0.0,0.022917651,2.0
3.5817577995424696,-1.3834009734669648,2.0,288.5055242044023,4.813272388074148,0.5140000000000003,0.022930111890916767,0.5140000000000003,0.0,0.022917651,2.0
3.582061406021795,-1.3805330111678715,2.0,288.64179185759394,4.812410664105905,0.5150000000000003,0.022930072965182197,0.5150000000000003,0.0,0.022917651,2.0
3.5823650138233987,-1.3776650379758282,2.0,288.77814604694123,4.811548934534285,0.5160000000000003,0.022930034014219586,0.5160000000000003,0.0,0.022917651,2.0
3.582668622956002,-1.3747970538189838,2.0,288.9145873432503,4.81068719932233,0.5170000000000003,0.022929995037862513,0.5170000000000003,0.0,0.022917651,2.0
3.5829722334284053,-1.3719290586248525,2.0,289.05111632235844,4.809825458432752,0.5180000000000005,0.02292995603594311,0.5180000000000003,0.0,0.022917651,2.0
3.5832758452494846,-1.3690610523203097,2.0,289.1877335651898,4.8089637118279365,0.5190000000000003,0.022929917008292028,0.5190000000000003,0.0,0.022917651,2.0
3.5835794584281944,-1.3661930348315832,2.0,289.32443965781135,4.808101959469933,0.5200000000000004,0.022929877954738397,0.5200000000000004,0.0,0.022917651,2.0
3.5838830729735687,-1.3633250060842446,2.0,289.4612351914905,4.8072402013204565,0.5210000000000005,0.022929838875109843,0.5210000000000004,0.0,0.022917651,2.0
3.5841866888947242,-1.3604569660032062,2.0,289.5981207627524,4.806378437340881,0.5220000000000005,0.022929799769232467,0.5220000000000004,0.0,0.022917651,2.0
3.584490306200856,-1.3575889145127087,2.0,289.7350969734387,4.805516667492237,0.5230000000000004,0.022929760636930807,0.5230000000000004,0.0,0.022917651,2.0
3.5847939249012435,-1.3547208515363174,2.0,289.872164430767,4.804654891735205,0.5240000000000005,0.022929721478027847,0.5240000000000004,0.0,0.022917651,2.0
3.5850975450052465,-1.3518527769969129,2.0,290.00932374739085,4.8037931100301146,0.5250000000000004,0.02292968229234497,0.5250000000000004,0.0,0.022917651,2.0
3.5854011665223116,-1.3489846908166845,2.0,290.1465755414609,4.802931322336941,0.5260000000000005,0.022929643079701977,0.5260000000000004,0.0,0.022917651,2.0
3.5857047894619685,-1.3461165929171206,2.0,290.2839204366865,4.802069528615295,0.5270000000000004,0.022929603839917028,0.5270000000000004,0.0,0.022917651,2.0
3.5860084138338335,-1.3432484832190028,2.0,290.4213590623982,4.801207728824428,0.5280000000000004,0.022929564572806656,0.5280000000000004,0.0,0.022917651,2.0
3.58631203964761,-1.340380361642398,2.0,290.55889205361194,4.800345922923222,0.5290000000000005,0.022929525278185727,0.5290000000000004,0.0,0.022917651,2.0
3.586615666913089,-1.3375122281066467,2.0,290.6965200510923,4.799484110870185,0.5300000000000004,0.022929485955867447,0.5300000000000004,0.0,0.022917651,2.0
3.5869192956401497,-1.3346440825303603,2.0,290.83424370141876,4.79862229262345,0.5310000000000004,0.022929446605663314,0.5310000000000004,0.0,0.022917651,2.0
3.587222925838762,-1.3317759248314083,2.0,290.9720636570509,4.79776046814077,0.5320000000000004,0.022929407227383118,0.5320000000000004,0.0,0.022917651,2.0
3.587526557518986,-1.3289077549269124,2.0,291.1099805763963,4.796898637379512,0.5330000000000004,0.022929367820834906,0.5330000000000004,0.0,0.022917651,2.0
3.587830190690975,-1.3260395727332364,2.0,291.2479951238777,4.796036800296653,0.5340000000000004,0.022929328385824985,0.5340000000000004,0.0,0.022917651,2.0
3.5881338253649737,-1.323171378165979,2.0,291.38610797000206,4.795174956848774,0.5350000000000004,0.02292928892215787,0.5350000000000004,0.0,0.022917651,2.0
3.588437461551323,-1.3203031711399635,2.0,291.5243197914307,4.794313106992065,0.5360000000000005,0.022929249429636308,0.5360000000000004,0.0,0.022917651,2.0
3.5887410992604547,-1.31743495156923,2.0,291.66263127104975,4.7934512506823035,0.5370000000000005,0.0229292099080612,0.5370000000000004,0.0,0.022917651,2.0
3.5890447385029014,-1.3145667193670258,2.0,291.801043098042,4.792589387874865,0.5380000000000004,0.02292917035723164,0.5380000000000004,0.0,0.022917651,2.0
3.5893483792892913,-1.3116984744457971,2.0,291.9395559679594,4.791727518524712,0.5390000000000004,0.022929130776944844,0.5390000000000004,0.0,0.022917651,2.0
3.5896520216303505,-1.3088302167171781,2.0,292.07817058279744,4.790865642586388,0.5400000000000004,0.022929091166996166,0.5400000000000004,0.0,0.022917651,2.0
3.5899556655369054,-1.305961946091983,2.0,292.2168876510692,4.790003760014016,0.5410000000000004,0.02292905152717904,0.5410000000000004,0.0,0.022917651,2.0
3.590259311019882,-1.303093662480196,2.0,292.3557078878815,4.789141870761291,0.5420000000000003,0.022929011857285003,0.5420000000000004,0.0,0.022917651,2.0
3.5905629580903105,-1.300225365790962,2.0,292.494632015012,4.788279974781479,0.5430000000000005,0.022928972157103624,0.5430000000000004,0.0,0.022917651,2.0
3.590866606759321,-1.2973570559325753,2.0,292.6336607609865,4.787418072027402,0.5440000000000004,0.022928932426422518,0.5440000000000004,0.0,0.022917651,2.0
3.591170257038152,-1.294488732812472,2.0,292.7727948611589,4.786556162451448,0.5450000000000005,0.022928892665027307,0.5450000000000004,0.0,0.022917651,2.0
3.5914739089381436,-1.2916203963372177,2.0,292.91203505779066,4.785694246005554,0.5460000000000004,0.022928852872701598,0.5460000000000004,0.0,0.022917651,2.0
3.5917775624707446,-1.288752046412499,2.0,293.0513821001324,4.784832322641204,0.5470000000000003,0.02292881304922696,0.5470000000000004,0.0,0.022917651,2.0
3.5920812176475128,-1.285883682943112,2.0,293.19083674450644,4.783970392309424,0.5480000000000004,0.022928773194382895,0.5480000000000004,0.0,0.022917651,2.0
3.5923848744801123,-1.2830153058329519,2.0,293.33039975439004,4.783108454960779,0.5490000000000004,0.022928733307946834,0.5490000000000004,0.0,0.022917651,2.0
3.5926885329803215,-1.2801469149850027,2.0,293.4700719005006,4.782246510545363,0.5500000000000004,0.022928693389694086,0.5500000000000004,0.0,0.022917651,2.0
3.592992193160028,-1.2772785103013267,2.0,293.60985396088154,4.781384559012794,0.5510000000000004,0.022928653439397824,0.5510000000000004,0.0,0.022917651,2.0
3.593295855031234,-1.274410091683052,2.0,293.7497467209896,4.780522600312216,0.5520000000000004,0.022928613456829065,0.5520000000000004,0.0,0.022917651,2.0
3.593599518606056,-1.2715416590303639,2.0,293.8897509737832,4.779660634392282,0.5530000000000005,0.022928573441756635,0.5530000000000004,0.0,0.022917651,2.0
3.593903183896726,-1.2686732122424902,2.0,294.0298675198125,4.778798661201153,0.5540000000000004,0.022928533393947143,0.5540000000000004,0.0,0.022917651,2.0
3.594206850915594,-1.2658047512176933,2.0,294.1700971673102,4.777936680686496,0.5550000000000004,0.022928493313164978,0.5550000000000004,0.0,0.022917651,2.0
3.5945105196751297,-1.262936275853256,2.0,294.31044073228395,4.777074692795474,0.5560000000000005,0.02292845319917223,0.5560000000000004,0.0,0.022917651,2.0
3.59481419018792,-1.260067786045471,2.0,294.4508990386102,4.7762126974747385,0.5570000000000004,0.022928413051728727,0.5570000000000004,0.0,0.022917651,2.0
3.5951178624666773,-1.2571992816896282,2.0,294.5914729181293,4.7753506946704265,0.5580000000000003,0.022928372870591948,0.5580000000000004,0.0,0.022917651,2.0
3.5954215365242344,-1.254330762680003,2.0,294.73216321074153,4.774488684328153,0.5590000000000004,0.02292833265551705,0.5590000000000004,0.0,0.022917651,2.0
3.5957252123735497,-1.2514622289098447,2.0,294.8729707645058,4.773626666393004,0.5600000000000004,0.022928292406256785,0.5600000000000004,0.0,0.022917651,2.0
3.5960288900277075,-1.248593680271361,2.0,295.01389643573793,4.772764640809532,0.5610000000000005,0.022928252122561516,0.5610000000000004,0.0,0.022917651,2.0
3.5963325694999217,-1.2457251166557104,2.0,295.1549410891124,4.771902607521747,0.5620000000000004,0.022928211804179158,0.5620000000000004,0.0,0.022917651,2.0
3.5966362508035323,-1.242856537952984,2.0,295.29610559776376,4.771040566473115,0.5630000000000004,0.02292817145085517,0.5630000000000004,0.0,0.022917651,2.0
3.596939933952011,-1.2399879440521961,2.0,295.43739084339063,4.7701785176065385,0.5640000000000004,0.022928131062332505,0.5640000000000004,0.0,0.022917651,2.0
3.5972436189589656,-1.2371193348412695,2.0,295.57879771636135,4.7693164608643706,0.5650000000000004,0.022928090638351592,0.5650000000000004,0.0,0.022917651,2.0
3.597547305838132,-1.2342507102070224,2.0,295.72032711582017,4.768454396188386,0.5660000000000004,0.022928050178650308,0.5660000000000004,0.0,0.022917651,2.0
3.5978509946033874,-1.231382070035154,2.0,295.8619799497961,4.767592323519791,0.5670000000000005,0.02292800968296392,0.5670000000000004,0.0,0.022917651,2.0
3.5981546852687414,-1.2285134142102316,2.0,296.0037571353126,4.766730242799204,0.5680000000000004,0.0229279691510251,0.5680000000000004,0.0,0.022917651,2.0
3.5984583778483477,-1.2256447426156771,2.0,296.14565959849955,4.765868153966659,0.5690000000000004,0.022927928582563848,0.5690000000000004,0.0,0.022917651,2.0
3.598762072356497,-1.2227760551337505,2.0,296.2876882747064,4.765006056961588,0.5700000000000005,0.02292788797730748,0.5700000000000004,0.0,0.022917651,2.0
3.599065768807625,-1.2199073516455374,2.0,296.4298441086169,4.764143951722821,0.5710000000000004,0.022927847334980583,0.5710000000000004,0.0,0.022917651,2.0
3.599369467216311,-1.217038632030934,2.0,296.57212805436666,4.763281838188579,0.5720000000000005,0.022927806655305003,0.5720000000000004,0.0,0.022917651,2.0
3.5996731675972793,-1.2141698961686318,2.0,296.7145410756605,4.762419716296457,0.5730000000000004,0.02292776593799979,0.5730000000000004,0.0,0.022917651,2.0
3.599976869965405,-1.2113011439361017,2.0,296.85708414589385,4.761557585983428,0.5740000000000004,0.022927725182781168,0.5740000000000004,0.0,0.022917651,2.0
3.6002805743357102,-1.20843237520958,2.0,296.9997582482739,4.760695447185825,0.5750000000000004,0.022927684389362504,0.5750000000000004,0.0,0.022917651,2.0
3.600584280723371,-1.2055635898640529,2.0,297.14256437594435,4.759833299839344,0.5760000000000004,0.022927643557454247,0.5760000000000004,0.0,0.022917651,2.0
3.600887989143717,-1.2026947877732392,2.0,297.2855035321107,4.758971143879023,0.5770000000000005,0.02292760268676396,0.5770000000000004,0.0,0.022917651,2.0
3.6011916996122313,-1.1998259688095751,2.0,297.4285767301682,4.758108979239243,0.5780000000000004,0.022927561776996175,0.5780000000000004,0.0,0.022917651,2.0
3.6014954121445575,-1.1969571328441986,2.0,297.57178499383156,4.7572468058537165,0.5790000000000004,0.022927520827852474,0.5790000000000004,0.0,0.022917651,2.0
3.601799126756498,-1.194088279746931,2.0,297.7151293572666,4.756384623655481,0.5800000000000005,0.02292747983903135,0.5800000000000004,0.0,0.022917651,2.0
3.6021028434640154,-1.1912194093862618,2.0,297.85861086522414,4.755522432576884,0.5810000000000004,0.022927438810228216,0.5810000000000004,0.0,0.022917651,2.0
3.6024065622832384,-1.188350521629331,2.0,298.0022305731751,4.7546602325495835,0.5820000000000004,0.02292739774113539,0.5820000000000004,0.0,0.022917651,2.0
3.6027102832304605,-1.185481616341912,2.0,298.1459895474496,4.753798023504533,0.5830000000000005,0.02292735663144199,0.5830000000000004,0.0,0.022917651,2.0
3.603014006322143,-1.1826126933883934,2.0,298.2898888653756,4.7529358053719735,0.5840000000000004,0.022927315480833942,0.5840000000000004,0.0,0.022917651,2.0
3.6033177315749176,-1.1797437526317611,2.0,298.43392961542213,4.752073578081424,0.5850000000000004,0.022927274288993927,0.5850000000000004,0.0,0.022917651,2.0
3.6036214590055895,-1.1768747939335815,2.0,298.5781128973429,4.751211341561674,0.5860000000000004,0.022927233055601324,0.5860000000000004,0.0,0.022917651,2.0
3.603925188631137,-1.1740058171539811,2.0,298.72243982232357,4.750349095740772,0.5870000000000004,0.022927191780332194,0.5870000000000004,0.0,0.022917651,2.0
3.6042289204687163,-1.171136822151629,2.0,298.8669115131301,4.749486840546016,0.5880000000000005,0.02292715046285921,0.5880000000000004,0.0,0.022917651,2.0
3.604532654535662,-1.1682678087837175,2.0,299.01152910426043,4.748624575903947,0.5890000000000004,0.022927109102851638,0.5890000000000004,0.0,0.022917651,2.0
3.604836390849492,-1.1653987769059428,2.0,299.15629374209794,4.747762301740333,0.5900000000000004,0.022927067699975257,0.5900000000000004,0.0,0.022917651,2.0
3.6051401294279066,-1.1625297263724856,2.0,299.3012065850675,4.746900017980164,0.5910000000000005,0.02292702625389236,0.5910000000000004,0.0,0.022917651,2.0
3.6054438702887923,-1.1596606570359902,2.0,299.4462688037941,4.746037724547641,0.5920000000000004,0.022926984764261676,0.5920000000000004,0.0,0.022917651,2.0
3.6057476134502258,-1.1567915687475459,2.0,299.59148158126374,4.745175421366163,0.5930000000000004,0.02292694323073831,0.5930000000000004,0.0,0.022917651,2.0
3.606051358930476,-1.153922461356664,2.0,299.736846112987,4.744313108358317,0.5940000000000004,0.022926901652973748,0.5940000000000004,0.0,0.022917651,2.0
3.6063551067480017,-1.1510533347112604,2.0,299.8823636071654,4.743450785445872,0.5950000000000004,0.022926860030615753,0.5950000000000004,0.0,0.022917651,2.0
3.6066588569214617,-1.1481841886576298,2.0,300.02803528486004,4.74258845254976,0.5960000000000004,0.02292681836330835,0.5960000000000004,0.0,0.022917651,2.0
3.6069626094697145,-1.1453150230404285,2.0,300.17386238016354,4.741726109590073,0.5970000000000004,0.022926776650691767,0.5970000000000004,0.0,0.022917651,2.0
3.6072663644118172,-1.1424458377026498,2.0,300.3198461403738,4.740863756486045,0.5980000000000004,0.02292673489240236,0.5980000000000004,0.0,0.022917651,2.0
3.6075701217670337,-1.139576632485602,2.0,300.4659878261714,4.740001393156045,0.5990000000000004,0.02292669308807262,0.5990000000000004,0.0,0.022917651,2.0
3.6078738815548346,-1.1367074072288872,2.0,300.61228871179975,4.739139019517564,0.6000000000000004,0.022926651237331057,0.6000000000000004,0.0,0.022917651,2.0
3.608237475827274,-1.1338558866761657,2.0,300.72668778298475,4.738411344122183,0.6010000000000005,0.02292664735860722,0.6010000000000004,0.0,0.022917651,2.0
3.608601094874214,-1.1310041770179116,2.0,300.8412356230592,4.737683578716132,0.6020000000000004,0.022926643465658213,0.6020000000000004,0.0,0.022917651,2.0
3.6089647390315265,-1.1281522756903906,2.0,300.95593424890683,4.736955722079125,0.6030000000000005,0.02292663955829118,0.6030000000000004,0.0,0.022917651,2.0
3.609328408641182,-1.1253001800833158,2.0,301.07078571403423,4.73622777296871,0.6040000000000004,0.022926635636309756,0.6040000000000004,0.0,0.022917651,2.0
3.6096921040513887,-1.1224478875387858,2.0,301.18579210940646,4.735499730119779,0.6050000000000004,0.022926631699514016,0.6050000000000004,0.0,0.022917651,2.0
3.6100558256167363,-1.1195953953501945,2.0,301.3009555643044,4.734771592244037,0.6060000000000005,0.022926627747700348,0.6060000000000004,0.0,0.022917651,2.0
3.6104195736983424,-1.1167427007611088,2.0,301.4162782472073,4.734043358029477,0.6070000000000004,0.02292662378066141,0.6070000000000004,0.0,0.022917651,2.0
3.6107833486640017,-1.1138898009641196,2.0,301.531762366698,4.733315026139819,0.6080000000000004,0.022926619798186023,0.6080000000000004,0.0,0.022917651,2.0
3.6111471508883444,-1.1110366930996545,2.0,301.64741017239515,4.7325865952139665,0.6090000000000004,0.02292661580005907,0.6090000000000004,0.0,0.022917651,2.0
3.6115109807529926,-1.1081833742547638,2.0,301.7632239559102,4.731858063865407,0.6100000000000004,0.022926611786061438,0.6100000000000004,0.0,0.022917651,2.0
3.6118748386467243,-1.105329841461866,2.0,301.879206051832,4.731129430681629,0.6110000000000004,0.02292660775596989,0.6110000000000004,0.0,0.022917651,2.0
3.6122387249656462,-1.1024760916974636,2.0,301.99535883873904,4.730400694223504,0.6120000000000005,0.02292660370955699,0.6120000000000004,0.0,0.022917651,2.0
3.6126026401133613,-1.0996221218808202,2.0,302.11168474024066,4.729671853024661,0.6130000000000005,0.02292659964659099,0.6130000000000004,0.0,0.022917651,2.0
3.6129665845011516,-1.096767928872596,2.0,302.2281862260471,4.728942905590831,0.6140000000000005,0.022926595566835746,0.6140000000000004,0.0,0.022917651,2.0
3.613330558548158,-1.0939135094734518,2.0,302.34486581307186,4.728213850399191,0.6150000000000004,0.022926591470050592,0.6150000000000004,0.0,0.022917651,2.0
3.6136945626815717,-1.0910588604226057,2.0,302.461726066564,4.727484685897668,0.6160000000000004,0.022926587355990232,0.6160000000000004,0.0,0.022917651,2.0
3.614058597336829,-1.0882039783963535,2.0,302.57876960127464,4.726755410504244,0.6170000000000004,0.02292658322440465,0.6170000000000004,0.0,0.022917651,2.0
3.614422662957806,-1.0853488600065415,2.0,302.6959990826562,4.72602602260622,0.6180000000000004,0.022926579075038978,0.6180000000000004,0.0,0.022917651,2.0
3.614786759997031,-1.0824935017989978,2.0,302.81341722809805,4.725296520559477,0.6190000000000005,0.02292657490763338,0.6190000000000004,0.0,0.022917651,2.0
3.615150888915892,-1.0796379002519159,2.0,302.931026808197,4.724566902687699,0.6200000000000004,0.022926570721922935,0.6200000000000004,0.0,0.022917651,2.0
3.6155150501848543,-1.076782051774192,2.0,303.0488306480663,4.72383716728159,0.6210000000000004,0.02292656651763751,0.6210000000000004,0.0,0.022917651,2.0
3.6158792442836885,-1.073925952703711,2.0,303.1668316286834,4.723107312598051,0.6220000000000006,0.022926562294501622,0.6220000000000004,0.0,0.022917651,2.0
3.6162434717016976,-1.0710695993055839,2.0,303.2850326882771,4.7223773368593465,0.6230000000000004,0.02292655805223432,0.6230000000000004,0.0,0.022917651,2.0
3.616607732937958,-1.06821298777033,2.0,303.4034368237573,4.721647238252236,0.6240000000000006,0.02292655379054905,0.6240000000000004,0.0,0.022917651,2.0
3.6169720285015616,-1.0653561142120052,2.0,303.52204709218677,4.720917014927082,0.6250000000000004,0.022926549509153488,0.6250000000000004,0.0,0.022917651,2.0
3.6173363589118726,-1.0624989746662752,2.0,303.64086661229845,4.720186664996935,0.6260000000000004,0.02292654520774942,0.6260000000000004,0.0,0.022917651,2.0
3.6177007246987833,-1.0596415650884279,2.0,303.7598985660584,4.719456186536591,0.6270000000000006,0.022926540886032604,0.6270000000000004,0.0,0.022917651,2.0
3.6180651264029864,-1.056783881351326,2.0,303.87914620027607,4.718725577581609,0.6280000000000006,0.022926536543692574,0.6280000000000004,0.0,0.022917651,2.0
3.618429564576247,-1.053925919243296,2.0,303.99861282826487,4.717994836127311,0.6290000000000006,0.022926532180412507,0.6290000000000004,0.0,0.022917651,2.0
3.6187940397816916,-1.0510676744659537,2.0,304.1183018315538,4.71726396012775,0.6300000000000004,0.022926527795869074,0.6300000000000004,0.0,0.022917651,2.0
3.6191585525941017,-1.0482091426319615,2.0,304.23821666165196,4.716532947494634,0.6310000000000006,0.022926523389732237,0.6310000000000004,0.0,0.022917651,2.0
3.6195231036002125,-1.0453503192627132,2.0,304.358360841868,4.715801796096229,0.6320000000000006,0.022926518961665105,0.6320000000000005,0.0,0.022917651,2.0
3.6198876933990323,-1.0424911997859507,2.0,304.47873796918714,4.715070503756229,0.6330000000000005,0.022926514511323732,0.6330000000000005,0.0,0.022917651,2.0
3.6202523226021577,-1.0396317795333014,2.0,304.5993517162072,4.714339068252577,0.6340000000000005,0.022926510038356954,0.6340000000000005,0.0,0.022917651,2.0
3.6206169918341122,-1.0367720537377412,2.0,304.7202058331357,4.713607487316257,0.6350000000000005,0.02292650554240617,0.6350000000000005,0.0,0.022917651,2.0
3.620981701732685,-1.0339120175309717,2.0,304.8413041498509,4.712875758630053,0.6360000000000005,0.02292650102310517,0.6360000000000005,0.0,0.022917651,2.0
3.6213464529492883,-1.0310516659407207,2.0,304.96265057802884,4.712143879827256,0.6370000000000006,0.02292649648007993,0.6370000000000005,0.0,0.022917651,2.0
3.621711246149322,-1.0281909938879474,2.0,305.0842491133387,4.711411848490338,0.6380000000000005,0.02292649191294838,0.6380000000000005,0.0,0.022917651,2.0
3.622076082012549,-1.0253299961839637,2.0,305.2061038377097,4.710679662149582,0.6390000000000006,0.022926487321320212,0.6390000000000005,0.0,0.022917651,2.0
3.62244096123349,-1.0224686675274588,2.0,305.32821892167107,4.709947318281663,0.6400000000000005,0.022926482704796643,0.6400000000000005,0.0,0.022917651,2.0
3.6228058845218185,-1.019607002501426,2.0,305.4505986267693,4.70921481430819,0.6410000000000005,0.022926478062970188,0.6410000000000005,0.0,0.022917651,2.0
3.623170852602784,-1.01674499556999,2.0,305.57324730806477,4.7084821475941885,0.6420000000000005,0.022926473395424415,0.6420000000000005,0.0,0.022917651,2.0
3.6235358662176376,-1.0138826410751292,2.0,305.6961694167107,4.707749315446548,0.6430000000000005,0.022926468701733708,0.6430000000000005,0.0,0.022917651,2.0
3.6239009261240778,-1.0110199332332854,2.0,305.81936950261843,4.707016315112402,0.6440000000000006,0.022926463981463013,0.6440000000000005,0.0,0.022917651,2.0
3.624266033096706,-1.008156866131866,2.0,305.9428522172113,4.706283143777472,0.6450000000000005,0.02292645923416756,0.6450000000000005,0.0,0.022917651,2.0
3.6246311879275015,-1.0052934337256227,2.0,306.066622316272,4.70554979856433,0.6460000000000005,0.022926454459392606,0.6460000000000005,0.0,0.022917651,2.0
3.6249963914263166,-1.0024296298329123,2.0,306.1906846628854,4.7048162765306305,0.6470000000000005,0.022926449656673148,0.6470000000000005,0.0,0.022917651,2.0
3.625361644421376,-0.9995654481318264,2.0,306.3150442304824,4.704082574667265,0.6480000000000005,0.02292644482553362,0.6480000000000005,0.0,0.022917651,2.0
3.625727111472435,-0.996701322823821,2.0,306.4367721674291,4.703349785374906,0.6490000000000005,0.02292643995859863,0.6490000000000005,0.0,0.022917651,2.0
3.626093108264194,-0.9938380831599588,2.0,306.5502554519396,4.702620000571603,0.6500000000000005,0.022926435042699138,0.6500000000000005,0.0,0.022917651,2.0
3.6264591580475956,-0.990974429293158,2.0,306.6640745888264,4.701890013532628,0.6510000000000005,0.022926430097762514,0.6510000000000005,0.0,0.022917651,2.0
3.626825261789059,-0.9881103536695379,2.0,306.7782357030792,4.701159820569775,0.6520000000000005,0.022926425123259212,0.6520000000000005,0.0,0.022917651,2.0
3.627191420478642,-0.9852458485504135,2.0,306.892745069535,4.700429417904612,0.6530000000000005,0.022926420118646717,0.6530000000000005,0.0,0.022917651,2.0
3.6275576351307763,-0.9823809060066073,2.0,307.0076091174889,4.699698801665697,0.6540000000000006,0.022926415083369168,0.6540000000000005,0.0,0.022917651,2.0
3.6279239067850177,-0.9795155179125536,2.0,307.1228344354763,4.698967967885701,0.6550000000000005,0.022926410016856923,0.6550000000000005,0.0,0.022917651,2.0
3.6282902365068295,-0.9766496759401792,2.0,307.23842777623304,4.698236912498421,0.6560000000000005,0.02292640491852617,0.6560000000000005,0.0,0.022917651,2.0
3.6286566253883965,-0.9737833715525555,2.0,307.35439606184366,4.69750563133568,0.6570000000000005,0.022926399787778426,0.6570000000000005,0.0,0.022917651,2.0
3.629023074549466,-0.9709165959973107,2.0,307.4707463890829,4.696774120124108,0.6580000000000006,0.022926394624000125,0.6580000000000005,0.0,0.022917651,2.0
3.6293895851382216,-0.9680493402997893,2.0,307.5874860349618,4.696042374481805,0.6590000000000005,0.02292638942656211,0.6590000000000005,0.0,0.022917651,2.0
3.629756158332198,-0.9651815952559505,2.0,307.70462246248604,4.6953103899148765,0.6600000000000005,0.022926384194819144,0.6600000000000005,0.0,0.022917651,2.0
3.6301227953392163,-0.9623133514249933,2.0,307.82216332663666,4.694578161813824,0.6610000000000005,0.02292637892810939,0.6610000000000005,0.0,0.022917651,2.0
3.63048949739837,-0.9594445991216933,2.0,307.9401164805822,4.693845685449814,0.6620000000000006,0.022926373625753886,0.6620000000000005,0.0,0.022917651,2.0
3.6308562657810395,-0.9565753284084414,2.0,308.05848998213514,4.693112955970779,0.6630000000000005,0.02292636828705596,0.6630000000000005,0.0,0.022917651,2.0
3.6312231017919574,-0.9537055290869692,2.0,308.17729210046133,4.692379968397391,0.6640000000000006,0.022926362911300683,0.6640000000000005,0.0,0.022917651,2.0
3.6315900067703004,-0.9508351906897456,2.0,308.29653132305515,4.691646717618848,0.6650000000000005,0.02292635749775424,0.6650000000000005,0.0,0.022917651,2.0
3.63195698209084,-0.9479643024710317,2.0,308.41621636299294,4.690913198388516,0.6660000000000005,0.022926352045663317,0.6660000000000005,0.0,0.022917651,2.0
3.632324029165132,-0.9450928533975768,2.0,308.53635616647824,4.690179405319383,0.6670000000000006,0.022926346554254445,0.6670000000000005,0.0,0.022917651,2.0
3.6326911494427527,-0.9422208321389356,2.0,308.6569599206903,4.689445332879325,0.6680000000000005,0.022926341022733315,0.6680000000000005,0.0,0.022917651,2.0
3.6330583444125892,-0.9393482270573966,2.0,308.77803706195346,4.688710975386202,0.6690000000000006,0.022926335450284087,0.6690000000000005,0.0,0.022917651,2.0
3.6334256156041804,-0.9364750261974929,2.0,308.89959728424014,4.687976327002724,0.6700000000000005,0.022926329836068626,0.6700000000000005,0.0,0.022917651,2.0
3.6337929645891167,-0.9336012172750844,2.0,309.02165054802475,4.6872413817311305,0.6710000000000005,0.022926324179225785,0.6710000000000005,0.0,0.022917651,2.0
3.634160392982491,-0.9307267876659834,2.0,309.14420708950536,4.686506133407624,0.6720000000000006,0.022926318478870555,0.6720000000000005,0.0,0.022917651,2.0
3.634527902444417,-0.9278517243941071,2.0,309.26727743021087,4.685770575696602,0.6730000000000004,0.02292631273409327,0.6730000000000005,0.0,0.022917651,2.0
3.6348954946816074,-0.9249760141191311,2.0,309.39087238701245,4.6850347020846135,0.6740000000000005,0.022926306943958717,0.6740000000000005,0.0,0.022917651,2.0
3.6352631714490236,-0.9220996431236167,2.0,309.51500308256,4.684298505874084,0.6750000000000005,0.02292630110750526,0.6750000000000005,0.0,0.022917651,2.0
3.6356309345515885,-0.9192225972995922,2.0,309.63968095616366,4.6835619801767585,0.6760000000000006,0.02292629522374388,0.6760000000000005,0.0,0.022917651,2.0
3.6359987858459792,-0.9163448621345539,2.0,309.76491777514394,4.682825117906869,0.6770000000000006,0.02292628929165719,0.6770000000000005,0.0,0.022917651,2.0
3.636366727242497,-0.9134664226968633,2.0,309.89072564667333,4.682087911774006,0.6780000000000005,0.02292628331019844,0.6780000000000005,0.0,0.022917651,2.0
3.636734760707016,-0.9105872636205046,2.0,310.01711703013444,4.6813503542756685,0.6790000000000006,0.022926277278290403,0.6790000000000005,0.0,0.022917651,2.0
3.6371028882630156,-0.9077073690891738,2.0,310.1441047500214,4.680612437689506,0.6800000000000005,0.02292627119482431,0.6800000000000005,0.0,0.022917651,2.0
3.6374711119937126,-0.9048267228196633,2.0,310.27170200941333,4.6798741540652,0.6810000000000005,0.02292626505865864,0.6810000000000005,0.0,0.022917651,2.0
3.637839434044277,-0.9019453080445039,2.0,310.3999224040473,4.679135495215988,0.6820000000000006,0.022926258868617946,0.6820000000000005,0.0,0.022917651,2.0
3.6382078566241534,-0.8990631074938285,2.0,310.52877993702526,4.678396452709814,0.6830000000000005,0.022926252623491534,0.6830000000000005,0.0,0.022917651,2.0
3.638576382009487,-0.8961801033764125,2.0,310.65828903418605,4.677657017860063,0.6840000000000005,0.02292624632203218,0.6840000000000005,0.0,0.022917651,2.0
3.638945012545662,-0.8932962773598518,2.0,310.7884645601799,4.676917181715893,0.6850000000000005,0.022926239962954714,0.6850000000000005,0.0,0.022917651,2.0
3.6393137506499484,-0.8904116105498264,2.0,310.91932183527973,4.676176935052103,0.6860000000000005,0.02292623354493458,0.6860000000000005,0.0,0.022917651,2.0
3.6396825988142836,-0.8875260834684052,2.0,311.05087665297435,4.675436268358539,0.6870000000000005,0.022926227066606304,0.6870000000000005,0.0,0.022917651,2.0
3.640051559608175,-0.8846396760313379,2.0,311.1831452983808,4.674695171829016,0.6880000000000005,0.0229262205265619,0.6880000000000005,0.0,0.022917651,2.0
3.6404206356817426,-0.8817523675242763,2.0,311.316144567524,4.673953635349696,0.6890000000000006,0.022926213923349224,0.6890000000000005,0.0,0.022917651,2.0
3.6407898297689045,-0.8788641365778705,2.0,311.4498917875312,4.673211648486941,0.6900000000000005,0.022926207255470208,0.6900000000000005,0.0,0.022917651,2.0
3.6411591906182905,-0.8759750464347968,2.0,311.58398055192544,4.672469469490986,0.6910000000000005,0.022926200524805176,0.6910000000000005,0.0,0.022917651,2.0
3.6415290812473775,-0.8730857103586612,2.0,311.71544924650584,4.671729163784262,0.6920000000000006,0.022926193756165614,0.6920000000000005,0.0,0.022917651,2.0
3.641899105910515,-0.8701953357243621,2.0,311.84829544685067,4.670988355635141,0.6930000000000005,0.02292618691771407,0.6930000000000005,0.0,0.022917651,2.0
3.6422692680342026,-0.8673038959817977,2.0,311.98255436804936,4.67024703219899,0.6940000000000005,0.02292618000766583,0.6940000000000005,0.0,0.022917651,2.0
3.642639571162736,-0.8644113636681051,2.0,312.11826243584426,4.669505180189597,0.6950000000000005,0.022926173024174854,0.6950000000000005,0.0,0.022917651,2.0
3.6430100189633188,-0.8615177103680957,2.0,312.25545733910735,4.6687627858600225,0.6960000000000005,0.02292616596533106,0.6960000000000005,0.0,0.022917651,2.0
3.643380615231432,-0.8586229066726155,2.0,312.39417808507096,4.668019834982458,0.6970000000000006,0.022926158829157568,0.6970000000000005,0.0,0.022917651,2.0
3.643751363896494,-0.8557269221346996,2.0,312.5344650574815,4.667276312827016,0.6980000000000005,0.022926151613607726,0.6980000000000005,0.0,0.022917651,2.0
3.644122269027821,-0.8528297252233862,2.0,312.6763600778596,4.666532204139383,0.6990000000000005,0.022926144316562022,0.6990000000000005,0.0,0.022917651,2.0
3.6444933348409125,-0.8499312832750421,2.0,312.81990647006023,4.6657874931172705,0.7000000000000005,0.0229261369358248,0.7000000000000005,0.0,0.022917651,2.0
3.64489214056352,-0.8472526953710244,2.0,312.95264073521787,4.665284047471208,0.7010000000000006,0.022926136250836615,0.7010000000000005,0.0,0.022917651,2.0
3.6452910139259367,-0.844573580059412,2.0,313.08603090933093,4.664780344987538,0.7020000000000004,0.022926135561496603,0.7020000000000005,0.0,0.022917651,2.0
3.6456899559611675,-0.8418939292855657,2.0,313.2200870095281,4.664276381743803,0.7030000000000004,0.022926134867738316,0.7030000000000005,0.0,0.022917651,2.0
3.6460889677233586,-0.8392137348299922,2.0,313.3548192579592,4.6637721537372645,0.7040000000000005,0.022926134169493927,0.7040000000000005,0.0,0.022917651,2.0
3.6464880502883434,-0.8365329883041042,2.0,313.4902380870669,4.663267656882838,0.7050000000000005,0.022926133466694216,0.7050000000000005,0.0,0.022917651,2.0
3.646887204754202,-0.8338516811458495,2.0,313.6263541450228,4.662762887010964,0.7060000000000006,0.022926132759268542,0.7060000000000005,0.0,0.022917651,2.0
3.6472864322418377,-0.8311698046152046,2.0,313.7631783013326,4.662257839865416,0.7070000000000005,0.02292613204714478,0.7070000000000005,0.0,0.022917651,2.0
3.6476857338955773,-0.8284873497895259,2.0,313.90072165261677,4.661752511101033,0.7080000000000005,0.02292613133024931,0.7080000000000005,0.0,0.022917651,2.0
3.648085110883781,-0.8258043075587542,2.0,314.03899552857393,4.661246896281388,0.7090000000000005,0.022926130608506966,0.7090000000000005,0.0,0.022917651,2.0
3.6484845643994803,-0.8231206686204697,2.0,314.1780114981323,4.660740990876374,0.7100000000000005,0.022926129881840982,0.7100000000000005,0.0,0.022917651,2.0
3.6488840956610327,-0.8204364234747865,2.0,314.317781375798,4.660234790259729,0.7110000000000005,0.022926129150172978,0.7110000000000005,0.0,0.022917651,2.0
3.6492837059127945,-0.8177515624190859,2.0,314.4583172282056,4.659728289706457,0.7120000000000006,0.02292612841342289,0.7120000000000005,0.0,0.022917651,2.0
3.6496833964258206,-0.8150660755425782,2.0,314.59963138087977,4.659221484390191,0.7130000000000006,0.02292612767150894,0.7130000000000005,0.0,0.022917651,2.0
3.6500831684985826,-0.812379952720691,2.0,314.74173642521635,4.658714369380452,0.7140000000000005,0.02292612692434759,0.7140000000000005,0.0,0.022917651,2.0
3.6504830234577152,-0.8096931836092734,2.0,314.88464522568984,4.658206939639834,0.7150000000000005,0.02292612617185349,0.7150000000000005,0.0,0.022917651,2.0
3.6508829626587787,-0.8070057576386093,2.0,315.0283709272966,4.657699190021084,0.7160000000000005,0.02292612541393942,0.7160000000000005,0.0,0.022917651,2.0
3.6512829874870567,-0.804317664007238,2.0,315.17292696324324,4.657191115264092,0.7170000000000005,0.022926124650516255,0.7170000000000005,0.0,0.022917651,2.0
3.6516830993583733,-0.8016288916755656,2.0,315.31832706288924,4.656682709992783,0.7180000000000005,0.02292612388149291,0.7180000000000005,0.0,0.022917651,2.0
3.652083382863546,-0.7989396198691704,2.0,315.4644622846783,4.65617449190435,0.7190000000000006,0.022926123094463454,0.7190000000000005,0.0,0.022917651,2.0
3.652484000556477,-0.7962502175369416,2.0,315.61111604873105,4.655667480359364,0.7200000000000004,0.022926122265958717,0.7200000000000005,0.0,0.022917651,2.0
3.6528847108203304,-0.7935601229563177,2.0,315.7586669470972,4.655160146843695,0.7210000000000005,0.022926121432179893,0.7210000000000005,0.0,0.022917651,2.0
3.65328551519885,-0.790869324583131,2.0,315.9071299406924,4.654652485988053,0.7220000000000005,0.022926120593039043,0.7220000000000005,0.0,0.022917651,2.0
3.6536864152702972,-0.7881778106150917,2.0,316.05652032494925,4.6541444923030895,0.7230000000000005,0.022926119748446234,0.7230000000000005,0.0,0.022917651,2.0
3.654087412648421,-0.7854855689845348,2.0,316.2068537392196,4.653636160176031,0.7240000000000006,0.022926118898309526,0.7240000000000005,0.0,0.022917651,2.0
3.654488508983459,-0.7827925873509195,2.0,316.3581461764958,4.653127483867186,0.7250000000000005,0.022926118042534905,0.7250000000000005,0.0,0.022917651,2.0
3.6548897059631806,-0.7800988530930704,2.0,316.51041399346286,4.652618457506336,0.7260000000000005,0.02292611718102621,0.7260000000000005,0.0,0.022917651,2.0
3.6552910053139502,-0.7774043533011566,2.0,316.6636739208959,4.652109075089009,0.7270000000000005,0.022926116313685085,0.7270000000000005,0.0,0.022917651,2.0
3.6556924088018468,-0.7747090747683916,2.0,316.81794307441686,4.651599330472616,0.7280000000000005,0.022926115440410906,0.7280000000000005,0.0,0.022917651,2.0
3.6560939182338066,-0.7720130039824445,2.0,316.9732389656231,4.651089217372452,0.7290000000000005,0.022926114561100733,0.7290000000000005,0.0,0.022917651,2.0
3.6564955354588142,-0.7693161271165544,2.0,317.1295795136062,4.6505787293575755,0.7300000000000006,0.02292611367564922,0.7300000000000005,0.0,0.022917651,2.0
3.6568972623691294,-0.7666184300203284,2.0,317.28698305687334,4.650067859846514,0.7310000000000004,0.022926112783948557,0.7310000000000005,0.0,0.022917651,2.0
3.657299100901566,-0.7639198982102199,2.0,317.4454683656915,4.649556602102846,0.7320000000000004,0.0229261118858884,0.7320000000000005,0.0,0.022917651,2.0
3.657701053038806,-0.7612205168596641,2.0,317.60505465486887,4.649044949230611,0.7330000000000005,0.02292611098135578,0.7330000000000005,0.0,0.022917651,2.0
3.658103120810768,-0.7585202707888627,2.0,317.76576159699334,4.648532894169552,0.7340000000000005,0.02292611007023506,0.7340000000000005,0.0,0.022917651,2.0
3.658505306296022,-0.7558191444542032,2.0,317.9276093361475,4.6480204296902015,0.7350000000000005,0.02292610915240781,0.7350000000000005,0.0,0.022917651,2.0
3.6589076116232544,-0.7531171219372911,2.0,318.0906185021188,4.647507548388778,0.7360000000000005,0.022926108227752744,0.7360000000000005,0.0,0.022917651,2.0
3.6593100389727913,-0.7504141869335883,2.0,318.25481022512747,4.646994242681901,0.7370000000000005,0.022926107296145654,0.7370000000000005,0.0,0.022917651,2.0
3.659712590578169,-0.7477103227406313,2.0,318.4202061510931,4.646480504801108,0.7380000000000005,0.022926106357459276,0.7380000000000005,0.0,0.022917651,2.0
3.6601152687277696,-0.7450055122458169,2.0,318.5868284574642,4.6459663267871845,0.7390000000000007,0.02292610541156324,0.7390000000000005,0.0,0.022917651,2.0
3.660518075766517,-0.7422997379137374,2.0,318.75469986963327,4.6454517004842595,0.7400000000000007,0.022926104458323947,0.7400000000000005,0.0,0.022917651,2.0
3.6609211477691312,-0.7395933856104392,2.0,318.9228361611754,4.644937555832432,0.7410000000000007,0.022926103489670092,0.7410000000000005,0.0,0.022917651,2.0
3.661324488056364,-0.7368864494107095,2.0,319.0911746404952,4.644423900190948,0.7420000000000007,0.022926102505184922,0.7420000000000005,0.0,0.022917651,2.0
3.6617279651552916,-0.7341785092637553,2.0,319.2607210959363,4.643909787843435,0.7430000000000005,0.022926101512598246,0.7430000000000005,0.0,0.022917651,2.0
3.662131581648476,-0.7314695462183076,2.0,319.431498330172,4.643395210168765,0.7440000000000007,0.022926100511757152,0.7440000000000005,0.0,0.022917651,2.0
3.66253534018389,-0.7287595408430924,2.0,319.60352972343026,4.642880158327448,0.7450000000000007,0.02292609950250482,0.7450000000000006,0.0,0.022917651,2.0
3.6629392434770027,-0.7260484732115364,2.0,319.7768392518962,4.64236462325468,0.7460000000000007,0.02292609848468045,0.7460000000000006,0.0,0.022917651,2.0
3.663343294312945,-0.723336322885885,2.0,319.9514515068223,4.641848595653114,0.7470000000000006,0.022926097458119136,0.7470000000000006,0.0,0.022917651,2.0
3.6637474955487566,-0.7206230689007045,2.0,320.12739171437875,4.641332065985354,0.7480000000000007,0.022926096422651674,0.7480000000000006,0.0,0.022917651,2.0
3.664151850115721,-0.7179086897457407,2.0,320.30468575627754,4.640815024466165,0.7490000000000006,0.022926095378104496,0.7490000000000006,0.0,0.022917651,2.0
3.6645563610217935,-0.7151931633481067,2.0,320.48336019120626,4.6402974610543595,0.7500000000000006,0.022926094324299474,0.7500000000000006,0.0,0.022917651,2.0
3.6649610313541263,-0.7124764670537654,2.0,320.66344227710744,4.639779365444381,0.7510000000000006,0.022926093261053798,0.7510000000000006,0.0,0.022917651,2.0
3.66536586428169,-0.709758577608277,2.0,320.84495999434426,4.639260727057543,0.7520000000000006,0.02292609218817982,0.7520000000000006,0.0,0.022917651,2.0
3.665770863058003,-0.7070394711367756,2.0,321.02794206979326,4.638741535032921,0.7530000000000007,0.02292609110548487,0.7530000000000006,0.0,0.022917651,2.0
3.666176031023971,-0.704319123123139,2.0,321.2124180019077,4.638221778217876,0.7540000000000007,0.02292609001277112,0.7540000000000006,0.0,0.022917651,2.0
3.6665813716108375,-0.7015975083883137,2.0,321.39841808679705,4.637701445158193,0.7550000000000006,0.02292608890983538,0.7550000000000006,0.0,0.022917651,2.0
3.666986888343263,-0.6988746010677551,2.0,321.58597344537276,4.637180524087825,0.7560000000000006,0.022926087796468934,0.7560000000000006,0.0,0.022917651,2.0
3.667392584842523,-0.6961503745879398,2.0,321.77511605160817,4.636659002918199,0.7570000000000006,0.022926086672457335,0.7570000000000006,0.0,0.022917651,2.0
3.6677986263410056,-0.6934249003867535,2.0,321.96588358238836,4.636137614045937,0.7580000000000006,0.022926085526878383,0.7580000000000006,0.0,0.022917651,2.0
3.668205159127021,-0.6906982404515664,2.0,322.15832445858774,4.635617004640218,0.7590000000000006,0.022926084349574338,0.7590000000000006,0.0,0.022917651,2.0
3.6686118870115023,-0.6879701839951569,2.0,322.3524696496215,4.63509577910434,0.7600000000000006,0.022926083159949383,0.7600000000000006,0.0,0.022917651,2.0
3.669018814109171,-0.6852407015642245,2.0,322.5483551003046,4.634573924443823,0.7610000000000006,0.02292608195774365,0.7610000000000006,0.0,0.022917651,2.0
3.669425944651274,-0.6825097628713594,2.0,322.74601777339933,4.634051427296188,0.7620000000000006,0.02292608074268993,0.7620000000000006,0.0,0.022917651,2.0
3.669833282989742,-0.6797773367653045,2.0,322.9454956859075,4.633528273917834,0.7630000000000007,0.02292607951451339,0.7630000000000006,0.0,0.022917651,2.0
3.6702408336015204,-0.6770433911999362,2.0,323.14682794692595,4.6330044501703584,0.7640000000000006,0.0229260782729313,0.7640000000000006,0.0,0.022917651,2.0
3.6706486010930908,-0.674307893201899,2.0,323.3500547971454,4.632479941506266,0.7650000000000006,0.022926077017652754,0.7650000000000006,0.0,0.022917651,2.0
3.6710565902051937,-0.6715708088368256,2.0,323.5552176500762,4.631954732954083,0.7660000000000006,0.02292607574837836,0.7660000000000006,0.0,0.022917651,2.0
3.6714648058177524,-0.6688321031740684,2.0,323.76235913508884,4.631428809102781,0.7670000000000006,0.022926074464799936,0.7670000000000006,0.0,0.022917651,2.0
3.6718732529550175,-0.666091740249867,2.0,323.971523142365,4.630902154085536,0.7680000000000007,0.022926073166600194,0.7680000000000006,0.0,0.022917651,2.0
3.6722819367909465,-0.6633496830288697,2.0,324.1827548698569,4.630374751562748,0.7690000000000006,0.02292607185345238,0.7690000000000006,0.0,0.022917651,2.0
3.672690862654819,-0.6606058933639215,2.0,324.3961008723617,4.629846584704302,0.7700000000000007,0.022926070525019947,0.7700000000000006,0.0,0.022917651,2.0
3.6731000360371078,-0.6578603319540287,2.0,324.61160911282155,4.629317636171024,0.7710000000000006,0.022926069180956157,0.7710000000000006,0.0,0.022917651,2.0
3.6735095539794353,-0.6551133928258909,2.0,324.82910582586925,4.628788688423661,0.7720000000000007,0.02292606782044929,0.7720000000000006,0.0,0.022917651,2.0
3.673919403198783,-0.6523649877890554,2.0,325.0486688676617,4.628259600086173,0.7730000000000005,0.022926066443703437,0.7730000000000006,0.0,0.022917651,2.0
3.6743295133624128,-0.6496147257259846,2.0,325.2705301555827,4.627729698487389,0.7740000000000006,0.022926065050873978,0.7740000000000006,0.0,0.022917651,2.0
3.6747398904890995,-0.6468625638036886,2.0,325.4947426995198,4.627198964869138,0.7750000000000007,0.02292606364158993,0.7750000000000006,0.0,0.022917651,2.0
3.675150540784152,-0.6441084578616938,2.0,325.72136115224856,4.626667379891895,0.7760000000000006,0.02292606221546883,0.7760000000000006,0.0,0.022917651,2.0
3.6755614706466995,-0.6413523623602133,2.0,325.9504418735751,4.626134923612087,0.7770000000000006,0.022926060772116254,0.7770000000000006,0.0,0.022917651,2.0
3.675972686677311,-0.6385942303258719,2.0,326.1820429975075,4.625601575458311,0.7780000000000005,0.022926059311125364,0.7780000000000006,0.0,0.022917651,2.0
3.676384195685993,-0.6358340132948463,2.0,326.41622450262435,4.6250673142064445,0.7790000000000007,0.022926057832076425,0.7790000000000006,0.0,0.022917651,2.0
3.6767960047005546,-0.6330716612532786,2.0,326.6530482858189,4.624532117953549,0.7800000000000007,0.022926056334536267,0.7800000000000006,0.0,0.022917651,2.0
3.677208120975394,-0.6303071225748083,2.0,326.89257823961043,4.623995964090509,0.7810000000000006,0.022926054818057758,0.7810000000000006,0.0,0.022917651,2.0
3.6776205520006973,-0.6275403439550565,2.0,327.1348803332237,4.623458829273339,0.7820000000000007,0.022926053282179226,0.7820000000000006,0.0,0.022917651,2.0
3.6780333272276686,-0.624771330682911,2.0,327.37999786468947,4.62292083649385,0.7830000000000005,0.022926051733652645,0.7830000000000006,0.0,0.022917651,2.0
3.678446608839144,-0.6220004485788785,2.0,327.62783053880634,4.622382999586611,0.7840000000000006,0.022926050223339788,0.7840000000000006,0.0,0.022917651,2.0
3.6788602341821632,-0.6192271590311498,2.0,327.8786513882907,4.621844130130233,0.7850000000000006,0.022926048693853878,0.7850000000000006,0.0,0.022917651,2.0
3.6792742119421127,-0.6164514012085978,2.0,328.1325359181589,4.621304202034333,0.7860000000000006,0.022926047144710443,0.7860000000000006,0.0,0.022917651,2.0
3.6796885510994786,-0.6136731122132514,2.0,328.3895621988428,4.620763188322059,0.7870000000000006,0.022926045575408564,0.7870000000000006,0.0,0.022917651,2.0
3.6801032609424906,-0.6108922269917622,2.0,328.6498109760781,4.620221061092126,0.7880000000000006,0.02292604398543015,0.7880000000000006,0.0,0.022917651,2.0
3.680518351080415,-0.608108678242282,2.0,328.9133657864914,4.619677791478868,0.7890000000000006,0.022926042374239213,0.7890000000000006,0.0,0.022917651,2.0
3.6809338314575464,-0.6053223963164699,2.0,329.180313079231,4.619133349610211,0.7900000000000005,0.022926040741281052,0.7900000000000006,0.0,0.022917651,2.0
3.6813497123679415,-0.602533309116329,2.0,329.45074234401505,4.618587704563427,0.7910000000000006,0.02292603908598148,0.7910000000000006,0.0,0.022917651,2.0
3.6817660044709237,-0.5997413419855532,2.0,329.72474624599533,4.618040824318536,0.7920000000000006,0.022926037407745938,0.7920000000000006,0.0,0.022917651,2.0
3.682182779762937,-0.5969467903179377,2.0,330.00234544645366,4.617493293118934,0.7930000000000007,0.02292603569942441,0.7930000000000006,0.0,0.022917651,2.0
3.682600054532185,-0.5941496197160715,2.0,330.2836323116871,4.616945141854533,0.7940000000000005,0.02292603396291797,0.7940000000000006,0.0,0.022917651,2.0
3.6830177755842453,-0.5913493558904473,2.0,330.56878956207066,4.616395682559845,0.7950000000000006,0.02292603220569607,0.7950000000000006,0.0,0.022917651,2.0
3.683435955191862,-0.5885459137776335,2.0,330.85792363291847,4.615844879264127,0.7960000000000006,0.022926030427189027,0.7960000000000006,0.0,0.022917651,2.0
3.683854606081944,-0.5857392051663595,2.0,331.15114489826715,4.615292694665519,0.7970000000000007,0.022926028626806094,0.7970000000000006,0.0,0.022917651,2.0
3.684273741456765,-0.5829291385505446,2.0,331.4485678547721,4.614739090068878,0.7980000000000006,0.022926026803934452,0.7980000000000006,0.0,0.022917651,2.0
3.684693375016373,-0.5801156189740169,2.0,331.75031131600355,4.614184025320126,0.7990000000000007,0.02292602495793817,0.7990000000000006,0.0,0.022917651,2.0
3.6851135209822647,-0.5772985478663658,2.0,332.0564986178348,4.613627458736835,0.8000000000000006,0.022926023088157117,0.8000000000000006,0.0,0.022917651,2.0
3.6854848196031846,-0.5748404603862715,2.0,332.12388048052526,4.613166091442616,0.8010000000000007,0.022926022943459096,0.8010000000000006,0.0,0.022917651,2.0
3.6858562127062457,-0.5723817775471872,2.0,332.19226484744684,4.612704506046517,0.8020000000000006,0.022926022795887204,0.8020000000000006,0.0,0.022917651,2.0
3.686227691994288,-0.5699224445469945,2.0,332.2616926394213,4.6122426147759,0.8030000000000006,0.022926022645461105,0.8030000000000006,0.0,0.022917651,2.0
3.6865992285103077,-0.5674623311230533,2.0,332.33218765787905,4.611780172030069,0.8040000000000006,0.022926022492248423,0.8040000000000006,0.0,0.022917651,2.0
3.6869708229951197,-0.565001427172813,2.0,332.40376371802006,4.6113171706701985,0.8050000000000007,0.022926022336213076,0.8050000000000006,0.0,0.022917651,2.0
3.687342476202378,-0.5625397224185971,2.0,332.476434874527,4.6108536034337195,0.8060000000000006,0.022926022177318373,0.8060000000000006,0.0,0.022917651,2.0
3.68771418889886,-0.5600772064037932,2.0,332.55021542677736,4.610389462931615,0.8070000000000006,0.022926022015526966,0.8070000000000006,0.0,0.022917651,2.0
3.68808596186475,-0.5576138684889413,2.0,332.6251199241917,4.6099247416456635,0.8080000000000007,0.022926021850800886,0.8080000000000006,0.0,0.022917651,2.0
3.6884577958939357,-0.5551496978477197,2.0,332.7011631717237,4.609459431925603,0.8090000000000006,0.022926021683101455,0.8090000000000006,0.0,0.022917651,2.0
3.68882969179431,-0.5526846834628248,2.0,332.7783602354937,4.608993525986212,0.8100000000000007,0.022926021512389348,0.8100000000000006,0.0,0.022917651,2.0
3.6892016503880773,-0.5502188141217407,2.0,332.85672644857414,4.608527015904328,0.8110000000000007,0.022926021338624526,0.8110000000000006,0.0,0.022917651,2.0
3.68957367251208,-0.5477520784123968,2.0,332.9362774169279,4.608059893615775,0.8120000000000008,0.022926021161766237,0.8120000000000006,0.0,0.022917651,2.0
3.689945759018116,-0.5452844647187082,2.0,333.01702902550653,4.607592150912215,0.8130000000000006,0.022926020981773015,0.8130000000000006,0.0,0.022917651,2.0
3.690317910773283,-0.5428159612159963,2.0,333.0989974445127,4.6071237794379085,0.8140000000000006,0.022926020798602623,0.8140000000000006,0.0,0.022917651,2.0
3.690690128660317,-0.5403465558662855,2.0,333.18219913583164,4.6066547706863945,0.8150000000000006,0.022926020612212095,0.8150000000000006,0.0,0.022917651,2.0
3.6910624332013797,-0.5378764928494263,2.0,333.26667344364466,4.606185450975045,0.8160000000000008,0.022926020438380497,0.8160000000000006,0.0,0.022917651,2.0
3.691434808314564,-0.535405548945466,2.0,333.3524235582594,4.6057155326509225,0.8170000000000006,0.022926020266472846,0.8170000000000006,0.0,0.022917651,2.0
3.691807251979422,-0.5329336739226738,2.0,333.43946386203964,4.605244957388495,0.8180000000000006,0.02292602009432616,0.8180000000000006,0.0,0.022917651,2.0
3.692179765136097,-0.5304608550113321,2.0,333.52781204913,4.6047737161782605,0.8190000000000006,0.022926019921937164,0.8190000000000006,0.0,0.022917651,2.0
3.6925523487420033,-0.5279870792071458,2.0,333.6174861387128,4.604301799845213,0.8200000000000006,0.022926019749302515,0.8200000000000006,0.0,0.022917651,2.0
3.6929250037722228,-0.5255123332658319,2.0,333.7085044825072,4.60382919904503,0.8210000000000006,0.02292601957641882,0.8210000000000006,0.0,0.022917651,2.0
3.6932977312199173,-0.5230366036975562,2.0,333.8008857724746,4.603355904260141,0.8220000000000007,0.022926019403282608,0.8220000000000006,0.0,0.022917651,2.0
3.6936705320967453,-0.5205598767612174,2.0,333.8946490487415,4.602881905795696,0.8230000000000006,0.022926019229890366,0.8230000000000006,0.0,0.022917651,2.0
3.6940434074332993,-0.5180821384585687,2.0,333.98981370774317,4.602407193775423,0.8240000000000006,0.02292601905623848,0.8240000000000006,0.0,0.022917651,2.0
3.6944163582795473,-0.5156033745281748,2.0,334.0863995105978,4.601931758137358,0.8250000000000007,0.02292601888232331,0.8250000000000006,0.0,0.022917651,2.0
3.6947893857052923,-0.5131235704391973,2.0,334.18442659171785,4.601455588629466,0.8260000000000007,0.022926018708141108,0.8260000000000006,0.0,0.022917651,2.0
3.695162490800641,-0.5106427113850025,2.0,334.2839154676662,4.600978674805124,0.8270000000000007,0.022926018533688083,0.8270000000000006,0.0,0.022917651,2.0
3.6955357302496945,-0.5081607022266383,2.0,334.3849213368216,4.600501148885707,0.8280000000000007,0.022926018296679705,0.8280000000000006,0.0,0.022917651,2.0
3.695909074575309,-0.5056775726990677,2.0,334.4874512336691,4.600022922429414,0.8290000000000008,0.022926018024490024,0.8290000000000006,0.0,0.022917651,2.0
3.696282494794147,-0.5031933509270695,2.0,334.59150907122887,4.59954390730579,0.8300000000000007,0.022926017749329255,0.8300000000000006,0.0,0.022917651,2.0
3.6966559919932145,-0.500708021266597,2.0,334.69711673395796,4.599064092218875,0.8310000000000007,0.022926017471154844,0.8310000000000006,0.0,0.022917651,2.0
3.6970295672803766,-0.49822156777341353,2.0,334.8042965262486,4.598583465655954,0.8320000000000005,0.022926017189923407,0.8320000000000006,0.0,0.022917651,2.0
3.6974032217848602,-0.49573397419585813,2.0,334.91307118254906,4.5981020158823345,0.8330000000000007,0.02292601690559075,0.8330000000000006,0.0,0.022917651,2.0
3.697776956657769,-0.4932452239674,2.0,335.02346387777914,4.597619730935966,0.8340000000000007,0.0229260166181118,0.8340000000000006,0.0,0.022917651,2.0
3.698150773072619,-0.49075530019897545,2.0,335.1354982380495,4.59713659862191,0.8350000000000007,0.022926016327440617,0.8350000000000006,0.0,0.022917651,2.0
3.6985246722258824,-0.48826418567110114,2.0,335.2491983516953,4.596652606506646,0.8360000000000007,0.022926016033530366,0.8360000000000006,0.0,0.022917651,2.0
3.6988986553375582,-0.4857718628257529,2.0,335.3645887806363,4.596167741912208,0.8370000000000006,0.02292601573633329,0.8370000000000006,0.0,0.022917651,2.0
3.699272723651747,-0.4832783137580056,2.0,335.4816945720718,4.5956819919101415,0.8380000000000006,0.022926015435800674,0.8380000000000006,0.0,0.022917651,2.0
3.699646892327975,-0.48078367159568297,2.0,335.60058595627726,4.59519555036184,0.8390000000000005,0.02292601512938735,0.8390000000000006,0.0,0.022917651,2.0
3.7000211556466636,-0.4782878288812434,2.0,335.72126354787605,4.594708286847271,0.8400000000000007,0.02292601481866182,0.8400000000000006,0.0,0.022917651,2.0
3.7003955099179526,-0.4757907098318056,2.0,335.8437373046231,4.59422011078344,0.8410000000000006,0.022926014504535616,0.8410000000000006,0.0,0.022917651,2.0
3.7007699565169805,-0.47329229515010185,2.0,335.96803438324497,4.593731008373258,0.8420000000000006,0.02292601418695732,0.8420000000000006,0.0,0.022917651,2.0
3.7011444968467475,-0.47079256514787926,2.0,336.09418249069444,4.593240965540093,0.8430000000000007,0.022926013865874475,0.8430000000000006,0.0,0.022917651,2.0
3.7015191323388237,-0.46829149973594736,2.0,336.2222098981571,4.592749967920646,0.8440000000000007,0.02292601354123355,0.8440000000000006,0.0,0.022917651,2.0
3.7018938644540826,-0.4657890784139199,2.0,336.35214545548763,4.592258000857631,0.8450000000000006,0.022926013212979934,0.8450000000000006,0.0,0.022917651,2.0
3.7022686946834535,-0.46328528025964005,2.0,336.4840186060918,4.591765049392199,0.8460000000000006,0.02292601288105787,0.8460000000000006,0.0,0.022917651,2.0
3.7026436245486973,-0.4607800839182774,2.0,336.6178594022695,4.591271098256157,0.8470000000000008,0.022926012545410473,0.8470000000000006,0.0,0.022917651,2.0
3.7030186556032083,-0.4582734675910852,2.0,336.75369852103654,4.590776131863912,0.8480000000000006,0.02292601220597965,0.8480000000000006,0.0,0.022917651,2.0
3.7033938198199188,-0.45576540412784367,2.0,336.8917432610811,4.59028024915404,0.8490000000000006,0.022926011901600554,0.8490000000000006,0.0,0.022917651,2.0
3.703769090942944,-0.45325588562910146,2.0,337.0318845439048,4.589783338744516,0.8500000000000006,0.02292601159877523,0.8500000000000006,0.0,0.022917651,2.0
3.7041444651290347,-0.450744890939328,2.0,337.17412495319473,4.589285364420977,0.8510000000000006,0.022926011290636716,0.8510000000000006,0.0,0.022917651,2.0
3.704519944005839,-0.4482323967454125,2.0,337.31849763992267,4.588786309381302,0.8520000000000006,0.022926010977101098,0.8520000000000006,0.0,0.022917651,2.0
3.704895529235462,-0.44571837924074237,2.0,337.4650364568147,4.5882861564676904,0.8530000000000008,0.022926010658082696,0.8530000000000006,0.0,0.022917651,2.0
3.7052712225153774,-0.4432028141120754,2.0,337.6137759770184,4.587784888157207,0.8540000000000006,0.022926010333493996,0.8540000000000006,0.0,0.022917651,2.0
3.705647025579378,-0.4406856765259903,2.0,337.7647515133699,4.587282486552017,0.8550000000000006,0.022926010003245612,0.8550000000000006,0.0,0.022917651,2.0
3.7060229401985496,-0.4381669411149007,2.0,337.9179991382816,4.586778933369304,0.8560000000000006,0.022926009667246252,0.8560000000000006,0.0,0.022917651,2.0
3.706398968182281,-0.435646581962615,2.0,338.0735557042763,4.586274209930861,0.8570000000000007,0.022926009325402626,0.8570000000000007,0.0,0.022917651,2.0
3.7067752191852033,-0.433124353632142,2.0,338.23150031694917,4.585768512866901,0.8580000000000007,0.022926009090061383,0.8580000000000007,0.0,0.022917651,2.0
3.7071516014039485,-0.43060042213291394,2.0,338.39183553049054,4.5852616378677995,0.8590000000000008,0.022926008866175244,0.8590000000000007,0.0,0.022917651,2.0
3.707528105299721,-0.4280747832558839,2.0,338.55459632852217,4.584753542195396,0.8600000000000008,0.022926008641867023,0.8600000000000007,0.0,0.022917651,2.0
3.707904732893171,-0.4255474086471617,2.0,338.7198229919683,4.584244205578348,0.8610000000000005,0.022926008417129703,0.8610000000000007,0.0,0.022917651,2.0
3.7082814862499434,-0.42301826932154396,2.0,338.887556698628,4.583733607293965,0.8620000000000007,0.022926008191956122,0.8620000000000007,0.0,0.022917651,2.0
3.7086583674819305,-0.4204873356448446,2.0,339.0578395482767,4.58322172615557,0.8630000000000008,0.022926007966338955,0.8630000000000007,0.0,0.022917651,2.0
3.7090353787485784,-0.41795457731562907,2.0,339.23071458861585,4.582708540499446,0.8640000000000008,0.022926007740270708,0.8640000000000007,0.0,0.022917651,2.0
3.7094125222582286,-0.41541996334632836,2.0,339.4062258421028,4.582194028171329,0.8650000000000008,0.022926007513743723,0.8650000000000007,0.0,0.022917651,2.0
3.709789878126871,-0.4128833074759024,2.0,339.5845276357928,4.581678321280429,0.8660000000000007,0.0229260071441596,0.8660000000000007,0.0,0.022917651,2.0
3.710167396219984,-0.4103446866320398,2.0,339.7655938041372,4.581161297672582,0.8670000000000008,0.02292600672464941,0.8670000000000007,0.0,0.022917651,2.0
3.7105450543326706,-0.40780411728229915,2.0,339.94943711565804,4.580642885663375,0.8680000000000007,0.022926006299742493,0.8680000000000007,0.0,0.022917651,2.0
3.7109228548933944,-0.4052615656323018,2.0,340.13610573640335,4.580123061172735,0.8690000000000007,0.022926005869345262,0.8690000000000007,0.0,0.022917651,2.0
3.7113008003871033,-0.40271699710163067,2.0,340.3256489527371,4.579601799560502,0.8700000000000007,0.022926005433361932,0.8700000000000007,0.0,0.022917651,2.0
3.7116788933568814,-0.40017037630084246,2.0,340.51811720410217,4.579079075610047,0.8710000000000007,0.022926004991694476,0.8710000000000007,0.0,0.022917651,2.0
3.71205713640566,-0.39762166700766893,2.0,340.71356211693984,4.578554863511314,0.8720000000000007,0.022926004544242592,0.8720000000000007,0.0,0.022917651,2.0
3.712435559891298,-0.39507072560714596,2.0,340.91209519535516,4.5780291404768745,0.8730000000000007,0.022926004090078417,0.8730000000000007,0.0,0.022917651,2.0
3.7128141985463885,-0.39251739291011134,2.0,341.113840947519,4.5775018855395775,0.8740000000000007,0.02292600362824472,0.8740000000000007,0.0,0.022917651,2.0
3.7131929950597597,-0.38996186235135805,2.0,341.318728776786,4.576973064196061,0.8750000000000007,0.02292600316047969,0.8750000000000007,0.0,0.022917651,2.0
3.7135719522765114,-0.38740409431855904,2.0,341.5268153131912,4.576442648214794,0.8760000000000008,0.02292600268667643,0.8760000000000007,0.0,0.022917651,2.0
3.7139510731105254,-0.3848440482417164,2.0,341.7381585558617,4.575910608681723,0.8770000000000008,0.022926002206725443,0.8770000000000007,0.0,0.022917651,2.0
3.7143303605465574,-0.3822816825640454,2.0,341.9528179146416,4.575376915979513,0.8780000000000007,0.022926001720514597,0.8780000000000007,0.0,0.022917651,2.0
3.7147098176424076,-0.37971695471178807,2.0,342.1708542532464,4.574841539766037,0.8790000000000007,0.02292600122792899,0.8790000000000007,0.0,0.022917651,2.0
3.7150894783758575,-0.3771496846437415,2.0,342.3924164267921,4.57430443755143,0.8800000000000007,0.02292600072889328,0.8800000000000007,0.0,0.022917651,2.0
3.715469348380016,-0.37457981860726486,2.0,342.61757600813496,4.573765578174675,0.8810000000000008,0.022926000223291835,0.8810000000000007,0.0,0.022917651,2.0
3.715849398509411,-0.3720074548564767,2.0,342.8463078579846,4.573224941558388,0.8820000000000007,0.022925999710957053,0.8820000000000007,0.0,0.022917651,2.0
3.7162296321526553,-0.3694325464030519,2.0,343.0786791797491,4.572682494268199,0.8830000000000007,0.022925999191762265,0.8830000000000007,0.0,0.022917651,2.0
3.716610052783893,-0.366855045072602,2.0,343.31475887316213,4.572138202025796,0.8840000000000007,0.022925998665577603,0.8840000000000007,0.0,0.022917651,2.0
3.71699066396552,-0.3642749014670148,2.0,343.55461758814533,4.571592029682133,0.8850000000000008,0.022925998132269892,0.8850000000000007,0.0,0.022917651,2.0
3.717371490529309,-0.36169193489973084,2.0,343.7983890025071,4.571043895675635,0.8860000000000007,0.022925997606281,0.8860000000000007,0.0,0.022917651,2.0
3.717752600169956,-0.35910569041102003,2.0,344.0463402098324,4.570493615208179,0.8870000000000007,0.022925997135854716,0.8870000000000007,0.0,0.022917651,2.0
3.7181339047669693,-0.35651667228037986,2.0,344.29828660933555,4.569941340946163,0.8880000000000007,0.02292599666062662,0.8880000000000007,0.0,0.022917651,2.0
3.718515408087455,-0.353924826913221,2.0,344.5543053994038,4.569387034363846,0.8890000000000007,0.02292599618050392,0.8890000000000007,0.0,0.022917651,2.0
3.718897113996206,-0.3513300993252045,2.0,344.8144757802392,4.56883065593649,0.8900000000000007,0.022925995695391437,0.8900000000000007,0.0,0.022917651,2.0
3.7192790264588833,-0.34873243309690133,2.0,345.07887901916723,4.56827216510776,0.8910000000000007,0.02292599520519149,0.8910000000000007,0.0,0.022917651,2.0
3.719661221757032,-0.34613154819012454,2.0,345.347655792912,4.567711586284392,0.8920000000000008,0.02292599475724887,0.8920000000000007,0.0,0.022917651,2.0
3.720043757860849,-0.3435272243511789,2.0,345.62094101519955,4.567148930573087,0.8930000000000007,0.02292599438361597,0.8930000000000007,0.0,0.022917651,2.0
3.7204265246873174,-0.3409197542128285,2.0,345.89873567841795,4.566584051348915,0.8940000000000008,0.0229259940075101,0.8940000000000007,0.0,0.022917651,2.0
3.720809526920861,-0.3383090738949109,2.0,346.18113133895844,4.566016903467298,0.8950000000000008,0.022925993628881057,0.8950000000000007,0.0,0.022917651,2.0
3.721192769373581,-0.335695117776179,2.0,346.46822204862576,4.5654474405532195,0.8960000000000007,0.022925993247677263,0.8960000000000007,0.0,0.022917651,2.0
3.721576256989633,-0.3330778184345764,2.0,346.7601044402388,4.564875614959016,0.8970000000000007,0.022925992863845716,0.8970000000000007,0.0,0.022917651,2.0
3.721959986734819,-0.3304565821394216,2.0,347.0571726033724,4.5643008250786865,0.8980000000000008,0.02292599224105165,0.8980000000000007,0.0,0.022917651,2.0
3.722343968508696,-0.32783186322973884,2.0,347.3592360137167,4.563723560892484,0.8990000000000008,0.022925991604575757,0.8990000000000007,0.0,0.022917651,2.0
3.722728207624709,-0.32520359156585327,2.0,347.66639773204565,4.563143773496584,0.9000000000000007,0.02292599095536658,0.9000000000000007,0.0,0.022917651,2.0
3.723032990329739,-0.322956720285197,2.0,347.770054145987,4.562573609418319,0.9010000000000007,0.022925990768403882,0.9010000000000007,0.0,0.022917651,2.0
3.723337806354927,-0.3207087540226674,2.0,347.87533438195504,4.5620024835793656,0.9020000000000007,0.022925990581196792,0.9020000000000007,0.0,0.022917651,2.0
3.7236426560803677,-0.31845968028741223,2.0,347.9822569634718,4.561430385008574,0.9030000000000008,0.02292599039374251,0.9030000000000007,0.0,0.022917651,2.0
3.7239476122071937,-0.3162090997850813,2.0,348.09094113466205,4.560857202909937,0.9040000000000008,0.02292599020507727,0.9040000000000007,0.0,0.022917651,2.0
3.724252633094698,-0.31395721697637896,2.0,348.2013547220318,4.560282976557618,0.9050000000000007,0.02292599001573755,0.9050000000000007,0.0,0.022917651,2.0
3.724557685585755,-0.3117041968194283,2.0,348.31347174417124,4.559707739357504,0.9060000000000007,0.022925989826162486,0.9060000000000007,0.0,0.022917651,2.0
3.724862770042676,-0.3094500262753523,2.0,348.42731172973106,4.559131479720956,0.9070000000000008,0.022925989636349405,0.9070000000000007,0.0,0.022917651,2.0
3.7251678868333324,-0.3071946921052006,2.0,348.54289450701623,4.558554185881512,0.9080000000000008,0.02292598944629555,0.9080000000000007,0.0,0.022917651,2.0
3.7254730363312625,-0.3049381808660982,2.0,348.66024020975556,4.557975845891469,0.9090000000000007,0.022925989255998154,0.9090000000000007,0.0,0.022917651,2.0
3.72577821891578,-0.3026804789073027,2.0,348.7793692830053,4.557396447618374,0.9100000000000008,0.022925989065454375,0.9100000000000007,0.0,0.022917651,2.0
3.7260834349720873,-0.3004215723661717,2.0,348.90030248918987,4.556815978741444,0.9110000000000007,0.02292598887466136,0.9110000000000007,0.0,0.022917651,2.0
3.726388792469851,-0.29816092096998603,2.0,349.0232569804818,4.5562343340486,0.9120000000000007,0.02292598868288963,0.9120000000000007,0.0,0.022917651,2.0
3.7266941883210802,-0.2958990235833548,2.0,349.14806771894223,4.555651596768824,0.9130000000000007,0.022925988490854535,0.9130000000000007,0.0,0.022917651,2.0
3.72699961984614,-0.2936358809709857,2.0,349.27475085109575,4.55506775685238,0.9140000000000007,0.022925988298574385,0.9140000000000007,0.0,0.022917651,2.0
3.7273050874660356,-0.29137147843724615,2.0,349.4033284741488,4.554482801286411,0.9150000000000007,0.02292598810604629,0.9150000000000007,0.0,0.022917651,2.0
3.727610591608428,-0.2891058010543475,2.0,349.5338230343904,4.5538967168524875,0.9160000000000007,0.02292598791326732,0.9160000000000007,0.0,0.022917651,2.0
3.727916132707757,-0.28683883365774376,2.0,349.66625733411286,4.553309490122537,0.9170000000000009,0.02292598772023447,0.9170000000000007,0.0,0.022917651,2.0
3.7282217112053817,-0.2845705608414176,2.0,349.8006545386972,4.552721107454662,0.9180000000000008,0.022925987526944736,0.9180000000000007,0.0,0.022917651,2.0
3.728527301826509,-0.28230069870200786,2.0,349.93721686047894,4.552131183927467,0.9190000000000007,0.022925987484474785,0.9190000000000007,0.0,0.022917651,2.0
3.7288329205278585,-0.28002939598499904,2.0,350.0758657919405,4.551539932225126,0.9200000000000008,0.022925987499216694,0.9200000000000007,0.0,0.022917651,2.0
3.7291385780899846,-0.27775674470706285,2.0,350.21655485215433,4.55094748748131,0.9210000000000009,0.022925987510103413,0.9210000000000007,0.0,0.022917651,2.0
3.7294442749834325,-0.27548272853908645,2.0,350.3593087441144,4.550353835250018,0.9220000000000007,0.022925987517088263,0.9220000000000007,0.0,0.022917651,2.0
3.7297500116863773,-0.2732073308872598,2.0,350.5041525712538,4.54975896085108,0.9230000000000007,0.0229259875201238,0.9230000000000007,0.0,0.022917651,2.0
3.7300557886847785,-0.27093053488769,2.0,350.6511118455923,4.549162849365392,0.9240000000000009,0.022925987519161823,0.9240000000000007,0.0,0.022917651,2.0
3.7303616064725342,-0.26865232340088385,2.0,350.80021249608245,4.548565485630029,0.9250000000000009,0.022925987514153326,0.9250000000000007,0.0,0.022917651,2.0
3.7306673724883805,-0.2663722271223263,2.0,350.9516988675239,4.547966026050141,0.9260000000000008,0.022925987329474172,0.9260000000000007,0.0,0.022917651,2.0
3.730973165191911,-0.26409061053818406,2.0,351.10541943025754,4.54736515223074,0.9270000000000007,0.022925987115373865,0.9270000000000007,0.0,0.022917651,2.0
3.731279000415384,-0.2618075303679025,2.0,351.26136587589843,4.54676298487744,0.9280000000000008,0.022925986900980636,0.9280000000000007,0.0,0.022917651,2.0
3.7315848786876704,-0.2595229684070741,2.0,351.4195658904692,4.54615950790098,0.9290000000000008,0.022925986686290856,0.9290000000000007,0.0,0.022917651,2.0
3.7318908005464517,-0.25723690614812716,2.0,351.58004762105764,4.545554704944163,0.9300000000000007,0.022925986471300806,0.9300000000000007,0.0,0.022917651,2.0
3.732196766538398,-0.2549493247739889,2.0,351.7428396854541,4.544948559376246,0.9310000000000008,0.02292598625600673,0.9310000000000007,0.0,0.022917651,2.0
3.732502816969531,-0.2526600283423353,2.0,351.9080623069808,4.544341037697714,0.9320000000000008,0.022925986039954306,0.9320000000000007,0.0,0.022917651,2.0
3.732808981058885,-0.25036887486091036,2.0,352.07580990178644,4.543732115650902,0.9330000000000007,0.022925985822768266,0.9330000000000007,0.0,0.022917651,2.0
3.733115192847808,-0.24807614280350598,2.0,352.24595963848293,4.543121805824678,0.9340000000000008,0.02292598560517661,0.9340000000000007,0.0,0.022917651,2.0
3.7334214529449725,-0.24578181202666713,2.0,352.41854216965703,4.542510090510253,0.9350000000000008,0.022925985387174157,0.9350000000000007,0.0,0.022917651,2.0
3.7337277619694484,-0.24348586204275333,2.0,352.5935886716474,4.541896951696248,0.9360000000000007,0.022925985168755648,0.9360000000000007,0.0,0.022917651,2.0
3.7340341205509304,-0.24118827201255608,2.0,352.77113085577884,4.541282371062213,0.9370000000000007,0.022925984949915726,0.9370000000000007,0.0,0.022917651,2.0
3.734340525539951,-0.238888893052689,2.0,352.9512527865106,4.540666187570941,0.9380000000000008,0.022925984731718398,0.9380000000000007,0.0,0.022917651,2.0
3.734646970918309,-0.23658740970164346,2.0,353.1341065320249,4.540048062688342,0.9390000000000008,0.02292598451661836,0.9390000000000007,0.0,0.022917651,2.0
3.7349534710361145,-0.23428421694484428,2.0,353.3195563868731,4.539428447336068,0.9400000000000007,0.022925984301116538,0.9400000000000007,0.0,0.022917651,2.0
3.735260026612751,-0.23197929231737077,2.0,353.50763646898787,4.53880732192644,0.9410000000000008,0.022925984085207657,0.9410000000000007,0.0,0.022917651,2.0
3.735566638380262,-0.22967261295892655,2.0,353.69838149676707,4.538184666527054,0.942000000000001,0.02292598386888634,0.9420000000000007,0.0,0.022917651,2.0
3.735873307083632,-0.22736415560510276,2.0,353.89182680234194,4.537560460853137,0.9430000000000007,0.022925983652147118,0.9430000000000007,0.0,0.022917651,2.0
3.7361800658361406,-0.2250535688920017,2.0,354.08819407256937,4.5369344841948465,0.9440000000000007,0.022925983438339754,0.9440000000000007,0.0,0.022917651,2.0
3.736486927261366,-0.22274069880511535,2.0,354.2876050030081,4.536306632311581,0.9450000000000008,0.02292598322873137,0.9450000000000007,0.0,0.022917651,2.0
3.7367938451871794,-0.22042599224337403,2.0,354.4898344347768,4.53567716999735,0.9460000000000008,0.022925983018465993,0.9460000000000007,0.0,0.022917651,2.0
3.737100820369653,-0.21810942463171618,2.0,354.69492008407076,4.535046075701935,0.9470000000000007,0.022925982807534814,0.9470000000000007,0.0,0.022917651,2.0
3.737407853578407,-0.2157909709546426,2.0,354.90290034303956,4.534413327488887,0.9480000000000007,0.022925982595928904,0.9480000000000007,0.0,0.022917651,2.0
3.73771494559692,-0.21347060574630503,2.0,355.11381429499954,4.533778903026841,0.9490000000000008,0.02292598238363914,0.9490000000000007,0.0,0.022917651,2.0
3.7380218334654787,-0.2111479899884941,2.0,355.327935502653,4.5331414149623495,0.9500000000000007,0.022925982302424486,0.9500000000000007,0.0,0.022917651,2.0
3.7383287555086655,-0.20882337414904575,2.0,355.5451020562463,4.532502063877886,0.9510000000000007,0.02292598223228467,0.9510000000000007,0.0,0.022917651,2.0
3.73863574524899,-0.20649676964024657,2.0,355.7653270444441,4.5318609948400725,0.9520000000000008,0.02292598215678265,0.9520000000000007,0.0,0.022917651,2.0
3.7389428036227,-0.2041681489588973,2.0,355.9886527652467,4.531218184089698,0.9530000000000007,0.022925982075844276,0.9530000000000007,0.0,0.022917651,2.0
3.739249931583387,-0.20183748409229252,2.0,356.2151223002389,4.530573607427406,0.9540000000000007,0.022925981989394002,0.9540000000000007,0.0,0.022917651,2.0
3.739557173710176,-0.19950434657593671,2.0,356.4449613552146,4.529927012406964,0.9550000000000008,0.02292598180531475,0.9550000000000007,0.0,0.022917651,2.0
3.7398645151269294,-0.1971688580433001,2.0,356.6781454987123,4.529278462237697,0.9560000000000007,0.022925981564714357,0.9560000000000007,0.0,0.022917651,2.0
3.740171931153783,-0.19483122567990147,2.0,356.91461256369314,4.528628066798258,0.9570000000000007,0.02292598132362766,0.9570000000000007,0.0,0.022917651,2.0
3.7404794228506697,-0.19249141902983005,2.0,357.1544091883365,4.5279757998741825,0.9580000000000007,0.02292598108204775,0.9580000000000007,0.0,0.022917651,2.0
3.740786991297695,-0.19014940705754244,2.0,357.3975828984331,4.527321634752087,0.9590000000000007,0.022925980839967594,0.9590000000000007,0.0,0.022917651,2.0
3.741094656184509,-0.18780444409209288,2.0,357.6444817936468,4.526664906121708,0.9600000000000009,0.02292598059511166,0.9600000000000007,0.0,0.022917651,2.0
3.7414024110174404,-0.18545677672091,2.0,357.8950479036744,4.526005833896225,0.9610000000000007,0.022925980348451006,0.9610000000000007,0.0,0.022917651,2.0
3.741710245215895,-0.1831068189187096,2.0,358.1491462973788,4.5253447887093685,0.962000000000001,0.022925980101420624,0.9620000000000007,0.0,0.022917651,2.0
3.7420181599284352,-0.18075453753877332,2.0,358.40682809335374,4.524681742008785,0.9630000000000007,0.02292597985401516,0.9630000000000007,0.0,0.022917651,2.0
3.742326156325896,-0.17839989879169127,2.0,358.66814540134624,4.524016664688514,0.9640000000000007,0.02292597960622916,0.9640000000000007,0.0,0.022917651,2.0
3.7426342190933517,-0.1760422266278151,2.0,358.9335026397548,4.5233488204275965,0.9650000000000006,0.022925979359158195,0.9650000000000007,0.0,0.022917651,2.0
3.7429423616909867,-0.17368200686059604,2.0,359.2026703644777,4.522678748068822,0.9660000000000007,0.02292597911180039,0.9660000000000007,0.0,0.022917651,2.0
3.743250588149902,-0.17131931645722936,2.0,359.4756422146988,4.522006540529301,0.9670000000000007,0.022925978863946556,0.9670000000000007,0.0,0.022917651,2.0
3.743558899713815,-0.16895411877653213,2.0,359.7524746081378,4.5213321661428765,0.9680000000000007,0.02292597861558934,0.9680000000000007,0.0,0.022917651,2.0
3.743867283469435,-0.1665860887055237,2.0,360.0334232462468,4.520655247248225,0.9690000000000009,0.022925978365722032,0.9690000000000007,0.0,0.022917651,2.0
3.7441757165489196,-0.16421481952608516,2.0,360.31881127529414,4.51997528452161,0.9700000000000008,0.02292597811293845,0.9700000000000008,0.0,0.022917651,2.0
3.7444842300484154,-0.16184094440367988,2.0,360.60824136955495,4.5192930376103835,0.9710000000000008,0.0229259778594978,0.9710000000000008,0.0,0.022917651,2.0
3.7447928251727634,-0.15946442429642885,2.0,360.9017740866939,4.518608472293203,0.9720000000000008,0.022925977605390235,0.9720000000000008,0.0,0.022917651,2.0
3.7451015031509933,-0.15708521937864547,2.0,361.199471200136,4.517921553661702,0.9730000000000008,0.022925977350605715,0.9730000000000008,0.0,0.022917651,2.0
3.7454103792826654,-0.15470221131829903,2.0,361.5018113986229,4.5172316243460555,0.9740000000000008,0.022925977205502785,0.9740000000000008,0.0,0.022917651,2.0
3.7457193497861403,-0.15231638041675663,2.0,361.8084705549775,4.516539249461254,0.9750000000000008,0.022925977057413956,0.9750000000000008,0.0,0.022917651,2.0
3.7460284111081896,-0.14992773129428855,2.0,362.1194964933509,4.515844419415718,0.9760000000000009,0.02292597690121854,0.9760000000000008,0.0,0.022917651,2.0
3.746337564647261,-0.147536220555214,2.0,362.4349564545602,4.5151470964042595,0.9770000000000008,0.02292597673679172,0.9770000000000008,0.0,0.022917651,2.0
3.746646819730075,-0.1451410046514545,2.0,362.755343535052,4.5144464773010595,0.9780000000000008,0.02292597648414841,0.9780000000000008,0.0,0.022917651,2.0
3.746956171319221,-0.14274264613923895,2.0,363.08041081935727,4.51374310247407,0.9790000000000008,0.022925976211387523,0.9790000000000008,0.0,0.022917651,2.0
3.7472656189782882,-0.14034128740128038,2.0,363.4101303575048,4.513037111862325,0.9800000000000008,0.022925975938123833,0.9800000000000008,0.0,0.022917651,2.0
3.747575164216124,-0.13793688131694182,2.0,363.7445752163848,4.512328464383108,0.9810000000000008,0.022925975664349445,0.9810000000000008,0.0,0.022917651,2.0
3.7478840774863964,-0.1355284850676768,2.0,364.08455486734914,4.511613291527919,0.9820000000000008,0.02292597539029741,0.9820000000000008,0.0,0.022917651,2.0
3.748192917909506,-0.13311679174904362,2.0,364.4295460353166,4.510894528560984,0.9830000000000009,0.022925975115673774,0.9830000000000008,0.0,0.022917651,2.0
3.7485018248080717,-0.1307019268904493,2.0,364.77948261500575,4.510172859715028,0.9840000000000008,0.02292597484041426,0.9840000000000008,0.0,0.022917651,2.0
3.7488107974763403,-0.12828383510439417,2.0,365.1344562499159,4.509448227020335,0.9850000000000008,0.022925974572075406,0.9850000000000008,0.0,0.022917651,2.0
3.7491197438256463,-0.12586220116474053,2.0,365.49525889872064,4.508719959789173,0.9860000000000009,0.022925974707884246,0.9860000000000008,0.0,0.022917651,2.0
3.7494287542671,-0.1234372789748322,2.0,365.86124506474437,4.507988660987372,0.9870000000000008,0.02292597485699695,0.9870000000000008,0.0,0.022917651,2.0
3.749737829815655,-0.12100901646245701,2.0,366.23249683334797,4.507254282607456,0.9880000000000008,0.0229259750196242,0.9880000000000008,0.0,0.022917651,2.0
3.7500469393835165,-0.11857684136802185,2.0,366.6093140274288,4.506516125155511,0.9890000000000008,0.02292597504295615,0.9890000000000008,0.0,0.022917651,2.0
3.75035605234076,-0.11614022919218643,2.0,366.99198134209786,4.505773538722951,0.9900000000000009,0.022925974781539172,0.9900000000000008,0.0,0.022917651,2.0
3.7506652288188347,-0.11370009977702332,2.0,367.3801820760342,4.505027688968922,0.9910000000000008,0.0229259745195485,0.9910000000000008,0.0,0.022917651,2.0
3.7509744698444494,-0.11125639627230804,2.0,367.7740056676009,4.504278523147356,0.9920000000000008,0.022925974256974863,0.9920000000000008,0.0,0.022917651,2.0
3.751283776080026,-0.10880784980548279,2.0,368.1740172189408,4.503524778430119,0.9930000000000008,0.022925974024447883,0.9930000000000008,0.0,0.022917651,2.0
3.751593147229645,-0.1063553290466514,2.0,368.57995065605644,4.5027673199054785,0.9940000000000008,0.02292597378866012,0.9940000000000008,0.0,0.022917651,2.0
3.751902584281152,-0.10389903597159725,2.0,368.99179912373575,4.5020063527847825,0.9950000000000008,0.022925973541820667,0.9950000000000008,0.0,0.022917651,2.0
3.752212136918964,-0.10143830749869219,2.0,369.40996367992966,4.501241410487625,0.9960000000000008,0.022925973274015143,0.9960000000000008,0.0,0.022917651,2.0
3.7525218224462664,-0.0989729006218477,2.0,369.8346436771378,4.500472318519675,0.9970000000000009,0.02292597298972201,0.9970000000000008,0.0,0.022917651,2.0
3.7528315790846842,-0.09650353665217562,2.0,370.2655478239955,4.499699553996113,0.9980000000000008,0.022925972704623,0.9980000000000008,0.0,0.022917651,2.0
3.753141418032745,-0.09402990485526498,2.0,370.7029183218777,4.498922850361976,0.9990000000000008,0.022925972417467515,0.9990000000000008,0.0,0.022917651,2.0
3.7534513743711866,-0.09155105451410406,2.0,371.14736399043244,4.4981413947008235,1.0000000000000009,0.022925972123683205,1.0000000000000009,0.0,0.022917651,2.0
3.753696208677181,-0.08946446346230943,2.0,371.4077793803764,4.497448063754288,1.0010000000000008,0.022925972113297045,1.0010000000000008,0.0,0.022917651,2.0
3.753941088665118,-0.08737633073546801,2.0,371.67015175426246,4.496753373894399,1.002000000000001,0.022925972102847764,1.002000000000001,0.0,0.022917651,2.0
3.754186014826311,-0.085286639752727,2.0,371.93450215962855,4.4960573105059245,1.0030000000000008,0.02292597209233469,1.0030000000000008,0.0,0.022917651,2.0
3.754431008690638,-0.08319457832878067,2.0,372.20157940154115,4.495359151820089,1.004000000000001,0.022925972086855595,1.004000000000001,0.0,0.022917651,2.0
3.754676041624769,-0.08110098055257416,2.0,372.4707989119166,4.494659613158889,1.005000000000001,0.02292597208124257,1.0050000000000008,0.0,0.022917651,2.0
3.7549211140257275,-0.07900583071228162,2.0,372.7421828941239,4.493958680397004,1.006000000000001,0.02292597207549104,1.006000000000001,0.0,0.022917651,2.0
3.7551662263115837,-0.07690911236696663,2.0,373.01575427630536,4.493256338766794,1.0070000000000008,0.02292597206959955,1.0070000000000008,0.0,0.022917651,2.0
3.755411337027294,-0.07481054504002622,2.0,373.29184999933983,4.49255214254331,1.008000000000001,0.022925972062996635,1.008000000000001,0.0,0.022917651,2.0
3.7556564141049527,-0.0727099070621666,2.0,373.5708040686965,4.491845742101724,1.009000000000001,0.022925972055335975,1.0090000000000008,0.0,0.022917651,2.0
3.7559015323304936,-0.07060764960715979,2.0,373.8521158271014,4.491137886685512,1.0100000000000011,0.02292597204767494,1.010000000000001,0.0,0.022917651,2.0
3.756146692145789,-0.06850375528413007,2.0,374.135810592775,4.4904285606703205,1.0110000000000008,0.022925972040013533,1.0110000000000008,0.0,0.022917651,2.0
3.7563918939990564,-0.06639820645230103,2.0,374.42191404774894,4.489717748207285,1.012000000000001,0.02292597203235175,1.012000000000001,0.0,0.022917651,2.0
3.7566371833166623,-0.06429037567728267,2.0,374.7115234141856,4.489005003842462,1.0130000000000008,0.022925972022919572,1.0130000000000008,0.0,0.022917651,2.0
3.7568825183343626,-0.06218078214175655,2.0,375.00385357313417,4.488290679548232,1.0140000000000011,0.022925972013152107,1.014000000000001,0.0,0.022917651,2.0
3.7571278927710976,-0.06006949628944992,2.0,375.2987855827546,4.487574820610029,1.0150000000000008,0.02292597200329712,1.0150000000000008,0.0,0.022917651,2.0
3.7573733070536037,-0.057956499800108086,2.0,375.5963476095023,4.4868574104144985,1.016000000000001,0.022925971993353653,1.016000000000001,0.0,0.022917651,2.0
3.7576187978902937,-0.055841199594920364,2.0,375.8975027174842,4.486138001181754,1.0170000000000008,0.02292597198507086,1.0170000000000008,0.0,0.022917651,2.0
3.7578643596470855,-0.05372365865300756,2.0,376.2022642170381,4.485416633575701,1.0180000000000011,0.02292597197815196,1.018000000000001,0.0,0.022917651,2.0
3.7581099611884,-0.05160435354183142,2.0,376.5098919717699,4.48469366094628,1.019000000000001,0.02292597197107151,1.0190000000000008,0.0,0.022917651,2.0
3.7583556029495035,-0.04948326496038029,2.0,376.82041734013444,4.483969065733626,1.020000000000001,0.022925971963827754,1.020000000000001,0.0,0.022917651,2.0
3.75860128021384,-0.04736003634084986,2.0,377.1345593831924,4.4832424707060605,1.021000000000001,0.022925971954608586,1.0210000000000008,0.0,0.022917651,2.0
3.7588469878444024,-0.04523436005513826,2.0,377.45307072512566,4.482513546074346,1.022000000000001,0.022925971941836962,1.022000000000001,0.0,0.022917651,2.0
3.7590927356615387,-0.04310686683321427,2.0,377.77472359393767,4.4817829652822985,1.023000000000001,0.022925971928992074,1.0230000000000008,0.0,0.022917651,2.0
3.75933852410644,-0.040977536727711185,2.0,378.0995524791088,4.481050710147645,1.024000000000001,0.022925971916073113,1.024000000000001,0.0,0.022917651,2.0
3.759584337656832,-0.03884611666246049,2.0,378.4283445189197,4.480316467740817,1.0250000000000008,0.02292597190455084,1.0250000000000008,0.0,0.022917651,2.0
3.7598301511500387,-0.03671223976542174,2.0,378.7623890564531,4.47957977389791,1.026000000000001,0.02292597189658619,1.026000000000001,0.0,0.022917651,2.0
3.760076004346447,-0.03457647374932116,2.0,379.09989798066044,4.478841349742901,1.0270000000000008,0.022925971888443548,1.0270000000000008,0.0,0.022917651,2.0
3.7603218976860715,-0.032438797677769686,2.0,379.44090968602177,4.478101176099396,1.0280000000000011,0.022925971880120934,1.028000000000001,0.0,0.022917651,2.0
3.7605677827058774,-0.030298972351872032,2.0,379.7860919820186,4.477358818801758,1.0290000000000008,0.022925971871959435,1.0290000000000008,0.0,0.022917651,2.0
3.760813614034262,-0.028156801636286522,2.0,380.13608857437373,4.476613899312993,1.030000000000001,0.022925971864362453,1.030000000000001,0.0,0.022917651,2.0
3.761059481645547,-0.026012677409629145,2.0,380.4897957503785,4.475867171512801,1.0310000000000006,0.022925971856741653,1.0310000000000008,0.0,0.022917651,2.0
3.761305385943845,-0.02386657791406981,2.0,380.84725483779727,4.47511861526056,1.032000000000001,0.022925971849096765,1.032000000000001,0.0,0.022917651,2.0
3.761551098713287,-0.02171795013051351,2.0,381.20814671210076,4.474366764911498,1.0330000000000008,0.022925971838714605,1.0330000000000008,0.0,0.022917651,2.0
3.761796617790459,-0.01956684202074352,2.0,381.57247874128,4.473611659591263,1.034000000000001,0.022925971825829505,1.034000000000001,0.0,0.022917651,2.0
3.7620421398636013,-0.017413711642913964,2.0,381.9405932427141,4.472854543848488,1.0350000000000008,0.022925971812855467,1.0350000000000008,0.0,0.022917651,2.0
3.7622876649657817,-0.015258536676351069,2.0,382.31253196523335,4.472095395493244,1.036000000000001,0.022925971799791504,1.036000000000001,0.0,0.022917651,2.0
3.7625332182563556,-0.013100072350993454,2.0,382.68915347909535,4.471333070366125,1.037000000000001,0.02292597178962414,1.0370000000000008,0.0,0.022917651,2.0
3.76277877651854,-0.010939232867998552,2.0,383.0698929313698,4.470568390049172,1.038000000000001,0.022925971779948123,1.038000000000001,0.0,0.022917651,2.0
3.7630243335814737,-0.00877627463098758,2.0,383.45460912721904,4.469801586293068,1.0390000000000008,0.022925971770065796,1.0390000000000008,0.0,0.022917651,2.0
3.7632698779445843,-0.006611056982560724,2.0,383.84356601966454,4.469032473245605,1.040000000000001,0.022925971758994322,1.040000000000001,0.0,0.022917651,2.0
3.7635153740784406,-0.004443234299959194,2.0,384.2374235258551,4.468260565230108,1.041000000000001,0.022925971744115876,1.0410000000000008,0.0,0.022917651,2.0
3.7637608622797485,-0.0022732194717995416,2.0,384.63541442314715,4.467486433207904,1.0420000000000011,0.022925971729145834,1.042000000000001,0.0,0.022917651,2.0
3.7640063424591914,-0.00010098781579379826,2.0,385.03758525113,4.466710052137969,1.0430000000000008,0.022925971714083164,1.0430000000000008,0.0,0.022917651,2.0
3.764251742764243,0.0020743930816868768,2.0,385.444556454079,4.465930199171176,1.044000000000001,0.022925971701484624,1.044000000000001,0.0,0.022917651,2.0
3.76449710373897,0.004252422626604397,2.0,385.8560486883747,4.4651475390709265,1.045000000000001,0.022925971689769318,1.0450000000000008,0.0,0.022917651,2.0
3.76474245495373,0.006432749300461758,2.0,386.2718731679837,4.464362542937635,1.0460000000000012,0.022925971677854616,1.046000000000001,0.0,0.022917651,2.0
3.7649878215672743,0.008615843261490282,2.0,386.69235868273523,4.4635748427055795,1.0470000000000008,0.02292597166513207,1.0470000000000008,0.0,0.022917651,2.0
3.7652332380007087,0.010802323945813784,2.0,387.117939666465,4.462783958459475,1.048000000000001,0.02292597165085903,1.048000000000001,0.0,0.022917651,2.0
3.765478645200618,0.012991175299645562,2.0,387.5480169592902,4.461990666559594,1.0490000000000008,0.022925971636495693,1.0490000000000008,0.0,0.022917651,2.0
3.7657240430606835,0.015182424620146776,2.0,387.9826423341254,4.461194939282921,1.0500000000000012,0.02292597162204102,1.050000000000001,0.0,0.022917651,2.0
3.7659692989016005,0.017377124783523604,2.0,388.4228938198404,4.46039518595967,1.0510000000000008,0.022925971613614243,1.0510000000000008,0.0,0.022917651,2.0
3.7662145395862416,0.0195742850620234,2.0,388.8678253258523,4.459592911864177,1.052000000000001,0.02292597160518114,1.052000000000001,0.0,0.022917651,2.0
3.7664597663809603,0.021773922649215,2.0,389.31747991032347,4.458788104946626,1.053000000000001,0.022925971596674123,1.0530000000000008,0.0,0.022917651,2.0
3.766704941936367,0.023976981681030112,2.0,389.7726676875399,4.457979675974145,1.054000000000001,0.022925971582075915,1.054000000000001,0.0,0.022917651,2.0
3.766950091917251,0.026182857882042235,2.0,390.2329312184324,4.457168328902297,1.0550000000000006,0.022925971565543664,1.0550000000000008,0.0,0.022917651,2.0
3.7671952274683695,0.028391302913734224,2.0,390.6980991674352,4.456354355342219,1.056000000000001,0.022925971548903537,1.056000000000001,0.0,0.022917651,2.0
3.7674403901092717,0.030603189574860207,2.0,391.1689079153742,4.455537045879971,1.0570000000000008,0.02292597153414744,1.0570000000000008,0.0,0.022917651,2.0
3.7676855618618306,0.032818199847777604,2.0,391.64514911382275,4.454716647572059,1.058000000000001,0.022925971520353704,1.058000000000001,0.0,0.022917651,2.0
3.7679307178595374,0.03503586854163674,2.0,392.12648580270576,4.453893527691668,1.0590000000000008,0.02292597150632394,1.0590000000000008,0.0,0.022917651,2.0
3.7681758594556194,0.03725691219079598,2.0,392.61364576345454,4.453066977898049,1.060000000000001,0.022925971490687546,1.060000000000001,0.0,0.022917651,2.0
3.768420984048711,0.0394811768910589,2.0,393.1065257746895,4.452237141106711,1.061000000000001,0.022925971473882395,1.0610000000000008,0.0,0.022917651,2.0
3.7686660897482596,0.041708190015129834,2.0,393.6047007217911,4.451404480378209,1.062000000000001,0.022925971456933866,1.062000000000001,0.0,0.022917651,2.0
3.76891105935893,0.043938573123151595,2.0,394.1089406853555,4.450567901875621,1.0630000000000006,0.022925971441558054,1.0630000000000008,0.0,0.022917651,2.0
3.7691559348765074,0.04617215257817075,2.0,394.6190843077015,4.449727748462157,1.064000000000001,0.022925971427067135,1.064000000000001,0.0,0.022917651,2.0
3.7694007942337597,0.048408570406475074,2.0,395.1347324832105,4.448884692174557,1.0650000000000008,0.022925971412294105,1.0650000000000008,0.0,0.022917651,2.0
3.769645574537698,0.05064898912215459,2.0,395.65669017970964,4.448037321179087,1.0660000000000012,0.022925971399395437,1.066000000000001,0.0,0.022917651,2.0
3.769890315061068,0.05289281813713773,2.0,396.1846197865884,4.44718638152355,1.0670000000000008,0.022925971387486185,1.0670000000000008,0.0,0.022917651,2.0
3.7701350432684686,0.05513961138274423,2.0,396.7182759819041,4.446332428102571,1.0680000000000007,0.022925971375700533,1.068000000000001,0.0,0.022917651,2.0
3.7703792077681033,0.05738988842056355,2.0,397.25861248070714,4.445472736758598,1.0690000000000008,0.02292597136042151,1.0690000000000008,0.0,0.022917651,2.0
3.770623303302238,0.05964327113293436,2.0,397.8049697096596,4.4446096642397155,1.070000000000001,0.022925971344355717,1.070000000000001,0.0,0.022917651,2.0
3.770867418496633,0.06189984614885547,2.0,398.357423329668,4.443743478268452,1.0710000000000006,0.022925971327787672,1.0710000000000008,0.0,0.022917651,2.0
3.7711115911667683,0.06416057493107225,2.0,398.9170580022268,4.442873368135911,1.072000000000001,0.022925971309092002,1.072000000000001,0.0,0.022917651,2.0
3.7713557773424737,0.06642446470148722,2.0,399.4828299666419,4.442000150978503,1.0730000000000008,0.02292597129024049,1.0730000000000008,0.0,0.022917651,2.0
3.771599917284936,0.06869209781312544,2.0,400.055383650124,4.441123005670483,1.0740000000000012,0.022925971271517267,1.074000000000001,0.0,0.022917651,2.0
3.7718439837327398,0.07096375828935449,2.0,400.63507567639516,4.4402415392146315,1.0750000000000008,0.02292597125301938,1.0750000000000008,0.0,0.022917651,2.0
3.7720880648704593,0.07323868907274113,2.0,401.2211626408466,4.439356861131695,1.0760000000000007,0.022925971234310547,1.076000000000001,0.0,0.022917651,2.0
3.7723322136977586,0.07551850734591131,2.0,401.8148112885526,4.438467559281828,1.0770000000000008,0.022925971215149735,1.0770000000000008,0.0,0.022917651,2.0
3.772576393451361,0.07780215253043925,2.0,402.41535753729994,4.437574552097992,1.078000000000001,0.022925971195723822,1.078000000000001,0.0,0.022917651,2.0
3.7728205717705197,0.08008938605781239,2.0,403.02288187697087,4.436677952479046,1.0790000000000008,0.022925971176147482,1.0790000000000008,0.0,0.022917651,2.0
3.7730647016860317,0.0823807572907399,2.0,403.63836958039633,4.435777028025749,1.080000000000001,0.022925971156532415,1.080000000000001,0.0,0.022917651,2.0
3.773308849636021,0.08467561207812324,2.0,404.26071755720085,4.434872691979021,1.0810000000000008,0.022925971136698753,1.0810000000000008,0.0,0.022917651,2.0
3.7735529163487156,0.08697513367951554,2.0,404.89111602540197,4.4339633684198505,1.082000000000001,0.022925971122774388,1.082000000000001,0.0,0.022917651,2.0
3.773796953233585,0.08927872154881132,2.0,405.5290459545544,4.4330498614158556,1.083000000000001,0.022925971111549145,1.0830000000000009,0.0,0.022917651,2.0
3.774040991687652,0.09158636903324054,2.0,406.1745418833011,4.432132298868727,1.084000000000001,0.02292597109834559,1.084000000000001,0.0,0.022917651,2.0
3.774285007814091,0.09389897905923131,2.0,406.82852195228236,4.431209677166141,1.0850000000000009,0.022925971078742384,1.0850000000000009,0.0,0.022917651,2.0
3.7745290310791866,0.09621530568227159,2.0,407.4898662599777,4.430283367509624,1.086000000000001,0.02292597105880271,1.086000000000001,0.0,0.022917651,2.0
3.77477306554914,0.09853663901127352,2.0,408.16005431862425,4.429352101609933,1.0870000000000006,0.02292597103743722,1.0870000000000009,0.0,0.022917651,2.0
3.7750171140751503,0.10086199860949009,2.0,408.83805335503524,4.428416866449694,1.0880000000000012,0.022925971015722534,1.088000000000001,0.0,0.022917651,2.0
3.775261115565638,0.10319190621514532,2.0,409.5246409764796,4.42747688970491,1.0890000000000009,0.0229259709945114,1.0890000000000009,0.0,0.022917651,2.0
3.7755050760248414,0.10552635837292845,2.0,410.2198541668141,4.4265321993868385,1.090000000000001,0.022925970973567092,1.090000000000001,0.0,0.022917651,2.0
3.7757490038226944,0.10786515306807207,2.0,410.92346417754413,4.425583036514957,1.091000000000001,0.022925970951981765,1.0910000000000009,0.0,0.022917651,2.0
3.775992792096968,0.11020905042309768,2.0,411.63657093310866,4.424628215006089,1.0920000000000012,0.022925970929357387,1.092000000000001,0.0,0.022917651,2.0
3.7762365819289605,0.11255702996140687,2.0,412.3578510250162,4.423669317437178,1.093000000000001,0.022925970906552465,1.0930000000000009,0.0,0.022917651,2.0
3.776480330258661,0.11491062602577382,2.0,413.0893155788192,4.4227046529921665,1.094000000000001,0.02292597088354062,1.094000000000001,0.0,0.022917651,2.0
3.776724077990616,0.11726838643627222,2.0,413.8291809107044,4.421735822414325,1.095000000000001,0.022925970860351474,1.0950000000000009,0.0,0.022917651,2.0
3.7769679046854283,0.1196316388552342,2.0,414.57909043866886,4.420761802119151,1.096000000000001,0.02292597084647853,1.096000000000001,0.0,0.022917651,2.0
3.777211757921487,0.12199945702654623,2.0,415.33799543672654,4.419783318961424,1.0970000000000009,0.02292597083457482,1.0970000000000009,0.0,0.022917651,2.0
3.7774554234171487,0.12437275757469432,2.0,416.10702290580633,4.418798607014146,1.098000000000001,0.022925970815393777,1.098000000000001,0.0,0.022917651,2.0
3.777699001893489,0.1267509940595588,2.0,416.8855928285943,4.41780861330471,1.099000000000001,0.02292597079273562,1.0990000000000009,0.0,0.022917651,2.0
3.777942389049586,0.12913461059362566,2.0,417.6744568305376,4.416812474216631,1.1000000000000012,0.02292597076912642,1.100000000000001,0.0,0.022917651,2.0
3.7781346279506307,0.131238957831419,2.0,418.03028162036884,4.415854967876277,1.1010000000000009,0.022925970746925137,1.1010000000000009,0.0,0.022917651,2.0
3.7783270473429456,0.13334234308205975,2.0,418.3842282040111,4.414899145540349,1.102000000000001,0.022925970724723854,1.102000000000001,0.0,0.022917651,2.0
3.77851963008408,0.1354448346611931,2.0,418.7364092487311,4.413944870286964,1.103000000000001,0.022925970702470037,1.1030000000000009,0.0,0.022917651,2.0
3.7787123247526435,0.13754661541127824,2.0,419.0871563200536,4.4129917534347545,1.1040000000000014,0.02292597068001709,1.104000000000001,0.0,0.022917651,2.0
3.7789051908019844,0.13964744090316986,2.0,419.43609422438493,4.4120402773332765,1.105000000000001,0.02292597065757017,1.1050000000000009,0.0,0.022917651,2.0
3.7790982274387295,0.14174731555904796,2.0,419.7832313369066,4.411090434387,1.1060000000000008,0.022925970635129238,1.106000000000001,0.0,0.022917651,2.0
3.779291433874395,0.14384624377383742,2.0,420.1285759811845,4.410142217047203,1.1070000000000009,0.02292597061269429,1.1070000000000009,0.0,0.022917651,2.0
3.779484809325348,0.14594422991542114,2.0,420.4721364295663,4.409195617811615,1.108000000000001,0.022925970590265278,1.108000000000001,0.0,0.022917651,2.0
3.7796783530127716,0.14804127832484404,2.0,420.8139209035746,4.408250629224059,1.1090000000000009,0.022925970567842187,1.1090000000000009,0.0,0.022917651,2.0
3.7798720641626264,0.1501373933165226,2.0,421.15393757429683,4.407307243874099,1.1100000000000012,0.02292597054542498,1.110000000000001,0.0,0.022917651,2.0
3.7800659420056113,0.152232579178445,2.0,421.4921945627713,4.406365454396687,1.1110000000000009,0.022925970523013633,1.1110000000000009,0.0,0.022917651,2.0
3.780259985777135,0.1543268401723769,2.0,421.82869994037003,4.405425253471819,1.112000000000001,0.02292597050060812,1.112000000000001,0.0,0.022917651,2.0
3.7804541603593425,0.15642026392142583,2.0,422.16368363799023,4.4044864134872315,1.1130000000000009,0.0229259704776056,1.1130000000000009,0.0,0.022917651,2.0
3.780648419078867,0.15851294650232628,2.0,422.4974491370211,4.4035486522475,1.114000000000001,0.022925970453313627,1.114000000000001,0.0,0.022917651,2.0
3.780842834516402,0.16060470391356046,2.0,422.82953011692797,4.402612443012102,1.115000000000001,0.022925970429077264,1.1150000000000009,0.0,0.022917651,2.0
3.781037405976942,0.16269554025804012,2.0,423.15993404815885,4.40167777889826,1.116000000000001,0.022925970404896266,1.116000000000001,0.0,0.022917651,2.0
3.7812321327695813,0.1647854596144504,2.0,423.4886683570538,4.400744653063837,1.1170000000000009,0.02292597038077039,1.1170000000000009,0.0,0.022917651,2.0
3.7814270142074897,0.16687446603743195,2.0,423.81574042617046,4.399813058707032,1.118000000000001,0.022925970356699393,1.118000000000001,0.0,0.022917651,2.0
3.7816220496078805,0.16896256355775435,2.0,424.1411575946056,4.398882989066088,1.119000000000001,0.022925970332683034,1.1190000000000009,0.0,0.022917651,2.0
3.7818172382919784,0.17104975618249502,2.0,424.4649271583153,4.397954437418995,1.1200000000000012,0.02292597030872107,1.120000000000001,0.0,0.022917651,2.0
3.782012579584994,0.17313604789520945,2.0,424.78705637043055,4.397027397083198,1.121000000000001,0.022925970284813257,1.1210000000000009,0.0,0.022917651,2.0
3.7822080728160925,0.1752214426561073,2.0,425.107552441572,4.396101861415309,1.122000000000001,0.022925970260959362,1.122000000000001,0.0,0.022917651,2.0
3.78240371106612,0.17730597676890533,2.0,425.42650988863517,4.395177766154926,1.123000000000001,0.022925970237347566,1.1230000000000009,0.0,0.022917651,2.0
3.782599440833016,0.17938990630122859,2.0,425.74463904763843,4.394254639095205,1.1240000000000012,0.02292597021542095,1.124000000000001,0.0,0.022917651,2.0
3.7827953133690793,0.18147294909320727,2.0,426.06119344864914,4.393332969923836,1.1250000000000009,0.022925970193494336,1.1250000000000009,0.0,0.022917651,2.0
3.7829913280563607,0.18355510898292574,2.0,426.37617990770167,4.392412752330635,1.126000000000001,0.022925970171567715,1.126000000000001,0.0,0.022917651,2.0
3.783187484280474,0.18563638978634864,2.0,426.68960520155116,4.391493980041777,1.127000000000001,0.022925970149641095,1.127000000000001,0.0,0.022917651,2.0
3.783383781430566,0.18771679529748345,2.0,427.00147606795605,4.390576646819542,1.128000000000001,0.022925970127714475,1.128000000000001,0.0,0.022917651,2.0
3.7835802188992953,0.18979632928853477,2.0,427.3117992059582,4.389660746462053,1.129000000000001,0.02292597010578786,1.129000000000001,0.0,0.022917651,2.0
3.7837767960828037,0.19187499551006432,2.0,427.62058127616103,4.3887462728030195,1.130000000000001,0.02292597008386124,1.130000000000001,0.0,0.022917651,2.0
3.783973512380696,0.19395279769114213,2.0,427.9278289010038,4.387833219711483,1.131000000000001,0.022925970061934628,1.131000000000001,0.0,0.022917651,2.0
3.784170367196009,0.19602973953950412,2.0,428.23354866503576,4.386921581091562,1.132000000000001,0.02292597004000801,1.132000000000001,0.0,0.022917651,2.0
3.7843673599351924,0.19810582474170055,2.0,428.5377471151856,4.386011350882203,1.1330000000000007,0.022925970018081394,1.133000000000001,0.0,0.022917651,2.0
3.7845644745466065,0.20018137091207183,2.0,428.84095373123426,4.385102148415751,1.134000000000001,0.022925969996154778,1.134000000000001,0.0,0.022917651,2.0
3.78476171259897,0.20225633177867627,2.0,429.14309585860195,4.384194025930039,1.135000000000001,0.02292596997422816,1.135000000000001,0.0,0.022917651,2.0
3.7849590856278286,0.20433046293589985,2.0,429.4437679121962,4.383287273025634,1.136000000000001,0.02292596995230154,1.136000000000001,0.0,0.022917651,2.0
3.7851565930399595,0.20640376803030547,2.0,429.74297635297546,4.382381883683239,1.137000000000001,0.022925969930374927,1.137000000000001,0.0,0.022917651,2.0
3.785354234245615,0.20847625068712045,2.0,430.04072760409275,4.38147785191878,1.138000000000001,0.022925969908448307,1.138000000000001,0.0,0.022917651,2.0
3.785552008658491,0.2105479145103885,2.0,430.3370280511711,4.380575171783147,1.1390000000000011,0.022925969886521694,1.139000000000001,0.0,0.022917651,2.0
3.7857499156957055,0.212618763083128,2.0,430.63188404257806,4.379673837361941,1.140000000000001,0.022925969864595074,1.140000000000001,0.0,0.022917651,2.0
3.7859479547777717,0.21468879996748122,2.0,430.92530188969613,4.3787738427752165,1.141000000000001,0.02292596984266846,1.141000000000001,0.0,0.022917651,2.0
3.7861461253285738,0.21675802870487013,2.0,431.21728786719245,4.3778751821772355,1.142000000000001,0.02292596982074184,1.142000000000001,0.0,0.022917651,2.0
3.7863444267753428,0.2188264528161429,2.0,431.50784821328494,4.376977849756217,1.143000000000001,0.022925969798815223,1.143000000000001,0.0,0.022917651,2.0
3.786542858548632,0.2208940758017269,2.0,431.79698913000686,4.37608183973409,1.144000000000001,0.022925969776888606,1.144000000000001,0.0,0.022917651,2.0
3.7867412918959515,0.22296130051754637,2.0,432.0851406434065,4.375186234701164,1.145000000000001,0.02292596975496199,1.145000000000001,0.0,0.022917651,2.0
3.786939775472354,0.22502797475931618,2.0,432.37214038500895,4.374291381295166,1.146000000000001,0.022925969733035373,1.146000000000001,0.0,0.022917651,2.0
3.7871383811795276,0.22709387575338705,2.0,432.65775372524985,4.373397789636216,1.147000000000001,0.022925969711108753,1.147000000000001,0.0,0.022917651,2.0
3.7873371084705463,0.2291590069625229,2.0,432.9419868727213,4.372505454073951,1.148000000000001,0.02292596968918214,1.148000000000001,0.0,0.022917651,2.0
3.7875359568017424,0.2312233718288407,2.0,433.2248459989991,4.371614368991692,1.1490000000000007,0.022925969667255523,1.149000000000001,0.0,0.022917651,2.0
3.7877349256326878,0.2332869737739678,2.0,433.506337238919,4.3707245288062015,1.150000000000001,0.022925969645328906,1.150000000000001,0.0,0.022917651,2.0
3.787934014426165,0.23534981619919038,2.0,433.7864666908491,4.369835927967428,1.151000000000001,0.02292596962340229,1.151000000000001,0.0,0.022917651,2.0
3.788133222648146,0.23741190248560817,2.0,434.06524041696065,4.3689485609582634,1.152000000000001,0.022925969601475672,1.152000000000001,0.0,0.022917651,2.0
3.7883325497677665,0.2394732359942803,2.0,434.3426644434962,4.368062422294296,1.153000000000001,0.022925969579549052,1.153000000000001,0.0,0.022917651,2.0
3.788531995257306,0.2415338200663772,2.0,434.6187447610354,4.367177506523575,1.154000000000001,0.022925969557622435,1.154000000000001,0.0,0.022917651,2.0
3.788731558592161,0.24359365802332372,2.0,434.8934873247582,4.366293808226359,1.1550000000000011,0.02292596953569582,1.155000000000001,0.0,0.022917651,2.0
3.7889311531338405,0.24565240384368695,2.0,435.1672204101434,4.365411326819588,1.156000000000001,0.0229259695137692,1.156000000000001,0.0,0.022917651,2.0
3.789130666490899,0.24770959090416356,2.0,435.44035647654914,4.364530079338888,1.157000000000001,0.022925969491842585,1.157000000000001,0.0,0.022917651,2.0
3.7893302889439098,0.2497659875198749,2.0,435.7121804641372,4.363650058726643,1.1580000000000013,0.022925969469915968,1.158000000000001,0.0,0.022917651,2.0
3.7895300200644146,0.2518215967951736,2.0,435.9826975259008,4.36277126016451,1.1590000000000011,0.02292596944798935,1.159000000000001,0.0,0.022917651,2.0
3.789729859426196,0.25387642181817976,2.0,436.2519127878853,4.361893678859346,1.1600000000000013,0.022925969426062735,1.160000000000001,0.0,0.022917651,2.0
3.789929806605262,0.2559304656608829,2.0,436.51983134936347,4.3610173100430405,1.1610000000000011,0.022925969404136118,1.161000000000001,0.0,0.022917651,2.0
3.790129861179834,0.25798373137925085,2.0,436.78645828301063,4.360142148972352,1.162000000000001,0.0229259693822095,1.162000000000001,0.0,0.022917651,2.0
3.7903300227303296,0.26003622201333065,2.0,437.0517986350774,4.35926819092875,1.1630000000000011,0.02292596936028288,1.163000000000001,0.0,0.022917651,2.0
3.7905302908393477,0.26208794058735546,2.0,437.3158574255617,4.3583954312182485,1.164000000000001,0.022925969338356264,1.164000000000001,0.0,0.022917651,2.0
3.7907306650916577,0.2641388901098438,2.0,437.5786396483794,4.3575238651712525,1.165000000000001,0.02292596931642965,1.165000000000001,0.0,0.022917651,2.0
3.790931145074183,0.266189073573705,2.0,437.8401502715332,4.356653488142397,1.166000000000001,0.02292596929450303,1.166000000000001,0.0,0.022917651,2.0
3.7911317303759877,0.2682384939563368,2.0,438.1003942372808,4.3557842955103885,1.167000000000001,0.022925969272576414,1.167000000000001,0.0,0.022917651,2.0
3.79133229955341,0.27028718887074793,2.0,438.36044475782404,4.35491576313032,1.1680000000000013,0.022925969250649797,1.168000000000001,0.0,0.022917651,2.0
3.7915329187206797,0.2723351334666413,2.0,438.6197082896995,4.354048180702081,1.169000000000001,0.022925969228723184,1.169000000000001,0.0,0.022917651,2.0
3.7917336373840405,0.2743823148459375,2.0,438.87774723239727,4.3531817594567945,1.170000000000001,0.022925969206796567,1.170000000000001,0.0,0.022917651,2.0
3.7919344551683265,0.2764287358864572,2.0,439.1345662034124,4.352316495016044,1.1710000000000012,0.022925969184869947,1.171000000000001,0.0,0.022917651,2.0
3.7921353717002577,0.27847439945157243,2.0,439.39016979705457,4.3514523830234015,1.172000000000001,0.02292596916294333,1.172000000000001,0.0,0.022917651,2.0
3.7923363866084245,0.28051930839029393,2.0,439.64456258459336,4.35058941914429,1.173000000000001,0.022925969141016713,1.173000000000001,0.0,0.022917651,2.0
3.792537499523278,0.28256346553736444,2.0,439.8977491144025,4.349727599065837,1.174000000000001,0.022925969119090096,1.174000000000001,0.0,0.022917651,2.0
3.792738710077119,0.2846068737133446,2.0,440.14973391210293,4.348866918496746,1.175000000000001,0.02292596909716348,1.175000000000001,0.0,0.022917651,2.0
3.7929400179040824,0.2866495357247049,2.0,440.40052148070504,4.348007373167165,1.176000000000001,0.022925969075236863,1.176000000000001,0.0,0.022917651,2.0
3.7931414226401334,0.2886914543639101,2.0,440.6501163007496,4.347148958828542,1.1770000000000012,0.022925969053310243,1.177000000000001,0.0,0.022917651,2.0
3.7933429239230474,0.2907326324095097,2.0,440.8985228304479,4.346291671253502,1.178000000000001,0.022925969031383626,1.178000000000001,0.0,0.022917651,2.0
3.7935445213924037,0.2927730726262214,2.0,441.1457455058204,4.345435506235709,1.1790000000000012,0.02292596900945701,1.179000000000001,0.0,0.022917651,2.0
3.7937460529133338,0.29481292946988946,2.0,441.39300717094943,4.3445796600799635,1.180000000000001,0.022925968987193065,1.180000000000001,0.0,0.022917651,2.0
3.793947621262426,0.2968521016517675,2.0,441.63953030806,4.3437246456736105,1.181000000000001,0.022925968964855093,1.181000000000001,0.0,0.022917651,2.0
3.794149280418203,0.2988905398815067,2.0,441.8849093206605,4.3428707284626995,1.182000000000001,0.02292596894256319,1.182000000000001,0.0,0.022917651,2.0
3.7943510300481034,0.3009282468470445,2.0,442.129148398855,4.342017904428994,1.183000000000001,0.02292596892031719,1.183000000000001,0.0,0.022917651,2.0
3.7945528698211914,0.3029652252232109,2.0,442.37225171231273,4.341166169573854,1.184000000000001,0.022925968898116912,1.184000000000001,0.0,0.022917651,2.0
3.7947547994081403,0.30500147767180436,2.0,442.6142234103913,4.3403155199181205,1.185000000000001,0.0229259688759622,1.185000000000001,0.0,0.022917651,2.0
3.7949568184812286,0.3070370068416752,2.0,442.8550676222612,4.339465951501986,1.1860000000000008,0.02292596885385289,1.186000000000001,0.0,0.022917651,2.0
3.7951589267143238,0.3090718153688,2.0,443.0947884570277,4.338617460384896,1.1870000000000012,0.02292596883178881,1.187000000000001,0.0,0.022917651,2.0
3.795361123782879,0.3111059058763641,2.0,443.33339000385297,4.337770042645411,1.188000000000001,0.022925968809769798,1.188000000000001,0.0,0.022917651,2.0
3.795563409363918,0.31313928097483473,2.0,443.57087633207686,4.336923694381106,1.189000000000001,0.022925968787795688,1.189000000000001,0.0,0.022917651,2.0
3.795765783136031,0.3151719432620419,2.0,443.80725149133696,4.336078411708451,1.190000000000001,0.02292596876586632,1.190000000000001,0.0,0.022917651,2.0
3.7959682447793615,0.31720389532325133,2.0,444.04251951168703,4.335234190762693,1.191000000000001,0.022925968743981527,1.191000000000001,0.0,0.022917651,2.0
3.796170703839881,0.319235214598173,2.0,444.27737170493805,4.334390592999435,1.1920000000000013,0.02292596872221366,1.192000000000001,0.0,0.022917651,2.0
3.7963731198746262,0.32126593221002553,2.0,444.5121170675603,4.333547425814728,1.1930000000000012,0.022925968700561707,1.193000000000001,0.0,0.022917651,2.0
3.7965756195715117,0.3232959432368849,2.0,444.74579073809184,4.332705299869124,1.194000000000001,0.022925968678909753,1.194000000000001,0.0,0.022917651,2.0
3.7967782026321326,0.32532525019900604,2.0,444.9783965390566,4.331864211448721,1.1950000000000012,0.0229259686572578,1.195000000000001,0.0,0.022917651,2.0
3.7969808687594986,0.32735385560467417,2.0,445.2099382748214,4.331024156857257,1.196000000000001,0.022925968635605854,1.196000000000001,0.0,0.022917651,2.0
3.7971836176580283,0.3293817619502722,2.0,445.4404197317033,4.330185132416005,1.197000000000001,0.022925968613953903,1.197000000000001,0.0,0.022917651,2.0
3.7973864490335423,0.331408971720355,2.0,445.66984467807663,4.32934713446367,1.198000000000001,0.022925968592301955,1.198000000000001,0.0,0.022917651,2.0
3.7975893625932535,0.33343548738771533,2.0,445.89821686447897,4.328510159356292,1.199000000000001,0.02292596857065,1.199000000000001,0.0,0.022917651,2.0
3.7977923580457578,0.33546131141345753,2.0,446.125540023717,4.327674203467134,1.200000000000001,0.022925968548998053,1.200000000000001,0.0,0.022917651,2.0
3.797951748692394,0.33731463545018775,2.0,446.42808151947145,4.326806062843231,1.201000000000001,0.0229259685298181,1.201000000000001,0.0,0.022917651,2.0
3.798111026150964,0.3391681142674513,2.0,446.731143817506,4.325937314690944,1.202000000000001,0.02292596851063815,1.202000000000001,0.0,0.022917651,2.0
3.7982701900912663,0.34102174831678433,2.0,447.0347284371437,4.325067957237948,1.203000000000001,0.022925968491458202,1.203000000000001,0.0,0.022917651,2.0
3.7984292401818145,0.3428755380514833,2.0,447.3388369036233,4.324197988705014,1.2040000000000013,0.02292596847227825,1.204000000000001,0.0,0.022917651,2.0
3.7985881760898317,0.34472948392660907,2.0,447.6434707481276,4.323327407305978,1.2050000000000012,0.022925968453098296,1.205000000000001,0.0,0.022917651,2.0
3.7987469974812393,0.34658358639899983,2.0,447.9486315078128,4.3224562112477125,1.206000000000001,0.022925968433918347,1.206000000000001,0.0,0.022917651,2.0
3.798905704020659,0.3484378459272759,2.0,448.25432072583766,4.321584398730087,1.207000000000001,0.0229259684147384,1.207000000000001,0.0,0.022917651,2.0
3.799064295371398,0.35029226297185173,2.0,448.5605399513926,4.320711967945931,1.2080000000000013,0.022925968395558455,1.208000000000001,0.0,0.022917651,2.0
3.799222771195446,0.3521468379949415,2.0,448.86729073972907,4.319838917081008,1.2090000000000012,0.0229259683763785,1.209000000000001,0.0,0.022917651,2.0
3.7993811311534715,0.3540015714605715,2.0,449.1745746521897,4.318965244313973,1.2100000000000013,0.02292596835719855,1.210000000000001,0.0,0.022917651,2.0
3.799539374904811,0.3558564638345852,2.0,449.48239325623763,4.3180909478163425,1.211000000000001,0.022925968338018597,1.211000000000001,0.0,0.022917651,2.0
3.799697502107464,0.35771151558465575,2.0,449.7907481254872,4.31721602575246,1.2120000000000013,0.022925968318838648,1.212000000000001,0.0,0.022917651,2.0
3.7998555124180884,0.35956672718029176,2.0,450.0996408397334,4.316340476279454,1.213000000000001,0.0229259682996587,1.213000000000001,0.0,0.022917651,2.0
3.80001340549199,0.36142209909284917,2.0,450.40907298498274,4.31546429754721,1.2140000000000013,0.022925968280478746,1.214000000000001,0.0,0.022917651,2.0
3.800171180983119,0.36327763179553774,2.0,450.7190461534835,4.314587487698333,1.2150000000000007,0.022925968261298793,1.215000000000001,0.0,0.022917651,2.0
3.8003288385440626,0.3651333257634328,2.0,451.02956194375685,4.31371004486811,1.2160000000000013,0.022925968242118847,1.216000000000001,0.0,0.022917651,2.0
3.800486377826038,0.3669891814734817,2.0,451.3406219606274,4.312831967184475,1.2170000000000007,0.022925968222938898,1.217000000000001,0.0,0.022917651,2.0
3.800643798478886,0.3688451994045157,2.0,451.65222781525455,4.311953252767968,1.2180000000000013,0.022925968203758945,1.218000000000001,0.0,0.022917651,2.0
3.8008009779909377,0.37070134329766374,2.0,451.96507489819834,4.311073448301877,1.219000000000001,0.022925968184578996,1.219000000000001,0.0,0.022917651,2.0
3.800957999812473,0.37255762846833024,2.0,452.27866926731616,4.310192871913863,1.2200000000000013,0.022925968165399047,1.220000000000001,0.0,0.022917651,2.0
3.8011148966646076,0.3744140640597028,2.0,452.592822273853,4.309311645213341,1.2210000000000008,0.022925968146219097,1.221000000000001,0.0,0.022917651,2.0
3.801271668176622,0.376270650518003,2.0,452.9075355749982,4.308429766271172,1.2220000000000013,0.022925968127039145,1.222000000000001,0.0,0.022917651,2.0
3.8014283139763267,0.37812738829121745,2.0,453.22281083450196,4.307547233150574,1.223000000000001,0.022925968107859195,1.223000000000001,0.0,0.022917651,2.0
3.8015848336900606,0.3799842778291096,2.0,453.53864972270827,4.306664043907091,1.2240000000000013,0.022925968088679242,1.224000000000001,0.0,0.022917651,2.0
3.801741226942679,0.3818413195832257,2.0,453.85505391658774,4.3057801965885565,1.225000000000001,0.022925968069499293,1.225000000000001,0.0,0.022917651,2.0
3.801897493357547,0.38369851400690674,2.0,454.17202509977,4.304895689235046,1.2260000000000013,0.022925968050319344,1.226000000000001,0.0,0.022917651,2.0
3.8020536325565337,0.3855558615552942,2.0,454.48956496257694,4.304010519878849,1.227000000000001,0.022925968031139395,1.227000000000001,0.0,0.022917651,2.0
3.8022096441600004,0.3874133626853418,2.0,454.80767520205654,4.303124686544424,1.2280000000000013,0.02292596801195944,1.228000000000001,0.0,0.022917651,2.0
3.8023655277868014,0.389271017855822,2.0,455.1263575220154,4.30223818724836,1.2290000000000008,0.022925967992779486,1.229000000000001,0.0,0.022917651,2.0
3.802521283054268,0.39112882752733774,2.0,455.44561363305354,4.301351019999342,1.2300000000000009,0.02292596797359954,1.230000000000001,0.0,0.022917651,2.0
3.8026769095782047,0.39298679216232857,2.0,455.765445252597,4.300463182798104,1.231000000000001,0.02292596795441959,1.231000000000001,0.0,0.022917651,2.0
3.8028324069728816,0.3948449122250831,2.0,456.08585410493316,4.299574673637395,1.232000000000001,0.022925967935239638,1.232000000000001,0.0,0.022917651,2.0
3.802987774851026,0.39670318818174466,2.0,456.4068419212441,4.2986854905019385,1.233000000000001,0.02292596791605969,1.233000000000001,0.0,0.022917651,2.0
3.8031430128238175,0.3985616205003245,2.0,456.7284104396421,4.297795631368389,1.2340000000000009,0.022925967896879736,1.234000000000001,0.0,0.022917651,2.0
3.8032981205008727,0.4004202096507071,2.0,457.0505614052031,4.296905094205296,1.235000000000001,0.02292596787769979,1.235000000000001,0.0,0.022917651,2.0
3.803453097490247,0.40227895610466347,2.0,457.37329657000254,4.296013876973059,1.236000000000001,0.022925967858519837,1.236000000000001,0.0,0.022917651,2.0
3.8036079433984202,0.4041378603358568,2.0,457.69661769314996,4.295121977623889,1.237000000000001,0.022925967839339888,1.237000000000001,0.0,0.022917651,2.0
3.8037626578302923,0.4059969228198558,2.0,458.0205265408251,4.29422939410177,1.2380000000000009,0.02292596782015994,1.238000000000001,0.0,0.022917651,2.0
3.8039172403891706,0.4078561440341406,2.0,458.3450248863124,4.293336124342413,1.239000000000001,0.02292596780097999,1.239000000000001,0.0,0.022917651,2.0
3.804071690676768,0.40971552445811577,2.0,458.6701145100376,4.292442166273214,1.240000000000001,0.022925967781800036,1.240000000000001,0.0,0.022917651,2.0
3.8042260082931905,0.41157506457311677,2.0,458.99579719960315,4.2915475178132185,1.2410000000000012,0.022925967762620087,1.241000000000001,0.0,0.022917651,2.0
3.8043801928369296,0.4134347648624229,2.0,459.3220747498251,4.29065217687307,1.2420000000000009,0.022925967743440138,1.242000000000001,0.0,0.022917651,2.0
3.8045342439048584,0.415294625811264,2.0,459.6489489627687,4.289756141354978,1.243000000000001,0.022925967724260185,1.243000000000001,0.0,0.022917651,2.0
3.804688161092215,0.41715464790683315,2.0,459.97642164778557,4.288859409152667,1.244000000000001,0.022925967705080236,1.244000000000001,0.0,0.022917651,2.0
3.8048421788844777,0.41901418173144356,2.0,460.3050012959162,4.287963567614648,1.2450000000000012,0.022925967685900286,1.245000000000001,0.0,0.022917651,2.0
3.8049962534152866,0.4208733587329698,2.0,460.634549108188,4.287068309840254,1.2460000000000009,0.022925967666720337,1.246000000000001,0.0,0.022917651,2.0
3.805150218296647,0.42273264162552515,2.0,460.9646958371786,4.286172507574024,1.247000000000001,0.022925967647540384,1.247000000000001,0.0,0.022917651,2.0
3.8053040732507104,0.42459203067743556,2.0,461.29544300052663,4.28527615943623,1.248000000000001,0.02292596762836043,1.248000000000001,0.0,0.022917651,2.0
3.805457817998687,0.42645152615793247,2.0,461.6267921210022,4.284379264042479,1.2490000000000012,0.022925967609180482,1.249000000000001,0.0,0.022917651,2.0
3.8056114522608473,0.42831112833716006,2.0,461.9587447265292,4.283481820003691,1.250000000000001,0.022925967590000533,1.250000000000001,0.0,0.022917651,2.0
3.8057649757565106,0.43017083748617607,2.0,462.2913023502069,4.2825838259260856,1.251000000000001,0.022925967570820584,1.251000000000001,0.0,0.022917651,2.0
3.8059183882040464,0.43203065387695866,2.0,462.624466530332,4.2816852804111525,1.2520000000000011,0.02292596755164063,1.2520000000000011,0.0,0.022917651,2.0
3.806071689320868,0.43389057778240725,2.0,462.95823881042026,4.280786182055641,1.2530000000000012,0.022925967532460678,1.253000000000001,0.0,0.022917651,2.0
3.8062248788234303,0.43575060947634964,2.0,463.2926207392294,4.27988652945153,1.2540000000000011,0.02292596751328073,1.2540000000000011,0.0,0.022917651,2.0
3.806377956427224,0.4376107492335425,2.0,463.6276138707807,4.278986321186017,1.255000000000001,0.02292596749410078,1.255000000000001,0.0,0.022917651,2.0
3.8065309218467704,0.439470997329679,2.0,463.9632197643817,4.278085555841491,1.2560000000000011,0.02292596747492083,1.2560000000000011,0.0,0.022917651,2.0
3.8066837747956197,0.44133135404138896,2.0,464.29943998464836,4.277184231995518,1.2570000000000012,0.02292596745574088,1.257000000000001,0.0,0.022917651,2.0
3.8068365149863492,0.44319181964624677,2.0,464.63627610152844,4.276282348220813,1.2580000000000013,0.022925967436560928,1.2580000000000011,0.0,0.022917651,2.0
3.80698914213055,0.44505239442277156,2.0,464.9737296903232,4.275379903085226,1.259000000000001,0.02292596741738098,1.259000000000001,0.0,0.022917651,2.0
3.807141655938835,0.4469130786504349,2.0,465.31180233171125,4.274476895151719,1.2600000000000011,0.022925967398201026,1.2600000000000011,0.0,0.022917651,2.0
3.8072940561208233,0.4487738726096612,2.0,465.6504956117704,4.2735733229783435,1.2610000000000012,0.022925967379021077,1.261000000000001,0.0,0.022917651,2.0
3.807446342385145,0.4506347765818355,2.0,465.98981112200204,4.272669185118223,1.2620000000000011,0.022925967359841128,1.2620000000000011,0.0,0.022917651,2.0
3.807598514439431,0.4524957908493041,2.0,466.3297504593531,4.271764480119528,1.263000000000001,0.02292596734066118,1.263000000000001,0.0,0.022917651,2.0
3.807750571990311,0.4543569156953819,2.0,466.67031522624023,4.270859206525455,1.2640000000000011,0.022925967321481226,1.2640000000000011,0.0,0.022917651,2.0
3.8079025147434113,0.4562181514043533,2.0,467.01150703057294,4.269953362874213,1.2650000000000012,0.02292596730230128,1.265000000000001,0.0,0.022917651,2.0
3.808054342403344,0.45807949826147965,2.0,467.353327485777,4.269046947698987,1.2660000000000011,0.022925967283121323,1.2660000000000011,0.0,0.022917651,2.0
3.8082060546737115,0.45994095655300027,2.0,467.69577821081805,4.268139959527934,1.2670000000000012,0.022925967263941378,1.267000000000001,0.0,0.022917651,2.0
3.808357651257094,0.46180252656613974,2.0,468.03886083022627,4.267232396884147,1.2680000000000011,0.022925967244761425,1.2680000000000011,0.0,0.022917651,2.0
3.808509131855052,0.46366420858910906,2.0,468.382576974119,4.26632425828564,1.2690000000000012,0.022925967225581476,1.269000000000001,0.0,0.022917651,2.0
3.8086598926048087,0.4655264439168441,2.0,468.7272370692906,4.265412686871466,1.2700000000000011,0.022925967206401523,1.2700000000000011,0.0,0.022917651,2.0
3.808809677997674,0.46738942246167875,2.0,469.0729613352866,4.264496470665625,1.2710000000000012,0.022925967187221574,1.271000000000001,0.0,0.022917651,2.0
3.8089593038584972,0.4692525495049016,2.0,469.4193292848344,4.263579467849695,1.2720000000000011,0.022925967168041624,1.2720000000000011,0.0,0.022917651,2.0
3.8091087696604666,0.4711158255368882,2.0,469.7663430435277,4.262661675826105,1.273000000000001,0.02292596714886167,1.273000000000001,0.0,0.022917651,2.0
3.809258074874449,0.47297925105017724,2.0,470.11400474632933,4.261743091985834,1.2740000000000014,0.022925967129681722,1.2740000000000011,0.0,0.022917651,2.0
3.809407218968974,0.4748428265394792,2.0,470.462316537623,4.2608237137083504,1.2750000000000012,0.022925967110501773,1.275000000000001,0.0,0.022917651,2.0
3.809556201410224,0.4767065525016916,2.0,470.81128057126557,4.259903538361543,1.2760000000000011,0.022925967091321824,1.2760000000000011,0.0,0.022917651,2.0
3.8097050216620234,0.478570429435908,2.0,471.1608990106391,4.258982563301664,1.2770000000000008,0.02292596707214187,1.277000000000001,0.0,0.022917651,2.0
3.8098536791858195,0.480434457843433,2.0,471.51117402870386,4.258060785873259,1.2780000000000014,0.022925967052961925,1.2780000000000011,0.0,0.022917651,2.0
3.8100021734406733,0.4822986382277916,2.0,471.8621078080507,4.257138203409102,1.279000000000001,0.02292596703378197,1.279000000000001,0.0,0.022917651,2.0
3.8101505038832464,0.48416297109474465,2.0,472.21370254095575,4.2562148132301365,1.2800000000000011,0.02292596701460202,1.2800000000000011,0.0,0.022917651,2.0
3.8102986699677874,0.48602745695229804,2.0,472.5659604294328,4.255290612645401,1.281000000000001,0.02292596699542207,1.281000000000001,0.0,0.022917651,2.0
3.810446671146116,0.48789209631071834,2.0,472.91888368528856,4.254365598951968,1.2820000000000011,0.022925966976242114,1.2820000000000011,0.0,0.022917651,2.0
3.8105945068676124,0.48975688968254233,2.0,473.2724745301762,4.253439769434881,1.283000000000001,0.022925966957062168,1.283000000000001,0.0,0.022917651,2.0
3.810742176579203,0.4916218375825925,2.0,473.6267351956512,4.252513121367078,1.2840000000000011,0.022925966937882222,1.2840000000000011,0.0,0.022917651,2.0
3.810889679725346,0.493486940527987,2.0,473.9816679232253,4.25158565200933,1.285000000000001,0.022925966918702266,1.285000000000001,0.0,0.022917651,2.0
3.8110370157480187,0.4953521990381555,2.0,474.33727496442384,4.250657358610175,1.2860000000000011,0.022925966899522317,1.2860000000000011,0.0,0.022917651,2.0
3.8111841840867027,0.497217613634849,2.0,474.6935585808398,4.249728238405843,1.2870000000000013,0.022925966880342367,1.287000000000001,0.0,0.022917651,2.0
3.8113311841783686,0.49908318484215564,2.0,475.0505210441917,4.248798288620192,1.2880000000000011,0.022925966861162415,1.2880000000000011,0.0,0.022917651,2.0
3.8114780154574657,0.500948913186511,2.0,475.4081646363794,4.24786750646464,1.289000000000001,0.022925966841982465,1.289000000000001,0.0,0.022917651,2.0
3.8116246773559053,0.5028147991967146,2.0,475.7664916495418,4.246935889138091,1.2900000000000011,0.022925966822802516,1.2900000000000011,0.0,0.022917651,2.0
3.8117711693030465,0.5046808434039393,2.0,476.12550438611345,4.246003433826865,1.2910000000000008,0.022925966803622563,1.291000000000001,0.0,0.022917651,2.0
3.8119174907256816,0.5065470463417485,2.0,476.4852051588838,4.245070137704632,1.2920000000000011,0.022925966784442614,1.2920000000000011,0.0,0.022917651,2.0
3.8120636410480233,0.5084134085461062,2.0,476.845596291054,4.244135997932335,1.293000000000001,0.022925966765262668,1.293000000000001,0.0,0.022917651,2.0
3.8122101545554083,0.5102784782760154,2.0,477.2066413175341,4.243204603236787,1.2940000000000011,0.022925966746082715,1.2940000000000011,0.0,0.022917651,2.0
3.812356666153829,0.512143282187333,2.0,477.5683547907131,4.242273466682329,1.295000000000001,0.022925966726902763,1.295000000000001,0.0,0.022917651,2.0
3.812503026855817,0.5140082284597769,2.0,477.93074787116086,4.241341584181355,1.2960000000000012,0.022925966707722813,1.2960000000000012,0.0,0.022917651,2.0
3.812649236186139,0.5158733175416987,2.0,478.29382269923485,4.240408953384578,1.297000000000001,0.022925966688542864,1.297000000000001,0.0,0.022917651,2.0
3.812795293667562,0.5177385498833368,2.0,478.65758142429013,4.239475571932837,1.2980000000000012,0.02292596666936291,1.2980000000000012,0.0,0.022917651,2.0
3.8129411988208486,0.5196039259368223,2.0,479.02202620472576,4.238541437457041,1.299000000000001,0.022925966650182962,1.299000000000001,0.0,0.022917651,2.0
3.8130869511647383,0.5214694461561921,2.0,479.38715920803367,4.237606547578121,1.3000000000000012,0.022925966631003013,1.3000000000000012,0.0,0.022917651,2.0
3.8131960827366407,0.5231148931291164,2.0,479.8404689306593,4.236719473609386,1.301000000000001,0.022925966649358965,1.301000000000001,0.0,0.022917651,2.0
3.813304966343258,0.524760481778334,2.0,480.2944786838547,4.235831266100415,1.3020000000000012,0.022925966667714914,1.3020000000000012,0.0,0.022917651,2.0
3.813413599567511,0.5264062134848562,2.0,480.7491952912764,4.2349419140018485,1.3030000000000013,0.022925966686070866,1.303000000000001,0.0,0.022917651,2.0
3.8135219799608016,0.5280520896477021,2.0,481.2046256655566,4.234051406120249,1.3040000000000014,0.022925966704426815,1.3040000000000012,0.0,0.022917651,2.0
3.8136301050425003,0.5296981116841922,2.0,481.66077680975707,4.233159731115754,1.305000000000001,0.022925966722782763,1.305000000000001,0.0,0.022917651,2.0
3.813737972299421,0.53134428103025,2.0,482.1176558188544,4.232266877499661,1.3060000000000012,0.022925966741138712,1.3060000000000012,0.0,0.022917651,2.0
3.8138455791852826,0.5329905991407061,2.0,482.5752698812512,4.231372833631989,1.307000000000001,0.02292596675949466,1.307000000000001,0.0,0.022917651,2.0
3.8139529231201643,0.5346370674896126,2.0,483.03362628032005,4.230477587718973,1.3080000000000014,0.022925966777850613,1.3080000000000012,0.0,0.022917651,2.0
3.8140600014899473,0.5362836875705596,2.0,483.49273239597676,4.229581127810518,1.309000000000001,0.022925966796206565,1.309000000000001,0.0,0.022917651,2.0
3.814166811645747,0.5379304608970022,2.0,483.95259570628514,4.2286834417976005,1.3100000000000014,0.022925966814562517,1.3100000000000012,0.0,0.022917651,2.0
3.814273350903333,0.5395773890025892,2.0,484.4132237890943,4.227784517409619,1.3110000000000013,0.02292596683291847,1.311000000000001,0.0,0.022917651,2.0
3.8143796165425363,0.5412244734415042,2.0,484.8746243237087,4.226884342211687,1.3120000000000012,0.022925966851274415,1.3120000000000012,0.0,0.022917651,2.0
3.8144856058066483,0.5428717157888067,2.0,485.33680509259136,4.225982903601875,1.313000000000001,0.022925966869630367,1.313000000000001,0.0,0.022917651,2.0
3.814591119966162,0.5445193416768087,2.0,485.7999889457411,4.225079181069133,1.3140000000000014,0.02292596688798632,1.3140000000000012,0.0,0.022917651,2.0
3.814694972222915,0.5461686925892029,2.0,486.265497785648,4.2241670861701826,1.315000000000001,0.022925966906342268,1.315000000000001,0.0,0.022917651,2.0
3.8147985495458343,0.5478181700407928,2.0,486.7318266226782,4.2232537649834745,1.3160000000000014,0.02292596692469822,1.3160000000000012,0.0,0.022917651,2.0
3.8149018492399276,0.5494677752719579,2.0,487.1989834947202,4.222339205488522,1.317000000000001,0.02292596694305417,1.317000000000001,0.0,0.022917651,2.0
3.815004868574862,0.5511175095393428,2.0,487.6669765450601,4.221423395507217,1.3180000000000014,0.02292596696141012,1.3180000000000012,0.0,0.022917651,2.0
3.815107604784384,0.552767374116124,2.0,488.13581402411506,4.220506322701243,1.319000000000001,0.02292596697976607,1.319000000000001,0.0,0.022917651,2.0
3.815210055065731,0.5544173702922833,2.0,488.6055042912009,4.219587974569426,1.3200000000000014,0.022925966998122018,1.3200000000000012,0.0,0.022917651,2.0
3.8153122165790205,0.5560674993748849,2.0,489.07605581633476,4.218668338445039,1.3210000000000013,0.02292596701647797,1.321000000000001,0.0,0.022917651,2.0
3.815414086446639,0.5577177626883605,2.0,489.5474771820738,4.217747401493058,1.3220000000000012,0.022925967034833922,1.3220000000000012,0.0,0.022917651,2.0
3.81551566175261,0.5593681615747969,2.0,490.0197770853901,4.216825150707348,1.323000000000001,0.022925967053189868,1.323000000000001,0.0,0.022917651,2.0
3.8156169395419557,0.5610186973942338,2.0,490.4929643395842,4.215901572907815,1.3240000000000014,0.022925967071545823,1.3240000000000012,0.0,0.022917651,2.0
3.8157179168200375,0.5626693715249618,2.0,490.96704787623617,4.214976654737474,1.325000000000001,0.022925967089901775,1.325000000000001,0.0,0.022917651,2.0
3.8158185905518947,0.5643201853638327,2.0,491.4420367471968,4.2140503826594795,1.3260000000000012,0.02292596710825772,1.3260000000000012,0.0,0.022917651,2.0
3.8159189576615593,0.56597114032657,2.0,491.9179401266188,4.213122742954088,1.327000000000001,0.022925967126613676,1.327000000000001,0.0,0.022917651,2.0
3.8160190150313613,0.5676222378480923,2.0,492.39476731302926,4.212193721715557,1.3280000000000012,0.02292596714496962,1.3280000000000012,0.0,0.022917651,2.0
3.8161187595012223,0.5692734793828351,2.0,492.87252773144456,4.211263304848978,1.329000000000001,0.02292596716332557,1.329000000000001,0.0,0.022917651,2.0
3.816218187867928,0.5709248664050889,2.0,493.35123093552824,4.210331478067057,1.330000000000001,0.02292596718168152,1.3300000000000012,0.0,0.022917651,2.0
3.8163172891169195,0.572576376633825,2.0,493.83091412838417,4.209398219585186,1.331000000000001,0.022925967200037475,1.331000000000001,0.0,0.022917651,2.0
3.8164156499102906,0.5742267438509671,2.0,494.31306586478405,4.208463141910689,1.3320000000000014,0.022925967218393427,1.3320000000000012,0.0,0.022917651,2.0
3.816513698442657,0.5758772780360165,2.0,494.796192742949,4.20752664826659,1.3330000000000013,0.022925967236749376,1.333000000000001,0.0,0.022917651,2.0
3.8166114315092945,0.5775279809025603,2.0,495.2803047707263,4.206588724120845,1.3340000000000012,0.022925967255105324,1.3340000000000012,0.0,0.022917651,2.0
3.816708845861476,0.5791788541877129,2.0,495.7654120933794,4.205649354741867,1.335000000000001,0.02292596727346128,1.335000000000001,0.0,0.022917651,2.0
3.8168059382057127,0.5808298996525245,2.0,496.25152499595595,4.204708525195095,1.3360000000000014,0.02292596729181723,1.3360000000000012,0.0,0.022917651,2.0
3.8169027052029776,0.5824811190823918,2.0,496.73865390570296,4.2037662203394826,1.337000000000001,0.022925967310173177,1.337000000000001,0.0,0.022917651,2.0
3.816999143467922,0.584132514287483,2.0,497.22680939453306,4.202822424823922,1.3380000000000014,0.02292596732852913,1.3380000000000012,0.0,0.022917651,2.0
3.817095249568064,0.5857840871031665,2.0,497.7160021815419,4.2018771230835865,1.3390000000000009,0.022925967346885078,1.339000000000001,0.0,0.022917651,2.0
3.8171910200229693,0.5874358393904537,2.0,498.206243135579,4.200930299336196,1.3400000000000012,0.02292596736524103,1.3400000000000012,0.0,0.022917651,2.0
3.8172864513034086,0.5890877730364449,2.0,498.697543277871,4.199981937578209,1.341000000000001,0.02292596738359698,1.341000000000001,0.0,0.022917651,2.0
3.8173815398304978,0.5907398899547918,2.0,499.1899137847027,4.199032021580928,1.3420000000000014,0.022925967401952928,1.3420000000000012,0.0,0.022917651,2.0
3.8174762819748262,0.5923921920861626,2.0,499.68336599015254,4.19808053488653,1.343000000000001,0.02292596742030888,1.343000000000001,0.0,0.022917651,2.0
3.8175706740555584,0.5940446813987237,2.0,500.1779113888883,4.197127460804007,1.3440000000000012,0.022925967438664832,1.3440000000000012,0.0,0.022917651,2.0
3.817664712339521,0.5956973598886254,2.0,500.6735616390201,4.1961727824050215,1.345000000000001,0.02292596745702078,1.345000000000001,0.0,0.022917651,2.0
3.8177583930402683,0.5973502295805042,2.0,501.1703285650168,4.195216482519671,1.3460000000000012,0.02292596747537673,1.3460000000000012,0.0,0.022917651,2.0
3.817851101147195,0.5990031991115262,2.0,501.66970274495753,4.194256192676608,1.347000000000001,0.022925967493732678,1.347000000000001,0.0,0.022917651,2.0
3.817943142955593,0.6006563048650303,2.0,502.1709377500385,4.1932931014918005,1.3480000000000012,0.02292596751208863,1.3480000000000012,0.0,0.022917651,2.0
3.8180348105678186,0.6023095914995075,2.0,502.6733280059318,4.192328332600159,1.349000000000001,0.022925967530444583,1.349000000000001,0.0,0.022917651,2.0
3.818126099907864,0.6039630609852418,2.0,503.17688609644557,4.191361867726912,1.3500000000000012,0.02292596754880053,1.3500000000000012,0.0,0.022917651,2.0
3.8182170068403054,0.6056167153212355,2.0,503.6816247888158,4.1903936883309125,1.3510000000000013,0.022925967567156483,1.351000000000001,0.0,0.022917651,2.0
3.8183075271692184,0.6072705565357381,2.0,504.1875570370619,4.189423775599753,1.3520000000000014,0.022925967585512436,1.3520000000000012,0.0,0.022917651,2.0
3.8183976566370696,0.6089245866867791,2.0,504.69469598541366,4.188452110444796,1.3530000000000013,0.022925967603868384,1.353000000000001,0.0,0.022917651,2.0
3.818487390923577,0.6105788078627196,2.0,505.2030549718163,4.187478673496082,1.3540000000000014,0.022925967622224333,1.3540000000000012,0.0,0.022917651,2.0
3.8185767256445535,0.6122332221828114,2.0,505.7126475315118,4.186503445097128,1.355000000000001,0.022925967640580285,1.355000000000001,0.0,0.022917651,2.0
3.81866565635072,0.613887831797772,2.0,506.2234874007009,4.185526405299609,1.3560000000000012,0.022925967658936237,1.3560000000000012,0.0,0.022917651,2.0
3.8187541785264925,0.6155426388903679,2.0,506.73558852028594,4.184547533857925,1.3570000000000009,0.022925967677292186,1.357000000000001,0.0,0.022917651,2.0
3.8188422875887422,0.617197645676018,2.0,507.24896503969916,4.183566810223639,1.3580000000000014,0.022925967695648135,1.3580000000000012,0.0,0.022917651,2.0
3.818929978885527,0.6188528544034015,2.0,507.7636313208152,4.182584213539792,1.3590000000000013,0.022925967714004084,1.359000000000001,0.0,0.022917651,2.0
3.8190172088102265,0.620508226534966,2.0,508.2797107167365,4.181599607899082,1.3600000000000012,0.022925967732360036,1.3600000000000012,0.0,0.022917651,2.0
3.8191033141907846,0.6221630760266356,2.0,508.79905694798174,4.180611026391287,1.361000000000001,0.022925967750715988,1.361000000000001,0.0,0.022917651,2.0
3.819188985177198,0.6238181374797738,2.0,509.3197382615206,4.179620495367186,1.3620000000000014,0.022925967769071937,1.3620000000000012,0.0,0.022917651,2.0
3.8192742167196463,0.6254734133584251,2.0,509.84177017764387,4.178627992163712,1.3630000000000013,0.022925967787427885,1.363000000000001,0.0,0.022917651,2.0
3.8193590036897347,0.6271289061649771,2.0,510.3651684581424,4.177633493765152,1.3640000000000012,0.02292596780578384,1.3640000000000012,0.0,0.022917651,2.0
3.8194433408789576,0.628784618440906,2.0,510.88994911102253,4.176636976796267,1.365000000000001,0.02292596782413979,1.365000000000001,0.0,0.022917651,2.0
3.819527222997127,0.6304405527675452,2.0,511.416128395332,4.1756384175152395,1.3660000000000012,0.02292596784249574,1.3660000000000012,0.0,0.022917651,2.0
3.8196106446707687,0.6320967117668671,2.0,511.94372282610095,4.174637791806463,1.367000000000001,0.02292596786085169,1.367000000000001,0.0,0.022917651,2.0
3.8196936004414708,0.633753098102289,2.0,512.4727491793998,4.173635075173153,1.3680000000000012,0.02292596787920764,1.3680000000000012,0.0,0.022917651,2.0
3.8197760847642046,0.6354097144794927,2.0,513.0032244975163,4.172630242729789,1.3690000000000013,0.02292596789756359,1.369000000000001,0.0,0.022917651,2.0
3.8198580920055973,0.6370665636472683,2.0,513.5351660942588,4.171623269194371,1.3700000000000014,0.02292596791591954,1.3700000000000012,0.0,0.022917651,2.0
3.819939616442166,0.6387236483983734,2.0,514.0685915603833,4.170614128880491,1.371000000000001,0.02292596793427549,1.371000000000001,0.0,0.022917651,2.0
3.8200206522585063,0.6403809715704195,2.0,514.6035187691552,4.169602795689218,1.3720000000000014,0.022925967952631444,1.3720000000000012,0.0,0.022917651,2.0
3.8201008738848374,0.6420396493139745,2.0,515.1417935817586,4.168586851615083,1.3730000000000013,0.022925967970987393,1.373000000000001,0.0,0.022917651,2.0
3.8201804936255503,0.6436986927164202,2.0,515.6819893317648,4.167568134414675,1.3740000000000012,0.02292596798934334,1.3740000000000012,0.0,0.022917651,2.0
3.8202595673367514,0.6453578654825709,2.0,516.2237505659988,4.16654710371723,1.375000000000001,0.022925968007699294,1.375000000000001,0.0,0.022917651,2.0
3.820338088641502,0.647017169123233,2.0,516.7670955673495,4.165523732504009,1.3760000000000012,0.022925968026055243,1.3760000000000012,0.0,0.022917651,2.0
3.820416051063177,0.648676605172829,2.0,517.3120429045138,4.164497993333903,1.3770000000000011,0.022925968044411195,1.3770000000000011,0.0,0.022917651,2.0
3.8204934480235053,0.6503361751898639,2.0,517.8586114376023,4.163469858335144,1.3780000000000012,0.022925968062767144,1.3780000000000012,0.0,0.022917651,2.0
3.820570272840573,0.6519958807573963,2.0,518.4068203238799,4.162439299196829,1.3790000000000011,0.022925968081123092,1.3790000000000011,0.0,0.022917651,2.0
3.8206465187267704,0.6536557234835275,2.0,518.9566890236399,4.16140628716023,1.3800000000000012,0.022925968099479044,1.3800000000000012,0.0,0.022917651,2.0
3.8207221787866974,0.6553157050018947,2.0,519.5082373062204,4.160370793009912,1.3810000000000011,0.022925968117834997,1.3810000000000011,0.0,0.022917651,2.0
3.8207972460150117,0.6569758269721842,2.0,520.0614852561633,4.159332787064627,1.3820000000000012,0.022925968136190945,1.3820000000000012,0.0,0.022917651,2.0
3.8208717132942303,0.6586360910806478,2.0,520.6164532795209,4.158292239167989,1.3830000000000011,0.022925968154546894,1.3830000000000011,0.0,0.022917651,2.0
3.820945311374205,0.6602931804509513,2.0,521.1742160821094,4.157251388496061,1.3840000000000012,0.022925968172902846,1.3840000000000012,0.0,0.022917651,2.0
3.821018200051063,0.6619503553026433,2.0,521.7339625311371,4.156207614661893,1.3850000000000011,0.022925968191258795,1.3850000000000011,0.0,0.022917651,2.0
3.8210903949994117,0.6636080034111191,2.0,522.2956087801696,4.155160592667004,1.3860000000000012,0.022925968209614747,1.3860000000000012,0.0,0.022917651,2.0
3.8211618862307217,0.6652661315904834,2.0,522.8591821831463,4.154110275743316,1.3870000000000011,0.0229259682279707,1.3870000000000011,0.0,0.022917651,2.0
3.821232663563782,0.666924746786289,2.0,523.4247106216743,4.153056616220581,1.3880000000000012,0.022925968246326648,1.3880000000000012,0.0,0.022917651,2.0
3.8213027166200297,0.6685838560787183,2.0,523.9922225178121,4.151999565504517,1.3890000000000013,0.022925968264682597,1.3890000000000011,0.0,0.022917651,2.0
3.8213720348187477,0.6702434666858645,2.0,524.5617468472303,4.150939074054312,1.3900000000000015,0.02292596828303855,1.3900000000000012,0.0,0.022917651,2.0
3.8214406073721157,0.6719035859671036,2.0,525.1333131527554,4.149875091359468,1.3910000000000013,0.0229259683013945,1.3910000000000011,0.0,0.022917651,2.0
3.821508423280117,0.6735642214265697,2.0,525.7069515583148,4.148807565915952,1.3920000000000015,0.022925968319750453,1.3920000000000012,0.0,0.022917651,2.0
3.8215754713253025,0.6752253807167298,2.0,526.2826927832956,4.1477364452016525,1.3930000000000011,0.022925968338106402,1.3930000000000011,0.0,0.022917651,2.0
3.821641108086031,0.6768832909972842,2.0,526.8631584976974,4.1466629306518445,1.3940000000000012,0.02292596835646235,1.3940000000000012,0.0,0.022917651,2.0
3.8217060056860124,0.6785411375915296,2.0,527.4459316885132,4.145586523344472,1.3950000000000011,0.0229259683748183,1.3950000000000011,0.0,0.022917651,2.0
3.8217702047323514,0.6801991912942246,2.0,528.0308485381738,4.144507114745707,1.3960000000000012,0.02292596839317425,1.3960000000000012,0.0,0.022917651,2.0
3.8218336954947616,0.6818574549902212,2.0,528.6179389061101,4.1434246630499905,1.3970000000000014,0.0229259684115302,1.3970000000000011,0.0,0.022917651,2.0
3.8218964680614014,0.6835159316182015,2.0,529.2072332088976,4.14233912567172,1.3980000000000012,0.022925968429886152,1.3980000000000012,0.0,0.022917651,2.0
3.8219585123346156,0.6851746241719351,2.0,529.7987624333099,4.141250459226969,1.3990000000000011,0.0229259684482421,1.3990000000000011,0.0,0.022917651,2.0
3.822019818026567,0.6868335357015797,2.0,530.3925581497455,4.140158619514691,1.4000000000000015,0.022925968466598053,1.4000000000000012,0.0,0.022917651,2.0
3.8220904474858273,0.6883107773603722,2.0,530.912772331399,4.139263530567542,1.4010000000000011,0.022925968466323388,1.4010000000000011,0.0,0.022917651,2.0
3.8221594830993273,0.6897908838324976,2.0,531.4357407136746,4.138359198520283,1.4020000000000012,0.02292596846604872,1.4020000000000012,0.0,0.022917651,2.0
3.8222265909783,0.6912745409565547,2.0,531.9619363150996,4.1374436012387,1.403000000000001,0.022925968465774053,1.4030000000000011,0.0,0.022917651,2.0
3.822293037726614,0.6927588897869948,2.0,532.4896562420705,4.136524667897493,1.4040000000000015,0.022925968465499387,1.4040000000000012,0.0,0.022917651,2.0
3.822358817732145,0.6942439361954862,2.0,533.0189134340857,4.135602370177953,1.4050000000000011,0.022925968465224718,1.4050000000000011,0.0,0.022917651,2.0
3.822423925319074,0.6957296861203428,2.0,533.5497209775124,4.1346766794399334,1.406000000000001,0.022925968464950045,1.4060000000000012,0.0,0.022917651,2.0
3.822488354746975,0.6972161455674711,2.0,534.082092107674,4.133747566717294,1.407000000000001,0.022925968464675383,1.4070000000000011,0.0,0.022917651,2.0
3.8225513743188717,0.6987028173541766,2.0,534.6175891456128,4.132812604169503,1.4080000000000015,0.022925968464400724,1.4080000000000013,0.0,0.022917651,2.0
3.822612771314596,0.7001895730515154,2.0,535.1566575239692,4.131871069661583,1.4090000000000014,0.022925968464126055,1.4090000000000011,0.0,0.022917651,2.0
3.8226734670680704,0.7016770652296475,2.0,535.6973284866554,4.130925993633446,1.4100000000000013,0.02292596846385139,1.4100000000000013,0.0,0.022917651,2.0
3.822733455560931,0.7031653002093686,2.0,536.2396157877416,4.1299773456902376,1.4110000000000011,0.022925968463576724,1.4110000000000011,0.0,0.022917651,2.0
3.8227927307057477,0.7046542843840139,2.0,536.7835333391424,4.129025095088288,1.4120000000000015,0.022925968463302054,1.4120000000000013,0.0,0.022917651,2.0
3.8228512863450272,0.7061440242204984,2.0,537.3290952128848,4.128069210730094,1.4130000000000014,0.022925968463027385,1.4130000000000011,0.0,0.022917651,2.0
3.8229087880576875,0.7076357865123232,2.0,537.8796590275862,4.127107087840717,1.4140000000000013,0.02292596846275272,1.4140000000000013,0.0,0.022917651,2.0
3.8229654728885945,0.7091291242977311,2.0,538.4331935930096,4.126140121771479,1.415000000000001,0.022925968462478054,1.4150000000000011,0.0,0.022917651,2.0
3.823021457208169,0.7106236502725413,2.0,538.9885325348788,4.125169165417062,1.4160000000000013,0.022925968462203385,1.4160000000000013,0.0,0.022917651,2.0
3.823076734855887,0.7121193748860757,2.0,539.5456917214648,4.124194183685605,1.4170000000000011,0.022925968461928715,1.4170000000000011,0.0,0.022917651,2.0
3.8231312995987756,0.7136163087105446,2.0,540.1046872076538,4.123215141072558,1.4180000000000015,0.022925968461654053,1.4180000000000013,0.0,0.022917651,2.0
3.823184800977095,0.7151146313294054,2.0,540.6672036328212,4.122230456638123,1.4190000000000011,0.02292596846137939,1.4190000000000011,0.0,0.022917651,2.0
3.823236463492294,0.7166143778228934,2.0,541.23663915619,4.121236994310045,1.4200000000000013,0.022925968461104722,1.4200000000000013,0.0,0.022917651,2.0
3.8232872695639597,0.7181148579808223,2.0,541.8080037249053,4.120239372540925,1.4210000000000012,0.022925968460830053,1.4210000000000012,0.0,0.022917651,2.0
3.8233372111943904,0.7196160786543498,2.0,542.3813153529137,4.119237552488779,1.4220000000000015,0.02292596846055539,1.4220000000000013,0.0,0.022917651,2.0
3.823386280285994,0.7211180467802015,2.0,542.9565922791531,4.118231494826492,1.4230000000000014,0.02292596846028072,1.4230000000000012,0.0,0.022917651,2.0
3.823434404858428,0.7226202083746229,2.0,543.5339171496339,4.1172214656345325,1.4240000000000013,0.022925968460006052,1.4240000000000013,0.0,0.022917651,2.0
3.8234808103527502,0.7241157303866318,2.0,544.1141283554289,4.116211199973116,1.425000000000001,0.022925968459731386,1.4250000000000012,0.0,0.022917651,2.0
3.823526345548464,0.7256120709085168,2.0,544.6964251237346,4.115196634648635,1.4260000000000015,0.022925968459456717,1.4260000000000013,0.0,0.022917651,2.0
3.823571002245168,0.7271092376526971,2.0,545.2808271057904,4.11417772914746,1.4270000000000014,0.02292596845918205,1.4270000000000012,0.0,0.022917651,2.0
3.823614772139113,0.7286072384287922,2.0,545.8673542004983,4.113154442445372,1.4280000000000013,0.022925968458907386,1.4280000000000013,0.0,0.022917651,2.0
3.8236575877469754,0.7301060715426836,2.0,546.4561322632443,4.112126506153686,1.4290000000000012,0.02292596845863272,1.4290000000000012,0.0,0.022917651,2.0
3.8236975263886084,0.7316054303204574,2.0,547.0506180815837,4.111086531284011,1.430000000000001,0.022925968458358054,1.4300000000000013,0.0,0.022917651,2.0
3.823736569412906,0.7331056428229388,2.0,547.6472822794053,4.110042120139493,1.4310000000000012,0.02292596845808339,1.4310000000000012,0.0,0.022917651,2.0
3.8237747084241276,0.734606717053154,2.0,548.2461452773757,4.108993231133395,1.4320000000000013,0.022925968457808716,1.4320000000000013,0.0,0.022917651,2.0
3.8238119349212716,0.7361086611144717,2.0,548.8472277521986,4.107939822157563,1.4330000000000012,0.022925968457534054,1.4330000000000012,0.0,0.022917651,2.0
3.8238478701089766,0.7376112789149848,2.0,549.4513201527761,4.1068805751758175,1.4340000000000013,0.022925968457259388,1.4340000000000013,0.0,0.022917651,2.0
3.823881403007048,0.7391139802472609,2.0,550.0607201688775,4.105811639655723,1.4350000000000012,0.02292596845698472,1.4350000000000012,0.0,0.022917651,2.0
3.8239139829304833,0.7406175848915095,2.0,550.6724082253565,4.104737988953049,1.4360000000000015,0.022925968456710053,1.4360000000000013,0.0,0.022917651,2.0
3.8239456007717134,0.7421221014806727,2.0,551.2864061889908,4.103659578004843,1.4370000000000012,0.022925968456435387,1.4370000000000012,0.0,0.022917651,2.0
3.8239762473067462,0.7436275387580531,2.0,551.90273620609,4.102576361172097,1.4380000000000013,0.02292596845616072,1.4380000000000013,0.0,0.022917651,2.0
3.824005315860588,0.7451337020132889,2.0,552.5240290231505,4.1014861050400695,1.4390000000000014,0.022925968455886056,1.4390000000000012,0.0,0.022917651,2.0
3.8240330009403185,0.7466406730317907,2.0,553.1495752728113,4.100389506301775,1.4400000000000015,0.022925968455611387,1.4400000000000013,0.0,0.022917651,2.0
3.824059725919466,0.7481486087318471,2.0,553.7775514638158,4.099288102555288,1.4410000000000012,0.022925968455336718,1.4410000000000012,0.0,0.022917651,2.0
3.8240854820126375,0.7496575179407675,2.0,554.407979831318,4.09818184983243,1.4420000000000013,0.022925968455062052,1.4420000000000013,0.0,0.022917651,2.0
3.82411037802513,0.7511664335811266,2.0,555.0414381939519,4.097072149763487,1.4430000000000012,0.022925968454787386,1.4430000000000012,0.0,0.022917651,2.0
3.824135085653927,0.7526700047699156,2.0,555.681060382486,4.0959670361727945,1.4440000000000013,0.022925968454512724,1.4440000000000013,0.0,0.022917651,2.0
3.824158834490272,0.7541747756817466,2.0,556.3231991641612,4.094856887595885,1.4450000000000014,0.022925968454238055,1.4450000000000012,0.0,0.022917651,2.0
3.824181615667124,0.7556807574118183,2.0,556.9678778127658,4.0937416574685335,1.4460000000000015,0.02292596845396339,1.4460000000000013,0.0,0.022917651,2.0
3.8242034202077666,0.7571879611925646,2.0,557.6151198899603,4.092621298650569,1.4470000000000014,0.02292596845368872,1.4470000000000012,0.0,0.022917651,2.0
3.824221848467858,0.7586986544543006,2.0,558.2678139421703,4.091483951779771,1.4480000000000013,0.022925968453414054,1.4480000000000013,0.0,0.022917651,2.0
3.8242384429626166,0.7602112985992466,2.0,558.9241691839486,4.0903373214205905,1.4490000000000012,0.022925968453139385,1.4490000000000012,0.0,0.022917651,2.0
3.8242540541016035,0.7617250799353554,2.0,559.5831860832035,4.08918562054956,1.4500000000000013,0.022925968452864723,1.4500000000000013,0.0,0.022917651,2.0
3.8242686733464075,0.7632400083367801,2.0,560.2448877509258,4.088028805139768,1.4510000000000012,0.022925968452590054,1.4510000000000012,0.0,0.022917651,2.0
3.8242823815821265,0.7647552934302759,2.0,560.9113008110216,4.086867986447255,1.4520000000000013,0.022925968452315384,1.4520000000000013,0.0,0.022917651,2.0
3.8242951012703963,0.766271037942432,2.0,561.5819428272613,4.085702752254184,1.4530000000000012,0.02292596845204072,1.4530000000000012,0.0,0.022917651,2.0
3.8243067419650565,0.7677878291494715,2.0,562.2553180787796,4.0845321555162,1.4540000000000013,0.022925968451766053,1.4540000000000013,0.0,0.022917651,2.0
3.8243172935739116,0.769305676841489,2.0,562.9314521304602,4.083356146075591,1.4550000000000012,0.022925968451491387,1.4550000000000012,0.0,0.022917651,2.0
3.8243250022647373,0.770824988674807,2.0,563.6128342218768,4.082167299696726,1.4560000000000013,0.02292596845121672,1.4560000000000013,0.0,0.022917651,2.0
3.824329865301776,0.7723458685568868,2.0,564.2995506358219,4.080965501301799,1.4570000000000012,0.022925968450942052,1.4570000000000012,0.0,0.022917651,2.0
3.82433365176885,0.7738679533679148,2.0,564.989137629018,4.0797581915430206,1.4580000000000013,0.022925968450667383,1.4580000000000013,0.0,0.022917651,2.0
3.8243363521620912,0.7753912537449009,2.0,565.6816205426956,4.078545321766542,1.4590000000000012,0.02292596845039272,1.4590000000000012,0.0,0.022917651,2.0
3.824337283503109,0.7769142567849979,2.0,566.3789640196505,4.077325676444098,1.4600000000000015,0.022925968450118052,1.4600000000000013,0.0,0.022917651,2.0
3.8243366422170566,0.7784375298892479,2.0,567.0804196585692,4.07609947261716,1.4610000000000014,0.022925968449843386,1.4610000000000012,0.0,0.022917651,2.0
3.824334816185088,0.7799620080450518,2.0,567.7848241249837,4.074867324714151,1.4620000000000013,0.02292596844956872,1.4620000000000013,0.0,0.022917651,2.0
3.8243317940962345,0.7814877027572386,2.0,568.4922055718448,4.073629175985982,1.4630000000000012,0.02292596844929405,1.4630000000000012,0.0,0.022917651,2.0
3.8243270643306158,0.7830138994142973,2.0,569.2055931585235,4.0723836939697176,1.4640000000000015,0.022925968449019386,1.4640000000000013,0.0,0.022917651,2.0
3.8243209882768427,0.784541226626457,2.0,569.9225127924527,4.071131696107789,1.4650000000000014,0.02292596844874472,1.4650000000000012,0.0,0.022917651,2.0
3.824313633470921,0.7860698193315557,2.0,570.6424930302321,4.069873317705663,1.4660000000000013,0.02292596844847005,1.4660000000000013,0.0,0.022917651,2.0
3.8243046555430062,0.787599393338168,2.0,571.3664433826497,4.068607464921752,1.4670000000000012,0.02292596844819539,1.4670000000000012,0.0,0.022917651,2.0
3.824293047342297,0.7891290393989563,2.0,572.0971220225915,4.067331016819961,1.4680000000000013,0.02292596844792072,1.4680000000000013,0.0,0.022917651,2.0
3.8242801852199966,0.7906599930847189,2.0,572.8309401917653,4.0660482456067495,1.4690000000000012,0.022925968447646054,1.4690000000000012,0.0,0.022917651,2.0
3.8242660572750102,0.7921922668062529,2.0,573.56792768775,4.064759091268849,1.4700000000000013,0.022925968447371388,1.4700000000000013,0.0,0.022917651,2.0
3.8242495567765595,0.793724551788937,2.0,574.3103846448927,4.063460436586389,1.4710000000000012,0.02292596844709672,1.4710000000000012,0.0,0.022917651,2.0
3.8242311519209187,0.7952574927432555,2.0,575.0572661265583,4.062153508890475,1.472000000000001,0.022925968446822056,1.4720000000000013,0.0,0.022917651,2.0
3.8242113988516593,0.7967918010330414,2.0,575.8074069871753,4.060839820837741,1.4730000000000014,0.022925968446547384,1.4730000000000012,0.0,0.022917651,2.0
3.8241897505225255,0.7983271478261605,2.0,576.5617088349858,4.059517512641423,1.4740000000000015,0.022925968446272718,1.4740000000000013,0.0,0.022917651,2.0
3.8241648915984348,0.7998627107712909,2.0,577.3223162642892,4.058182144425114,1.4750000000000014,0.022925968445998052,1.4750000000000012,0.0,0.022917651,2.0
3.824138641984549,0.8013996796249683,2.0,578.0862701951764,4.056839807644941,1.4760000000000013,0.022925968445723383,1.4760000000000013,0.0,0.022917651,2.0
3.824110987929665,0.8029380682888788,2.0,578.8536037180063,4.0554904333954305,1.4770000000000012,0.02292596844544872,1.4770000000000012,0.0,0.022917651,2.0
3.824079969012972,0.8044762506463516,2.0,579.6275369528464,4.054127809606545,1.4780000000000013,0.022925968445174055,1.4780000000000013,0.0,0.022917651,2.0
3.824047319975741,0.8060157414158111,2.0,580.4052166808641,4.052757357138309,1.4790000000000012,0.022925968444899386,1.4790000000000012,0.0,0.022917651,2.0
3.824013202160273,0.8075567046541875,2.0,581.1863885408019,4.051379556975238,1.480000000000001,0.02292596844462472,1.4800000000000013,0.0,0.022917651,2.0
3.823976168078285,0.8090975586482149,2.0,581.9737583341109,4.049990198730911,1.481000000000001,0.022925968444350055,1.4810000000000012,0.0,0.022917651,2.0
3.8239370428753245,0.8106393619538889,2.0,582.765739341453,4.048591525855378,1.4820000000000015,0.022925968444075386,1.4820000000000013,0.0,0.022917651,2.0
3.823896374722273,0.8121827770785424,2.0,583.5613077509743,4.047185069397107,1.4830000000000012,0.022925968443800716,1.4830000000000012,0.0,0.022917651,2.0
3.823856935774271,0.8137418569321813,2.0,584.3723517351366,4.045767863949433,1.4840000000000013,0.022925968443526054,1.4840000000000013,0.0,0.022917651,2.0
3.823817775309785,0.8153122619301456,2.0,585.1948321242505,4.0443404464492065,1.4850000000000012,0.022925968443251385,1.4850000000000012,0.0,0.022917651,2.0
3.8237771613327687,0.8168854584088805,2.0,586.02146791608,4.042904423229849,1.486000000000001,0.02292596844297672,1.4860000000000013,0.0,0.022917651,2.0
3.8237325442245624,0.8184512222520611,2.0,586.8580803284957,4.04145982274524,1.4870000000000012,0.022925968442702054,1.4870000000000012,0.0,0.022917651,2.0
3.823684280346053,0.8200102011254922,2.0,587.704015790664,4.040007422676011,1.4880000000000013,0.022925968442427388,1.4880000000000013,0.0,0.022917651,2.0
3.8236345571744783,0.8215710511360518,2.0,588.5543422976908,4.038547314477233,1.4890000000000012,0.022925968442152722,1.4890000000000012,0.0,0.022917651,2.0
3.823580498520342,0.8231199908593028,2.0,589.4118445346851,4.037081774985617,1.490000000000001,0.022925968441878053,1.4900000000000013,0.0,0.022917651,2.0
3.823522734300566,0.8246593841909805,2.0,590.2756237563804,4.035610959848657,1.491000000000001,0.022925968441603384,1.4910000000000012,0.0,0.022917651,2.0
3.8234633720197855,0.8261992581907363,2.0,591.1435961349683,4.034133271877094,1.4920000000000015,0.022925968441328718,1.4920000000000013,0.0,0.022917651,2.0
3.823403501107853,0.8277621631747849,2.0,592.0195381399968,4.032630518099604,1.4930000000000012,0.022925968441054052,1.4930000000000012,0.0,0.022917651,2.0
3.823342612303033,0.8293356820039464,2.0,592.9010324308057,4.031113078756476,1.4940000000000013,0.022925968440779387,1.4940000000000013,0.0,0.022917651,2.0
3.8232802734878466,0.8309108571242079,2.0,593.7865581685438,4.029588183071079,1.4950000000000012,0.02292596844050472,1.4950000000000012,0.0,0.022917651,2.0
3.8232118940765534,0.8324570072525346,2.0,594.6789577556071,4.028068144268362,1.4960000000000013,0.022925968440230055,1.4960000000000013,0.0,0.022917651,2.0
3.8231414333757905,0.8340015032756577,2.0,595.5758116139529,4.026541433864959,1.4970000000000012,0.02292596843995539,1.4970000000000012,0.0,0.022917651,2.0
3.8230690852874454,0.8355482069816719,2.0,596.477513394843,4.025004968106718,1.4980000000000013,0.02292596843968072,1.4980000000000013,0.0,0.022917651,2.0
3.822993626065878,0.8370991763585656,2.0,597.3866886548393,4.023451800939012,1.4990000000000012,0.022925968439406055,1.4990000000000012,0.0,0.022917651,2.0
3.8229162978441815,0.8386519041306357,2.0,598.3002668326869,4.021889399494808,1.5000000000000016,0.02292596843913139,1.5000000000000013,0.0,0.022917651,2.0
3.8229013923555786,0.840053584363437,2.0,599.0906114962836,4.0207083861275095,1.5010000000000012,0.022925968439406055,1.5010000000000012,0.0,0.022917651,2.0
3.8228837570363474,0.841455103910271,2.0,599.8857817027574,4.019516607194129,1.5020000000000013,0.02292596843968072,1.5020000000000013,0.0,0.022917651,2.0
3.8228648536347665,0.8428571974017436,2.0,600.6831335756931,4.018319182142389,1.5030000000000012,0.02292596843995539,1.5030000000000012,0.0,0.022917651,2.0
3.822844669590571,0.8442598705227367,2.0,601.4826887243414,4.017116055047891,1.5040000000000013,0.022925968440230055,1.5040000000000013,0.0,0.022917651,2.0
3.8228224470357626,0.8456621133652289,2.0,602.2858110783769,4.015905206404902,1.5050000000000012,0.022925968440504717,1.5050000000000012,0.0,0.022917651,2.0
3.8227980374175203,0.847063665484296,2.0,603.0930175802885,4.014686302923471,1.5060000000000011,0.022925968440779383,1.5060000000000013,0.0,0.022917651,2.0
3.8227724225769077,0.848465853716472,2.0,603.9026396063714,4.013461942430826,1.5070000000000012,0.02292596844105405,1.5070000000000012,0.0,0.022917651,2.0
3.8227455919781357,0.8498686836225178,2.0,604.7146982726046,4.012232077222982,1.5080000000000016,0.02292596844132872,1.5080000000000013,0.0,0.022917651,2.0
3.8227162567482926,0.8512711149449429,2.0,605.5310440979542,4.010992588865101,1.5090000000000015,0.022925968441603387,1.5090000000000012,0.0,0.022917651,2.0
3.822685210126945,0.8526738057079097,2.0,606.3505511906923,4.009745994366759,1.5100000000000016,0.022925968441878056,1.5100000000000013,0.0,0.022917651,2.0
3.8226529111566223,0.8540771451525119,2.0,607.1725693506028,4.0084937418436475,1.5110000000000012,0.022925968442152722,1.5110000000000012,0.0,0.022917651,2.0
3.82261906770652,0.855480804315207,2.0,607.9974904804046,4.007234993000319,1.5120000000000013,0.022925968442427388,1.5120000000000013,0.0,0.022917651,2.0
3.8225822479474143,0.8568831053448543,2.0,608.8271940256184,4.005965704685201,1.5130000000000012,0.022925968442702054,1.5130000000000012,0.0,0.022917651,2.0
3.822544130493439,0.8582860708266713,2.0,609.6594700786346,4.004690561119918,1.5140000000000013,0.02292596844297672,1.5140000000000013,0.0,0.022917651,2.0
3.8225047039161564,0.859689706612303,2.0,610.4943412948135,4.003409510738915,1.5150000000000012,0.022925968443251385,1.5150000000000012,0.0,0.022917651,2.0
3.822462558332514,0.8610928224048183,2.0,611.3333435208827,4.002118102179745,1.5160000000000013,0.022925968443526054,1.5160000000000013,0.0,0.022917651,2.0
3.8224183555946234,0.862496038437126,2.0,612.17572408167,4.000818363578711,1.5170000000000012,0.022925968443800716,1.5170000000000012,0.0,0.022917651,2.0
3.8223727742596845,0.8638999596184025,2.0,613.0207498034056,3.9995124052924416,1.5180000000000016,0.022925968444075386,1.5180000000000013,0.0,0.022917651,2.0
3.822326531673339,0.8653056559572055,2.0,613.8699888335633,3.998202026625497,1.5190000000000012,0.022925968444350058,1.5190000000000012,0.0,0.022917651,2.0
3.8222805172335015,0.8667144278451325,2.0,614.7253884879384,3.9968894848994423,1.5200000000000016,0.022925968444624724,1.5200000000000014,0.0,0.022917651,2.0
3.822233022120558,0.8681238005694178,2.0,615.5833962850554,3.9955704198182955,1.5210000000000012,0.022925968444899386,1.5210000000000012,0.0,0.022917651,2.0
3.8221840317489937,0.8695337800486593,2.0,616.4440379166788,3.994244767123114,1.5220000000000014,0.02292596844517406,1.5220000000000014,0.0,0.022917651,2.0
3.8221321514719886,0.8709455794303178,2.0,617.3266897928228,3.992905735972807,1.5230000000000015,0.02292596844544872,1.5230000000000012,0.0,0.022917651,2.0
3.8220786959868387,0.8723580149221155,2.0,618.212386104816,3.9915597679519217,1.5240000000000014,0.022925968445723387,1.5240000000000014,0.0,0.022917651,2.0
3.8220236967697336,0.8737710512434129,2.0,619.1004922815389,3.99020702421388,1.5250000000000015,0.022925968445998056,1.5250000000000012,0.0,0.022917651,2.0
3.8219662369178935,0.8751750386998304,2.0,619.9930665414582,3.9888534841457566,1.5260000000000016,0.022925968446272718,1.5260000000000014,0.0,0.022917651,2.0
3.821906847951462,0.8765762524083113,2.0,620.8888401242846,3.987495000286591,1.5270000000000012,0.022925968446547387,1.5270000000000012,0.0,0.022917651,2.0
3.8218458412080176,0.8779782734954005,2.0,621.7870896066277,3.9861292378297613,1.5280000000000014,0.022925968446822053,1.5280000000000014,0.0,0.022917651,2.0
3.821782242478512,0.8793805491964317,2.0,622.6893239819203,3.984752850199856,1.529000000000001,0.02292596844709672,1.5290000000000012,0.0,0.022917651,2.0
3.8217162561153004,0.8807832155456853,2.0,623.5951963298578,3.9833665195710948,1.5300000000000014,0.022925968447371384,1.5300000000000014,0.0,0.022917651,2.0
3.821648580807967,0.8821866999950354,2.0,624.503615329612,3.981972615183004,1.5310000000000015,0.022925968447646057,1.5310000000000012,0.0,0.022917651,2.0
3.8215780821779664,0.8835898639396452,2.0,625.4160964448074,3.9805677433556954,1.5320000000000011,0.02292596844792072,1.5320000000000014,0.0,0.022917651,2.0
3.821504774238664,0.8849927522276841,2.0,626.3326471918597,3.979151915049258,1.5330000000000008,0.02292596844819539,1.5330000000000013,0.0,0.022917651,2.0
3.821429739689312,0.8863965050287029,2.0,627.2518350467361,3.9777283157073624,1.5340000000000014,0.02292596844847005,1.5340000000000014,0.0,0.022917651,2.0
3.821353374996552,0.8878003101586379,2.0,628.176114323833,3.9762993420256905,1.5350000000000013,0.02292596844874472,1.5350000000000013,0.0,0.022917651,2.0
3.8212757597712192,0.889204283949109,2.0,629.1052578286112,3.9748651963360633,1.5360000000000014,0.022925968449019386,1.5360000000000014,0.0,0.022917651,2.0
3.821196565055835,0.8906091488393886,2.0,630.0371976992484,3.973423841560485,1.5370000000000013,0.02292596844929405,1.5370000000000013,0.0,0.022917651,2.0
3.8211147680434654,0.892016139309614,2.0,630.9769567200688,3.9719699489468088,1.5380000000000014,0.02292596844956872,1.5380000000000014,0.0,0.022917651,2.0
3.8210307543771362,0.8934250766571876,2.0,631.9229809893321,3.9705052409716735,1.5390000000000013,0.022925968449843386,1.5390000000000013,0.0,0.022917651,2.0
3.8209451730243007,0.8948352387017121,2.0,632.8721131503389,3.969033037683891,1.5400000000000014,0.022925968450118052,1.5400000000000014,0.0,0.022917651,2.0
3.820855297716041,0.8962401398332942,2.0,633.8312217787341,3.9675489216264457,1.5410000000000015,0.02292596845039272,1.5410000000000013,0.0,0.022917651,2.0
3.8207628554350683,0.8976438425999106,2.0,634.7960507127802,3.9660557365046123,1.5420000000000014,0.022925968450667383,1.5420000000000014,0.0,0.022917651,2.0
3.8206687021251513,0.8990484248985137,2.0,635.7644494147602,3.9645548274952227,1.5430000000000017,0.022925968450942052,1.5430000000000013,0.0,0.022917651,2.0
3.820570770625541,0.9004472799495804,2.0,636.7396528106386,3.96304453660525,1.5440000000000016,0.02292596845121672,1.5440000000000014,0.0,0.022917651,2.0
3.8204710532569517,0.9018470067889338,2.0,637.7185007189715,3.9615262303898366,1.5450000000000015,0.02292596845149139,1.5450000000000013,0.0,0.022917651,2.0
3.8203689183131324,0.9032475163790503,2.0,638.7019493866487,3.9599974698792457,1.5460000000000014,0.022925968451766057,1.5460000000000014,0.0,0.022917651,2.0
3.820263512080619,0.9046485827080455,2.0,639.6913451201535,3.9584550648751655,1.5470000000000015,0.02292596845204072,1.5470000000000013,0.0,0.022917651,2.0
3.820156333197815,0.9060505673024267,2.0,640.6844766192671,3.956904651243981,1.5480000000000014,0.022925968452315384,1.5480000000000014,0.0,0.022917651,2.0
3.820045664007495,0.9074520162878881,2.0,641.6829706459431,3.955340814203499,1.5490000000000013,0.022925968452590054,1.5490000000000013,0.0,0.022917651,2.0
3.8199323245953662,0.9088536559568178,2.0,642.6860443175534,3.9537661065851433,1.5500000000000016,0.022925968452864723,1.5500000000000014,0.0,0.022917651,2.0
3.819817631142382,0.9102567540203778,2.0,643.6937174890735,3.9521845241573748,1.5510000000000013,0.022925968453139385,1.5510000000000013,0.0,0.022917651,2.0
3.819704881079726,0.9116649121862497,2.0,644.7111625765751,3.950605653389384,1.5520000000000014,0.022925968453414054,1.5520000000000014,0.0,0.022917651,2.0
3.8195900256290045,0.9130737555387057,2.0,645.7323546425993,3.9490176759627627,1.5530000000000013,0.02292596845368872,1.5530000000000013,0.0,0.022917651,2.0
3.819471199457564,0.9144743772780942,2.0,646.7655215503872,3.9474220337361356,1.5540000000000014,0.022925968453963386,1.5540000000000014,0.0,0.022917651,2.0
3.819348728669352,0.9158688464316319,2.0,647.8088388879794,3.945817962651958,1.5550000000000015,0.022925968454238055,1.5550000000000013,0.0,0.022917651,2.0
3.819223903618662,0.9172645195669576,2.0,648.8557875655501,3.9442032712147364,1.5560000000000016,0.02292596845451272,1.5560000000000014,0.0,0.022917651,2.0
3.819094149291518,0.9186610728270295,2.0,649.9091240368375,3.9425679935860805,1.5570000000000013,0.022925968454787386,1.5570000000000013,0.0,0.022917651,2.0
3.8189621871647796,0.9200587103146677,2.0,650.9659703699876,3.9409228004879253,1.5580000000000014,0.022925968455062052,1.5580000000000014,0.0,0.022917651,2.0
3.818829593862506,0.921460399877268,2.0,652.0299470580605,3.9392710250576757,1.5590000000000013,0.022925968455336718,1.5590000000000013,0.0,0.022917651,2.0
3.818695877684694,0.9228649879603631,2.0,653.0994587496999,3.9376118566047342,1.5600000000000014,0.022925968455611387,1.5600000000000014,0.0,0.022917651,2.0
3.818559325752324,0.9242674062030919,2.0,654.1730893434587,3.9359435152972018,1.561000000000001,0.022925968455886056,1.5610000000000013,0.0,0.022917651,2.0
3.818418104875427,0.9256603021162784,2.0,655.2518443615545,3.934266021681109,1.5620000000000016,0.02292596845616072,1.5620000000000014,0.0,0.022917651,2.0
3.8182748496553267,0.9270541448599371,2.0,656.3342719437791,3.932579444083403,1.5630000000000013,0.022925968456435387,1.5630000000000013,0.0,0.022917651,2.0
3.8181278834258876,0.928445721468677,2.0,657.4231002958346,3.930880287813718,1.5640000000000016,0.022925968456710053,1.5640000000000014,0.0,0.022917651,2.0
3.817978708867674,0.929837916049302,2.0,658.5159233717968,3.929171680029292,1.5650000000000015,0.02292596845698472,1.5650000000000013,0.0,0.022917651,2.0
3.8178269848697814,0.9312301784123893,2.0,659.6299882075635,3.9274528134254276,1.5660000000000014,0.022925968457259388,1.5660000000000014,0.0,0.022917651,2.0
3.817672944706972,0.9326228932181719,2.0,660.759160381568,3.925724233862072,1.5670000000000013,0.022925968457534054,1.5670000000000013,0.0,0.022917651,2.0
3.817515658408419,0.9340153078300416,2.0,661.8947269759159,3.9239829646361857,1.5680000000000014,0.02292596845780872,1.5680000000000014,0.0,0.022917651,2.0
3.8173542115873804,0.935406504067088,2.0,663.03799722748,3.922226262592641,1.5690000000000015,0.02292596845808339,1.5690000000000013,0.0,0.022917651,2.0
3.8171902837366205,0.9367981051786333,2.0,664.1864827492785,3.9204592328471706,1.5700000000000012,0.022925968458358054,1.5700000000000014,0.0,0.022917651,2.0
3.8170222906207245,0.9381876918960386,2.0,665.3418520621073,3.9186779625320294,1.5710000000000015,0.02292596845863272,1.5710000000000013,0.0,0.022917651,2.0
3.816852092143986,0.9395783321672654,2.0,666.5021479262217,3.9168868168890936,1.5720000000000012,0.02292596845890739,1.5720000000000014,0.0,0.022917651,2.0
3.8166762924501336,0.940971436413057,2.0,667.6700202839436,3.915070798853859,1.5730000000000015,0.02292596845918205,1.5730000000000013,0.0,0.022917651,2.0
3.8164980900414927,0.9423657476169843,2.0,668.8429591093302,3.9132439630487115,1.5740000000000016,0.022925968459456717,1.5740000000000014,0.0,0.022917651,2.0
3.8163159264834325,0.9437487360001022,2.0,670.0243692433332,3.9114126057717855,1.5750000000000013,0.022925968459731383,1.5750000000000013,0.0,0.022917651,2.0
3.816130888642682,0.9451312345772623,2.0,671.2111311520322,3.90957024115476,1.5760000000000012,0.022925968460006052,1.5760000000000014,0.0,0.022917651,2.0
3.8159391512019316,0.9465095109954605,2.0,672.413630867263,3.9077053012544494,1.5770000000000015,0.02292596846028072,1.5770000000000013,0.0,0.022917651,2.0
3.815744162835309,0.9478877108350968,2.0,673.6224326270401,3.9058274346709982,1.5780000000000014,0.022925968460555387,1.5780000000000014,0.0,0.022917651,2.0
3.8155533612000925,0.9492627400851151,2.0,674.8395714381581,3.9039694854342484,1.5790000000000015,0.022925968460830053,1.5790000000000013,0.0,0.022917651,2.0
3.81536133880116,0.9506380268076091,2.0,676.0618359331473,3.9021063954537643,1.5800000000000016,0.022925968461104722,1.5800000000000014,0.0,0.022917651,2.0
3.8151650597864117,0.9520107180874743,2.0,677.2908347653959,3.900228882128791,1.5810000000000013,0.022925968461379384,1.5810000000000013,0.0,0.022917651,2.0
3.81496597595774,0.9533836094125719,2.0,678.5248390064627,3.898339951235931,1.5820000000000014,0.022925968461654053,1.5820000000000014,0.0,0.022917651,2.0
3.8147657741042313,0.9547550453027114,2.0,679.7664174983875,3.896447995591402,1.5830000000000015,0.02292596846192872,1.5830000000000013,0.0,0.022917651,2.0
3.8145635530477455,0.9561269607653404,2.0,681.0131755139876,3.8945474821801978,1.5840000000000014,0.022925968462203385,1.5840000000000014,0.0,0.022917651,2.0
3.8143555281074404,0.95749887040343,2.0,682.2744449875212,3.892623760479843,1.5850000000000013,0.022925968462478054,1.5850000000000013,0.0,0.022917651,2.0
3.8141445106356384,0.9588716376592699,2.0,683.5423236144528,3.8906872109705337,1.5860000000000012,0.02292596846275272,1.5860000000000014,0.0,0.022917651,2.0
3.8139244337365277,0.9602386475018436,2.0,684.8470186941278,3.888720184663045,1.5870000000000013,0.02292596846302739,1.5870000000000013,0.0,0.022917651,2.0
3.8137011507371663,0.9616053889153422,2.0,686.1607298820055,3.886740602326552,1.5880000000000014,0.022925968463302054,1.5880000000000014,0.0,0.022917651,2.0
3.813472793039194,0.9629607246973293,2.0,687.4839777611908,3.88475211696669,1.5890000000000013,0.02292596846357672,1.5890000000000013,0.0,0.022917651,2.0
3.813241447187033,0.9643158588625289,2.0,688.8139024425221,3.8827518829461454,1.5900000000000014,0.02292596846385139,1.5900000000000014,0.0,0.022917651,2.0
3.813005497637905,0.9656672518001238,2.0,690.1526030787575,3.8807369839624855,1.591000000000001,0.022925968464126055,1.5910000000000013,0.0,0.022917651,2.0
3.8127648689262528,0.9670185115567388,2.0,691.4994187003608,3.8787034975300028,1.5920000000000014,0.02292596846440072,1.5920000000000014,0.0,0.022917651,2.0
3.8125187228001156,0.9683690688944541,2.0,692.8550002469204,3.8766486377243545,1.5930000000000013,0.022925968464675386,1.5930000000000013,0.0,0.022917651,2.0
3.8122719990727685,0.9697188027794733,2.0,694.2197344701675,3.8745922974891753,1.5940000000000014,0.02292596846495005,1.5940000000000014,0.0,0.022917651,2.0
3.812023407309946,0.9710684608424281,2.0,695.5918338256754,3.8725285647643934,1.5950000000000013,0.022925968465224718,1.5950000000000013,0.0,0.022917651,2.0
3.811776399064952,0.9724157452284641,2.0,696.9732820673722,3.8704735225813742,1.5960000000000016,0.022925968465499387,1.5960000000000014,0.0,0.022917651,2.0
3.8115279286193253,0.9737628935119518,2.0,698.3607256582441,3.86841276819847,1.5970000000000013,0.022925968465774053,1.5970000000000013,0.0,0.022917651,2.0
3.8112787141634357,0.975105814148943,2.0,699.755650392708,3.8663532892383703,1.5980000000000014,0.02292596846604872,1.5980000000000014,0.0,0.022917651,2.0
3.811026398715218,0.9764484698456981,2.0,701.1567195347997,3.864281664866161,1.5990000000000013,0.022925968466323384,1.5990000000000013,0.0,0.022917651,2.0
3.810770414068662,0.9777895883247723,2.0,702.5646410760036,3.8621968886440814,1.6000000000000014,0.022925968466598053,1.6000000000000014,0.0,0.022917651,2.0
3.8105992933453146,0.9790318148758821,2.0,703.6809754340075,3.860533464160068,1.6010000000000013,0.022925968409058202,1.6010000000000013,0.0,0.022917651,2.0
3.810424080500823,0.980273095639879,2.0,704.8149804200665,3.8588546169724425,1.6020000000000019,0.02292596835151835,1.6020000000000014,0.0,0.022917651,2.0
3.8102468020298774,0.9815146259935693,2.0,705.9524099536783,3.857167257814616,1.6030000000000015,0.022925968293978503,1.6030000000000013,0.0,0.022917651,2.0
3.8100628651663655,0.9827492918978481,2.0,707.1120574636877,3.8554601339188905,1.6040000000000016,0.022925968236438648,1.6040000000000014,0.0,0.022917651,2.0
3.809876882090665,0.9839843527873519,2.0,708.2747924894021,3.853744430191958,1.6050000000000013,0.022925968178898793,1.6050000000000013,0.0,0.022917651,2.0
3.809688259690011,0.9852164278905138,2.0,709.4420871507812,3.852021158799961,1.6060000000000012,0.02292596812135894,1.6060000000000014,0.0,0.022917651,2.0
3.8094972923853443,0.9864471207628782,2.0,710.6133136244129,3.85028989187088,1.6070000000000013,0.02292596806381909,1.6070000000000013,0.0,0.022917651,2.0
3.809303669104566,0.9876769120659458,2.0,711.7891416327554,3.848548900931027,1.6080000000000014,0.022925968006279246,1.6080000000000014,0.0,0.022917651,2.0
3.8091068692220853,0.9889044218768582,2.0,712.9715621107167,3.846797482029157,1.6090000000000015,0.02292596794873939,1.6090000000000013,0.0,0.022917651,2.0
3.808908105771153,0.9901323034920819,2.0,714.1580696119004,3.845037837096079,1.6100000000000014,0.02292596789119954,1.6100000000000014,0.0,0.022917651,2.0
3.808705129997928,0.9913587884286879,2.0,715.3515918384013,3.843262741770919,1.6110000000000013,0.02292596783365969,1.6110000000000013,0.0,0.022917651,2.0
3.8085002264642727,0.9925856547572491,2.0,716.5494489914026,3.8414795541043887,1.6120000000000012,0.02292596777611983,1.6120000000000014,0.0,0.022917651,2.0
3.808302332533452,0.9938114964545128,2.0,717.753539783848,3.8397254184297633,1.6130000000000013,0.022925967718579982,1.6130000000000013,0.0,0.022917651,2.0
3.8081046451582754,0.9950373216266872,2.0,718.9623050461034,3.837972122709306,1.6140000000000017,0.02292596766104013,1.6140000000000014,0.0,0.022917651,2.0
3.807900996664528,0.9962622983211805,2.0,720.1762010528589,3.836195841542671,1.615000000000001,0.02292596760350028,1.6150000000000013,0.0,0.022917651,2.0
3.807691072167986,0.9974863222797777,2.0,721.3954575367128,3.8343954204986215,1.6160000000000017,0.022925967545960428,1.6160000000000014,0.0,0.022917651,2.0
3.8074801682104673,0.9987101892338076,2.0,722.6195705180758,3.83259123297857,1.6170000000000013,0.022925967488420573,1.6170000000000013,0.0,0.022917651,2.0
3.8072703491919766,0.9999328446827923,2.0,723.8494246095819,3.83079258024155,1.6180000000000017,0.022925967430880725,1.6180000000000014,0.0,0.022917651,2.0
3.807058386652777,1.001155865564081,2.0,725.0837705381537,3.8289849881840756,1.6190000000000015,0.022925967373340878,1.6190000000000013,0.0,0.022917651,2.0
3.80684391315796,1.0023780221561538,2.0,726.3420719802448,3.8271682338756565,1.6200000000000019,0.022925967315801026,1.6200000000000014,0.0,0.022917651,2.0
3.8066272485408073,1.0036005486528918,2.0,727.6044742544043,3.8253423453406996,1.6210000000000016,0.022925967258261175,1.6210000000000013,0.0,0.022917651,2.0
3.806406281971831,1.0048186590687727,2.0,728.8887956101717,3.823503656399015,1.6220000000000017,0.022925967200721317,1.6220000000000014,0.0,0.022917651,2.0
3.806182556929461,1.0060359830273715,2.0,730.181608153924,3.821654717640442,1.6230000000000013,0.022925967143181465,1.6230000000000013,0.0,0.022917651,2.0
3.8059562449208424,1.0072518048641839,2.0,731.4837526123864,3.819796937570158,1.6240000000000012,0.022925967085641617,1.6240000000000014,0.0,0.022917651,2.0
3.8057277208306286,1.0084669703042122,2.0,732.793244224673,3.8179309684072553,1.6250000000000013,0.022925967028101762,1.6250000000000013,0.0,0.022917651,2.0
3.8054960357052408,1.0096823931646577,2.0,734.1129859550967,3.816052096000814,1.6260000000000014,0.022925966970561908,1.6260000000000014,0.0,0.022917651,2.0
3.805260955731161,1.0108979173184927,2.0,735.4445598802844,3.814159540884078,1.6270000000000013,0.022925966913022056,1.6270000000000013,0.0,0.022917651,2.0
3.8050234775055807,1.012114110284311,2.0,736.7816687350039,3.812256722769593,1.6280000000000014,0.02292596685548221,1.6280000000000014,0.0,0.022917651,2.0
3.8047833259979607,1.0133312058146322,2.0,738.1247818803438,3.8103423067856177,1.6290000000000011,0.022925966797942357,1.6290000000000013,0.0,0.022917651,2.0
3.8045417235592676,1.0145489422182326,2.0,739.4738097037663,3.8084214490828234,1.6300000000000012,0.02292596674040251,1.6300000000000014,0.0,0.022917651,2.0
3.804299711949885,1.0157675276574707,2.0,740.8302370374136,3.806498114101256,1.6310000000000013,0.022925966682862654,1.6310000000000013,0.0,0.022917651,2.0
3.804057578424848,1.016987068347265,2.0,742.1920251754142,3.8045733337967595,1.6320000000000014,0.0229259666253228,1.6320000000000014,0.0,0.022917651,2.0
3.803822039970336,1.0182090228684297,2.0,743.5598783025753,3.802672508546175,1.6330000000000013,0.02292596656778295,1.6330000000000013,0.0,0.022917651,2.0
3.8035841232712566,1.0194316693511827,2.0,744.9328892854409,3.8007614788641875,1.6340000000000017,0.0229259665102431,1.6340000000000015,0.0,0.022917651,2.0
3.8033396071350714,1.0206578488365878,2.0,746.3134912460209,3.7988205290025037,1.6350000000000013,0.02292596645270325,1.6350000000000013,0.0,0.022917651,2.0
3.8030929366824755,1.0218847068190182,2.0,747.6993008161035,3.796870283338007,1.6360000000000017,0.0229259663951634,1.6360000000000015,0.0,0.022917651,2.0
3.802847122028908,1.0231144169070547,2.0,749.1149059228941,3.7949206078596953,1.6370000000000016,0.022925966337623546,1.6370000000000013,0.0,0.022917651,2.0
3.8025992817941594,1.0243450668826206,2.0,750.5367497636192,3.7929618899733297,1.6380000000000017,0.022925966280083695,1.6380000000000015,0.0,0.022917651,2.0
3.802351210407611,1.0255823839455636,2.0,751.9818031860299,3.7909955657835614,1.6390000000000013,0.022925966222543843,1.6390000000000013,0.0,0.022917651,2.0
3.8021015224901378,1.0268217100592898,2.0,753.435443719589,3.7890207637006696,1.6400000000000017,0.022925966165003992,1.6400000000000015,0.0,0.022917651,2.0
3.8018511063196936,1.0280687148014764,2.0,754.905917552645,3.787035390707392,1.6410000000000013,0.02292596610746414,1.6410000000000013,0.0,0.022917651,2.0
3.8015991626275176,1.0293190777138341,2.0,756.386168096137,3.785040556693856,1.6420000000000017,0.022925966049924286,1.6420000000000015,0.0,0.022917651,2.0
3.8013474879220035,1.030581094237032,2.0,757.8737836962964,3.783035130957699,1.6430000000000013,0.022925965992384438,1.6430000000000013,0.0,0.022917651,2.0
3.8010951163561733,1.0318499925365128,2.0,759.3680940453053,3.7810200285597575,1.6440000000000015,0.022925965934844583,1.6440000000000015,0.0,0.022917651,2.0
3.8008440680627347,1.0331320241124264,2.0,760.8697525902467,3.7789970904705426,1.6450000000000011,0.022925965877304735,1.6450000000000014,0.0,0.022917651,2.0
3.8005937974788933,1.0344248416487527,2.0,762.3785053744697,3.776966480382786,1.6460000000000015,0.02292596581976488,1.6460000000000015,0.0,0.022917651,2.0
3.8003432000668176,1.035731378760227,2.0,763.8967604729688,3.7749208426922998,1.6470000000000014,0.02292596576222503,1.6470000000000014,0.0,0.022917651,2.0
3.8000925973816604,1.0370545303196996,2.0,765.4253437442176,3.7728585692655376,1.6480000000000015,0.022925965704685178,1.6480000000000015,0.0,0.022917651,2.0
3.7998417161862195,1.0383892524880842,2.0,766.9731954632375,3.770783611007392,1.6490000000000014,0.022925965647145326,1.6490000000000014,0.0,0.022917651,2.0
3.7995917449179233,1.039743455408959,2.0,768.5503372533997,3.7686928110038456,1.6500000000000015,0.022925965589605475,1.6500000000000015,0.0,0.022917651,2.0
3.79934022723233,1.0411075728515593,2.0,770.1532682843236,3.7665859139950286,1.6510000000000014,0.022925965532065624,1.6510000000000014,0.0,0.022917651,2.0
3.7990873542535795,1.0424938942061657,2.0,771.8130675748868,3.7644513996679185,1.6520000000000015,0.022925965474525772,1.6520000000000015,0.0,0.022917651,2.0
3.798836157673939,1.0438912551113548,2.0,773.4831526625642,3.7623125478855806,1.6530000000000016,0.022925965416985918,1.6530000000000014,0.0,0.022917651,2.0
3.7985935540489693,1.0453181476509568,2.0,775.171779531855,3.7601785253461895,1.6540000000000015,0.02292596535944607,1.6540000000000015,0.0,0.022917651,2.0
3.7983508062542977,1.0467539591978825,2.0,776.8683995835828,3.75803500737926,1.6550000000000014,0.02292596530190622,1.6550000000000014,0.0,0.022917651,2.0
3.7981138620140977,1.0482295728826332,2.0,778.5805529056709,3.755874904118352,1.6560000000000015,0.022925965244366367,1.6560000000000015,0.0,0.022917651,2.0
3.797875693738978,1.049709159066258,2.0,780.2993878922338,3.753705932169654,1.6570000000000011,0.022925965186826512,1.6570000000000014,0.0,0.022917651,2.0
3.7976587616244193,1.0512586456492568,2.0,782.0366037436402,3.75155200918372,1.6580000000000017,0.022925965129286664,1.6580000000000015,0.0,0.022917651,2.0
3.797441101732563,1.0528133405004871,2.0,783.7805152524709,3.7493899668593134,1.6590000000000016,0.02292596507174681,1.6590000000000014,0.0,0.022917651,2.0
3.7972452281871387,1.054457441358228,2.0,785.5780221191742,3.7472256589579955,1.6600000000000015,0.02292596501420696,1.6600000000000015,0.0,0.022917651,2.0
3.7970574342323067,1.056139599865463,2.0,787.4005014971851,3.745055610151873,1.6610000000000016,0.022925964956667107,1.6610000000000014,0.0,0.022917651,2.0
3.7968829712446643,1.0578782295153482,2.0,789.2378935146555,3.7428824152045608,1.6620000000000015,0.022925964899127255,1.6620000000000015,0.0,0.022917651,2.0
3.796741865831399,1.0597462451695183,2.0,791.0998084784222,3.7407132668100336,1.6630000000000016,0.022925964841587404,1.6630000000000014,0.0,0.022917651,2.0
3.79660161565319,1.0616249109894897,2.0,792.968913959566,3.7385368891746054,1.6640000000000013,0.022925964784047556,1.6640000000000015,0.0,0.022917651,2.0
3.796508805711371,1.0636785084969917,2.0,794.9295498281064,3.736375343066689,1.6650000000000014,0.0229259647265077,1.6650000000000014,0.0,0.022917651,2.0
3.796443594809955,1.0658373133398806,2.0,796.9465849668537,3.734218987025662,1.6660000000000013,0.022925964668967846,1.6660000000000015,0.0,0.022917651,2.0
3.796384617291973,1.0680248239038919,2.0,798.9849010903756,3.732058858581396,1.6670000000000014,0.022925964611428,1.6670000000000014,0.0,0.022917651,2.0
3.796411922016571,1.070497853075287,2.0,801.2650282945806,3.729958335689657,1.6680000000000017,0.022925964553888147,1.6680000000000015,0.0,0.022917651,2.0
3.7964448092605583,1.072999186563828,2.0,803.5688217763319,3.7278518385297663,1.6690000000000014,0.022925964496348296,1.6690000000000014,0.0,0.022917651,2.0
3.796547388335913,1.0757477259412325,2.0,806.0291299120028,3.72577690381245,1.6700000000000015,0.02292596443880844,1.6700000000000015,0.0,0.022917651,2.0
3.7966748032620474,1.078592947548915,2.0,808.5632280714769,3.723704630388227,1.6710000000000014,0.022925964381268593,1.6710000000000014,0.0,0.022917651,2.0
3.796897480642534,1.0817993287896102,2.0,811.3681358487707,3.7216522470494904,1.6720000000000017,0.022925964323728742,1.6720000000000015,0.0,0.022917651,2.0
3.797217605442573,1.0854081244165683,2.0,814.5058588084651,3.71958723906641,1.6730000000000014,0.022925964266188887,1.6730000000000014,0.0,0.022917651,2.0
3.797699797618551,1.089591976335482,2.0,818.1353868239578,3.7175954523320422,1.6740000000000017,0.022925964208649036,1.6740000000000015,0.0,0.022917651,2.0
3.7984488895764565,1.0947031985415534,2.0,822.5565471264924,3.7157438831564304,1.6750000000000014,0.022925964151109188,1.6750000000000014,0.0,0.022917651,2.0
3.799564089406736,1.1010881366982912,2.0,828.0401355498152,3.714083038505187,1.6760000000000017,0.022925964093569333,1.6760000000000015,0.0,0.022917651,2.0
3.8012490796209466,1.1095082600683432,2.0,835.1451570245105,3.7126661598737036,1.6770000000000014,0.022925964036029485,1.6770000000000014,0.0,0.022917651,2.0
3.8041602034403916,1.122017511402624,2.0,845.341488122065,3.7120646941882254,1.6780000000000017,0.022925963978489634,1.6780000000000015,0.0,0.022917651,2.0
3.8098770842443646,1.1437322332482125,2.0,862.7000381497569,3.713480779877411,1.6790000000000014,0.022925963920949782,1.6790000000000014,0.0,0.022917651,2.0
3.830857476804727,1.217368270681104,2.0,886.8135638325743,3.7240296096435603,1.6800000000000017,0.022925963863409927,1.6800000000000015,0.0,0.022917651,2.0
3.800102661303445,1.2016683637253847,2.0,892.3939836591516,3.616973536402955,1.6810000000000016,0.022925963805870076,1.6810000000000014,0.0,0.022917651,2.0
3.789155797509335,1.2010282599734565,2.0,897.8983245669816,3.5740894789906497,1.6820000000000015,0.022925963753543586,1.6820000000000015,0.0,0.022917651,2.0
3.781131356371166,1.1934723928338489,2.0,903.4903481895903,3.549810868502249,1.6830000000000016,0.02292596375372618,1.6830000000000014,0.0,0.022917651,2.0
3.7731913349077373,1.1806052312860398,2.0,909.0631751058514,3.5311812365926314,1.6840000000000015,0.022925964153450842,1.6840000000000015,0.0,0.022917651,2.0
3.764000218828215,1.1589480602009048,2.0,914.5065486318786,3.5163372439342555,1.6850000000000014,0.02292596826596589,1.6850000000000014,0.0,0.022917651,2.0
3.752640273888938,1.121840767432104,2.0,919.6874368586793,3.508268035084456,1.6860000000000015,0.02292602458052521,1.6860000000000015,0.0,0.022917651,2.0
3.7388447265026605,1.064072230532758,2.0,924.4255361266465,3.5111176679472256,1.6870000000000014,0.022927677151545603,1.6870000000000014,0.0,0.022917651,2.0
3.723985806743607,1.0047212474428469,2.0,928.60038961561,3.5112962761950057,1.6880000000000015,0.022964743261094597,1.6880000000000015,0.0,0.022917651,2.0
3.710482622985548,0.9840835738231205,2.0,932.4223972802937,3.478184502436314,1.6890000000000014,0.02314010015691205,1.6890000000000014,0.0,0.022917651,2.0
3.700889776056497,1.024411618706035,2.0,936.2069801817424,3.399748361279695,1.6900000000000015,0.02374032412352404,1.6900000000000015,0.0,0.022917651,2.0
3.694617878520787,1.0965776792638553,2.0,940.3778829728392,3.302757988325702,1.6910000000000016,0.025109082332168176,1.6910000000000014,0.0,0.022917651,2.0
3.689825589709099,1.177342745538642,2.0,945.3032889512037,3.2030870596584675,1.6920000000000017,0.027004648345005246,1.6920000000000015,0.0,0.022917651,2.0
3.685508292811056,1.259365168037209,2.0,951.2572213150801,3.104058750630705,1.6930000000000014,0.028774551327295776,1.6930000000000014,0.0,0.022917651,2.0
3.681205939852001,1.3411995177652996,2.0,958.4902471019016,3.0052782546655314,1.6940000000000015,0.030099956112230472,1.6940000000000015,0.0,0.022917651,2.0
3.67672960517038,1.4231019793555646,2.0,967.2814774099242,2.9057337670310495,1.6950000000000016,0.030996578112740238,1.6950000000000014,0.0,0.022917651,2.0
3.672041877699958,1.5060751828611758,2.0,977.9797272005895,2.8042729384172005,1.6960000000000017,0.03158358158682632,1.6960000000000015,0.0,0.022917651,2.0
3.6670850300355786,1.5909977544626999,2.0,991.054752790289,2.6997862577725362,1.6970000000000016,0.032309492088783705,1.6970000000000014,0.0,0.022917651,2.0
3.6618257826837595,1.6788571355747846,2.0,1007.1161607958676,2.5911531749370513,1.6980000000000017,0.03314669662465316,1.6980000000000015,0.0,0.022917651,2.0
3.655983048463643,1.7725552655454433,2.0,1027.1123161838748,2.4743473897306214,1.6990000000000014,0.033477356688893914,1.6990000000000014,0.0,0.022917651,2.0
3.649925998765851,1.8661145072125498,2.0,1052.2110306152506,2.3568232476385353,1.7000000000000015,0.033508816977346575,1.7000000000000015,0.0,0.022917651,2.0
3.6461738832574437,1.9238197493068392,2.0,1075.0018483127383,2.284357779503247,1.7010000000000016,0.03352381364430114,1.7010000000000014,0.0,0.022917651,2.0
3.643162538602129,1.9698374187315197,2.0,1101.1188151009783,2.2265429568995034,1.7020000000000017,0.033538810311255704,1.7020000000000015,0.0,0.022917651,2.0
3.644809706031583,1.9488021361473273,2.0,1128.8712883846151,2.2544151482004526,1.7030000000000016,0.03355380697821027,1.7030000000000014,0.0,0.022917651,2.0
3.656671505746598,1.7779687776193511,2.0,1151.5779595088743,2.4729439408957323,1.7040000000000017,0.033568803645164826,1.7040000000000015,0.0,0.022917651,2.0
3.655996340673183,1.7907180752608771,2.0,1176.8527759439035,2.457742223123303,1.7050000000000014,0.03358380031211939,1.7050000000000014,0.0,0.022917651,2.0
3.652130110831315,1.8502240891947477,2.0,1211.5771985225267,2.383019519537535,1.7060000000000013,0.03359879697907395,1.7060000000000015,0.0,0.022917651,2.0
3.648327858171531,1.9079630483984138,2.0,1255.6810623406645,2.3103197892484446,1.7070000000000014,0.03361379364602852,1.7070000000000014,0.0,0.022917651,2.0
3.6441162754128187,1.9707937998546499,2.0,1311.6014513659884,2.230890954274285,1.7080000000000015,0.033628790312983076,1.7080000000000015,0.0,0.022917651,2.0
3.6393033412037283,2.041398857917862,2.0,1382.086428679824,2.141282380866096,1.7090000000000016,0.03364378697993763,1.7090000000000014,0.0,0.022917651,2.0
3.633997808970481,2.1181249182065027,2.0,1472.7190244646713,2.04358242626452,1.7100000000000015,0.0336587836468922,1.7100000000000015,0.0,0.022917651,2.0
3.6280130117893856,2.2033889913770466,2.0,1591.924002768148,1.9346274125354728,1.7110000000000014,0.03367378031384676,1.7110000000000014,0.0,0.022917651,2.0
3.6209810265288844,2.3004174459909246,2.0,1753.5225161478015,1.8097192549306456,1.7120000000000015,0.03368877698080132,1.7120000000000015,0.0,0.022917651,2.0
3.6126058598068265,2.414072269821618,2.0,1982.5881464689196,1.6628119891652529,1.7130000000000014,0.03370377364775588,1.7130000000000014,0.0,0.022917651,2.0
3.6022632021740404,2.5519208850181183,2.0,2329.148276179853,1.483840989692373,1.7140000000000015,0.03371877031471044,1.7140000000000015,0.0,0.022917651,2.0
3.5884973445715436,2.727318878794821,2.0,2908.9814193693123,1.253627789140031,1.7150000000000014,0.033733766981665005,1.7150000000000014,0.0,0.022917651,2.0
3.568012052544685,2.967211588805454,2.0,4061.738292818879,0.9320421574942126,1.7160000000000017,0.03374876364861957,1.7160000000000015,0.0,0.022917651,2.0
