log_Teff,LogL_lsun,Age_gyr,Step,Log_g,Mass_msun,feh,Mass_input,Metallicity_input,Z_used,Age_input
3.540749884110781,-1.928893367878419,5.0,297.9514386856325,4.961799006045293,0.3000000000000002,0.025514660337610327,0.30000000000000016,0.0,0.022917651,5.0
3.5409034209725436,-1.926273368317609,5.0,297.99703748989623,4.961042540744003,0.30100000000000016,0.025506466609840257,0.30100000000000016,0.0,0.022917651,5.0
3.541056391440071,-1.9236753962246893,5.0,298.05036509488104,4.960305837158352,0.30200000000000016,0.02549743117932961,0.30200000000000016,0.0,0.022917651,5.0
3.5412092957647543,-1.921075945084711,5.0,298.10387466970906,4.959567389975114,0.30300000000000016,0.025488264771951156,0.30300000000000016,0.0,0.022917651,5.0
3.541362132765774,-1.918474988492878,5.0,298.15756946301013,4.958827168066585,0.30400000000000016,0.02547896504943074,0.30400000000000016,0.0,0.022917651,5.0
3.541514901234033,-1.9158724994121064,5.0,298.2114528012059,4.958085139559679,0.30500000000000016,0.025469529617502085,0.30500000000000016,0.0,0.022917651,5.0
3.54166759993131,-1.9132684501539854,5.0,298.2655280908515,4.957341271813481,0.30600000000000016,0.02545995602422066,0.30600000000000016,0.0,0.022917651,5.0
3.5418202275893718,-1.9106628123590457,5.0,298.3197988210643,4.956595531395992,0.3070000000000001,0.025450241758216367,0.30700000000000016,0.0,0.022917651,5.0
3.54197278290906,-1.9080555569763025,5.0,298.37426856603923,4.9558478840600095,0.3080000000000002,0.02544038424688221,0.30800000000000016,0.0,0.022917651,5.0
3.542125264559346,-1.905446654242054,5.0,298.4289409876588,4.955098294718128,0.30900000000000016,0.025430380854496403,0.30900000000000016,0.0,0.022917651,5.0
3.542277671176343,-1.9028360736578864,5.0,298.48381983819814,4.954346727416821,0.3100000000000002,0.025420228880274866,0.31000000000000016,0.0,0.022917651,5.0
3.5424300013622885,-1.9002237839678628,5.0,298.5389089631319,4.953593145309542,0.31100000000000017,0.025409925556351225,0.31100000000000017,0.0,0.022917651,5.0
3.542582253684485,-1.8976097531348588,5.0,298.5942123040455,4.952837510628827,0.3120000000000001,0.025399468045681023,0.31200000000000017,0.0,0.022917651,5.0
3.542734426674204,-1.8949939483160023,5.0,298.6497339016573,4.952079784657351,0.31300000000000017,0.025388853439866927,0.31300000000000017,0.0,0.022917651,5.0
3.54288651882554,-1.8923763358371821,5.0,298.70547789895414,4.951319927697861,0.31400000000000017,0.025378078756901304,0.31400000000000017,0.0,0.022917651,5.0
3.5430385285942356,-1.8897568811665824,5.0,298.7614485444479,4.950557899041991,0.3150000000000002,0.025367140938822634,0.31500000000000017,0.0,0.022917651,5.0
3.543190454396444,-1.8871355488872013,5.0,298.8176501955567,4.949793656937859,0.3160000000000002,0.025356036849281706,0.31600000000000017,0.0,0.022917651,5.0
3.54334229460746,-1.8845123026683026,5.0,298.87408732211696,4.9490271585564125,0.31700000000000017,0.025344763271013745,0.31700000000000017,0.0,0.022917651,5.0
3.5434940475603875,-1.8818871052357578,5.0,298.93076451003236,4.948258359956467,0.31800000000000017,0.02533331690321195,0.31800000000000017,0.0,0.022917651,5.0
3.5436457115447624,-1.879259918341225,5.0,298.9876864650655,4.947487216048369,0.3190000000000002,0.02532169435879819,0.3190000000000002,0.0,0.022917651,5.0
3.543797358312731,-1.8766541436016813,5.0,299.0467945237881,4.946737415746086,0.3200000000000002,0.025309048662468935,0.3200000000000002,0.0,0.022917651,5.0
3.5439489790174554,-1.8740581260168703,5.0,299.1062975131938,4.945997268463268,0.32100000000000023,0.025295800084506985,0.3210000000000002,0.0,0.022917651,5.0
3.5441005435509987,-1.871460756428416,5.0,299.1651087561981,4.945255544462363,0.32200000000000023,0.025282345260050965,0.3220000000000002,0.0,0.022917651,5.0
3.5442520509784843,-1.868862012334461,5.0,299.22321673983026,4.944512217501514,0.32300000000000023,0.025268680756470246,0.3230000000000002,0.0,0.022917651,5.0
3.5444035003441754,-1.866261870731022,5.0,299.2806096942081,4.943767260753279,0.3240000000000002,0.025254803064535324,0.3240000000000002,0.0,0.022917651,5.0
3.5445548906708875,-1.8636603080979024,5.0,299.3372755853326,4.9430206467882085,0.3250000000000002,0.02524070859626922,0.3250000000000002,0.0,0.022917651,5.0
3.5447062209593834,-1.861057300384133,5.0,299.39320210763657,4.942272347557856,0.3260000000000002,0.02522639368272612,0.3260000000000002,0.0,0.022917651,5.0
3.54485749018775,-1.8584528229929145,5.0,299.4483766762813,4.941522334377229,0.3270000000000002,0.025211854571694444,0.3270000000000002,0.0,0.022917651,5.0
3.5450086973107484,-1.8558468507660433,5.0,299.50278641918874,4.940770577906616,0.32800000000000024,0.025197087425321216,0.3280000000000002,0.0,0.022917651,5.0
3.545159841259146,-1.8532393579678037,5.0,299.5564181687994,4.940017048132806,0.32900000000000024,0.025182088317654713,0.3290000000000002,0.0,0.022917651,5.0
3.5453109209390257,-1.8506303182683022,5.0,299.6092584535447,4.939261714349658,0.3300000000000002,0.025166853232101917,0.3300000000000002,0.0,0.022917651,5.0
3.545461935231067,-1.8480197047262177,5.0,299.6612934890228,4.938504545137972,0.3310000000000001,0.02515137805879747,0.3310000000000002,0.0,0.022917651,5.0
3.545612882989804,-1.8454074897709518,5.0,299.71250916886476,4.937745508344686,0.33200000000000024,0.02513565859188046,0.3320000000000002,0.0,0.022917651,5.0
3.54576376304286,-1.842793645184147,5.0,299.7628910552787,4.93698457106131,0.33300000000000024,0.025119690526675155,0.3330000000000002,0.0,0.022917651,5.0
3.545914574190149,-1.8401781420805519,5.0,299.8124243692592,4.93622169960162,0.3340000000000002,0.025103469456771887,0.3340000000000002,0.0,0.022917651,5.0
3.5460653152030575,-1.8375609508882012,5.0,299.86109398044766,4.935456859478541,0.33500000000000024,0.025086990871003773,0.3350000000000002,0.0,0.022917651,5.0
3.546215984823586,-1.8349420413278879,5.0,299.90888439662797,4.934690015380206,0.3360000000000002,0.025070250150315002,0.3360000000000002,0.0,0.022917651,5.0
3.546366581763468,-1.8323213823918933,5.0,299.95577975284414,4.933921131145149,0.3370000000000002,0.02505324256451612,0.3370000000000002,0.0,0.022917651,5.0
3.546517632496921,-1.8297580107709508,5.0,299.9873243070169,4.933211350342811,0.3380000000000002,0.025033644170469733,0.3380000000000002,0.0,0.022917651,5.0
3.546668678052233,-1.8271948910059477,5.0,300.0164750791795,4.932501800686539,0.3390000000000002,0.025013720985664623,0.3390000000000002,0.0,0.022917651,5.0
3.5468197159460497,-1.8246317365247346,5.0,300.0432844031352,4.931792185666029,0.3400000000000002,0.02499348226584173,0.3400000000000002,0.0,0.022917651,5.0
3.5469707461279016,-1.822068547098611,5.0,300.067736854001,4.9310825048506794,0.34100000000000025,0.02497292593233419,0.3410000000000002,0.0,0.022917651,5.0
3.5471217685468717,-1.8195053224968611,5.0,300.0898168711084,4.930372757806095,0.3420000000000002,0.024952049888176637,0.3420000000000002,0.0,0.022917651,5.0
3.547272783151595,-1.816942062486735,5.0,300.109508756506,4.9296629440940505,0.3430000000000002,0.024930852017903387,0.3430000000000002,0.0,0.022917651,5.0
3.547423789890251,-1.8143787668334237,5.0,300.1267966734427,4.928953063272445,0.34400000000000014,0.024909330187343984,0.3440000000000002,0.0,0.022917651,5.0
3.547574788710562,-1.811815435300038,5.0,300.1416646448297,4.928243114895257,0.34500000000000014,0.02488748224341601,0.3450000000000002,0.0,0.022917651,5.0
3.547725779559785,-1.809252067647585,5.0,300.1540965516829,4.927533098512509,0.34600000000000025,0.024865306013915123,0.3460000000000002,0.0,0.022917651,5.0
3.547876762384705,-1.8066886636349437,5.0,300.1640761315439,4.926823013670214,0.34700000000000014,0.02484279930730231,0.3470000000000002,0.0,0.022917651,5.0
3.548027737131637,-1.8041252230188436,5.0,300.17158697688006,4.926112859910338,0.3480000000000002,0.02481995991248828,0.3480000000000002,0.0,0.022917651,5.0
3.548178703746412,-1.8015617455538375,5.0,300.17661253346375,4.92540263677075,0.3490000000000002,0.02479678559861498,0.3490000000000002,0.0,0.022917651,5.0
3.548329662174378,-1.79899823099228,5.0,300.17913609872846,4.924692343785178,0.3500000000000002,0.02477327411483416,0.3500000000000002,0.0,0.022917651,5.0
3.548480612360392,-1.7964346790843013,5.0,300.1791408201038,4.923981980483164,0.3510000000000002,0.024749423190082973,0.3510000000000002,0.0,0.022917651,5.0
3.5486315542488125,-1.7938710895777823,5.0,300.1766096933282,4.923271546390015,0.3520000000000002,0.024725230532856506,0.3520000000000002,0.0,0.022917651,5.0
3.5487824877834986,-1.7913074622183296,5.0,300.1715255607376,4.922561041026752,0.35300000000000015,0.024700693830977293,0.3530000000000002,0.0,0.022917651,5.0
3.5489334129078016,-1.7887437967492497,5.0,300.1638711095322,4.921850463910072,0.3540000000000002,0.024675810751361646,0.3540000000000002,0.0,0.022917651,5.0
3.549084329564557,-1.7861800929115226,5.0,300.15362887001874,4.921139814552284,0.3550000000000002,0.024650578939782834,0.3550000000000002,0.0,0.022917651,5.0
3.549235237696084,-1.783616350443776,5.0,300.1407812138296,4.9204290924612755,0.35600000000000026,0.02462499602063106,0.3560000000000002,0.0,0.022917651,5.0
3.549386137244175,-1.7810525690822576,5.0,300.1253103521167,4.919718297140448,0.35700000000000026,0.02459905959667009,0.3570000000000002,0.0,0.022917651,5.0
3.5495371759741374,-1.7785147269124433,5.0,300.10212475216235,4.919033997500242,0.35800000000000026,0.02457181447153617,0.3580000000000002,0.0,0.022917651,5.0
3.549688482254112,-1.776023204178551,5.0,300.067311727705,4.918397087088706,0.3590000000000002,0.024542571407435678,0.3590000000000002,0.0,0.022917651,5.0
3.54983980489822,-1.7735328477494494,5.0,300.0297408548049,4.917761408449479,0.36000000000000015,0.024513015844896353,0.3600000000000002,0.0,0.022917651,5.0
3.5499911437845517,-1.771043648936196,5.0,299.98943267936517,4.917126952405892,0.3610000000000002,0.024483150112023885,0.3610000000000002,0.0,0.022917651,5.0
3.5501424987924004,-1.7685555991359452,5.0,299.9464075437057,4.916493709872196,0.3620000000000002,0.024452976513855484,0.3620000000000002,0.0,0.022917651,5.0
3.550293869802256,-1.7660686898308826,5.0,299.9006855890789,4.915861671852455,0.36300000000000027,0.02442249733264487,0.3630000000000002,0.0,0.022917651,5.0
3.5504452566957845,-1.7635829125871798,5.0,299.8522867581474,4.915230829439426,0.3640000000000002,0.024391714828143115,0.3640000000000002,0.0,0.022917651,5.0
3.5505966593558176,-1.7610982590539588,5.0,299.80123079742583,4.914601173813476,0.3650000000000002,0.02436063123787527,0.3650000000000002,0.0,0.022917651,5.0
3.550748077666336,-1.7586147209622767,5.0,299.7475372596864,4.91397269624151,0.36600000000000027,0.024329248777412972,0.3660000000000002,0.0,0.022917651,5.0
3.550899511512455,-1.7561322901241219,5.0,299.6912255063291,4.9133453880759,0.36700000000000016,0.024297569640643012,0.3670000000000002,0.0,0.022917651,5.0
3.551050960780413,-1.7536509584314286,5.0,299.63231470971755,4.9127192407534555,0.36800000000000027,0.024265596000032013,0.3680000000000002,0.0,0.022917651,5.0
3.5512024253575554,-1.7511707178551001,5.0,299.57082385548006,4.912094245794387,0.3690000000000002,0.024233330006887183,0.3690000000000002,0.0,0.022917651,5.0
3.551353905132322,-1.7486915604440532,5.0,299.5067717447781,4.911470394801298,0.3700000000000003,0.02420077379161333,0.3700000000000002,0.0,0.022917651,5.0
3.551505399994235,-1.7462134783242693,5.0,299.4401769965408,4.910847679458183,0.37100000000000016,0.02416792946396608,0.3710000000000002,0.0,0.022917651,5.0
3.551656909833885,-1.7437364636978676,5.0,299.3710580496676,4.910226091529447,0.3720000000000002,0.02413479911330149,0.3720000000000002,0.0,0.022917651,5.0
3.551808434542916,-1.741260508842183,5.0,299.2994331651992,4.909605622858931,0.3730000000000002,0.024101384808821978,0.3730000000000002,0.0,0.022917651,5.0
3.5519599740140153,-1.738785606108863,5.0,299.2253204284565,4.908986265368962,0.3740000000000002,0.024067688599818747,0.3740000000000002,0.0,0.022917651,5.0
3.552111528140903,-1.7363117479229764,5.0,299.14873775114944,4.9083680110594115,0.3750000000000002,0.02403371251591073,0.3750000000000002,0.0,0.022917651,5.0
3.5522630968183133,-1.733838926782133,5.0,299.0697028734552,4.907750852006763,0.3760000000000002,0.023999458567280037,0.3760000000000002,0.0,0.022917651,5.0
3.5524146799419882,-1.7313671352556195,5.0,298.9882333660663,4.907134780363196,0.3770000000000003,0.023964928744904128,0.3770000000000002,0.0,0.022917651,5.0
3.5525662774086624,-1.7288963659835428,5.0,298.9043466322104,4.9065197883556895,0.37800000000000017,0.023930125020784555,0.3780000000000002,0.0,0.022917651,5.0
3.5527178891160536,-1.7264266116759912,5.0,298.8180599096403,4.905905868285132,0.3790000000000002,0.02389504934817254,0.3790000000000002,0.0,0.022917651,5.0
3.552869514962849,-1.723957865112202,5.0,298.729390272596,4.905293012525443,0.3800000000000002,0.023859703661791284,0.3800000000000002,0.0,0.022917651,5.0
3.5530211548486936,-1.7214901191397451,5.0,298.63835463373897,4.904681213522707,0.3810000000000002,0.023824089878055125,0.3810000000000002,0.0,0.022917651,5.0
3.5531728086741827,-1.7190233666737167,5.0,298.5449697460591,4.904070463794328,0.38200000000000023,0.02378820989528563,0.38200000000000023,0.0,0.022917651,5.0
3.5533244763408454,-1.7165576006959429,5.0,298.44925220475443,4.903460755928187,0.38300000000000023,0.023752065593924586,0.38300000000000023,0.0,0.022917651,5.0
3.5534761577511356,-1.7140928142541971,5.0,298.3512184490844,4.902852082581807,0.38400000000000023,0.023715658836744032,0.38400000000000023,0.0,0.022917651,5.0
3.5536278528084226,-1.7116290004614267,5.0,298.25088476419745,4.902244436481554,0.38500000000000023,0.0236789914690533,0.38500000000000023,0.0,0.022917651,5.0
3.553779561416982,-1.7091661524949922,5.0,298.1482672829327,4.901637810421815,0.38600000000000023,0.023642065318903165,0.38600000000000023,0.0,0.022917651,5.0
3.5539312834819783,-1.706704263595914,5.0,298.0433819875962,4.901032197264211,0.3870000000000003,0.02360488219728716,0.38700000000000023,0.0,0.022917651,5.0
3.5540830189094605,-1.7042433270681334,5.0,297.9362447117127,4.900427589936818,0.3880000000000002,0.02356744389834006,0.38800000000000023,0.0,0.022917651,5.0
3.5542347676063524,-1.7017833362777808,5.0,297.82687114175286,4.899823981433395,0.38900000000000023,0.023529752199533578,0.38900000000000023,0.0,0.022917651,5.0
3.5543865294804364,-1.699324284652457,5.0,297.71527681883674,4.899221364812611,0.39000000000000024,0.02349180886186939,0.39000000000000024,0.0,0.022917651,5.0
3.55453830444035,-1.6968661656805206,5.0,297.601477140413,4.898619733197316,0.3910000000000003,0.023453615630069438,0.39100000000000024,0.0,0.022917651,5.0
3.5546900923955715,-1.6944089729103895,5.0,297.48548736191583,4.898019079773783,0.39200000000000024,0.02341517423276365,0.39200000000000024,0.0,0.022917651,5.0
3.55484313447272,-1.6919562936492738,5.0,297.3727273056821,4.897427955771681,0.3930000000000003,0.02337655931007666,0.39300000000000024,0.0,0.022917651,5.0
3.55499623778565,-1.6895043219966204,5.0,297.25723334998196,4.896837784309595,0.39400000000000024,0.023337663666613228,0.39400000000000024,0.0,0.022917651,5.0
3.5551493900325375,-1.687053020114388,5.0,297.1389507692205,4.896248478347975,0.39500000000000024,0.02329848664761756,0.39500000000000024,0.0,0.022917651,5.0
3.5553025911692386,-1.6846023873983682,5.0,297.0178820790527,4.895660037106043,0.39600000000000024,0.023259028506922172,0.39600000000000024,0.0,0.022917651,5.0
3.5554558411516632,-1.6821524232450789,5.0,296.8940297921086,4.895072459803958,0.39700000000000024,0.023219289498054373,0.39700000000000024,0.0,0.022917651,5.0
3.555609139935773,-1.6797031270517628,5.0,296.7673964179976,4.894485745662817,0.3980000000000003,0.023179269874236696,0.39800000000000024,0.0,0.022917651,5.0
3.555762487477584,-1.6772544982163884,5.0,296.6379844633133,4.893899893904652,0.39900000000000024,0.02313896988838737,0.39900000000000024,0.0,0.022917651,5.0
3.555915883733163,-1.6748065361376463,5.0,296.5057964316382,4.893314903752433,0.40000000000000024,0.02309838979312079,0.40000000000000024,0.0,0.022917651,5.0
3.5561390877849637,-1.6721655915054199,5.0,296.5849762421457,4.892535875571796,0.40100000000000025,0.02309635832427112,0.40100000000000025,0.0,0.022917651,5.0
3.5563622737259633,-1.6695248524573854,5.0,296.6637644817551,4.891756980532617,0.40200000000000025,0.0230943321066773,0.40200000000000025,0.0,0.022917651,5.0
3.556585441340957,-1.6668843214364146,5.0,296.742156497592,4.890978220216958,0.40300000000000025,0.02309231120273783,0.40300000000000025,0.0,0.022917651,5.0
3.556808590411321,-1.6642440009242359,5.0,296.82014756277124,4.89019959623205,0.4040000000000003,0.023090295675843732,0.40400000000000025,0.0,0.022917651,5.0
3.5570317207149356,-1.6616038934422117,5.0,296.8977328749195,4.889421110210791,0.40500000000000025,0.023088285590398404,0.40500000000000025,0.0,0.022917651,5.0
3.5572548320261226,-1.658964001552132,5.0,296.9749075546625,4.888642763812259,0.4060000000000003,0.02308628101183787,0.40600000000000025,0.0,0.022917651,5.0
3.5574779241155694,-1.6563243278570268,5.0,297.05166664407494,4.887864558722242,0.40700000000000025,0.023084282006651566,0.40700000000000025,0.0,0.022917651,5.0
3.5577009967502575,-1.653684875002001,5.0,297.12800510509436,4.887086496653774,0.40800000000000025,0.02308228864240366,0.40800000000000025,0.0,0.022917651,5.0
3.5579240496933857,-1.6510456456750875,5.0,297.2039178178944,4.886308579347694,0.40900000000000025,0.023080300987754803,0.40900000000000025,0.0,0.022917651,5.0
3.5581470827042967,-1.6484066426081205,5.0,297.2793995792203,4.885530808573207,0.41000000000000036,0.023078319112484504,0.41000000000000025,0.0,0.022917651,5.0
3.5583700955383915,-1.6457678685776334,5.0,297.35444510068186,4.884753186128464,0.41100000000000025,0.023076343087513992,0.41100000000000025,0.0,0.022917651,5.0
3.558593087947056,-1.643129326405774,5.0,297.4290490070053,4.883975713841157,0.41200000000000025,0.023074372984929665,0.41200000000000025,0.0,0.022917651,5.0
3.558816059677574,-1.6404910189612485,5.0,297.5032058342419,4.883198393569136,0.4130000000000003,0.023072408878007135,0.41300000000000026,0.0,0.022917651,5.0
3.559039010473041,-1.6378529491602818,5.0,297.57691002793143,4.882421227201014,0.41400000000000026,0.023070450841235827,0.41400000000000026,0.0,0.022917651,5.0
3.559261940072282,-1.6352151199676095,5.0,297.6501559412206,4.881644216656837,0.41500000000000026,0.02306849895034422,0.41500000000000026,0.0,0.022917651,5.0
3.559484848209758,-1.6325775343974869,5.0,297.72293783293355,4.880867363888704,0.4160000000000003,0.023066553282325736,0.41600000000000026,0.0,0.022917651,5.0
3.5597077346154755,-1.6299401955147308,5.0,297.7952498655944,4.880090670881471,0.41700000000000037,0.023064613915465257,0.41700000000000026,0.0,0.022917651,5.0
3.5599305990148937,-1.627303106435781,5.0,297.86708610339974,4.879314139653422,0.41800000000000026,0.0230626809293663,0.41800000000000026,0.0,0.022917651,5.0
3.5601534411288287,-1.6246662703297938,5.0,297.93844051013923,4.878537772256981,0.41900000000000026,0.02306075440497892,0.41900000000000026,0.0,0.022917651,5.0
3.5603762606733524,-1.622029690419762,5.0,298.0093069470638,4.877761570779439,0.4200000000000003,0.023058834424628295,0.42000000000000026,0.0,0.022917651,5.0
3.5605990573596946,-1.6193933699836591,5.0,298.07967917069897,4.876985537343693,0.4210000000000003,0.02305692107204403,0.42100000000000026,0.0,0.022917651,5.0
3.560821830894136,-1.6167573123556225,5.0,298.1495508306021,4.876209674109012,0.42200000000000026,0.02305501443239029,0.42200000000000026,0.0,0.022917651,5.0
3.561044580977904,-1.6141215209271558,5.0,298.21891546706183,4.875433983271823,0.4230000000000003,0.023053114592296562,0.42300000000000026,0.0,0.022917651,5.0
3.56126737770141,-1.6114861611045317,5.0,298.2872314771246,4.874658910559801,0.4240000000000003,0.023051218193659698,0.42400000000000027,0.0,0.022917651,5.0
3.56149050458901,-1.6088518970865338,5.0,298.3520845355028,4.87388625410415,0.42500000000000027,0.023049311409648027,0.42500000000000027,0.0,0.022917651,5.0
3.5617136035439287,-1.6062179151229996,5.0,298.4160029811483,4.873113767970116,0.4260000000000002,0.02304741183503942,0.42600000000000027,0.0,0.022917651,5.0
3.5619366741762275,-1.6035842191514036,5.0,298.4789737668844,4.872341454535382,0.4270000000000003,0.023045519570477013,0.42700000000000027,0.0,0.022917651,5.0
3.5621597160886735,-1.6009508131828536,5.0,298.54098360154757,4.871569316222098,0.4280000000000003,0.023043634718486,0.42800000000000027,0.0,0.022917651,5.0
3.5623827288765724,-1.5983177013038181,5.0,298.60201894425796,4.870797355497925,0.4290000000000003,0.023041757383517842,0.42900000000000027,0.0,0.022917651,5.0
3.5626057121275903,-1.5956848876779048,5.0,298.6620659985269,4.870025574877098,0.4300000000000003,0.023039887671995708,0.43000000000000027,0.0,0.022917651,5.0
3.5628286654215704,-1.5930523765476914,5.0,298.72111070619667,4.869253976921546,0.4310000000000003,0.02303802569236122,0.43100000000000027,0.0,0.022917651,5.0
3.5630515883303535,-1.5904201722366025,5.0,298.77913874120765,4.868482564242015,0.4320000000000003,0.023036171555122543,0.4320000000000003,0.0,0.022917651,5.0
3.563274480417578,-1.5877882791508497,5.0,298.83613550318603,4.867711339499241,0.4330000000000003,0.023034325372903845,0.4330000000000003,0.0,0.022917651,5.0
3.563497341238491,-1.5851567017814192,5.0,298.89208611084655,4.866940305405158,0.4340000000000004,0.023032487260496184,0.4340000000000003,0.0,0.022917651,5.0
3.5637201703397348,-1.5825254447061217,5.0,298.94697539520365,4.866169464724123,0.43500000000000033,0.02303065733490987,0.4350000000000003,0.0,0.022917651,5.0
3.56394296725915,-1.5798945125916999,5.0,299.00078789258566,4.8653988202742005,0.43600000000000033,0.023028835715428374,0.4360000000000003,0.0,0.022917651,5.0
3.564165731525553,-1.5772639101960004,5.0,299.0535078374431,4.864628374928464,0.43700000000000033,0.023027022523663773,0.4370000000000003,0.0,0.022917651,5.0
3.5643884626585174,-1.5746336423702056,5.0,299.10511915494664,4.863858131616357,0.43800000000000033,0.023025217883613867,0.4380000000000003,0.0,0.022917651,5.0
3.5646111601681447,-1.572003714061136,5.0,299.1556054533655,4.863088093325066,0.4390000000000003,0.02302342192172097,0.4390000000000003,0.0,0.022917651,5.0
3.564833823554831,-1.5693741303136168,5.0,299.2049500162192,4.862318263100966,0.4400000000000002,0.023021634766932444,0.4400000000000003,0.0,0.022917651,5.0
3.5650564523090256,-1.5667448962729178,5.0,299.25313579419554,4.86154864405108,0.44100000000000034,0.023019856550763038,0.4410000000000003,0.0,0.022917651,5.0
3.5652790459109798,-1.564116017187265,5.0,299.3001453968253,4.860779239344608,0.4420000000000003,0.02301808740735912,0.4420000000000003,0.0,0.022917651,5.0
3.5655016038304947,-1.5614874984104306,5.0,299.3459610839066,4.8600100522144825,0.4430000000000003,0.023016327473564822,0.4430000000000003,0.0,0.022917651,5.0
3.565724125526655,-1.5588593454043975,5.0,299.3905647566682,4.85924108595898,0.4440000000000003,0.023014576888990203,0.4440000000000003,0.0,0.022917651,5.0
3.5659466104475555,-1.5562315637421094,5.0,299.4339379486649,4.858472343943382,0.44500000000000034,0.023012835796081474,0.4450000000000003,0.0,0.022917651,5.0
3.5661690580300207,-1.5536041591102996,5.0,299.4760618163923,4.857703829601685,0.4460000000000003,0.023011104340193402,0.4460000000000003,0.0,0.022917651,5.0
3.5663914676993205,-1.5509771373124144,5.0,299.51691712961474,4.85693554643836,0.4470000000000003,0.02300938266966393,0.4470000000000003,0.0,0.022917651,5.0
3.5666138388688644,-1.5483505042716188,5.0,299.5564842613922,4.856167498030176,0.44800000000000034,0.023007670935891067,0.4480000000000003,0.0,0.022917651,5.0
3.566836170939902,-1.5457242660339026,5.0,299.59474317779757,4.855399688028067,0.4490000000000003,0.023005969293412268,0.4490000000000003,0.0,0.022917651,5.0
3.5670584633012,-1.5430984287712781,5.0,299.6316734273133,4.85463212015907,0.4500000000000003,0.023004277899986155,0.4500000000000003,0.0,0.022917651,5.0
3.5672807153287183,-1.5404729987850831,5.0,299.6672541298928,4.853864798228315,0.4510000000000003,0.023002596916676957,0.4510000000000003,0.0,0.022917651,5.0
3.5675029263852727,-1.5378479825093847,5.0,299.70146396567844,4.853097726121082,0.4520000000000003,0.023000926507941503,0.4520000000000003,0.0,0.022917651,5.0
3.5677250958201863,-1.535223386514493,5.0,299.7342811633597,4.852330907804924,0.4530000000000003,0.022999266841719036,0.4530000000000003,0.0,0.022917651,5.0
3.56794722296893,-1.532599217510586,5.0,299.76568348816,4.851564347331855,0.4540000000000003,0.02299761808952387,0.4540000000000003,0.0,0.022917651,5.0
3.5681693071527536,-1.5299754823514518,5.0,299.7956482294384,4.850798048840605,0.4550000000000003,0.02299598042654104,0.4550000000000003,0.0,0.022917651,5.0
3.568391347678301,-1.527352188038351,5.0,299.82415218789004,4.8500320165589645,0.45600000000000035,0.022994354031725034,0.4560000000000003,0.0,0.022917651,5.0
3.5686133438372183,-1.5247293417240053,5.0,299.85117166233226,4.849266254806178,0.4570000000000003,0.02299273908790172,0.4570000000000003,0.0,0.022917651,5.0
3.568835294905742,-1.5221069507167144,5.0,299.87668243605907,4.848500767995443,0.4580000000000004,0.022991135781873586,0.4580000000000003,0.0,0.022917651,5.0
3.5690572001442815,-1.519485022484609,5.0,299.9006597627482,4.847735560636469,0.4590000000000003,0.022989544304528483,0.4590000000000003,0.0,0.022917651,5.0
3.5692790587969827,-1.5168635646600461,5.0,299.9230783519031,4.846970637338137,0.4600000000000003,0.0229879648509519,0.4600000000000003,0.0,0.022917651,5.0
3.5695008700912774,-1.514242585044146,5.0,299.9439123538122,4.846206002811237,0.4610000000000003,0.022986397620542994,0.4610000000000003,0.0,0.022917651,5.0
3.569722633237419,-1.511622091611484,5.0,299.96313534400673,4.845441661871302,0.4620000000000003,0.022984842817134477,0.4620000000000003,0.0,0.022917651,5.0
3.569944347428006,-1.509002092514937,5.0,299.9807203071967,4.844677619441535,0.4630000000000003,0.022983300649116526,0.4630000000000003,0.0,0.022917651,5.0
3.57016601183748,-1.5063825960906965,5.0,299.99663962066575,4.843913880555834,0.4640000000000003,0.022981771329564877,0.4640000000000003,0.0,0.022917651,5.0
3.5703876256216165,-1.5037636108634491,5.0,300.01086503710246,4.843150450361922,0.46500000000000036,0.02298025507637326,0.4650000000000003,0.0,0.022917651,5.0
3.570609187916992,-1.501145145551733,5.0,300.02336766684596,4.842387334124583,0.4660000000000003,0.02297875211239035,0.4660000000000003,0.0,0.022917651,5.0
3.5708306978404387,-1.4985272090734836,5.0,300.0341179595229,4.841624537229006,0.4670000000000003,0.022977262665561413,0.4670000000000003,0.0,0.022917651,5.0
3.571052154488473,-1.495909810551762,5.0,300.0430856850501,4.840862065184253,0.4680000000000003,0.02297578696907486,0.4680000000000003,0.0,0.022917651,5.0
3.571273556936708,-1.4932929593206898,5.0,300.05023991397877,4.840099923626828,0.4690000000000003,0.022974325261513856,0.4690000000000003,0.0,0.022917651,5.0
3.5714949042392505,-1.4906766649315886,5.0,300.05554899715213,4.839338118324404,0.4700000000000003,0.02297287778701324,0.4700000000000003,0.0,0.022917651,5.0
3.571716195428064,-1.4880609371593316,5.0,300.0589805446489,4.838576655179641,0.4710000000000003,0.02297144479542194,0.4710000000000003,0.0,0.022917651,5.0
3.571937429512325,-1.485445786008926,5.0,300.0605014039836,4.83781554023417,0.47200000000000036,0.022970026542471166,0.4720000000000003,0.0,0.022917651,5.0
3.5721586054777412,-1.4828312217223232,5.0,300.0600776375317,4.8370547796727035,0.4730000000000003,0.02296862328994849,0.4730000000000003,0.0,0.022917651,5.0
3.5723797222858593,-1.4802172547854762,5.0,300.05767449914896,4.836294379827296,0.4740000000000003,0.022967235305878263,0.4740000000000003,0.0,0.022917651,5.0
3.572600778873337,-1.477603895935649,5.0,300.05325640994914,4.835534347181762,0.4750000000000003,0.02296586286470841,0.4750000000000003,0.0,0.022917651,5.0
3.5728217741511914,-1.4749911561689906,5.0,300.046786933207,4.834774688376241,0.4760000000000003,0.022964506247504055,0.4760000000000003,0.0,0.022917651,5.0
3.5730427070040283,-1.4723790467483848,5.0,300.03822874834657,4.834015410211948,0.4770000000000003,0.022963165742148142,0.4770000000000003,0.0,0.022917651,5.0
3.573263576289228,-1.4697675792115894,5.0,300.027543623979,4.83325651965608,0.4780000000000003,0.022961841643549454,0.4780000000000003,0.0,0.022917651,5.0
3.5734843808361174,-1.4671567653796682,5.0,300.01469238994565,4.832498023846917,0.47900000000000037,0.022960534253858224,0.4790000000000003,0.0,0.022917651,5.0
3.5737051194450964,-1.4645466173657447,5.0,299.9996349083259,4.831739930099094,0.4800000000000003,0.0229592438826898,0.4800000000000003,0.0,0.022917651,5.0
3.573925790886747,-1.461937147584078,5.0,299.98233004336424,4.830982245909098,0.4810000000000003,0.022957970847356624,0.4810000000000003,0.0,0.022917651,5.0
3.5741463939008917,-1.4593283687594756,5.0,299.96273563026756,4.830224978960938,0.4820000000000003,0.022956715473108902,0.4820000000000003,0.0,0.022917651,5.0
3.574366927195634,-1.4567202939370687,5.0,299.9408084428262,4.82946813713206,0.4830000000000003,0.022955478093384385,0.4830000000000003,0.0,0.022917651,5.0
3.574587389446349,-1.4541129364924539,5.0,299.91650415980246,4.828711728499458,0.4840000000000003,0.022954259050067646,0.4840000000000003,0.0,0.022917651,5.0
3.5748077792946438,-1.4515063101422245,5.0,299.8897773300357,4.827955761346045,0.4850000000000003,0.02295305869375922,0.4850000000000003,0.0,0.022917651,5.0
3.5750280953472693,-1.4489004289549072,5.0,299.8605813362034,4.827200244167253,0.4860000000000004,0.022951877384055186,0.4860000000000003,0.0,0.022917651,5.0
3.5752483361750005,-1.4462953073623208,5.0,299.82886835717807,4.82644518567789,0.4870000000000003,0.02295071548983751,0.4870000000000003,0.0,0.022917651,5.0
3.5754685003114646,-1.4436909601713817,5.0,299.7945893289186,4.825690594819269,0.4880000000000003,0.02294957338957573,0.4880000000000003,0.0,0.022917651,5.0
3.575688586251929,-1.4410874025763676,5.0,299.75769390382425,4.824936480766622,0.4890000000000004,0.022948451471640492,0.4890000000000003,0.0,0.022917651,5.0
3.5759085924520337,-1.4384846501716684,5.0,299.7181304084854,4.824182852936785,0.4900000000000003,0.022947350134629438,0.4900000000000003,0.0,0.022917651,5.0
3.576128517326486,-1.435882718965045,5.0,299.6758457997534,4.823429720996218,0.4910000000000003,0.022946269787706093,0.4910000000000003,0.0,0.022917651,5.0
3.5763483592476843,-1.4332816253914162,5.0,299.6307856190514,4.822677094869323,0.4920000000000003,0.022945210850952292,0.4920000000000003,0.0,0.022917651,5.0
3.5765681165443093,-1.4306813863272037,5.0,299.5828939448458,4.821924984747108,0.4930000000000004,0.022944173755734806,0.4930000000000003,0.0,0.022917651,5.0
3.5767878670089366,-1.4280879609090564,5.0,299.5389898654247,4.821179661054137,0.4940000000000003,0.02294316966612857,0.4940000000000003,0.0,0.022917651,5.0
3.5770076166924607,-1.425499304025163,5.0,299.4987597696006,4.820439102865401,0.49500000000000033,0.022942191694748176,0.49500000000000033,0.0,0.022917651,5.0
3.57722730970712,-1.422910507889249,5.0,299.45711651339127,4.819698178753104,0.4960000000000004,0.022941230004691768,0.49600000000000033,0.0,0.022917651,5.0
3.577446946136839,-1.4203215727075422,5.0,299.4140621896362,4.818956889259165,0.49700000000000033,0.022940284571847304,0.49700000000000033,0.0,0.022917651,5.0
3.577666526065377,-1.4177324986858628,5.0,299.36959888704456,4.818215234924436,0.49800000000000033,0.022939355372150312,0.49800000000000033,0.0,0.022917651,5.0
3.577886049576328,-1.4151432860296251,5.0,299.3237286902049,4.8174732162886995,0.49900000000000033,0.022938442381583792,0.49900000000000033,0.0,0.022917651,5.0
3.5781055167531193,-1.4125539349438379,5.0,299.276453679596,4.816730833890674,0.5000000000000003,0.02293754557617812,0.5000000000000003,0.0,0.022917651,5.0
3.5784133872771915,-1.409668099380406,5.0,299.4976506856341,4.815868293003595,0.5010000000000003,0.02293746553329427,0.5010000000000003,0.0,0.022917651,5.0
3.578721292842377,-1.4067820454852966,5.0,299.719036943012,4.815005673946218,0.5020000000000003,0.022937385259211664,0.5020000000000003,0.0,0.022917651,5.0
3.5790292339222676,-1.403895770307675,5.0,299.9406150095335,4.814142975662046,0.5030000000000003,0.022937304750805552,0.5030000000000003,0.0,0.022917651,5.0
3.579337210999033,-1.4010092708432893,5.0,300.1623874893041,4.81328019707545,0.5040000000000003,0.022937224004894632,0.5040000000000003,0.0,0.022917651,5.0
3.5796452245636066,-1.3981225440332565,5.0,300.384357033783,4.8124173370912455,0.5050000000000003,0.022937143018239767,0.5050000000000003,0.0,0.022917651,5.0
3.579953275115892,-1.3952355867628166,5.0,300.60652634286504,4.811554394594239,0.5060000000000003,0.02293706178754261,0.5060000000000003,0.0,0.022917651,5.0
3.580261363164966,-1.39234839586005,5.0,300.828898165991,4.810691368448776,0.5070000000000003,0.022936980309444327,0.5070000000000003,0.0,0.022917651,5.0
3.5805694892292905,-1.3894609680945607,5.0,301.05147530329003,4.809828257498263,0.5080000000000005,0.022936898580524126,0.5080000000000003,0.0,0.022917651,5.0
3.5808776538369296,-1.3865733001761211,5.0,301.2742606067528,4.80896506056468,0.5090000000000003,0.022936816597297894,0.5090000000000003,0.0,0.022917651,5.0
3.581185857525774,-1.3836853887532814,5.0,301.49725698143783,4.808101776448097,0.5100000000000005,0.022936734356216654,0.5100000000000003,0.0,0.022917651,5.0
3.58149410084377,-1.3807972304119396,5.0,301.7204673867115,4.807238403926143,0.5110000000000003,0.022936651853665092,0.5110000000000003,0.0,0.022917651,5.0
3.5818023843491553,-1.3779088216738695,5.0,301.94389483752343,4.806374941753498,0.5120000000000003,0.022936569085960014,0.5120000000000003,0.0,0.022917651,5.0
3.5821107086107005,-1.3750201589952085,5.0,302.1675424057169,4.805511388661334,0.5130000000000005,0.022936486049348698,0.5130000000000003,0.0,0.022917651,5.0
3.5824191311183133,-1.3721332388285468,5.0,302.3957235357401,4.804649971130768,0.5140000000000003,0.022936402085802235,0.5140000000000003,0.0,0.022917651,5.0
3.582727637416412,-1.3692475916082438,5.0,302.62737021191543,4.8037901617585375,0.5150000000000003,0.022936317367845675,0.5150000000000003,0.0,0.022917651,5.0
3.5830361835488036,-1.3663616639056226,5.0,302.85912716513025,4.802930231237952,0.5160000000000003,0.02293623240502234,0.5160000000000003,0.0,0.022917651,5.0
3.583344770153799,-1.3634754512261946,5.0,303.0909961624794,4.8020701776277175,0.5170000000000003,0.02293614719340842,0.5170000000000003,0.0,0.022917651,5.0
3.583653397883418,-1.3605889489789285,5.0,303.3229790090157,4.8012099989448345,0.5180000000000005,0.02293606172899587,0.5180000000000003,0.0,0.022917651,5.0
3.5839620674037644,-1.357702152473645,5.0,303.55507754877385,4.800349693163478,0.5190000000000003,0.022935976007690075,0.5190000000000003,0.0,0.022917651,5.0
3.584270779395404,-1.3548150569183233,5.0,303.78729366582917,4.799489258213839,0.5200000000000004,0.02293589002530749,0.5200000000000004,0.0,0.022917651,5.0
3.5845795345537597,-1.3519276574163235,5.0,304.0196292853899,4.798628691980918,0.5210000000000005,0.022935803777573253,0.5210000000000004,0.0,0.022917651,5.0
3.5848883335895234,-1.349039948963517,5.0,304.25208637492625,4.79776799230329,0.5220000000000005,0.02293571726011865,0.5220000000000004,0.0,0.022917651,5.0
3.5851971772290705,-1.3461519264453181,5.0,304.484666945336,4.796907156971814,0.5230000000000004,0.02293563046847856,0.5230000000000004,0.0,0.022917651,5.0
3.585506066214901,-1.343263584633622,5.0,304.71737305214987,4.796046183728327,0.5240000000000005,0.022935543398088724,0.5240000000000004,0.0,0.022917651,5.0
3.5858150013060857,-1.3403749181836355,5.0,304.9502067967764,4.7951850702642576,0.5250000000000004,0.022935456044283032,0.5250000000000004,0.0,0.022917651,5.0
3.5861239832787333,-1.337485921630605,5.0,305.18317032778896,4.794323814219221,0.5260000000000005,0.02293536840229066,0.5260000000000004,0.0,0.022917651,5.0
3.5864330129264683,-1.3345965893864307,5.0,305.41626584225685,4.793462413179559,0.5270000000000004,0.022935280467233053,0.5270000000000004,0.0,0.022917651,5.0
3.5867420910609327,-1.3317069157361672,5.0,305.64949558712107,4.792600864676821,0.5280000000000004,0.022935192234120973,0.5280000000000004,0.0,0.022917651,5.0
3.5870512185122947,-1.328816894834405,5.0,305.88286186061765,4.791739166186208,0.5290000000000005,0.02293510369785124,0.5290000000000004,0.0,0.022917651,5.0
3.587360396129784,-1.3259265207015236,5.0,306.1163670137494,4.790877315124948,0.5300000000000004,0.022935014853203536,0.5300000000000004,0.0,0.022917651,5.0
3.587669624782241,-1.3230357872198206,5.0,306.3500134518095,4.790015308850633,0.5310000000000004,0.022934925694836978,0.5310000000000004,0.0,0.022917651,5.0
3.587978905358687,-1.3201446881294996,5.0,306.58380363595745,4.78915314465948,0.5320000000000004,0.022934836217286633,0.5320000000000004,0.0,0.022917651,5.0
3.5882882387689112,-1.317253217024524,5.0,306.81774008485075,4.788290819784531,0.5330000000000004,0.022934746414959902,0.5330000000000004,0.0,0.022917651,5.0
3.5885976259440833,-1.3143613673483174,5.0,307.0518253763335,4.787428331393818,0.5340000000000004,0.02293465628213276,0.5340000000000004,0.0,0.022917651,5.0
3.5889070678373836,-1.311469132389319,5.0,307.28606214918545,4.786565676588424,0.5350000000000004,0.02293456581294588,0.5350000000000004,0.0,0.022917651,5.0
3.5892165654246577,-1.3085765052763763,5.0,307.5204531049335,4.785702852400502,0.5360000000000005,0.022934475001400605,0.5360000000000004,0.0,0.022917651,5.0
3.589526119705096,-1.3056834789739702,5.0,307.75500100972704,4.784839855791208,0.5370000000000005,0.022934383841354777,0.5370000000000004,0.0,0.022917651,5.0
3.5898357317019314,-1.3027900462772748,5.0,307.98970869628306,4.783976683648573,0.5380000000000004,0.022934292326518443,0.5380000000000004,0.0,0.022917651,5.0
3.590145402463172,-1.2998961998070304,5.0,308.22457906589955,4.783113332785282,0.5390000000000004,0.022934200450449357,0.5390000000000004,0.0,0.022917651,5.0
3.590455133062353,-1.2970019320042352,5.0,308.4596150905445,4.782249799936387,0.5400000000000004,0.022934108206548353,0.5400000000000004,0.0,0.022917651,5.0
3.590764924599318,-1.294107235124636,5.0,308.69481981502037,4.781386081756922,0.5410000000000004,0.022934015588054545,0.5410000000000004,0.0,0.022917651,5.0
3.591074778201031,-1.291212101233021,5.0,308.9301963592088,4.78052217481944,0.5420000000000003,0.02293392258804033,0.5420000000000004,0.0,0.022917651,5.0
3.5913846950224193,-1.2883165221972963,5.0,309.16574792039995,4.77965807561146,0.5430000000000005,0.02293382919940622,0.5430000000000004,0.0,0.022917651,5.0
3.5916946762472404,-1.2854204896823407,5.0,309.4014777757072,4.7787937805328005,0.5440000000000004,0.022933735414875485,0.5440000000000004,0.0,0.022917651,5.0
3.592004723088994,-1.2825239951436314,5.0,309.6373892845748,4.77792928589284,0.5450000000000005,0.022933641226988585,0.5450000000000004,0.0,0.022917651,5.0
3.592314836791859,-1.2796270298206263,5.0,309.8734858913791,4.777064587907649,0.5460000000000004,0.022933546628097393,0.5460000000000004,0.0,0.022917651,5.0
3.5926250186316677,-1.2767295847298934,5.0,310.1097711281299,4.776199682697025,0.5470000000000003,0.022933451610359173,0.5470000000000004,0.0,0.022917651,5.0
3.5929352699169224,-1.2738316506579768,5.0,310.3462486172753,4.775334566281411,0.5480000000000004,0.02293335616573041,0.5480000000000004,0.0,0.022917651,5.0
3.5932455919898447,-1.2709332181539874,5.0,310.58292207461477,4.7744692345787,0.5490000000000004,0.02293326028596027,0.5490000000000004,0.0,0.022917651,5.0
3.5935559862274697,-1.2680342775219045,5.0,310.8197953123261,4.773603683400902,0.5500000000000004,0.02293316396258394,0.5500000000000004,0.0,0.022917651,5.0
3.593866454042783,-1.2651348188125768,5.0,311.0568722421103,4.772737908450691,0.5510000000000004,0.0229330671869156,0.5510000000000004,0.0,0.022917651,5.0
3.5941769968859005,-1.2622348318154073,5.0,311.29415687846074,4.77187190531782,0.5520000000000004,0.022932969950041186,0.5520000000000004,0.0,0.022917651,5.0
3.5944876162452966,-1.2593343060497084,5.0,311.531653342062,4.771005669475379,0.5530000000000005,0.022932872242810858,0.5530000000000004,0.0,0.022917651,5.0
3.594798313649081,-1.2564332307557124,5.0,311.7693658633246,4.770139196275914,0.5540000000000004,0.02293277405583111,0.5540000000000004,0.0,0.022917651,5.0
3.5951090906663272,-1.25353159488522,5.0,312.00729878606154,4.769272480947394,0.5550000000000004,0.022932675379456643,0.5550000000000004,0.0,0.022917651,5.0
3.595419948908453,-1.2506293870918697,5.0,312.24545657131375,4.768405518589,0.5560000000000005,0.022932576203781845,0.5560000000000004,0.0,0.022917651,5.0
3.5957308900306586,-1.2477265957210124,5.0,312.4838438013318,4.767538304166752,0.5570000000000004,0.022932476518631974,0.5570000000000004,0.0,0.022917651,5.0
3.596041915733428,-1.2448232087991675,5.0,312.72246518372054,4.766670832508964,0.5580000000000003,0.022932376313553937,0.5580000000000004,0.0,0.022917651,5.0
3.596353027764081,-1.241919214023047,5.0,312.9613255557553,4.765803098301492,0.5590000000000004,0.02293227557780671,0.5590000000000004,0.0,0.022917651,5.0
3.596664227918404,-1.239014598748121,5.0,313.2004298888775,4.764935096082802,0.5600000000000004,0.02293217430035137,0.5600000000000004,0.0,0.022917651,5.0
3.5969755180423353,-1.2361093499767013,5.0,313.43978329337875,4.764066820238817,0.5610000000000005,0.022932072469840657,0.5610000000000004,0.0,0.022917651,5.0
3.5972869000337364,-1.2332034543455301,5.0,313.6793910232821,4.763198264997565,0.5620000000000004,0.02293197007460818,0.5620000000000004,0.0,0.022917651,5.0
3.597598375844222,-1.230296898112833,5.0,313.9192584814317,4.762329424423581,0.5630000000000004,0.02293186710265709,0.5630000000000004,0.0,0.022917651,5.0
3.5979099474810834,-1.2273896671448221,5.0,314.1593912247988,4.761460292412074,0.5640000000000004,0.022931763541648303,0.5640000000000004,0.0,0.022917651,5.0
3.5982216170092842,-1.2244817469016185,5.0,314.3997949700179,4.7605908626828555,0.5650000000000004,0.022931659378888202,0.5650000000000004,0.0,0.022917651,5.0
3.5985333865535476,-1.2215731224225594,5.0,314.6404755991623,4.759721128773987,0.5660000000000004,0.02293155460131583,0.5660000000000004,0.0,0.022917651,5.0
3.598845258300535,-1.2186637783108676,5.0,314.8814391657723,4.7588510840351566,0.5670000000000005,0.02293144919548948,0.5670000000000004,0.0,0.022917651,5.0
3.5991572345011167,-1.2157536987176425,5.0,315.12269190114915,4.757980721620771,0.5680000000000004,0.022931343147572746,0.5680000000000004,0.0,0.022917651,5.0
3.5994693174727517,-1.2128428673251417,5.0,315.3642402209285,4.757110034482732,0.5690000000000004,0.022931236443319895,0.5690000000000004,0.0,0.022917651,5.0
3.5997815096019634,-1.2099312673293157,5.0,315.60609073194684,4.756239015362885,0.5700000000000005,0.022931129068060663,0.5700000000000004,0.0,0.022917651,5.0
3.6000938133469287,-1.2070188814215548,5.0,315.84825023941823,4.755367656785148,0.5710000000000004,0.022931021006684274,0.5710000000000004,0.0,0.022917651,5.0
3.6004062312402003,-1.2041056917696091,5.0,316.09072575443616,4.754495951047262,0.5720000000000005,0.022930912243622804,0.5720000000000004,0.0,0.022917651,5.0
3.600718765891526,-1.201191679997635,5.0,316.33352450181815,4.753623890212169,0.5730000000000004,0.02293080276283377,0.5730000000000004,0.0,0.022917651,5.0
3.6010315647617492,-1.1982781961695999,5.0,316.5648880057701,4.752753414603192,0.5740000000000004,0.022930692378973026,0.5740000000000004,0.0,0.022917651,5.0
3.6013444913320747,-1.1953638708364636,5.0,316.7968726668313,4.751882608330907,0.5750000000000004,0.022930581252208062,0.5750000000000004,0.0,0.022917651,5.0
3.6016575433227764,-1.1924486319028054,5.0,317.02994501248463,4.751011390167136,0.5760000000000004,0.022930469370984675,0.5760000000000004,0.0,0.022917651,5.0
3.6019707238175362,-1.1895324569061352,5.0,317.26413178538564,4.750139749984795,0.5770000000000005,0.022930356716753184,0.5770000000000004,0.0,0.022917651,5.0
3.6022840360019623,-1.1866153226415048,5.0,317.49946061212154,4.749267677322067,0.5780000000000004,0.02293024327035074,0.5780000000000004,0.0,0.022917651,5.0
3.6025974831678353,-1.1836972051305767,5.0,317.73596004003696,4.7483951613684585,0.5790000000000004,0.02293012901197587,0.5790000000000004,0.0,0.022917651,5.0
3.602911068717568,-1.1807780795891318,5.0,317.97365957591524,4.747522190950148,0.5800000000000005,0.02293001392116156,0.5800000000000004,0.0,0.022917651,5.0
3.603224796168892,-1.1778579203929282,5.0,318.2125897266273,4.746648754514595,0.5810000000000004,0.022929897976747105,0.5810000000000004,0.0,0.022917651,5.0
3.603538669159787,-1.1749367010418073,5.0,318.4527820418641,4.7457748401143585,0.5820000000000004,0.022929781156848485,0.5820000000000004,0.0,0.022917651,5.0
3.6038526914536617,-1.1720143941219447,5.0,318.69426915907917,4.744900435390073,0.5830000000000005,0.022929663438827137,0.5830000000000004,0.0,0.022917651,5.0
3.6041668669448073,-1.1690909712661308,5.0,318.9370848507758,4.744025527552546,0.5840000000000004,0.02292954479925721,0.5840000000000004,0.0,0.022917651,5.0
3.604481199664135,-1.1661664031119623,5.0,319.1812640742827,4.743150103363912,0.5850000000000004,0.022929425213890988,0.5850000000000004,0.0,0.022917651,5.0
3.6047956937852246,-1.1632406592578137,5.0,319.4268430241718,4.7422741491177725,0.5860000000000004,0.022929304657622582,0.5860000000000004,0.0,0.022917651,5.0
3.605110353630688,-1.1603137082164494,5.0,319.67385918748437,4.74139765061829,0.5870000000000004,0.022929183104449594,0.5870000000000004,0.0,0.022917651,5.0
3.6054251836788835,-1.1573855173661316,5.0,319.92235140194134,4.740520593158146,0.5880000000000005,0.022929060527432727,0.5880000000000004,0.0,0.022917651,5.0
3.6057401885709934,-1.1544560528990582,5.0,320.1723599173283,4.739642961495285,0.5890000000000004,0.022928936898653243,0.5890000000000004,0.0,0.022917651,5.0
3.606055373118494,-1.1515252797669653,5.0,320.42392646025974,4.7387647398284045,0.5900000000000004,0.022928812189168004,0.5900000000000004,0.0,0.022917651,5.0
3.606370742311036,-1.1485931616237075,5.0,320.6770943025392,4.737885911771056,0.5910000000000005,0.022928686368962094,0.5910000000000004,0.0,0.022917651,5.0
3.6066863013247676,-1.1456596607646181,5.0,320.93190833335365,4.737006460324308,0.5920000000000004,0.0229285594068987,0.5920000000000004,0.0,0.022917651,5.0
3.607002055531136,-1.1427247380624397,5.0,321.1884151355531,4.736126367847863,0.5930000000000004,0.02292843127066622,0.5930000000000004,0.0,0.022917651,5.0
3.607318010506181,-1.1397883528995896,5.0,321.4466630662878,4.735245616029522,0.5940000000000004,0.022928301926722353,0.5940000000000004,0.0,0.022917651,5.0
3.6076341720403686,-1.1368504630965244,5.0,321.7067023422978,4.7343641858528835,0.5950000000000004,0.0229281713402349,0.5950000000000004,0.0,0.022917651,5.0
3.6079505461490036,-1.133911024835927,5.0,321.9685851301693,4.733482057563161,0.5960000000000004,0.02292803947501917,0.5960000000000004,0.0,0.022917651,5.0
3.6082671390832437,-1.1309699925824377,5.0,322.2323656418998,4.732599210631006,0.5970000000000004,0.022927906293471724,0.5970000000000004,0.0,0.022917651,5.0
3.6085839573417777,-1.128027318997617,5.0,322.4981002361391,4.731715623714156,0.5980000000000004,0.022927771756500095,0.5980000000000004,0.0,0.022917651,5.0
3.608901007683197,-1.1250829548498054,5.0,322.7658475255038,4.730831274616803,0.5990000000000004,0.022927635823448405,0.5990000000000004,0.0,0.022917651,5.0
3.609218297139123,-1.1221368489185235,5.0,323.0356684903946,4.729946140246494,0.6000000000000004,0.022927498452018382,0.6000000000000004,0.0,0.022917651,5.0
3.609590042308515,-1.1192419207212467,5.0,323.1764609611495,4.7292076614273055,0.6010000000000005,0.022927491034392723,0.6010000000000004,0.0,0.022917651,5.0
3.6099618786207297,-1.1163463207839928,5.0,323.3181218342949,4.728468875427662,0.6020000000000004,0.022927483572517417,0.6020000000000004,0.0,0.022917651,5.0
3.610333807420857,-1.113450039193204,5.0,323.46066392573937,4.727729777714187,0.6030000000000005,0.022927476065739433,0.6030000000000004,0.0,0.022917651,5.0
3.6107058300805814,-1.1105530658392837,5.0,323.6041003048207,4.726990363663856,0.6040000000000004,0.022927468513392807,0.6040000000000004,0.0,0.022917651,5.0
3.6110779850017702,-1.1076555828293113,5.0,323.74834135183005,4.726250968382241,0.6050000000000004,0.022927460909793754,0.6050000000000004,0.0,0.022917651,5.0
3.6114503340240356,-1.1047578881099425,5.0,323.8932311208805,4.72551213621737,0.6060000000000005,0.02292745324638151,0.6060000000000004,0.0,0.022917651,5.0
3.6118227826169234,-1.1018594684002974,5.0,324.0390497730777,4.724772977367315,0.6070000000000004,0.022927445535605558,0.6070000000000004,0.0,0.022917651,5.0
3.612195332297669,-1.0989603126531218,5.0,324.18581146255417,4.72403348685411,0.6080000000000004,0.022927437776744174,0.6080000000000004,0.0,0.022917651,5.0
3.6125679846144956,-1.096060409595568,5.0,324.3335306324809,4.723293659598141,0.6090000000000004,0.022927429969060904,0.6090000000000004,0.0,0.022917651,5.0
3.612940741147399,-1.0931597477234059,5.0,324.48222202248326,4.722553490415531,0.6100000000000004,0.022927422111804176,0.6100000000000004,0.0,0.022917651,5.0
3.613313603508975,-1.0902583152950571,5.0,324.6319006762863,4.721812974015447,0.6110000000000004,0.022927414204206905,0.6110000000000004,0.0,0.022917651,5.0
3.613686573345263,-1.0873561003254415,5.0,324.78258194959807,4.721072104997337,0.6120000000000005,0.02292740624548612,0.6120000000000004,0.0,0.022917651,5.0
3.614059652336616,-1.0844530905796324,5.0,324.93428151823895,4.7203308778480695,0.6130000000000005,0.02292739823484248,0.6130000000000004,0.0,0.022917651,5.0
3.614432842198598,-1.081549273566311,5.0,325.0870153865272,4.719589286938975,0.6140000000000005,0.02292739017145996,0.6140000000000004,0.0,0.022917651,5.0
3.614806144682915,-1.0786446365310165,5.0,325.2407998959292,4.718847326522813,0.6150000000000004,0.022927382054505292,0.6150000000000004,0.0,0.022917651,5.0
3.6151795615783713,-1.0757391664491782,5.0,325.395651733984,4.71810499073063,0.6160000000000004,0.022927373883127582,0.6160000000000004,0.0,0.022917651,5.0
3.615553094711853,-1.0728328500189293,5.0,325.55158794351394,4.717362273568521,0.6170000000000004,0.022927365656457813,0.6170000000000004,0.0,0.022917651,5.0
3.615926745949349,-1.069925673653686,5.0,325.7086259321298,4.716619168914288,0.6180000000000004,0.022927357373608376,0.6180000000000004,0.0,0.022917651,5.0
3.616300517197005,-1.0670176234744895,5.0,325.86678348204356,4.715875670513981,0.6190000000000005,0.022927349033672564,0.6190000000000004,0.0,0.022917651,5.0
3.616674410402208,-1.0641086853020991,5.0,326.02607876019954,4.715131771978347,0.6200000000000004,0.02292734063572403,0.6200000000000004,0.0,0.022917651,5.0
3.6170484275547037,-1.0611988446488263,5.0,326.1865303287357,4.714387466779143,0.6210000000000004,0.0229273321788163,0.6210000000000004,0.0,0.022917651,5.0
3.6174225706877636,-1.058288086710102,5.0,326.34815715578856,4.713642748245334,0.6220000000000006,0.022927323661982198,0.6220000000000004,0.0,0.022917651,5.0
3.6177968418793713,-1.0553763963557656,5.0,326.5109786266545,4.712897609559176,0.6230000000000004,0.022927315084233253,0.6230000000000004,0.0,0.022917651,5.0
3.6181712432534674,-1.0524637581210647,5.0,326.6750145553212,4.712152043752157,0.6240000000000006,0.022927306444559155,0.6240000000000004,0.0,0.022917651,5.0
3.6185457769812213,-1.049550156197353,5.0,326.8402851963835,4.711406043700796,0.6250000000000004,0.022927297741927127,0.6250000000000004,0.0,0.022917651,5.0
3.6189204452823507,-1.04663557442248,5.0,327.0068112573596,4.710659602122329,0.6260000000000004,0.02292728897528129,0.6260000000000004,0.0,0.022917651,5.0
3.619295250426494,-1.0437199962708539,5.0,327.17461391142194,4.709912711570221,0.6270000000000006,0.022927280143542023,0.6270000000000004,0.0,0.022917651,5.0
3.6196701947346117,-1.0408034048431665,5.0,327.3437148105607,4.709165364429536,0.6280000000000006,0.022927271245605303,0.6280000000000004,0.0,0.022917651,5.0
3.6200453400342436,-1.0378863965550018,5.0,327.5138228648903,4.708418405498969,0.6290000000000006,0.02292726227740526,0.6290000000000004,0.0,0.022917651,5.0
3.62042064100067,-1.0349684562219037,5.0,327.68521163180293,4.707671137394857,0.6300000000000004,0.02292725324089848,0.6300000000000004,0.0,0.022917651,5.0
3.6207960889081106,-1.0320494494103454,5.0,327.85796340317887,4.706923390574633,0.6310000000000006,0.02292724413553184,0.6310000000000004,0.0,0.022917651,5.0
3.6211716863163383,-1.0291293575418372,5.0,328.03210192311093,4.706175156698867,0.6320000000000006,0.02292723496010576,0.6320000000000005,0.0,0.022917651,5.0
3.621547435844928,-1.0262081616038428,5.0,328.20765149042256,4.7054264272333,0.6330000000000005,0.02292722571339265,0.6330000000000005,0.0,0.022917651,5.0
3.6219233401750173,-1.0232858421370292,5.0,328.38463697496263,4.704677193443111,0.6340000000000005,0.022927216394136068,0.6340000000000005,0.0,0.022917651,5.0
3.6222994020511203,-1.0203623792220635,5.0,328.56308383447856,4.703927446386997,0.6350000000000005,0.022927207001049874,0.6350000000000005,0.0,0.022917651,5.0
3.622675624283018,-1.0174377524659408,5.0,328.7430181320913,4.703177176911039,0.6360000000000005,0.022927197532817342,0.6360000000000005,0.0,0.022917651,5.0
3.6230520097477026,-1.014511940987819,5.0,328.9244665543976,4.702426375642336,0.6370000000000006,0.02292718798809025,0.6370000000000005,0.0,0.022917651,5.0
3.623428561391406,-1.0115849234043448,5.0,329.107456430225,4.701675032982424,0.6380000000000005,0.02292717836548792,0.6380000000000005,0.0,0.022917651,5.0
3.6238052822316904,-1.0086566778144455,5.0,329.29201575006886,4.700923139100446,0.6390000000000006,0.022927168663596266,0.6390000000000005,0.0,0.022917651,5.0
3.6241821753596235,-1.005727181783564,5.0,329.47817318623885,4.7001706839260775,0.6400000000000005,0.022927158880966733,0.6400000000000005,0.0,0.022917651,5.0
3.6245592439420284,-1.0027964123273176,5.0,329.6659581137464,4.699417657142193,0.6410000000000005,0.022927149016115284,0.6410000000000005,0.0,0.022917651,5.0
3.6249364912238184,-0.999864345894548,5.0,329.8554006319649,4.6986640481772515,0.6420000000000005,0.022927139067521276,0.6420000000000005,0.0,0.022917651,5.0
3.625313920530422,-0.9969309583497443,5.0,330.0465315870956,4.697909846197413,0.6430000000000005,0.02292712903362634,0.6430000000000005,0.0,0.022917651,5.0
3.6256915352702905,-0.9939962249548053,5.0,330.2393825954753,4.697155040098348,0.6440000000000006,0.022927118912833194,0.6440000000000005,0.0,0.022917651,5.0
3.6260693389375116,-0.991060120350116,5.0,330.43398606776213,4.696399618496746,0.6450000000000005,0.022927108703504433,0.6450000000000005,0.0,0.022917651,5.0
3.62644733511451,-0.9881226185349048,5.0,330.6303752340385,4.695643569721496,0.6460000000000005,0.022927098403961257,0.6460000000000005,0.0,0.022917651,5.0
3.6268255767465347,-0.9851837183908427,5.0,330.82850700128233,4.694887104306195,0.6470000000000005,0.022927087933270363,0.6470000000000005,0.0,0.022917651,5.0
3.6272041521323963,-0.9822434386281756,5.0,331.02828430810564,4.694130593923481,0.6480000000000005,0.022927077154774368,0.6480000000000005,0.0,0.022917651,5.0
3.627582930418483,-0.9793016827822774,5.0,331.22995410273467,4.69337341904012,0.6490000000000005,0.022927066283832467,0.6490000000000005,0.0,0.022917651,5.0
3.6279619155365377,-0.9763584222500395,5.0,331.4335530572429,4.692615566779617,0.6500000000000005,0.022927055318653276,0.6500000000000005,0.0,0.022917651,5.0
3.6283411115205455,-0.9734136276845331,5.0,331.63911879735804,4.69185702393062,0.6510000000000005,0.02292704425739882,0.6510000000000005,0.0,0.022917651,5.0
3.6287205225100814,-0.9704672689706704,5.0,331.84668993366455,4.691097776935967,0.6520000000000005,0.022927033098183017,0.6520000000000005,0.0,0.022917651,5.0
3.629100152753789,-0.9675193151999065,5.0,332.056306094039,4.690337811881307,0.6530000000000005,0.022927021839070087,0.6530000000000005,0.0,0.022917651,5.0
3.629480006612995,-0.9645697346439345,5.0,332.26800795737614,4.689577114483241,0.6540000000000006,0.022927010478072912,0.6540000000000005,0.0,0.022917651,5.0
3.6298600885654695,-0.9616184947273257,5.0,332.4818372886659,4.688815670077019,0.6550000000000005,0.02292699901315132,0.6550000000000005,0.0,0.022917651,5.0
3.6302404032093385,-0.9586655619990686,5.0,332.6978369754838,4.68805346360372,0.6560000000000005,0.022926987442210302,0.6560000000000005,0.0,0.022917651,5.0
3.630620955267158,-0.9557109021029515,5.0,332.91605106596376,4.687290479596925,0.6570000000000005,0.02292697576309815,0.6570000000000005,0.0,0.022917651,5.0
3.631001749590145,-0.9527544797467355,5.0,333.1365248083215,4.686526702168832,0.6580000000000006,0.02292696397360455,0.6580000000000005,0.0,0.022917651,5.0
3.6313827911625967,-0.949796258670057,5.0,333.35930469200497,4.685762114995812,0.6590000000000005,0.022926952071458537,0.6590000000000005,0.0,0.022917651,5.0
3.6317640851064814,-0.9468362016110045,5.0,333.58443849054953,4.684996701303363,0.6600000000000005,0.02292694005432643,0.6600000000000005,0.0,0.022917651,5.0
3.6321456366862233,-0.9438742702712959,5.0,333.81197530622114,4.684230443850428,0.6610000000000005,0.022926927919809638,0.6610000000000005,0.0,0.022917651,5.0
3.6325275352255497,-0.9409103148139742,5.0,334.0419027789738,4.683463550115421,0.6620000000000006,0.022926915676667537,0.6620000000000005,0.0,0.022917651,5.0
3.632909934170531,-0.9379440994038273,5.0,334.27416213896765,4.6826963981019185,0.6630000000000005,0.022926903345170398,0.6630000000000005,0.0,0.022917651,5.0
3.633292606744853,-0.9349758882056943,5.0,334.50898069012743,4.68192834482187,0.6640000000000006,0.02292689089345304,0.6640000000000005,0.0,0.022917651,5.0
3.633675558789752,-0.9320056386149772,5.0,334.7464130641637,4.681159371035707,0.6650000000000005,0.0229268783189491,0.6650000000000005,0.0,0.022917651,5.0
3.634058796313912,-0.9290333068057314,5.0,334.98651545891374,4.680389456952321,0.6660000000000005,0.02292686561901863,0.6660000000000005,0.0,0.022917651,5.0
3.634442325499516,-0.9260588476865862,5.0,335.2293456948677,4.679618582209158,0.6670000000000006,0.022926852790945466,0.6670000000000005,0.0,0.022917651,5.0
3.6348261527085466,-0.9230822148547385,5.0,335.47496327415877,4.678846725851439,0.6680000000000005,0.022926839831934442,0.6680000000000005,0.0,0.022917651,5.0
3.635210284489371,-0.9201033605479279,5.0,335.7234294421478,4.678073866310475,0.6690000000000006,0.022926826739108504,0.6690000000000005,0.0,0.022917651,5.0
3.6355947275836207,-0.9171222355942841,5.0,335.9748072517325,4.677299981381022,0.6700000000000005,0.022926813509505685,0.6700000000000005,0.0,0.022917651,5.0
3.635979488933374,-0.9141387893599382,5.0,336.22916163052605,4.676525048197621,0.6710000000000005,0.022926800140075962,0.6710000000000005,0.0,0.022917651,5.0
3.636364575688655,-0.9111529696942795,5.0,336.4865594510534,4.675749043209871,0.6720000000000006,0.02292678662767793,0.6720000000000005,0.0,0.022917651,5.0
3.636749995215286,-0.9081647228727349,5.0,336.7470696041255,4.674971942156599,0.6730000000000004,0.0229267729690754,0.6730000000000005,0.0,0.022917651,5.0
3.63713575510309,-0.9051739935369372,5.0,337.0107630755614,4.674193720038836,0.6740000000000005,0.022926759160933733,0.6740000000000005,0.0,0.022917651,5.0
3.637522001133523,-0.9021806969854671,5.0,337.277355777923,4.6734148772664215,0.6750000000000005,0.022926745184423242,0.6750000000000005,0.0,0.022917651,5.0
3.637908616539694,-0.8991847862946185,5.0,337.54725148337536,4.6726348980614,0.6760000000000006,0.02292673105124912,0.6760000000000005,0.0,0.022917651,5.0
3.638295598271889,-0.8961862020782396,5.0,337.8205580169967,4.671853710675599,0.6770000000000006,0.022926716759101948,0.6770000000000005,0.0,0.022917651,5.0
3.6386829549745494,-0.8931848812473597,5.0,338.09735586638084,4.671071286598769,0.6780000000000005,0.022926702304230353,0.6780000000000005,0.0,0.022917651,5.0
3.639070695566257,-0.8901807587122677,5.0,338.37772807162554,4.670287596416515,0.6790000000000006,0.022926687682763958,0.6790000000000005,0.0,0.022917651,5.0
3.639458829250687,-0.8871737673025648,5.0,338.66176032732545,4.669502609774166,0.6800000000000005,0.022926672890708693,0.6800000000000005,0.0,0.022917651,5.0
3.6398473655280976,-0.8841638376833564,5.0,338.94954108949526,4.668716295338906,0.6810000000000005,0.022926657923941763,0.6810000000000005,0.0,0.022917651,5.0
3.6402363142073657,-0.8811508982673563,5.0,339.24116168770263,4.667928620760049,0.6820000000000006,0.02292664277820645,0.6820000000000005,0.0,0.022917651,5.0
3.6406256854186254,-0.8781348751226761,5.0,339.5367164427108,4.667139552627371,0.6830000000000005,0.02292662744910662,0.6830000000000005,0.0,0.022917651,5.0
3.6410154896265308,-0.8751156918760447,5.0,339.8363027899473,4.666349056427373,0.6840000000000005,0.022926611932100972,0.6840000000000005,0.0,0.022917651,5.0
3.641405850942707,-0.8720930266877074,5.0,340.139824371087,4.665557304653123,0.6850000000000005,0.02292659622258148,0.6850000000000005,0.0,0.022917651,5.0
3.6417967635833155,-0.8690668284904584,5.0,340.4474236121842,4.664764223373898,0.6860000000000005,0.02292658031609025,0.6860000000000005,0.0,0.022917651,5.0
3.642188147910305,-0.8660372064459714,5.0,340.7593698802386,4.663969604888713,0.6870000000000005,0.02292656420765899,0.6870000000000005,0.0,0.022917651,5.0
3.642580016046159,-0.8630040725603314,5.0,341.0757748951646,4.663173409690908,0.6880000000000005,0.022926547892097787,0.6880000000000005,0.0,0.022917651,5.0
3.642972380532353,-0.8599673357982752,5.0,341.3967542382707,4.662375596908348,0.6890000000000006,0.022926531364037328,0.6890000000000005,0.0,0.022917651,5.0
3.6433652543476125,-0.8569269019506475,5.0,341.7224275205412,4.661576124243913,0.6900000000000005,0.022926514617921123,0.6900000000000005,0.0,0.022917651,5.0
3.643758650927139,-0.8538826734948649,5.0,342.0529185597953,4.660774947912852,0.6910000000000005,0.022926497647997243,0.6910000000000005,0.0,0.022917651,5.0
3.6441525841828533,-0.8508345494479531,5.0,342.3883555672762,4.659972022576804,0.6920000000000006,0.022926480448309673,0.6920000000000005,0.0,0.022917651,5.0
3.6445470685247305,-0.8477824252116926,5.0,342.7288713442598,4.659167301274265,0.6930000000000005,0.022926463012689167,0.6930000000000005,0.0,0.022917651,5.0
3.644942244156005,-0.8447258489578645,5.0,343.0743772673638,4.658360893765104,0.6940000000000005,0.022926445301786495,0.6940000000000005,0.0,0.022917651,5.0
3.6453380509093387,-0.8416649083988146,5.0,343.42516239726734,4.657552646722479,0.6950000000000005,0.022926427337365194,0.6950000000000005,0.0,0.022917651,5.0
3.6457344587167486,-0.8385996120055339,5.0,343.78146000310915,4.656742448074488,0.6960000000000005,0.022926409126263404,0.6960000000000005,0.0,0.022917651,5.0
3.6461314843478387,-0.8355298382488382,5.0,344.14342388475177,4.655930243370707,0.6970000000000006,0.022926390661598666,0.6970000000000005,0.0,0.022917651,5.0
3.6465291452019044,-0.8324554610361643,5.0,344.51121361718845,4.6551159761161225,0.6980000000000005,0.022926371936230074,0.6980000000000005,0.0,0.022917651,5.0
3.646927459337771,-0.8293763494953507,5.0,344.8849948241796,4.654299587674247,0.6990000000000005,0.022926352942746055,0.6990000000000005,0.0,0.022917651,5.0
3.6473264455053407,-0.8262923677460029,5.0,345.26493946759604,4.653481017164686,0.7000000000000005,0.022926333673451402,0.7000000000000005,0.0,0.022917651,5.0
3.6477381467907333,-0.8235369698499112,5.0,345.4923490926493,4.652952343354692,0.7010000000000006,0.022926332272438708,0.7010000000000005,0.0,0.022917651,5.0
3.648150100707844,-0.8207800459784477,5.0,345.72125438078876,4.652423155625649,0.7020000000000004,0.022926330753257996,0.7020000000000005,0.0,0.022917651,5.0
3.6485622864480494,-0.8180216730871473,5.0,345.95171588056974,4.651893447119312,0.7030000000000004,0.022926329154465755,0.7030000000000005,0.0,0.022917651,5.0
3.6489746595951176,-0.8152620195371422,5.0,346.18382447934897,4.65136320752141,0.7040000000000005,0.02292632754723737,0.7040000000000005,0.0,0.022917651,5.0
3.6493872229212503,-0.8125010663843855,5.0,346.41760454171373,4.650832428975812,0.7050000000000005,0.02292632593144806,0.7050000000000005,0.0,0.022917651,5.0
3.6497999792535967,-0.8097387943093408,5.0,346.6530809151807,4.6503011034706665,0.7060000000000006,0.02292632430697054,0.7060000000000005,0.0,0.022917651,5.0
3.650212931475622,-0.8069751836076334,5.0,346.89027894222085,4.6497692228345375,0.7070000000000005,0.02292632267367503,0.7070000000000005,0.0,0.022917651,5.0
3.650626082528518,-0.8042102141804194,5.0,347.1292244726457,4.649236778732395,0.7080000000000005,0.022926321031429123,0.7080000000000005,0.0,0.022917651,5.0
3.651039435412651,-0.8014438655244642,5.0,347.36994387636645,4.648703762661507,0.7090000000000005,0.02292631938009776,0.7090000000000005,0.0,0.022917651,5.0
3.651452993189062,-0.7986761167219223,5.0,347.61246405654083,4.648170165947206,0.7100000000000005,0.022926317719543135,0.7100000000000005,0.0,0.022917651,5.0
3.6518667589810048,-0.7959069464298019,5.0,347.85681246312083,4.647635979738513,0.7110000000000005,0.022926316049624675,0.7110000000000005,0.0,0.022917651,5.0
3.652280735975537,-0.7931363328691102,5.0,348.1030171068149,4.6471011950036365,0.7120000000000006,0.0229263143701989,0.7120000000000005,0.0,0.022917651,5.0
3.6526950415263415,-0.7903637535339517,5.0,348.3510067972846,4.646565758456726,0.7130000000000006,0.022926312809027592,0.7130000000000005,0.0,0.022917651,5.0
3.6531095909354683,-0.7875895724581143,5.0,348.6008933851189,4.646029695595171,0.7140000000000005,0.02292631126526566,0.7140000000000005,0.0,0.022917651,5.0
3.6535243617155087,-0.784813880052009,5.0,348.85272988245254,4.645493006935197,0.7150000000000005,0.022926309709522762,0.7150000000000005,0.0,0.022917651,5.0
3.6539393573210104,-0.7820366527309488,5.0,349.10654671811164,4.6449556827110605,0.7160000000000005,0.022926308141611933,0.7160000000000005,0.0,0.022917651,5.0
3.6543545812787777,-0.7792578664169534,5.0,349.36237495736543,4.644417712952764,0.7170000000000005,0.022926306561342293,0.7170000000000005,0.0,0.022917651,5.0
3.654770037189767,-0.7764774965257857,5.0,349.6202463186535,4.643879087480681,0.7180000000000005,0.02292630496851896,0.7180000000000005,0.0,0.022917651,5.0
3.6551857287310474,-0.773695517953575,5.0,349.8801931908435,4.643339795900019,0.7190000000000006,0.02292630336294292,0.7190000000000005,0.0,0.022917651,5.0
3.6556016596578234,-0.7709119050630154,5.0,350.1422486510379,4.642799827595108,0.7200000000000004,0.022926301744410932,0.7200000000000005,0.0,0.022917651,5.0
3.6560178338055205,-0.7681266316691209,5.0,350.40644648295296,4.642259171723497,0.7210000000000005,0.02292630011271542,0.7210000000000005,0.0,0.022917651,5.0
3.6564342807985977,-0.7653395835345861,5.0,350.67281033174436,4.641717832113273,0.7220000000000005,0.02292629844498498,0.7220000000000005,0.0,0.022917651,5.0
3.6568511484855395,-0.76255024280559,5.0,350.9413182755284,4.641175879849389,0.7230000000000005,0.02292629661439607,0.7230000000000005,0.0,0.022917651,5.0
3.657268271323587,-0.7597591581542421,5.0,351.2120808065236,4.640633204268145,0.7240000000000006,0.022926294770392916,0.7240000000000005,0.0,0.022917651,5.0
3.657685653479718,-0.7569663010998261,5.0,351.4851347453247,4.640089793556744,0.7250000000000005,0.022926292912756427,0.7250000000000005,0.0,0.022917651,5.0
3.658103299212145,-0.7541716425380582,5.0,351.7605177186911,4.639545635643757,0.7260000000000005,0.022926291041262738,0.7260000000000005,0.0,0.022917651,5.0
3.6585212128728224,-0.751375152723926,5.0,352.0382681817321,4.639000718192006,0.7270000000000005,0.02292628915568305,0.7270000000000005,0.0,0.022917651,5.0
3.658939398910045,-0.748576801253959,5.0,352.31842544082787,4.6384550285912045,0.7280000000000005,0.022926287255783502,0.7280000000000005,0.0,0.022917651,5.0
3.659357861871124,-0.7457765570479085,5.0,352.6010296773157,4.637908553950363,0.7290000000000005,0.022926285341325018,0.7290000000000005,0.0,0.022917651,5.0
3.6597766064051642,-0.7429743883298089,5.0,352.8861219719723,4.637361281089939,0.7300000000000006,0.022926283412063184,0.7300000000000005,0.0,0.022917651,5.0
3.660195684646955,-0.7401699245924424,5.0,353.173716667936,4.636813047871925,0.7310000000000004,0.022926281466177825,0.7310000000000005,0.0,0.022917651,5.0
3.660615128679216,-0.7373629452142765,5.0,353.4638446451795,4.636263761873917,0.7320000000000004,0.02292627950241929,0.7320000000000005,0.0,0.022917651,5.0
3.6610348703271045,-0.7345539411464113,5.0,353.75659423868524,4.635713641594437,0.7330000000000005,0.022926277522908503,0.7330000000000005,0.0,0.022917651,5.0
3.6614549146949966,-0.7317428776635734,5.0,354.05201041156124,4.635162672724798,0.7340000000000005,0.022926275527375282,0.7340000000000005,0.0,0.022917651,5.0
3.661875267004671,-0.7289297192418304,5.0,354.3501391610385,4.6346108406272215,0.7350000000000005,0.022926273515543254,0.7350000000000005,0.0,0.022917651,5.0
3.662295932598695,-0.7261144295354962,5.0,354.6510275483731,4.6340581303253225,0.7360000000000005,0.02292627148712964,0.7360000000000005,0.0,0.022917651,5.0
3.662716916943944,-0.7232969713532329,5.0,354.9547237297926,4.633504526494262,0.7370000000000005,0.02292626944184509,0.7370000000000005,0.0,0.022917651,5.0
3.6631382256352323,-0.7204773066333108,5.0,355.2612769885268,4.632950013450551,0.7380000000000005,0.022926267379393486,0.7380000000000005,0.0,0.022917651,5.0
3.663560082658099,-0.7176547820438156,5.0,355.5708172298262,4.632394836521263,0.7390000000000007,0.02292626536859827,0.7390000000000005,0.0,0.022917651,5.0
3.6639825281402145,-0.7148292515127774,5.0,355.8834230254801,4.631839010683797,0.7400000000000007,0.02292626341905015,0.7400000000000005,0.0,0.022917651,5.0
3.6644053090868236,-0.712001399666032,5.0,356.1990581445942,4.631282205403547,0.7410000000000007,0.02292626144805085,0.7410000000000005,0.0,0.022917651,5.0
3.6648284314613297,-0.7091711852385707,5.0,356.51777643811903,4.630724403269389,0.7420000000000007,0.022926259455219027,0.7420000000000005,0.0,0.022917651,5.0
3.6652519013693268,-0.7063385659814887,5.0,356.8396330409935,4.63016558645506,0.7430000000000005,0.022926257440164258,0.7430000000000005,0.0,0.022917651,5.0
3.6656757250628575,-0.7035034986324842,5.0,357.1646844106417,4.62960573670671,0.7440000000000007,0.022926255402486766,0.7440000000000005,0.0,0.022917651,5.0
3.6660999089448327,-0.7006659388852905,5.0,357.4929883668646,4.629044835330003,0.7450000000000007,0.022926253341777114,0.7450000000000006,0.0,0.022917651,5.0
3.6665245692994826,-0.6978253904627055,5.0,357.8245984162962,4.628482849782986,0.7460000000000007,0.0229262512228482,0.7460000000000006,0.0,0.022917651,5.0
3.6669499336944806,-0.6949809019610889,5.0,358.15956734504016,4.627919736147116,0.7470000000000006,0.022926248978150238,0.7470000000000006,0.0,0.022917651,5.0
3.667375681664562,-0.6921337725734713,5.0,358.49797653673954,4.6273555159593664,0.7480000000000007,0.02292624671274114,0.7480000000000006,0.0,0.022917651,5.0
3.667801820310553,-0.6892839534111778,5.0,358.83988967831476,4.626790168734997,0.7490000000000006,0.0229262444262375,0.7490000000000006,0.0,0.022917651,5.0
3.668228356909642,-0.6864313943713236,5.0,359.18537203842897,4.62622367348051,0.7500000000000006,0.022926242118246374,0.7500000000000006,0.0,0.022917651,5.0
3.6686552989208794,-0.6835760440988828,5.0,359.53449051690035,4.625656008677747,0.7510000000000006,0.022926239788365024,0.7510000000000006,0.0,0.022917651,5.0
3.6690826539909027,-0.6807178499473264,5.0,359.8873136959786,4.625087152267399,0.7520000000000006,0.022926237436180566,0.7520000000000006,0.0,0.022917651,5.0
3.669510492776596,-0.6778562597768037,5.0,360.24407188670045,4.624516837293206,0.7530000000000007,0.02292623507343717,0.7530000000000006,0.0,0.022917651,5.0
3.669938784736882,-0.6749914749964295,5.0,360.6047654351697,4.623945141706917,0.7540000000000007,0.02292623269522739,0.7540000000000006,0.0,0.022917651,5.0
3.670367505438022,-0.6721236871704133,5.0,360.9693905082899,4.623372158071703,0.7550000000000006,0.022926230295446243,0.7550000000000006,0.0,0.022917651,5.0
3.6707966631123283,-0.6692528386368678,5.0,361.3380225958001,4.622797861655564,0.7560000000000006,0.02292622787367954,0.7560000000000006,0.0,0.022917651,5.0
3.6712262662042296,-0.6663788702481643,5.0,361.71073913254014,4.62222222708924,0.7570000000000006,0.022926225429502404,0.7570000000000006,0.0,0.022917651,5.0
3.671656323377147,-0.6635017213227709,5.0,362.0876195615053,4.621645228345561,0.7580000000000006,0.02292622296247895,0.7580000000000006,0.0,0.022917651,5.0
3.6720869703496746,-0.6606204843784732,5.0,362.4688441235553,4.621066498716645,0.7590000000000006,0.02292622056464891,0.7590000000000006,0.0,0.022917651,5.0
3.672518172278092,-0.6577353902643357,5.0,362.85446910840426,4.620486130256718,0.7600000000000006,0.02292621820218261,0.7600000000000006,0.0,0.022917651,5.0
3.6729498547738744,-0.6548469320201974,5.0,363.2445167058868,4.619904319798764,0.7610000000000006,0.022926215813212743,0.7610000000000006,0.0,0.022917651,5.0
3.6733820273860003,-0.6519550428000565,5.0,363.6390747942865,4.619321038689967,0.7620000000000006,0.02292621339721268,0.7620000000000006,0.0,0.022917651,5.0
3.673814699918124,-0.6490596539751106,5.0,364.0382335956251,4.61873625751333,0.7630000000000007,0.022926210953641744,0.7630000000000006,0.0,0.022917651,5.0
3.6742478830557492,-0.6461606915526874,5.0,364.44208518346653,4.618149945028185,0.7640000000000006,0.022926208481599673,0.7640000000000006,0.0,0.022917651,5.0
3.67468182935457,-0.6432567139515638,5.0,364.8505083785136,4.617561674960324,0.7650000000000006,0.022926205850232213,0.7650000000000006,0.0,0.022917651,5.0
3.6751163164282152,-0.6403489827358706,5.0,365.2638237429314,4.616971814527802,0.7660000000000006,0.02292620319388307,0.7660000000000006,0.0,0.022917651,5.0
3.6755513554627335,-0.6374374202612377,5.0,365.68213247235497,4.616380330833563,0.7670000000000006,0.022926200512035488,0.7670000000000006,0.0,0.022917651,5.0
3.6759869579548337,-0.6345219467269715,5.0,366.1055385728034,4.615787190066944,0.7680000000000007,0.022926197804158367,0.7680000000000006,0.0,0.022917651,5.0
3.676423135722736,-0.6316024801006753,5.0,366.5341489589238,4.615192357471733,0.7690000000000006,0.022926195069705745,0.7690000000000006,0.0,0.022917651,5.0
3.676859815432172,-0.6286777424030678,5.0,366.968413484541,4.614594256324223,0.7700000000000007,0.022926192226459363,0.7700000000000006,0.0,0.022917651,5.0
3.677297062015432,-0.6257485873535712,5.0,367.40818723646134,4.613994004057963,0.7710000000000006,0.022926189333201865,0.7710000000000006,0.0,0.022917651,5.0
3.677734905843201,-0.6228151986462284,5.0,367.8535091166643,4.613391907051697,0.7720000000000007,0.02292618640734157,0.7720000000000006,0.0,0.022917651,5.0
3.678173359670475,-0.6198774858653144,5.0,368.3044976132418,4.6127879259084015,0.7730000000000005,0.022926183448182202,0.7730000000000006,0.0,0.022917651,5.0
3.678612436618058,-0.6169353560020386,5.0,368.76127461245017,4.612182020101179,0.7740000000000006,0.02292618045500751,0.7740000000000006,0.0,0.022917651,5.0
3.6790524344746114,-0.6139872540265227,5.0,369.2243640657081,4.611573830299615,0.7750000000000007,0.022926177426914093,0.7750000000000006,0.0,0.022917651,5.0
3.679493081874412,-0.6110345563633938,5.0,369.69350532123957,4.610963643082255,0.7760000000000006,0.022926174363374092,0.7760000000000006,0.0,0.022917651,5.0
3.6799343892512666,-0.6080771820352515,5.0,370.16882509458884,4.610351419150746,0.7770000000000006,0.02292617126361772,0.7770000000000006,0.0,0.022917651,5.0
3.6803763710903277,-0.6051150283988262,5.0,370.6504589916349,4.6097371138033605,0.7780000000000005,0.0229261681268501,0.7780000000000006,0.0,0.022917651,5.0
3.680819111803369,-0.6021470309843481,5.0,371.138582686981,4.6091199993372935,0.7790000000000007,0.02292616500921134,0.7790000000000006,0.0,0.022917651,5.0
3.6812626319880843,-0.5991730185485518,5.0,371.6333484449878,4.608499986797096,0.7800000000000007,0.02292616191592522,0.7800000000000006,0.0,0.022917651,5.0
3.6817068754639077,-0.5961938759424467,5.0,372.13486914024475,4.607877737211513,0.7810000000000006,0.022926158787767235,0.7810000000000006,0.0,0.022917651,5.0
3.6821518585919377,-0.5932094871197641,5.0,372.64329757182435,4.607253199977787,0.7820000000000007,0.022926155623948567,0.7820000000000006,0.0,0.022917651,5.0
3.6825975719417445,-0.5902192386298714,5.0,373.1587854393739,4.606625723561436,0.7830000000000005,0.02292615243063553,0.7830000000000006,0.0,0.022917651,5.0
3.683043996380531,-0.5872222232162546,5.0,373.68149760229136,4.605994323603025,0.7840000000000006,0.022926149218206248,0.7840000000000006,0.0,0.022917651,5.0
3.6834912181031534,-0.5842195374262068,5.0,374.21162307345463,4.605360442325074,0.7850000000000006,0.022926145968575905,0.7850000000000006,0.0,0.022917651,5.0
3.683939255801375,-0.581211048321723,5.0,374.7493356526843,4.60472402155478,0.7860000000000006,0.022926142680872345,0.7860000000000006,0.0,0.022917651,5.0
3.6843881788379695,-0.5781961326193429,5.0,375.29493228343637,4.604084717409099,0.7870000000000006,0.02292613932707452,0.7870000000000006,0.0,0.022917651,5.0
3.6848380489343042,-0.5751742262195351,5.0,375.84870148241646,4.603442214614352,0.7880000000000006,0.022926135879457743,0.7880000000000006,0.0,0.022917651,5.0
3.685288786758369,-0.5721461435044346,5.0,376.410601272786,4.602797006500081,0.7890000000000006,0.022926132388918795,0.7890000000000006,0.0,0.022917651,5.0
3.6857404131241647,-0.5691117363240801,5.0,376.9808266813116,4.6021490281743604,0.7900000000000005,0.022926128854428095,0.7900000000000006,0.0,0.022917651,5.0
3.6861932054790554,-0.5660689562630195,5.0,377.55961516855535,4.601497338324996,0.7910000000000006,0.022926125204870425,0.7910000000000006,0.0,0.022917651,5.0
3.686647084645527,-0.5630184135180082,5.0,378.1471717747684,4.600842231611809,0.7920000000000006,0.022926121466367834,0.7920000000000006,0.0,0.022917651,5.0
3.6871019286740876,-0.5599610221254205,5.0,378.743693954096,4.600184135823823,0.7930000000000007,0.02292611767731177,0.7930000000000006,0.0,0.022917651,5.0
3.687557781469533,-0.5568963083209786,5.0,379.34943320246197,4.599522752098403,0.7940000000000005,0.022926113829282214,0.7940000000000006,0.0,0.022917651,5.0
3.6880147539797794,-0.5538227748566928,5.0,379.96474746015076,4.598857023663687,0.7950000000000006,0.022926109895604282,0.7950000000000006,0.0,0.022917651,5.0
3.6884727649584717,-0.5507418594424467,5.0,380.58972186024386,4.598188066950101,0.7960000000000006,0.022926105917533406,0.7960000000000006,0.0,0.022917651,5.0
3.6889318407916103,-0.5476533745134325,5.0,381.2246018531658,4.59751579993169,0.7970000000000007,0.022926101893941637,0.7970000000000006,0.0,0.022917651,5.0
3.6893920893005823,-0.5445554797172777,5.0,381.8699174152016,4.596838820155112,0.7980000000000006,0.02292609787055947,0.7980000000000006,0.0,0.022917651,5.0
3.6898534236414084,-0.5414494976554499,5.0,382.52561991128476,4.596158097418629,0.7990000000000007,0.022926093796825156,0.7990000000000006,0.0,0.022917651,5.0
3.69031585712207,-0.5383354626051569,5.0,383.1919306727165,4.595473718333777,0.8000000000000006,0.022926089664200424,0.8000000000000006,0.0,0.022917651,5.0
3.690696724960943,-0.5357532514457787,5.0,383.4215388469257,4.5949265046514585,0.8010000000000007,0.022926089177711304,0.8010000000000006,0.0,0.022917651,5.0
3.6910778137473685,-0.5331687051376565,5.0,383.6536710668119,4.594377839441127,0.8020000000000006,0.022926088683207876,0.8020000000000006,0.0,0.022917651,5.0
3.691459014020726,-0.5305824258511702,5.0,383.8883046865647,4.5938278872021625,0.8030000000000006,0.02292608818389974,0.8030000000000006,0.0,0.022917651,5.0
3.6918403271537823,-0.5279943922477216,5.0,384.1254705065501,4.593276632087061,0.8040000000000006,0.02292608767972772,0.8040000000000006,0.0,0.022917651,5.0
3.6922217545419342,-0.5254045826369382,5.0,384.3651998348879,4.592724057987062,0.8050000000000007,0.022926087170631698,0.8050000000000006,0.0,0.022917651,5.0
3.692603297603678,-0.5228129749693947,5.0,384.60752449795893,4.59217014852675,0.8060000000000006,0.022926086656550524,0.8060000000000006,0.0,0.022917651,5.0
3.692985001310944,-0.5202188840597354,5.0,384.8525485649072,4.591614398765769,0.8070000000000006,0.022926086132737913,0.8070000000000006,0.0,0.022917651,5.0
3.693366865626095,-0.5176223046064864,5.0,385.10030984173966,4.59105680325501,0.8080000000000007,0.022926085599394908,0.8080000000000006,0.0,0.022917651,5.0
3.693748849442241,-0.515023860166467,5.0,385.35077404730987,4.590497820779404,0.8090000000000006,0.022926085061075862,0.8090000000000006,0.0,0.022917651,5.0
3.694130954263636,-0.5124235272636255,5.0,385.6039752055023,4.589937433880134,0.8100000000000007,0.02292608451771814,0.8100000000000006,0.0,0.022917651,5.0
3.694513181619885,-0.5098212820262348,5.0,385.85994791365505,4.589375624804128,0.8110000000000007,0.022926083969258042,0.8110000000000006,0.0,0.022917651,5.0
3.6948955330664863,-0.5072171001785204,5.0,386.1187273546918,4.588812375497828,0.8120000000000008,0.022926083415630797,0.8120000000000006,0.0,0.022917651,5.0
3.695278086003866,-0.5046101213982752,5.0,386.38043665881446,4.588247131149266,0.8130000000000006,0.02292608285649138,0.8130000000000006,0.0,0.022917651,5.0
3.6956607901691134,-0.5020009069242941,5.0,386.64505001705044,4.587680254827218,0.8140000000000006,0.022926082291984503,0.8140000000000006,0.0,0.022917651,5.0
3.6960436257147706,-0.4993896700195253,5.0,386.9125794426926,4.587111881576094,0.8150000000000006,0.022926081722123858,0.8150000000000006,0.0,0.022917651,5.0
3.6964265943419594,-0.4967763844973827,5.0,387.1830626932009,4.586541992013545,0.8160000000000008,0.02292608114684011,0.8160000000000006,0.0,0.022917651,5.0
3.6968096977812994,-0.4941610237172334,5.0,387.456538180709,4.5859705664211505,0.8170000000000006,0.022926080566062747,0.8170000000000006,0.0,0.022917651,5.0
3.6971929712743004,-0.49154303432245267,5.0,387.7331036103988,4.585397194185879,0.8180000000000006,0.022926080000292535,0.8180000000000006,0.0,0.022917651,5.0
3.6975764507989752,-0.4889218380604957,5.0,388.0128653249367,4.58482144290067,0.8190000000000006,0.022926079475785264,0.8190000000000006,0.0,0.022917651,5.0
3.6979600693862116,-0.4862984812046433,5.0,388.29574676028653,4.584244087371083,0.8200000000000006,0.022926078952970483,0.8200000000000006,0.0,0.022917651,5.0
3.6983438288717494,-0.4836729352332759,5.0,388.5817890993336,4.583665106419772,0.8210000000000006,0.02292607843187054,0.8210000000000006,0.0,0.022917651,5.0
3.698727731123785,-0.48104517112054346,5.0,388.871034253031,4.583084478494998,0.8220000000000007,0.022926077912508166,0.8220000000000006,0.0,0.022917651,5.0
3.6991117993448963,-0.4784149227509675,5.0,389.1635573160819,4.582502029817967,0.8230000000000006,0.022926077387632426,0.8230000000000006,0.0,0.022917651,5.0
3.6994961370651667,-0.4757810206132193,5.0,389.459563150747,4.581917002631959,0.8240000000000006,0.022926076817378314,0.8240000000000006,0.0,0.022917651,5.0
3.699880621755632,-0.4731448083652753,5.0,389.7589113775334,4.581330253179276,0.8250000000000007,0.02292607624033098,0.8250000000000006,0.0,0.022917651,5.0
3.7002652553938367,-0.4705062549236546,5.0,390.0616469696988,4.580741758286114,0.8260000000000007,0.02292607565639902,0.8260000000000006,0.0,0.022917651,5.0
3.7006500399929614,-0.4678653286447097,5.0,390.3678157109805,4.580151494361041,0.8270000000000007,0.02292607506548938,0.8270000000000006,0.0,0.022917651,5.0
3.7010350111019643,-0.4652216746614538,5.0,390.677501183896,4.579559249483947,0.8280000000000007,0.022926074454604026,0.8280000000000006,0.0,0.022917651,5.0
3.7014202620957843,-0.46257438083527663,5.0,390.9908541957325,4.578964487062331,0.8290000000000008,0.022926073789457387,0.8290000000000006,0.0,0.022917651,5.0
3.70180567125398,-0.4599246065261358,5.0,391.30778813685845,4.578367876794548,0.8300000000000007,0.022926073118302734,0.8300000000000006,0.0,0.022917651,5.0
3.7021912407539324,-0.4572723175863225,5.0,391.6283523043396,4.5777693932421215,0.8310000000000007,0.02292607244105733,0.8310000000000006,0.0,0.022917651,5.0
3.7025769728131688,-0.45461747923844315,5.0,391.9525969042807,4.577169010497485,0.8320000000000005,0.022926071757636945,0.8320000000000006,0.0,0.022917651,5.0
3.7029629355615103,-0.4519592714889652,5.0,392.28068478909506,4.576566179075461,0.8330000000000007,0.02292607108297054,0.8330000000000006,0.0,0.022917651,5.0
3.703349129279388,-0.4492976738578096,5.0,392.61267086520434,4.575960879645546,0.8340000000000007,0.022926070416115708,0.8340000000000006,0.0,0.022917651,5.0
3.7037354920430645,-0.44663341216475083,5.0,392.9485012932069,4.575353592282369,0.8350000000000007,0.022926069742199504,0.8350000000000006,0.0,0.022917651,5.0
3.7041220262316137,-0.44396644891700543,5.0,393.2882301767452,4.5747442890086685,0.8360000000000007,0.022926069061122562,0.8360000000000006,0.0,0.022917651,5.0
3.704508735505619,-0.4412967253204509,5.0,393.63191598764166,4.574132925686679,0.8370000000000006,0.022926068373106453,0.8370000000000006,0.0,0.022917651,5.0
3.704895717066794,-0.4386226199604571,5.0,393.97987460084477,4.573518270954023,0.8380000000000006,0.022926067702441523,0.8380000000000006,0.0,0.022917651,5.0
3.705282877206767,-0.4359456907772254,5.0,394.3319059002004,4.572901506877729,0.8390000000000005,0.022926067023570532,0.8390000000000006,0.0,0.022917651,5.0
3.705670218483843,-0.433265897316896,5.0,394.68806823067604,4.572282603239516,0.8400000000000007,0.022926066336375905,0.8400000000000006,0.0,0.022917651,5.0
3.706057743505427,-0.43058319834918307,5.0,395.04842105704654,4.571661529241123,0.8410000000000006,0.02292606564073784,0.8410000000000006,0.0,0.022917651,5.0
3.706445733115896,-0.4278958052796418,5.0,395.4133606058725,4.571037621064632,0.8420000000000006,0.02292606510443011,0.8420000000000006,0.0,0.022917651,5.0
3.7068340166245757,-0.42520473808011405,5.0,395.7827598696771,4.570411214868248,0.8430000000000007,0.022926064634047956,0.8430000000000006,0.0,0.022917651,5.0
3.707222485283719,-0.422510648731664,5.0,396.1565504763093,4.569782527051785,0.8440000000000007,0.02292606416423746,0.8440000000000006,0.0,0.022917651,5.0
3.707611141784251,-0.4198134933112192,5.0,396.5347962483254,4.569151524454812,0.8450000000000006,0.022926063695006924,0.8450000000000006,0.0,0.022917651,5.0
3.7079997289390225,-0.41711274928795533,5.0,396.9174751336847,4.568516652725833,0.8460000000000006,0.02292606299883154,0.8460000000000006,0.0,0.022917651,5.0
3.708388356607093,-0.4144085214368994,5.0,397.30468111038573,4.5678784571599405,0.8470000000000008,0.022926062154906748,0.8470000000000006,0.0,0.022917651,5.0
3.708777193825709,-0.4117010562036205,5.0,397.69653620708306,4.567237862267618,0.8480000000000006,0.0229260613049736,0.8480000000000006,0.0,0.022917651,5.0
3.7091662437430903,-0.4089903049507566,5.0,398.09311027062125,4.566594832002181,0.8490000000000006,0.022926060448941826,0.8490000000000006,0.0,0.022917651,5.0
3.709555824853106,-0.40627475899663035,5.0,398.494764748582,4.565949138190198,0.8500000000000006,0.022926059644166556,0.8500000000000006,0.0,0.022917651,5.0
3.7099457790990584,-0.40355509323654515,5.0,398.9014369913966,4.565300820529201,0.8510000000000006,0.022926058859599086,0.8510000000000006,0.0,0.022917651,5.0
3.7103359511148617,-0.400831986112712,5.0,399.3130575782466,4.564649932786659,0.8520000000000006,0.02292605806589166,0.8520000000000006,0.0,0.022917651,5.0
3.710726344220045,-0.39810538516741956,5.0,399.72970193818327,4.5639964357860725,0.8530000000000008,0.02292605726290496,0.8530000000000006,0.0,0.022917651,5.0
3.7111170431582345,-0.395373145147611,5.0,400.1518509915004,4.5633385121265935,0.8540000000000006,0.022926056447395243,0.8540000000000006,0.0,0.022917651,5.0
3.7115079787758116,-0.3926370581230067,5.0,400.5792401266496,4.562677686768424,0.8550000000000006,0.022926055621974,0.8550000000000006,0.0,0.022917651,5.0
3.7118991445016354,-0.3898973263495954,5.0,401.0119003481565,4.562014137033581,0.8560000000000006,0.022926054786877394,0.8560000000000006,0.0,0.022917651,5.0
3.7122905642996455,-0.3871534184983892,5.0,401.4499653082044,4.56134742952403,0.8570000000000007,0.022926053941254253,0.8570000000000007,0.0,0.022917651,5.0
3.71268227835344,-0.3844044434948327,5.0,401.8936123988043,4.5606768374505675,0.8580000000000007,0.02292605308372024,0.8580000000000007,0.0,0.022917651,5.0
3.7130742357033086,-0.38165162552011794,5.0,402.342787861418,4.560003375490547,0.8590000000000008,0.022926052216013647,0.8590000000000007,0.0,0.022917651,5.0
3.713466440186043,-0.37889490397040404,5.0,402.79757887873956,4.55932699838572,0.8600000000000008,0.022926051337974047,0.8600000000000007,0.0,0.022917651,5.0
3.7138588563303094,-0.37613276129727,5.0,403.2583136224002,4.558646047256973,0.8610000000000005,0.022926050572369204,0.8610000000000007,0.0,0.022917651,5.0
3.7142515187943133,-0.37336618880597794,5.0,403.72491693046703,4.557961651817517,0.8620000000000007,0.022926049835229768,0.8620000000000007,0.0,0.022917651,5.0
3.714644442550331,-0.3705955134344227,5.0,404.1974183813067,4.557274198767427,0.8630000000000008,0.02292604909403078,0.8630000000000007,0.0,0.022917651,5.0
3.715037672173424,-0.36781985885823304,5.0,404.6760278224911,4.5565829887112566,0.8640000000000008,0.022926048358549837,0.8640000000000007,0.0,0.022917651,5.0
3.715431225653401,-0.3650389087749521,5.0,405.1608825777102,4.55588777687588,0.8650000000000008,0.02292604763224625,0.8650000000000007,0.0,0.022917651,5.0
3.715825056417534,-0.36225362792223886,5.0,405.6519376909199,4.555189343457761,0.8660000000000007,0.02292604690269675,0.8660000000000007,0.0,0.022917651,5.0
3.7162191946263423,-0.3594634078533441,5.0,406.1494032976561,4.554487201514917,0.8670000000000008,0.022926046126297884,0.8670000000000007,0.0,0.022917651,5.0
3.7166137121125424,-0.35666673729946613,5.0,406.6536793664492,4.55378012941925,0.8680000000000007,0.022926045180872955,0.8680000000000007,0.0,0.022917651,5.0
3.717008518241847,-0.353865524267604,5.0,407.16447656230787,4.553069669463003,0.8690000000000007,0.02292604422333401,0.8690000000000007,0.0,0.022917651,5.0
3.7174035253205098,-0.35105947962240747,5.0,407.68200598722564,4.5523551810760425,0.8700000000000007,0.02292604325313181,0.8700000000000007,0.0,0.022917651,5.0
3.7177980688822694,-0.34824704009310664,5.0,408.20710093241837,4.551632438454625,0.8710000000000007,0.022926042267689826,0.8710000000000007,0.0,0.022917651,5.0
3.718192876803579,-0.34542984574727187,5.0,408.7390547264132,4.550905998427222,0.8720000000000007,0.02292604126963729,0.8720000000000007,0.0,0.022917651,5.0
3.7185879970779743,-0.3426075573391484,5.0,409.2780231497197,4.5501757139856664,0.8730000000000007,0.022926040255836257,0.8730000000000007,0.0,0.022917651,5.0
3.7189837485460298,-0.3397782408199792,5.0,409.824425208007,4.549440928322035,0.8740000000000007,0.022926039206203334,0.8740000000000007,0.0,0.022917651,5.0
3.7193797862679605,-0.3369439163415519,5.0,410.37805070279757,4.5487022796921535,0.8750000000000007,0.022926038145023465,0.8750000000000007,0.0,0.022917651,5.0
3.719775996956413,-0.3341039327185253,5.0,410.93913878835167,4.547958664359374,0.8760000000000008,0.022926037083652765,0.8760000000000007,0.0,0.022917651,5.0
3.720172069218481,-0.33125672071280926,5.0,411.50812240498465,4.547207269166365,0.8770000000000008,0.022926036049367143,0.8770000000000007,0.0,0.022917651,5.0
3.720568423683578,-0.32840420566472295,5.0,412.0847163038542,4.546451699898783,0.8780000000000007,0.022926034999038898,0.8780000000000007,0.0,0.022917651,5.0
3.720965206583378,-0.3255452850325219,5.0,412.6693006030281,4.545691435251257,0.8790000000000007,0.022926033898313852,0.8790000000000007,0.0,0.022917651,5.0
3.721362474109768,-0.32267950360500136,5.0,413.26210712059924,4.544926243075606,0.8800000000000007,0.022926032742816443,0.8800000000000007,0.0,0.022917651,5.0
3.7217600374650157,-0.3198081548419937,5.0,413.8629340957758,4.544156666550424,0.8810000000000008,0.02292603158250534,0.8810000000000007,0.0,0.022917651,5.0
3.722157966457853,-0.3169291838208768,5.0,414.4723255282858,4.5433809413895645,0.8820000000000007,0.02292603084299143,0.8820000000000007,0.0,0.022917651,5.0
3.7225562209002314,-0.3140436912366145,5.0,415.09018356024984,4.542600000982567,0.8830000000000007,0.02292603026600405,0.8830000000000007,0.0,0.022917651,5.0
3.7229547710147433,-0.31115203197707486,5.0,415.71657447606276,4.541814074370364,0.8840000000000007,0.022926029617180106,0.8840000000000007,0.0,0.022917651,5.0
3.72335355419859,-0.30825217521883663,5.0,416.35213729430365,4.541020863680428,0.8850000000000008,0.022926028409517556,0.8850000000000007,0.0,0.022917651,5.0
3.723752644220559,-0.30534622834478425,5.0,416.99647010297434,4.54022278995142,0.8860000000000007,0.022926027192327815,0.8860000000000007,0.0,0.022917651,5.0
3.724152257260573,-0.30243222051603524,5.0,417.65007889066817,4.539418755212755,0.8870000000000007,0.022926025993552205,0.8870000000000007,0.0,0.022917651,5.0
3.7245523354848133,-0.29951061679041,5.0,418.3130229605686,4.538608990758634,0.8880000000000007,0.022926024798904654,0.8880000000000007,0.0,0.022917651,5.0
3.724952736124485,-0.296582181807309,5.0,418.985310720435,4.537793685139923,0.8890000000000007,0.022926023585942448,0.8890000000000007,0.0,0.022917651,5.0
3.7253534531065196,-0.29364494671738317,5.0,419.6675036363924,4.536970848155712,0.8900000000000007,0.022926022347943314,0.8900000000000007,0.0,0.022917651,5.0
3.725754517129563,-0.2907010438893627,5.0,420.3593171997027,4.536142731925824,0.8910000000000007,0.02292602109230153,0.8910000000000007,0.0,0.022917651,5.0
3.726156075336363,-0.2877480096446332,5.0,421.0613952773117,4.535307459963306,0.8920000000000008,0.022926019824755648,0.8920000000000007,0.0,0.022917651,5.0
3.7265580302834436,-0.28478738973150475,5.0,421.77359669795214,4.534466189055934,0.8930000000000007,0.022926018540492952,0.8930000000000007,0.0,0.022917651,5.0
3.7269605137362682,-0.2818179847343168,5.0,422.49628505193857,4.5336182441003094,0.8940000000000008,0.0229260172191256,0.8940000000000007,0.0,0.022917651,5.0
3.7273635362306794,-0.2788396523875691,5.0,423.22966257443574,4.532763524839174,0.8950000000000008,0.0229260158668386,0.8950000000000007,0.0,0.022917651,5.0
3.7277668855200483,-0.27585337776579877,5.0,423.97383305654154,4.531902172061108,0.8960000000000007,0.02292601464727214,0.8960000000000007,0.0,0.022917651,5.0
3.728170472363254,-0.2728581788814863,5.0,424.72930606394766,4.531032849378124,0.8970000000000007,0.0229260137805701,0.8970000000000007,0.0,0.022917651,5.0
3.7285744708518798,-0.2698549320416841,5.0,425.49585872019367,4.530157124951072,0.8980000000000008,0.02292601288498442,0.8980000000000007,0.0,0.022917651,5.0
3.7289790303348864,-0.26684118706777515,5.0,426.27418812965504,4.5292731439035565,0.8990000000000008,0.022926011839540506,0.8990000000000007,0.0,0.022917651,5.0
3.729383999274585,-0.26381934868293766,5.0,427.0639683820776,4.52838270674367,0.9000000000000007,0.022926010779626773,0.9000000000000007,0.0,0.022917651,5.0
3.7296931513651908,-0.26137020775790576,5.0,427.4263812068405,4.5276277410567385,0.9010000000000007,0.02292601044810726,0.9010000000000007,0.0,0.022917651,5.0
3.730002339059129,-0.258918750820586,5.0,427.7925157334193,4.52687060202373,0.9020000000000007,0.02292601011606506,0.9020000000000007,0.0,0.022917651,5.0
3.7303115627397987,-0.25646495293051125,5.0,428.16241203974585,4.526111266240511,0.9030000000000008,0.02292600978349454,0.9030000000000007,0.0,0.022917651,5.0
3.7306208337953244,-0.25400788829728227,5.0,428.53638591761296,4.525348860273113,0.9040000000000008,0.022926009446416085,0.9040000000000007,0.0,0.022917651,5.0
3.7309301281847884,-0.25154766667163797,5.0,428.914461911782,4.5245833962728845,0.9050000000000007,0.022926009105646024,0.9050000000000007,0.0,0.022917651,5.0
3.731239430094025,-0.2490850158147254,5.0,429.29645878117947,4.523815532928058,0.9060000000000007,0.022926008764572937,0.9060000000000007,0.0,0.022917651,5.0
3.731548759683996,-0.24661965508827788,5.0,429.6824720995665,4.523045069561597,0.9070000000000008,0.022926008423156376,0.9070000000000007,0.0,0.022917651,5.0
3.7318582592979155,-0.24414975529877728,5.0,430.0729337395287,4.522270741670181,0.9080000000000008,0.022926008081059837,0.9080000000000007,0.0,0.022917651,5.0
3.7321677660655608,-0.24167735426988163,5.0,430.46746424604976,4.521493941232165,0.9090000000000007,0.022926007738524875,0.9090000000000007,0.0,0.022917651,5.0
3.732477280064585,-0.2392024248509957,5.0,430.86610778609315,4.520714641408407,0.9100000000000008,0.022926007395546726,0.9100000000000007,0.0,0.022917651,5.0
3.7327867796523484,-0.23672363310570063,5.0,431.2692913360222,4.5199314226924265,0.9110000000000007,0.022926007058083495,0.9110000000000007,0.0,0.022917651,5.0
3.7330962771152016,-0.23424186377081202,5.0,431.6767980604764,4.51914521826299,0.9120000000000007,0.022926006721850797,0.9120000000000007,0.0,0.022917651,5.0
3.733405778446068,-0.2317574688568961,5.0,432.088563476503,4.518356403811354,0.9130000000000007,0.022926006385091704,0.9130000000000007,0.0,0.022917651,5.0
3.7337152610087982,-0.22926947106601964,5.0,432.50489180647196,4.517563911068518,0.9140000000000007,0.02292600604386866,0.9140000000000007,0.0,0.022917651,5.0
3.7340247286279884,-0.2267779209233045,5.0,432.92581219558184,4.516767805735328,0.9150000000000007,0.0229260056986189,0.9150000000000007,0.0,0.022917651,5.0
3.734334202419478,-0.22428364440319648,5.0,433.3511419040611,4.515968998584531,0.9160000000000007,0.022926005352920796,0.9160000000000007,0.0,0.022917651,5.0
3.734643735025583,-0.22178578300857518,5.0,433.78114064308966,4.5151668431145735,0.9170000000000009,0.022926005150660476,0.9170000000000007,0.0,0.022917651,5.0
3.7349533633141974,-0.21928366074870598,5.0,434.21603715056693,4.5143608120717165,0.9180000000000008,0.022926005199473642,0.9180000000000007,0.0,0.022917651,5.0
3.7352629917673656,-0.2167787202453371,5.0,434.6555144924367,4.513551963537917,0.9190000000000007,0.022926005241083958,0.9190000000000007,0.0,0.022917651,5.0
3.7355724175559666,-0.21427024683923293,5.0,435.0997655910295,4.512738768972004,0.9200000000000008,0.022926005189875073,0.9200000000000007,0.0,0.022917651,5.0
3.7358813309409773,-0.2117571398925011,5.0,435.5490672648284,4.511918884702738,0.9210000000000009,0.02292600491471554,0.9210000000000007,0.0,0.022917651,5.0
3.736190258854672,-0.20924112628822006,5.0,436.003110219637,4.511096151919259,0.9220000000000007,0.022926004637485065,0.9220000000000007,0.0,0.022917651,5.0
3.736499127142034,-0.20672196782315186,5.0,436.4620791281451,4.5102700377686,0.9230000000000007,0.022926004333573998,0.9230000000000007,0.0,0.022917651,5.0
3.7368078173329966,-0.20419927230149582,5.0,436.92624476107665,4.5094396793189215,0.9240000000000009,0.02292600396311295,0.9240000000000007,0.0,0.022917651,5.0
3.737116530989184,-0.20167354248651623,5.0,437.39531400511953,4.508606380241622,0.9250000000000009,0.02292600359234825,0.9250000000000007,0.0,0.022917651,5.0
3.7374251871844577,-0.1991440895864756,5.0,437.86956366390825,4.50776912864296,0.9260000000000008,0.022926003220827464,0.9260000000000007,0.0,0.022917651,5.0
3.737733703989906,-0.19661022386696317,5.0,438.34928245482894,4.506926907919993,0.9270000000000007,0.02292600284797247,0.9270000000000007,0.0,0.022917651,5.0
3.738042243714893,-0.19407321668104788,5.0,438.83409528351604,4.506081637575844,0.9280000000000008,0.022926002474613637,0.9280000000000007,0.0,0.022917651,5.0
3.7383508670706727,-0.19153183185805017,5.0,439.32445593252123,4.505232320396536,0.9290000000000008,0.022926002103501816,0.9290000000000007,0.0,0.022917651,5.0
3.7386595789928423,-0.18898586317577262,5.0,439.8205035549469,4.504378769194947,0.9300000000000007,0.022926001735149335,0.9300000000000007,0.0,0.022917651,5.0
3.738968308598172,-0.18643665570047271,5.0,440.32185418483823,4.503522049931807,0.9310000000000008,0.022926001366420087,0.9310000000000007,0.0,0.022917651,5.0
3.7392772029043475,-0.18388239179519383,5.0,440.82901178565385,4.5026609404359155,0.9320000000000008,0.02292600099531088,0.9320000000000007,0.0,0.022917651,5.0
3.7395861890434325,-0.18132392617073956,5.0,441.3418251933515,4.5017960001768405,0.9330000000000007,0.02292600062266193,0.9330000000000007,0.0,0.022917651,5.0
3.739895195818501,-0.1787620864056884,5.0,441.8601456141661,4.5009277683297535,0.9340000000000008,0.02292600024940944,0.9340000000000007,0.0,0.022917651,5.0
3.7402043087285777,-0.17619455645127757,5.0,442.38473051257455,4.500054262535774,0.9350000000000008,0.022925999875472596,0.9350000000000007,0.0,0.022917651,5.0
3.740513446709561,-0.17362343883447195,5.0,442.91500726417195,4.499177268703751,0.9360000000000007,0.02292599950090569,0.9360000000000007,0.0,0.022917651,5.0
3.740822568816325,-0.17104818482575726,5.0,443.4512658402634,4.4982960758689625,0.9370000000000007,0.022925999126616706,0.9370000000000007,0.0,0.022917651,5.0
3.7411316197939484,-0.168467886066281,5.0,443.99394543514387,4.497409556489483,0.9380000000000008,0.02292599875398299,0.9380000000000007,0.0,0.022917651,5.0
3.74144068470049,-0.1658839933513647,5.0,444.5425095779517,4.496519499094347,0.9390000000000008,0.02292599838089179,0.9390000000000007,0.0,0.022917651,5.0
3.741749749477351,-0.1632949377191241,5.0,445.09762158458284,4.495624278656944,0.9400000000000007,0.022925998257087982,0.9400000000000007,0.0,0.022917651,5.0
3.742058823248245,-0.16070155710312442,5.0,445.65902747828267,4.494724769249594,0.9410000000000008,0.022925998230430705,0.9410000000000007,0.0,0.022917651,5.0
3.7423679099844707,-0.15810395537591998,5.0,446.22669030510724,4.493821090494241,0.942000000000001,0.022925998145029984,0.9420000000000007,0.0,0.022917651,5.0
3.7426770039527857,-0.15550018323250417,5.0,446.8012190132034,4.492911270165436,0.9430000000000007,0.022925997816893234,0.9430000000000007,0.0,0.022917651,5.0
3.742986118964981,-0.15289259257025758,5.0,447.3820388545364,4.491997715561224,0.9440000000000007,0.022925997486283052,0.9440000000000007,0.0,0.022917651,5.0
3.7432951513749444,-0.15027989262613342,5.0,447.9697899621467,4.491078723440122,0.9450000000000008,0.022925997107768294,0.9450000000000007,0.0,0.022917651,5.0
3.743604158439977,-0.14766272076893833,5.0,448.5642442389486,4.490155158975592,0.9460000000000008,0.022925996708768166,0.9460000000000007,0.0,0.022917651,5.0
3.74391316366691,-0.14504096105989803,5.0,449.16547452534905,4.489226995809274,0.9470000000000007,0.02292599631041456,0.9470000000000007,0.0,0.022917651,5.0
3.74422213812454,-0.1424136350573146,5.0,449.7739323136365,4.488293134201067,0.9480000000000007,0.02292599591496035,0.9480000000000007,0.0,0.022917651,5.0
3.7445311373651737,-0.13978220782053513,5.0,450.3891204106959,4.487355270376284,0.9490000000000008,0.02292599551901421,0.9490000000000007,0.0,0.022917651,5.0
3.744840199287535,-0.13714408338070194,5.0,451.01206390535646,4.486410972101846,0.9500000000000007,0.022925995118580404,0.9500000000000007,0.0,0.022917651,5.0
3.745149288018788,-0.13450152623636155,5.0,451.64201568322005,4.485462349511543,0.9510000000000007,0.022925994717075782,0.9510000000000007,0.0,0.022917651,5.0
3.745458340310702,-0.13185319896748438,5.0,452.2795875544667,4.484507806902736,0.9520000000000008,0.022925994310829964,0.9520000000000007,0.0,0.022917651,5.0
3.74576737672873,-0.1291995774296827,5.0,452.9246699001333,4.48354790386219,0.9530000000000007,0.022925993901389597,0.9530000000000007,0.0,0.022917651,5.0
3.746076464550714,-0.12654053703980958,5.0,453.5774073677772,4.482582786685104,0.9540000000000007,0.022925993494361994,0.9540000000000007,0.0,0.022917651,5.0
3.7463856238402524,-0.12387514143475924,5.0,454.23828607522375,4.481611598288683,0.9550000000000008,0.022925993092374565,0.9550000000000007,0.0,0.022917651,5.0
3.746694815796113,-0.12120484691873241,5.0,454.9067742272095,4.480635641898208,0.9560000000000007,0.02292599268916593,0.9560000000000007,0.0,0.022917651,5.0
3.7470041166434327,-0.11852747953856747,5.0,455.5838877126738,4.479653050975806,0.9570000000000007,0.02292599228119467,0.9570000000000007,0.0,0.022917651,5.0
3.74731342288673,-0.1158455205990277,5.0,456.2686503998273,4.478665890118365,0.9580000000000007,0.022925991872617266,0.9580000000000007,0.0,0.022917651,5.0
3.747622649897636,-0.11315653197949796,5.0,456.9619572951226,4.47767139496593,0.9590000000000007,0.022925991460954413,0.9590000000000007,0.0,0.022917651,5.0
3.7479318897908978,-0.1104627459581784,5.0,457.66314839512825,4.476672154370136,0.9600000000000009,0.02292599104855486,0.9600000000000007,0.0,0.022917651,5.0
3.748241168135939,-0.10776151117121521,5.0,458.37335304198314,4.475665609212545,0.9610000000000007,0.022925990785536303,0.9610000000000007,0.0,0.022917651,5.0
3.748550465423105,-0.10505500466425696,5.0,459.0918145008868,4.474653866619797,0.962000000000001,0.022925990537058752,0.9620000000000007,0.0,0.022917651,5.0
3.7488597094788036,-0.10234159267083366,5.0,459.81948692188035,4.473635000968834,0.9630000000000007,0.022925990281149004,0.9630000000000007,0.0,0.022917651,5.0
3.749168948891501,-0.09962268672980042,5.0,460.55574759215546,4.472610621488978,0.9640000000000007,0.02292599001710269,0.9640000000000007,0.0,0.022917651,5.0
3.749478147191086,-0.09689659227313205,5.0,461.30165589002706,4.471578894990947,0.9650000000000006,0.02292598961967943,0.9650000000000007,0.0,0.022917651,5.0
3.749787332708215,-0.09416477458000576,5.0,462.0564950052692,4.470541395995789,0.9660000000000007,0.02292598918532024,0.9660000000000007,0.0,0.022917651,5.0
3.7500958238675763,-0.09142596011042894,5.0,462.82067322145394,4.469494121892182,0.9670000000000007,0.022925988752593215,0.9670000000000007,0.0,0.022917651,5.0
3.7504041597024296,-0.08868138850687836,5.0,463.5938671102371,4.468440468946317,0.9680000000000007,0.022925988319741644,0.9680000000000007,0.0,0.022917651,5.0
3.75071069644654,-0.08592895038180742,5.0,464.3774883149091,4.467371748770105,0.9690000000000009,0.02292598788616825,0.9690000000000007,0.0,0.022917651,5.0
3.7510168657688068,-0.08317059033605016,5.0,465.17049264692247,4.4662956359949195,0.9700000000000008,0.022925987451851485,0.9700000000000008,0.0,0.022917651,5.0
3.751323106209893,-0.08040449157925525,5.0,465.97422469644255,4.465212085045952,0.9710000000000008,0.022925987015309197,0.9710000000000008,0.0,0.022917651,5.0
3.751629292397394,-0.07763247789596135,5.0,466.7875426583551,4.4641224023041834,0.9720000000000008,0.02292598657799611,0.9720000000000008,0.0,0.022917651,5.0
3.7519350441942576,-0.07485169931949183,5.0,467.6117577183037,4.46302219124559,0.9730000000000008,0.022925986139992836,0.9730000000000008,0.0,0.022917651,5.0
3.7522407021550803,-0.0720644812597722,5.0,468.44596747036314,4.461915171133138,0.9740000000000008,0.02292598570024934,0.9740000000000008,0.0,0.022917651,5.0
3.7525461506093856,-0.06926889728589868,5.0,469.29112951579674,4.4607989692017975,0.9750000000000008,0.022925985256897614,0.9750000000000008,0.0,0.022917651,5.0
3.752851483724727,-0.06646614169983722,5.0,470.1469083522712,4.459675124935702,0.9760000000000009,0.02292598481295961,0.9760000000000008,0.0,0.022917651,5.0
3.753156675770666,-0.06365559066265278,5.0,471.01373923233484,4.458542906933031,0.9770000000000008,0.022925984368485884,0.9770000000000008,0.0,0.022917651,5.0
3.7534618690065593,-0.06083684408037232,5.0,471.8919243583728,4.457402505929192,0.9780000000000008,0.02292598392372169,0.9780000000000008,0.0,0.022917651,5.0
3.7537670282322897,-0.058010746967517825,5.0,472.7811696333156,4.456254622687187,0.9790000000000008,0.02292598347851276,0.9790000000000008,0.0,0.022917651,5.0
3.7540719909041655,-0.05517573817851679,5.0,473.6824541760414,4.455097041895874,0.9800000000000008,0.022925983173421285,0.9800000000000008,0.0,0.022917651,5.0
3.754376837928584,-0.05233348162516288,5.0,474.59502305571107,4.453931750318768,0.9810000000000008,0.022925982850837866,0.9810000000000008,0.0,0.022917651,5.0
3.7546814939975897,-0.0494823237842277,5.0,475.519884630218,4.4527567920568085,0.9820000000000008,0.02292598244598977,0.9820000000000008,0.0,0.022917651,5.0
3.7549860526753474,-0.04662277391339505,5.0,476.45670491987863,4.4515730506115725,0.9830000000000009,0.02292598200810819,0.9830000000000008,0.0,0.022917651,5.0
3.755290514184041,-0.043754934667199735,5.0,477.4055776726166,4.4503806295168165,0.9840000000000008,0.022925981544331023,0.9840000000000008,0.0,0.022917651,5.0
3.755594819627991,-0.04087708285704561,5.0,478.3673845167207,4.4491775703190894,0.9850000000000008,0.022925981074271188,0.9850000000000008,0.0,0.022917651,5.0
3.755898952972553,-0.03799109877609128,5.0,479.3415384670857,4.447965695390233,0.9860000000000009,0.022925980603191103,0.9860000000000008,0.0,0.022917651,5.0
3.756202805343346,-0.03509591486074063,5.0,480.32879143925555,4.446743510329007,0.9870000000000008,0.022925980132291288,0.9870000000000008,0.0,0.022917651,5.0
3.756506369275446,-0.032191444542349325,5.0,481.3293812826701,4.445510872771615,0.9880000000000008,0.022925979660698707,0.9880000000000008,0.0,0.022917651,5.0
3.756809694772815,-0.029278491493194864,5.0,482.34305885616567,4.4442687926333155,0.9890000000000008,0.022925979188594122,0.9890000000000008,0.0,0.022917651,5.0
3.757112597713932,-0.02635608315758222,5.0,483.3707901020718,4.443015563625248,0.9900000000000009,0.022925978717911518,0.9900000000000008,0.0,0.022917651,5.0
3.7574154172212193,-0.023423944503580915,5.0,484.412268509235,4.441752275954655,0.9910000000000008,0.022925978241459234,0.9910000000000008,0.0,0.022917651,5.0
3.7577181269767164,-0.020482286648751593,5.0,485.4675139594248,4.440479034358995,0.9920000000000008,0.02292597776174096,0.9920000000000008,0.0,0.022917651,5.0
3.7580205825419806,-0.017528841913447196,5.0,486.5373930510951,4.439192992811377,0.9930000000000008,0.02292597728512694,0.9930000000000008,0.0,0.022917651,5.0
3.7583228108300046,-0.014566086030286309,5.0,487.62184031952506,4.437896721740904,0.9940000000000008,0.022925976807473825,0.9940000000000008,0.0,0.022917651,5.0
3.7586248081917253,-0.011594149121085298,5.0,488.7209061694273,4.436590342385939,0.9950000000000008,0.022925976330013177,0.9950000000000008,0.0,0.022917651,5.0
3.7589264742651096,-0.008612292596458626,5.0,489.83531720562166,4.435272725433281,0.9960000000000008,0.022925975855594423,0.9960000000000008,0.0,0.022917651,5.0
3.759228096827356,-0.005618327376581707,5.0,490.9651112220652,4.4339428260327045,0.9970000000000009,0.022925975370167512,0.9970000000000008,0.0,0.022917651,5.0
3.7595294268409742,-0.002613504783753944,5.0,492.1102957245123,4.432600901506735,0.9980000000000008,0.022925974885058067,0.9980000000000008,0.0,0.022917651,5.0
3.7598303055452327,0.00040208090868344134,5.0,493.2711927691102,4.431246412786074,0.9990000000000008,0.022925974403141147,0.9990000000000008,0.0,0.022917651,5.0
3.7601307026994006,0.0034294501167265413,5.0,494.44876447611057,4.429878202762341,1.0000000000000009,0.022925973920956196,1.0000000000000009,0.0,0.022917651,5.0
3.760367451320238,0.005820329986292075,5.0,495.17869279586887,4.428848242401278,1.0010000000000008,0.022925973902757087,1.0010000000000008,0.0,0.022917651,5.0
3.7606040171055306,0.008215180669765263,5.0,495.9158714617771,4.427813581095789,1.002000000000001,0.02292597388475467,1.002000000000001,0.0,0.022917651,5.0
3.760840442609438,0.010613462482972166,5.0,496.6600462359033,4.426774929954373,1.0030000000000008,0.02292597386356008,1.0030000000000008,0.0,0.022917651,5.0
3.761076635633552,0.013016186633383836,5.0,497.4118243349285,4.425730912604374,1.004000000000001,0.02292597383482436,1.004000000000001,0.0,0.022917651,5.0
3.7613127680709035,0.015422272259665474,5.0,498.17062686240996,4.424683287916108,1.005000000000001,0.022925973807542077,1.0050000000000008,0.0,0.022917651,5.0
3.7615488998812183,0.01783372684873162,5.0,498.9373693837362,4.423630275559506,1.006000000000001,0.022925973787098784,1.006000000000001,0.0,0.022917651,5.0
3.7617849309712104,0.020248226373976542,5.0,499.7112206870104,4.422573817498107,1.0070000000000008,0.022925973766700844,1.0070000000000008,0.0,0.022917651,5.0
3.7620207543161563,0.022667248743251534,5.0,500.4932814093745,4.421512023489657,1.008000000000001,0.022925973747966677,1.008000000000001,0.0,0.022917651,5.0
3.762256464921279,0.025089319193406033,5.0,501.28256822154435,4.420446730072015,1.009000000000001,0.02292597372857559,1.0090000000000008,0.0,0.022917651,5.0
3.7624917591766183,0.027516610711785017,5.0,502.08033816912274,4.4193745427485736,1.0100000000000011,0.02292597370081652,1.010000000000001,0.0,0.022917651,5.0
3.7627269452444394,0.029946962603690716,5.0,502.8854969939077,4.418298861872144,1.0110000000000008,0.022925973673192313,1.0110000000000008,0.0,0.022917651,5.0
3.762961758665548,0.03238264502069279,5.0,503.6994148031824,4.417216354619194,1.012000000000001,0.022925973650456354,1.012000000000001,0.0,0.022917651,5.0
3.7631964470317234,0.03482145497589812,5.0,504.52092968680097,4.416130220181292,1.0130000000000008,0.022925973627750236,1.0130000000000008,0.0,0.022917651,5.0
3.763430541586411,0.0372653955280802,5.0,505.35138435612254,4.415036586624384,1.0140000000000011,0.022925973608129088,1.014000000000001,0.0,0.022917651,5.0
3.7636643488488297,0.03971262767868677,5.0,506.1896777346689,4.4139385113508895,1.0150000000000008,0.02292597358768069,1.0150000000000008,0.0,0.022917651,5.0
3.7638962607751236,0.04216507569922048,5.0,507.03701440460435,4.412827632264229,1.016000000000001,0.022925973560936917,1.016000000000001,0.0,0.022917651,5.0
3.7641279742567186,0.044620896737492595,5.0,507.89246743650745,4.411712588250986,1.0170000000000008,0.02292597353436047,1.0170000000000008,0.0,0.022917651,5.0
3.7643589749526045,0.04708122842356033,5.0,508.7571031006196,4.41059019082683,1.0180000000000011,0.022925973509065417,1.018000000000001,0.0,0.022917651,5.0
3.764589839093427,0.04954545242378934,5.0,509.63020777734965,4.409463352820802,1.019000000000001,0.022925973484483712,1.0190000000000008,0.0,0.022917651,5.0
3.764820447011808,0.052015045809772294,5.0,510.51267804020694,4.408330114917013,1.020000000000001,0.022925973462302313,1.020000000000001,0.0,0.022917651,5.0
3.7650508393013316,0.05448900775725738,5.0,511.40402657703345,4.40719164831028,1.021000000000001,0.022925973437712865,1.0210000000000008,0.0,0.022917651,5.0
3.7652809144922923,0.05696820521252279,5.0,512.3048042079221,4.406046681862123,1.022000000000001,0.02292597340930679,1.022000000000001,0.0,0.022917651,5.0
3.7655107154235687,0.05945182592462524,5.0,513.2150259670681,4.404896195762565,1.023000000000001,0.022925973385425874,1.0230000000000008,0.0,0.022917651,5.0
3.7657402386887187,0.06193983610495107,5.0,514.134795842175,4.403740209929056,1.024000000000001,0.022925973365663935,1.024000000000001,0.0,0.022917651,5.0
3.765969048286401,0.06443290165712691,5.0,515.0645534856949,4.4025763069533435,1.0250000000000008,0.022925973344965364,1.0250000000000008,0.0,0.022917651,5.0
3.7661974264818383,0.06693014637282282,5.0,516.003796207169,4.401406495918337,1.026000000000001,0.022925973323674558,1.026000000000001,0.0,0.022917651,5.0
3.7664254926521212,0.06943318213257103,5.0,516.9535310309626,4.4002296505436815,1.0270000000000008,0.02292597329243105,1.0270000000000008,0.0,0.022917651,5.0
3.766653348398602,0.0719402525790806,5.0,517.9128019828273,4.3990479296415055,1.0280000000000011,0.0229259732609096,1.028000000000001,0.0,0.022917651,5.0
3.7668807751091746,0.07445317274482972,5.0,518.8829088716319,4.397858641879066,1.0290000000000008,0.02292597323930793,1.0290000000000008,0.0,0.022917651,5.0
3.767107951348605,0.07697056046354314,5.0,519.8630430346864,4.396663885167264,1.030000000000001,0.02292597321417856,1.030000000000001,0.0,0.022917651,5.0
3.7673348003583897,0.07949331457419108,5.0,520.8538999230378,4.395462454241269,1.0310000000000006,0.022925973182701755,1.0310000000000008,0.0,0.022917651,5.0
3.767561355561344,0.08202160707076465,5.0,521.8556561072286,4.394254313360347,1.032000000000001,0.022925973156082528,1.032000000000001,0.0,0.022917651,5.0
3.767787651966272,0.08455471805651062,5.0,522.8680120774325,4.393040321014044,1.0330000000000008,0.022925973132340873,1.0330000000000008,0.0,0.022917651,5.0
3.768013402118798,0.0870937578812155,5.0,523.8920436540069,4.391818211586088,1.034000000000001,0.022925973105473053,1.034000000000001,0.0,0.022917651,5.0
3.768238814099381,0.08963718457812168,5.0,524.9268117840804,4.390590359798692,1.0350000000000008,0.022925973077856713,1.0350000000000008,0.0,0.022917651,5.0
3.768463665195079,0.09218603955542985,5.0,525.9733787987847,4.3893548280781065,1.036000000000001,0.022925973049052403,1.036000000000001,0.0,0.022917651,5.0
3.768688185103105,0.09474021431287592,5.0,527.0315042148441,4.388112657113519,1.037000000000001,0.02292597302349199,1.0370000000000008,0.0,0.022917651,5.0
3.768912397995284,0.0972993533315012,5.0,528.1010854128361,4.386864298079926,1.038000000000001,0.02292597300026865,1.038000000000001,0.0,0.022917651,5.0
3.769136139472025,0.09986496979936652,5.0,529.1832475133249,4.385607570428416,1.0390000000000008,0.02292597296726588,1.0390000000000008,0.0,0.022917651,5.0
3.769359503797315,0.1024354316126012,5.0,530.2770722760462,4.384344489925103,1.040000000000001,0.02292597293668562,1.040000000000001,0.0,0.022917651,5.0
3.7695823385520617,0.10501159361068846,5.0,531.3833611742348,4.383073594698355,1.041000000000001,0.02292597291299835,1.0410000000000008,0.0,0.022917651,5.0
3.7698046695532508,0.10759352674052909,5.0,532.5024453390596,4.381794918263654,1.0420000000000011,0.02292597288295573,1.042000000000001,0.0,0.022917651,5.0
3.770026608860222,0.11018054181024452,5.0,533.6338908001162,4.380509592084596,1.0430000000000008,0.022925972852062354,1.0430000000000008,0.0,0.022917651,5.0
3.7702480207785047,0.1127742049235305,5.0,534.779011485035,4.379215490643954,1.044000000000001,0.022925972831713073,1.044000000000001,0.0,0.022917651,5.0
3.7704689829257205,0.11537353965770603,5.0,535.9372693852126,4.377913929933619,1.045000000000001,0.022925972808209235,1.0450000000000008,0.0,0.022917651,5.0
3.770689524560559,0.11797818743886207,5.0,537.1085811211299,4.376605381966018,1.0460000000000012,0.022925972782170543,1.046000000000001,0.0,0.022917651,5.0
3.77090943521429,0.12058902156536958,5.0,538.2943897185849,4.37528811853719,1.0470000000000008,0.022925972751771558,1.0470000000000008,0.0,0.022917651,5.0
3.7711288826305234,0.1232053913454104,5.0,539.493803134334,4.373963463832011,1.048000000000001,0.02292597271950801,1.048000000000001,0.0,0.022917651,5.0
3.771347860925887,0.12582725316963428,5.0,540.7069752623279,4.372631437528579,1.0490000000000008,0.022925972685864996,1.0490000000000008,0.0,0.022917651,5.0
3.771565956224686,0.12845581622690516,5.0,541.9357458611435,4.37128918494698,1.0500000000000012,0.0229259726603102,1.050000000000001,0.0,0.022917651,5.0
3.771783450972479,0.13108983791838671,5.0,543.1788627274439,4.369939070278155,1.0510000000000008,0.02292597263222797,1.0510000000000008,0.0,0.022917651,5.0
3.7720003558124677,0.13372940753815846,5.0,544.4365348147959,4.368581047272432,1.052000000000001,0.022925972602095557,1.052000000000001,0.0,0.022917651,5.0
3.772216554253519,0.1363763580330692,5.0,545.710176568746,4.367212823861288,1.053000000000001,0.022925972571783516,1.0530000000000008,0.0,0.022917651,5.0
3.772432140916843,0.13902909461218046,5.0,546.9993228756744,4.365836358651005,1.054000000000001,0.02292597253852892,1.054000000000001,0.0,0.022917651,5.0
3.772647119422984,0.14168748779833318,5.0,548.3040443453942,4.364451801370816,1.0550000000000006,0.022925972505435776,1.0550000000000008,0.0,0.022917651,5.0
3.7728613432533975,0.1443521723780019,5.0,549.6253725484271,4.363057941690584,1.056000000000001,0.022925972479063455,1.056000000000001,0.0,0.022917651,5.0
3.77307444521627,0.1470236959365945,5.0,550.9637748751111,4.361652752399438,1.0570000000000008,0.022925972448745773,1.0570000000000008,0.0,0.022917651,5.0
3.773286782514308,0.1497008689353634,5.0,552.3187598419764,4.360238855689935,1.058000000000001,0.02292597241758992,1.058000000000001,0.0,0.022917651,5.0
3.7734984243987384,0.15238347958659176,5.0,553.6906052446819,4.3588167419325865,1.0590000000000008,0.022925972386638266,1.0590000000000008,0.0,0.022917651,5.0
3.7737092950231688,0.15507333096613315,5.0,555.0812007023535,4.357384295402856,1.060000000000001,0.022925972351206268,1.060000000000001,0.0,0.022917651,5.0
3.773919034468576,0.15776932962019863,5.0,556.4898561832217,4.355941179024619,1.061000000000001,0.02292597232087517,1.0610000000000008,0.0,0.022917651,5.0
3.774127766148376,0.160471211956415,5.0,557.9169432416395,4.354488152668708,1.062000000000001,0.022925972290779605,1.062000000000001,0.0,0.022917651,5.0
3.774335619838865,0.16317874778446048,5.0,559.3631166110116,4.353025969157799,1.0630000000000006,0.02292597225507294,1.0630000000000008,0.0,0.022917651,5.0
3.7745423125392783,0.16589305396295495,5.0,560.8294018716525,4.3515523596209125,1.064000000000001,0.022925972226486065,1.064000000000001,0.0,0.022917651,5.0
3.774747674081715,0.16861392106791948,5.0,562.3153339824486,4.35006686527189,1.0650000000000008,0.02292597219327295,1.0650000000000008,0.0,0.022917651,5.0
3.7749517576203395,0.17134074397803176,5.0,563.8212658968765,4.348570301657687,1.0660000000000012,0.022925972162953764,1.066000000000001,0.0,0.022917651,5.0
3.775154654094611,0.17407281110050313,5.0,565.3475226620925,4.347063740362582,1.0670000000000008,0.022925972144371306,1.0670000000000008,0.0,0.022917651,5.0
3.775356157116685,0.17681145011416324,5.0,566.8962978278859,4.345545048360283,1.0680000000000007,0.022925972111857044,1.068000000000001,0.0,0.022917651,5.0
3.775556689203415,0.1795565807656243,5.0,568.467318825157,4.344015974037432,1.0690000000000008,0.022925972077699086,1.0690000000000008,0.0,0.022917651,5.0
3.7757561883493787,0.18230773060700303,5.0,570.0609190561955,4.342476747176201,1.070000000000001,0.022925972044792454,1.070000000000001,0.0,0.022917651,5.0
3.775954557846955,0.18506449678423043,5.0,571.6776416641652,4.340927383165751,1.0710000000000006,0.022925972012816966,1.0710000000000008,0.0,0.022917651,5.0
3.776151614920203,0.1878264840549494,5.0,573.3184969661905,4.339367534618942,1.072000000000001,0.02292597197656097,1.072000000000001,0.0,0.022917651,5.0
3.7763472554188966,0.19059511584870734,5.0,574.9848613320651,4.337795395618516,1.0730000000000008,0.022925971946011824,1.0730000000000008,0.0,0.022917651,5.0
3.7765417988801997,0.1933694440570852,5.0,576.6764644419497,4.336213177937612,1.0740000000000012,0.022925971911190314,1.074000000000001,0.0,0.022917651,5.0
3.7767350747971866,0.19614920409120057,5.0,578.3940455458162,4.334620447051585,1.0750000000000008,0.022925971877360903,1.0750000000000008,0.0,0.022917651,5.0
3.776926928141347,0.1989343931866283,5.0,580.1383195418239,4.3330165905183025,1.0760000000000007,0.022925971844616692,1.076000000000001,0.0,0.022917651,5.0
3.7771172667725286,0.20172519607806907,5.0,581.9100138910586,4.33140108022888,1.0770000000000008,0.02292597180810093,1.0770000000000008,0.0,0.022917651,5.0
3.7773060429523033,0.20452105028837708,5.0,583.7113052281502,4.329774244713417,1.078000000000001,0.022925971773889806,1.078000000000001,0.0,0.022917651,5.0
3.7774932343818683,0.20732220299929985,5.0,585.5424969449696,4.328135801452765,1.0790000000000008,0.022925971739332286,1.0790000000000008,0.0,0.022917651,5.0
3.777678582226587,0.21012726063326756,5.0,587.4041696069428,4.32648606708704,1.080000000000001,0.022925971702993,1.080000000000001,0.0,0.022917651,5.0
3.7778621336788043,0.2129367040092975,5.0,589.297002681838,4.324824753988504,1.0810000000000008,0.02292597166784965,1.0810000000000008,0.0,0.022917651,5.0
3.7780439129447547,0.21575094698176667,5.0,591.2218402114216,4.3231515487309755,1.082000000000001,0.022925971633267445,1.082000000000001,0.0,0.022917651,5.0
3.778223823178567,0.21856957567883442,5.0,593.1798677151747,4.321466475764835,1.083000000000001,0.022925971596736698,1.0830000000000009,0.0,0.022917651,5.0
3.7784017474451552,0.22139141377771815,5.0,595.1724529742837,4.319770261377234,1.084000000000001,0.022925971561029938,1.084000000000001,0.0,0.022917651,5.0
3.778577430694629,0.2242176300910308,5.0,597.2014648864563,4.3180607056179054,1.0850000000000009,0.022925971525591216,1.0850000000000009,0.0,0.022917651,5.0
3.778750911505207,0.22704617103644992,5.0,599.2674192622134,4.31634001143075,1.086000000000001,0.02292597148820369,1.086000000000001,0.0,0.022917651,5.0
3.7789220200022817,0.2298776805167965,5.0,601.3708648701079,4.314606872887019,1.0870000000000006,0.022925971452522485,1.0870000000000009,0.0,0.022917651,5.0
3.7790907223733585,0.2327123906077561,5.0,603.5124387630331,4.312860905083454,1.0880000000000012,0.022925971415987675,1.088000000000001,0.0,0.022917651,5.0
3.779256872248515,0.23554961166792526,5.0,605.69347048621,4.311102209216318,1.0890000000000009,0.022925971378337035,1.0890000000000009,0.0,0.022917651,5.0
3.779420297727619,0.2383886555406832,5.0,607.9148801281615,4.3093307897576505,1.090000000000001,0.022925971347714867,1.090000000000001,0.0,0.022917651,5.0
3.779581006732044,0.24122941120016606,5.0,610.1772609904157,4.307546794616728,1.091000000000001,0.02292597132581075,1.0910000000000009,0.0,0.022917651,5.0
3.779739132574062,0.24407179296689926,5.0,612.4820406487077,4.305750851702547,1.0920000000000012,0.022925971311287523,1.092000000000001,0.0,0.022917651,5.0
3.7798942609813806,0.24691534624534597,5.0,614.8292530729387,4.303941729218947,1.093000000000001,0.022925971380834173,1.0930000000000009,0.0,0.022917651,5.0
3.7800458903207605,0.24975820161537085,5.0,617.2211542221279,4.3021193178647374,1.094000000000001,0.022925971326338328,1.094000000000001,0.0,0.022917651,5.0
3.780192878498266,0.2526033037996004,5.0,619.6564268209083,4.300276089994839,1.095000000000001,0.022925971270159478,1.0950000000000009,0.0,0.022917651,5.0
3.7803355576779145,0.25544839539581266,5.0,622.1353894458334,4.298415646957013,1.096000000000001,0.022925971214373984,1.096000000000001,0.0,0.022917651,5.0
3.7804752282582212,0.2582943995710965,5.0,624.657087142261,4.29654224986325,1.0970000000000009,0.022925971158356255,1.0970000000000009,0.0,0.022917651,5.0
3.7806116109756296,0.2611412592269141,5.0,627.2209639511099,4.294654860577643,1.098000000000001,0.022925971101928976,1.098000000000001,0.0,0.022917651,5.0
3.78074447995633,0.26398905610378137,5.0,629.8257925674379,4.292752465732813,1.099000000000001,0.022925971045428543,1.0990000000000009,0.0,0.022917651,5.0
3.7808737862934008,0.2668383537135353,5.0,632.4695370294498,4.290834319769334,1.1000000000000012,0.022925970988859755,1.100000000000001,0.0,0.022917651,5.0
3.7807957247728265,0.2687874875428489,5.0,633.9994380441188,4.288950823819396,1.1010000000000009,0.022925970983687805,1.1010000000000009,0.0,0.022917651,5.0
3.780717373914804,0.2707329933443306,5.0,635.5255262515861,4.287069798555229,1.102000000000001,0.022925970978515856,1.102000000000001,0.0,0.022917651,5.0
3.780638728241461,0.27267480243046593,5.0,637.0477294660085,4.285191290753009,1.103000000000001,0.022925970973343906,1.1030000000000009,0.0,0.022917651,5.0
3.7805597821357693,0.2746128443688319,5.0,638.5659736677635,4.283315348377197,1.1040000000000014,0.022925970968171953,1.104000000000001,0.0,0.022917651,5.0
3.7804804893119295,0.2765473480859221,5.0,640.0811467047074,4.281441560821252,1.105000000000001,0.022925970963000003,1.1050000000000009,0.0,0.022917651,5.0
3.7804009984158413,0.2784781485073824,5.0,641.592235625716,4.279570684417626,1.1060000000000008,0.022925970957828043,1.106000000000001,0.0,0.022917651,5.0
3.7803213094624737,0.28040517530437076,5.0,643.0991368363476,4.277702789436124,1.1070000000000009,0.022925970952656097,1.1070000000000009,0.0,0.022917651,5.0
3.7802414190603053,0.2823283638575729,5.0,644.6017786265065,4.275837926930432,1.108000000000001,0.022925970947484147,1.108000000000001,0.0,0.022917651,5.0
3.780161323739936,0.2842476480638202,5.0,646.1000876394169,4.273976149126589,1.1090000000000009,0.022925970942312197,1.1090000000000009,0.0,0.022917651,5.0
3.7800810199518375,0.2861629602932549,5.0,647.5939888240869,4.272117509456819,1.1100000000000012,0.022925970937140248,1.110000000000001,0.0,0.022917651,5.0
3.7800005040640277,0.2880742313449962,5.0,649.0834053861121,4.270262062594562,1.1110000000000009,0.02292597093196829,1.1110000000000009,0.0,0.022917651,5.0
3.7799201566846725,0.2899825004085122,5.0,650.5696331284894,4.268410288947688,1.112000000000001,0.02292597092679634,1.112000000000001,0.0,0.022917651,5.0
3.7798400122231492,0.29188774218344665,5.0,652.0523797569039,4.2665623522444545,1.1130000000000009,0.022925970921624392,1.1130000000000009,0.0,0.022917651,5.0
3.7797598276827813,0.2937891835471118,5.0,653.5306196200125,4.264718055693185,1.114000000000001,0.022925970916452446,1.114000000000001,0.0,0.022917651,5.0
3.7796796024748818,0.2956867686781352,5.0,655.0042865213424,4.262877452761324,1.115000000000001,0.022925970911280492,1.1150000000000009,0.0,0.022917651,5.0
3.779599335999176,0.29758044065654293,5.0,656.4733129616286,4.261040597968591,1.116000000000001,0.02292597090610854,1.116000000000001,0.0,0.022917651,5.0
3.7795190276435187,0.2994701414365964,5.0,657.9376301066058,4.259207546912997,1.1170000000000009,0.022925970900936583,1.1170000000000009,0.0,0.022917651,5.0
3.7794386767835966,0.30135581181882604,5.0,659.3971677538406,4.257378356297632,1.118000000000001,0.022925970895764633,1.118000000000001,0.0,0.022917651,5.0
3.779359458070219,0.303241296930531,5.0,660.8507078702315,4.255553881498651,1.119000000000001,0.022925970890592683,1.1190000000000009,0.0,0.022917651,5.0
3.7792810108494015,0.3051253373300031,5.0,662.2984712725566,4.253733938358279,1.1200000000000012,0.022925970885420734,1.120000000000001,0.0,0.022917651,5.0
3.779202765395637,0.30700599229113185,5.0,663.7409426626184,4.251918187693223,1.121000000000001,0.022925970880248784,1.1210000000000009,0.0,0.022917651,5.0
3.7791247240070183,0.3088832232543171,5.0,665.1780617652453,4.250106677255106,1.122000000000001,0.022925970875076834,1.122000000000001,0.0,0.022917651,5.0
3.779046889016674,0.31075699107214205,5.0,666.609767386409,4.248299455523492,1.123000000000001,0.022925970869904885,1.1230000000000009,0.0,0.022917651,5.0
3.7789692627934355,0.3126272559981319,5.0,668.035997395652,4.2464965717198115,1.1240000000000012,0.02292597086473293,1.124000000000001,0.0,0.022917651,5.0
3.778891847742519,0.3144939776752484,5.0,669.4566887081039,4.2446980758216055,1.1250000000000009,0.022925970859560982,1.1250000000000009,0.0,0.022917651,5.0
3.778817616700561,0.31636796233018577,5.0,670.8685875728411,4.242905051983073,1.126000000000001,0.02292597085438903,1.126000000000001,0.0,0.022917651,5.0
3.778743869434637,0.3182393446404749,5.0,672.2744897434146,4.24111656562832,1.127000000000001,0.02292597084921708,1.127000000000001,0.0,0.022917651,5.0
3.778670606105732,0.32010808614525627,5.0,673.6743460211961,4.2393326558639295,1.128000000000001,0.022925970844045122,1.128000000000001,0.0,0.022917651,5.0
3.778597831055159,0.3219741631543379,5.0,675.0681021695679,4.237553363745673,1.129000000000001,0.022925970838873176,1.129000000000001,0.0,0.022917651,5.0
3.7785255486763107,0.3238375516933188,5.0,676.4557033012385,4.23577873082186,1.130000000000001,0.022925970833701223,1.130000000000001,0.0,0.022917651,5.0
3.7784537634154494,0.32569822749931104,5.0,677.8370938684535,4.234008799140761,1.131000000000001,0.02292597082852927,1.131000000000001,0.0,0.022917651,5.0
3.778383804891797,0.3275630614955299,5.0,679.211579967215,4.2322420170227,1.132000000000001,0.02292597082335732,1.132000000000001,0.0,0.022917651,5.0
3.778315808749232,0.3294326740451501,5.0,680.5790115913978,4.230478306640025,1.1330000000000007,0.02292597081818537,1.133000000000001,0.0,0.022917651,5.0
3.778248528288298,0.33130052474200905,5.0,681.9399328837771,4.228719220838996,1.134000000000001,0.02292597081301342,1.134000000000001,0.0,0.022917651,5.0
3.7781819686735245,0.3331666008721549,5.0,683.2942968642409,4.226964792991701,1.135000000000001,0.02292597080784147,1.135000000000001,0.0,0.022917651,5.0
3.778116135119253,0.33503088959901356,5.0,684.6420560995625,4.225215056792097,1.136000000000001,0.022925970802669518,1.136000000000001,0.0,0.022917651,5.0
3.778051032890236,0.33689337796190294,5.0,685.9831626979214,4.223470046259896,1.137000000000001,0.02292597079749757,1.137000000000001,0.0,0.022917651,5.0
3.7779870140325014,0.3387561074230128,5.0,687.3183455769127,4.221729128033231,1.138000000000001,0.02292597079232562,1.138000000000001,0.0,0.022917651,5.0
3.777926279399064,0.3406319861137557,5.0,688.652382505441,4.219988196888665,1.1390000000000011,0.022925970787153666,1.139000000000001,0.0,0.022917651,5.0
3.7778664822214805,0.34250699615625335,5.0,689.9798799046586,4.218251884219654,1.140000000000001,0.022925970781981712,1.140000000000001,0.0,0.022917651,5.0
3.7778076288129387,0.3443811317006959,5.0,691.3007937348776,4.216520221128778,1.141000000000001,0.022925970776809766,1.141000000000001,0.0,0.022917651,5.0
3.777749725543437,0.3462543868446306,5.0,692.6150795600817,4.214793238998516,1.142000000000001,0.02292597077163781,1.142000000000001,0.0,0.022917651,5.0
3.777692778840432,0.348126755632365,5.0,693.9226925434548,4.213070969494412,1.143000000000001,0.02292597076646586,1.143000000000001,0.0,0.022917651,5.0
3.7776367951894834,0.34999823205436814,5.0,695.223587442855,4.21135344456826,1.144000000000001,0.022925970761293907,1.144000000000001,0.0,0.022917651,5.0
3.777584013667735,0.35188388724342656,5.0,696.5271467904404,4.20963454859475,1.145000000000001,0.02292597075612196,1.145000000000001,0.0,0.022917651,5.0
3.777532637912656,0.3537714650485046,5.0,697.8255308100548,4.207919352862954,1.146000000000001,0.022925970750950007,1.146000000000001,0.0,0.022917651,5.0
3.777482386813829,0.3556590126970246,5.0,699.117468176945,4.206208685802918,1.147000000000001,0.022925970745778054,1.147000000000001,0.0,0.022917651,5.0
3.7774332677595153,0.35754652999087816,5.0,700.402916540787,4.204502577165073,1.148000000000001,0.022925970740606105,1.148000000000001,0.0,0.022917651,5.0
3.7773852882028325,0.3594340167302165,5.0,701.6818331794915,4.202801056961014,1.1490000000000007,0.022925970735434155,1.149000000000001,0.0,0.022917651,5.0
3.7773384556624694,0.3613214727134342,5.0,702.9541749951145,4.201104155466365,1.150000000000001,0.022925970730262202,1.150000000000001,0.0,0.022917651,5.0
3.777294305069202,0.36321946685430034,5.0,704.2243216311977,4.199407442523124,1.151000000000001,0.022925970717136417,1.151000000000001,0.0,0.022917651,5.0
3.777251787656765,0.36512056680534094,5.0,705.4889683842432,4.197714156237447,1.152000000000001,0.02292597070169934,1.152000000000001,0.0,0.022917651,5.0
3.7772105473833015,0.36702223843395887,5.0,706.7469909399175,4.196025406822337,1.153000000000001,0.022925970685863675,1.153000000000001,0.0,0.022917651,5.0
3.777170593178029,0.36892448573708386,5.0,707.9983429846269,4.194341225997679,1.154000000000001,0.022925970669626622,1.154000000000001,0.0,0.022917651,5.0
3.777131934053597,0.37082731274899033,5.0,709.2429777720279,4.192661645779744,1.1550000000000011,0.02292597065298537,1.155000000000001,0.0,0.022917651,5.0
3.7770945791070667,0.3727307235417384,5.0,710.480848117963,4.190986698484661,1.156000000000001,0.022925970635937088,1.156000000000001,0.0,0.022917651,5.0
3.7770601838486995,0.3746458939283013,5.0,711.7169592494334,4.189311833887519,1.157000000000001,0.022925970617283783,1.157000000000001,0.0,0.022917651,5.0
3.777027342783719,0.3765630856444417,5.0,712.9466619701589,4.18764116505535,1.1580000000000013,0.022925970598155005,1.158000000000001,0.0,0.022917651,5.0
3.7769959322575155,0.3784813885972544,5.0,714.1694807362028,4.185975107166159,1.1590000000000011,0.02292597057864978,1.159000000000001,0.0,0.022917651,5.0
3.7769659632693986,0.38040081133096,5.0,715.385362617328,4.184313695673162,1.1600000000000013,0.02292597055876522,1.160000000000001,0.0,0.022917651,5.0
3.776937446931734,0.38232136247759696,5.0,716.5942541392658,4.18265696639397,1.1610000000000011,0.02292597053849838,1.161000000000001,0.0,0.022917651,5.0
3.7769107268529694,0.38424565585616854,5.0,717.7973352818049,4.181003679846394,1.162000000000001,0.022925970519039073,1.162000000000001,0.0,0.022917651,5.0
3.776886433174628,0.3861784350223535,5.0,718.9966805081908,4.179351612871167,1.1630000000000011,0.022925970502462912,1.163000000000001,0.0,0.022917651,5.0
3.7768637003128473,0.38811276379105697,5.0,720.1888755591034,4.1777042395811295,1.164000000000001,0.022925970485534457,1.164000000000001,0.0,0.022917651,5.0
3.776842541133661,0.39004865493587204,5.0,721.3738614946288,4.176061598666998,1.165000000000001,0.022925970468250807,1.165000000000001,0.0,0.022917651,5.0
3.776822968644899,0.391986121371173,5.0,722.5515787252696,4.174423729245903,1.166000000000001,0.022925970450609023,1.166000000000001,0.0,0.022917651,5.0
3.776804995998151,0.3939251761540568,5.0,723.7219670029683,4.172790670867278,1.167000000000001,0.022925970432606135,1.167000000000001,0.0,0.022917651,5.0
3.7767898007828227,0.3958727242061083,5.0,724.8894200107633,4.171160225810349,1.1680000000000013,0.022925970408224056,1.168000000000001,0.0,0.022917651,5.0
3.776776550716764,0.39782361355774215,5.0,726.0503182694374,4.169534219323091,1.169000000000001,0.022925970381993864,1.169000000000001,0.0,0.022917651,5.0
3.7767650284806056,0.3997764689736802,5.0,727.203673474498,4.167913158004354,1.170000000000001,0.02292597035512794,1.170000000000001,0.0,0.022917651,5.0
3.776755249824165,0.4017313083753371,5.0,728.3494168681738,4.166297086931207,1.1710000000000012,0.022925970327620504,1.171000000000001,0.0,0.022917651,5.0
3.776747230689267,0.40368814990260715,5.0,729.4874788544766,4.16468605173025,1.172000000000001,0.02292597029946568,1.172000000000001,0.0,0.022917651,5.0
3.7767414430333885,0.405650552267,5.0,730.6276879038254,4.163078385143807,1.173000000000001,0.022925970273853846,1.173000000000001,0.0,0.022917651,5.0
3.7767377512512494,0.4076172265463308,5.0,731.7661471574139,4.161474832401795,1.174000000000001,0.022925970249579812,1.174000000000001,0.0,0.022917651,5.0
3.7767359160696716,0.40958617118941537,5.0,732.8970914612892,4.159876435908808,1.175000000000001,0.02292597022480831,1.175000000000001,0.0,0.022917651,5.0
3.7767359552947166,0.411557407970585,5.0,734.0204487419792,4.158283245116778,1.176000000000001,0.022925970199534577,1.176000000000001,0.0,0.022917651,5.0
3.776737886960871,0.41353095894350334,5.0,735.1361460014103,4.156695310112033,1.1770000000000012,0.02292597017375377,1.177000000000001,0.0,0.022917651,5.0
3.7767421824029377,0.4155142658411347,5.0,736.2518468077656,4.155107071990274,1.178000000000001,0.022925970148470438,1.178000000000001,0.0,0.022917651,5.0
3.7767487012880814,0.41750456877201114,5.0,737.3644756598804,4.1535207301496,1.1790000000000012,0.022925970123299052,1.179000000000001,0.0,0.022917651,5.0
3.7767572060062418,0.41949764810094586,5.0,738.4695083178282,4.151939555198792,1.180000000000001,0.022925970097656855,1.180000000000001,0.0,0.022917651,5.0
3.776767716048667,0.4214935310787008,5.0,739.5668702238241,4.1503635978516495,1.181000000000001,0.02292597007153922,1.181000000000001,0.0,0.022917651,5.0
3.7767802511625224,0.42349224531383756,5.0,740.6564858411548,4.148792909487835,1.182000000000001,0.02292597004494147,1.182000000000001,0.0,0.022917651,5.0
3.7767951812579055,0.4254958061011994,5.0,741.7412574357124,4.147226955027439,1.183000000000001,0.022925970016479957,1.183000000000001,0.0,0.022917651,5.0
3.776812291142304,0.42750284508744496,5.0,742.8188767323128,4.145666241681137,1.184000000000001,0.022925969987133085,1.184000000000001,0.0,0.022917651,5.0
3.776831516958342,0.4295129032455675,5.0,743.8885157369599,4.144110972908639,1.185000000000001,0.022925969957236347,1.185000000000001,0.0,0.022917651,5.0
3.776852880116734,0.43152601112600053,5.0,744.95009369858,4.142561203802562,1.1860000000000008,0.02292596992678416,1.186000000000001,0.0,0.022917651,5.0
3.77687657435485,0.4335428936612617,5.0,746.0041166923254,4.141016984143035,1.1870000000000012,0.022925969895435303,1.187000000000001,0.0,0.022917651,5.0
3.776903560422167,0.4355673045057675,5.0,747.0535235833136,4.139478402010645,1.188000000000001,0.022925969861391393,1.188000000000001,0.0,0.022917651,5.0
3.7769328274400635,0.4375950557457783,5.0,748.0945494666397,4.137945603252922,1.189000000000001,0.022925969826693315,1.189000000000001,0.0,0.022917651,5.0
3.776964400167085,0.43962618363956923,5.0,749.1271033707794,4.13641865064542,1.190000000000001,0.022925969791333965,1.190000000000001,0.0,0.022917651,5.0
3.776998303721399,0.4416607249720724,5.0,750.1510930028268,4.134897607875526,1.191000000000001,0.022925969755306138,1.191000000000001,0.0,0.022917651,5.0
3.7770350448286303,0.4437010741323449,5.0,751.1689440247517,4.133382109235363,1.1920000000000013,0.02292596972556479,1.192000000000001,0.0,0.022917651,5.0
3.7770744281032766,0.4457461221664994,5.0,752.1791987886021,4.1318724811479886,1.1930000000000012,0.022925969698637215,1.193000000000001,0.0,0.022917651,5.0
3.7771162628509733,0.44779483064259556,5.0,753.1805798868733,4.1303689984294945,1.194000000000001,0.022925969671317242,1.194000000000001,0.0,0.022917651,5.0
3.777160576724608,0.4498472408508208,5.0,754.1729872236397,4.128871730400316,1.1950000000000012,0.022925969643600448,1.195000000000001,0.0,0.022917651,5.0
3.777207699516173,0.4519047826348222,5.0,755.1577757263169,4.127380564707595,1.196000000000001,0.022925969613660842,1.196000000000001,0.0,0.022917651,5.0
3.7772578552766616,0.4539683334283581,5.0,756.1356002045281,4.125895519211741,1.197000000000001,0.022925969580420695,1.197000000000001,0.0,0.022917651,5.0
3.7773106246278783,0.4560358434044253,5.0,757.1041034753157,4.12441696879943,1.198000000000001,0.02292596954663336,1.198000000000001,0.0,0.022917651,5.0
3.7773660382615426,0.45810735905619354,5.0,758.063176078587,4.122944989743233,1.199000000000001,0.02292596951229242,1.199000000000001,0.0,0.022917651,5.0
3.7774237733917455,0.4601836027192979,5.0,759.0136592359884,4.121477569757885,1.200000000000001,0.02292596947926653,1.200000000000001,0.0,0.022917651,5.0
3.777266595655434,0.4618181058665876,5.0,760.4639450611747,4.119561982730298,1.201000000000001,0.022925969493119425,1.201000000000001,0.0,0.022917651,5.0
3.7771076380394617,0.4634537081521738,5.0,761.9228090053183,4.117638177922142,1.202000000000001,0.022925969508554373,1.202000000000001,0.0,0.022917651,5.0
3.7769488719629942,0.4650970902179316,5.0,763.396120350734,4.115707351926481,1.203000000000001,0.02292596951480294,1.203000000000001,0.0,0.022917651,5.0
3.7767888837699854,0.4667420874528101,5.0,764.8780879603338,4.113770021533563,1.2040000000000013,0.022925969519748225,1.204000000000001,0.0,0.022917651,5.0
3.7766293186041384,0.46839640570175783,5.0,766.3751371235589,4.111825066524777,1.2050000000000012,0.022925969545953766,1.205000000000001,0.0,0.022917651,5.0
3.7764685300935583,0.47005256036905585,5.0,767.8808705843182,4.109873382015161,1.206000000000001,0.02292596957356149,1.206000000000001,0.0,0.022917651,5.0
3.7763101806256003,0.4717237603485151,5.0,769.4022000406255,4.1079164044031415,1.207000000000001,0.02292596959549368,1.207000000000001,0.0,0.022917651,5.0
3.7761506471065127,0.47339697596449065,5.0,770.9320573195945,4.1059526747866855,1.2080000000000013,0.0229259696169232,1.208000000000001,0.0,0.022917651,5.0
3.775991736653272,0.4750825270154669,5.0,772.4830221384159,4.1039791049857035,1.2090000000000012,0.022925969632806104,1.209000000000001,0.0,0.022917651,5.0
3.7758316218288566,0.47677101695591284,5.0,774.0441727447273,4.101997778708119,1.2100000000000013,0.02292596964827914,1.210000000000001,0.0,0.022917651,5.0
3.775673470157748,0.47850036544829483,5.0,775.6507073901806,4.099983430238353,1.211000000000001,0.02292596966747793,1.211000000000001,0.0,0.022917651,5.0
3.7755143994217066,0.48023385022419535,5.0,777.2697117317423,4.097961270549784,1.2120000000000013,0.02292596968707454,1.212000000000001,0.0,0.022917651,5.0
3.7753584985095268,0.481994982905356,5.0,778.941685944654,4.095924163907347,1.213000000000001,0.022925969720624443,1.213000000000001,0.0,0.022917651,5.0
3.7752024317713575,0.48376384001836487,5.0,780.6241252407887,4.09387866832467,1.2140000000000013,0.02292596975087661,1.214000000000001,0.0,0.022917651,5.0
3.7750532346309504,0.48557456545120553,5.0,782.3251058163313,4.09181877272832,1.2150000000000007,0.0229259697578983,1.215000000000001,0.0,0.022917651,5.0
3.774904241243484,0.48739639324601425,5.0,784.0373766524643,4.089748589770332,1.2160000000000013,0.02292596976549618,1.216000000000001,0.0,0.022917651,5.0
3.774763164734683,0.4892752997357044,5.0,785.7724426619259,4.0876529937833705,1.2170000000000007,0.02292596978019694,1.217000000000001,0.0,0.022917651,5.0
3.774623143602712,0.491169573752831,5.0,787.5206170203447,4.085546252760576,1.2180000000000013,0.022925969793930544,1.218000000000001,0.0,0.022917651,5.0
3.774496026639108,0.49314371259175055,5.0,789.3015478071891,4.0834112709282255,1.219000000000001,0.022925969806101284,1.219000000000001,0.0,0.022917651,5.0
3.774370436893651,0.4951357738302122,5.0,791.0957090050117,4.081264475805322,1.2200000000000013,0.02292596981339899,1.220000000000001,0.0,0.022917651,5.0
3.774261082664145,0.4972251846809064,5.0,792.9122438716518,4.079085277928291,1.2210000000000008,0.022925969780485708,1.221000000000001,0.0,0.022917651,5.0
3.7741543085870317,0.4993386193788056,5.0,794.7451073788845,4.076892375652157,1.2220000000000013,0.022925969747572425,1.222000000000001,0.0,0.022917651,5.0
3.7740687074393526,0.5015831929788312,5.0,796.6314049543672,4.074653016244474,1.223000000000001,0.022925969714659142,1.223000000000001,0.0,0.022917651,5.0
3.773989260951061,0.5038680940546422,5.0,798.5397624941735,4.07239794853046,1.2240000000000013,0.02292596968174586,1.224000000000001,0.0,0.022917651,5.0
3.7739359438438105,0.50629540934088,5.0,800.5142099241504,4.070104987353515,1.225000000000001,0.022925969648832575,1.225000000000001,0.0,0.022917651,5.0
3.7738966425251217,0.5088061187499668,5.0,802.5238362641217,4.067784692995883,1.2260000000000013,0.022925969615919292,1.226000000000001,0.0,0.022917651,5.0
3.7738800222077895,0.5114460448131192,5.0,804.5862455250234,4.065425901633121,1.227000000000001,0.02292596958300601,1.227000000000001,0.0,0.022917651,5.0
3.7738999657565198,0.5142754835839932,5.0,806.7040147078616,4.063023860534833,1.2280000000000013,0.022925969550092722,1.228000000000001,0.0,0.022917651,5.0
3.773952760272532,0.5172856939426033,5.0,808.9004679783669,4.060572449270026,1.2290000000000008,0.022925969517179436,1.229000000000001,0.0,0.022917651,5.0
3.774055244926429,0.5205717122414457,5.0,811.260390577402,4.05804398185321,1.2300000000000009,0.02292596948426616,1.230000000000001,0.0,0.022917651,5.0
3.7742247122550006,0.5242187409228074,5.0,813.9379414592332,4.055422436055684,1.231000000000001,0.022925969451352876,1.231000000000001,0.0,0.022917651,5.0
3.7744768246846085,0.5283118749619357,5.0,816.9888952951179,4.052685374794389,1.232000000000001,0.022925969418439593,1.232000000000001,0.0,0.022917651,5.0
3.774842112040513,0.5330128842077302,5.0,820.569862409156,4.049793147122437,1.233000000000001,0.02292596938552631,1.233000000000001,0.0,0.022917651,5.0
3.77538771061179,0.5387018087625934,5.0,824.9518694894288,4.046634242558352,1.2340000000000009,0.022925969352613026,1.234000000000001,0.0,0.022917651,5.0
3.776161665696827,0.5456013425108521,5.0,830.351041613573,4.043178142426396,1.235000000000001,0.022925969319699743,1.235000000000001,0.0,0.022917651,5.0
3.7773490828195575,0.5548810635033284,5.0,837.5647044927152,4.03899571068144,1.236000000000001,0.02292596928678646,1.236000000000001,0.0,0.022917651,5.0
3.779191567064114,0.5681037522515854,5.0,847.8651029246939,4.033490582516937,1.237000000000001,0.022925969253873177,1.237000000000001,0.0,0.022917651,5.0
3.782483130599149,0.5907160381103911,5.0,865.682896486287,4.024392180036052,1.2380000000000009,0.022925969220959894,1.238000000000001,0.0,0.022917651,5.0
3.789233017250816,0.6544277435054563,5.0,892.837421632056,3.988027637400602,1.239000000000001,0.02292596918804661,1.239000000000001,0.0,0.022917651,5.0
3.7829641845113176,0.6671241747172962,5.0,897.7380016480886,3.9506034952548137,1.240000000000001,0.022925969155133327,1.240000000000001,0.0,0.022917651,5.0
3.7809423501543105,0.6695514095340463,5.0,902.2723363394999,3.940436542724849,1.2410000000000012,0.02292596912222005,1.241000000000001,0.0,0.022917651,5.0
3.779429201554105,0.6716520016127209,5.0,906.8557114903039,3.932630968716208,1.2420000000000009,0.022925969089306764,1.242000000000001,0.0,0.022917651,5.0
3.7780542097751044,0.6735709963219818,5.0,911.5165969352465,3.925559628447838,1.243000000000001,0.02292596907001185,1.243000000000001,0.0,0.022917651,5.0
3.7767361007982685,0.675259328255366,5.0,916.2634774079911,3.918946490764443,1.244000000000001,0.022925969101915016,1.244000000000001,0.0,0.022917651,5.0
3.7754255959856367,0.676773491598264,5.0,921.0973522715367,3.9125379269254275,1.2450000000000012,0.022925969287465348,1.245000000000001,0.0,0.022917651,5.0
3.77413112286599,0.6781561218610562,5.0,925.9957603097909,3.906325032991301,1.2460000000000009,0.0229259696320574,1.246000000000001,0.0,0.022917651,5.0
3.7728345397792515,0.6794091826376892,5.0,930.9369299195048,3.9002332506422968,1.247000000000001,0.022925970201442984,1.247000000000001,0.0,0.022917651,5.0
3.7714778398013347,0.6805117213263688,5.0,935.9065713812269,3.894051534590642,1.248000000000001,0.022925971009517192,1.248000000000001,0.0,0.022917651,5.0
3.7700603012716916,0.6814296851712962,5.0,940.8984945031658,3.887811037021028,1.2490000000000012,0.022925972200520228,1.249000000000001,0.0,0.022917651,5.0
3.768595059932565,0.6821263099442002,5.0,945.9117147070027,3.8816010671783436,1.250000000000001,0.022925973984924405,1.250000000000001,0.0,0.022917651,5.0
3.767023194206048,0.682549817137437,5.0,950.9416530091555,3.8752377179295707,1.251000000000001,0.022925977216758292,1.251000000000001,0.0,0.022917651,5.0
3.7653310943110325,0.6826347898294417,5.0,955.9836328061305,3.8687319795291453,1.2520000000000011,0.022925981620132492,1.2520000000000011,0.0,0.022917651,5.0
3.7635118034183983,0.6822558898839721,5.0,961.0411056625712,3.862181339254584,1.2530000000000012,0.022925988862766315,1.253000000000001,0.0,0.022917651,5.0
3.761499794740189,0.6813611352560099,5.0,966.1090745611458,3.8553756720143824,1.2540000000000011,0.022926000589025483,1.2540000000000011,0.0,0.022917651,5.0
3.7592770379462115,0.6797360675817151,5.0,971.1853471917336,3.848457328968547,1.255000000000001,0.02292602056923544,1.255000000000001,0.0,0.022917651,5.0
3.7567528697913612,0.6771708398782395,5.0,976.2657159254352,3.841273497621864,1.2560000000000011,0.022926056315768426,1.2560000000000011,0.0,0.022917651,5.0
3.7538777758819095,0.6733162200704977,5.0,981.3454212752143,3.833975372493043,1.2570000000000012,0.022926124024278176,1.257000000000001,0.0,0.022917651,5.0
3.7505511647452177,0.667802743368271,5.0,986.408858544403,3.8265300294189677,1.2580000000000013,0.022926270353238264,1.2580000000000011,0.0,0.022917651,5.0
3.746686691504813,0.6601487872536133,5.0,991.4329309845963,3.8190737071814636,1.259000000000001,0.02292661370458417,1.259000000000001,0.0,0.022917651,5.0
3.7422924150422183,0.6502181487315967,5.0,996.3822686682428,3.811774862564256,1.2600000000000011,0.022927531059390324,1.2600000000000011,0.0,0.022917651,5.0
3.737480606051684,0.6384275258127879,5.0,1001.207854097571,3.8046658710278027,1.2610000000000012,0.022930061279921032,1.261000000000001,0.0,0.022917651,5.0
3.73244016049688,0.6257989215490459,5.0,1005.867921190131,3.7974803086717537,1.2620000000000011,0.02293735063777378,1.2620000000000011,0.0,0.022917651,5.0
3.7274164070070226,0.6137472438696443,5.0,1010.3626604773398,3.789784581143538,1.263000000000001,0.022952823263159294,1.263000000000001,0.0,0.022917651,5.0
3.722575611721423,0.6034130569531063,5.0,1014.7357087562884,3.7811032272988117,1.2640000000000011,0.022980637472520205,1.2640000000000011,0.0,0.022917651,5.0
3.7180498586574213,0.5956946310757607,5.0,1019.029583282275,3.7710662523427008,1.2650000000000012,0.023024305210817702,1.265000000000001,0.0,0.022917651,5.0
3.7139701272938472,0.591191857465207,5.0,1023.2888989498183,3.7595977277229764,1.2660000000000011,0.02308990931290991,1.2660000000000011,0.0,0.022917651,5.0
3.7103694360567054,0.5900289831285066,5.0,1027.5741668927196,3.7467054631412147,1.2670000000000012,0.02318231009015904,1.267000000000001,0.0,0.022917651,5.0
3.70717787025045,0.5916933193445846,5.0,1031.9554970718443,3.732622485470629,1.2680000000000011,0.023303479910413184,1.2680000000000011,0.0,0.022917651,5.0
3.7042957693692586,0.5955650392836129,5.0,1036.4610381315458,3.7175699729660545,1.2690000000000012,0.023439263252280677,1.269000000000001,0.0,0.022917651,5.0
3.7017011766591654,0.6016550368142873,5.0,1041.0926012680848,3.701449233355768,1.2700000000000011,0.023597212034012927,1.2700000000000011,0.0,0.022917651,5.0
3.6993675971073356,0.6099590533303275,5.0,1045.8491119585144,3.684158508917376,1.2710000000000012,0.023795702324688067,1.271000000000001,0.0,0.022917651,5.0
3.6973424352684243,0.6204996698353868,5.0,1050.7475902996068,3.6658648740859654,1.2720000000000011,0.02401122496692022,1.2720000000000011,0.0,0.022917651,5.0
3.695594735064849,0.6330354261181668,5.0,1055.8166492886394,3.646685933083815,1.273000000000001,0.024274658803252337,1.273000000000001,0.0,0.022917651,5.0
3.6941287433969348,0.647399001445149,5.0,1061.0956257908304,3.626806013789769,1.2740000000000014,0.024566763725274197,1.2740000000000011,0.0,0.022917651,5.0
3.6928379944758314,0.6632032943923046,5.0,1066.610421606689,3.606186346849885,1.2750000000000012,0.024913301105220158,1.275000000000001,0.0,0.022917651,5.0
3.6916986143539536,0.6803596379618819,5.0,1072.396055143786,3.5848201160445603,1.2760000000000011,0.025305772949488204,1.2760000000000011,0.0,0.022917651,5.0
3.6906709388233967,0.6987510865670151,5.0,1078.490736593724,3.5626655785747303,1.2770000000000008,0.02575876132535216,1.277000000000001,0.0,0.022917651,5.0
3.689725231903081,0.7183582133116982,5.0,1084.932419234498,3.5396232410652333,1.2780000000000014,0.02626402315617815,1.2780000000000011,0.0,0.022917651,5.0
3.688836542244981,0.73918491243923,5.0,1091.7559978354946,3.5155893980735646,1.279000000000001,0.026797915992937224,1.279000000000001,0.0,0.022917651,5.0
3.6879855411654177,0.7612298542428754,5.0,1099.0069540915379,3.490488067157977,1.2800000000000011,0.027437906113148915,1.2800000000000011,0.0,0.022917651,5.0
3.687164929702824,0.7845903652849606,5.0,1106.734087472083,3.4641927386140674,1.281000000000001,0.028129280637478837,1.281000000000001,0.0,0.022917651,5.0
3.6863263624511893,0.8093856383438927,5.0,1115.0053315917241,3.436390826995195,1.2820000000000011,0.028832767415579497,1.2820000000000011,0.0,0.022917651,5.0
3.685483463589108,0.8357035765435983,5.0,1123.8724826482712,3.4070489085781794,1.283000000000001,0.0296079363585196,1.283000000000001,0.0,0.022917651,5.0
3.684609276919285,0.8636847221357978,5.0,1133.4237946283781,3.3759186452880146,1.2840000000000011,0.030345708351573512,1.2840000000000011,0.0,0.022917651,5.0
3.68367865707833,0.8936738468030282,5.0,1143.7572998413475,3.3425546595524156,1.285000000000001,0.031102025031487932,1.285000000000001,0.0,0.022917651,5.0
3.6826453587924837,0.925759483507094,5.0,1154.9774944615558,3.306683451337398,1.2860000000000011,0.03182595008561912,1.2860000000000011,0.0,0.022917651,5.0
3.6814845340288356,0.9603781944669255,5.0,1167.2272698897914,3.267769056231055,1.2870000000000013,0.03251716338923201,1.287000000000001,0.0,0.022917651,5.0
3.680202115912459,0.9978077723136611,5.0,1180.673216030513,3.2255574432004583,1.2880000000000011,0.03315986493760195,1.2880000000000011,0.0,0.022917651,5.0
3.678718115942789,1.0387130850272628,5.0,1195.5477556233718,3.179063737325036,1.289000000000001,0.0337096998114386,1.289000000000001,0.0,0.022917651,5.0
3.6770229658048286,1.0836698204961535,5.0,1212.1415863227417,3.127674026350005,1.2900000000000011,0.0341641235436346,1.2900000000000011,0.0,0.022917651,5.0
3.6750304046476567,1.1334914465537211,5.0,1230.9081211135135,3.0702297737085056,1.2910000000000008,0.03454220485740415,1.291000000000001,0.0,0.022917651,5.0
3.6726594694707497,1.1893026119786505,5.0,1252.3964623730947,3.0052824709501387,1.2920000000000011,0.034844458813262535,1.2920000000000011,0.0,0.022917651,5.0
3.66980515558714,1.2529554828515455,5.0,1277.4315623627074,2.9305599741606074,1.293000000000001,0.03501874255758521,1.293000000000001,0.0,0.022917651,5.0
3.6663362219899813,1.3262940221859247,5.0,1307.4666387890456,2.843693326908904,1.2940000000000011,0.03511142141209388,1.2940000000000011,0.0,0.022917651,5.0
3.6623326434368053,1.4077338115681948,5.0,1347.8396171890618,2.746586855673795,1.295000000000001,0.03510657129703505,1.295000000000001,0.0,0.022917651,5.0
3.656816473288532,1.5111493503175786,5.0,1403.8053992433886,2.6214542323954806,1.2960000000000012,0.03510172118197623,1.2960000000000012,0.0,0.022917651,5.0
3.6500566889259187,1.631163686460017,5.0,1487.866821989848,2.4747483922899307,1.297000000000001,0.035096871066917404,1.297000000000001,0.0,0.022917651,5.0
3.6496038260677266,1.648615552854093,5.0,1610.7591693742138,2.4558327151815886,1.2980000000000012,0.03509202095185858,1.2980000000000012,0.0,0.022917651,5.0
3.639036204041331,1.8206512422978143,5.0,1794.637872343992,2.2418741354912077,1.299000000000001,0.035087170836799755,1.299000000000001,0.0,0.022917651,5.0
3.622605121123777,2.0690173622928816,5.0,2154.029459202379,1.928131319530791,1.3000000000000012,0.03508232072174093,1.3000000000000012,0.0,0.022917651,5.0
3.6021347447341587,2.3563970315093195,5.0,2748.2687014673716,1.5591919925875541,1.301000000000001,0.03507763972691605,1.301000000000001,0.0,0.022917651,5.0
3.5516081475725314,2.952124064704582,5.0,5148.157661017776,0.7616804196969188,1.3020000000000012,0.03507295873209118,1.3020000000000012,0.0,0.022917651,5.0
