log_Teff,LogL_lsun,Age_gyr,Step,Log_g,Mass_msun,feh,Mass_input,Metallicity_input,Z_used,Age_input
3.5409981644325703,-1.9173184401996473,8.0,310.9140821496779,4.951217204567537,0.3000000000000002,0.026687196732100394,0.30000000000000016,0.0,0.022917651,8.0
3.5411491237595354,-1.9147686760442417,8.0,310.967513899014,4.950520665176636,0.30100000000000016,0.026669413156550133,0.30100000000000016,0.0,0.022917651,8.0
3.5412998861243783,-1.9122383873849407,8.0,311.02436691923845,4.949842812814148,0.30200000000000016,0.026650556992401066,0.30200000000000016,0.0,0.022917651,8.0
3.5414506707154643,-1.9097096828346602,8.0,311.07747414965576,4.949166633480567,0.30300000000000016,0.026631276383801486,0.30300000000000016,0.0,0.022917651,8.0
3.5416014773399045,-1.9071825486458707,8.0,311.1268680977234,4.948492112656681,0.30400000000000016,0.02661157501424957,0.30400000000000016,0.0,0.022917651,8.0
3.541752305807036,-1.9046569712296588,8.0,311.17258089583356,4.947819235990798,0.30500000000000016,0.026591456524743935,0.30500000000000016,0.0,0.022917651,8.0
3.5419031559283902,-1.902132937153447,8.0,311.2146443067068,4.947147989296338,0.30600000000000016,0.02657092451439485,0.30600000000000016,0.0,0.022917651,8.0
3.5420540275176604,-1.8996104331387516,8.0,311.2530897286934,4.946478358549464,0.3070000000000001,0.026549982541024857,0.30700000000000016,0.0,0.022917651,8.0
3.5422049203906694,-1.897089446058979,8.0,311.28794820098256,4.945810329886752,0.3080000000000002,0.026528634121759154,0.30800000000000016,0.0,0.022917651,8.0
3.542355834365343,-1.8945699629372603,8.0,311.3192504087242,4.945143889602914,0.30900000000000016,0.02650688273360584,0.30900000000000016,0.0,0.022917651,8.0
3.542506769261677,-1.8920519709443233,8.0,311.34702668806153,4.9444790241485395,0.3100000000000002,0.026484731814026267,0.31000000000000016,0.0,0.022917651,8.0
3.5426577249017077,-1.8895354573963992,8.0,311.3713070310794,4.943815720127883,0.31100000000000017,0.0264621847614957,0.31100000000000017,0.0,0.022917651,8.0
3.542808701109485,-1.8870204097531653,8.0,311.3921210906681,4.94315396429671,0.3120000000000001,0.026439244936054433,0.31200000000000017,0.0,0.022917651,8.0
3.542959697711044,-1.8845068156157245,8.0,311.40949818530515,4.9424937435601395,0.31300000000000017,0.026415915659849642,0.31300000000000017,0.0,0.022917651,8.0
3.5431107145343743,-1.8819946627246154,8.0,311.42346730375573,4.941835044970558,0.31400000000000017,0.026392200217668027,0.31400000000000017,0.0,0.022917651,8.0
3.5432617514093954,-1.8794839389578588,8.0,311.43405710969495,4.94117785572555,0.3150000000000002,0.026368101857459556,0.31500000000000017,0.0,0.022917651,8.0
3.5434128081679286,-1.876974632329035,8.0,311.44129594625235,4.940522163165868,0.3160000000000002,0.026343623790852377,0.31600000000000017,0.0,0.022917651,8.0
3.5435638846436723,-1.874466730985396,8.0,311.4452118404797,4.93986795477344,0.31700000000000017,0.02631876919365915,0.31700000000000017,0.0,0.022917651,8.0
3.543714980672172,-1.8719602232060044,8.0,311.44583250774565,4.939215218169408,0.31800000000000017,0.0262935412063749,0.31800000000000017,0.0,0.022917651,8.0
3.543866096090797,-1.8694550973999093,8.0,311.4431853560554,4.9385639411121875,0.3190000000000002,0.026267942934666638,0.3190000000000002,0.0,0.022917651,8.0
3.5440172307387177,-1.866951342104346,8.0,311.4372974903006,4.937914111495585,0.3200000000000002,0.026241977449854792,0.3200000000000002,0.0,0.022917651,8.0
3.544168384456876,-1.8644489459829727,8.0,311.4281957164374,4.9372657173469205,0.32100000000000023,0.026215647789386738,0.3210000000000002,0.0,0.022917651,8.0
3.544319557087963,-1.8619478978241288,8.0,311.4159065455969,4.936618746825195,0.32200000000000023,0.026188956957302483,0.3220000000000002,0.0,0.022917651,8.0
3.5444707484763978,-1.8594481865391281,8.0,311.40045619812696,4.935973188219289,0.32300000000000023,0.02616190792469268,0.3230000000000002,0.0,0.022917651,8.0
3.5446219584682983,-1.8569498011605756,8.0,311.38187060756786,4.935329029946181,0.3240000000000002,0.026134503630149172,0.3240000000000002,0.0,0.022917651,8.0
3.5447731869114634,-1.8544527308407148,8.0,311.36017542456386,4.934686260549201,0.3250000000000002,0.026106746980208102,0.3250000000000002,0.0,0.022917651,8.0
3.544924433655345,-1.8519569648497998,8.0,311.3353960207091,4.934044868696319,0.3260000000000002,0.026078640849785843,0.3260000000000002,0.0,0.022917651,8.0
3.5450756985510314,-1.8494624925744956,8.0,311.307557492333,4.933404843178449,0.3270000000000002,0.026050188082607825,0.3270000000000002,0.0,0.022917651,8.0
3.5452269814512216,-1.8469693035163046,8.0,311.2766846642227,4.932766172907783,0.32800000000000024,0.02602139149163036,0.3280000000000002,0.0,0.022917651,8.0
3.5453782822102,-1.844477387290014,8.0,311.24280209328566,4.9321288469161635,0.32900000000000024,0.0259922538594557,0.3290000000000002,0.0,0.022917651,8.0
3.545529600683826,-1.841986733622177,8.0,311.2059340721537,4.931492854353472,0.3300000000000002,0.02596277793874036,0.3300000000000002,0.0,0.022917651,8.0
3.54568109929975,-1.8395121621637402,8.0,311.18077016203466,4.930873664490498,0.3310000000000001,0.025933064691693153,0.3310000000000002,0.0,0.022917651,8.0
3.5458326559018998,-1.837039020322304,8.0,311.1534194224907,4.930256136179416,0.33200000000000024,0.025903062801894992,0.3320000000000002,0.0,0.022917651,8.0
3.5459842633161,-1.8345665739571833,8.0,311.1231730300145,4.929639506586846,0.33300000000000024,0.02587276873732716,0.3330000000000002,0.0,0.022917651,8.0
3.546135921495642,-1.8320948224290605,8.0,311.09003364643854,4.929023774886638,0.3340000000000002,0.025842182766571648,0.3340000000000002,0.0,0.022917651,8.0
3.5462876303938757,-1.8296237650994025,8.0,311.0540039303338,4.928408940253658,0.33500000000000024,0.0258113051578814,0.3350000000000002,0.0,0.022917651,8.0
3.5464393899642035,-1.8271534013304562,8.0,311.01508653701455,4.927795001863782,0.3360000000000002,0.02578013617918072,0.3360000000000002,0.0,0.022917651,8.0
3.54659120016009,-1.8246837304852515,8.0,310.9732841185438,4.927181958893891,0.3370000000000002,0.025748676098065873,0.3370000000000002,0.0,0.022917651,8.0
3.5467430609350536,-1.8222147519275964,8.0,310.9285993237378,4.926569810521878,0.3380000000000002,0.025716925181805517,0.3380000000000002,0.0,0.022917651,8.0
3.5468949722426717,-1.8197464650220792,8.0,310.88103479817124,4.925958555926642,0.3390000000000002,0.025684883697341235,0.3390000000000002,0.0,0.022917651,8.0
3.5470469340365756,-1.8172788691340633,8.0,310.83059318418213,4.925348194288085,0.3400000000000002,0.025652551911288023,0.3400000000000002,0.0,0.022917651,8.0
3.5471989462704556,-1.8148119636296909,8.0,310.7772771208768,4.924738724787108,0.34100000000000025,0.025619930089934805,0.3410000000000002,0.0,0.022917651,8.0
3.547351008898059,-1.8123457478758773,8.0,310.7210892441349,4.924130146605626,0.3420000000000002,0.025587018499244912,0.3420000000000002,0.0,0.022917651,8.0
3.5475031218731883,-1.809880221240312,8.0,310.662032186614,4.92352245892654,0.3430000000000002,0.02555381740485659,0.3430000000000002,0.0,0.022917651,8.0
3.5476552851497027,-1.8074153830914577,8.0,310.6001085777552,4.922915660933755,0.34400000000000014,0.025520327072083505,0.3440000000000002,0.0,0.022917651,8.0
3.5478074986815167,-1.8049512327985482,8.0,310.5353210437871,4.922309751812177,0.34500000000000014,0.025486547765915208,0.3450000000000002,0.0,0.022917651,8.0
3.547959762422605,-1.8024877697315878,8.0,310.4676722077317,4.9217047307477015,0.34600000000000025,0.025452479751017682,0.3460000000000002,0.0,0.022917651,8.0
3.548112076326993,-1.8000249932613492,8.0,310.39716468940844,4.921100596927218,0.34700000000000014,0.02541812329173377,0.3470000000000002,0.0,0.022917651,8.0
3.5482644403487673,-1.7975629027593738,8.0,310.3238011054395,4.920497349538614,0.3480000000000002,0.02538347865208373,0.3480000000000002,0.0,0.022917651,8.0
3.5484168544420664,-1.7951014975979693,8.0,310.2475840692547,4.9198949877707605,0.3490000000000002,0.02534854609576568,0.3490000000000002,0.0,0.022917651,8.0
3.5485693185610883,-1.7926407771502095,8.0,310.16851619109633,4.9192935108135245,0.3500000000000002,0.02531332588615612,0.3500000000000002,0.0,0.022917651,8.0
3.5487218326600836,-1.790180740789932,8.0,310.0866000780239,4.918692917857755,0.3510000000000002,0.025277818286310406,0.3510000000000002,0.0,0.022917651,8.0
3.54887439669336,-1.787721387891738,8.0,310.0018383339191,4.918093208095293,0.3520000000000002,0.025242023558963243,0.3520000000000002,0.0,0.022917651,8.0
3.549027010615282,-1.7852627178309908,8.0,309.91423355949047,4.917494380718957,0.35300000000000015,0.02520594196652918,0.3530000000000002,0.0,0.022917651,8.0
3.549179674380269,-1.7828047299838146,8.0,309.82378835227865,4.916896434922557,0.3540000000000002,0.025169573771103085,0.3540000000000002,0.0,0.022917651,8.0
3.5493323879427954,-1.780347423727093,8.0,309.73050530666046,4.916299369900879,0.3550000000000002,0.025132919234460642,0.3550000000000002,0.0,0.022917651,8.0
3.5494851512573904,-1.7778907984384693,8.0,309.6343870138546,4.915703184849693,0.35600000000000026,0.025095978618058835,0.3560000000000002,0.0,0.022917651,8.0
3.5496379642786406,-1.775434853496343,8.0,309.53543606192585,4.915107878965743,0.35700000000000026,0.025058752183036426,0.3570000000000002,0.0,0.022917651,8.0
3.549790826961185,-1.7729795882798702,8.0,309.4336550357899,4.914513451446756,0.35800000000000026,0.02502124019021445,0.3580000000000002,0.0,0.022917651,8.0
3.549943739259721,-1.7705250021689634,8.0,309.3290465172186,4.913919901491432,0.3590000000000002,0.024983442900096686,0.3590000000000002,0.0,0.022917651,8.0
3.5500967011289988,-1.7680710945442868,8.0,309.2216130848441,4.913327228299444,0.36000000000000015,0.024945360572870157,0.3600000000000002,0.0,0.022917651,8.0
3.5502497125238257,-1.7656178647872598,8.0,309.1113573141641,4.912735431071442,0.3610000000000002,0.024906993468405577,0.3610000000000002,0.0,0.022917651,8.0
3.5504027733990604,-1.7631653122800524,8.0,308.99828177754637,4.912144509009042,0.3620000000000002,0.024868341846257882,0.3620000000000002,0.0,0.022917651,8.0
3.5505558837096203,-1.760713436405585,8.0,308.8823890442337,4.911554461314836,0.36300000000000027,0.02482940596566666,0.3630000000000002,0.0,0.022917651,8.0
3.5507090434104747,-1.758262236547528,8.0,308.76368168034844,4.910965287192378,0.3640000000000002,0.02479018608555666,0.3640000000000002,0.0,0.022917651,8.0
3.550862252456649,-1.7558117120902994,8.0,308.6421622488972,4.910376985846194,0.3650000000000002,0.02475068246453827,0.3650000000000002,0.0,0.022917651,8.0
3.5510155108032238,-1.7533618624190654,8.0,308.517833309776,4.909789556481774,0.36600000000000027,0.02471089536090797,0.3660000000000002,0.0,0.022917651,8.0
3.5511688184053325,-1.7509126869197373,8.0,308.3906974197744,4.909202998305573,0.36700000000000016,0.024670825032648832,0.3670000000000002,0.0,0.022917651,8.0
3.551322014027824,-1.7484681036046172,8.0,308.2695781826701,4.9086205847297,0.36800000000000027,0.02463074798948805,0.3680000000000002,0.0,0.022917651,8.0
3.5514751670053806,-1.7460262712914105,8.0,308.15083273553347,4.908040751799615,0.3690000000000002,0.02459055496976313,0.3690000000000002,0.0,0.022917651,8.0
3.5516283800106234,-1.7435846674368938,8.0,308.0288787649473,4.907461387455045,0.3700000000000003,0.024550071121945318,0.3700000000000002,0.0,0.022917651,8.0
3.551781653464088,-1.7411432936415803,8.0,307.9036937929519,4.906882494978757,0.37100000000000016,0.024509294408579595,0.3710000000000002,0.0,0.022917651,8.0
3.5519349877902497,-1.73870215152097,8.0,307.7752551311309,4.90630407768426,0.3720000000000002,0.024468222773134676,0.3720000000000002,0.0,0.022917651,8.0
3.5520883834175647,-1.736261242705722,8.0,307.6435398781424,4.905726138916159,0.3730000000000002,0.024426854139779203,0.3730000000000002,0.0,0.022917651,8.0
3.5522418407785197,-1.7338205688418356,8.0,307.50852491721525,4.905148682050514,0.3740000000000002,0.0243851864131548,0.3740000000000002,0.0,0.022917651,8.0
3.552395360309682,-1.73138013159083,8.0,307.37018691361004,4.904571710495227,0.3750000000000002,0.02434321747814596,0.3750000000000002,0.0,0.022917651,8.0
3.5525489424517414,-1.7289399326299286,8.0,307.2285023120439,4.903995227690405,0.3760000000000002,0.024300945199646568,0.3760000000000002,0.0,0.022917651,8.0
3.552702587649565,-1.7264999736522437,8.0,307.0834473340789,4.903419237108744,0.3770000000000003,0.02425836742232323,0.3770000000000002,0.0,0.022917651,8.0
3.5528562963522434,-1.7240602563669654,8.0,306.9349979754731,4.902843742255919,0.37800000000000017,0.02421548197037513,0.3780000000000002,0.0,0.022917651,8.0
3.5530100690131436,-1.721620782499554,8.0,306.78313000349385,4.902268746670975,0.3790000000000002,0.02417228664729054,0.3790000000000002,0.0,0.022917651,8.0
3.553163906089957,-1.7191815537919326,8.0,306.62781895419255,4.901694253926724,0.3800000000000002,0.02412877923559975,0.3800000000000002,0.0,0.022917651,8.0
3.5533178080447505,-1.716742572002684,8.0,306.46904012964035,4.90112026763015,0.3810000000000002,0.024084957496624565,0.3810000000000002,0.0,0.022917651,8.0
3.5534717753440264,-1.7143038389072531,8.0,306.3067685951244,4.900546791422817,0.38200000000000023,0.024040819170224107,0.38200000000000023,0.0,0.022917651,8.0
3.553625808458765,-1.711865356298145,8.0,306.1409791763031,4.899973828981288,0.38300000000000023,0.023996361974536983,0.38300000000000023,0.0,0.022917651,8.0
3.553779907864486,-1.7094271259851332,8.0,305.97164645632074,4.899401384017539,0.38400000000000023,0.02395158360571977,0.38400000000000023,0.0,0.022917651,8.0
3.5539340740412997,-1.706989149795468,8.0,305.7987447728799,4.898829460279394,0.38500000000000023,0.02390648173768163,0.38500000000000023,0.0,0.022917651,8.0
3.554088307473967,-1.7045514295740871,8.0,305.6222482152722,4.898258061550958,0.38600000000000023,0.023861054021815147,0.38600000000000023,0.0,0.022917651,8.0
3.554242608651949,-1.7021139671838315,8.0,305.44213062136436,4.897687191653051,0.3870000000000003,0.0238152980867232,0.38700000000000023,0.0,0.022917651,8.0
3.55439697806947,-1.6996767645056605,8.0,305.25836557454187,4.897116854443661,0.3880000000000002,0.02376921153794188,0.38800000000000023,0.0,0.022917651,8.0
3.5545514162255727,-1.6972398234388761,8.0,305.0709264006071,4.896547053818392,0.38900000000000023,0.02372279195765931,0.38900000000000023,0.0,0.022917651,8.0
3.5547059236241774,-1.694803145901344,8.0,304.8797861646317,4.895977793710933,0.39000000000000024,0.023676036904430414,0.39000000000000024,0.0,0.022917651,8.0
3.5548605007741423,-1.6923667338297228,8.0,304.6849176677636,4.895409078093507,0.3910000000000003,0.023628943912887418,0.39100000000000024,0.0,0.022917651,8.0
3.555015148189325,-1.6899305891796939,8.0,304.48629344398626,4.894840910977361,0.39200000000000024,0.02358151049344615,0.39200000000000024,0.0,0.022917651,8.0
3.5551698663886424,-1.687494713926196,8.0,304.2838857568301,4.894273296413243,0.3930000000000003,0.02353373413200794,0.39300000000000024,0.0,0.022917651,8.0
3.5553246558961322,-1.6850591100636632,8.0,304.07766659603584,4.8937062384918795,0.39400000000000024,0.023485612289657155,0.39400000000000024,0.0,0.022917651,8.0
3.55547951724102,-1.682623779606265,8.0,303.8676076741673,4.893139741344481,0.39500000000000024,0.023437142402354238,0.39500000000000024,0.0,0.022917651,8.0
3.5556344509577786,-1.6801887245881515,8.0,303.65368042317493,4.892573809143237,0.39600000000000024,0.023388321880624147,0.39600000000000024,0.0,0.022917651,8.0
3.5557894575861995,-1.6777539470637024,8.0,303.4358559909073,4.892008446101833,0.39700000000000024,0.023339148109240183,0.39700000000000024,0.0,0.022917651,8.0
3.5559445376714534,-1.6753194491077787,8.0,303.2141052375706,4.89144365647596,0.3980000000000003,0.02328961844690307,0.39800000000000024,0.0,0.022917651,8.0
3.5560996917641594,-1.6728852328159773,8.0,302.98839873213507,4.89087944456384,0.39900000000000024,0.023239730225915235,0.39900000000000024,0.0,0.022917651,8.0
3.5562549204204554,-1.670451300304894,8.0,302.7587067486878,4.890315814706767,0.40000000000000024,0.023189480751850174,0.40000000000000024,0.0,0.022917651,8.0
3.556480029741515,-1.6677902440313512,8.0,302.8763501027007,4.889524295742598,0.40100000000000025,0.023186931293960964,0.40100000000000025,0.0,0.022917651,8.0
3.5567051347291145,-1.6651292309295669,8.0,302.9939081540936,4.8887328026164445,0.40200000000000025,0.023184382993537395,0.40200000000000025,0.0,0.022917651,8.0
3.556930235334344,-1.662468261486818,8.0,303.11137994006214,4.887941335619936,0.40300000000000025,0.023181835863643703,0.40300000000000025,0.0,0.022917651,8.0
3.5571553315075524,-1.6598073361977412,8.0,303.2287644832573,4.887149895049109,0.4040000000000003,0.02317928991754146,0.40400000000000025,0.0,0.022917651,8.0
3.557380423198336,-1.6571464555644746,8.0,303.34606079151075,4.886358481204489,0.40500000000000025,0.023176745168693346,0.40500000000000025,0.0,0.022917651,8.0
3.557605510355526,-1.6544856200967988,8.0,303.463267857552,4.88556709439118,0.4060000000000003,0.023174201630766954,0.40600000000000025,0.0,0.022917651,8.0
3.5578305929271683,-1.6518248303122833,8.0,303.58038465872033,4.88477573491894,0.40700000000000025,0.023171659317638676,0.40700000000000025,0.0,0.022917651,8.0
3.5580556708605156,-1.6491640867364366,8.0,303.6974101566698,4.883984403102286,0.40800000000000025,0.02316911824339778,0.40800000000000025,0.0,0.022917651,8.0
3.5582807441020043,-1.646503389902858,8.0,303.8143432970672,4.88319309926057,0.40900000000000025,0.023166578422350433,0.40900000000000025,0.0,0.022917651,8.0
3.558505812597248,-1.6438427403533948,8.0,303.93118300928325,4.882401823718086,0.41000000000000036,0.02316403986902394,0.41000000000000025,0.0,0.022917651,8.0
3.558730876291013,-1.6411821386383003,8.0,304.0479282060764,4.8816105768041576,0.41100000000000025,0.02316150259817101,0.41100000000000025,0.0,0.022917651,8.0
3.558955935127205,-1.6385215853164001,8.0,304.1645777832695,4.880819358853236,0.41200000000000025,0.023158966624774145,0.41200000000000025,0.0,0.022917651,8.0
3.559180989048855,-1.6358610809552585,8.0,304.28113061941923,4.880028170205008,0.4130000000000003,0.023156431964050136,0.41300000000000026,0.0,0.022917651,8.0
3.5594060379980963,-1.6332006261313492,8.0,304.397585575476,4.879237011204485,0.41400000000000026,0.02315389863145468,0.41400000000000026,0.0,0.022917651,8.0
3.559631081916153,-1.6305402214302325,8.0,304.51394149443854,4.878445882202126,0.41500000000000026,0.023151366642687046,0.41500000000000026,0.0,0.022917651,8.0
3.559856120743319,-1.6278798674467334,8.0,304.63019720099777,4.877654783553925,0.4160000000000003,0.023148836013694926,0.41600000000000026,0.0,0.022917651,8.0
3.5600811544189384,-1.6252195647851269,8.0,304.746351501174,4.87686371562154,0.41700000000000037,0.023146306760679344,0.41700000000000026,0.0,0.022917651,8.0
3.560306182881387,-1.622559314059325,8.0,304.862403181944,4.876072678772391,0.41800000000000026,0.02314377890009975,0.41800000000000026,0.0,0.022917651,8.0
3.5605312060680574,-1.619899115893071,8.0,304.9783510108604,4.875281673379788,0.41900000000000026,0.023141252448679123,0.41900000000000026,0.0,0.022917651,8.0
3.5607562239153325,-1.6172389709201362,8.0,305.0941937356611,4.874490699823034,0.4200000000000003,0.02313872742340934,0.42000000000000026,0.0,0.022917651,8.0
3.5609812363585687,-1.6145788797845226,8.0,305.2099300838695,4.873699758487563,0.4210000000000003,0.02313620384155654,0.42100000000000026,0.0,0.022917651,8.0
3.5612062433320757,-1.61191884314067,8.0,305.3255587623847,4.872908849765052,0.42200000000000026,0.023133681720666734,0.42200000000000026,0.0,0.022917651,8.0
3.5614312447690932,-1.6092588616536685,8.0,305.44107845706225,4.872117974053553,0.4230000000000003,0.023131161078571452,0.42300000000000026,0.0,0.022917651,8.0
3.561656240601772,-1.6065989359994763,8.0,305.55648783228435,4.8713271317576226,0.4240000000000003,0.023128641933393614,0.42400000000000027,0.0,0.022917651,8.0
3.5618812307611463,-1.6039390668651412,8.0,305.6717855305193,4.870536323288455,0.42500000000000027,0.023126124303553475,0.42500000000000027,0.0,0.022917651,8.0
3.562106215177116,-1.601279254949031,8.0,305.78697017187017,4.869745549064018,0.4260000000000002,0.023123608207774766,0.42600000000000027,0.0,0.022917651,8.0
3.5623311937784226,-1.5986195009610664,8.0,305.90204035361256,4.868954809509197,0.4270000000000003,0.023121093665090957,0.42700000000000027,0.0,0.022917651,8.0
3.5625561664926213,-1.5959598056229607,8.0,306.0169946497202,4.868164105055927,0.4280000000000003,0.02311858069485171,0.42800000000000027,0.0,0.022917651,8.0
3.562781133246061,-1.593300169668466,8.0,306.1318316103795,4.867373436143359,0.4290000000000003,0.02311606931672945,0.42900000000000027,0.0,0.022917651,8.0
3.563006093963855,-1.5906405938436265,8.0,306.24654976149134,4.866582803217994,0.4300000000000003,0.02311355955072613,0.43000000000000027,0.0,0.022917651,8.0
3.5632310485698593,-1.5879810789070345,8.0,306.36114760416024,4.865792206733844,0.4310000000000003,0.023111051417180166,0.43100000000000027,0.0,0.022917651,8.0
3.56345599698664,-1.585321625630097,8.0,306.47562361417096,4.8650016471525905,0.4320000000000003,0.02310854493677353,0.4320000000000003,0.0,0.022917651,8.0
3.5636809391354545,-1.5826622347973072,8.0,306.5899762414516,4.864211124943749,0.4330000000000003,0.02310604013053905,0.4330000000000003,0.0,0.022917651,8.0
3.563905874936215,-1.580002907206524,8.0,306.70420390952296,4.863420640584833,0.4340000000000004,0.023103537019867868,0.4340000000000003,0.0,0.022917651,8.0
3.5641308043074638,-1.577343643669255,8.0,306.81830501493357,4.862630194561522,0.43500000000000033,0.023101035626517108,0.4350000000000003,0.0,0.022917651,8.0
3.564355727166345,-1.5746844450109534,8.0,306.9322779266808,4.861839787367845,0.43600000000000033,0.02309853597261774,0.4360000000000003,0.0,0.022917651,8.0
3.564580643428571,-1.5720253120713155,8.0,307.0461209856162,4.861049419506357,0.43700000000000033,0.023096038080682644,0.4370000000000003,0.0,0.022917651,8.0
3.564805553008397,-1.569366245704592,8.0,307.1598325038359,4.860259091488321,0.43800000000000033,0.023093541973614868,0.4380000000000003,0.0,0.022917651,8.0
3.5650304558185812,-1.5667072467799028,8.0,307.2734107640548,4.859468803833897,0.4390000000000003,0.02309104767471615,0.4390000000000003,0.0,0.022917651,8.0
3.5652553517703596,-1.5640483161815626,8.0,307.38685401896464,4.858678557072343,0.4400000000000002,0.0230885552076956,0.4400000000000003,0.0,0.022917651,8.0
3.565480240773408,-1.561389454809415,8.0,307.500160490575,4.85788835174221,0.44100000000000034,0.023086064596678644,0.4410000000000003,0.0,0.022917651,8.0
3.56570512273581,-1.5587306635791733,8.0,307.61332836953665,4.857098188391546,0.4420000000000003,0.02308357586621623,0.4420000000000003,0.0,0.022917651,8.0
3.5659299975640195,-1.5560719434227734,8.0,307.7263558144474,4.856308067578108,0.4430000000000003,0.023081089041294224,0.4430000000000003,0.0,0.022917651,8.0
3.5661548651628276,-1.553413295288734,8.0,307.83924095113906,4.855517989869578,0.4440000000000003,0.023078604147343085,0.4440000000000003,0.0,0.022917651,8.0
3.5663797254353233,-1.5507547201425278,8.0,307.95198187194535,4.854727955843788,0.44500000000000034,0.02307612121024782,0.4450000000000003,0.0,0.022917651,8.0
3.5666045782828553,-1.5480962189669605,8.0,308.06457663495013,4.853937966088935,0.4460000000000003,0.023073640256358153,0.4460000000000003,0.0,0.022917651,8.0
3.5668294236049918,-1.5454377927625624,8.0,308.1770232632152,4.853148021203836,0.4470000000000003,0.023071161312499037,0.4470000000000003,0.0,0.022917651,8.0
3.567054261299485,-1.5427794425479915,8.0,308.2893197439876,4.852358121798147,0.44800000000000034,0.023068684405981373,0.4480000000000003,0.0,0.022917651,8.0
3.567279091262222,-1.540121169360442,8.0,308.4014640278845,4.851568268492624,0.4490000000000003,0.023066209564613114,0.4490000000000003,0.0,0.022917651,8.0
3.56750391338719,-1.537462974256071,8.0,308.513454028056,4.850778461919369,0.4500000000000003,0.023063736816710582,0.4500000000000003,0.0,0.022917651,8.0
3.567728727566428,-1.5348048583104332,8.0,308.6252876193254,4.8499887027220945,0.4510000000000003,0.023061266191110163,0.4510000000000003,0.0,0.022917651,8.0
3.567953533689982,-1.5321468226189283,8.0,308.73696263730517,4.849198991556389,0.4520000000000003,0.02305879771718029,0.4520000000000003,0.0,0.022917651,8.0
3.5681783316458615,-1.5294888682972594,8.0,308.8484768774879,4.848409329089996,0.4530000000000003,0.02305633142483377,0.4530000000000003,0.0,0.022917651,8.0
3.56840312131999,-1.526830996481908,8.0,308.959828094313,4.8476197160030905,0.4540000000000003,0.02305386734454048,0.4540000000000003,0.0,0.022917651,8.0
3.568627902596156,-1.524173208330617,8.0,309.0710140002067,4.8468301529885744,0.4550000000000003,0.023051405507340354,0.4550000000000003,0.0,0.022917651,8.0
3.5688526753559637,-1.5215155050228941,8.0,309.18203226459417,4.846040640752375,0.45600000000000035,0.0230489459448568,0.4560000000000003,0.0,0.022917651,8.0
3.5690774394787814,-1.518857887760522,8.0,309.29288051288466,4.845251180013752,0.4570000000000003,0.023046488689310498,0.4570000000000003,0.0,0.022917651,8.0
3.5693021948416894,-1.5162003577680891,8.0,309.40355632542787,4.844461771505613,0.4580000000000004,0.023044033773533514,0.4580000000000003,0.0,0.022917651,8.0
3.5695269413194226,-1.5135429162935308,8.0,309.51405723643944,4.843672415974838,0.4590000000000003,0.023041581230983915,0.4590000000000003,0.0,0.022917651,8.0
3.569751678784317,-1.5108855646086923,8.0,309.6243807328968,4.84288311418262,0.4600000000000003,0.02303913109576074,0.4600000000000003,0.0,0.022917651,8.0
3.5699764071062505,-1.5082283040098996,8.0,309.7345242534017,4.8420938669048015,0.4610000000000003,0.023036683402619437,0.4610000000000003,0.0,0.022917651,8.0
3.570201126152586,-1.5055711358185533,8.0,309.8444851870112,4.84130467493223,0.4620000000000003,0.023034238186987716,0.4620000000000003,0.0,0.022917651,8.0
3.570425835788106,-1.50291406138174,8.0,309.95426087203396,4.840515539071131,0.4630000000000003,0.023031795484981892,0.4630000000000003,0.0,0.022917651,8.0
3.570650535874952,-1.5002570820728551,8.0,310.0638485947907,4.839726460143469,0.4640000000000003,0.023029355333423696,0.4640000000000003,0.0,0.022917651,8.0
3.570875226272562,-1.4976001992922519,8.0,310.1732455883393,4.838937438987349,0.46500000000000036,0.0230269177698576,0.4650000000000003,0.0,0.022917651,8.0
3.571099906837599,-1.4949434144679037,8.0,310.2824490311608,4.838148476457402,0.4660000000000003,0.023024482832568586,0.4660000000000003,0.0,0.022917651,8.0
3.5713245774238866,-1.4922867290560908,8.0,310.39145604580824,4.837359573425204,0.4670000000000003,0.02302205056060056,0.4670000000000003,0.0,0.022917651,8.0
3.5715492378823352,-1.4896301445421027,8.0,310.50026369751293,4.836570730779689,0.4680000000000003,0.0230196209937752,0.4680000000000003,0.0,0.022917651,8.0
3.5717738880608696,-1.4869736624409655,8.0,310.6088689927504,4.8357819494275915,0.4690000000000003,0.02301719417271144,0.4690000000000003,0.0,0.022917651,8.0
3.5719985278043582,-1.4843172842981904,8.0,310.71726887776265,4.83499323029389,0.4700000000000003,0.02301477013884553,0.4700000000000003,0.0,0.022917651,8.0
3.5722231569545277,-1.4816610116905427,8.0,310.82546023703526,4.834204574322266,0.4710000000000003,0.02301234893445167,0.4710000000000003,0.0,0.022917651,8.0
3.572447775349891,-1.479004846226837,8.0,310.9334398917286,4.833415982475586,0.47200000000000036,0.023009930602663334,0.4720000000000003,0.0,0.022917651,8.0
3.572672382825659,-1.4763487895487548,8.0,311.0412045980606,4.832627455736386,0.4730000000000003,0.023007515187495182,0.4730000000000003,0.0,0.022917651,8.0
3.572896979213663,-1.4736928433316903,8.0,311.1487510456396,4.831838995107377,0.4740000000000003,0.023005102733865704,0.4740000000000003,0.0,0.022917651,8.0
3.573121564342259,-1.4710370092856166,8.0,311.2560758557462,4.831050601611969,0.4750000000000003,0.02300269328762052,0.4750000000000003,0.0,0.022917651,8.0
3.5733461380362432,-1.4683812891559858,8.0,311.3631755795608,4.830262276294801,0.4760000000000003,0.02300028689555644,0.4760000000000003,0.0,0.022917651,8.0
3.573570700116759,-1.4657256847246518,8.0,311.4700466963362,4.829474020222302,0.4770000000000003,0.02299788360544624,0.4770000000000003,0.0,0.022917651,8.0
3.573795250401199,-1.4630701978108265,8.0,311.57668561151326,4.8286858344832595,0.4780000000000003,0.02299548346606428,0.4780000000000003,0.0,0.022917651,8.0
3.574019788703107,-1.4604148302720603,8.0,311.6830886547752,4.827897720189402,0.47900000000000037,0.02299308652721282,0.4790000000000003,0.0,0.022917651,8.0
3.574244314832077,-1.4577595840052613,8.0,311.78925207804224,4.8271096784760195,0.4800000000000003,0.022990692839749326,0.4800000000000003,0.0,0.022917651,8.0
3.574468828593647,-1.4551044609477417,8.0,311.89517205340076,4.8263217105025795,0.4810000000000003,0.022988302455614503,0.4810000000000003,0.0,0.022917651,8.0
3.5746933297891914,-1.452449463078298,8.0,312.0008446709665,4.825533817453379,0.4820000000000003,0.022985915427861305,0.4820000000000003,0.0,0.022917651,8.0
3.5749178182158072,-1.4497945924183295,8.0,312.1062659366785,4.8247460005382115,0.4830000000000003,0.022983531810684892,0.4830000000000003,0.0,0.022917651,8.0
3.5751422936662003,-1.44713985103299,8.0,312.2114317700215,4.823958260993058,0.4840000000000003,0.02298115165945351,0.4840000000000003,0.0,0.022917651,8.0
3.575366755928565,-1.4444852410323779,8.0,312.316338001674,4.8231706000807995,0.4850000000000003,0.022978775030740396,0.4850000000000003,0.0,0.022917651,8.0
3.5755912047864613,-1.4418307645727664,8.0,312.4209803710794,4.8223830190919506,0.4860000000000004,0.022976401982356773,0.4860000000000003,0.0,0.022917651,8.0
3.575815640018685,-1.4391764238578715,8.0,312.52535452393636,4.82159551934542,0.4870000000000003,0.02297403257338586,0.4870000000000003,0.0,0.022917651,8.0
3.5760400613991403,-1.4365222211401683,8.0,312.6294560096064,4.820808102189301,0.4880000000000003,0.02297166686421809,0.4880000000000003,0.0,0.022917651,8.0
3.5762644686967002,-1.4338681587222417,8.0,312.7332802784345,4.820020769001675,0.4890000000000004,0.022969304916587427,0.4890000000000003,0.0,0.022917651,8.0
3.5764888616750654,-1.4312142389581912,8.0,312.8368226789808,4.819233521191454,0.4900000000000003,0.022966946793608948,0.4900000000000003,0.0,0.022917651,8.0
3.5767132400926234,-1.4285604642550784,8.0,312.94007845515745,4.81844636019925,0.4910000000000003,0.02296459255981771,0.4910000000000003,0.0,0.022917651,8.0
3.576937603702293,-1.4259068370744257,8.0,313.0430427432692,4.817659287498265,0.4920000000000003,0.022962242281208852,0.4920000000000003,0.0,0.022917651,8.0
3.5771619522513713,-1.4232533599337638,8.0,313.14571056895306,4.816872304595229,0.4930000000000004,0.0229598960252792,0.4930000000000003,0.0,0.022917651,8.0
3.577386285481373,-1.420600035408235,8.0,313.2480768440123,4.816085413031344,0.4940000000000003,0.022957553861070148,0.4940000000000003,0.0,0.022917651,8.0
3.577610603127863,-1.4179468661322514,8.0,313.35013636314176,4.81529861438329,0.49500000000000033,0.02295521585921215,0.49500000000000033,0.0,0.022917651,8.0
3.5778349049202864,-1.4152938548012075,8.0,313.45188380053895,4.814511910264243,0.4960000000000004,0.02295288209197066,0.49600000000000033,0.0,0.022917651,8.0
3.5780591905817856,-1.4126410041732564,8.0,313.5533137063972,4.813725302324939,0.49700000000000033,0.02295055263329375,0.49700000000000033,0.0,0.022917651,8.0
3.5782834598290223,-1.4099883170711487,8.0,313.65442050327533,4.812938792254775,0.49800000000000033,0.022948227558861358,0.49800000000000033,0.0,0.022917651,8.0
3.5785077123719815,-1.407335796384132,8.0,313.7551984823394,4.812152381782948,0.49900000000000033,0.02294590694613627,0.49900000000000033,0.0,0.022917651,8.0
3.5787319479137762,-1.4046834450699215,8.0,313.8556417994701,4.81136607267963,0.5000000000000003,0.02294359087441696,0.5000000000000003,0.0,0.022917651,8.0
3.579044539949454,-1.4017740787559134,8.0,314.0832013213655,4.810498887200903,0.5010000000000003,0.02294348230921562,0.5010000000000003,0.0,0.022917651,8.0
3.5793572052427334,-1.3988641694283699,8.0,314.3113946399942,4.809631451721447,0.5020000000000003,0.022943373307242387,0.5020000000000003,0.0,0.022917651,8.0
3.5796699449414624,-1.3959537085789917,8.0,314.5402316861083,4.808763762324086,0.5030000000000003,0.022943263861653615,0.5030000000000003,0.0,0.022917651,8.0
3.5799827602175975,-1.3930426875207935,8.0,314.76972259901777,4.807895815009376,0.5040000000000003,0.022943153965461947,0.5040000000000003,0.0,0.022917651,8.0
3.5802956522678357,-1.39013109738339,8.0,314.9998777320949,4.807027605693434,0.5050000000000003,0.022943043611532505,0.5050000000000003,0.0,0.022917651,8.0
3.580608622314274,-1.3872189291081303,8.0,315.2307076584529,4.8061591302057005,0.5060000000000003,0.022942932792578984,0.5060000000000003,0.0,0.022917651,8.0
3.5809216716050853,-1.384306173443075,8.0,315.4622231768072,4.80529038428663,0.5070000000000003,0.022942821501159606,0.5070000000000003,0.0,0.022917651,8.0
3.5812348014152193,-1.3813928209378152,8.0,315.6944353175246,4.8044213635853055,0.5080000000000005,0.022942709729672942,0.5080000000000003,0.0,0.022917651,8.0
3.5815480130471204,-1.3784788619381205,8.0,315.92735534886845,4.803552063656961,0.5090000000000003,0.022942597470353647,0.5090000000000003,0.0,0.022917651,8.0
3.581861307831477,-1.3755642865804154,8.0,316.1609947834472,4.802682479960459,0.5100000000000005,0.022942484715267955,0.5100000000000003,0.0,0.022917651,8.0
3.5821746871279916,-1.3726490847860728,8.0,316.39536538487323,4.801812607855649,0.5110000000000003,0.02294237145630915,0.5110000000000003,0.0,0.022917651,8.0
3.582488152326172,-1.3697332462555223,8.0,316.63047917464115,4.800942442600661,0.5120000000000003,0.022942257685192792,0.5120000000000003,0.0,0.022917651,8.0
3.5828017048461547,-1.3668167604621608,8.0,316.86634843923343,4.800071979349098,0.5130000000000005,0.02294214339345183,0.5130000000000003,0.0,0.022917651,8.0
3.5831153461395533,-1.3638996166460644,8.0,317.102985737462,4.7992012131471435,0.5140000000000003,0.022942028572431532,0.5140000000000003,0.0,0.022917651,8.0
3.5834290776903384,-1.3609818038074861,8.0,317.3404039080561,4.798330138930573,0.5150000000000003,0.02294191321328428,0.5150000000000003,0.0,0.022917651,8.0
3.583742901015738,-1.3580633107001376,8.0,317.5786160775037,4.797458751521648,0.5160000000000003,0.022941797306964145,0.5160000000000003,0.0,0.022917651,8.0
3.5840568176671805,-1.3551441258242432,8.0,317.8176356681596,4.7965870456259285,0.5170000000000003,0.0229416808442213,0.5170000000000003,0.0,0.022917651,8.0
3.5843709215203594,-1.3522251778946757,8.0,318.0569152086458,4.795716325670061,0.5180000000000005,0.022941562654571028,0.5180000000000003,0.0,0.022917651,8.0
3.5846851450904986,-1.3493057606833703,8.0,318.29688231046686,4.794845615353313,0.5190000000000003,0.022941443605943905,0.5190000000000003,0.0,0.022917651,8.0
3.5849994657976367,-1.3463856160152456,8.0,318.5376980077566,4.7939745661284965,0.5200000000000004,0.022941323994558727,0.5200000000000004,0.0,0.022917651,8.0
3.585313885333783,-1.3434647312188752,8.0,318.7793770820323,4.793103172092242,0.5210000000000005,0.022941203810612938,0.5210000000000004,0.0,0.022917651,8.0
3.5856284054304757,-1.3405430933268188,8.0,319.02193466011767,4.792231427203269,0.5220000000000005,0.022941083044074956,0.5220000000000004,0.0,0.022917651,8.0
3.585943027859938,-1.3376206890669267,8.0,319.2653862242859,4.791359325278341,0.5230000000000004,0.0229409616846775,0.5230000000000004,0.0,0.022917651,8.0
3.5862577544362852,-1.3346975048533405,8.0,319.5097476227614,4.790486859988067,0.5240000000000005,0.022940839721910605,0.5240000000000004,0.0,0.022917651,8.0
3.586572587016765,-1.331773526777165,8.0,319.7550350805965,4.789614024852562,0.5250000000000004,0.022940717145014385,0.5250000000000004,0.0,0.022917651,8.0
3.586887527503052,-1.3288487405968121,8.0,320.0012652109386,4.788740813236946,0.5260000000000005,0.022940593942971613,0.5260000000000004,0.0,0.022917651,8.0
3.587202577842578,-1.3259231317279925,8.0,320.2484550267035,4.787867218346682,0.5270000000000004,0.022940470104499917,0.5270000000000004,0.0,0.022917651,8.0
3.587517740029924,-1.3229966852333461,8.0,320.4966219526729,4.7869932332227405,0.5280000000000004,0.02294034561804382,0.5280000000000004,0.0,0.022917651,8.0
3.58783301610825,-1.3200693858116914,8.0,320.74578383803413,4.786118850736599,0.5290000000000005,0.022940220471766373,0.5290000000000004,0.0,0.022917651,8.0
3.5881484081707846,-1.317141217786882,8.0,320.99595896938035,4.785244063585042,0.5300000000000004,0.022940094653540567,0.5300000000000004,0.0,0.022917651,8.0
3.5884639183623697,-1.3142121650962495,8.0,321.24716608419175,4.784368864284784,0.5310000000000004,0.022939968150940383,0.5310000000000004,0.0,0.022917651,8.0
3.5887795488810585,-1.3112822112786162,8.0,321.49942438481884,4.783493245166878,0.5320000000000004,0.022939840951231503,0.5320000000000004,0.0,0.022917651,8.0
3.5890953019797793,-1.30835133946186,8.0,321.75275355298857,4.782617198370933,0.5330000000000004,0.022939713041361717,0.5330000000000004,0.0,0.022917651,8.0
3.5894111799680557,-1.3054195323500093,8.0,322.0071737648575,4.7817407158390886,0.5340000000000004,0.022939584407950925,0.5340000000000004,0.0,0.022917651,8.0
3.589727185213795,-1.3024867722098503,8.0,322.2627057066363,4.780863789309783,0.5350000000000004,0.022939455037280773,0.5350000000000004,0.0,0.022917651,8.0
3.5900433201451483,-1.2995530408570224,8.0,322.5193705908095,4.779986410311273,0.5360000000000005,0.0229393249152839,0.5360000000000004,0.0,0.022917651,8.0
3.590359587252434,-1.2966183196415775,8.0,322.77719017297886,4.779108570154911,0.5370000000000005,0.022939194027532774,0.5370000000000004,0.0,0.022917651,8.0
3.5906759890901454,-1.2936825894329855,8.0,323.0361867693574,4.778230259928149,0.5380000000000004,0.022939062359228077,0.5380000000000004,0.0,0.022917651,8.0
3.5909925282790245,-1.2907458306045525,8.0,323.2963832749445,4.777351470487294,0.5390000000000004,0.022938929895186685,0.5390000000000004,0.0,0.022917651,8.0
3.591309207508232,-1.2878080230172315,8.0,323.5578031824123,4.776472192449951,0.5400000000000004,0.022938796619829085,0.5400000000000004,0.0,0.022917651,8.0
3.591626029537586,-1.2848691460027923,8.0,323.8204706017361,4.775592416187192,0.5410000000000004,0.022938662517166412,0.5410000000000004,0.0,0.022917651,8.0
3.591942997199905,-1.2819291783463267,8.0,324.0844102806048,4.774712131815401,0.5420000000000003,0.02293852757078689,0.5420000000000004,0.0,0.022917651,8.0
3.592260113403434,-1.278988098268053,8.0,324.34964762564573,4.7738313291878,0.5430000000000005,0.02293839176384175,0.5430000000000004,0.0,0.022917651,8.0
3.5925773811343715,-1.2760458834043893,8.0,324.6162087245021,4.772949997885628,0.5440000000000004,0.02293825507903061,0.5440000000000004,0.0,0.022917651,8.0
3.5928948034595027,-1.2731025107882612,8.0,324.8841203688059,4.772068127208969,0.5450000000000005,0.022938117498586215,0.5450000000000004,0.0,0.022917651,8.0
3.593212383528931,-1.2701579568286063,8.0,325.1534100780858,4.771185706167201,0.5460000000000004,0.022937979004258608,0.5460000000000004,0.0,0.022917651,8.0
3.593530124578931,-1.267212197289038,8.0,325.4241061246561,4.770302723469064,0.5470000000000003,0.022937839577298603,0.5470000000000004,0.0,0.022917651,8.0
3.593848071877896,-1.264265401496661,8.0,325.69606984293887,4.769419529384068,0.5480000000000004,0.02293769888507668,0.5480000000000004,0.0,0.022917651,8.0
3.5941663545954454,-1.2613181174897896,8.0,325.96882838628323,4.768537188241857,0.5490000000000004,0.022937555989232878,0.5490000000000004,0.0,0.022917651,8.0
3.5944848087634975,-1.2583695369804948,8.0,326.2430826389982,4.7676542364103955,0.5500000000000004,0.022937412135258458,0.5500000000000004,0.0,0.022917651,8.0
3.5948034380419487,-1.255419632292773,8.0,326.5188645294907,4.766770660853505,0.5510000000000004,0.02293726730270053,0.5510000000000004,0.0,0.022917651,8.0
3.59512224619561,-1.2524683749572563,8.0,326.79620690143344,4.765886448161308,0.5520000000000004,0.022937121470519888,0.5520000000000004,0.0,0.022917651,8.0
3.595441237097996,-1.2495157356825766,8.0,327.075143546798,4.765001584536746,0.5530000000000005,0.022936974617069866,0.5530000000000004,0.0,0.022917651,8.0
3.595760414735273,-1.2465616843254836,8.0,327.35570924032993,4.764116055781494,0.5540000000000004,0.022936826720074258,0.5540000000000004,0.0,0.022917651,8.0
3.5960797832103877,-1.2436061898596493,8.0,327.63793977553735,4.763229847281276,0.5550000000000004,0.02293667775660423,0.5550000000000004,0.0,0.022917651,8.0
3.596399346747373,-1.2406492203430906,8.0,327.9218720022733,4.762342943990518,0.5560000000000005,0.022936527703054276,0.5560000000000004,0.0,0.022917651,8.0
3.596719109695848,-1.237690742884138,8.0,328.2075438659945,4.761455330416312,0.5570000000000004,0.02293637653511707,0.5570000000000004,0.0,0.022917651,8.0
3.5970390765357245,-1.2347307236058804,8.0,328.4949944487838,4.760566990601679,0.5580000000000003,0.022936224227757172,0.5580000000000004,0.0,0.022917651,8.0
3.597359251882115,-1.2317691276089928,8.0,328.78426401222947,4.75967790810805,0.5590000000000004,0.022936070755183568,0.5590000000000004,0.0,0.022917651,8.0
3.5976796404904783,-1.2288059189328744,8.0,329.0753940422606,4.758788065996966,0.5600000000000004,0.022935916090820952,0.5600000000000004,0.0,0.022917651,8.0
3.5980002472619916,-1.225841060514997,8.0,329.36842729604376,4.757897446810931,0.5610000000000005,0.022935760207279676,0.5610000000000004,0.0,0.022917651,8.0
3.598321077249178,-1.2228745141483737,8.0,329.6634078510512,4.757006032553376,0.5620000000000004,0.02293560307632432,0.5620000000000004,0.0,0.022917651,8.0
3.598642135661791,-1.219906240437038,8.0,329.9603811564194,4.756113804667685,0.5630000000000004,0.022935444668840805,0.5630000000000004,0.0,0.022917651,8.0
3.5989634278729787,-1.2169361987494316,8.0,330.2593940867247,4.755220744015252,0.5640000000000004,0.02293528495480193,0.5640000000000004,0.0,0.022917651,8.0
3.599284959425744,-1.2139643471695825,8.0,330.56049499830806,4.754326830852466,0.5650000000000004,0.02293512390323129,0.5650000000000004,0.0,0.022917651,8.0
3.5996067360397044,-1.2109906424459458,8.0,330.86373378829205,4.75343204480663,0.5660000000000004,0.022934961482165485,0.5660000000000004,0.0,0.022917651,8.0
3.5999287636181863,-1.2080150399377845,8.0,331.16916195644075,4.752536364850696,0.5670000000000005,0.02293479765861449,0.5670000000000004,0.0,0.022917651,8.0
3.6002510482556596,-1.205037493558942,8.0,331.4768326700251,4.751639769276783,0.5680000000000004,0.022934632398520078,0.5680000000000004,0.0,0.022917651,8.0
3.6005735962455354,-1.2020579557188649,8.0,331.7868008318636,4.7507422356683975,0.5690000000000004,0.022934465666712273,0.5690000000000004,0.0,0.022917651,8.0
3.6008965999274665,-1.1990765890781152,8.0,332.0985602590836,4.749844696086774,0.5700000000000005,0.022934297486419137,0.5700000000000004,0.0,0.022917651,8.0
3.6012199901861837,-1.1960932240419326,8.0,332.4124240406281,4.74894670442444,0.5710000000000004,0.022934127792962902,0.5710000000000004,0.0,0.022917651,8.0
3.6015436712160493,-1.1931076822320181,8.0,332.72877113978006,4.7480476990492875,0.5720000000000005,0.022933956513380847,0.5720000000000004,0.0,0.022917651,8.0
3.60186765048801,-1.190119907719271,8.0,333.04766536184775,4.7471476539154125,0.5730000000000004,0.02293378360691973,0.5730000000000004,0.0,0.022917651,8.0
3.60219193573117,-1.1871298426420147,8.0,333.3691727168704,4.746246542076918,0.5740000000000004,0.022933609031418126,0.5740000000000004,0.0,0.022917651,8.0
3.6025165349440282,-1.1841374271217968,8.0,333.6933615156764,4.745344335648698,0.5750000000000004,0.022933432743245063,0.5750000000000004,0.0,0.022917651,8.0
3.602841456406327,-1.181142599174746,8.0,334.02030247100686,4.744441005765175,0.5760000000000004,0.022933254697235415,0.5760000000000004,0.0,0.022917651,8.0
3.6031667086915156,-1.1781452946182167,8.0,334.35006880402074,4.743536522536803,0.5770000000000005,0.02293307484662194,0.5770000000000004,0.0,0.022917651,8.0
3.603492300679894,-1.1751454469724163,8.0,334.6827363565177,4.74263085500427,0.5780000000000004,0.022932893142963522,0.5780000000000004,0.0,0.022917651,8.0
3.6038182415724664,-1.1721429873567104,8.0,335.0183837092398,4.741723971090205,0.5790000000000004,0.022932709536069677,0.5790000000000004,0.0,0.022917651,8.0
3.6041445409055464,-1.1691378443802516,8.0,335.3570923066402,4.74081583754824,0.5800000000000005,0.022932523973920815,0.5800000000000004,0.0,0.022917651,8.0
3.604471208566175,-1.1661299440265818,8.0,335.69894658853536,4.739906419909275,0.5810000000000004,0.022932336402584172,0.5810000000000004,0.0,0.022917651,8.0
3.604798254808392,-1.1631192095318046,8.0,336.04403412908687,4.738995682424742,0.5820000000000004,0.02293214676612505,0.5820000000000004,0.0,0.022917651,8.0
3.6051256902704263,-1.1601055612559132,8.0,336.3924457835952,4.73808358800668,0.5830000000000005,0.022931955006513037,0.5830000000000004,0.0,0.022917651,8.0
3.605453525992857,-1.1570889165468186,8.0,336.7442758436194,4.7371700981644205,0.5840000000000004,0.02293176106352294,0.5840000000000004,0.0,0.022917651,8.0
3.6057817734378173,-1.1540691895965873,8.0,337.09962220098333,4.736255172937629,0.5850000000000004,0.022931564874630037,0.5850000000000004,0.0,0.022917651,8.0
3.6061105556874393,-1.1510467212394548,8.0,337.4580782170228,4.735339646602524,0.5860000000000004,0.022931365719432835,0.5860000000000004,0.0,0.022917651,8.0
3.6064398107635753,-1.1480210985712938,8.0,337.8201207509944,4.734422857624478,0.5870000000000004,0.02293116407578794,0.5870000000000004,0.0,0.022917651,8.0
3.6067695184340494,-1.1449920909951972,8.0,338.1860171961989,4.7335044941488285,0.5880000000000005,0.02293096008608417,0.5880000000000004,0.0,0.022917651,8.0
3.607099692283972,-1.1419595969094765,8.0,338.5558832319685,4.732584508915322,0.5890000000000004,0.022930753679902043,0.5890000000000004,0.0,0.022917651,8.0
3.607430346447646,-1.138923510605101,8.0,338.9298392140793,4.73166285275316,0.5900000000000004,0.02293054478397525,0.5900000000000004,0.0,0.022917651,8.0
3.6077614956365975,-1.1358837220560247,8.0,339.308010413476,4.730739474483481,0.5910000000000005,0.022930333322045443,0.5910000000000004,0.0,0.022917651,8.0
3.6080931551693505,-1.1328401166965367,8.0,339.69052726977117,4.729814320815784,0.5920000000000004,0.022930119214707816,0.5920000000000004,0.0,0.022917651,8.0
3.6084253410030565,-1.1297925751846887,8.0,340.07752566059685,4.72888733623789,0.5930000000000004,0.0229299023792472,0.5930000000000004,0.0,0.022917651,8.0
3.608758069767127,-1.126740973150772,8.0,340.4691471879782,4.727958462898948,0.5940000000000004,0.022929682729463725,0.5940000000000004,0.0,0.022917651,8.0
3.6090913587990117,-1.1236851809297306,8.0,340.8655394829953,4.7270276404849625,0.5950000000000004,0.022929460175487325,0.5950000000000004,0.0,0.022917651,8.0
3.609425226182286,-1.1206250632763008,8.0,341.2668565301139,4.726094806086293,0.5960000000000004,0.02292923462358035,0.5960000000000004,0.0,0.022917651,8.0
3.609759690787228,-1.117560479061564,8.0,341.6732590126783,4.725159894056503,0.5970000000000004,0.022929005975927216,0.5970000000000004,0.0,0.022917651,8.0
3.610094861118242,-1.1144911983967465,8.0,342.08464135201496,4.72422310845668,0.5980000000000004,0.02292877407148167,0.5980000000000004,0.0,0.022917651,8.0
3.6104307322900424,-1.1114170725943664,8.0,342.5012885677154,4.723284281081545,0.5990000000000004,0.02292853887646647,0.5990000000000004,0.0,0.022917651,8.0
3.6107672664537103,-1.1083379901763752,8.0,342.9235764020003,4.722343149105831,0.6000000000000004,0.02292830033472398,0.6000000000000004,0.0,0.022917651,8.0
3.611146838191556,-1.105394112605981,8.0,343.1266587183616,4.721587027348855,0.6010000000000005,0.022928289283539842,0.6010000000000004,0.0,0.022917651,8.0
3.6115265719669614,-1.1024490588476106,8.0,343.33123436093894,4.72083037751833,0.6020000000000004,0.022928278162983616,0.6020000000000004,0.0,0.022917651,8.0
3.6119064701896453,-1.0995028114097576,8.0,343.53732553751314,4.720073191761086,0.6030000000000005,0.02292826697202365,0.6030000000000004,0.0,0.022917651,8.0
3.612286535317342,-1.0965553524523581,8.0,343.744954898405,4.719315462067462,0.6040000000000004,0.022928255709607718,0.6040000000000004,0.0,0.022917651,8.0
3.61266676985701,-1.0936066637780653,8.0,343.9541455475538,4.718557180267392,0.6050000000000004,0.022928244374662538,0.6050000000000004,0.0,0.022917651,8.0
3.6130471763660683,-1.0906567268232588,8.0,344.1649210539304,4.717798338026359,0.6060000000000005,0.022928232966093223,0.6060000000000004,0.0,0.022917651,8.0
3.6134277574536684,-1.087705522648785,8.0,344.3773054632961,4.7170389268412425,0.6070000000000004,0.02292822148278273,0.6070000000000004,0.0,0.022917651,8.0
3.6138085157820137,-1.0847530319304106,8.0,344.5913233103208,4.716278938036036,0.6080000000000004,0.022928209923591302,0.6080000000000004,0.0,0.022917651,8.0
3.6141894540677137,-1.0817992349489869,8.0,344.8069996310724,4.715518362757425,0.6090000000000004,0.022928198287355903,0.6090000000000004,0.0,0.022917651,8.0
3.61457057508318,-1.0788441115803087,8.0,345.0243599758909,4.714757191970241,0.6100000000000004,0.022928186572889593,0.6100000000000004,0.0,0.022917651,8.0
3.6149518816580657,-1.0758876412846616,8.0,345.24343042266105,4.713995416452756,0.6110000000000004,0.022928174778980938,0.6110000000000004,0.0,0.022917651,8.0
3.6153334516504128,-1.0729297053696099,8.0,345.4639969181201,4.71323322733231,0.6120000000000005,0.022928162717367525,0.6120000000000004,0.0,0.022917651,8.0
3.6157152422365515,-1.069970339865462,8.0,345.68623490494105,4.712470490383017,0.6130000000000005,0.02292815050536529,0.6130000000000004,0.0,0.022917651,8.0
3.616097228058574,-1.0670095594883793,8.0,345.9102634679402,4.711707119508403,0.6140000000000005,0.022928138213235683,0.6140000000000004,0.0,0.022917651,8.0
3.616479412206867,-1.0640473418423475,8.0,346.1361109501359,4.710943104674067,0.6150000000000004,0.022928125839710375,0.6150000000000004,0.0,0.022917651,8.0
3.616861797837389,-1.0610836640561703,8.0,346.36380629590803,4.7101784356327085,0.6160000000000004,0.022928113383494108,0.6160000000000004,0.0,0.022917651,8.0
3.617244388173414,-1.0581185027707982,8.0,346.59337906703234,4.709413101918445,0.6170000000000004,0.02292810084326402,0.6170000000000004,0.0,0.022917651,8.0
3.61762718650734,-1.0551518341262534,8.0,346.8248594592299,4.708647092840957,0.6180000000000004,0.02292808821766886,0.6180000000000004,0.0,0.022917651,8.0
3.6180101962025497,-1.052183633748128,8.0,347.0582783192527,4.707880397479436,0.6190000000000005,0.022928075505328254,0.6190000000000004,0.0,0.022917651,8.0
3.6183934206953348,-1.0492138767336447,8.0,347.29366716252406,4.707113004676345,0.6200000000000004,0.022928062704831904,0.6200000000000004,0.0,0.022917651,8.0
3.6187768634968798,-1.0462425376372622,8.0,347.53105819135584,4.70634490303096,0.6210000000000004,0.02292804981473877,0.6210000000000004,0.0,0.022917651,8.0
3.6191605281953194,-1.0432695904558076,8.0,347.7704843137653,4.705576080892715,0.6220000000000006,0.022928036833576245,0.6220000000000004,0.0,0.022917651,8.0
3.6195444184578527,-1.0402950086131157,8.0,348.01197916291227,4.704806526354321,0.6230000000000004,0.022928023759839242,0.6230000000000004,0.0,0.022917651,8.0
3.6199285380329362,-1.0373187649441598,8.0,348.2555771171845,4.704036227244649,0.6240000000000006,0.022928010591989362,0.6240000000000004,0.0,0.022917651,8.0
3.620313019533168,-1.0343402405019158,8.0,348.5011807184677,4.703265096724357,0.6250000000000004,0.022927997199327362,0.6250000000000004,0.0,0.022917651,8.0
3.6206978529173877,-1.0313594706028997,8.0,348.74884609738234,4.702493129777743,0.6260000000000004,0.02292798359343134,0.6260000000000004,0.0,0.022917651,8.0
3.6210829273792187,-1.0283769531953388,8.0,348.9987299400585,4.701720379654285,0.6270000000000006,0.02292796988750275,0.6270000000000004,0.0,0.022917651,8.0
3.621468246994332,-1.0253926587357747,8.0,349.25086975194495,4.70094683311356,0.6280000000000006,0.02292795607985042,0.6280000000000004,0.0,0.022917651,8.0
3.621853815930786,-1.022406557011024,8.0,349.50530388870635,4.700172476614998,0.6290000000000006,0.02292794216874487,0.6290000000000004,0.0,0.022917651,8.0
3.6222396384516666,-1.0194186171190929,8.0,349.76207158045344,4.699397296309322,0.6300000000000004,0.02292792815241717,0.6300000000000004,0.0,0.022917651,8.0
3.62262571891781,-1.0164288074494345,8.0,350.0212129568053,4.698621278029708,0.6310000000000006,0.02292791402905784,0.6310000000000004,0.0,0.022917651,8.0
3.623012061790614,-1.0134370956625247,8.0,350.28276907281935,4.697844407282624,0.6320000000000006,0.022927899796815674,0.6320000000000005,0.0,0.022917651,8.0
3.6233986716349635,-1.0104434486687244,8.0,350.54678193582293,4.697066669238368,0.6330000000000005,0.022927885453796516,0.6330000000000005,0.0,0.022917651,8.0
3.6237855531222385,-1.0074478326064065,8.0,350.81329453318443,4.696288048721249,0.6340000000000005,0.02292787099806203,0.6340000000000005,0.0,0.022917651,8.0
3.6241727110334465,-1.0044502128193091,8.0,351.0823508610615,4.6955085301994535,0.6350000000000005,0.022927856427628387,0.6350000000000005,0.0,0.022917651,8.0
3.62456016168989,-1.0014505143748043,8.0,351.353965703857,4.6947281038428095,0.6360000000000005,0.022927841739083042,0.6360000000000005,0.0,0.022917651,8.0
3.6249480161641974,-0.9984483329864668,8.0,351.6279061521326,4.693946807975185,0.6370000000000006,0.02292782692078819,0.6370000000000005,0.0,0.022917651,8.0
3.6253361637497283,-0.9954440299276874,8.0,351.90452762384086,4.693164562917645,0.6380000000000005,0.022927811987427892,0.6380000000000005,0.0,0.022917651,8.0
3.6257246097380382,-0.9924375668958182,8.0,352.18387851966384,4.692381351534406,0.6390000000000006,0.02292779693692487,0.6390000000000005,0.0,0.022917651,8.0
3.626113359548826,-0.9894289046606562,8.0,352.46600841237716,4.6915971562747165,0.6400000000000005,0.022927781767151545,0.6400000000000005,0.0,0.022917651,8.0
3.626502418733834,-0.9864180030361949,8.0,352.75096808254705,4.690811959160215,0.6410000000000005,0.02292776647592848,0.6410000000000005,0.0,0.022917651,8.0
3.626891792980897,-0.983404820851336,8.0,353.03880955553785,4.690025741771836,0.6420000000000005,0.022927751061022832,0.6420000000000005,0.0,0.022917651,8.0
3.627281488118138,-0.9803893159195193,8.0,353.3295861398908,4.689238485236217,0.6430000000000005,0.022927735520146677,0.6430000000000005,0.0,0.022917651,8.0
3.627671510118317,-0.9773714450072217,8.0,353.62335246713025,4.6884501702116035,0.6440000000000006,0.02292771985095532,0.6440000000000005,0.0,0.022917651,8.0
3.6280618651033505,-0.9743511638012743,8.0,353.92016453306076,4.687660776873235,0.6450000000000005,0.02292770405104549,0.6450000000000005,0.0,0.022917651,8.0
3.6284525655178848,-0.9713284020913909,8.0,354.2200664111101,4.6868702847639225,0.6460000000000005,0.022927688114808224,0.6460000000000005,0.0,0.022917651,8.0
3.6288437763120918,-0.9683024797971044,8.0,354.52277866840456,4.6860786728891455,0.6470000000000005,0.02292767195727607,0.6470000000000005,0.0,0.022917651,8.0
3.629235342957594,-0.9652739996454751,8.0,354.8287139221391,4.6852859265096445,0.6480000000000005,0.022927655656467597,0.6480000000000005,0.0,0.022917651,8.0
3.629627272299781,-0.9622429124318701,8.0,355.13793417200253,4.684492023801335,0.6490000000000005,0.022927639209626656,0.6490000000000005,0.0,0.022917651,8.0
3.630019571360753,-0.9592091676814667,8.0,355.4505030181685,4.68369694237676,0.6500000000000005,0.022927622613925936,0.6500000000000005,0.0,0.022917651,8.0
3.630412247345059,-0.9561727136080024,8.0,355.76648571327627,4.682900659266789,0.6510000000000005,0.022927605866464668,0.6510000000000005,0.0,0.022917651,8.0
3.6308053076456615,-0.9531334970709011,8.0,356.0859492164491,4.682103150901604,0.6520000000000005,0.02292758896426623,0.6520000000000005,0.0,0.022917651,8.0
3.6311987598501347,-0.9500914635307119,8.0,356.4089622494465,4.6813043930909295,0.6530000000000005,0.02292757190427564,0.6530000000000005,0.0,0.022917651,8.0
3.631592611747114,-0.9470465570027728,8.0,356.7355953550482,4.680504361003493,0.6540000000000006,0.022927554683356957,0.6540000000000005,0.0,0.022917651,8.0
3.6319868906596953,-0.9439985767287803,8.0,357.0658767153807,4.679702963118674,0.6550000000000005,0.022927537283203802,0.6550000000000005,0.0,0.022917651,8.0
3.632381703994512,-0.9409467253181855,8.0,357.39965649766793,4.67889983141314,0.6560000000000005,0.022927519625380345,0.6560000000000005,0.0,0.022917651,8.0
3.6327769426663146,-0.9378918110712029,8.0,357.7372823360051,4.678095338183211,0.6570000000000005,0.022927501800022,0.6570000000000005,0.0,0.022917651,8.0
3.633172615357589,-0.9348337714655541,8.0,358.07883274068666,4.677289455635827,0.6580000000000006,0.022927483803708845,0.6580000000000005,0.0,0.022917651,8.0
3.6335687309887574,-0.9317725422655965,8.0,358.4243883735079,4.676482155216278,0.6590000000000005,0.02292746563292724,0.6590000000000005,0.0,0.022917651,8.0
3.6339652987263866,-0.9287080574632268,8.0,358.7740321219736,4.675673407581947,0.6600000000000005,0.02292744728406659,0.6600000000000005,0.0,0.022917651,8.0
3.63436232799173,-0.9256402492163217,8.0,359.1278491765984,4.674863182574935,0.6610000000000005,0.02292742875341598,0.6610000000000005,0.0,0.022917651,8.0
3.6347598284696425,-0.9225690477845951,8.0,359.4859271114529,4.674051449193552,0.6620000000000006,0.022927410037160666,0.6620000000000005,0.0,0.022917651,8.0
3.635157935806796,-0.9194940015939883,8.0,359.8482564575064,4.673238299337525,0.6630000000000005,0.022927391120653166,0.6630000000000005,0.0,0.022917651,8.0
3.6355569998278177,-0.9164140271004542,8.0,360.2146680456718,4.672424051191608,0.6640000000000006,0.022927371981289944,0.6640000000000005,0.0,0.022917651,8.0
3.635956580179071,-0.9133304221561982,8.0,360.58561908335247,4.671608238028689,0.6650000000000005,0.022927352660374274,0.6650000000000005,0.0,0.022917651,8.0
3.6363566880407934,-0.9102431081500987,8.0,360.9612078644644,4.670790825961035,0.6660000000000005,0.022927333153974952,0.6660000000000005,0.0,0.022917651,8.0
3.6367573349183533,-0.9071520041849506,8.0,361.3415355414014,4.6699717801154295,0.6670000000000006,0.022927313458046453,0.6670000000000005,0.0,0.022917651,8.0
3.637158532654156,-0.9040570269937535,8.0,361.72670622970475,4.669151064597079,0.6680000000000005,0.022927293568424732,0.6680000000000005,0.0,0.022917651,8.0
3.637560293440076,-0.9009580908522976,8.0,362.1168271173665,4.668328642451939,0.6690000000000006,0.022927273480822883,0.6690000000000005,0.0,0.022917651,8.0
3.6379626798698235,-0.897854876429343,8.0,362.51192625086264,4.667504444123919,0.6700000000000005,0.022927253150964846,0.6700000000000005,0.0,0.022917651,8.0
3.638365962489076,-0.8947461113987398,8.0,362.91170940637386,4.666678276294135,0.6710000000000005,0.022927232373739552,0.6710000000000005,0.0,0.022917651,8.0
3.6387698610552377,-0.8916330637814093,8.0,363.31678991115234,4.665850289491486,0.6720000000000006,0.022927211381973962,0.6720000000000005,0.0,0.022917651,8.0
3.6391743897314055,-0.8885156351034543,8.0,363.7272895725687,4.665020441890465,0.6730000000000004,0.022927190170734937,0.6730000000000005,0.0,0.022917651,8.0
3.6395795631182533,-0.8853937238485771,8.0,364.14333396129325,4.664188690373352,0.6740000000000005,0.02292716873493692,0.6740000000000005,0.0,0.022917651,8.0
3.639985396271061,-0.882267225339669,8.0,364.5650525577636,4.663354990479907,0.6750000000000005,0.022927147069336008,0.6750000000000005,0.0,0.022917651,8.0
3.6403919047175473,-0.879136031614827,8.0,364.9925789055467,4.662519296354722,0.6760000000000006,0.022927125168523747,0.6760000000000005,0.0,0.022917651,8.0
3.6407994028201394,-0.8759988089172993,8.0,365.4259521749093,4.661681533503546,0.6770000000000006,0.022927103060478557,0.6770000000000005,0.0,0.022917651,8.0
3.641207695613644,-0.8728563314929221,8.0,365.86538617350254,4.660841695281562,0.6780000000000005,0.022927080710171386,0.6780000000000005,0.0,0.022917651,8.0
3.6416167160335875,-0.869708829001986,8.0,366.3110549685285,4.659999742613606,0.6790000000000006,0.022927058101418322,0.6790000000000005,0.0,0.022917651,8.0
3.6420264816683923,-0.8665561799769532,8.0,366.763109269507,4.659155624388608,0.6800000000000005,0.02292703522797213,0.6800000000000005,0.0,0.022917651,8.0
3.6424370106779556,-0.863398259003617,8.0,367.2217046827459,4.658309287834815,0.6810000000000005,0.02292701208338259,0.6810000000000005,0.0,0.022917651,8.0
3.6428483331423145,-0.8602348748237738,8.0,367.6870026045658,4.657460662041738,0.6820000000000006,0.022926988664927598,0.6820000000000005,0.0,0.022917651,8.0
3.6432609455683793,-0.8570632662560282,8.0,368.15919279315665,4.656608972867944,0.6830000000000005,0.022926965141829694,0.6830000000000005,0.0,0.022917651,8.0
3.6436743675173218,-0.8538859971831819,8.0,368.6384094739611,4.65575486132989,0.6840000000000005,0.022926941343029847,0.6840000000000005,0.0,0.022917651,8.0
3.644088619142773,-0.8507029266830501,8.0,369.1248275763573,4.654898267121145,0.6850000000000005,0.022926917261664265,0.6850000000000005,0.0,0.022917651,8.0
3.644503721272948,-0.8475139091164967,8.0,369.61862788496376,4.654039127916698,0.6860000000000005,0.022926892890639407,0.6860000000000005,0.0,0.022917651,8.0
3.6449196954391048,-0.8443187939284119,8.0,370.1199972866901,4.65317737928779,0.6870000000000005,0.02292686822262231,0.6870000000000005,0.0,0.022917651,8.0
3.6453366879833897,-0.8411162090368532,8.0,370.62907282967427,4.652312232571262,0.6880000000000005,0.02292684290261448,0.6880000000000005,0.0,0.022917651,8.0
3.6457546202928413,-0.8379069321909853,8.0,371.14608215470207,4.651444152460579,0.6890000000000006,0.02292681718679466,0.6890000000000005,0.0,0.022917651,8.0
3.646173483021153,-0.8346911133528468,8.0,371.67124266788437,4.650573252023944,0.6900000000000005,0.022926791156549425,0.6900000000000005,0.0,0.022917651,8.0
3.646593300319506,-0.8314685827098423,8.0,372.2047659522312,4.649699458053247,0.6910000000000005,0.022926764803717123,0.6910000000000005,0.0,0.022917651,8.0
3.647014099981333,-0.8282391432176951,8.0,372.74686883914563,4.648822684661864,0.6920000000000006,0.02292673811960627,0.6920000000000005,0.0,0.022917651,8.0
3.6474362409478567,-0.8250000699165371,8.0,373.2975256643274,4.647941640723951,0.6930000000000005,0.022926711070046332,0.6930000000000005,0.0,0.022917651,8.0
3.647859416850535,-0.8217537017329997,8.0,373.8572276728469,4.647057441528983,0.6940000000000005,0.022926683678924007,0.6940000000000005,0.0,0.022917651,8.0
3.648283655492357,-0.818499842694089,8.0,374.4262178585687,4.646170002312719,0.6950000000000005,0.022926655937063414,0.6950000000000005,0.0,0.022917651,8.0
3.648708985681194,-0.8152382897437747,8.0,375.0047479978648,4.6452792352472905,0.6960000000000005,0.022926627834957018,0.6960000000000005,0.0,0.022917651,8.0
3.6491357972504295,-0.8119667911923107,8.0,375.5929113990434,4.644384450007571,0.6970000000000006,0.022926599362821872,0.6970000000000005,0.0,0.022917651,8.0
3.6495640020980384,-0.8086858279940907,8.0,376.19105095598576,4.643485774489861,0.6980000000000005,0.022926570511191978,0.6980000000000005,0.0,0.022917651,8.0
3.649993407361217,-0.8053964559691476,8.0,376.7995570921772,4.6425834917946505,0.6990000000000005,0.022926541269619703,0.6990000000000005,0.0,0.022917651,8.0
3.6504240468604205,-0.8020984382075567,8.0,377.41872187517794,4.641677500293474,0.7000000000000005,0.02292651162711882,0.7000000000000005,0.0,0.022917651,8.0
3.6508494199501818,-0.7992537739612823,8.0,377.7446609430819,4.641114248330523,0.7010000000000006,0.022926509403714705,0.7010000000000005,0.0,0.022917651,8.0
3.6512751371219663,-0.7964060350099993,8.0,378.07316137013146,4.640549298195427,0.7020000000000004,0.022926507168761247,0.7020000000000005,0.0,0.022917651,8.0
3.6517011427439723,-0.7935562501345396,8.0,378.4043556822961,4.639983455921286,0.7030000000000004,0.022926504919900812,0.7030000000000005,0.0,0.022917651,8.0
3.6521274409247106,-0.7907043901939936,8.0,378.7382822496497,4.6394167088010105,0.7040000000000005,0.0229265026569353,0.7040000000000005,0.0,0.022917651,8.0
3.6525540358510904,-0.7878504254913917,8.0,379.0749801744362,4.6388490438850365,0.7050000000000005,0.02292650037966286,0.7050000000000005,0.0,0.022917651,8.0
3.652980931790297,-0.7849943257603755,8.0,379.41448930861634,4.638280447975513,0.7060000000000006,0.022926498087877754,0.7060000000000005,0.0,0.022917651,8.0
3.6534081330917236,-0.7821360601514882,8.0,379.75685027192355,4.637710907620328,0.7070000000000005,0.02292649578137029,0.7070000000000005,0.0,0.022917651,8.0
3.6538355273281997,-0.7792751331028767,8.0,380.1020310678633,4.637139477260238,0.7080000000000005,0.02292649346004165,0.7080000000000005,0.0,0.022917651,8.0
3.6542631695240524,-0.7764116992103859,8.0,380.4501020929191,4.636566531699471,0.7090000000000005,0.02292649112398709,0.7090000000000005,0.0,0.022917651,8.0
3.654691131658177,-0.7735459898792648,8.0,380.80114796949755,4.635992590421682,0.7100000000000005,0.022926488773004287,0.7100000000000005,0.0,0.022917651,8.0
3.655119418459591,-0.7706779714761907,8.0,381.1552126689634,4.635417638709149,0.7110000000000005,0.0229264864068726,0.7110000000000005,0.0,0.022917651,8.0
3.655548034750973,-0.7678076097017118,8.0,381.51234103356114,4.634841661552657,0.7120000000000006,0.022926484025366987,0.7120000000000005,0.0,0.022917651,8.0
3.65597698545099,-0.7649348695736742,8.0,381.8725787980835,4.634264643644243,0.7130000000000006,0.02292648162825795,0.7130000000000005,0.0,0.022917651,8.0
3.656406386660522,-0.762058810032713,8.0,382.2359666072063,4.633686109124379,0.7140000000000005,0.02292647920257588,0.7140000000000005,0.0,0.022917651,8.0
3.656836280820505,-0.7591790884183274,8.0,382.60256168419033,4.6331058854164295,0.7150000000000005,0.022926476743069565,0.7150000000000005,0.0,0.022917651,8.0
3.6572665238123934,-0.7562968838870555,8.0,382.97242530911905,4.632524574153326,0.7160000000000005,0.022926474266308266,0.7160000000000005,0.0,0.022917651,8.0
3.657697120919683,-0.7534121588320222,8.0,383.3456069882305,4.631942158862687,0.7170000000000005,0.022926471772030634,0.7170000000000005,0.0,0.022917651,8.0
3.6581280775331084,-0.750524874883028,8.0,383.7221572326146,4.631358622737786,0.7180000000000005,0.02292646925997002,0.7180000000000005,0.0,0.022917651,8.0
3.6585593991533836,-0.7476349928870825,8.0,384.1021275838375,4.630773948629021,0.7190000000000006,0.022926466729854326,0.7190000000000005,0.0,0.022917651,8.0
3.6589912175723414,-0.7447412477537786,8.0,384.485482819797,4.63018739560308,0.7200000000000004,0.02292646415774789,0.7200000000000005,0.0,0.022917651,8.0
3.659423494521574,-0.7418440388109796,8.0,384.8723099536046,4.6295992110375055,0.7210000000000005,0.02292646155108276,0.7210000000000005,0.0,0.022917651,8.0
3.659856156996455,-0.7389440933845677,8.0,385.2627194215353,4.629009832140625,0.7220000000000005,0.02292645892421821,0.7220000000000005,0.0,0.022917651,8.0
3.660289211026368,-0.7360413686776299,8.0,385.65676724908116,4.628419240233835,0.7230000000000005,0.022926456276838324,0.7230000000000005,0.0,0.022917651,8.0
3.6607226627670806,-0.7331358209961537,8.0,386.05451063612867,4.627827416246994,0.7240000000000006,0.02292645360862058,0.7240000000000005,0.0,0.022917651,8.0
3.661156537348089,-0.7302271507535838,8.0,386.4559973791458,4.627234161513953,0.7250000000000005,0.02292645087967588,0.7250000000000005,0.0,0.022917651,8.0
3.66159092741357,-0.7273141445329235,8.0,386.86124301790585,4.626638634951548,0.7260000000000005,0.022926447911362897,0.7260000000000005,0.0,0.022917651,8.0
3.6620257348012712,-0.7243981717784513,8.0,387.27037071211504,4.6260418110627635,0.7270000000000005,0.022926444925210034,0.7270000000000005,0.0,0.022917651,8.0
3.6624609662036844,-0.7214791849166229,8.0,387.6834427173043,4.625443669042707,0.7280000000000005,0.022926441920931184,0.7280000000000005,0.0,0.022917651,8.0
3.6628966284571685,-0.7185571353511943,8.0,388.10052262732586,4.62484418763924,0.7290000000000005,0.022926438898234116,0.7290000000000005,0.0,0.022917651,8.0
3.6633327346417435,-0.7156319544816068,8.0,388.52167711288195,4.624243350578038,0.7300000000000006,0.022926435858526023,0.7300000000000005,0.0,0.022917651,8.0
3.6637702249928275,-0.7127006684574936,8.0,388.9472511378522,4.623641946168547,0.7310000000000004,0.02292643306232032,0.7310000000000005,0.0,0.022917651,8.0
3.6642081545554346,-0.7097661644940287,8.0,389.3770641797617,4.623039080698067,0.7320000000000004,0.02292643024258225,0.7320000000000005,0.0,0.022917651,8.0
3.6646465304704674,-0.7068283902724898,8.0,389.8111851584777,4.622434730412005,0.7330000000000005,0.02292642739892923,0.7330000000000005,0.0,0.022917651,8.0
3.6650853600344684,-0.7038872923338112,8.0,390.2496844960488,4.621828871038003,0.7340000000000005,0.02292642453097031,0.7340000000000005,0.0,0.022917651,8.0
3.6655247405976104,-0.7009422537315426,8.0,390.69264760125265,4.62122127500418,0.7350000000000005,0.022926421637595756,0.7350000000000005,0.0,0.022917651,8.0
3.665965006343354,-0.6979911788234533,8.0,391.1402055048164,4.620611183298725,0.7360000000000005,0.022926418715658054,0.7360000000000005,0.0,0.022917651,8.0
3.6664057496650604,-0.6950366111333536,8.0,391.5923772223881,4.61999950913762,0.7370000000000005,0.02292641576790874,0.7370000000000005,0.0,0.022917651,8.0
3.666846978505874,-0.6920784925685562,8.0,392.04923949189504,4.619386226201128,0.7380000000000005,0.022926412793918518,0.7380000000000005,0.0,0.022917651,8.0
3.6672887009860693,-0.6891167637409127,8.0,392.5108707625139,4.618771307582585,0.7390000000000007,0.0229264097932485,0.7390000000000005,0.0,0.022917651,8.0
3.6677312822030874,-0.6861497201232588,8.0,392.97744118826637,4.618154509087733,0.7400000000000007,0.022926406647201105,0.7400000000000005,0.0,0.022917651,8.0
3.6681745822142364,-0.6831779460648212,8.0,393.44901079122235,4.617535855344418,0.7410000000000007,0.022926403405584956,0.7410000000000005,0.0,0.022917651,8.0
3.668618394068489,-0.6802023623342518,8.0,393.92561248216197,4.616915439358448,0.7420000000000007,0.022926400139650166,0.7420000000000005,0.0,0.022917651,8.0
3.669062726466591,-0.6772229041714891,8.0,394.40733180081594,4.616293231173716,0.7430000000000005,0.022926396848983333,0.7430000000000005,0.0,0.022917651,8.0
3.669507644718562,-0.6742387555176479,8.0,394.8942817299059,4.615668674715351,0.7440000000000007,0.022926393571192392,0.7440000000000005,0.0,0.022917651,8.0
3.6699532215615176,-0.6712490084482813,8.0,395.3865875640962,4.615041151494983,0.7450000000000007,0.02292639034652663,0.7450000000000006,0.0,0.022917651,8.0
3.670399346838369,-0.6682551845663989,8.0,395.88429044051003,4.614411745099058,0.7460000000000007,0.022926387092828564,0.7460000000000006,0.0,0.022917651,8.0
3.6708460300601122,-0.6652572131714996,8.0,396.38748395520776,4.61378042286935,0.7470000000000006,0.02292638380959471,0.7470000000000006,0.0,0.022917651,8.0
3.671293331820226,-0.6622544820165005,8.0,396.8962563372714,4.61314681636185,0.7480000000000007,0.022926380502067203,0.7480000000000006,0.0,0.022917651,8.0
3.671741378545847,-0.6592456670449126,8.0,397.41069248626275,4.612510110548095,0.7490000000000006,0.02292637718253045,0.7490000000000006,0.0,0.022917651,8.0
3.672190013384529,-0.6562324569036616,8.0,397.9309201748879,4.611871361992422,0.7500000000000006,0.022926373831296448,0.7500000000000006,0.0,0.022917651,8.0
3.67263924677699,-0.6532147735656972,8.0,398.45704221982703,4.611230534430219,0.7510000000000006,0.022926370447802474,0.7510000000000006,0.0,0.022917651,8.0
3.6730891466564324,-0.6501916741281432,8.0,398.98912950170467,4.61058695570163,0.7520000000000006,0.02292636696127093,0.7520000000000006,0.0,0.022917651,8.0
3.6735397775449927,-0.64716230269135,8.0,399.52726446363715,4.609940027108493,0.7530000000000007,0.022926363315018686,0.7530000000000006,0.0,0.022917651,8.0
3.6739910446368262,-0.6441281908629042,8.0,400.0716247290012,4.609290902886867,0.7540000000000007,0.02292635964332474,0.7540000000000006,0.0,0.022917651,8.0
3.6744429595132297,-0.6410892523497981,8.0,400.6223236217988,4.608639543068029,0.7550000000000006,0.022926355945725962,0.7550000000000006,0.0,0.022917651,8.0
3.674895886005,-0.6380430319321986,8.0,401.1796898668595,4.6079849476420565,0.7560000000000006,0.02292635232242852,0.7560000000000006,0.0,0.022917651,8.0
3.675349671193689,-0.6349905237922845,8.0,401.74375881502283,4.607327499360252,0.7570000000000006,0.022926348718477017,0.7570000000000006,0.0,0.022917651,8.0
3.6758041342920675,-0.6319329287418118,8.0,402.31453854886564,4.606667675990866,0.7580000000000006,0.02292634507642912,0.7580000000000006,0.0,0.022917651,8.0
3.6762593104525734,-0.6288698391890183,8.0,402.8921477946762,4.6060052104717535,0.7590000000000006,0.022926341371959355,0.7590000000000006,0.0,0.022917651,8.0
3.676715344197131,-0.6257993509678211,8.0,403.4766873494973,4.605338776112828,0.7600000000000006,0.022926337474411387,0.7600000000000006,0.0,0.022917651,8.0
3.6771720982006233,-0.6227234660060637,8.0,404.0683280167644,4.60466982599875,0.7610000000000006,0.022926333546333222,0.7610000000000006,0.0,0.022917651,8.0
3.6776295860467867,-0.6196420825238251,8.0,404.66720372002845,4.603998312683593,0.7620000000000006,0.022926329587149075,0.7620000000000006,0.0,0.022917651,8.0
3.678087928255994,-0.6165530921053817,8.0,405.27346757832487,4.603322608271964,0.7630000000000007,0.022926325781832128,0.7630000000000006,0.0,0.022917651,8.0
3.6785470669127216,-0.6134577725615319,8.0,405.88726052579545,4.602643759906118,0.7640000000000006,0.02292632199363767,0.7640000000000006,0.0,0.022917651,8.0
3.6790069851586917,-0.6103566106446864,8.0,406.5087239638666,4.601962187356197,0.7650000000000006,0.022926318165521337,0.7650000000000006,0.0,0.022917651,8.0
3.6794680539349005,-0.6072472739193076,8.0,407.1378496025109,4.601277045550999,0.7660000000000006,0.022926314340167335,0.7660000000000006,0.0,0.022917651,8.0
3.679930228450948,-0.6041300643865812,8.0,407.77483026611054,4.600588456812058,0.7670000000000006,0.022926310510485253,0.7670000000000006,0.0,0.022917651,8.0
3.6803932463657456,-0.6010066110311475,8.0,408.4199496048429,4.599896997967395,0.7680000000000007,0.022926306642000245,0.7680000000000006,0.0,0.022917651,8.0
3.6808568723481434,-0.5978756594232882,8.0,409.07380916396386,4.59920047111093,0.7690000000000006,0.02292630250128966,0.7690000000000006,0.0,0.022917651,8.0
3.681321086562089,-0.5947370969927496,8.0,409.7365917279748,4.59849868414382,0.7700000000000007,0.022926298079561834,0.7700000000000006,0.0,0.022917651,8.0
3.6817861543354766,-0.5915919725822699,8.0,410.4080147655021,4.597793749388796,0.7710000000000006,0.022926293614336114,0.7710000000000006,0.0,0.022917651,8.0
3.6822525397009898,-0.5884381348692532,8.0,411.0881783990994,4.597085372905918,0.7720000000000007,0.022926289188627505,0.7720000000000006,0.0,0.022917651,8.0
3.682720195357367,-0.5852757900221374,8.0,411.77728344635506,4.596373571589704,0.7730000000000005,0.022926284792770528,0.7730000000000006,0.0,0.022917651,8.0
3.6831887768627416,-0.5821064531136111,8.0,412.47557393485135,4.595658481764436,0.7740000000000006,0.022926280358915484,0.7740000000000006,0.0,0.022917651,8.0
3.6836590188870937,-0.5789259105857397,8.0,413.18380595183413,4.594938824393043,0.7750000000000007,0.02292627599155592,0.7750000000000006,0.0,0.022917651,8.0
3.684130445101123,-0.5757366045872558,8.0,413.9018025846856,4.5942151384791305,0.7760000000000006,0.02292627161397914,0.7760000000000006,0.0,0.022917651,8.0
3.6846028163121476,-0.5725397148630704,8.0,414.6295692977417,4.593487648806329,0.7770000000000006,0.02292626717897806,0.7770000000000006,0.0,0.022917651,8.0
3.685076335133155,-0.5693318264207171,8.0,415.36772832698375,4.592753759214038,0.7780000000000005,0.02292626255117676,0.7780000000000006,0.0,0.022917651,8.0
3.6855508195654547,-0.5661162625602747,8.0,416.11603929975337,4.592016056888983,0.7790000000000007,0.02292625788150089,0.7790000000000006,0.0,0.022917651,8.0
3.6860262073972034,-0.5628915491680591,8.0,416.8747209460077,4.591272816981896,0.7800000000000007,0.022926253169209224,0.7800000000000006,0.0,0.022917651,8.0
3.686502501855974,-0.5596572414609234,8.0,417.64400095439987,4.590523607005862,0.7810000000000006,0.022926248413809473,0.7810000000000006,0.0,0.022917651,8.0
3.686979820938753,-0.5564147295949713,8.0,418.42409086846817,4.589770291263225,0.7820000000000007,0.02292624361440234,0.7820000000000006,0.0,0.022917651,8.0
3.6874582866811454,-0.5531612492115376,8.0,419.21538578542373,4.589010588920147,0.7830000000000005,0.022926238818891904,0.7830000000000006,0.0,0.022917651,8.0
3.6879378192317156,-0.5498991093916291,8.0,420.01796521844705,4.588246494197519,0.7840000000000006,0.022926233973889456,0.7840000000000006,0.0,0.022917651,8.0
3.688418614752027,-0.5466254946732333,8.0,420.83212162397786,4.5874759808198,0.7850000000000006,0.02292622908622536,0.7850000000000006,0.0,0.022917651,8.0
3.6889006623950156,-0.5433407694852562,8.0,421.65810098196283,4.586699368978845,0.7860000000000006,0.022926224152157226,0.7860000000000006,0.0,0.022917651,8.0
3.6893839216764555,-0.5400458871517054,8.0,422.49617028223,4.5859174448506925,0.7870000000000006,0.022926219149107935,0.7870000000000006,0.0,0.022917651,8.0
3.689868563094295,-0.5367386088759887,8.0,423.3467061976822,4.585128647822511,0.7880000000000006,0.022926214052003964,0.7880000000000006,0.0,0.022917651,8.0
3.6903543864116863,-0.5334217115359571,8.0,424.20979904116024,4.584334959367077,0.7890000000000006,0.02292620890126467,0.7890000000000006,0.0,0.022917651,8.0
3.6908417815455663,-0.5300908091850747,8.0,425.08582972129625,4.583533557857007,0.7900000000000005,0.022926203567522282,0.7900000000000006,0.0,0.022917651,8.0
3.6913304053733658,-0.5267499171601357,8.0,425.97497871914476,4.582727081367381,0.7910000000000006,0.02292619817773292,0.7910000000000006,0.0,0.022917651,8.0
3.69182026665269,-0.5233957833207203,8.0,426.87780853592545,4.581912309397649,0.7920000000000006,0.022926192996836865,0.7920000000000006,0.0,0.022917651,8.0
3.692311390355222,-0.520030785999356,8.0,427.79436985049136,4.581091723009471,0.7930000000000007,0.022926187801203854,0.7930000000000006,0.0,0.022917651,8.0
3.692804358752087,-0.5166511239668916,8.0,428.72494752923484,4.5802638568451,0.7940000000000005,0.0229261819612618,0.7940000000000006,0.0,0.022917651,8.0
3.6932988077277358,-0.5132594560520424,8.0,429.669848884488,4.579429909037003,0.7950000000000006,0.02292617587917494,0.7950000000000006,0.0,0.022917651,8.0
3.6937950318312622,-0.5098530823906271,8.0,430.62948520299204,4.578588355790553,0.7960000000000006,0.022926170332763,0.7960000000000006,0.0,0.022917651,8.0
3.6942927628043183,-0.5064342919928759,8.0,431.6041189432489,4.577740413374001,0.7970000000000007,0.02292616491503045,0.7970000000000006,0.0,0.022917651,8.0
3.6947921928861223,-0.5030000938119953,8.0,432.59425115726515,4.576883848968361,0.7980000000000006,0.022926158880938876,0.7980000000000006,0.0,0.022917651,8.0
3.6952931261949784,-0.4995532259391039,8.0,433.600089858396,4.576020625301476,0.7990000000000007,0.022926152668610103,0.7990000000000006,0.0,0.022917651,8.0
3.6957960869063182,-0.4960883779693174,8.0,434.6221789005595,4.5751475501956085,0.8000000000000006,0.022926146858389923,0.8000000000000006,0.0,0.022917651,8.0
3.696186955097939,-0.4933482300260415,8.0,435.02363735779915,4.574482405724892,0.8010000000000007,0.022926146141552674,0.8010000000000006,0.0,0.022917651,8.0
3.6965778978353985,-0.4906046514693614,8.0,435.42913922565754,4.573814126316405,0.8020000000000006,0.022926145415742373,0.8020000000000006,0.0,0.022917651,8.0
3.696968783169502,-0.4878563129418085,8.0,435.83877986272273,4.573140849999729,0.8030000000000006,0.022926144677558446,0.8030000000000006,0.0,0.022917651,8.0
3.6973598172290654,-0.48510511693519487,8.0,436.2525434569243,4.572465311246562,0.8040000000000006,0.022926143931813706,0.8040000000000006,0.0,0.022917651,8.0
3.6977510017959667,-0.482351029214089,8.0,436.67047940537554,4.571787482950672,0.8050000000000007,0.02292614317841756,0.8050000000000006,0.0,0.022917651,8.0
3.698142475140912,-0.4795929150646341,8.0,437.0927112472168,4.571106786564675,0.8060000000000006,0.022926142422886944,0.8060000000000006,0.0,0.022917651,8.0
3.69853417594729,-0.4768312296754914,8.0,437.5192604715712,4.570423430514666,0.8070000000000006,0.02292614166254296,0.8070000000000006,0.0,0.022917651,8.0
3.698926032208435,-0.4740665284002747,8.0,437.95014023877746,4.569737680444707,0.8080000000000007,0.022926140894256274,0.8080000000000006,0.0,0.022917651,8.0
3.69931807526942,-0.47129829955675834,8.0,438.38542137633914,4.569049149886218,0.8090000000000006,0.022926140073169142,0.8090000000000006,0.0,0.022917651,8.0
3.6997104317602405,-0.46852451150680247,8.0,438.8252380376273,4.568356312974658,0.8100000000000007,0.022926139013788902,0.8100000000000006,0.0,0.022917651,8.0
3.7001029517492583,-0.4657475880159552,8.0,439.26955466661326,4.56766099458331,0.8110000000000007,0.022926137949918726,0.8110000000000006,0.0,0.022917651,8.0
3.7004956372529927,-0.46296749041300445,8.0,439.7184267640104,4.566963164106642,0.8120000000000008,0.02292613688150323,0.8120000000000006,0.0,0.022917651,8.0
3.700888597298343,-0.46018244415562365,8.0,440.1720526688792,4.56626148585417,0.8130000000000006,0.02292613611495498,0.8130000000000006,0.0,0.022917651,8.0
3.701281751648356,-0.4573936684288977,8.0,440.6304021301001,4.56555685610043,0.8140000000000006,0.02292613542903303,0.8140000000000006,0.0,0.022917651,8.0
3.701675072602656,-0.4546015961763734,8.0,441.09349657946484,4.56484959624212,0.8150000000000006,0.022926134740224074,0.8150000000000006,0.0,0.022917651,8.0
3.702068712312122,-0.4518046049521112,8.0,441.5614662388065,4.564138689902806,0.8160000000000008,0.02292613386312923,0.8160000000000006,0.0,0.022917651,8.0
3.702462665010649,-0.4490027212401294,8.0,442.0343795420875,4.563424140643232,0.8170000000000006,0.022926132808548137,0.8170000000000006,0.0,0.022917651,8.0
3.702856789302818,-0.4461974100949346,8.0,442.5122337831149,4.562706850362802,0.8180000000000006,0.02292613175411487,0.8180000000000006,0.0,0.022917651,8.0
3.7032511321887656,-0.44338765024159554,8.0,442.9951224883703,4.561985984472114,0.8190000000000006,0.02292613077915307,0.8190000000000006,0.0,0.022917651,8.0
3.7036457397211486,-0.4405724690102295,8.0,443.4831426720505,4.561260753161644,0.8200000000000006,0.022926129951726774,0.8200000000000006,0.0,0.022917651,8.0
3.704040528137332,-0.4377537118469237,8.0,443.9763006238535,4.560532669318351,0.8210000000000006,0.022926129114855122,0.8210000000000006,0.0,0.022917651,8.0
3.704435544981649,-0.43493070870015504,8.0,444.47471064424326,4.559801255906717,0.8220000000000007,0.022926128268280898,0.8220000000000006,0.0,0.022917651,8.0
3.7048308734235023,-0.4321022867200747,8.0,444.97853431702174,4.559065677985968,0.8230000000000006,0.02292612741149225,0.8230000000000006,0.0,0.022917651,8.0
3.705226389266436,-0.42927013939996583,8.0,445.48770844383193,4.558327124406572,0.8240000000000006,0.022926126544658976,0.8240000000000006,0.0,0.022917651,8.0
3.7056221659517803,-0.42643328484132115,8.0,446.00234500831573,4.55758490562364,0.8250000000000007,0.02292612566643446,0.8250000000000006,0.0,0.022917651,8.0
3.7060183223197636,-0.42359014558650243,8.0,446.522591481845,4.556837917157527,0.8260000000000007,0.022926124774757275,0.8260000000000006,0.0,0.022917651,8.0
3.7064146747282565,-0.42074312008395,8.0,447.0484117214702,4.556087826552115,0.8270000000000007,0.022926123872719396,0.8270000000000006,0.0,0.022917651,8.0
3.7068112928698778,-0.41789104932012366,8.0,447.5799923163243,4.555333754314553,0.8280000000000007,0.022926122836896313,0.8280000000000006,0.0,0.022917651,8.0
3.7072082208610024,-0.41503315493435455,8.0,448.11749362032015,4.554575099042703,0.8290000000000008,0.022926121591061725,0.8290000000000006,0.0,0.022917651,8.0
3.707605349260103,-0.4121712154192908,8.0,448.66080897010477,4.553813200222111,0.8300000000000007,0.022926120341038442,0.8300000000000006,0.0,0.022917651,8.0
3.708002765866524,-0.40930352784877383,8.0,449.210192280421,4.553046702517231,0.8310000000000007,0.022926119197986095,0.8310000000000006,0.0,0.022917651,8.0
3.70840045116945,-0.4064303893474759,8.0,449.7656969085521,4.552275825907879,0.8320000000000005,0.02292611813441021,0.8320000000000006,0.0,0.022917651,8.0
3.708798340075627,-0.4035530353324351,8.0,450.32726773800437,4.551501548298039,0.8330000000000007,0.022926117062113407,0.8330000000000006,0.0,0.022917651,8.0
3.7091964882467567,-0.40066914705608586,8.0,450.8950750399706,4.550721781131298,0.8340000000000007,0.022926116234841695,0.8340000000000006,0.0,0.022917651,8.0
3.7095948620871915,-0.3977804227856936,8.0,451.4691363638028,4.549938082267517,0.8350000000000007,0.022926115462664865,0.8350000000000006,0.0,0.022917651,8.0
3.709993398796326,-0.3948866689668179,8.0,452.0496010804602,4.549150003832269,0.8360000000000007,0.022926114636424202,0.8360000000000006,0.0,0.022917651,8.0
3.7103918514232186,-0.39198515439141784,8.0,452.63692814224265,4.548353820366848,0.8370000000000006,0.022926113514431603,0.8370000000000006,0.0,0.022917651,8.0
3.710790502259044,-0.38907908515917133,8.0,453.23077248130284,4.547553874941414,0.8380000000000006,0.02292611238778394,0.8380000000000006,0.0,0.022917651,8.0
3.7111892198873666,-0.38616724459170104,8.0,453.8315365154465,4.5467484274806065,0.8390000000000005,0.02292611135390582,0.8390000000000006,0.0,0.022917651,8.0
3.711588031176112,-0.38324985159249053,8.0,454.43925633631784,4.5459378040679805,0.8400000000000007,0.022926110383310803,0.8400000000000006,0.0,0.022917651,8.0
3.7119870473989116,-0.38032759705486713,8.0,455.0538083920849,4.545123139188229,0.8410000000000006,0.022926109387580912,0.8410000000000006,0.0,0.022917651,8.0
3.712386460906902,-0.37739686329368294,8.0,455.6758246950455,4.5443015889719955,0.8420000000000006,0.02292610806981706,0.8420000000000006,0.0,0.022917651,8.0
3.7127860624101907,-0.3744612705734017,8.0,456.30486533185535,4.543475931712457,0.8430000000000007,0.02292610674620197,0.8430000000000006,0.0,0.022917651,8.0
3.713185628682069,-0.37151873327662377,8.0,456.940993842748,4.5426431811563175,0.8440000000000007,0.022926105579206643,0.8440000000000006,0.0,0.022917651,8.0
3.7135852358583104,-0.3685696854738084,8.0,457.5843208067275,4.541804077960923,0.8450000000000006,0.022926104521191624,0.8450000000000006,0.0,0.022917651,8.0
3.7139851000303765,-0.3656151331758494,8.0,458.2350040354971,4.540960500850741,0.8460000000000006,0.022926103441418037,0.8460000000000006,0.0,0.022917651,8.0
3.7143853825789024,-0.36265338254844987,8.0,458.89327123483923,4.540111411454504,0.8470000000000008,0.022926102309055008,0.8470000000000006,0.0,0.022917651,8.0
3.714785889229254,-0.35968635806075516,8.0,459.55908281054764,4.539257944722869,0.8480000000000006,0.02292610116415595,0.8480000000000006,0.0,0.022917651,8.0
3.7151867908869423,-0.35671085262303776,8.0,460.2329029226109,4.5383975750377035,0.8490000000000006,0.022926099748199768,0.8490000000000006,0.0,0.022917651,8.0
3.7155879566867043,-0.3537292759950312,8.0,460.91457366853996,4.537532190237311,0.8500000000000006,0.02292609827506835,0.8500000000000006,0.0,0.022917651,8.0
3.71598941661086,-0.3507401055263101,8.0,461.6043998668708,4.53666038633852,0.8510000000000006,0.022926096992993895,0.8510000000000006,0.0,0.022917651,8.0
3.716391160294538,-0.34774363232536376,8.0,462.3024632193028,4.535782413214662,0.8520000000000006,0.02292609585849841,0.8520000000000006,0.0,0.022917651,8.0
3.716793146971433,-0.34474048788330497,8.0,463.0087749644061,4.534898739652809,0.8530000000000008,0.02292609482913601,0.8530000000000006,0.0,0.022917651,8.0
3.717195385571048,-0.3417294989494135,8.0,463.72358206126887,4.534008227322546,0.8540000000000006,0.022926094045581255,0.8540000000000006,0.0,0.022917651,8.0
3.7175978816014488,-0.338711884271336,8.0,464.446876405881,4.533112120660536,0.8550000000000006,0.022926093161222256,0.8550000000000006,0.0,0.022917651,8.0
3.718000709157095,-0.33568413338333064,8.0,465.17919039996883,4.532207211758523,0.8560000000000006,0.0229260917128468,0.8560000000000006,0.0,0.022917651,8.0
3.718403773819707,-0.33265021813083107,8.0,465.9201979752415,4.531297086319984,0.8570000000000007,0.02292609027336123,0.8570000000000007,0.0,0.022917651,8.0
3.718807073835529,-0.3296072787464542,8.0,466.6707070906675,4.5303788692646885,0.8580000000000007,0.02292608905186864,0.8580000000000007,0.0,0.022917651,8.0
3.719210612108246,-0.3265581312093275,8.0,467.4301611277141,4.529455397413982,0.8590000000000008,0.022926087814968306,0.8590000000000007,0.0,0.022917651,8.0
3.71961431965772,-0.32349959677196954,8.0,468.19919909671074,4.528523213331076,0.8600000000000008,0.022926086584392456,0.8600000000000007,0.0,0.022917651,8.0
3.720018261416705,-0.32043456167735845,8.0,468.97748365325737,4.527585465137127,0.8610000000000005,0.022926085337703055,0.8610000000000007,0.0,0.022917651,8.0
3.7204226040113033,-0.3173587953373049,8.0,469.76561165332146,4.52663860077601,0.8620000000000007,0.02292608378982279,0.8620000000000007,0.0,0.022917651,8.0
3.720827197419608,-0.3142761886501944,8.0,470.5632931903664,4.52568589987386,0.8630000000000008,0.022926082222344116,0.8630000000000007,0.0,0.022917651,8.0
3.721231976731887,-0.31118308707864445,8.0,471.3712474982338,4.52472343236292,0.8640000000000008,0.022926080882704362,0.8640000000000007,0.0,0.022917651,8.0
3.721637027695534,-0.308082818625625,8.0,472.1890841377408,4.523754885086994,0.8650000000000008,0.02292607953478573,0.8650000000000007,0.0,0.022917651,8.0
3.7220428207683245,-0.3049707587300572,8.0,473.01748222300085,4.522777528123192,0.8660000000000007,0.022926078219006704,0.8660000000000007,0.0,0.022917651,8.0
3.722448940846536,-0.30185085593569577,8.0,473.8561178235672,4.521793634151129,0.8670000000000008,0.02292607683602082,0.8670000000000007,0.0,0.022917651,8.0
3.7228557013236263,-0.298719933847807,8.0,474.70545503253396,4.520801273183791,0.8680000000000007,0.022926075202658686,0.8680000000000007,0.0,0.022917651,8.0
3.7232626358130076,-0.2955807002248113,8.0,475.5655700097924,4.51980130127148,0.8690000000000007,0.022926073643974403,0.8690000000000007,0.0,0.022917651,8.0
3.72366964552686,-0.29243203213155805,8.0,476.43692413213614,4.518792204915022,0.8700000000000007,0.022926072232272186,0.8700000000000007,0.0,0.022917651,8.0
3.7240769815605117,-0.2892732555210123,8.0,477.31947305335405,4.517774301638196,0.8710000000000007,0.022926071015537414,0.8710000000000007,0.0,0.022917651,8.0
3.7244846359148416,-0.28610453483830844,8.0,478.21336120471335,4.516747724315197,0.8720000000000007,0.022926069977876436,0.8720000000000007,0.0,0.022917651,8.0
3.724892482749077,-0.2829248887953634,8.0,479.11893157592,4.515710989353048,0.8730000000000007,0.022926068721921784,0.8730000000000007,0.0,0.022917651,8.0
3.7253005886305286,-0.2797361976649542,8.0,480.03606174664884,4.514666244951957,0.8740000000000007,0.022926067405829288,0.8740000000000007,0.0,0.022917651,8.0
3.7257090733891216,-0.2765353760038438,8.0,480.965065222236,4.513610887299187,0.8750000000000007,0.022926065954772822,0.8750000000000007,0.0,0.022917651,8.0
3.7261172632566875,-0.27332487962918006,8.0,481.90640965929515,4.512544676652289,0.8760000000000008,0.022926064478718672,0.8760000000000007,0.0,0.022917651,8.0
3.7265246567469372,-0.27010351618112666,8.0,482.8606947176557,4.511464416333112,0.8770000000000008,0.022926062975413462,0.8770000000000007,0.0,0.022917651,8.0
3.7269321009767418,-0.26687097435459245,8.0,483.8279165886193,4.510373178977066,0.8780000000000007,0.022926061306178098,0.8780000000000007,0.0,0.022917651,8.0
3.7273396828147187,-0.263628291402414,8.0,484.8078960685674,4.509272350230353,0.8790000000000007,0.022926059582508044,0.8790000000000007,0.0,0.022917651,8.0
3.7277473340501452,-0.26037177573447884,8.0,485.80101285927776,4.5081579656711925,0.8800000000000007,0.022926057999568802,0.8800000000000007,0.0,0.022917651,8.0
3.7281551618438407,-0.25710435287959055,8.0,486.807301240249,4.507033373247455,0.8810000000000008,0.022926056336435522,0.8810000000000007,0.0,0.022917651,8.0
3.7285631645384196,-0.253825757284994,8.0,487.8270059596577,4.505898300636186,0.8820000000000007,0.022926054600022665,0.8820000000000007,0.0,0.022917651,8.0
3.7289714802656073,-0.25053366661067056,8.0,488.86079662746,4.5047510024793445,0.8830000000000007,0.022926052990406436,0.8830000000000007,0.0,0.022917651,8.0
3.7293800227461213,-0.24722977580803224,8.0,489.90848985777984,4.503592808585986,0.8840000000000007,0.022926051334560462,0.8840000000000007,0.0,0.022917651,8.0
3.7297887727725523,-0.2439132081372829,8.0,490.97041706834636,4.5024227617301245,0.8850000000000008,0.022926049612383627,0.8850000000000007,0.0,0.022917651,8.0
3.7301981541674216,-0.2405817776165398,8.0,492.04696959613034,4.50124039024224,0.8860000000000007,0.022926047851662475,0.8860000000000007,0.0,0.022917651,8.0
3.730607791551621,-0.23723771937244229,8.0,493.1382759551069,4.500046414500855,0.8870000000000007,0.02292604641473781,0.8870000000000007,0.0,0.022917651,8.0
3.731017624711895,-0.23388079826979846,8.0,494.24464117225125,4.498840356563698,0.8880000000000007,0.022926045423222116,0.8880000000000007,0.0,0.022917651,8.0
3.7314279669423507,-0.23050876121141964,8.0,495.3666993668556,4.497621205211039,0.8890000000000007,0.02292604397677931,0.8890000000000007,0.0,0.022917651,8.0
3.7318385538086196,-0.22712332982613406,8.0,496.5042489844528,4.496389642184754,0.8900000000000007,0.02292604236415417,0.8900000000000007,0.0,0.022917651,8.0
3.732249371212312,-0.22372411887379826,8.0,497.6575877760247,4.495145224972596,0.8910000000000007,0.022926040590297566,0.8910000000000007,0.0,0.022917651,8.0
3.732660370226283,-0.22030984042811566,8.0,498.82713834896526,4.493886467325657,0.8920000000000008,0.022926038697727805,0.8920000000000007,0.0,0.022917651,8.0
3.733071339005505,-0.2168806324808759,8.0,500.01333096935423,4.492612658431445,0.8930000000000007,0.022926036887800698,0.8930000000000007,0.0,0.022917651,8.0
3.733482465555187,-0.2134362101817177,8.0,501.21632471814945,4.491324268431189,0.8940000000000008,0.022926035027477337,0.8940000000000007,0.0,0.022917651,8.0
3.7338937084791293,-0.2099762231343511,8.0,502.4364141731362,4.490020782270712,0.8950000000000008,0.022926033132893327,0.8950000000000007,0.0,0.022917651,8.0
3.7343048627630475,-0.2065006467218777,8.0,503.67393749468175,4.48870135568298,0.8960000000000007,0.022926031274150868,0.8960000000000007,0.0,0.022917651,8.0
3.7347159778815926,-0.20300902741671067,8.0,504.9292913284629,4.487365705281303,0.8970000000000007,0.022926029342891965,0.8970000000000007,0.0,0.022917651,8.0
3.7351271058201365,-0.1995007070652341,8.0,506.2027004584569,4.486013416284444,0.8980000000000008,0.022926027406625745,0.8980000000000007,0.0,0.022917651,8.0
3.7355383831309696,-0.19597538238288936,8.0,507.494491215188,4.484644729053399,0.8990000000000008,0.022926025448727145,0.8990000000000007,0.0,0.022917651,8.0
3.7359499908281637,-0.19243293348496981,8.0,508.80500415829624,4.483260240489188,0.9000000000000007,0.02292602346655894,0.9000000000000007,0.0,0.022917651,8.0
3.736255805003605,-0.1897083152287008,8.0,509.4706035952681,4.482216455594892,0.9010000000000007,0.022926023024896713,0.9010000000000007,0.0,0.022917651,8.0
3.7365615560175085,-0.186979316698785,8.0,510.1427434851374,4.481168038050743,0.9020000000000007,0.022926022580033928,0.9020000000000007,0.0,0.022917651,8.0
3.736867235185778,-0.18424415356126755,8.0,510.82176208884323,4.480113169502626,0.9030000000000008,0.0229260221251369,0.9030000000000007,0.0,0.022917651,8.0
3.737172828077478,-0.18150461151198366,8.0,511.5074395548139,4.479053576297838,0.9040000000000008,0.02292602169267121,0.9040000000000007,0.0,0.022917651,8.0
3.7374782155828177,-0.17875816885982482,8.0,512.200206644359,4.477986257843294,0.9050000000000007,0.022926021377911533,0.9050000000000007,0.0,0.022917651,8.0
3.7377832417118984,-0.17600749530459336,8.0,512.8997723158591,4.4769132642397285,0.9060000000000007,0.022926021138704452,0.9060000000000007,0.0,0.022917651,8.0
3.738086327248035,-0.17325063612242564,8.0,513.606526424822,4.475826329882365,0.9070000000000008,0.022926021389458873,0.9070000000000007,0.0,0.022917651,8.0
3.7383894020263013,-0.170489493851748,8.0,514.3202145492294,4.47473506597308,0.9080000000000008,0.022926021533877995,0.9080000000000007,0.0,0.022917651,8.0
3.7386926159881515,-0.16772220590011602,8.0,515.0412499236746,4.4736381922470665,0.9090000000000007,0.022926021058703356,0.9090000000000007,0.0,0.022917651,8.0
3.7389956907988795,-0.16495025783203787,8.0,515.7694057660613,4.472536105704096,0.9100000000000008,0.022926020583007477,0.9100000000000007,0.0,0.022917651,8.0
3.739298262975031,-0.1621711717298002,8.0,516.5050745037107,4.471424889066943,0.9110000000000007,0.022926020105870335,0.9110000000000007,0.0,0.022917651,8.0
3.7396007689019397,-0.1593870544765461,8.0,517.2480576874119,4.470308373633251,0.9120000000000007,0.022926019631335975,0.9120000000000007,0.0,0.022917651,8.0
3.7399031631290884,-0.1565957740187924,8.0,517.9986713004496,4.469184238932703,0.9130000000000007,0.02292601916680347,0.9130000000000007,0.0,0.022917651,8.0
3.74020556035211,-0.1537988906246177,8.0,518.7568395624296,4.468054517717258,0.9140000000000007,0.022926018697696598,0.9140000000000007,0.0,0.022917651,8.0
3.7405080038435723,-0.15099494424718646,8.0,519.5228390770703,4.466917928078699,0.9150000000000007,0.02292601822001423,0.9150000000000007,0.0,0.022917651,8.0
3.740810342978683,-0.14818507767291264,8.0,520.2966241121201,4.465774996631638,0.9160000000000007,0.022926017741218843,0.9160000000000007,0.0,0.022917651,8.0
3.741112562206768,-0.14536895329635502,8.0,521.0783314968667,4.464625322794845,0.9170000000000009,0.022926017261007715,0.9170000000000007,0.0,0.022917651,8.0
3.741414605371483,-0.1425459458238501,8.0,521.868029822903,4.463468059596112,0.9180000000000008,0.022926016781054572,0.9180000000000007,0.0,0.022917651,8.0
3.7417165144050073,-0.13971695693666958,8.0,522.6657463945965,4.462304277121158,0.9190000000000007,0.02292601630113582,0.9190000000000007,0.0,0.022917651,8.0
3.7420182306807117,-0.13688004802285964,8.0,523.4718467124015,4.46113181296975,0.9200000000000008,0.02292601582942166,0.9200000000000007,0.0,0.022917651,8.0
3.7423198230940655,-0.1340376503170044,8.0,524.2861589020357,4.459953366203569,0.9210000000000009,0.022926015358886817,0.9210000000000007,0.0,0.022917651,8.0
3.7426207162773553,-0.13118681604093965,8.0,525.1091982339838,4.458763669530548,0.9220000000000007,0.02292601487901601,0.9220000000000007,0.0,0.022917651,8.0
3.742921343230151,-0.12833038049426074,8.0,525.9406582390786,4.45756731417499,0.9230000000000007,0.022926014398037733,0.9230000000000007,0.0,0.022917651,8.0
3.7432214799369294,-0.12546687328428044,8.0,526.7807939593903,4.456361945408106,0.9240000000000009,0.022926013915240958,0.9240000000000007,0.0,0.022917651,8.0
3.7435216924080135,-0.12259600349347853,8.0,527.629649969584,4.455149501756314,0.9250000000000009,0.02292601343267773,0.9250000000000007,0.0,0.022917651,8.0
3.743821923037146,-0.11971822620591373,8.0,528.4873174942285,4.453930211071636,0.9260000000000008,0.022926012950262652,0.9260000000000007,0.0,0.022917651,8.0
3.744121718649609,-0.1168319815478045,8.0,529.3539162103675,4.45270072950661,0.9270000000000007,0.022926012464705374,0.9270000000000007,0.0,0.022917651,8.0
3.744421193313936,-0.11393957504143629,8.0,530.2294536263731,4.451463803018294,0.9280000000000008,0.02292601197875521,0.9280000000000007,0.0,0.022917651,8.0
3.7447200458120236,-0.11103951905712994,8.0,531.1140549098155,4.450216730326324,0.9290000000000008,0.022926011495483383,0.9290000000000007,0.0,0.022917651,8.0
3.7450188510643123,-0.10813149977417773,8.0,532.0079773700577,4.448961505744256,0.9300000000000007,0.022926011011822074,0.9300000000000007,0.0,0.022917651,8.0
3.7453175755166543,-0.10521591763324231,8.0,532.9113277236204,4.447698395152542,0.9310000000000008,0.022926010527759597,0.9310000000000007,0.0,0.022917651,8.0
3.745615811564579,-0.1022915485581547,8.0,533.8240625187905,4.446424536211087,0.9320000000000008,0.02292601074767713,0.9320000000000007,0.0,0.022917651,8.0
3.7459136738474115,-0.09935998804319263,8.0,534.7463150370171,4.445141995154188,0.9330000000000007,0.022926010760883273,0.9330000000000007,0.0,0.022917651,8.0
3.7462110216350895,-0.09641976077986054,8.0,535.6782237448613,4.4438487395287085,0.9340000000000008,0.02292601025726977,0.9340000000000007,0.0,0.022917651,8.0
3.7465079143114903,-0.0934714355465038,8.0,536.6197047740678,4.442545557955072,0.9350000000000008,0.022926009749205566,0.9350000000000007,0.0,0.022917651,8.0
3.7468045089266013,-0.0905159435393493,8.0,537.5709560729711,4.441234017055861,0.9360000000000007,0.022926009240081417,0.9360000000000007,0.0,0.022917651,8.0
3.7471008307288476,-0.08755169322768573,8.0,538.5319945568884,4.4399126343585635,0.9370000000000007,0.022926008734104265,0.9370000000000007,0.0,0.022917651,8.0
3.747396736734684,-0.08457858443540874,8.0,539.5031147471243,4.438580730665122,0.9380000000000008,0.022926008218510072,0.9380000000000007,0.0,0.022917651,8.0
3.7476922867336038,-0.08159750580995849,8.0,540.4844612138096,4.4372394304908385,0.9390000000000008,0.022926007700080145,0.9390000000000007,0.0,0.022917651,8.0
3.747987391090249,-0.07860706763571314,8.0,541.4760785007693,4.435886974664564,0.9400000000000007,0.022926007189599376,0.9400000000000007,0.0,0.022917651,8.0
3.7482820046509726,-0.075607206824809,8.0,542.4779876453897,4.4345231463017045,0.9410000000000008,0.02292600668147549,0.9410000000000007,0.0,0.022917651,8.0
3.7485758534888203,-0.07259907376176601,8.0,543.4902678596752,4.43314798735365,0.942000000000001,0.02292600617232383,0.9420000000000007,0.0,0.022917651,8.0
3.748868114352762,-0.06958231782680102,8.0,544.5126558151284,4.431757837392153,0.9430000000000007,0.022926005656334337,0.9430000000000007,0.0,0.022917651,8.0
3.7491600333755857,-0.06655674271665009,8.0,545.5455995687173,4.430357511760069,0.9440000000000007,0.022926005142097756,0.9440000000000007,0.0,0.022917651,8.0
3.7494516499788606,-0.06352210308540035,8.0,546.5894007926508,4.428946916569927,0.9450000000000008,0.022926004625152693,0.9450000000000007,0.0,0.022917651,8.0
3.74974294707876,-0.060477473981348874,8.0,547.6442092428525,4.427525057301964,0.9460000000000008,0.022926004102419933,0.9460000000000007,0.0,0.022917651,8.0
3.750033791972362,-0.057421282982571036,8.0,548.709717904851,4.426089816537021,0.9470000000000007,0.022926003590763057,0.9470000000000007,0.0,0.022917651,8.0
3.7503242569022883,-0.054355987241388785,8.0,549.7862965097023,4.424643955460391,0.9480000000000007,0.022926003077590545,0.9480000000000007,0.0,0.022917651,8.0
3.750614366135437,-0.05128126638164793,8.0,550.8741285030334,4.42318724944301,0.9490000000000008,0.022926002560910076,0.9490000000000007,0.0,0.022917651,8.0
3.750904153949479,-0.0481959759394732,8.0,551.9733567222206,4.421718684703864,0.9500000000000007,0.02292600203704749,0.9500000000000007,0.0,0.022917651,8.0
3.751193556116988,-0.04509978697553372,8.0,553.0839112700253,4.42023768173654,0.9510000000000007,0.022926001511512095,0.9510000000000007,0.0,0.022917651,8.0
3.7514825054913494,-0.04199330718331449,8.0,554.2060903902275,4.418744573757675,0.9520000000000008,0.022926000992578653,0.9520000000000007,0.0,0.022917651,8.0
3.751770942255039,-0.03887639545522491,8.0,555.3400222128342,4.417238981123049,0.9530000000000007,0.022926000477357992,0.9530000000000007,0.0,0.022917651,8.0
3.7520587828448706,-0.035748907098218194,8.0,556.4858019286252,4.415720429466282,0.9540000000000007,0.022925999956196635,0.9540000000000007,0.0,0.022917651,8.0
3.752346308929732,-0.03260878703688302,8.0,557.6432520644297,4.414187993324275,0.9550000000000008,0.022925999428864256,0.9550000000000007,0.0,0.022917651,8.0
3.752633331911064,-0.029457944862374987,8.0,558.8127801729371,4.412642818031928,0.9560000000000007,0.022925998901833354,0.9560000000000007,0.0,0.022917651,8.0
3.752919798611961,-0.02629604556962408,8.0,559.9945252221196,4.41108435600686,0.9570000000000007,0.022925998652367625,0.9570000000000007,0.0,0.022917651,8.0
3.753205566199714,-0.0231226638891314,8.0,561.1886107235092,4.409511614880233,0.9580000000000007,0.02292599861233119,0.9580000000000007,0.0,0.022917651,8.0
3.7534903043416525,-0.019937189608961424,8.0,562.395094096932,4.407922671827032,0.9590000000000007,0.022925998066379558,0.9590000000000007,0.0,0.022917651,8.0
3.753774563649341,-0.016739680579537043,8.0,563.614164944383,4.406319782301332,0.9600000000000009,0.022925997519025895,0.9600000000000007,0.0,0.022917651,8.0
3.7540580767258898,-0.013530399477437666,8.0,564.8459953832914,4.404702133448181,0.9610000000000007,0.022925996968173542,0.9610000000000007,0.0,0.022917651,8.0
3.754340964373169,-0.01030851490721419,8.0,566.0908298228808,4.403069370605035,0.962000000000001,0.02292599642187412,0.9620000000000007,0.0,0.022917651,8.0
3.754623215410701,-0.007073726637405025,8.0,567.3488276482057,4.401421156818821,0.9630000000000007,0.022925995872152997,0.9630000000000007,0.0,0.022917651,8.0
3.754904615284612,-0.003826244644534272,8.0,568.6201788519246,4.39975685210842,0.9640000000000007,0.022925995318012985,0.9640000000000007,0.0,0.022917651,8.0
3.7551846907326345,-0.0005664181273023767,8.0,569.9051192935407,4.398074906664205,0.9650000000000006,0.022925994777768518,0.9650000000000007,0.0,0.022917651,8.0
3.755462735413474,0.0027065631172570317,8.0,571.2033822655698,4.39637167319152,0.9660000000000007,0.022925994215544702,0.9660000000000007,0.0,0.022917651,8.0
3.7557390438044544,0.00599190256750255,8.0,572.51607422561,4.3946491486007195,0.9670000000000007,0.02292599367107105,0.9670000000000007,0.0,0.022917651,8.0
3.756013942540667,0.009290665950846766,8.0,573.843125026839,4.392907544885145,0.9680000000000007,0.022925993114688712,0.9680000000000007,0.0,0.022917651,8.0
3.7562880349740846,0.012603766353152848,8.0,575.1845620548792,4.391148393766527,0.9690000000000009,0.022925992555667657,0.9690000000000007,0.0,0.022917651,8.0
3.7565610692417306,0.01593106295844836,8.0,576.5405676604298,4.389370814359921,0.9700000000000008,0.02292599200465172,0.9700000000000008,0.0,0.022917651,8.0
3.7568323515950452,0.01927179669358402,8.0,577.9112186361139,4.387572778216387,0.9710000000000008,0.022925991445858065,0.9710000000000008,0.0,0.022917651,8.0
3.757102344151697,0.02262589330711883,8.0,579.29711688676,4.385756220481397,0.9720000000000008,0.022925990889026727,0.9720000000000008,0.0,0.022917651,8.0
3.7573714914319587,0.025993945484478843,8.0,580.6987528467117,4.383922334765338,0.9730000000000008,0.02292599033224304,0.9730000000000008,0.0,0.022917651,8.0
3.757639568157214,0.029376266038816358,8.0,582.11657588104,4.382069896277979,0.9740000000000008,0.022925989775493604,0.9740000000000008,0.0,0.022917651,8.0
3.7579063435141196,0.03277310239358421,8.0,583.551094719841,4.38019773482348,0.9750000000000008,0.02292598921831786,0.9750000000000008,0.0,0.022917651,8.0
3.7581718557786794,0.03618489610258766,8.0,585.0027174806737,4.378305563471802,0.9760000000000009,0.022925988652876924,0.9760000000000008,0.0,0.022917651,8.0
3.7584361756745794,0.039611617135091336,8.0,586.4721032785263,4.376393694920669,0.9770000000000008,0.022925988094224012,0.9770000000000008,0.0,0.022917651,8.0
3.7586991045296503,0.04305302075469831,8.0,587.9598788526893,4.374461590433705,0.9780000000000008,0.022925987529818666,0.9780000000000008,0.0,0.022917651,8.0
3.7589605583730767,0.04650909847871134,8.0,589.4666197631262,4.372508901379505,0.9790000000000008,0.022925986965225256,0.9790000000000008,0.0,0.022917651,8.0
3.7592207303024394,0.049980532591455525,8.0,590.9929962271839,4.370535728329075,0.9800000000000008,0.022925986403943523,0.9800000000000008,0.0,0.022917651,8.0
3.759479584000439,0.053467515709111284,8.0,592.5398753457597,4.368541736139851,0.9810000000000008,0.02292598583788756,0.9810000000000008,0.0,0.022917651,8.0
3.759736958911025,0.056969533431148967,8.0,594.1081342107517,4.366526785443578,0.9820000000000008,0.022925985274232025,0.9820000000000008,0.0,0.022917651,8.0
3.759992598750677,0.060486432692806284,8.0,595.6988340297285,4.364490024284606,0.9830000000000009,0.02292598470312285,0.9830000000000008,0.0,0.022917651,8.0
3.760246444322211,0.06401802673705927,8.0,597.3128548709668,4.362431392632824,0.9840000000000008,0.022925984141864857,0.9840000000000008,0.0,0.022917651,8.0
3.760497959987521,0.06756474168582728,8.0,598.951166371567,4.360348315750493,0.9850000000000008,0.022925983807431403,0.9850000000000008,0.0,0.022917651,8.0
3.7607469386745285,0.07112571311065805,8.0,600.615574313016,4.358240849145678,0.9860000000000009,0.022925983244985845,0.9860000000000008,0.0,0.022917651,8.0
3.7609934631590427,0.07469971266140654,8.0,602.3073502383597,4.356110506981488,0.9870000000000008,0.022925982668124033,0.9870000000000008,0.0,0.022917651,8.0
3.7612374009366842,0.07828776445968931,8.0,604.0274008965201,4.35395578737427,0.9880000000000008,0.022925982440349123,0.9880000000000008,0.0,0.022917651,8.0
3.7614788660616396,0.08189008066236635,8.0,605.7774806322211,4.351776901418824,0.9890000000000008,0.022925983087330723,0.9890000000000008,0.0,0.022917651,8.0
3.7617178906000373,0.08550549730794693,8.0,607.5591857522347,4.34957516658262,0.9900000000000009,0.022925982518138852,0.9900000000000008,0.0,0.022917651,8.0
3.7619541229968467,0.08913443008555537,8.0,609.3744333521483,4.34734873508829,0.9910000000000008,0.02292598194268419,0.9910000000000008,0.0,0.022917651,8.0
3.762187505094801,0.09277524307598298,8.0,611.2247247939235,4.345099008148364,0.9920000000000008,0.02292598137002877,0.9920000000000008,0.0,0.022917651,8.0
3.762417990970956,0.0964280020043168,8.0,613.1123830761061,4.342825771562843,0.9930000000000008,0.022925980785572425,0.9930000000000008,0.0,0.022917651,8.0
3.7626445337064673,0.10009203276489857,8.0,615.0406305123296,4.34052550119578,0.9940000000000008,0.022925980207992948,0.9940000000000008,0.0,0.022917651,8.0
3.762867383088332,0.10376509142318192,8.0,617.0094548476579,4.338201414037991,0.9950000000000008,0.02292597963334917,0.9950000000000008,0.0,0.022917651,8.0
3.7630865624354044,0.10744786811991235,8.0,619.0214663901991,4.335852929596916,0.9960000000000008,0.022925979042933503,0.9960000000000008,0.0,0.022917651,8.0
3.7633017932032744,0.11113971473984545,8.0,621.0785460343762,4.33347957374997,0.9970000000000009,0.022925978475216113,0.9970000000000008,0.0,0.022917651,8.0
3.763512666848735,0.11483932508482987,8.0,623.1834318158316,4.331081034117036,0.9980000000000008,0.022925977885600333,0.9980000000000008,0.0,0.022917651,8.0
3.7637188392717715,0.11854528135147781,8.0,625.3378620314186,4.328657339357953,0.9990000000000008,0.02292597730196314,0.9990000000000008,0.0,0.022917651,8.0
3.7639200405359694,0.12225679208060246,8.0,627.5419085099364,4.326208219203774,1.0000000000000009,0.022925976724720878,1.0000000000000009,0.0,0.022917651,8.0
3.764085883933242,0.1250021016906473,8.0,629.1530521194902,4.3245402062954845,1.0010000000000008,0.02292597666763693,1.0010000000000008,0.0,0.022917651,8.0
3.7642497467970775,0.12774942814197723,8.0,630.7859094894226,4.3228622490405915,1.002000000000001,0.02292597661404758,1.002000000000001,0.0,0.022917651,8.0
3.7644113483746264,0.13049922796057417,8.0,632.4403441940842,4.321172774494005,1.0030000000000008,0.022925976577297773,1.0030000000000008,0.0,0.022917651,8.0
3.7645683270877517,0.13325058664521824,8.0,634.1144640759642,4.319463254522129,1.004000000000001,0.02292597654021838,1.004000000000001,0.0,0.022917651,8.0
3.7647231267924535,0.13600405305470653,8.0,635.805388685644,4.317742912249741,1.005000000000001,0.02292597649148781,1.0050000000000008,0.0,0.022917651,8.0
3.764876078697905,0.1387602831624794,8.0,637.5112307719172,4.316012421027814,1.006000000000001,0.022925976439269025,1.006000000000001,0.0,0.022917651,8.0
3.7650270275370326,0.1415201977278397,8.0,639.2298554449213,4.314270247390236,1.0070000000000008,0.022925976401512803,1.0070000000000008,0.0,0.022917651,8.0
3.7651756029811083,0.1442847739531994,8.0,640.9576533075389,4.312513888880998,1.008000000000001,0.0229259763438573,1.008000000000001,0.0,0.022917651,8.0
3.7653221400327053,0.14705528639574608,8.0,642.6914278171542,4.310743447580611,1.009000000000001,0.02292597628594936,1.0090000000000008,0.0,0.022917651,8.0
3.7654666492559876,0.14983231220616552,8.0,644.4280339424054,4.308958383466365,1.0100000000000011,0.022925976236172735,1.010000000000001,0.0,0.022917651,8.0
3.765609288928248,0.15261635698918224,8.0,646.1644735567488,4.307158820958789,1.0110000000000008,0.022925976192496315,1.0110000000000008,0.0,0.022917651,8.0
3.765750426284968,0.15540789106227346,8.0,647.8979765755263,4.305345761760802,1.012000000000001,0.022925976136359293,1.012000000000001,0.0,0.022917651,8.0
3.7658893544127414,0.15821112305925727,8.0,649.629191181583,4.303512164355016,1.0130000000000008,0.02292597607821358,1.0130000000000008,0.0,0.022917651,8.0
3.766027134887873,0.16102562839267393,8.0,651.358882618792,4.3016627213720335,1.0140000000000011,0.022925976028749337,1.014000000000001,0.0,0.022917651,8.0
3.7661637315999092,0.16385166093215323,8.0,653.0862441996667,4.299797012078239,1.0150000000000008,0.022925975980078336,1.0150000000000008,0.0,0.022917651,8.0
3.766299163918925,0.16669093608187496,8.0,654.8098932842405,4.297913390532146,1.016000000000001,0.022925975926737736,1.016000000000001,0.0,0.022917651,8.0
3.766433514680513,0.16954599545124607,8.0,656.527587573588,4.296009656075486,1.0170000000000008,0.022925975878646785,1.0170000000000008,0.0,0.022917651,8.0
3.766566891966434,0.1724188874903772,8.0,658.236889212654,4.294084210795849,1.0180000000000011,0.022925975861891525,1.018000000000001,0.0,0.022917651,8.0
3.766699372286504,0.17531175194989368,8.0,659.9404103669943,4.292135189581406,1.019000000000001,0.022925975817729,1.0190000000000008,0.0,0.022917651,8.0
3.766832655827705,0.17823226808913983,8.0,661.6843732961861,4.290161719338038,1.020000000000001,0.022925975758828612,1.020000000000001,0.0,0.022917651,8.0
3.7669673834582165,0.18118179600299725,8.0,663.5005023701473,4.288165041464916,1.021000000000001,0.022925975699547334,1.0210000000000008,0.0,0.022917651,8.0
3.7671020946847595,0.1841543414892393,8.0,665.3852093013048,4.286145264474931,1.022000000000001,0.022925975648464113,1.022000000000001,0.0,0.022917651,8.0
3.7672361444326063,0.18714844937081812,8.0,667.3390710872117,4.284101298073766,1.023000000000001,0.02292597560418503,1.0230000000000008,0.0,0.022917651,8.0
3.767369552854754,0.19016330351443567,8.0,669.3643576149511,4.282033988206101,1.024000000000001,0.022925975549170165,1.024000000000001,0.0,0.022917651,8.0
3.7675018803010394,0.19320284355586728,8.0,671.4611569359759,4.279937688267937,1.0250000000000008,0.022925975489888888,1.0250000000000008,0.0,0.022917651,8.0
3.767633113408624,0.19626839410162164,8.0,673.6279512393129,4.27781099647896,1.026000000000001,0.022925975430607606,1.026000000000001,0.0,0.022917651,8.0
3.7677639846234134,0.19936010921089495,8.0,675.8632249524595,4.275656679187105,1.0270000000000008,0.022925975387553362,1.0270000000000008,0.0,0.022917651,8.0
3.767893918599108,0.20247578251296824,8.0,678.1667417333045,4.273474684821743,1.0280000000000011,0.022925975331821048,1.028000000000001,0.0,0.022917651,8.0
3.7680227418809205,0.20561711987019923,8.0,680.5376588068582,4.2712625738001035,1.0290000000000008,0.0229259752722651,1.0290000000000008,0.0,0.022917651,8.0
3.7681503582177496,0.20878396660216536,8.0,682.977095579155,4.269020111711805,1.030000000000001,0.02292597528581581,1.030000000000001,0.0,0.022917651,8.0
3.7682765469495303,0.2119765749262897,8.0,685.4844456131063,4.26674618728858,1.0310000000000006,0.022925975228961195,1.0310000000000008,0.0,0.022917651,8.0
3.7684013030791563,0.21519291990356268,8.0,688.0570251644472,4.264442790930007,1.032000000000001,0.02292597516830659,1.032000000000001,0.0,0.022917651,8.0
3.768524475575391,0.2184331840140165,8.0,690.6937424163681,4.26210914186176,1.0330000000000008,0.02292597510765198,1.0330000000000008,0.0,0.022917651,8.0
3.7686458150269817,0.2216972028746217,8.0,693.3943458892938,4.259744413506251,1.034000000000001,0.022925975058977453,1.034000000000001,0.0,0.022917651,8.0
3.7687653761618347,0.22498555019330307,8.0,696.1588379627613,4.257348221157146,1.0350000000000008,0.02292597500419609,1.0350000000000008,0.0,0.022917651,8.0
3.7688819353187575,0.22829584975033038,8.0,698.9907106150151,4.254918096418928,1.036000000000001,0.022925974943266814,1.036000000000001,0.0,0.022917651,8.0
3.7689964401257217,0.2316300228335237,8.0,701.8922742456301,4.252455861586671,1.037000000000001,0.02292597488233753,1.0370000000000008,0.0,0.022917651,8.0
3.769108398399576,0.23498739429939453,8.0,704.8589344030154,4.249960260161781,1.038000000000001,0.022925974822241523,1.038000000000001,0.0,0.022917651,8.0
3.7692179128440606,0.23836705405254138,8.0,707.891946634852,4.2474325864834555,1.0390000000000008,0.02292597477492616,1.0390000000000008,0.0,0.022917651,8.0
3.7693246744948383,0.24177063598779433,8.0,710.9981976079177,4.244869978313747,1.040000000000001,0.02292597478977881,1.040000000000001,0.0,0.022917651,8.0
3.7694285983937474,0.2451979509995473,8.0,714.1848354197319,4.2422722850124845,1.041000000000001,0.022925974730908405,1.0410000000000008,0.0,0.022917651,8.0
3.769535459040238,0.24865329053788937,8.0,718.0285648013495,4.239658309386782,1.0420000000000011,0.022925974674724754,1.042000000000001,0.0,0.022917651,8.0
3.7696334519292027,0.2521226343149903,8.0,722.3856402680216,4.236994862974682,1.0430000000000008,0.02292597462250852,1.0430000000000008,0.0,0.022917651,8.0
3.7697320777908727,0.2556371022120421,8.0,727.1722136814396,4.234288818311766,1.044000000000001,0.022925974560205908,1.044000000000001,0.0,0.022917651,8.0
3.7698272956497196,0.2591498368569197,8.0,732.7536961816666,4.231570894442646,1.045000000000001,0.022925974497903297,1.0450000000000008,0.0,0.022917651,8.0
3.7699129184853546,0.2626965350413086,8.0,738.5134926411337,4.228780605684247,1.0460000000000012,0.022925974435600686,1.046000000000001,0.0,0.022917651,8.0
3.7699943874476167,0.2662637769550439,8.0,744.3332250689784,4.225953177750794,1.0470000000000008,0.02292597444326396,1.0470000000000008,0.0,0.022917651,8.0
3.7700720408497728,0.26985735785201675,8.0,750.2178417595375,4.223084127198039,1.048000000000001,0.022925974396691445,1.048000000000001,0.0,0.022917651,8.0
3.7701451233041308,0.2734751628219695,8.0,756.1672650913719,4.220172581883662,1.0490000000000008,0.022925974342910275,1.0490000000000008,0.0,0.022917651,8.0
3.770213775196038,0.2771184560489966,8.0,762.1832003619501,4.217217822620702,1.0500000000000012,0.022925974286201765,1.050000000000001,0.0,0.022917651,8.0
3.7702773668520972,0.2807872635539034,8.0,768.2666092186267,4.214217314893879,1.0510000000000008,0.02292597423230628,1.0510000000000008,0.0,0.022917651,8.0
3.77033623615929,0.28448322686058575,8.0,774.4193234581487,4.211170746202958,1.052000000000001,0.022925974197310496,1.052000000000001,0.0,0.022917651,8.0
3.770389848288438,0.28820407640708245,8.0,780.6404751041299,4.20807827708423,1.053000000000001,0.02292597418186104,1.0530000000000008,0.0,0.022917651,8.0
3.7704371158973444,0.29195359778827934,8.0,786.936021225544,4.204931756530724,1.054000000000001,0.02292597412889709,1.054000000000001,0.0,0.022917651,8.0
3.770478507154866,0.2957297439368848,8.0,793.3023261585568,4.201735096101887,1.0550000000000006,0.022925974066143457,1.0550000000000008,0.0,0.022917651,8.0
3.7705139089973474,0.2995339630315658,8.0,799.7426161900808,4.198486429304174,1.056000000000001,0.022925974070355435,1.056000000000001,0.0,0.022917651,8.0
3.7705425102472936,0.30336691573321245,8.0,806.2603849419766,4.195181794809407,1.0570000000000008,0.02292597404141857,1.0570000000000008,0.0,0.022917651,8.0
3.770563625595167,0.30723208966495097,8.0,812.8640626935448,4.1918150004421335,1.058000000000001,0.022925973980769853,1.058000000000001,0.0,0.022917651,8.0
3.770573730279372,0.31113776012958594,8.0,819.582412041146,4.188363681804554,1.0590000000000008,0.02292597395397887,1.0590000000000008,0.0,0.022917651,8.0
3.7705829553954815,0.3150531056016032,8.0,826.3430067358432,4.184899169852118,1.060000000000001,0.02292597392580528,1.060000000000001,0.0,0.022917651,8.0
3.770590145485052,0.3189815914745197,8.0,833.152531346276,4.181413376935063,1.061000000000001,0.022925973898601706,1.0610000000000008,0.0,0.022917651,8.0
3.770575969650529,0.322980450284629,8.0,840.1187629349372,4.1777717398420595,1.062000000000001,0.02292597391097567,1.062000000000001,0.0,0.022917651,8.0
3.770560859123006,0.32698943742139025,8.0,847.1288328582915,4.1741162356325425,1.0630000000000006,0.02292597391987414,1.0630000000000008,0.0,0.022917651,8.0
3.7705426120515515,0.33101401937264,8.0,854.1935988499953,4.170432590280405,1.064000000000001,0.0229259739286755,1.064000000000001,0.0,0.022917651,8.0
3.7705000066455368,0.3351064282021004,8.0,861.4154331523772,4.16658368325834,1.0650000000000008,0.022925973969704878,1.0650000000000008,0.0,0.022917651,8.0
3.770456388398981,0.33920940776636854,8.0,868.6827555473636,4.162720154114194,1.0660000000000012,0.022925974006255786,1.066000000000001,0.0,0.022917651,8.0
3.7704043909341016,0.3433396337194747,8.0,876.0290886902814,4.1587958626406,1.0670000000000008,0.022925974041136766,1.0670000000000008,0.0,0.022917651,8.0
3.7703307892007536,0.34752715007763574,8.0,883.5147771100125,4.154727866236777,1.0680000000000007,0.022925974078292912,1.068000000000001,0.0,0.022917651,8.0
3.770256141276493,0.351725741296607,8.0,891.047646007,4.150644610017969,1.0690000000000008,0.022925974109084025,1.0690000000000008,0.0,0.022917651,8.0
3.7701621732596005,0.3559705260197807,8.0,898.7026663875329,4.146437880608275,1.070000000000001,0.022925974284846964,1.070000000000001,0.0,0.022917651,8.0
3.77005391101253,0.36025214877931644,8.0,906.4601766961039,4.142137137057899,1.0710000000000006,0.02292597455278777,1.0710000000000008,0.0,0.022917651,8.0
3.769943589781763,0.3645470419018528,8.0,914.2703286794349,4.137814887553524,1.072000000000001,0.02292597479589588,1.072000000000001,0.0,0.022917651,8.0
3.769798475743056,0.36891078698032703,8.0,922.2566244226775,4.1332846169987345,1.0730000000000008,0.022925974881878888,1.0730000000000008,0.0,0.022917651,8.0
3.769652265244487,0.3732865507109607,8.0,930.2932106210544,4.128737941842509,1.0740000000000012,0.022925974959343724,1.074000000000001,0.0,0.022917651,8.0
3.7694816179125232,0.37770761806901304,8.0,938.4606674314623,4.124048212404556,1.0750000000000008,0.022925975212666098,1.0750000000000008,0.0,0.022917651,8.0
3.7692946385624735,0.3821627997127494,8.0,946.7320486924438,4.119259038674105,1.0760000000000007,0.022925975558759578,1.076000000000001,0.0,0.022917651,8.0
3.76909296986719,0.3866455501222534,8.0,955.0959025499216,4.114383537556128,1.0770000000000008,0.02292597593757887,1.0770000000000008,0.0,0.022917651,8.0
3.768858965501231,0.39117561986348537,8.0,963.6055014762476,4.109331370846183,1.078000000000001,0.022925976425030154,1.078000000000001,0.0,0.022917651,8.0
3.7686178268349946,0.3957239511087122,8.0,972.1848412296882,4.104232407105246,1.0790000000000008,0.022925976869237124,1.0790000000000008,0.0,0.022917651,8.0
3.7683322567538062,0.40032285388450073,8.0,980.9357401412661,4.098905161332096,1.080000000000001,0.022925977289787073,1.080000000000001,0.0,0.022917651,8.0
3.7680424681443547,0.4049372240311072,8.0,989.7490093088944,4.093545573710856,1.0810000000000008,0.022925977694444256,1.0810000000000008,0.0,0.022917651,8.0
3.767700004480537,0.4095971049661129,8.0,998.7447495065103,4.087929762841828,1.082000000000001,0.022925978518802143,1.082000000000001,0.0,0.022917651,8.0
3.7673489327507053,0.4142729910325963,8.0,1007.8095698427674,4.082263514731598,1.083000000000001,0.022925979289916132,1.0830000000000009,0.0,0.022917651,8.0
3.766930492404983,0.4189796479683918,8.0,1017.0455899694351,4.076297021992875,1.084000000000001,0.02292598025281346,1.084000000000001,0.0,0.022917651,8.0
3.7664908465337854,0.42370301646576913,8.0,1026.3757734479432,4.070228995246174,1.0850000000000009,0.022925981325299362,1.0850000000000009,0.0,0.022917651,8.0
3.7659972229833123,0.4284467858273819,8.0,1035.8614103831371,4.06392465679007,1.086000000000001,0.022925982825503947,1.086000000000001,0.0,0.022917651,8.0
3.765459022244766,0.43320004530725553,8.0,1045.4774860283592,4.057432516231807,1.0870000000000006,0.022925984529724882,1.0870000000000009,0.0,0.022917651,8.0
3.7648849900332912,0.43796438242931907,8.0,1055.210242675405,4.050785969565607,1.0880000000000012,0.022925986310100906,1.088000000000001,0.0,0.022917651,8.0
3.7642291775366954,0.44271387388817107,8.0,1065.120449141031,4.043827160150577,1.0890000000000009,0.022925988702083403,1.0890000000000009,0.0,0.022917651,8.0
3.763526866531821,0.4474527614423479,8.0,1075.148721778159,4.036692958777228,1.090000000000001,0.02292599148095686,1.090000000000001,0.0,0.022917651,8.0
3.7627681165716687,0.4521737420814451,8.0,1085.306637067906,4.029350904538375,1.091000000000001,0.022925994734045742,1.0910000000000009,0.0,0.022917651,8.0
3.761901274639836,0.45682209374839344,8.0,1095.6357050250897,4.0216491170785655,1.0920000000000012,0.022926000384676834,1.092000000000001,0.0,0.022917651,8.0
3.7609258805202113,0.46139305897851834,8.0,1106.0979678580675,4.013590503993703,1.093000000000001,0.022926006214082327,1.0930000000000009,0.0,0.022917651,8.0
3.7598400725939456,0.465857869524289,8.0,1116.7002759499167,4.005196380562312,1.094000000000001,0.022926014063532806,1.094000000000001,0.0,0.022917651,8.0
3.758637188501031,0.4701755650174127,8.0,1127.4443135687366,3.9964810710635583,1.095000000000001,0.02292602485788682,1.0950000000000009,0.0,0.022917651,8.0
3.7572923929308133,0.47428551443549244,8.0,1138.330807848639,3.9874058754004795,1.096000000000001,0.022926039132721444,1.096000000000001,0.0,0.022917651,8.0
3.755753368878038,0.4781042400735955,8.0,1149.3527135683973,3.9778449717875684,1.0970000000000009,0.02292605926145043,1.0970000000000009,0.0,0.022917651,8.0
3.753983192050971,0.4815319313917586,8.0,1160.4977618342875,3.9677505009661136,1.098000000000001,0.02292608935333592,1.098000000000001,0.0,0.022917651,8.0
3.751972844268778,0.4844363736340862,8.0,1171.7633708506162,3.957218608019759,1.099000000000001,0.022926132901191994,1.0990000000000009,0.0,0.022917651,8.0
3.74957504248275,0.48654277900656273,8.0,1183.1295376527391,3.945934915553805,1.1000000000000012,0.02292620936580206,1.100000000000001,0.0,0.022917651,8.0
3.7478635888032223,0.48753917932687857,8.0,1187.9936546483652,3.938470573367468,1.1010000000000009,0.02292629569065385,1.1010000000000009,0.0,0.022917651,8.0
3.7459694456203367,0.4880606246253525,8.0,1192.8735517649607,3.9307504552436945,1.102000000000001,0.022926432894888996,1.102000000000001,0.0,0.022917651,8.0
3.743825936405474,0.4879474670644986,8.0,1197.7600360048682,3.9226674501204304,1.103000000000001,0.02292665407124385,1.1030000000000009,0.0,0.022917651,8.0
3.741463051731901,0.4871768139581455,8.0,1202.6476996233691,3.914364459191229,1.1040000000000014,0.022927031729993105,1.104000000000001,0.0,0.022917651,8.0
3.7387928584102452,0.4855868651843273,8.0,1207.5212850179512,3.9056515158724174,1.105000000000001,0.02292768005155498,1.1050000000000009,0.0,0.022917651,8.0
3.7358141132807963,0.48312082645405163,8.0,1212.3709343737612,3.896580470754423,1.1060000000000008,0.02292889858856795,1.106000000000001,0.0,0.022917651,8.0
3.732485763996924,0.479748317635021,8.0,1217.1795003275267,3.887017462572998,1.1070000000000009,0.02293135394460096,1.1070000000000009,0.0,0.022917651,8.0
3.7288089843182464,0.47560559652304585,8.0,1221.9347410389353,3.8768309423795175,1.108000000000001,0.022936470269181195,1.108000000000001,0.0,0.022917651,8.0
3.7247910422954313,0.4709937052197244,8.0,1226.6260623983007,3.86574895217083,1.1090000000000009,0.02294758925043456,1.1090000000000009,0.0,0.022917651,8.0
3.7205189174079742,0.46641474080203665,8.0,1231.2667852369705,3.853617313277896,1.1100000000000012,0.022968097269517804,1.110000000000001,0.0,0.022917651,8.0
3.7160725971237354,0.4624296082985562,8.0,1235.872427285251,3.8401950370120144,1.1110000000000009,0.022998466568805626,1.1110000000000009,0.0,0.022917651,8.0
3.71158323784309,0.45984618639902847,8.0,1240.457860608563,3.825198919895853,1.112000000000001,0.02304370932754783,1.112000000000001,0.0,0.022917651,8.0
3.707220337412759,0.45965879483283717,8.0,1245.044015939729,3.808312585446925,1.1130000000000009,0.02311169192357674,1.1130000000000009,0.0,0.022917651,8.0
3.7031591960877095,0.46272568344727577,8.0,1249.6635232873614,3.7893790333995208,1.114000000000001,0.023210030554080482,1.114000000000001,0.0,0.022917651,8.0
3.6995627084494798,0.46970624860696847,8.0,1254.363799183568,3.7683903931608507,1.115000000000001,0.023362649876105347,1.1150000000000009,0.0,0.022917651,8.0
3.696452005131971,0.4804479634433235,8.0,1259.1979640341892,3.7455837503074583,1.116000000000001,0.02357779005147844,1.116000000000001,0.0,0.022917651,8.0
3.6938307102152796,0.49474433030405557,8.0,1264.226011291606,3.7211800935230266,1.1170000000000009,0.02385989131563901,1.1170000000000009,0.0,0.022917651,8.0
3.6916314636201064,0.5121000880312853,8.0,1269.5069232327787,3.6954052370244246,1.118000000000001,0.024193834434523366,1.118000000000001,0.0,0.022917651,8.0
3.6898077575528836,0.5320834783454087,8.0,1275.1008425446123,3.6685049010399857,1.119000000000001,0.02460218582290016,1.1190000000000009,0.0,0.022917651,8.0
3.688254084737118,0.5542814350461698,8.0,1281.0630516145259,3.6404701432615556,1.1200000000000012,0.02508415423875303,1.120000000000001,0.0,0.022917651,8.0
3.6869316183165544,0.5784745627716935,8.0,1287.456496111624,3.611365027965792,1.121000000000001,0.02569474146793997,1.1210000000000009,0.0,0.022917651,8.0
3.6857726826907076,0.604515325318388,8.0,1294.3416487164054,3.581066405790491,1.122000000000001,0.026398149566310588,1.122000000000001,0.0,0.022917651,8.0
3.6847278339543657,0.6323448805937184,8.0,1301.7904022881262,3.5494353492751234,1.123000000000001,0.027228570625410602,1.1230000000000009,0.0,0.022917651,8.0
3.683766233995411,0.6620142731651174,8.0,1309.8793461991163,3.516297440415211,1.1240000000000012,0.028133010182623274,1.124000000000001,0.0,0.022917651,8.0
3.6828318573093326,0.6936204777335048,8.0,1318.7054853862371,3.4813316177444285,1.1250000000000009,0.0291411939633536,1.1250000000000009,0.0,0.022917651,8.0
3.6818888459116788,0.7273468694881386,8.0,1328.3733687489532,3.444211062311453,1.126000000000001,0.030158513654373643,1.126000000000001,0.0,0.022917651,8.0
3.680918054449775,0.7634470754850876,8.0,1339.0164555365075,3.4046055719766493,1.127000000000001,0.031239451148897205,1.127000000000001,0.0,0.022917651,8.0
3.679876004559823,0.8023110796269035,8.0,1350.7913566305176,3.3619512524439323,1.128000000000001,0.03232611270086891,1.128000000000001,0.0,0.022917651,8.0
3.678677396746594,0.8443104629981454,8.0,1363.900227286623,3.3155353314698064,1.129000000000001,0.03331497873666144,1.129000000000001,0.0,0.022917651,8.0
3.6773166086015587,0.8901615580318658,8.0,1378.6127832225268,3.264618971562111,1.130000000000001,0.034238681049942515,1.130000000000001,0.0,0.022917651,8.0
3.6757218405079186,0.940710962726843,8.0,1395.264257077116,3.2080683886928827,1.131000000000001,0.03506191242282632,1.131000000000001,0.0,0.022917651,8.0
3.6737931274159537,0.996957454144677,8.0,1414.334672773373,3.1444849258824124,1.132000000000001,0.035662303726182155,1.132000000000001,0.0,0.022917651,8.0
3.6714501659883543,1.0604894680348813,8.0,1436.4777246232952,3.0719589456957155,1.1330000000000007,0.03616987570283313,1.133000000000001,0.0,0.022917651,8.0
3.6685705623943066,1.133365894272462,8.0,1462.6883475909556,2.9879419938066913,1.134000000000001,0.036488357961799577,1.134000000000001,0.0,0.022917651,8.0
3.6648715244623364,1.218770677121811,8.0,1494.7338848599782,2.8881189439989403,1.135000000000001,0.03662766749876849,1.135000000000001,0.0,0.022917651,8.0
3.660307527419432,1.3170971081871847,8.0,1535.6375521571435,2.771914399159326,1.136000000000001,0.036613116576971576,1.136000000000001,0.0,0.022917651,8.0
3.654053028255074,1.4415709723763244,8.0,1593.0015934248986,2.622800437979851,1.137000000000001,0.03659677619651301,1.137000000000001,0.0,0.022917651,8.0
3.646958081117789,1.5740548704481687,8.0,1687.2360820318545,2.4623146303048955,1.138000000000001,0.03658043581605444,1.138000000000001,0.0,0.022917651,8.0
3.644592217797351,1.6254564796051019,8.0,1831.435956391114,2.401827459359578,1.1390000000000011,0.03656409543559587,1.139000000000001,0.0,0.022917651,8.0
3.629355596611125,1.872388396966929,8.0,2106.497430889213,2.094326944584645,1.140000000000001,0.0365477550551373,1.140000000000001,0.0,0.022917651,8.0
3.597112249308706,2.335264410924526,8.0,2943.115394523601,1.5028554243911603,1.141000000000001,0.036531414674678735,1.141000000000001,0.0,0.022917651,8.0
