log_Teff,LogL_lsun,Age_gyr,Step,Log_g,Mass_msun,feh,Mass_input,Metallicity_input,Z_used,Age_input
3.540839409604097,-1.9244103575890021,6.0,302.03215771395975,4.957674084214892,0.3000000000000002,0.02592759333833045,0.30000000000000016,0.0,0.022917651,6.0
3.540991489721971,-1.9218253977787159,6.0,302.09731836247937,4.956946832602284,0.30100000000000016,0.025916031610281408,0.30100000000000016,0.0,0.022917651,6.0
3.541143523816376,-1.919239330213562,6.0,302.16191223335215,4.9562182891165785,0.30200000000000016,0.025904300895588817,0.30200000000000016,0.0,0.022917651,6.0
3.5412955111978284,-1.9166521382981503,6.0,302.22593083562396,4.955488434404089,0.30300000000000016,0.02589239866264633,0.30300000000000016,0.0,0.022917651,6.0
3.5414474511630045,-1.914063805103938,6.0,302.28936550788376,4.954757248722604,0.30400000000000016,0.02588032232902547,0.30400000000000016,0.0,0.022917651,6.0
3.5415993429943904,-1.9114743133608254,6.0,302.3522074139656,4.9540247119315906,0.30500000000000016,0.025868069260193884,0.30500000000000016,0.0,0.022917651,6.0
3.5417511859599213,-1.9088836454485008,6.0,302.41444753851823,4.953290803482091,0.30600000000000016,0.02585563676819459,0.30600000000000016,0.0,0.022917651,6.0
3.541902979312613,-1.9062917833875161,6.0,302.47607668244046,4.9525555024063195,0.3070000000000001,0.025843022110284858,0.30700000000000016,0.0,0.022917651,6.0
3.542054722290176,-1.9036987088300894,6.0,302.5370854581749,4.951818787306938,0.3080000000000002,0.025830222487533243,0.30800000000000016,0.0,0.022917651,6.0
3.5422064141146254,-1.9011044030506274,6.0,302.59746428485795,4.951080636346003,0.30900000000000016,0.025817235043373344,0.30900000000000016,0.0,0.022917651,6.0
3.5423580539918733,-1.898508846935947,6.0,302.65720338331823,4.950341027233556,0.3100000000000002,0.025804056862112592,0.31000000000000016,0.0,0.022917651,6.0
3.5425096411113097,-1.8959120209751954,6.0,302.7162927709187,4.949599937215878,0.31100000000000017,0.02579068496739452,0.31100000000000017,0.0,0.022917651,6.0
3.5426611746453704,-1.8933139052494565,6.0,302.77472225623774,4.948857343063358,0.3120000000000001,0.02577711632061282,0.31200000000000017,0.0,0.022917651,6.0
3.542812653749094,-1.8907144794210238,6.0,302.832481433582,4.948113221057993,0.31300000000000017,0.02576334781927535,0.31300000000000017,0.0,0.022917651,6.0
3.5429640775596574,-1.8881137227223366,6.0,302.88955967732534,4.947367546980474,0.31400000000000017,0.02574937629531628,0.31400000000000017,0.0,0.022917651,6.0
3.5431154451959053,-1.8855116139445627,6.0,302.94594613606745,4.946620296096888,0.3150000000000002,0.025735198513354453,0.31500000000000017,0.0,0.022917651,6.0
3.5432667557578594,-1.8829081314258183,6.0,303.00162972660513,4.945871443144956,0.3160000000000002,0.025720811168895942,0.31600000000000017,0.0,0.022917651,6.0
3.5434180083262143,-1.8803032530390018,6.0,303.0565991277098,4.945120962319869,0.31700000000000017,0.02570621088647869,0.31700000000000017,0.0,0.022917651,6.0
3.5435691430554224,-1.8777365038870366,6.0,303.1103914034338,4.944408139934411,0.31800000000000017,0.02568977404151528,0.31800000000000017,0.0,0.022917651,6.0
3.543720262315314,-1.8751737180965777,6.0,303.1620672184524,4.943699219090779,0.3190000000000002,0.025672886345506202,0.3190000000000002,0.0,0.022917651,6.0
3.54387137454479,-1.8726109004494822,6.0,303.21159445027354,4.942990238266961,0.3200000000000002,0.025655709105088027,0.3200000000000002,0.0,0.022917651,6.0
3.5440224796994846,-1.8700480507447164,6.0,303.2589595400436,4.942281197084446,0.32100000000000023,0.025638240493061223,0.3210000000000002,0.0,0.022917651,6.0
3.544173577734655,-1.86748516877955,6.0,303.3041488145823,4.941572095161529,0.32200000000000023,0.025620478666819522,0.3220000000000002,0.0,0.022917651,6.0
3.544324668605185,-1.8649222543495405,6.0,303.3471484851757,4.940862932113285,0.32300000000000023,0.025602421768187222,0.3230000000000002,0.0,0.022917651,6.0
3.5444757522655745,-1.8623593072485143,6.0,303.3879446463527,4.9401537075515245,0.3240000000000002,0.02558406792325438,0.3240000000000002,0.0,0.022917651,6.0
3.544626828669936,-1.8597963272685483,6.0,303.4265232746468,4.939444421084768,0.3250000000000002,0.025565415242209944,0.3250000000000002,0.0,0.022917651,6.0
3.544777897771993,-1.8572333141999502,6.0,303.46287022734197,4.938735072318203,0.3260000000000002,0.02554646181917268,0.3260000000000002,0.0,0.022917651,6.0
3.544928959525074,-1.8546702678312428,6.0,303.4969712412024,4.938025660853657,0.3270000000000002,0.025527205732020063,0.3270000000000002,0.0,0.022917651,6.0
3.5450800138821115,-1.8521071879491415,6.0,303.5288119311859,4.937316186289554,0.32800000000000024,0.025507645042214838,0.3280000000000002,0.0,0.022917651,6.0
3.545231060795631,-1.8495440743385363,6.0,303.5583777891407,4.936606648220881,0.32900000000000024,0.025487777794629463,0.3290000000000002,0.0,0.022917651,6.0
3.5453821002177532,-1.8469809267824728,6.0,303.585654182486,4.9358970462391545,0.3300000000000002,0.02546760201736822,0.3300000000000002,0.0,0.022917651,6.0
3.5455331321001884,-1.8444177450621322,6.0,303.6106263528747,4.935187379932376,0.3310000000000001,0.02544711572158709,0.3310000000000002,0.0,0.022917651,6.0
3.545684156394229,-1.8418545289568102,6.0,303.63327941483993,4.934477648885004,0.33200000000000024,0.02542631690131128,0.3320000000000002,0.0,0.022917651,6.0
3.545835173050748,-1.8392912782438975,6.0,303.6535983544226,4.933767852677902,0.33300000000000024,0.02540520353325032,0.3330000000000002,0.0,0.022917651,6.0
3.545986182020191,-1.8367279926988593,6.0,303.67156802778277,4.933057990888314,0.3340000000000002,0.0253837735766109,0.3340000000000002,0.0,0.022917651,6.0
3.5461371832525783,-1.8341646720952147,6.0,303.68717315979137,4.93234806308982,0.33500000000000024,0.025362024972907144,0.3350000000000002,0.0,0.022917651,6.0
3.546288176697492,-1.831601316204514,6.0,303.7003983426053,4.931638068852287,0.3360000000000002,0.025339955645768505,0.3360000000000002,0.0,0.022917651,6.0
3.546439162304077,-1.829037924796319,6.0,303.711228034222,4.930928007741847,0.3370000000000002,0.025317563500745044,0.3370000000000002,0.0,0.022917651,6.0
3.5465901400210362,-1.8264744976381804,6.0,303.7196465570167,4.930217879320837,0.3380000000000002,0.025294846425110297,0.3380000000000002,0.0,0.022917651,6.0
3.5467411719265134,-1.823933661953936,6.0,303.7216700376411,4.929530558827868,0.3390000000000002,0.025270758956015306,0.3390000000000002,0.0,0.022917651,6.0
3.546892314916871,-1.8214305012406422,6.0,303.7143762205438,4.928881357168881,0.3400000000000002,0.025244634159475973,0.3400000000000002,0.0,0.022917651,6.0
3.547043475937214,-1.8189286255607113,6.0,303.70404380899936,4.928233512675301,0.34100000000000025,0.025218165052492955,0.3410000000000002,0.0,0.022917651,6.0
3.5471946548465696,-1.8164280248666023,6.0,303.69069656146115,4.927587014735594,0.3420000000000002,0.025191354327193726,0.3420000000000002,0.0,0.022917651,6.0
3.5473458515054266,-1.8139286892152473,6.0,303.6743579893396,4.926941852848562,0.3430000000000002,0.025164204647712764,0.3430000000000002,0.0,0.022917651,6.0
3.5474970657757248,-1.8114306087667014,6.0,303.65505136020573,4.926298016621922,0.34400000000000014,0.02513671865055445,0.3440000000000002,0.0,0.022917651,6.0
3.5476482975208303,-1.8089337737828062,6.0,303.6327997009429,4.925655495770888,0.34500000000000014,0.02510889894495034,0.3450000000000002,0.0,0.022917651,6.0
3.5477995466055194,-1.8064381746258777,6.0,303.60762580085185,4.92501428011679,0.34600000000000025,0.02508074811321091,0.3460000000000002,0.0,0.022917651,6.0
3.5479508128959587,-1.803943801757415,6.0,303.5795522147067,4.924374359585707,0.34700000000000014,0.025052268711071836,0.3470000000000002,0.0,0.022917651,6.0
3.54810209625969,-1.8014506457368262,6.0,303.54860126576403,4.923735724207126,0.3480000000000002,0.025023463268035003,0.3480000000000002,0.0,0.022917651,6.0
3.5482533965656113,-1.798958697220176,6.0,303.514795048726,4.92309836411261,0.3490000000000002,0.024994334287704242,0.3490000000000002,0.0,0.022917651,6.0
3.548404713683959,-1.7964679469589528,6.0,303.4781554326576,4.92246226953451,0.3500000000000002,0.024964884248115906,0.3500000000000002,0.0,0.022917651,6.0
3.548556047486291,-1.793978385798851,6.0,303.43870406386003,4.921827430804664,0.3510000000000002,0.024935115602064434,0.3510000000000002,0.0,0.022917651,6.0
3.54870739784547,-1.7914900046785778,6.0,303.3964623686999,4.92119383835315,0.3520000000000002,0.024905030777422933,0.3520000000000002,0.0,0.022917651,6.0
3.5488587646356486,-1.7890027946286724,6.0,303.35145155639486,4.920561482707026,0.35300000000000015,0.02487463217745888,0.3530000000000002,0.0,0.022917651,6.0
3.5490101477322504,-1.786516746770348,6.0,303.30369262175833,4.91993035448912,0.3540000000000002,0.02484392218114506,0.3540000000000002,0.0,0.022917651,6.0
3.5491615470119564,-1.7840318523143448,6.0,303.2532063479014,4.919300444416808,0.3550000000000002,0.02481290314346577,0.3550000000000002,0.0,0.022917651,6.0
3.549312962352685,-1.7815481025598097,6.0,303.200013308895,4.9186717433008385,0.35600000000000026,0.02478157739571845,0.3560000000000002,0.0,0.022917651,6.0
3.549464393633583,-1.7790654888931832,6.0,303.14413387239074,4.91804424204415,0.35700000000000026,0.024749947245810693,0.3570000000000002,0.0,0.022917651,6.0
3.5496158407350045,-1.7765840027871103,6.0,303.0855882022039,4.917417931640728,0.35800000000000026,0.0247180149785529,0.3580000000000002,0.0,0.022917651,6.0
3.5497673035384993,-1.7741036357993623,6.0,303.0243962608568,4.916792803174461,0.3590000000000002,0.024685782855946473,0.3590000000000002,0.0,0.022917651,6.0
3.5499187819267957,-1.7716243795717799,6.0,302.9605778120844,4.916168847818024,0.36000000000000015,0.024653253117467737,0.3600000000000002,0.0,0.022917651,6.0
3.5500702757837876,-1.7691462258292265,6.0,302.8941524233023,4.915546056831779,0.3610000000000002,0.024620427980347623,0.3610000000000002,0.0,0.022917651,6.0
3.5502217849945197,-1.7666691663785625,6.0,302.82513946803886,4.914924421562684,0.3620000000000002,0.024587309639847208,0.3620000000000002,0.0,0.022917651,6.0
3.5503733094451704,-1.7641931931076302,6.0,302.75355812833027,4.91430393344323,0.36300000000000027,0.024553900269529142,0.3630000000000002,0.0,0.022917651,6.0
3.5505248490230437,-1.761718297984257,6.0,302.6794273970809,4.913684583990373,0.3640000000000002,0.02452020202152508,0.3640000000000002,0.0,0.022917651,6.0
3.55067640361655,-1.759244473055271,6.0,302.6027660803883,4.913066364804513,0.3650000000000002,0.024486217026799185,0.3650000000000002,0.0,0.022917651,6.0
3.550827973115196,-1.756771710445533,6.0,302.5235927998348,4.912449267568463,0.36600000000000027,0.0244519473954077,0.3660000000000002,0.0,0.022917651,6.0
3.550979557409568,-1.7543000023569817,6.0,302.4419259947442,4.911833284046433,0.36700000000000016,0.024417395216754775,0.3670000000000002,0.0,0.022917651,6.0
3.5511311563913224,-1.7518293410676924,6.0,302.357783924407,4.9112184060830515,0.36800000000000027,0.024382562559844494,0.3680000000000002,0.0,0.022917651,6.0
3.55128276995317,-1.7493597189309504,6.0,302.2711846702712,4.910604625602372,0.3690000000000002,0.02434745147352924,0.3690000000000002,0.0,0.022917651,6.0
3.551434397988863,-1.7468911283743385,6.0,302.1821461381035,4.909991934606921,0.3700000000000003,0.024312063986754465,0.3700000000000002,0.0,0.022917651,6.0
3.5515860403931856,-1.7444235618988337,6.0,302.0906860601165,4.909380325176737,0.37100000000000016,0.02427640210879984,0.3710000000000002,0.0,0.022917651,6.0
3.551738262822651,-1.741961295623079,6.0,302.00396124228524,4.908776335777032,0.3720000000000002,0.02424068952288909,0.3720000000000002,0.0,0.022917651,6.0
3.5518908404931713,-1.73950212938099,6.0,301.91842234547875,4.908176867218033,0.3730000000000002,0.024204816379924814,0.3730000000000002,0.0,0.022917651,6.0
3.5520434677269455,-1.737043641522652,6.0,301.8300589615494,4.907578275289943,0.3740000000000002,0.024168658242904317,0.3740000000000002,0.0,0.022917651,6.0
3.5521961444789794,-1.7345858314321974,6.0,301.73887365469625,4.906980559196916,0.3750000000000002,0.024132215370558277,0.3750000000000002,0.0,0.022917651,6.0
3.552348870704331,-1.732128698494503,6.0,301.6448689860153,4.90638371814407,0.3760000000000002,0.02409548802130427,0.3760000000000002,0.0,0.022917651,6.0
3.5525016463581136,-1.7296722420951909,6.0,301.5480475135043,4.905787751337486,0.3770000000000003,0.024058476453247265,0.3770000000000002,0.0,0.022917651,6.0
3.5526544713954933,-1.727216461620625,6.0,301.44841179206725,4.9051926579841965,0.37800000000000017,0.024021180924180086,0.3780000000000002,0.0,0.022917651,6.0
3.5528073457716927,-1.7247613564579125,6.0,301.34596437351973,4.904598437292205,0.3790000000000002,0.02398360169158389,0.3790000000000002,0.0,0.022917651,6.0
3.5529602694419875,-1.7223069259949002,6.0,301.24070780659287,4.904005088470466,0.3800000000000002,0.02394573901262863,0.3800000000000002,0.0,0.022917651,6.0
3.5531132423617064,-1.7198531696201744,6.0,301.13264463693804,4.903412610728887,0.3810000000000002,0.02390759314417353,0.3810000000000002,0.0,0.022917651,6.0
3.553266264486235,-1.7174000867230614,6.0,301.02177740713216,4.902821003278337,0.38200000000000023,0.023869164342767552,0.38200000000000023,0.0,0.022917651,6.0
3.5534193357710095,-1.7149476766936236,6.0,300.9081086566815,4.9022302653306316,0.38300000000000023,0.023830452864649864,0.38300000000000023,0.0,0.022917651,6.0
3.5535724561715205,-1.7124959389226597,6.0,300.791640922027,4.901640396098541,0.38400000000000023,0.023791458965750314,0.38400000000000023,0.0,0.022917651,6.0
3.5537256256433127,-1.710044872801704,6.0,300.67237673654824,4.9010513947957834,0.38500000000000023,0.023752182901689893,0.38500000000000023,0.0,0.022917651,6.0
3.553878844141987,-1.707594477723025,6.0,300.5503186305689,4.90046326063703,0.38600000000000023,0.023712624927781187,0.38600000000000023,0.0,0.022917651,6.0
3.554032111623194,-1.7051447530796242,6.0,300.42546913136044,4.899875992837893,0.3870000000000003,0.023672785299028866,0.38700000000000023,0.0,0.022917651,6.0
3.55418542804264,-1.7026956982652344,6.0,300.2978307631474,4.899289590614936,0.3880000000000002,0.023632664270130135,0.38800000000000023,0.0,0.022917651,6.0
3.554338793356084,-1.7002473126743198,6.0,300.1674060471116,4.8987040531856625,0.38900000000000023,0.023592262095475193,0.38900000000000023,0.0,0.022917651,6.0
3.554492207519338,-1.697799595702074,6.0,300.03419750139705,4.898119379768522,0.39000000000000024,0.023551579029147705,0.39000000000000024,0.0,0.022917651,6.0
3.5546456704882674,-1.695352546744419,6.0,299.898207641114,4.897535569582904,0.3910000000000003,0.02351061532492526,0.39100000000000024,0.0,0.022917651,6.0
3.5547991822187908,-1.6929061651980042,6.0,299.7594389783442,4.896952621849136,0.39200000000000024,0.02346937123627983,0.39200000000000024,0.0,0.022917651,6.0
3.5549527426668814,-1.6904604504602063,6.0,299.61789402214487,4.89637053578849,0.3930000000000003,0.02342784701637823,0.39300000000000024,0.0,0.022917651,6.0
3.5551063517885635,-1.6880154019291262,6.0,299.4735752785536,4.8957893106231705,0.39400000000000024,0.023386042918082574,0.39400000000000024,0.0,0.022917651,6.0
3.555260009539914,-1.6855710190035893,6.0,299.3264852505926,4.895208945576319,0.39500000000000024,0.023343959193950756,0.39500000000000024,0.0,0.022917651,6.0
3.5554137158770627,-1.6831273010831442,6.0,299.1766264382736,4.89462943987201,0.39600000000000024,0.023301596096236867,0.39600000000000024,0.0,0.022917651,6.0
3.555567470756195,-1.6806842475680617,6.0,299.02400133860203,4.894050792735255,0.39700000000000024,0.023258953876891687,0.39700000000000024,0.0,0.022917651,6.0
3.5557212741335453,-1.678241857859333,6.0,298.8686124455818,4.893473003391993,0.3980000000000003,0.023216032787563123,0.39800000000000024,0.0,0.022917651,6.0
3.5558751259654033,-1.67580013135867,6.0,298.7104622502195,4.892896071069094,0.39900000000000024,0.023172833079596666,0.39900000000000024,0.0,0.022917651,6.0
3.55602902620811,-1.6733590674685026,6.0,298.5495532405296,4.892319994994359,0.40000000000000024,0.023129355004035863,0.40000000000000024,0.0,0.022917651,6.0
3.5562528407934373,-1.6707111923842561,6.0,298.64193330392317,4.891536478479919,0.40100000000000025,0.02312714651001505,0.40100000000000025,0.0,0.022917651,6.0
3.55647664208536,-1.6680634681996769,6.0,298.7340259526208,4.890753059691873,0.40200000000000025,0.023124941870438242,0.40200000000000025,0.0,0.022917651,6.0
3.5567004299259173,-1.665415896707842,6.0,298.82582777139305,4.889969739791459,0.40300000000000025,0.02312274113110622,0.40300000000000025,0.0,0.022917651,6.0
3.556924204154637,-1.6627684797303517,6.0,298.9173352906861,4.889186519958395,0.4040000000000003,0.02312054433854824,0.40400000000000025,0.0,0.022917651,6.0
3.557147964608484,-1.6601212191178962,6.0,299.0085449855376,4.888403401391232,0.40500000000000025,0.02311835154003669,0.40500000000000025,0.0,0.022917651,6.0
3.557371711121809,-1.65747411675084,6.0,299.0994532744662,4.887620385307741,0.4060000000000003,0.023116162783601873,0.40600000000000025,0.0,0.022917651,6.0
3.5575954435262953,-1.6548271745398182,6.0,299.1900565183338,4.886837472945298,0.40700000000000025,0.023113978118047326,0.40700000000000025,0.0,0.022917651,6.0
3.557819161650906,-1.6521803944263491,6.0,299.2803510191811,4.886054665561279,0.40800000000000025,0.02311179759296543,0.40800000000000025,0.0,0.022917651,6.0
3.5580428653218283,-1.64953377838346,6.0,299.3703330190341,4.885271964433462,0.40900000000000025,0.02310962125875339,0.40900000000000025,0.0,0.022917651,6.0
3.5582665543624192,-1.6468873284163295,6.0,299.4599986986817,4.884489370860457,0.41000000000000036,0.023107449166629674,0.41000000000000025,0.0,0.022917651,6.0
3.5584902285931412,-1.6442410465629436,6.0,299.54934417642306,4.88370688616211,0.41100000000000025,0.023105281368650747,0.41100000000000025,0.0,0.022917651,6.0
3.5587138878315114,-1.641594934894772,6.0,299.63836550678445,4.882924511679957,0.41200000000000025,0.023103117917728344,0.41200000000000025,0.0,0.022917651,6.0
3.5589375318920347,-1.6389489955174563,6.0,299.7270586792046,4.882142248777667,0.4130000000000003,0.023100958867647063,0.41300000000000026,0.0,0.022917651,6.0
3.5591611605861413,-1.6363032305715186,6.0,299.8154196166859,4.881360098841492,0.41400000000000026,0.02309880427308246,0.41400000000000026,0.0,0.022917651,6.0
3.5593847737221287,-1.6336576422330868,6.0,299.90344417441446,4.880578063280749,0.41500000000000026,0.023096654189619568,0.41500000000000026,0.0,0.022917651,6.0
3.5596083711050897,-1.6310122327146372,6.0,299.99112813834273,4.879796143528291,0.4160000000000003,0.023094508673771875,0.41600000000000026,0.0,0.022917651,6.0
3.5598319525368485,-1.6283670042657585,6.0,300.07846722373876,4.87901434104101,0.41700000000000037,0.023092367783000816,0.41700000000000026,0.0,0.022917651,6.0
3.56005551781589,-1.6257219591739305,6.0,300.1654570736976,4.878232657300335,0.41800000000000026,0.023090231575735715,0.41800000000000026,0.0,0.022917651,6.0
3.5602790667372926,-1.6230770997653277,6.0,300.25209325761546,4.877451093812752,0.41900000000000026,0.023088100111394252,0.41900000000000026,0.0,0.022917651,6.0
3.560502599092652,-1.6204324284056397,6.0,300.3383712696246,4.876669652110343,0.4200000000000003,0.023085973450403457,0.42000000000000026,0.0,0.022917651,6.0
3.560726114670009,-1.6177879475009138,6.0,300.4242865269882,4.875888333751324,0.4210000000000003,0.02308385165422121,0.42100000000000026,0.0,0.022917651,6.0
3.5609496132537735,-1.61514365949842,6.0,300.50983436845456,4.8751071403206065,0.42200000000000026,0.023081734785358365,0.42200000000000026,0.0,0.022917651,6.0
3.5611730946246443,-1.6124995668875373,6.0,300.5950100525682,4.874326073430378,0.4230000000000003,0.02307962290740135,0.42300000000000026,0.0,0.022917651,6.0
3.561396558559533,-1.6098556722006632,6.0,300.67980875593713,4.873545134720679,0.4240000000000003,0.023077516085035416,0.42400000000000027,0.0,0.022917651,6.0
3.5616200048314766,-1.6072119780141463,6.0,300.7642255714556,4.872764325860018,0.42500000000000027,0.0230754143840685,0.42500000000000027,0.0,0.022917651,6.0
3.5618434332095577,-1.6045684869492463,6.0,300.84825550647986,4.87198364854599,0.4260000000000002,0.023073317871455643,0.42600000000000027,0.0,0.022917651,6.0
3.5620668434588154,-1.6019252016731134,6.0,300.9318934809563,4.8712031045059065,0.4270000000000003,0.023071226615324136,0.42700000000000027,0.0,0.022917651,6.0
3.5622902353401558,-1.5992821248998,6.0,301.0151343254999,4.870422695497455,0.4280000000000003,0.023069140684999257,0.42800000000000027,0.0,0.022917651,6.0
3.5625136086102653,-1.5966392593912948,6.0,301.09797277942215,4.8696424233093705,0.4290000000000003,0.023067060151030737,0.42900000000000027,0.0,0.022917651,6.0
3.562736963021511,-1.5939966079585859,6.0,301.18040348870636,4.8688622897621165,0.4300000000000003,0.023064985085219907,0.43000000000000027,0.0,0.022917651,6.0
3.5629602983218485,-1.5913541734627534,6.0,301.26242100392875,4.868082296708602,0.4310000000000003,0.02306291556064758,0.43100000000000027,0.0,0.022917651,6.0
3.56318361425472,-1.5887119588160872,6.0,301.3440197781234,4.867302446034898,0.4320000000000003,0.023060851651702675,0.4320000000000003,0.0,0.022917651,6.0
3.563406910558957,-1.586069966983242,6.0,301.4251941645909,4.866522739660987,0.4330000000000003,0.023058793434111616,0.4330000000000003,0.0,0.022917651,6.0
3.563630186968675,-1.5834282009824168,6.0,301.5059384146457,4.865743179541535,0.4340000000000004,0.023056740984968533,0.4340000000000003,0.0,0.022917651,6.0
3.5638534432131617,-1.5807866638865693,6.0,301.5862466753039,4.864963767666662,0.43500000000000033,0.02305469438276628,0.4350000000000003,0.0,0.022917651,6.0
3.564076679016773,-1.5781453588246646,6.0,301.6661129869069,4.864184506062764,0.43600000000000033,0.023052653707428292,0.4360000000000003,0.0,0.022917651,6.0
3.564299894098819,-1.575504288982956,6.0,301.74553128067976,4.863405396793339,0.43700000000000033,0.023050619040341343,0.4370000000000003,0.0,0.022917651,6.0
3.564523088173446,-1.572863457606303,6.0,301.8244953762229,4.862626441959841,0.43800000000000033,0.02304859046438916,0.4380000000000003,0.0,0.022917651,6.0
3.5647462609495184,-1.5702228679995243,6.0,301.90299897893345,4.86184764370255,0.4390000000000003,0.023046568063987038,0.4390000000000003,0.0,0.022917651,6.0
3.5649694121304947,-1.5675825235287897,6.0,301.9810356773553,4.861069004201483,0.4400000000000002,0.023044551925117358,0.4400000000000003,0.0,0.022917651,6.0
3.565192541414305,-1.56494242762305,6.0,302.0585989404548,4.860290525677314,0.44100000000000034,0.023042542135366106,0.4410000000000003,0.0,0.022917651,6.0
3.5654156484932167,-1.5623025837755062,6.0,302.13568211481993,4.859512210392328,0.4420000000000003,0.023040538783960483,0.4420000000000003,0.0,0.022917651,6.0
3.565638733053705,-1.5596629955451253,6.0,302.21227842178064,4.8587340606514005,0.4430000000000003,0.02303854196180746,0.4430000000000003,0.0,0.022917651,6.0
3.5658617947763167,-1.557023666558191,6.0,302.28838095444706,4.857956078803002,0.4440000000000003,0.02303655176153356,0.4440000000000003,0.0,0.022917651,6.0
3.5660848333355246,-1.5543846005099056,6.0,302.3639826746634,4.85717826724024,0.44500000000000034,0.023034568277525664,0.4450000000000003,0.0,0.022917651,6.0
3.566307848399585,-1.5517458011660332,6.0,302.4390764098749,4.856400628401916,0.4460000000000003,0.023032591605973044,0.4460000000000003,0.0,0.022917651,6.0
3.5665308396303916,-1.5491072723645944,6.0,302.513654849904,4.855623164773628,0.4470000000000003,0.023030621844910597,0.4470000000000003,0.0,0.022917651,6.0
3.5667538066833173,-1.5464690180176053,6.0,302.5877105436342,4.854845878888897,0.44800000000000034,0.023028659094263312,0.4480000000000003,0.0,0.022917651,6.0
3.5669767492070585,-1.5438310421128714,6.0,302.66123589559646,4.854068773330322,0.4490000000000003,0.02302670345589207,0.4490000000000003,0.0,0.022917651,6.0
3.5671996668434747,-1.5411933487158294,6.0,302.7342231624569,4.853291850730785,0.4500000000000003,0.0230247550336407,0.4500000000000003,0.0,0.022917651,6.0
3.567422559227416,-1.5385559419714485,6.0,302.80666444940056,4.852515113774669,0.4510000000000003,0.023022813933384522,0.4510000000000003,0.0,0.022917651,6.0
3.5676454259865573,-1.535918826106183,6.0,302.87855170640944,4.851738565199133,0.4520000000000003,0.02302088026308025,0.4520000000000003,0.0,0.022917651,6.0
3.567868266741215,-1.5332820054299847,6.0,302.9498767244294,4.8509622077954075,0.4530000000000003,0.023018954132817373,0.4530000000000003,0.0,0.022917651,6.0
3.5680910811041695,-1.5306454843383754,6.0,303.02063113142333,4.850186044410145,0.4540000000000003,0.023017035654871117,0.4540000000000003,0.0,0.022917651,6.0
3.568313868680473,-1.5280092673145813,6.0,303.09080638830653,4.849410077946792,0.4550000000000003,0.02301512494375693,0.4550000000000003,0.0,0.022917651,6.0
3.56853662906726,-1.525373358931731,6.0,303.16039378475875,4.8486343113670225,0.45600000000000035,0.023013222116286668,0.4560000000000003,0.0,0.022917651,6.0
3.5687593618535436,-1.5227377638551214,6.0,303.22938443491074,4.847858747692198,0.4570000000000003,0.023011327291626412,0.4570000000000003,0.0,0.022917651,6.0
3.568982066620013,-1.5201024868445494,6.0,303.2977692728995,4.847083390004884,0.4580000000000004,0.02300944059135611,0.4580000000000003,0.0,0.022917651,6.0
3.569204742938819,-1.5174675327567182,6.0,303.36553904828685,4.8463082414504,0.4590000000000003,0.02300756213953098,0.4590000000000003,0.0,0.022917651,6.0
3.56942739037336,-1.514832906547717,6.0,303.43268432133897,4.845533305238435,0.4600000000000003,0.023005692062744856,0.4600000000000003,0.0,0.022917651,6.0
3.5696500084780514,-1.512198613275575,6.0,303.49919545815897,4.844758584644694,0.4610000000000003,0.02300383049019543,0.4610000000000003,0.0,0.022917651,6.0
3.5698725967980964,-1.5095646581028948,6.0,303.565062625669,4.843984083012607,0.4620000000000003,0.023001977553751562,0.4620000000000003,0.0,0.022917651,6.0
3.5700951548692483,-1.5069310462995726,6.0,303.63027578643613,4.843209803755094,0.4630000000000003,0.02300013338802266,0.4630000000000003,0.0,0.022917651,6.0
3.570317682217561,-1.504297783245596,6.0,303.69482469333565,4.8424357503563655,0.4640000000000003,0.02299829813043027,0.4640000000000003,0.0,0.022917651,6.0
3.570540178359134,-1.5016648744339367,6.0,303.7586988840467,4.841661926373807,0.46500000000000036,0.022996471921281854,0.4650000000000003,0.0,0.022917651,6.0
3.570762642799851,-1.4990323254735312,6.0,303.821887675373,4.8408883354399075,0.4660000000000003,0.022994654903846994,0.4660000000000003,0.0,0.022917651,6.0
3.5709850750351113,-1.4964001420923567,6.0,303.884380157384,4.840114981264249,0.4670000000000003,0.02299284722443594,0.4670000000000003,0.0,0.022917651,6.0
3.5712074745495452,-1.4937683301406073,6.0,303.94616518736655,4.839341867635562,0.4680000000000003,0.02299104903248073,0.4680000000000003,0.0,0.022917651,6.0
3.5714298408167284,-1.4911368955939697,6.0,304.007231383584,4.838568998423848,0.4690000000000003,0.02298926048061889,0.4690000000000003,0.0,0.022917651,6.0
3.571652173298884,-1.488505844557008,6.0,304.0675671188319,4.837796377582579,0.4700000000000003,0.02298748172477984,0.4700000000000003,0.0,0.022917651,6.0
3.5718744714465727,-1.4858751832666546,6.0,304.1271605137852,4.837024009150948,0.4710000000000003,0.022985712924274135,0.4710000000000003,0.0,0.022917651,6.0
3.572096734698379,-1.48324491809582,6.0,304.1859994301268,4.836251897256209,0.47200000000000036,0.022983954241885603,0.4720000000000003,0.0,0.022917651,6.0
3.5723189624805767,-1.4806150555571165,6.0,304.24407146345123,4.835480046116092,0.4730000000000003,0.022982205843966503,0.4730000000000003,0.0,0.022917651,6.0
3.572541154206796,-1.47798560230671,6.0,304.30136393593295,4.8347084600412975,0.4740000000000003,0.022980467900535873,0.4740000000000003,0.0,0.022917651,6.0
3.5727633092776707,-1.4753565651482938,6.0,304.35786388875107,4.833937143438068,0.4750000000000003,0.022978740585381102,0.4750000000000003,0.0,0.022917651,6.0
3.5729854270804746,-1.4727279510372027,6.0,304.41355807426106,4.833166100810851,0.4760000000000003,0.022977024076162925,0.4760000000000003,0.0,0.022917651,6.0
3.5732075069887492,-1.4700997670846572,6.0,304.4684329479031,4.83239533676505,0.4770000000000003,0.022975318554523907,0.4770000000000003,0.0,0.022917651,6.0
3.5734295483619176,-1.4674720205621596,6.0,304.5224746598367,4.831624856009872,0.4780000000000003,0.02297362420620069,0.4780000000000003,0.0,0.022917651,6.0
3.573651550544881,-1.4648447189060316,6.0,304.57566904629107,4.830854663361265,0.47900000000000037,0.02297194122113992,0.4790000000000003,0.0,0.022917651,6.0
3.5738735128676082,-1.462217869722112,6.0,304.6280016206201,4.83008476374496,0.4800000000000003,0.022970269793618256,0.4800000000000003,0.0,0.022917651,6.0
3.574095434644707,-1.4595914807906176,6.0,304.6794575640491,4.829315162199618,0.4810000000000003,0.022968610122366458,0.4810000000000003,0.0,0.022917651,6.0
3.5743173151749787,-1.4569655600711642,6.0,304.73002171610125,4.828545863880088,0.4820000000000003,0.022966962410697737,0.4820000000000003,0.0,0.022917651,6.0
3.5745391537409654,-1.454340115707971,6.0,304.77967856469223,4.827776874060769,0.4830000000000003,0.022965326866640642,0.4830000000000003,0.0,0.022917651,6.0
3.574760949608471,-1.451715156035244,6.0,304.8284122358774,4.827008198139099,0.4840000000000003,0.022963703703076536,0.4840000000000003,0.0,0.022917651,6.0
3.57498270202607,-1.4490906895827451,6.0,304.87620648323775,4.826239841639166,0.4850000000000003,0.022962093137881924,0.4850000000000003,0.0,0.022917651,6.0
3.5752045490963336,-1.446467534067773,6.0,304.91139764037763,4.825473174489564,0.4860000000000004,0.022960490848728095,0.4860000000000003,0.0,0.022917651,6.0
3.575426457355833,-1.4438455753310644,6.0,304.9354760468034,4.824707948710057,0.4870000000000003,0.02295889859167548,0.4870000000000003,0.0,0.022917651,6.0
3.575648310593097,-1.4412241721897,6.0,304.95771343828244,4.823943058432762,0.4880000000000003,0.022957320535819083,0.4880000000000003,0.0,0.022917651,6.0
3.575870107728551,-1.4386033355448309,6.0,304.9780736928713,4.823178510240453,0.4890000000000004,0.022955756959795858,0.4890000000000003,0.0,0.022917651,6.0
3.5760918476541934,-1.4359830765846708,6.0,304.9965197374234,4.822414310889254,0.4900000000000003,0.02295420814958013,0.4900000000000003,0.0,0.022917651,6.0
3.5763135292326527,-1.4333634067940064,6.0,305.013013516071,4.821650467314377,0.4910000000000003,0.022952674398726756,0.4910000000000003,0.0,0.022917651,6.0
3.5765351512962065,-1.430744337964088,6.0,305.02751595744655,4.820886986636097,0.4920000000000003,0.022951156008623907,0.4920000000000003,0.0,0.022917651,6.0
3.576756712645764,-1.428125882202924,6.0,305.0399869405818,4.82012387616596,0.4930000000000004,0.022949653288756172,0.4930000000000003,0.0,0.022917651,6.0
3.576978212049802,-1.4255080519459864,6.0,305.0503852594249,4.819361143413262,0.4940000000000003,0.022948166556978237,0.4940000000000003,0.0,0.022917651,6.0
3.5771996482432677,-1.4228908599673582,6.0,305.0586685859078,4.818598796091772,0.49500000000000033,0.022946696139799785,0.49500000000000033,0.0,0.022917651,6.0
3.5774210199264225,-1.4202743193913374,6.0,305.06479343149414,4.817836842126734,0.4960000000000004,0.02294524237268209,0.49600000000000033,0.0,0.022917651,6.0
3.577642325763649,-1.4176584437045208,6.0,305.068715107136,4.817075289662177,0.49700000000000033,0.022943805600346937,0.49700000000000033,0.0,0.022917651,6.0
3.577863564382204,-1.4150432467683935,6.0,305.07038768156013,4.816314147068507,0.49800000000000033,0.022942386177098352,0.49800000000000033,0.0,0.022917651,6.0
3.5780847343709183,-1.4124287428324467,6.0,305.06976393780343,4.8155534229504315,0.49900000000000033,0.022940984467157907,0.49900000000000033,0.0,0.022917651,6.0
3.5783058342788436,-1.4098149465478473,6.0,305.06679532791003,4.814793126155216,0.5000000000000003,0.022939600845014178,0.5000000000000003,0.0,0.022917651,6.0
3.5786153073131444,-1.406922492317982,6.0,305.3011183113377,4.813930376640449,0.5010000000000003,0.022939510184399353,0.5010000000000003,0.0,0.022917651,6.0
3.578924826985264,-1.4040297097006171,6.0,305.53557040665163,4.8130674852857105,0.5020000000000003,0.022939419237095544,0.5020000000000003,0.0,0.022917651,6.0
3.579234393990537,-1.4011365937997462,6.0,305.77015353881194,4.812204449976272,0.5030000000000003,0.02293932799882843,0.5030000000000003,0.0,0.022917651,6.0
3.5795440090381914,-1.3982431396215471,6.0,306.00486967123584,4.811341268555159,0.5040000000000003,0.022939236465238308,0.5040000000000003,0.0,0.022917651,6.0
3.5798536728516903,-1.3953493420719303,6.0,306.2397208067632,4.81047793882209,0.5050000000000003,0.022939144631877927,0.5050000000000003,0.0,0.022917651,6.0
3.5801633861691022,-1.392455195954007,6.0,306.474708988651,4.809614458532379,0.5060000000000003,0.0229390524942103,0.5060000000000003,0.0,0.022917651,6.0
3.5804731497434603,-1.3895606959654851,6.0,306.70983630159776,4.808750825395812,0.5070000000000003,0.02293896004760642,0.5070000000000003,0.0,0.022917651,6.0
3.5807829643431517,-1.386665836695983,6.0,306.94510487279985,4.807887037075493,0.5080000000000005,0.02293886728734291,0.5080000000000003,0.0,0.022917651,6.0
3.5810928307523064,-1.3837706126242588,6.0,307.18051687303966,4.807023091186639,0.5090000000000003,0.02293877420859962,0.5090000000000003,0.0,0.022917651,6.0
3.5814027497712044,-1.3808750181153593,6.0,307.416074517808,4.80615898529535,0.5100000000000005,0.02293868080645711,0.5100000000000003,0.0,0.022917651,6.0
3.5817127222166945,-1.377979047417676,6.0,307.6517800684609,4.805294716917342,0.5110000000000003,0.02293858707589412,0.5110000000000003,0.0,0.022917651,6.0
3.582022748922621,-1.3750826946599113,6.0,307.8876358334125,4.804430283516636,0.5120000000000003,0.022938493011784883,0.5120000000000003,0.0,0.022917651,6.0
3.582332830740272,-1.3721859538479473,6.0,308.1236441693657,4.803565682504199,0.5130000000000005,0.022938398608896404,0.5130000000000003,0.0,0.022917651,6.0
3.5826429769365924,-1.3692889041210567,6.0,308.35855546349035,4.8027010300724555,0.5140000000000003,0.022938303830133996,0.5140000000000003,0.0,0.022917651,6.0
3.5829533496593995,-1.3663931817972985,6.0,308.5683923628346,4.801838610858866,0.5150000000000003,0.022938208065878814,0.5150000000000003,0.0,0.022917651,6.0
3.58326377877659,-1.3634970486795361,6.0,308.7787183318514,4.800976006441184,0.5160000000000003,0.022938111962386754,0.5160000000000003,0.0,0.022917651,6.0
3.5835742652176554,-1.360600497997066,6.0,308.9895414313838,4.80011321376688,0.5170000000000003,0.022938015514066507,0.5170000000000003,0.0,0.022917651,6.0
3.583884809932628,-1.3577035228295697,6.0,309.20086990039874,4.799250229715969,0.5180000000000005,0.022937918715203225,0.5180000000000003,0.0,0.022917651,6.0
3.584195413892649,-1.3548061161029576,6.0,309.4127121609336,4.798387051099139,0.5190000000000003,0.022937821559955076,0.5190000000000003,0.0,0.022917651,6.0
3.5845060780905573,-1.3519082705850747,6.0,309.6250768232106,4.797523674655812,0.5200000000000004,0.022937724042349682,0.5200000000000004,0.0,0.022917651,6.0
3.5848168035415027,-1.3490099788812617,6.0,309.83797269092145,4.796660097052152,0.5210000000000005,0.022937626156280477,0.5210000000000004,0.0,0.022917651,6.0
3.585127591283575,-1.3461112334297634,6.0,310.05140876669253,4.795796314878984,0.5220000000000005,0.0229375278955029,0.5220000000000004,0.0,0.022917651,6.0
3.585438442378452,-1.343212026496983,6.0,310.2653942577361,4.794932324649662,0.5230000000000004,0.022937429253630497,0.5230000000000004,0.0,0.022917651,6.0
3.585749357912077,-1.3403123501725738,6.0,310.4799385816943,4.79406812279785,0.5240000000000005,0.022937330224130834,0.5240000000000004,0.0,0.022917651,6.0
3.586060338995357,-1.3374121963643584,6.0,310.6950513726861,4.79320370567524,0.5250000000000004,0.02293723080032133,0.5250000000000004,0.0,0.022917651,6.0
3.58637138676488,-1.334511556793076,6.0,310.9107424875632,4.792339069549172,0.5260000000000005,0.022937130975364914,0.5260000000000004,0.0,0.022917651,6.0
3.586682502383664,-1.3316104229869437,6.0,311.1270220123836,4.791474210600194,0.5270000000000004,0.022937030742265517,0.5270000000000004,0.0,0.022917651,6.0
3.5869936870419306,-1.328708786276027,6.0,311.3439002691135,4.7906091249195155,0.5280000000000004,0.02293693009386344,0.5280000000000004,0.0,0.022917651,6.0
3.587304941957903,-1.3258066377864142,6.0,311.5613878225648,4.789743808506387,0.5290000000000005,0.022936829022830525,0.5290000000000004,0.0,0.022917651,6.0
3.587616268378634,-1.3229039684341795,6.0,311.7794954875794,4.788878257265369,0.5300000000000004,0.022936727521665215,0.5300000000000004,0.0,0.022917651,6.0
3.587927667580869,-1.3200007689191362,6.0,311.99823433646947,4.788012467003531,0.5310000000000004,0.022936625582687335,0.5310000000000004,0.0,0.022917651,6.0
3.5882391408719254,-1.317097029718361,6.0,312.2176157067255,4.787146433427515,0.5320000000000004,0.02293652319803278,0.5320000000000004,0.0,0.022917651,6.0
3.5885506895906247,-1.3141927410794854,6.0,312.4376512090031,4.786280152140525,0.5330000000000004,0.02293642035964797,0.5330000000000004,0.0,0.022917651,6.0
3.588862315108237,-1.3112878930137435,6.0,312.6583527353993,4.785413618639182,0.5340000000000004,0.02293631705928411,0.5340000000000004,0.0,0.022917651,6.0
3.589174018829478,-1.3083824752887667,6.0,312.8797324680329,4.784546828310283,0.5350000000000004,0.022936213288491217,0.5350000000000004,0.0,0.022917651,6.0
3.5894858021935288,-1.3054764774211116,6.0,313.1018028879394,4.783679776427428,0.5360000000000005,0.022936109038611992,0.5360000000000004,0.0,0.022917651,6.0
3.589797666675103,-1.3025698886685095,6.0,313.32457678429574,4.782812458147528,0.5370000000000005,0.02293600430077538,0.5370000000000004,0.0,0.022917651,6.0
3.5901096137855495,-1.2996626980218327,6.0,313.5480672639897,4.781944868507181,0.5380000000000004,0.022935899065889966,0.5380000000000004,0.0,0.022917651,6.0
3.5904216450739974,-1.2967548941967535,6.0,313.7722877615464,4.781077002418914,0.5390000000000004,0.02293579332463706,0.5390000000000004,0.0,0.022917651,6.0
3.5907337621285422,-1.2938464656250919,6.0,313.9972520494309,4.78020885466728,0.5400000000000004,0.022935687067463566,0.5400000000000004,0.0,0.022917651,6.0
3.5910459665774814,-1.2909374004458334,6.0,314.22297424874125,4.77934041990481,0.5410000000000004,0.02293558028457457,0.5410000000000004,0.0,0.022917651,6.0
3.591358260090592,-1.288027686495805,6.0,314.44946884030963,4.778471692647808,0.5420000000000003,0.022935472965925626,0.5420000000000004,0.0,0.022917651,6.0
3.591670644380463,-1.2851173112999905,6.0,314.67675067623236,4.777602667271984,0.5430000000000005,0.02293536510121477,0.5430000000000004,0.0,0.022917651,6.0
3.5919831212038713,-1.2822062620614734,6.0,314.90483499184336,4.776733338007926,0.5440000000000004,0.022935256679874214,0.5440000000000004,0.0,0.022917651,6.0
3.592295692363223,-1.2792945256509856,6.0,315.1337374181567,4.7758636989363765,0.5450000000000005,0.022935147691061693,0.5450000000000004,0.0,0.022917651,6.0
3.592608359708039,-1.2763820885960475,6.0,315.3634739947955,4.774993743983346,0.5460000000000004,0.022935038123651545,0.5460000000000004,0.0,0.022917651,6.0
3.5929211251365056,-1.2734689370696808,6.0,315.5940611834313,4.774123466915025,0.5470000000000003,0.02293492796622533,0.5470000000000004,0.0,0.022917651,6.0
3.5932339905970894,-1.27055505687867,6.0,315.8255158817579,4.773252861332483,0.5480000000000004,0.022934817207062193,0.5480000000000004,0.0,0.022917651,6.0
3.593546958090207,-1.2676404334513558,6.0,316.0578554380239,4.77238192066617,0.5490000000000004,0.022934705834128735,0.5490000000000004,0.0,0.022917651,6.0
3.593860029669973,-1.2647250518249382,6.0,316.29109766615005,4.771510638170198,0.5500000000000004,0.022934593835068563,0.5500000000000004,0.0,0.022917651,6.0
3.5941732074460124,-1.2618088966322625,6.0,316.5252608614597,4.770639006916372,0.5510000000000004,0.02293448119719136,0.5510000000000004,0.0,0.022917651,6.0
3.594486493585348,-1.258891952088069,6.0,316.760363817051,4.769767019788,0.5520000000000004,0.022934367907461534,0.5520000000000004,0.0,0.022917651,6.0
3.5947998903143663,-1.255974201974674,6.0,316.99642584084245,4.768894669473436,0.5530000000000005,0.0229342539524864,0.5530000000000004,0.0,0.022917651,6.0
3.595113399920864,-1.2530556296270614,6.0,317.23346677332296,4.76802194845935,0.5540000000000004,0.022934139318503854,0.5540000000000004,0.0,0.022917651,6.0
3.5954270247561815,-1.2501362179173527,6.0,317.4715070060416,4.76714884902374,0.5550000000000004,0.022934023991369564,0.5550000000000004,0.0,0.022917651,6.0
3.5957407672374226,-1.2472159492386239,6.0,317.71056750087354,4.766275363228629,0.5560000000000005,0.022933907956543594,0.5560000000000004,0.0,0.022917651,6.0
3.596054629849768,-1.2442948054880394,6.0,317.9506698100992,4.765401482912454,0.5570000000000004,0.02293379119907648,0.5570000000000004,0.0,0.022917651,6.0
3.5963686151488967,-1.2413727680492708,6.0,318.19183609733847,4.764527199682154,0.5580000000000003,0.022933673703594715,0.5580000000000004,0.0,0.022917651,6.0
3.596682725763493,-1.238449817774156,6.0,318.43408915938124,4.763652504904891,0.5590000000000004,0.022933555454285603,0.5590000000000004,0.0,0.022917651,6.0
3.5969969754706588,-1.235526193586988,6.0,318.67731770694644,4.762777692493607,0.5600000000000004,0.02293343646348,0.5600000000000004,0.0,0.022917651,6.0
3.597311420175198,-1.2326030945782795,6.0,318.92090581096556,4.761904184550635,0.5610000000000005,0.022933316852411897,0.5610000000000004,0.0,0.022917651,6.0
3.5976259992916173,-1.2296789992569968,6.0,319.16565679512405,4.761030217910316,0.5620000000000004,0.02293319643996167,0.5620000000000004,0.0,0.022917651,6.0
3.597940715887164,-1.2267538848875026,6.0,319.41159719609425,4.760155782105277,0.5630000000000004,0.022933075207841967,0.5630000000000004,0.0,0.022917651,6.0
3.5982555731231294,-1.2238277280370937,6.0,319.6587543641528,4.759280866347215,0.5640000000000004,0.02293295313720473,0.5640000000000004,0.0,0.022917651,6.0
3.5985705742584755,-1.2209005045490824,6.0,319.9071564946013,4.758405459514515,0.5650000000000004,0.022932830208619567,0.5650000000000004,0.0,0.022917651,6.0
3.5988857226536415,-1.2179721895146147,6.0,320.156832660656,4.757529550139262,0.5660000000000004,0.0229327064020511,0.5660000000000004,0.0,0.022917651,6.0
3.599201021774517,-1.2150427572431672,6.0,320.40781284788585,4.756653126393668,0.5670000000000005,0.0229325816968352,0.5670000000000004,0.0,0.022917651,6.0
3.5995164751966184,-1.2121121812316429,6.0,320.66012799028283,4.755776176075839,0.5680000000000004,0.022932456071654155,0.5680000000000004,0.0,0.022917651,6.0
3.5998320866094544,-1.2091804341319878,6.0,320.9138100080594,4.754898686594867,0.5690000000000004,0.022932329504510605,0.5690000000000004,0.0,0.022917651,6.0
3.600147859821104,-1.2062474877172475,6.0,321.1688918472661,4.754020644955204,0.5700000000000005,0.022932201972700253,0.5700000000000004,0.0,0.022917651,6.0
3.600463798763021,-1.2033133128459743,6.0,321.4254075213356,4.753142037740271,0.5710000000000004,0.022932073452783242,0.5710000000000004,0.0,0.022917651,6.0
3.60077990749507,-1.2003778794248905,6.0,321.68339215466216,4.7522628510952725,0.5720000000000005,0.022931943920554088,0.5720000000000004,0.0,0.022917651,6.0
3.601096190210813,-1.1974411563697056,6.0,321.94288202833246,4.751383070709158,0.5730000000000004,0.022931813351010202,0.5730000000000004,0.0,0.022917651,6.0
3.6014126512430558,-1.194503111563986,6.0,322.2039146281364,4.75050268179568,0.5740000000000004,0.0229316817183188,0.5740000000000004,0.0,0.022917651,6.0
3.60172929506968,-1.1915637118159534,6.0,322.4665286949868,4.74962166907351,0.5750000000000004,0.022931548995782137,0.5750000000000004,0.0,0.022917651,6.0
3.602046126319764,-1.188622922813102,6.0,322.7307642778944,4.74874001674534,0.5760000000000004,0.022931415155801008,0.5760000000000004,0.0,0.022917651,6.0
3.602363149780018,-1.185680709074489,6.0,322.9966627896485,4.747857708475922,0.5770000000000005,0.0229312801698364,0.5770000000000004,0.0,0.022917651,6.0
3.602680370401552,-1.1827370339005756,6.0,323.26426706536506,4.746974727368968,0.5780000000000004,0.022931144008369084,0.5780000000000004,0.0,0.022917651,6.0
3.602997793306997,-1.179791859320457,6.0,323.533621424079,4.746091055942867,0.5790000000000004,0.022931006640857256,0.5790000000000004,0.0,0.022917651,6.0
3.6033154237979947,-1.176845146036326,6.0,323.8047717335632,4.745206676105102,0.5800000000000005,0.022930868035691793,0.5800000000000004,0.0,0.022917651,6.0
3.603633267363086,-1.1738968533650027,6.0,324.07776547857634,4.744321569125341,0.5810000000000004,0.022930728160149256,0.5810000000000004,0.0,0.022917651,6.0
3.60395132968602,-1.1709469391763418,6.0,324.3526518327516,4.743435715607072,0.5820000000000004,0.022930586980342345,0.5820000000000004,0.0,0.022917651,6.0
3.6042696166545145,-1.1679953598283268,6.0,324.62948173435433,4.74254909545773,0.5830000000000005,0.02293044446116768,0.5830000000000004,0.0,0.022917651,6.0
3.604588134369482,-1.1650420700986373,6.0,324.9083079661553,4.741661687857184,0.5840000000000004,0.022930300566250787,0.5840000000000004,0.0,0.022917651,6.0
3.6049068891547726,-1.162087023112466,6.0,325.1891852396818,4.740773471224505,0.5850000000000004,0.022930155257887996,0.5850000000000004,0.0,0.022917651,6.0
3.6052258875674488,-1.1591301702663421,6.0,325.472170284129,4.7398844231828985,0.5860000000000004,0.022930008496985194,0.5860000000000004,0.0,0.022917651,6.0
3.6055451364086357,-1.1561714611477034,6.0,325.75732194023567,4.738994520522672,0.5870000000000004,0.022929860242993143,0.5870000000000004,0.0,0.022917651,6.0
3.605864667959859,-1.1532111612551685,6.0,326.0445320438419,4.738104158378293,0.5880000000000005,0.022929710354411763,0.5880000000000004,0.0,0.022917651,6.0
3.606184520021521,-1.150249592396332,6.0,326.33367003272895,4.737213810423994,0.5890000000000004,0.022929558697417744,0.5890000000000004,0.0,0.022917651,6.0
3.6065046441400574,-1.1472859861096252,6.0,326.62518472909,4.736322513271445,0.5900000000000004,0.02292940546427666,0.5900000000000004,0.0,0.022917651,6.0
3.6068250482993203,-1.1443202826041612,6.0,326.9191458803987,4.73543023906523,0.5910000000000005,0.022929250608734495,0.5910000000000004,0.0,0.022917651,6.0
3.6071457407986425,-1.141352419726424,6.0,327.21562599019194,4.734536958849223,0.5920000000000004,0.022929094082709503,0.5920000000000004,0.0,0.022917651,6.0
3.607466730268575,-1.1383823328424034,6.0,327.51470045556044,4.733642642511695,0.5930000000000004,0.022928935836201033,0.5930000000000004,0.0,0.022917651,6.0
3.6077880256875794,-1.1354099547126073,6.0,327.81644771295197,4.732747258727062,0.5940000000000004,0.022928775817192867,0.5940000000000004,0.0,0.022917651,6.0
3.6081096363997345,-1.1324352153594353,6.0,328.120949392881,4.731850774894114,0.5950000000000004,0.022928613971550556,0.5950000000000004,0.0,0.022917651,6.0
3.6084315721335396,-1.1294580419263702,6.0,328.42829048418656,4.730953157070408,0.5960000000000004,0.02292845024291257,0.5960000000000004,0.0,0.022917651,6.0
3.60875384302189,-1.1264783585283893,6.0,328.7385595085301,4.7300543699025805,0.5970000000000004,0.02292828457257452,0.5970000000000004,0.0,0.022917651,6.0
3.6090764596233083,-1.1234960860929504,6.0,329.0518487058899,4.729154376552263,0.5980000000000004,0.02292811689936616,0.5980000000000004,0.0,0.022917651,6.0
3.6093994329445303,-1.120511142190852,6.0,329.3682542318655,4.728253138617283,0.5990000000000004,0.02292794715952055,0.5990000000000004,0.0,0.022917651,6.0
3.609722774464545,-1.11752344085621,6.0,329.6878763676806,4.727350616047798,0.6000000000000004,0.022927775286534776,0.6000000000000004,0.0,0.022917651,6.0
3.6100970110373463,-1.1146132257513628,6.0,329.84939196699133,4.726606815609802,0.6010000000000005,0.022927766748826843,0.6010000000000004,0.0,0.022917651,6.0
3.610471362950256,-1.1117021735232564,6.0,330.01197744514224,4.725862639407639,0.6020000000000004,0.02292775815706793,0.6020000000000004,0.0,0.022917651,6.0
3.610845831922956,-1.108790271690667,6.0,330.17564875366406,4.725118081838793,0.6030000000000005,0.022927749510452164,0.6030000000000004,0.0,0.022917651,6.0
3.6112204197094844,-1.1058775075230103,6.0,330.3404221627811,4.724373137188813,0.6040000000000004,0.022927740808157564,0.6040000000000004,0.0,0.022917651,6.0
3.6115951280991005,-1.1029638680340816,6.0,330.5063142694095,4.723627799628513,0.6050000000000004,0.022927732049345638,0.6050000000000004,0.0,0.022917651,6.0
3.6119699589171717,-1.100049339975611,6.0,330.6733420053979,4.722882063211067,0.6060000000000005,0.022927723233160977,0.6060000000000004,0.0,0.022917651,6.0
3.6123449140260875,-1.0971339098306157,6.0,330.8415226460201,4.7221359218690315,0.6070000000000004,0.022927714358730828,0.6070000000000004,0.0,0.022917651,6.0
3.6127199953262052,-1.094217563806555,6.0,331.01087381872554,4.721389369411272,0.6080000000000004,0.022927705425164636,0.6080000000000004,0.0,0.022917651,6.0
3.6130953957034224,-1.0913003523066998,6.0,331.1810804289511,4.720643227547826,0.6090000000000004,0.022927696098314045,0.6090000000000004,0.0,0.022917651,6.0
3.61347092970712,-1.088382198360718,6.0,331.3524902037988,4.719896677727729,0.6100000000000004,0.02292768670554009,0.6100000000000004,0.0,0.022917651,6.0
3.613846595446144,-1.085463086050559,6.0,331.5251286983289,4.719149696472872,0.6110000000000004,0.022927677252744555,0.6110000000000004,0.0,0.022917651,6.0
3.6142223949701395,-1.0825430004652379,6.0,331.6990150299296,4.7184022770706555,0.6120000000000005,0.022927667738993587,0.6120000000000004,0.0,0.022917651,6.0
3.6145983303714875,-1.0796219263828284,6.0,331.8741687146483,4.717654412668496,0.6130000000000005,0.022927658163333843,0.6130000000000004,0.0,0.022917651,6.0
3.614974403786434,-1.076699848262315,6.0,332.0506096776369,4.716906096270166,0.6140000000000005,0.022927648524792,0.6140000000000004,0.0,0.022917651,6.0
3.615350617396242,-1.0737767502351874,6.0,332.2283582639284,4.716157320732007,0.6150000000000004,0.022927638822374235,0.6150000000000004,0.0,0.022917651,6.0
3.6157269734283806,-1.0708526160967677,6.0,332.40743524955593,4.715408078759025,0.6160000000000004,0.02292762905506565,0.6160000000000004,0.0,0.022917651,6.0
3.616103474157762,-1.0679274292972636,6.0,332.5878618530261,4.714658362900861,0.6170000000000004,0.022927619221829752,0.6170000000000004,0.0,0.022917651,6.0
3.6164801219080034,-1.0650011729325284,6.0,332.7696597471617,4.713908165547637,0.6180000000000004,0.02292760932160785,0.6180000000000004,0.0,0.022917651,6.0
3.616856919052744,-1.0620738297345282,6.0,332.9528510713269,4.713157478925655,0.6190000000000005,0.022927599353318454,0.6190000000000004,0.0,0.022917651,6.0
3.617233868016996,-1.0591453820614969,6.0,333.13745844404826,4.712406295092979,0.6200000000000004,0.022927589315856686,0.6200000000000004,0.0,0.022917651,6.0
3.61761097127854,-1.056215811887769,6.0,333.3235049760488,4.711654605934845,0.6210000000000004,0.022927579208093598,0.6210000000000004,0.0,0.022917651,6.0
3.6179882313693703,-1.0532851007932824,6.0,333.5110142837094,4.710902403158937,0.6220000000000006,0.022927569028875567,0.6220000000000004,0.0,0.022917651,6.0
3.6183656508771858,-1.0503532299527305,6.0,333.70001050297464,4.710149678290514,0.6230000000000004,0.02292755877702357,0.6230000000000004,0.0,0.022917651,6.0
3.6187432324469313,-1.0474201801243572,6.0,333.89051830371955,4.7093964226673535,0.6240000000000006,0.022927548451332522,0.6240000000000004,0.0,0.022917651,6.0
3.619120978782384,-1.0444859316383768,6.0,334.0825629045962,4.708642627434545,0.6250000000000004,0.022927538050570517,0.6250000000000004,0.0,0.022917651,6.0
3.6194988926478078,-1.0415504643850055,6.0,334.2761700883786,4.7078882835391,0.6260000000000004,0.02292752757347809,0.6260000000000004,0.0,0.022917651,6.0
3.619877074424552,-1.0386136408272846,6.0,334.4712809673861,4.707133654872972,0.6270000000000006,0.022927517012260566,0.6270000000000004,0.0,0.022917651,6.0
3.6202556535270856,-1.0356752864486272,6.0,334.66781423514965,4.706379084464217,0.6280000000000006,0.022927506359027447,0.6280000000000004,0.0,0.022917651,6.0
3.620634408732239,-1.0327356476189176,6.0,334.8659945494977,4.705623934017516,0.6290000000000006,0.022927495628422896,0.6290000000000004,0.0,0.022917651,6.0
3.621013343049743,-1.0297947023858904,6.0,335.0658500597349,4.704868193619571,0.6300000000000004,0.02292748481912457,0.6300000000000004,0.0,0.022917651,6.0
3.6213924595583067,-1.0268524282941722,6.0,335.2674095602988,4.7041118531298896,0.6310000000000006,0.022927473929779833,0.6310000000000004,0.0,0.022917651,6.0
3.6217717614076026,-1.023908802370786,6.0,335.47070250934837,4.703354902174232,0.6320000000000006,0.022927462959004854,0.6320000000000005,0.0,0.022917651,6.0
3.6221512518203265,-1.0209638011101512,6.0,335.6757590479989,4.702597330137849,0.6330000000000005,0.022927451905383728,0.6330000000000005,0.0,0.022917651,6.0
3.622530934094324,-1.0180174004585574,6.0,335.8826100202286,4.701839126158462,0.6340000000000005,0.02292744076746754,0.6340000000000005,0.0,0.022917651,6.0
3.6229108116047954,-1.0150695757980954,6.0,336.0912869934872,4.701080279119011,0.6350000000000005,0.022927429543773376,0.6350000000000005,0.0,0.022917651,6.0
3.6232908878065735,-1.0121203019300162,6.0,336.30182228003247,4.700320777640132,0.6360000000000005,0.02292741823278334,0.6360000000000005,0.0,0.022917651,6.0
3.623671166236491,-1.0091695530574984,6.0,336.5142489590275,4.699560610072389,0.6370000000000006,0.022927406832943507,0.6370000000000005,0.0,0.022917651,6.0
3.624051650515826,-1.0062173027678007,6.0,336.7286008994285,4.698799764488202,0.6380000000000005,0.022927395342662863,0.6380000000000005,0.0,0.022917651,6.0
3.6244323443528335,-1.003263524013767,6.0,336.9449127836979,4.698038228673497,0.6390000000000006,0.02292738376031216,0.6390000000000005,0.0,0.022917651,6.0
3.6248132515453806,-1.0003081890946657,6.0,337.163220132376,4.697275990119062,0.6400000000000005,0.022927372084222797,0.6400000000000005,0.0,0.022917651,6.0
3.6251943759836616,-0.9973512696363273,6.0,337.3835593295502,4.696513036011563,0.6410000000000005,0.022927360312685597,0.6410000000000005,0.0,0.022917651,6.0
3.625575721653026,-0.994392736570554,6.0,337.60596764925697,4.695749353224262,0.6420000000000005,0.022927348443949575,0.6420000000000005,0.0,0.022917651,6.0
3.6259574172420383,-0.9914326815655078,6.0,337.8301288746627,4.69498554981218,0.6430000000000005,0.022927336444737732,0.6430000000000005,0.0,0.022917651,6.0
3.626339349187333,-0.9884709517719089,6.0,338.05641730356257,4.694221017141178,0.6440000000000006,0.022927324344026365,0.6440000000000005,0.0,0.022917651,6.0
3.626721515758184,-0.985507509630927,6.0,338.28489030957746,4.693455710651048,0.6450000000000005,0.02292731214149549,0.6450000000000005,0.0,0.022917651,6.0
3.6271039213778358,-0.9825423228607586,6.0,338.51558907715906,4.692689615753467,0.6460000000000005,0.022927299835225564,0.6460000000000005,0.0,0.022917651,6.0
3.6274865705814245,-0.9795753583630172,6.0,338.7485558325391,4.691922717491092,0.6470000000000005,0.022927287423248493,0.6470000000000005,0.0,0.022917651,6.0
3.627869468019535,-0.9766065821967503,6.0,338.98383387687807,4.691155000525824,0.6480000000000005,0.022927274903546076,0.6480000000000005,0.0,0.022917651,6.0
3.6282526184618953,-0.9736359595514552,6.0,339.22146762068985,4.690386449126605,0.6490000000000005,0.02292726227404842,0.6490000000000005,0.0,0.022917651,6.0
3.628636026801221,-0.9706634547190536,6.0,339.46150261959673,4.68961704715676,0.6500000000000005,0.02292724953263225,0.6500000000000005,0.0,0.022917651,6.0
3.6290196980572027,-0.9676890310647741,6.0,339.7039856114767,4.688846778060836,0.6510000000000005,0.022927236677119194,0.6510000000000005,0.0,0.022917651,6.0
3.6294036373806513,-0.9647126509968943,6.0,339.94896455506614,4.688075624850929,0.6520000000000005,0.02292722370527397,0.6520000000000005,0.0,0.022917651,6.0
3.6297878500578102,-0.9617342759352888,6.0,340.196488670085,4.6873035700924675,0.6530000000000005,0.022927210614802535,0.6530000000000005,0.0,0.022917651,6.0
3.630172341514831,-0.9587538662787298,6.0,340.44660847895506,4.686530595889442,0.6540000000000006,0.022927197403350114,0.6540000000000005,0.0,0.022917651,6.0
3.630557124231161,-0.9557713698021382,6.0,340.69935949635993,4.685756699841974,0.6550000000000005,0.022927184068142526,0.6550000000000005,0.0,0.022917651,6.0
3.6309423416022906,-0.9527865120663479,6.0,340.9544715533347,4.684982179205,0.6560000000000005,0.022927170599930057,0.6560000000000005,0.0,0.022917651,6.0
3.631327857769348,-0.9497994854496007,6.0,341.2123372915721,4.684206684804743,0.6570000000000005,0.02292715700379602,0.6570000000000005,0.0,0.022917651,6.0
3.631713678841424,-0.9468102456076127,6.0,341.47301301200673,4.6834301967319325,0.6580000000000006,0.02292714327712498,0.6580000000000005,0.0,0.022917651,6.0
3.6320998110952916,-0.9438187469789381,6.0,341.7365565609206,4.6826526945308276,0.6590000000000005,0.022927129417229703,0.6590000000000005,0.0,0.022917651,6.0
3.6324862609812,-0.94082494274292,6.0,342.0030273833308,4.681874157180343,0.6600000000000005,0.022927115421348676,0.6600000000000005,0.0,0.022917651,6.0
3.632873035128908,-0.9378287847758856,6.0,342.2724865786053,4.6810945630743745,0.6610000000000005,0.02292710128664355,0.6610000000000005,0.0,0.022917651,6.0
3.633260140353971,-0.9348302236055008,6.0,342.5449969584165,4.68031389000131,0.6620000000000006,0.02292708701019643,0.6620000000000005,0.0,0.022917651,6.0
3.6336475836643016,-0.9318292083631905,6.0,342.8206231071487,4.679532115122667,0.6630000000000005,0.02292707258900705,0.6630000000000005,0.0,0.022917651,6.0
3.6340353722669962,-0.9288256867345327,6.0,343.0994314448809,4.678749214950819,0.6640000000000006,0.0229270580199899,0.6640000000000005,0.0,0.022917651,6.0
3.6344235135754666,-0.9258196049075208,6.0,343.3814902930735,4.6779651653257694,0.6650000000000005,0.02292704329997111,0.6650000000000005,0.0,0.022917651,6.0
3.6348120234963135,-0.9228108898235178,6.0,343.666849036535,4.677179956783723,0.6660000000000005,0.022927028416901314,0.6660000000000005,0.0,0.022917651,6.0
3.635201031103091,-0.9197992226268001,6.0,343.95527682915747,4.6763937863751766,0.6670000000000006,0.022927013242939043,0.6670000000000005,0.0,0.022917651,6.0
3.6355904168914615,-0.916784814751013,6.0,344.24717305667065,4.675606388021833,0.6680000000000005,0.022926997913766078,0.6680000000000005,0.0,0.022917651,6.0
3.635980189232866,-0.9137676055283931,6.0,344.5426144964657,4.674817734541864,0.6690000000000006,0.022926982425946672,0.6690000000000005,0.0,0.022917651,6.0
3.6363703567476597,-0.9107475324872737,6.0,344.8416802088416,4.674027797945215,0.6700000000000005,0.022926966775942914,0.6700000000000005,0.0,0.022917651,6.0
3.636760928314442,-0.9077245312845386,6.0,345.14445162249007,4.673236549403341,0.6710000000000005,0.02292695096011092,0.6710000000000005,0.0,0.022917651,6.0
3.6371519130797885,-0.9046985356350126,6.0,345.45101262385225,4.6724439592175635,0.6720000000000006,0.022926934974696802,0.6720000000000005,0.0,0.022917651,6.0
3.637543320468445,-0.9016694772376348,6.0,345.7614496505504,4.671649996786005,0.6730000000000004,0.022926918815832538,0.6730000000000005,0.0,0.022917651,6.0
3.637935160193983,-0.8986372856982364,6.0,346.07585178911603,4.670854630568982,0.6740000000000005,0.02292690247953153,0.6740000000000005,0.0,0.022917651,6.0
3.6383274422699463,-0.8956018884487416,6.0,346.39431087724324,4.670057828052802,0.6750000000000005,0.02292688596168411,0.6750000000000005,0.0,0.022917651,6.0
3.638720313001281,-0.8925626029493604,6.0,346.7168397871429,4.66925949412745,0.6760000000000006,0.022926869093354667,0.6760000000000005,0.0,0.022917651,6.0
3.6391137372542066,-0.8895195600903069,6.0,347.04356074811574,4.668459618453061,0.6770000000000006,0.02292685192276951,0.6770000000000005,0.0,0.022917651,6.0
3.6395076338628196,-0.8864730932484368,6.0,347.3746284585344,4.667658208260251,0.6780000000000005,0.02292683455618542,0.6780000000000005,0.0,0.022917651,6.0
3.639902014033544,-0.8834231211913154,6.0,347.71014604305225,4.666855227143268,0.6790000000000006,0.0229268169889524,0.6790000000000005,0.0,0.022917651,6.0
3.640296889330118,-0.8803695600964214,6.0,348.05021991443925,4.666050637535567,0.6800000000000005,0.0229267992162722,0.6800000000000005,0.0,0.022917651,6.0
3.640692271687953,-0.8773123234470876,6.0,348.39495990568736,4.665244400663176,0.6810000000000005,0.022926781233192344,0.6810000000000005,0.0,0.022917651,6.0
3.6410881734291833,-0.8742513219233821,6.0,348.7444794085349,4.664436476495786,0.6820000000000006,0.022926763034599906,0.6820000000000005,0.0,0.022917651,6.0
3.641484607278459,-0.8711864632876443,6.0,349.0988955187797,4.663626823695463,0.6830000000000005,0.022926744615214923,0.6830000000000005,0.0,0.022917651,6.0
3.6418816573962585,-0.8681173581979569,6.0,349.45820866645386,4.662815388912726,0.6840000000000005,0.022926726035681633,0.6840000000000005,0.0,0.022917651,6.0
3.642279386312319,-0.8650437011735268,6.0,349.82246844587195,4.662002116376348,0.6850000000000005,0.02292670734101875,0.6850000000000005,0.0,0.022917651,6.0
3.6426776921047574,-0.861965868459254,6.0,350.19200478572736,4.661186975725767,0.6860000000000005,0.022926688419893936,0.6860000000000005,0.0,0.022917651,6.0
3.643076589417983,-0.8588837540523543,6.0,350.56695163516827,4.660369919537607,0.6870000000000005,0.022926669266558303,0.6870000000000005,0.0,0.022917651,6.0
3.6434760933963095,-0.855797248331485,6.0,350.94744751589144,4.659550898769629,0.6880000000000005,0.0229266498750667,0.6880000000000005,0.0,0.022917651,6.0
3.6438762197054757,-0.8527062379010086,6.0,351.33363571893483,4.658729862691053,0.6890000000000006,0.0229266302392693,0.6890000000000005,0.0,0.022917651,6.0
3.6442769845552787,-0.8496106054271468,6.0,351.725664511722,4.6579067588092595,0.6900000000000005,0.022926610352802693,0.6900000000000005,0.0,0.022917651,6.0
3.6446784496567677,-0.8465100776171376,6.0,352.12364109046354,4.657081560100068,0.6910000000000005,0.02292659017088251,0.6910000000000005,0.0,0.022917651,6.0
3.645080831241055,-0.8434038597390283,6.0,352.52752880290285,4.656254334151854,0.6920000000000006,0.022926569515658038,0.6920000000000005,0.0,0.022917651,6.0
3.6454839112771413,-0.8402926213928451,6.0,352.9377424939107,4.6554248814395995,0.6930000000000005,0.0229265485792161,0.6930000000000005,0.0,0.022917651,6.0
3.64588770865023,-0.837176226831834,6.0,353.3544532095018,4.654593141754575,0.6940000000000005,0.022926527353952945,0.6940000000000005,0.0,0.022917651,6.0
3.646292242932559,-0.8340545353708512,6.0,353.7778382182483,4.653759052697701,0.6950000000000005,0.022926505831988218,0.6950000000000005,0.0,0.022917651,6.0
3.646697534414928,-0.8309274011597307,6.0,354.2080812968437,4.652922549579006,0.6960000000000005,0.022926484005152233,0.6960000000000005,0.0,0.022917651,6.0
3.6471036041399794,-0.8277946729440582,6.0,354.64537303153804,4.652083565311543,0.6970000000000006,0.022926461864972603,0.6970000000000005,0.0,0.022917651,6.0
3.6475106027353665,-0.8246551181504433,6.0,355.08972965234585,4.651241470145427,0.6980000000000005,0.022926439395546647,0.6980000000000005,0.0,0.022917651,6.0
3.647918463488365,-0.8215093127490972,6.0,355.54148906814436,4.650396573019201,0.6990000000000005,0.022926416598509344,0.6990000000000005,0.0,0.022917651,6.0
3.648327172432162,-0.8183573995562021,6.0,356.00091814228017,4.64954896079294,0.7000000000000005,0.02292639346738036,0.7000000000000005,0.0,0.022917651,6.0
3.6487431550092304,-0.8155739685809732,6.0,356.2605550886673,4.649009378008353,0.7010000000000006,0.022926391686830482,0.7010000000000005,0.0,0.022917651,6.0
3.6491593571564724,-0.8127890438620354,6.0,356.5221261698505,4.648469179720708,0.7020000000000004,0.022926389894659144,0.7020000000000005,0.0,0.022917651,6.0
3.649575782072788,-0.810002603637158,6.0,356.78565956408266,4.647928356962792,0.7030000000000004,0.022926388090697043,0.7030000000000005,0.0,0.022917651,6.0
3.649992433019519,-0.807214625719311,6.0,357.05118399965687,4.647386900592349,0.7040000000000005,0.022926386274771553,0.7040000000000005,0.0,0.022917651,6.0
3.650409375310607,-0.8044249379156424,6.0,357.3187118566634,4.646844900212175,0.7050000000000005,0.022926384468754845,0.7050000000000005,0.0,0.022917651,6.0
3.650827042228159,-0.8016324736470626,6.0,357.58816608776146,4.646303026165955,0.7060000000000006,0.022926382824770827,0.7060000000000005,0.0,0.022917651,6.0
3.6512449417305346,-0.7988383999598577,6.0,357.85972061464514,4.645760473050769,0.7070000000000005,0.022926381165914236,0.7070000000000005,0.0,0.022917651,6.0
3.6516630772589904,-0.7960426930415466,6.0,358.13340651266924,4.645217230819314,0.7080000000000005,0.022926379491965014,0.7080000000000005,0.0,0.022917651,6.0
3.652081452323005,-0.7932453286075558,6.0,358.40925547326924,4.644673289225092,0.7090000000000005,0.022926377802698756,0.7090000000000005,0.0,0.022917651,6.0
3.652500070501983,-0.7904462818894631,6.0,358.687299819305,4.644128637817458,0.7100000000000005,0.022926376097886562,0.7100000000000005,0.0,0.022917651,6.0
3.652918935447002,-0.7876455276228871,6.0,358.9675725208653,4.6435832659365,0.7110000000000005,0.022926374377294986,0.7110000000000005,0.0,0.022917651,6.0
3.653338050882617,-0.7848430400350094,6.0,359.2501072115493,4.643037162707785,0.7120000000000006,0.02292637264068585,0.7120000000000005,0.0,0.022917651,6.0
3.653757420608714,-0.7820387928317214,6.0,359.53493820524193,4.64249031703692,0.7130000000000006,0.02292637088781617,0.7130000000000005,0.0,0.022917651,6.0
3.654177243340232,-0.7792319330412457,6.0,359.8220454909973,4.641942667935407,0.7140000000000005,0.022926369026422578,0.7140000000000005,0.0,0.022917651,6.0
3.6545975294387936,-0.7764224082340344,6.0,360.1114674697416,4.641394204360846,0.7150000000000005,0.022926367055927228,0.7150000000000005,0.0,0.022917651,6.0
3.6550180841141726,-0.773611034295348,6.0,360.40329829858763,4.64084496598574,0.7160000000000005,0.022926365070930075,0.7160000000000005,0.0,0.022917651,6.0
3.655438911518441,-0.7707977826384863,6.0,360.6975752172222,4.640294940832036,0.7170000000000005,0.02292636307120692,0.7170000000000005,0.0,0.022917651,6.0
3.6558600158896972,-0.7679826240844472,6.0,360.99433623691874,4.639744116673509,0.7180000000000005,0.022926361056528944,0.7180000000000005,0.0,0.022917651,6.0
3.65628140155431,-0.7651655288465067,6.0,361.29362016062515,4.639192481029285,0.7190000000000006,0.022926359026662527,0.7190000000000005,0.0,0.022917651,6.0
3.656703072929226,-0.7623464665143153,6.0,361.5954666036822,4.638640021157191,0.7200000000000004,0.02292635698136918,0.7200000000000005,0.0,0.022917651,6.0
3.657125034524353,-0.7595254060374912,6.0,361.8999160151963,4.6380867240468735,0.7210000000000005,0.022926354920405394,0.7210000000000005,0.0,0.022917651,6.0
3.6575474124508287,-0.7567018254920954,6.0,362.20703331148627,4.637532574663057,0.7220000000000005,0.022926352839008658,0.7220000000000005,0.0,0.022917651,6.0
3.657970157551309,-0.7538758927898175,6.0,362.5168625305432,4.636977543284824,0.7230000000000005,0.022926350739879697,0.7230000000000005,0.0,0.022917651,6.0
3.6583932018527583,-0.7510478643829747,6.0,362.82943540225773,4.636421613029141,0.7240000000000006,0.022926348625696962,0.7240000000000005,0.0,0.022917651,6.0
3.65881655014902,-0.7482177066938689,6.0,363.1447958858519,4.635864769494056,0.7250000000000005,0.022926346496219233,0.7250000000000005,0.0,0.022917651,6.0
3.6592402073368984,-0.7453853854236339,6.0,363.46298888468505,4.635306997968298,0.7260000000000005,0.022926344351200147,0.7260000000000005,0.0,0.022917651,6.0
3.659664178418936,-0.7425508655327698,6.0,363.78406027173804,4.63474828342293,0.7270000000000005,0.022926342190388017,0.7270000000000005,0.0,0.022917651,6.0
3.660088468506284,-0.739714111221045,6.0,364.10805691592765,4.634188610502721,0.7280000000000005,0.022926340013525674,0.7280000000000005,0.0,0.022917651,6.0
3.660513166733463,-0.7368745167821267,6.0,364.43503484874265,4.633627729519099,0.7290000000000005,0.022926337890916238,0.7290000000000005,0.0,0.022917651,6.0
3.660938326545959,-0.7340317194715467,6.0,364.76505485467743,4.633065491127646,0.7300000000000006,0.022926335861676066,0.7300000000000005,0.0,0.022917651,6.0
3.661363821298306,-0.7311865774715718,6.0,365.09815727803874,4.632502247710381,0.7310000000000004,0.022926333813963768,0.7310000000000005,0.0,0.022917651,6.0
3.661789656542616,-0.7283390519155899,6.0,365.43439321434545,4.631937982607552,0.7320000000000004,0.022926331747473147,0.7320000000000005,0.0,0.022917651,6.0
3.662215837954397,-0.7254891030731899,6.0,365.7738148947006,4.631372678789149,0.7330000000000005,0.02292632966189119,0.7330000000000005,0.0,0.022917651,6.0
3.6626423713359935,-0.7226366903260283,6.0,366.116475717515,4.630806318844552,0.7340000000000005,0.0229263275568979,0.7340000000000005,0.0,0.022917651,6.0
3.663069262620159,-0.7197817721428872,6.0,366.4624302813006,4.630238884971857,0.7350000000000005,0.02292632543216608,0.7350000000000005,0.0,0.022917651,6.0
3.663496611654815,-0.7169236092803065,6.0,366.8115755624343,4.629670038361169,0.7360000000000005,0.022926323157525755,0.7360000000000005,0.0,0.022917651,6.0
3.6639243745127628,-0.7140625520459187,6.0,367.164059688716,4.6290999531743715,0.7370000000000005,0.022926320811809134,0.7370000000000005,0.0,0.022917651,6.0
3.6643525200784617,-0.7111988383687203,6.0,367.520006016007,4.628528742482359,0.7380000000000005,0.022926318448412905,0.7380000000000005,0.0,0.022917651,6.0
3.6647810549872726,-0.7083324221914931,6.0,367.8794745717053,4.627956386771202,0.7390000000000007,0.02292631606703055,0.7390000000000005,0.0,0.022917651,6.0
3.6652099860288385,-0.7054632563861131,6.0,368.24252677894276,4.62738286607324,0.7400000000000007,0.022926313667348402,0.7400000000000005,0.0,0.022917651,6.0
3.6656393201515947,-0.7025912927222444,6.0,368.609225497389,4.626808159953817,0.7410000000000007,0.022926311249045483,0.7410000000000005,0.0,0.022917651,6.0
3.6660690948432144,-0.699715658447316,6.0,368.9797602502812,4.626231543545531,0.7420000000000007,0.022926308785715645,0.7420000000000005,0.0,0.022917651,6.0
3.666499308529109,-0.6968363571523625,6.0,369.35420160274333,4.625653014153165,0.7430000000000005,0.0229263062763748,0.7430000000000005,0.0,0.022917651,6.0
3.6669299377867386,-0.6939541100144448,6.0,369.73250342651875,4.625073201162888,0.7440000000000007,0.022926303744348432,0.7440000000000005,0.0,0.022917651,6.0
3.6673609900161876,-0.6910688645769335,6.0,370.1147344650251,4.624492081717669,0.7450000000000007,0.02292630118923259,0.7450000000000006,0.0,0.022917651,6.0
3.6677924727942908,-0.688180567130302,6.0,370.5009651035782,4.623909632414551,0.7460000000000007,0.022926298610613658,0.7460000000000006,0.0,0.022917651,6.0
3.6682243938799366,-0.6852891626744954,6.0,370.89126741870564,4.623325829288254,0.7470000000000006,0.022926296008068097,0.7470000000000006,0.0,0.022917651,6.0
3.6686570115500916,-0.6823932348248427,6.0,371.2859134617787,4.622740291649066,0.7480000000000007,0.022926293380914245,0.7480000000000006,0.0,0.022917651,6.0
3.6690901604397252,-0.6794936723729107,6.0,371.6848557938926,4.622153245117687,0.7490000000000006,0.02292629072885643,0.7490000000000006,0.0,0.022917651,6.0
3.6695237700410694,-0.6765908452705994,6.0,372.08811117825195,4.621564776812544,0.7500000000000006,0.022926288051516967,0.7500000000000006,0.0,0.022917651,6.0
3.6699578487978957,-0.6736846936844804,6.0,372.4957586630464,4.620974860675839,0.7510000000000006,0.022926285348432506,0.7510000000000006,0.0,0.022917651,6.0
3.670392405361583,-0.6707751563099952,6.0,372.90787924003115,4.620383470009087,0.7520000000000006,0.022926282619128303,0.7520000000000006,0.0,0.022917651,6.0
3.670827494774428,-0.6678614764739387,6.0,373.3245477889073,4.6197900679480615,0.7530000000000007,0.02292627989029278,0.7530000000000006,0.0,0.022917651,6.0
3.6712631487466947,-0.6649432576310461,6.0,373.74584966631267,4.619194384580583,0.7540000000000007,0.022926277176258603,0.7540000000000006,0.0,0.022917651,6.0
3.6716993096390254,-0.6620214432977073,6.0,374.17188575542735,4.61859713337523,0.7550000000000006,0.022926274437784395,0.7550000000000006,0.0,0.022917651,6.0
3.6721359870386268,-0.6590959654736397,6.0,374.6027455927807,4.617998284680021,0.7560000000000006,0.02292627167440794,0.7560000000000006,0.0,0.022917651,6.0
3.6725731907759984,-0.6561667544329267,6.0,375.03852098705767,4.6173978080905,0.7570000000000006,0.02292626888565528,0.7570000000000006,0.0,0.022917651,6.0
3.673010874328064,-0.6532332430423281,6.0,375.4792499755681,4.616794950015143,0.7580000000000006,0.02292626607674783,0.7580000000000006,0.0,0.022917651,6.0
3.6734490221377167,-0.6502950919887023,6.0,375.9250043473058,4.616189308714643,0.7590000000000006,0.022926263250503977,0.7590000000000006,0.0,0.022917651,6.0
3.6738877302561934,-0.6473529559528066,6.0,376.3759685851393,4.6155819236120355,0.7600000000000006,0.02292626039811626,0.7600000000000006,0.0,0.022917651,6.0
3.6743270096726084,-0.6444067567787699,6.0,376.83224486809894,4.614972760506822,0.7610000000000006,0.02292625751907192,0.7610000000000006,0.0,0.022917651,6.0
3.674766871665334,-0.6414564142534847,6.0,377.2939380647942,4.614361784298272,0.7620000000000006,0.02292625461284472,0.7620000000000006,0.0,0.022917651,6.0
3.675207476476754,-0.6385005545720337,6.0,377.76138903469706,4.6137482649954435,0.7630000000000007,0.022926251637636563,0.7630000000000006,0.0,0.022917651,6.0
3.6756487470633203,-0.6355398577911215,6.0,378.23458100004046,4.613132572939671,0.7640000000000006,0.02292624861539487,0.7640000000000006,0.0,0.022917651,6.0
3.676090631997357,-0.6325747882057592,6.0,378.71352938883814,4.612514965529403,0.7650000000000006,0.02292624556276446,0.7650000000000006,0.0,0.022917651,6.0
3.6765331436425646,-0.6296052578135702,6.0,379.19835004869987,4.611895404218269,0.7660000000000006,0.022926242479133756,0.7660000000000006,0.0,0.022917651,6.0
3.676976386446074,-0.6266304342370159,6.0,379.68914214984386,4.611273473082356,0.7670000000000006,0.022926239340846137,0.7670000000000006,0.0,0.022917651,6.0
3.6774205052524556,-0.6236491710991419,6.0,380.1860047356355,4.610648603277331,0.7680000000000007,0.022926236113732776,0.7680000000000006,0.0,0.022917651,6.0
3.6778652962559626,-0.6206631366667268,6.0,380.68911342908325,4.610021651052948,0.7690000000000006,0.022926232851399976,0.7690000000000006,0.0,0.022917651,6.0
3.678310773381079,-0.6176722321029793,6.0,381.1985976175541,4.609392573272145,0.7700000000000007,0.022926229553118176,0.7700000000000006,0.0,0.022917651,6.0
3.6787569711037196,-0.6146760683370024,6.0,381.7146073934132,4.608761118551304,0.7710000000000006,0.02292622619632724,0.7710000000000006,0.0,0.022917651,6.0
3.6792039931305722,-0.6116732678552789,6.0,382.2373592945576,4.608126323107761,0.7720000000000007,0.022926222688017243,0.7720000000000006,0.0,0.022917651,6.0
3.6796517454283557,-0.6086652762447466,6.0,382.76690439313603,4.607489257476593,0.7730000000000005,0.022926219148489274,0.7730000000000006,0.0,0.022917651,6.0
3.6801002435269967,-0.6056519831109677,6.0,383.3033871531453,4.606849873380039,0.7740000000000006,0.02292621557707947,0.7740000000000006,0.0,0.022917651,6.0
3.6805496354142817,-0.6026325946895151,6.0,383.8471362597163,4.606207970196045,0.7750000000000007,0.0229262120102971,0.7750000000000006,0.0,0.022917651,6.0
3.681000174510174,-0.599605705369149,6.0,384.39864926239795,4.60556315842819,0.7760000000000006,0.022926208514957358,0.7760000000000006,0.0,0.022917651,6.0
3.681451479192569,-0.5965732068814413,6.0,384.9575512655483,4.604915799895251,0.7770000000000006,0.022926204978598534,0.7770000000000006,0.0,0.022917651,6.0
3.681903565923406,-0.5935349786158891,6.0,385.52400115033606,4.604265839835691,0.7780000000000005,0.022926201400338606,0.7780000000000006,0.0,0.022917651,6.0
3.6823567504303263,-0.5904891230773405,6.0,386.0983431287759,4.603612643373136,0.7790000000000007,0.02292619777293445,0.7790000000000006,0.0,0.022917651,6.0
3.6828109690569084,-0.5874360028926485,6.0,386.6806984302882,4.602956318572083,0.7800000000000007,0.022926194096883627,0.7800000000000006,0.0,0.022917651,6.0
3.6832660213639423,-0.584376785533244,6.0,387.2711078359541,4.602297231357418,0.7810000000000006,0.02292619037577477,0.7810000000000006,0.0,0.022917651,6.0
3.683721963097974,-0.5813110382050011,6.0,387.86978698952794,4.6016351720055395,0.7820000000000007,0.02292618659929143,0.7820000000000006,0.0,0.022917651,6.0
3.6841790805841557,-0.578236420034383,6.0,388.4772004665022,4.6009689455905995,0.7830000000000005,0.022926182701180495,0.7830000000000006,0.0,0.022917651,6.0
3.684637072560773,-0.5751552929906042,6.0,389.09321132962623,4.6002997083617325,0.7840000000000006,0.022926178761520838,0.7840000000000006,0.0,0.022917651,6.0
3.6850959585357286,-0.572067511875426,6.0,389.71801136713975,4.599627393154486,0.7850000000000006,0.022926174779385605,0.7850000000000006,0.0,0.022917651,6.0
3.685555905075668,-0.5689711095477091,6.0,390.35200242877494,4.59895069234807,0.7860000000000006,0.02292617078494558,0.7860000000000006,0.0,0.022917651,6.0
3.686016818309478,-0.5658673586017855,6.0,390.9952310078937,4.598270508056576,0.7870000000000006,0.022926166748421198,0.7870000000000006,0.0,0.022917651,6.0
3.6864786868810997,-0.5627565061014648,6.0,391.64786089962774,4.597587043390129,0.7880000000000006,0.022926162661324332,0.7880000000000006,0.0,0.022917651,6.0
3.686941689026725,-0.5596363177768972,6.0,392.31020998082687,4.596898782758933,0.7890000000000006,0.022926158528993427,0.7890000000000006,0.0,0.022917651,6.0
3.687405760546316,-0.5565077440496681,6.0,392.98245291156934,4.596206416697955,0.7900000000000005,0.02292615434577599,0.7900000000000006,0.0,0.022917651,6.0
3.687870855591001,-0.5533715211700153,6.0,393.6647751732187,4.595510495542298,0.7910000000000006,0.0229261501073941,0.7910000000000006,0.0,0.022917651,6.0
3.6883372102669125,-0.55022524302408,6.0,394.3575184349969,4.594809555105258,0.7920000000000006,0.022926145825962734,0.7920000000000006,0.0,0.022917651,6.0
3.68880472658847,-0.5470700571359629,6.0,395.06087880295297,4.594104352467683,0.7930000000000007,0.022926141504463888,0.7930000000000006,0.0,0.022917651,6.0
3.6892733498487553,-0.5439066233759245,6.0,395.7750706610333,4.59339532962623,0.7940000000000005,0.022926137138698687,0.7940000000000006,0.0,0.022917651,6.0
3.6897434150678197,-0.5407320006022709,6.0,396.50063579143284,4.592680890674346,0.7950000000000006,0.02292613262858557,0.7950000000000006,0.0,0.022917651,6.0
3.690214662335593,-0.5375484602087688,6.0,397.2375659214154,4.591962263200403,0.7960000000000006,0.02292612804332009,0.7960000000000006,0.0,0.022917651,6.0
3.6906871351401715,-0.53435554152489,6.0,397.98613697940993,4.591239158591105,0.7970000000000007,0.022926123402932416,0.7970000000000006,0.0,0.022917651,6.0
3.6911610283559257,-0.5311512362444688,6.0,398.74675503459844,4.5905103438096875,0.7980000000000006,0.02292611874836056,0.7980000000000006,0.0,0.022917651,6.0
3.691636158651508,-0.527937661799095,6.0,399.51956959652546,4.589777208096175,0.7990000000000007,0.022926114041351597,0.7990000000000006,0.0,0.022917651,6.0
3.692112686371053,-0.5247126231108703,6.0,400.30509273175556,4.589038194806246,0.8000000000000006,0.02292610932802937,0.8000000000000006,0.0,0.022917651,6.0
3.692496951122072,-0.522081478011389,6.0,400.5910914971372,4.588455630592193,0.8010000000000007,0.022926108782207535,0.8010000000000006,0.0,0.022917651,6.0
3.692881345783672,-0.5194482786673792,6.0,400.8800530163955,4.587871531895538,0.8020000000000006,0.022926108230416038,0.8020000000000006,0.0,0.022917651,6.0
3.6932658719374882,-0.5168130000688291,6.0,401.17201336045974,4.587285880034268,0.8030000000000006,0.022926107672582206,0.8030000000000006,0.0,0.022917651,6.0
3.6936506367488566,-0.5141750675655846,6.0,401.46703293519147,4.586698530290478,0.8040000000000006,0.022926107127265918,0.8040000000000006,0.0,0.022917651,6.0
3.694035917941494,-0.5115330061638542,6.0,401.7652241731143,4.58610912181163,0.8050000000000007,0.022926106647614054,0.8050000000000006,0.0,0.022917651,6.0
3.6944213311490075,-0.508888789927572,6.0,402.0665465000397,4.585518086505679,0.8060000000000006,0.02292610616836979,0.8060000000000006,0.0,0.022917651,6.0
3.6948068779917653,-0.5062423924080172,6.0,402.3710383473628,4.584925404404735,0.8070000000000006,0.02292610568953812,0.8070000000000006,0.0,0.022917651,6.0
3.6951925601167637,-0.5035937867218442,6.0,402.678738778012,4.584331055212785,0.8080000000000007,0.022926105211124148,0.8080000000000006,0.0,0.022917651,6.0
3.695578142159375,-0.500942806727304,6.0,402.9897258834428,4.583733929823555,0.8090000000000006,0.022926104630489018,0.8090000000000006,0.0,0.022917651,6.0
3.6959634848825833,-0.4982893285511132,6.0,403.3040515784911,4.583133346447911,0.8100000000000007,0.02292610388075209,0.8100000000000006,0.0,0.022917651,6.0
3.69634897689479,-0.4956335439836643,6.0,403.6216894217441,4.582531053732709,0.8110000000000007,0.02292610312673467,0.8110000000000006,0.0,0.022917651,6.0
3.6967346200882454,-0.4929754237912638,6.0,403.9426813949452,4.581927030011935,0.8120000000000008,0.02292610236838248,0.8120000000000006,0.0,0.022917651,6.0
3.6971204163873135,-0.49031493824406897,6.0,404.2670701923439,4.581321253251858,0.8130000000000006,0.02292610160564036,0.8130000000000006,0.0,0.022917651,6.0
3.6975067574831666,-0.48765055342002145,6.0,404.5950400162995,4.580713759494476,0.8140000000000006,0.022926100930356862,0.8140000000000006,0.0,0.022917651,6.0
3.6978934044358875,-0.4849831520068229,6.0,404.92656124686533,4.580104473927492,0.8150000000000006,0.02292610028459879,0.8150000000000006,0.0,0.022917651,6.0
3.6982802073371865,-0.48231328617634583,6.0,405.2616260681218,4.579493347882771,0.8160000000000008,0.022926099632295447,0.8160000000000006,0.0,0.022917651,6.0
3.6986671681966414,-0.47964092417171145,6.0,405.6002801433506,4.578880357643619,0.8170000000000006,0.02292609897336249,0.8170000000000006,0.0,0.022917651,6.0
3.6990543178700364,-0.4769653714931228,6.0,405.94262641516264,4.578264929913926,0.8180000000000006,0.022926098306667652,0.8180000000000006,0.0,0.022917651,6.0
3.6994417089538585,-0.4742854273290466,6.0,406.28882096547426,4.5776460702185995,0.8190000000000006,0.022926097630283474,0.8190000000000006,0.0,0.022917651,6.0
3.6998292635302596,-0.4716028935603287,6.0,406.6387606379938,4.57702527484571,0.8200000000000006,0.022926096947024927,0.8200000000000006,0.0,0.022917651,6.0
3.7002169837338768,-0.46891773637585354,6.0,406.99249433082605,4.576402518522129,0.8210000000000006,0.022926096256802246,0.8210000000000006,0.0,0.022917651,6.0
3.700604871736671,-0.4662299213733275,6.0,407.3500717970462,4.575777775532835,0.8220000000000007,0.022926095559524105,0.8220000000000006,0.0,0.022917651,6.0
3.7009929746892256,-0.46353798879332025,6.0,407.71166872683295,4.57514978291819,0.8230000000000006,0.022926094852977027,0.8230000000000006,0.0,0.022917651,6.0
3.701381251588908,-0.4608433051881294,6.0,408.07721399596244,4.57451973503512,0.8240000000000006,0.022926094139155688,0.8240000000000006,0.0,0.022917651,6.0
3.701769704537393,-0.45814584081275317,6.0,408.4467595896939,4.5738876105049355,0.8250000000000007,0.022926093417973484,0.8250000000000006,0.0,0.022917651,6.0
3.7021583358900174,-0.45544555846360496,6.0,408.8203590278849,4.573253381544425,0.8260000000000007,0.022926092689331923,0.8260000000000006,0.0,0.022917651,6.0
3.702547076984497,-0.45274089054346917,6.0,409.19822455570255,4.5726152039248396,0.8270000000000007,0.022926092006835416,0.8270000000000006,0.0,0.022917651,6.0
3.702935993871681,-0.4500331321464826,6.0,409.5802789851708,4.571974638816411,0.8280000000000007,0.022926091327888865,0.8280000000000006,0.0,0.022917651,6.0
3.703325097981198,-0.4473224339321152,6.0,409.96655958297123,4.5713318828527045,0.8290000000000008,0.022926090646033546,0.8290000000000006,0.0,0.022917651,6.0
3.7037143918651867,-0.4446087558259214,6.0,410.3571239585842,4.5706869061688336,0.8300000000000007,0.022926089961229818,0.8300000000000006,0.0,0.022917651,6.0
3.704103926432728,-0.4418906209976563,6.0,410.752172760292,4.570038433359338,0.8310000000000007,0.02292608928142683,0.8310000000000006,0.0,0.022917651,6.0
3.704493661197637,-0.439169313610079,6.0,411.1516371315019,4.56938758866986,0.8320000000000005,0.022926088599825516,0.8320000000000006,0.0,0.022917651,6.0
3.7048835957426784,-0.43644488595158043,6.0,411.55556879127147,4.568734422866061,0.8330000000000007,0.022926087915885563,0.8330000000000006,0.0,0.022917651,6.0
3.7052737531988127,-0.4337169538295684,6.0,411.9640736355998,4.568078644830563,0.8340000000000007,0.022926087218350776,0.8340000000000006,0.0,0.022917651,6.0
3.7056642477942514,-0.43098359292178745,6.0,412.37746313364806,4.567418790190923,0.8350000000000007,0.022926086441761983,0.8350000000000006,0.0,0.022917651,6.0
3.706054949064774,-0.4282469794955579,6.0,412.7955219082806,4.566756509765385,0.8360000000000007,0.02292608565649927,0.8360000000000006,0.0,0.022917651,6.0
3.706445859916329,-0.42550706781894276,6.0,413.2183156117191,4.566091769446258,0.8370000000000006,0.022926084862440684,0.8370000000000006,0.0,0.022917651,6.0
3.70683683134049,-0.4227628484184276,6.0,413.64621343326263,4.565422961380704,0.8380000000000006,0.02292608405739882,0.8380000000000006,0.0,0.022917651,6.0
3.7072278299942187,-0.42001416821712745,6.0,414.0793351998166,4.564749798825995,0.8390000000000005,0.02292608324105704,0.8390000000000006,0.0,0.022917651,6.0
3.7076190199970984,-0.4172620463769783,6.0,414.51742154919515,4.5640739600090185,0.8400000000000007,0.022926082415587468,0.8400000000000006,0.0,0.022917651,6.0
3.7080104040572293,-0.41450643418958344,6.0,414.9605427435254,4.563395407053503,0.8410000000000006,0.02292608158086092,0.8410000000000006,0.0,0.022917651,6.0
3.7084022568970556,-0.41174516514872317,6.0,415.4089679087196,4.562713074527222,0.8420000000000006,0.02292608069067439,0.8420000000000006,0.0,0.022917651,6.0
3.7087943317527614,-0.408980170290859,6.0,415.8625929669775,4.562027904364416,0.8430000000000007,0.02292607978934915,0.8430000000000006,0.0,0.022917651,6.0
3.7091866151581705,-0.4062115268940206,6.0,416.3214806458463,4.561339919845064,0.8440000000000007,0.022926078879611397,0.8440000000000006,0.0,0.022917651,6.0
3.7095789497725717,-0.4034380375397556,6.0,416.7858988710929,4.560647294413479,0.8450000000000006,0.022926078017137558,0.8450000000000006,0.0,0.022917651,6.0
3.7099713518079214,-0.40065979491343895,6.0,417.255906012289,4.5599501856682565,0.8460000000000006,0.022926077191496433,0.8460000000000006,0.0,0.022917651,6.0
3.7103639580404963,-0.39787771509750103,6.0,417.73141982191714,4.559250056634962,0.8470000000000008,0.02292607635424713,0.8470000000000006,0.0,0.022917651,6.0
3.710756858498044,-0.3950911067579548,6.0,418.21262125279304,4.558546575498023,0.8480000000000006,0.02292607544612875,0.8480000000000006,0.0,0.022917651,6.0
3.711150230111401,-0.3922986442588726,6.0,418.69980249260425,4.557839122937733,0.8490000000000006,0.022926074354025223,0.8490000000000006,0.0,0.022917651,6.0
3.7115438144433215,-0.38950217851408836,6.0,419.19275091898277,4.557128517769077,0.8500000000000006,0.022926073258460366,0.8500000000000006,0.0,0.022917651,6.0
3.7119376278552885,-0.3867014555527033,6.0,419.6915806486405,4.556414572094177,0.8510000000000006,0.02292607219913745,0.8510000000000006,0.0,0.022917651,6.0
3.712331815823039,-0.3838942768278054,6.0,420.19670192201625,4.5556956763901,0.8520000000000006,0.02292607161316213,0.8520000000000006,0.0,0.022917651,6.0
3.7127262216766495,-0.3810829019664141,6.0,420.7078637459497,4.554973456267534,0.8530000000000008,0.02292607102766839,0.8530000000000006,0.0,0.022917651,6.0
3.7131208490754597,-0.37826723731817474,6.0,421.2251624653287,4.554247832528988,0.8540000000000006,0.022926070436299538,0.8540000000000006,0.0,0.022917651,6.0
3.7135157287182077,-0.37544485795166166,6.0,421.7491549941549,4.5535164885743935,0.8550000000000006,0.0229260693498403,0.8550000000000006,0.0,0.022917651,6.0
3.7139108298135577,-0.37261808319911105,6.0,422.27947704029395,4.552781634845159,0.8560000000000006,0.022926068256505047,0.8560000000000006,0.0,0.022917651,6.0
3.7143061713967835,-0.369786696651419,6.0,422.81624512126376,4.5520431316556875,0.8570000000000007,0.022926067162653406,0.8570000000000007,0.0,0.022917651,6.0
3.7147020497401546,-0.3669478388508607,6.0,423.3599487424379,4.551299315578383,0.8580000000000007,0.02292606618589285,0.8580000000000007,0.0,0.022917651,6.0
3.7150981617533576,-0.3641043772943683,6.0,423.91028657457747,4.550551830314578,0.8590000000000008,0.022926065197009664,0.8590000000000007,0.0,0.022917651,6.0
3.715494486721025,-0.3612557614638806,6.0,424.46741927409926,4.5498000421013245,0.8600000000000008,0.0229260641943493,0.8600000000000007,0.0,0.022917651,6.0
3.7158909488544682,-0.35840027526059126,6.0,425.03165956524555,4.549041930583272,0.8610000000000005,0.02292606317265551,0.8610000000000007,0.0,0.022917651,6.0
3.7162876619885457,-0.35553996655378933,6.0,425.6028580789547,4.548280000801747,0.8620000000000007,0.022926062138201517,0.8620000000000007,0.0,0.022917651,6.0
3.7166847081687515,-0.35267378435409963,6.0,426.18126493021833,4.547513530397573,0.8630000000000008,0.022926061094129858,0.8630000000000007,0.0,0.022917651,6.0
3.71708212557504,-0.34980119458837755,6.0,426.76706292704785,4.546742138100977,0.8640000000000008,0.022926060041705457,0.8640000000000007,0.0,0.022917651,6.0
3.717479805165188,-0.34692351834853485,6.0,427.36016464610094,4.545966708145057,0.8650000000000008,0.0229260589758852,0.8650000000000007,0.0,0.022917651,6.0
3.7178779418009174,-0.34403836813779465,6.0,427.96097744544335,4.545185629611515,0.8660000000000007,0.022926057795687006,0.8660000000000007,0.0,0.022917651,6.0
3.718276426168794,-0.34114706444175,6.0,428.5694519222386,4.544399787374465,0.8670000000000008,0.02292605656802475,0.8670000000000007,0.0,0.022917651,6.0
3.718675183294539,-0.33825015848181095,6.0,429.18567115306416,4.543609434417535,0.8680000000000007,0.022926055386304958,0.8680000000000007,0.0,0.022917651,6.0
3.7190741739012103,-0.33534590330968134,6.0,429.81024063887435,4.542812670388002,0.8690000000000007,0.02292605459924908,0.8690000000000007,0.0,0.022917651,6.0
3.719473443052533,-0.33243613669697036,6.0,430.44274324027737,4.542011509103315,0.8700000000000007,0.022926053807366432,0.8700000000000007,0.0,0.022917651,6.0
3.719873137711683,-0.3295188862949856,6.0,431.08362608760393,4.541204563836236,0.8710000000000007,0.022926052861747266,0.8710000000000007,0.0,0.022917651,6.0
3.7202732163396397,-0.32659464248962444,6.0,431.732931917446,4.5403921595501915,0.8720000000000007,0.022926051812443334,0.8720000000000007,0.0,0.022917651,6.0
3.7206736166831664,-0.32366411938540013,6.0,432.3906313506699,4.539574761486973,0.8730000000000007,0.022926050749542647,0.8730000000000007,0.0,0.022917651,6.0
3.721074508404916,-0.32072470462214037,6.0,433.05714572570923,4.538750428674151,0.8740000000000007,0.02292604959396978,0.8740000000000007,0.0,0.022917651,6.0
3.721475704091949,-0.3177792807018132,6.0,433.73229383767233,4.537921302336712,0.8750000000000007,0.022926048422524513,0.8750000000000007,0.0,0.022917651,6.0
3.721877324671807,-0.31482569654032294,6.0,434.4166474088762,4.537085729144168,0.8760000000000008,0.022926047228500102,0.8760000000000007,0.0,0.022917651,6.0
3.7222792938539135,-0.31186526349935084,6.0,435.1100696438107,4.536244705854129,0.8770000000000008,0.022926046015770172,0.8770000000000007,0.0,0.022917651,6.0
3.722681718283154,-0.3088967444216523,6.0,435.8128239937783,4.535397413218498,0.8780000000000007,0.02292604478523258,0.8780000000000007,0.0,0.022917651,6.0
3.7230846294138615,-0.30591970079496866,6.0,436.5251198936865,4.534543537584408,0.8790000000000007,0.022926043536567627,0.8790000000000007,0.0,0.022917651,6.0
3.7234878842999093,-0.30293544631014624,6.0,437.24698794596117,4.533683826492987,0.8800000000000007,0.02292604224652909,0.8800000000000007,0.0,0.022917651,6.0
3.7238915166794926,-0.2999422273800157,6.0,437.97899059712483,4.532816662512598,0.8810000000000008,0.022926040860566935,0.8810000000000007,0.0,0.022917651,6.0
3.724295484723221,-0.2969420929039985,6.0,438.7207767270975,4.531943925494929,0.8820000000000007,0.02292603947000974,0.8820000000000007,0.0,0.022917651,6.0
3.7246997781660496,-0.29393213583735145,6.0,439.47316577133586,4.531062666133686,0.8830000000000007,0.022926038123388098,0.8830000000000007,0.0,0.022917651,6.0
3.7251044107168627,-0.2909151576923736,6.0,440.2356582756132,4.530175742293026,0.8840000000000007,0.022926036762241475,0.8840000000000007,0.0,0.022917651,6.0
3.7255096258692104,-0.28788771518414075,6.0,441.0088492021309,4.529280689626668,0.8850000000000008,0.022926035986564147,0.8850000000000007,0.0,0.022917651,6.0
3.725915221291451,-0.28485268521911494,6.0,441.79255799078953,4.528379570976612,0.8860000000000007,0.02292603526187166,0.8860000000000007,0.0,0.022917651,6.0
3.726320156867698,-0.2818064239970368,6.0,442.5877275570738,4.52746457003803,0.8870000000000007,0.02292603406503438,0.8870000000000007,0.0,0.022917651,6.0
3.7267252645141427,-0.27875198326414075,6.0,443.3938772887185,4.526542075829818,0.8880000000000007,0.022926032786744335,0.8880000000000007,0.0,0.022917651,6.0
3.727130249976877,-0.27568877680420656,6.0,444.21190439832117,4.525610338706469,0.8890000000000007,0.022926031409337157,0.8890000000000007,0.0,0.022917651,6.0
3.727535485249698,-0.2726175878541807,6.0,445.04131812827035,4.5246716205508175,0.8900000000000007,0.0229260299950763,0.8900000000000007,0.0,0.022917651,6.0
3.727940807166817,-0.269535254882458,6.0,445.8829572958965,4.523722102965387,0.8910000000000007,0.02292602850175126,0.8910000000000007,0.0,0.022917651,6.0
3.7283464126405295,-0.2664444825009216,6.0,446.73633275944843,4.522765279837586,0.8920000000000008,0.02292602699126632,0.8920000000000007,0.0,0.022917651,6.0
3.7287525684132117,-0.2633410855996509,6.0,447.60210745735674,4.521798022350505,0.8930000000000007,0.022926025521671067,0.8930000000000007,0.0,0.022917651,6.0
3.729159122127188,-0.2602287252800103,6.0,448.4800986095197,4.52082339513011,0.8940000000000008,0.02292602403013317,0.8940000000000007,0.0,0.022917651,6.0
3.7295663178227603,-0.25710428534131174,6.0,449.3710965462161,4.51983927263838,0.8950000000000008,0.022926022511055816,0.8950000000000007,0.0,0.022917651,6.0
3.729973941072892,-0.25396986602812943,6.0,450.27495358636804,4.518846878674732,0.8960000000000007,0.02292602096157499,0.8960000000000007,0.0,0.022917651,6.0
3.7303820675137973,-0.25082377056035915,6.0,451.19224004569537,4.5178448154915065,0.8970000000000007,0.022926019378891313,0.8970000000000007,0.0,0.022917651,6.0
3.7307905780958865,-0.24766655111072577,6.0,452.12308072659476,4.516833161572411,0.8980000000000008,0.022926017800088638,0.8980000000000007,0.0,0.022917651,6.0
3.7311994751847517,-0.24449828802108498,6.0,453.06767102905377,4.515812006985259,0.8990000000000008,0.02292601620963216,0.8990000000000007,0.0,0.022917651,6.0
3.7316087174882226,-0.24131746982000984,6.0,454.02659372891213,4.514779685646908,0.9000000000000007,0.022926015317909824,0.9000000000000007,0.0,0.022917651,6.0
3.731917532303981,-0.2387870970381096,6.0,454.48449313854024,4.513942149591361,0.9010000000000007,0.022926015456558032,0.9010000000000007,0.0,0.022917651,6.0
3.732226310128528,-0.23625262757557097,6.0,454.9471485275161,4.513100367611224,0.9020000000000007,0.022926015396411453,0.9020000000000007,0.0,0.022917651,6.0
3.7325350461036195,-0.2337138151203274,6.0,455.414654049026,4.5122540738425405,0.9030000000000008,0.022926015110352055,0.9030000000000007,0.0,0.022917651,6.0
3.7328437976094575,-0.23117218453239435,6.0,455.8868025352597,4.511405024114263,0.9040000000000008,0.02292601482246723,0.9040000000000007,0.0,0.022917651,6.0
3.733152504847921,-0.22862692879059515,6.0,456.36398589264047,4.5105521742607175,0.9050000000000007,0.02292601447656999,0.9050000000000007,0.0,0.022917651,6.0
3.73346118365635,-0.2260782264424919,6.0,456.84616181160646,4.509695765573858,0.9060000000000007,0.02292601408985333,0.9060000000000007,0.0,0.022917651,6.0
3.7337698765015412,-0.22352659623196855,6.0,457.3331389273222,4.508836485201771,0.9070000000000008,0.022926013702611422,0.9070000000000007,0.0,0.022917651,6.0
3.7340784610680657,-0.22097047593025193,6.0,457.82538211784635,4.5079722740093215,0.9080000000000008,0.02292601331547108,0.9080000000000007,0.0,0.022917651,6.0
3.7343870261509977,-0.2184108956093467,6.0,458.3226662121013,4.507104522473641,0.9090000000000007,0.022926012928142735,0.9090000000000007,0.0,0.022917651,6.0
3.7346956104749722,-0.21584825223014803,6.0,458.82492818271663,4.5062337848824265,0.9100000000000008,0.022926012540443463,0.9100000000000007,0.0,0.022917651,6.0
3.7350042873313547,-0.21327981809788138,6.0,459.33281789608003,4.505357636461437,0.9110000000000007,0.022926012151687623,0.9110000000000007,0.0,0.022917651,6.0
3.7353129813968753,-0.21070828692519547,6.0,459.8458076605185,4.504478459892706,0.9120000000000007,0.02292601176239911,0.9120000000000007,0.0,0.022917651,6.0
3.735621668898002,-0.20813288087809037,6.0,460.36416399075574,4.503595380249574,0.9130000000000007,0.022926011369609117,0.9130000000000007,0.0,0.022917651,6.0
3.735930322836798,-0.20555273836436397,6.0,460.8881864552399,4.502707425718676,0.9140000000000007,0.022926010970113743,0.9140000000000007,0.0,0.022917651,6.0
3.7362389934763516,-0.2029693874270069,6.0,461.4174949369022,4.501816329593269,0.9150000000000007,0.022926010570184136,0.9150000000000007,0.0,0.022917651,6.0
3.7365478168359436,-0.20038059292645582,6.0,461.95266713901566,4.5009204018189415,0.9160000000000007,0.022926010174824648,0.9160000000000007,0.0,0.022917651,6.0
3.736856713605135,-0.19778754052908423,6.0,462.49349908581195,4.500020510104662,0.9170000000000009,0.022926009781312085,0.9170000000000007,0.0,0.022917651,6.0
3.7371656586108264,-0.19519081895917306,6.0,463.0399154046796,4.49911714188181,0.9180000000000008,0.022926009386949386,0.9180000000000007,0.0,0.022917651,6.0
3.7374748716557233,-0.19258816464308076,6.0,463.59256239646305,4.498208912156005,0.9190000000000007,0.022926008988841153,0.9190000000000007,0.0,0.022917651,6.0
3.737784088681688,-0.18998212274618215,6.0,464.1508528498052,4.497297310803492,0.9200000000000008,0.02292600859028571,0.9200000000000007,0.0,0.022917651,6.0
3.738093170193101,-0.18737160060820227,6.0,464.71521740567186,4.496380692876106,0.9210000000000009,0.022926008190491048,0.9210000000000007,0.0,0.022917651,6.0
3.7384021726941805,-0.1847569249440252,6.0,465.2855879004525,4.495459609128914,0.9220000000000007,0.022926007789696962,0.9220000000000007,0.0,0.022917651,6.0
3.7387111880282924,-0.18213825326084487,6.0,465.86191685929623,4.494534579873355,0.9230000000000007,0.022926007432901324,0.9230000000000007,0.0,0.022917651,6.0
3.7390202268112036,-0.17951343494323116,6.0,466.44482221333874,4.4936034923044295,0.9240000000000009,0.022926007319198943,0.9240000000000007,0.0,0.022917651,6.0
3.739329277025165,-0.17688500437632682,6.0,467.03372185428526,4.4926688381727615,0.9250000000000009,0.022926007199536802,0.9250000000000007,0.0,0.022917651,6.0
3.7396383237708517,-0.1742511445894032,6.0,467.6292962809425,4.491728738455516,0.9260000000000008,0.022926007075076606,0.9260000000000007,0.0,0.022917651,6.0
3.739947374456712,-0.17161298478783749,6.0,468.23122922416917,4.490784353515942,0.9270000000000007,0.022926006944904116,0.9270000000000007,0.0,0.022917651,6.0
3.740256475449225,-0.16896987858110743,6.0,468.839782112423,4.489835224003519,0.9280000000000008,0.022926006697123,0.9280000000000007,0.0,0.022917651,6.0
3.7405656443316495,-0.16632112197618282,6.0,469.4552681579416,4.488880716871943,0.9290000000000008,0.022926006273706622,0.9290000000000007,0.0,0.022917651,6.0
3.7408747053331988,-0.1636683903839774,6.0,470.0772049375016,4.487921803700894,0.9300000000000007,0.022926005850075423,0.9300000000000007,0.0,0.022917651,6.0
3.7411826243313535,-0.16101009735106628,6.0,470.70614559510494,4.486952764755546,0.9310000000000008,0.02292600542897849,0.9310000000000007,0.0,0.022917651,6.0
3.741490562258197,-0.15834788638029532,6.0,471.3416368386955,4.485979883461005,0.9320000000000008,0.022926005007347774,0.9320000000000007,0.0,0.022917651,6.0
3.7417976649866294,-0.15567979787095215,6.0,471.98472568917833,4.484997780602193,0.9330000000000007,0.022926004585244675,0.9330000000000007,0.0,0.022917651,6.0
3.7421045499946475,-0.15300724469084473,6.0,472.6347652576525,4.484010341326541,0.9340000000000008,0.022926004162606366,0.9340000000000007,0.0,0.022917651,6.0
3.7424114099038985,-0.15032875491145295,6.0,473.2922731104485,4.483016868142274,0.9350000000000008,0.022926003737609803,0.9350000000000007,0.0,0.022917651,6.0
3.742718245682331,-0.14764488326648037,6.0,473.95715025954803,4.482017919086122,0.9360000000000007,0.022926003310867284,0.9360000000000007,0.0,0.022917651,6.0
3.743024953700634,-0.1449556372922921,6.0,474.6294395136748,4.481013078508361,0.9370000000000007,0.022926002885540333,0.9370000000000007,0.0,0.022917651,6.0
3.7433314857390245,-0.14226043669546656,6.0,475.30941161505746,4.480001570046366,0.9380000000000008,0.022926002462282623,0.9380000000000007,0.0,0.022917651,6.0
3.7436379584892268,-0.13956017103633264,6.0,475.99685291292406,4.478984764550873,0.9390000000000008,0.022926002036388667,0.9390000000000007,0.0,0.022917651,6.0
3.7439443343299317,-0.13685347703559303,6.0,476.6923024896678,4.477961157337829,0.9400000000000007,0.022926001604835197,0.9400000000000007,0.0,0.022917651,6.0
3.7442506462896943,-0.13414184028480727,6.0,477.39533554064434,4.476932349334017,0.9410000000000008,0.02292600117288924,0.9410000000000007,0.0,0.022917651,6.0
3.744556828112,-0.13142323261996153,6.0,478.10672232306473,4.475896037221039,0.942000000000001,0.022926000741211216,0.9420000000000007,0.0,0.022917651,6.0
3.7448629860617735,-0.1286996998461586,6.0,478.82585787485584,4.474854705773173,0.9430000000000007,0.022926000308786377,0.9430000000000007,0.0,0.022917651,6.0
3.7451692655762585,-0.12596860274793406,6.0,479.553725836488,4.473806306214725,0.9440000000000007,0.02292599987492624,0.9440000000000007,0.0,0.022917651,6.0
3.745475476559269,-0.12323258616843945,6.0,480.28953157883564,4.472752712803841,0.9450000000000008,0.022925999480965027,0.9450000000000007,0.0,0.022917651,6.0
3.7457815183565426,-0.1204893735094587,6.0,481.03421886076205,4.471691245505255,0.9460000000000008,0.022925999404342028,0.9460000000000007,0.0,0.022917651,6.0
3.7460875050452747,-0.11774103587660524,6.0,481.787104082299,4.470624431942106,0.9470000000000007,0.022925999287128122,0.9470000000000007,0.0,0.022917651,6.0
3.7463934365058704,-0.11498533830587879,6.0,482.5491726668355,4.469550032408431,0.9480000000000007,0.02292599897352575,0.9480000000000007,0.0,0.022917651,6.0
3.7466992982455687,-0.1122241572287703,6.0,483.319706209346,4.468469870785551,0.9490000000000008,0.02292599862952366,0.9490000000000007,0.0,0.022917651,6.0
3.7470050743367977,-0.109455466782342,6.0,484.0994482005221,4.467381857814464,0.9500000000000007,0.02292599817862501,0.9500000000000007,0.0,0.022917651,6.0
3.7473107606808154,-0.10668079564567995,6.0,484.8879954151524,4.466287504894249,0.9510000000000007,0.022925997724781266,0.9510000000000007,0.0,0.022917651,6.0
3.7476163238937072,-0.10389869003792881,6.0,485.6859040268555,4.465185224383902,0.9520000000000008,0.022925997264871104,0.9520000000000007,0.0,0.022917651,6.0
3.7479217149674353,-0.10111022084110756,6.0,486.4930387524183,4.464075895911284,0.9530000000000007,0.022925996806276508,0.9530000000000007,0.0,0.022917651,6.0
3.7482268981478186,-0.09831490918464456,6.0,487.3096898380755,4.462958899304277,0.9540000000000007,0.022925996349500107,0.9540000000000007,0.0,0.022917651,6.0
3.748531896765661,-0.09551225795059609,6.0,488.1361312424394,4.461833820072519,0.9550000000000008,0.022925995892758393,0.9550000000000007,0.0,0.022917651,6.0
3.7488367434005547,-0.09270288626096185,6.0,488.97223669113356,4.460701408929142,0.9560000000000007,0.02292599543575339,0.9560000000000007,0.0,0.022917651,6.0
3.749141271164371,-0.08988594573010611,6.0,489.8186439108231,4.459560152644821,0.9570000000000007,0.022925994979226625,0.9570000000000007,0.0,0.022917651,6.0
3.7494456548435653,-0.08706291620469134,6.0,490.6747351538942,4.458412230526601,0.9580000000000007,0.02292599452200051,0.9580000000000007,0.0,0.022917651,6.0
3.7497499043028357,-0.08423113748760636,6.0,491.5414244660491,4.457255020289039,0.9590000000000007,0.02292599405447206,0.9590000000000007,0.0,0.022917651,6.0
3.7500540214160045,-0.08139251547165073,6.0,492.4181014584743,4.456090439930568,0.9600000000000009,0.022925993588673095,0.9600000000000007,0.0,0.022917651,6.0
3.750357926643164,-0.07854516005467291,6.0,493.305392799686,4.454916284327135,0.9610000000000007,0.02292599312793737,0.9610000000000007,0.0,0.022917651,6.0
3.7506616968050093,-0.07569033230928605,6.0,494.20347058107916,4.453734111763036,0.962000000000001,0.022925992663393676,0.9620000000000007,0.0,0.022917651,6.0
3.7509653429916088,-0.07282846183283447,6.0,495.1122441988784,4.452544397184276,0.9630000000000007,0.022925992196096177,0.9630000000000007,0.0,0.022917651,6.0
3.7512688100813887,-0.0699580002247178,6.0,496.0326452348454,4.4513453793526665,0.9640000000000007,0.022925991735104814,0.9640000000000007,0.0,0.022917651,6.0
3.751572186750722,-0.0670802093347787,6.0,496.96385380860386,4.450138671190806,0.9650000000000006,0.02292599127083123,0.9650000000000007,0.0,0.022917651,6.0
3.751875510797586,-0.06419319088036728,6.0,497.9064016191617,4.448922525528567,0.9660000000000007,0.02292599079640621,0.9660000000000007,0.0,0.022917651,6.0
3.752178506725136,-0.06129756817162958,6.0,498.8605473740124,4.4476964644436405,0.9670000000000007,0.02292599036353031,0.9670000000000007,0.0,0.022917651,6.0
3.75248121544832,-0.058394186452300025,6.0,499.8261049453663,4.446461496307245,0.9680000000000007,0.022925989962899938,0.9680000000000007,0.0,0.022917651,6.0
3.752782755763838,-0.055481844279070935,6.0,500.803474267759,4.445212891114287,0.9690000000000009,0.022925989792377532,0.9690000000000007,0.0,0.022917651,6.0
3.7530841906966823,-0.05256159303143615,6.0,501.79268065041276,4.443955951216521,0.9700000000000008,0.02292598946375362,0.9700000000000008,0.0,0.022917651,6.0
3.753385506176707,-0.04963318250188362,6.0,502.79396325523163,4.442690370239099,0.9710000000000008,0.022925988975559624,0.9710000000000008,0.0,0.022917651,6.0
3.753686342673794,-0.0466946958791607,6.0,503.808016090221,4.441412813514326,0.9720000000000008,0.022925988476724,0.9720000000000008,0.0,0.022917651,6.0
3.753987110642943,-0.043747368923243136,6.0,504.83438835322977,4.440126133530562,0.9730000000000008,0.02292598798202029,0.9730000000000008,0.0,0.022917651,6.0
3.7542878574755827,-0.04079056640343399,6.0,505.87338566071327,4.438829878921524,0.9740000000000008,0.022925987494540476,0.9740000000000008,0.0,0.022917651,6.0
3.7545884771219056,-0.0378235933599248,6.0,506.92590475001913,4.437522968339462,0.9750000000000008,0.02292598700393697,0.9750000000000008,0.0,0.022917651,6.0
3.7548888380056273,-0.03484762646997098,6.0,507.99143977267323,4.436206026352195,0.9760000000000009,0.022925986507950934,0.9760000000000008,0.0,0.022917651,6.0
3.7551888966541185,-0.03186245056256826,6.0,509.07020092915815,4.434878660896434,0.9770000000000008,0.022925986005653893,0.9770000000000008,0.0,0.022917651,6.0
3.755488494802342,-0.02886608507219574,6.0,510.1629714096104,4.433538254625914,0.9780000000000008,0.022925985508783976,0.9780000000000008,0.0,0.022917651,6.0
3.7557876482392185,-0.025860164838953835,6.0,511.26951646717527,4.4321865233484115,0.9790000000000008,0.022925985015668303,0.9790000000000008,0.0,0.022917651,6.0
3.7560859577766164,-0.022844510969810394,6.0,512.3900868768261,4.430821685464736,0.9800000000000008,0.02292598452270788,0.9800000000000008,0.0,0.022917651,6.0
3.7563820046482412,-0.019818051323115014,6.0,513.5253084928623,4.429436976378153,0.9810000000000008,0.02292598401965351,0.9810000000000008,0.0,0.022917651,6.0
3.7566770121793795,-0.016781767427045242,6.0,514.6751673920135,4.428038305134579,0.9820000000000008,0.02292598351690025,0.9820000000000008,0.0,0.022917651,6.0
3.7569715265326407,-0.013735176884512982,6.0,515.8396098015808,4.42662735011544,0.9830000000000009,0.022925983015780183,0.9830000000000008,0.0,0.022917651,6.0
3.7572656548989425,-0.010677691610775482,6.0,517.0188475035827,4.425203946733502,0.9840000000000008,0.022925982515343387,0.9840000000000008,0.0,0.022917651,6.0
3.757559065290938,-0.007608019720672241,6.0,518.2132583768471,4.423765496120243,0.9850000000000008,0.02292598200290857,0.9850000000000008,0.0,0.022917651,6.0
3.7578518699057546,-0.004527356970284885,6.0,519.4228771930639,4.422313633482901,0.9860000000000009,0.022925981501501817,0.9860000000000008,0.0,0.022917651,6.0
3.7581441485487743,-0.0014356266726415854,6.0,520.6479897768962,4.420848593132409,0.9870000000000008,0.022925981002684524,0.9870000000000008,0.0,0.022917651,6.0
3.7584359133014122,0.001667430157391606,6.0,521.8888387624761,4.4193701628907665,0.9880000000000008,0.02292598053408423,0.9880000000000008,0.0,0.022917651,6.0
3.7587271918231164,0.00478221285584491,6.0,523.1455814705747,4.417878061635337,0.9890000000000008,0.022925980169494268,0.9890000000000008,0.0,0.022917651,6.0
3.759017834748172,0.007909663663866917,6.0,524.4186218021891,4.416370758278634,0.9900000000000009,0.022925979658708222,0.9900000000000008,0.0,0.022917651,6.0
3.759307947600487,0.011049021728146582,6.0,525.7079021547795,4.414849427164068,0.9910000000000008,0.022925979126782414,0.9910000000000008,0.0,0.022917651,6.0
3.7595976130114583,0.014200935641273126,6.0,527.0136864425483,4.413313755544871,0.9920000000000008,0.022925978595528574,0.9920000000000008,0.0,0.022917651,6.0
3.759886782968915,0.017365716860414313,6.0,528.3362666543154,4.411763239566771,0.9930000000000008,0.022925978069286288,0.9930000000000008,0.0,0.022917651,6.0
3.7601752322120015,0.020543084132652475,6.0,529.6759355825808,4.4101972495257495,0.9940000000000008,0.022925977536416925,0.9940000000000008,0.0,0.022917651,6.0
3.760462739842175,0.02373338907183943,6.0,531.0330530866922,4.408614536129112,0.9950000000000008,0.022925977001369734,0.9950000000000008,0.0,0.022917651,6.0
3.7607496775748834,0.026937407557508505,6.0,532.4077499123318,4.407015837800195,0.9960000000000008,0.022925976476737407,0.9960000000000008,0.0,0.022917651,6.0
3.7610359916584377,0.030154718786667666,6.0,533.8001515257524,4.4054013537746775,0.9970000000000009,0.02292597593544132,0.9970000000000008,0.0,0.022917651,6.0
3.7613216216857417,0.03338545217351497,6.0,535.2105890666287,4.4037707145987985,0.9980000000000008,0.02292597540098963,0.9980000000000008,0.0,0.022917651,6.0
3.761606517119389,0.03663007160536176,6.0,536.6393426294522,4.402123261804751,0.9990000000000008,0.022925974865347084,0.9990000000000008,0.0,0.022917651,6.0
3.7618907614113364,0.03988934298652798,6.0,538.0866494851164,4.400458546874073,1.0000000000000009,0.022925974324287075,1.0000000000000009,0.0,0.022917651,6.0
3.7621169079048986,0.042409909478096114,6.0,539.0131132240233,4.399256478658473,1.0010000000000008,0.02292597430329426,1.0010000000000008,0.0,0.022917651,6.0
3.7623426971726857,0.04493620108101938,6.0,539.9488750407276,4.398047276290953,1.002000000000001,0.022925974279146694,1.002000000000001,0.0,0.022917651,6.0
3.762568225850094,0.04746631402660192,6.0,540.8939215493596,4.396833213048428,1.0030000000000008,0.0229259742540453,1.0030000000000008,0.0,0.022917651,6.0
3.7627932534070996,0.050001987329608734,6.0,541.8485963469678,4.395611567042821,1.004000000000001,0.02292597422590475,1.004000000000001,0.0,0.022917651,6.0
3.7630179978448277,0.05254175088064038,6.0,542.8128540461481,4.394384704482192,1.005000000000001,0.022925974195851982,1.0050000000000008,0.0,0.022917651,6.0
3.763242385677463,0.05508656042787382,6.0,543.7869410472962,4.393151380309178,1.006000000000001,0.022925974162267684,1.006000000000001,0.0,0.022917651,6.0
3.7634663441701113,0.057636686108386945,6.0,544.7710341108348,4.3919110159894945,1.0070000000000008,0.022925974137329084,1.0070000000000008,0.0,0.022917651,6.0
3.7636899514140665,0.06019119997104973,6.0,545.7651914236558,4.390664855054979,1.008000000000001,0.022925974117161036,1.008000000000001,0.0,0.022917651,6.0
3.7639128413496366,0.06275139894660245,6.0,546.7697272836434,4.389410144911837,1.009000000000001,0.022925974090406358,1.0090000000000008,0.0,0.022917651,6.0
3.7641353861967635,0.06531600611421244,6.0,547.7845755603257,4.388149648054633,1.0100000000000011,0.022925974063189792,1.010000000000001,0.0,0.022917651,6.0
3.76435748287998,0.06788655142907409,6.0,548.8100331036861,4.38688142449721,1.0110000000000008,0.022925974035826583,1.0110000000000008,0.0,0.022917651,6.0
3.764579189493111,0.07046223371317184,6.0,549.8463016975794,4.38560649162878,1.012000000000001,0.022925974003600757,1.012000000000001,0.0,0.022917651,6.0
3.7648005499427746,0.07304228064431918,6.0,550.893430912933,4.384325803029372,1.0130000000000008,0.022925973969002474,1.0130000000000008,0.0,0.022917651,6.0
3.7650212248652597,0.07562869914863897,6.0,551.9519594332077,4.383036007482248,1.0140000000000011,0.022925973948818554,1.014000000000001,0.0,0.022917651,6.0
3.765241209464561,0.07822018145085285,6.0,553.0217860688462,4.381738388739848,1.0150000000000008,0.022925973925086537,1.0150000000000008,0.0,0.022917651,6.0
3.76546033029965,0.0808174600747064,6.0,554.1032243253436,4.380431520935559,1.016000000000001,0.02292597389655854,1.016000000000001,0.0,0.022917651,6.0
3.765679011376115,0.0834195057740366,6.0,555.1965717157663,4.3791181325686495,1.0170000000000008,0.02292597386895336,1.0170000000000008,0.0,0.022917651,6.0
3.7658972714514904,0.08602608941468044,6.0,556.3017868017496,4.3777985226621,1.0180000000000011,0.022925973839350106,1.018000000000001,0.0,0.022917651,6.0
3.766114963538907,0.0886385679305503,6.0,557.4193477705207,4.376470744061128,1.019000000000001,0.02292597380391811,1.0190000000000008,0.0,0.022917651,6.0
3.7663318821260785,0.09125707213155268,6.0,558.5496091386503,4.375133839499627,1.020000000000001,0.022925973778728206,1.020000000000001,0.0,0.022917651,6.0
3.766548217410626,0.0938805949860076,6.0,559.6925410733139,4.37378958148098,1.021000000000001,0.022925973754752776,1.0210000000000008,0.0,0.022917651,6.0
3.7667638900356626,0.09651009908770988,6.0,560.8488495194224,4.3724366949690285,1.022000000000001,0.022925973719046117,1.022000000000001,0.0,0.022917651,6.0
3.7669787923236147,0.09914471048363632,6.0,562.0184147850264,4.371075622526522,1.023000000000001,0.022925973692810846,1.0230000000000008,0.0,0.022917651,6.0
3.767192829673698,0.10178436793463734,6.0,563.2013288678464,4.369706044040615,1.024000000000001,0.022925973668507453,1.024000000000001,0.0,0.022917651,6.0
3.7674050722456625,0.10443120039374194,6.0,564.3984163402206,4.368322105729754,1.0250000000000008,0.022925973632526124,1.0250000000000008,0.0,0.022917651,6.0
3.7676161542328805,0.10708237545722019,6.0,565.6096488781585,4.366929184912748,1.026000000000001,0.022925973608715587,1.026000000000001,0.0,0.022917651,6.0
3.7678263216118313,0.1097380231778959,6.0,566.8350875513357,4.365528132647503,1.0270000000000008,0.022925973586508334,1.0270000000000008,0.0,0.022917651,6.0
3.768035412440283,0.11239925574567099,6.0,568.0754769824586,4.364117185835863,1.0280000000000011,0.022925973551760313,1.028000000000001,0.0,0.022917651,6.0
3.768243869485145,0.11506713458182363,6.0,569.3315237569602,4.362697063452635,1.0290000000000008,0.022925973517966675,1.0290000000000008,0.0,0.022917651,6.0
3.768451724279404,0.11774043583411606,6.0,570.6030439228862,4.361269111944494,1.030000000000001,0.022925973487343775,1.030000000000001,0.0,0.022917651,6.0
3.768658897127512,0.12041921508250844,6.0,571.8905658946085,4.3598329561793685,1.0310000000000006,0.02292597346221649,1.0310000000000008,0.0,0.022917651,6.0
3.7688650706529687,0.12310382906689137,6.0,573.1953402980039,4.358386947907251,1.032000000000001,0.022925973426800805,1.032000000000001,0.0,0.022917651,6.0
3.7690703983072944,0.12579357623063178,6.0,574.5166563833592,4.356932431925994,1.0330000000000008,0.022925973397390286,1.0330000000000008,0.0,0.022917651,6.0
3.7692749004003807,0.12848854099050816,6.0,575.854907427005,4.355469406431006,1.034000000000001,0.022925973372416815,1.034000000000001,0.0,0.022917651,6.0
3.769478645566868,0.1311895238457812,6.0,577.2116203098626,4.353997338132255,1.0350000000000008,0.02292597333588615,1.0350000000000008,0.0,0.022917651,6.0
3.769681387421728,0.13389565311671509,6.0,578.5868793022986,4.352516096962233,1.036000000000001,0.022925973308826217,1.036000000000001,0.0,0.022917651,6.0
3.7698831628460194,0.1366069028314648,6.0,579.9806880527353,4.351025872924518,1.037000000000001,0.022925973279876288,1.0370000000000008,0.0,0.022917651,6.0
3.7700839261480854,0.13932344398188695,6.0,581.3935192526877,4.349526320670127,1.038000000000001,0.022925973243567207,1.038000000000001,0.0,0.022917651,6.0
3.7702834975750643,0.14204580446121617,6.0,582.8275044103731,4.348016160579025,1.0390000000000008,0.02292597321320333,1.0390000000000008,0.0,0.022917651,6.0
3.7704820065885785,0.14477307305675824,6.0,584.2818796289417,4.34649686192599,1.040000000000001,0.022925973182410297,1.040000000000001,0.0,0.022917651,6.0
3.7706793322116257,0.14750494272707138,6.0,585.7572278810484,4.344968232298426,1.041000000000001,0.022925973149112835,1.0410000000000008,0.0,0.022917651,6.0
3.7708753589120496,0.15024123400474124,6.0,587.2542666255183,4.343429976760647,1.0420000000000011,0.022925973112645735,1.042000000000001,0.0,0.022917651,6.0
3.7710700327732543,0.15298297146870238,6.0,588.7748953604786,4.341880856459912,1.0430000000000008,0.02292597308581347,1.0430000000000008,0.0,0.022917651,6.0
3.7712634960978932,0.15572979357060746,6.0,590.3188933336176,4.340321810990361,1.044000000000001,0.02292597305232269,1.044000000000001,0.0,0.022917651,6.0
3.771455701567067,0.15848107205296955,6.0,591.8867581875925,4.338753277648354,1.045000000000001,0.022925973018263754,1.0450000000000008,0.0,0.022917651,6.0
3.771646570240424,0.1612365845507912,6.0,593.4791483903009,4.33717516338108,1.0460000000000012,0.022925972986173694,1.046000000000001,0.0,0.022917651,6.0
3.7718359394734016,0.16399668858082733,6.0,595.0970681546984,4.335586461776483,1.0470000000000008,0.022925972955167108,1.0470000000000008,0.0,0.022917651,6.0
3.7720235644489057,0.16676051032173014,6.0,596.7428442608941,4.33398706751438,1.048000000000001,0.022925972918118192,1.048000000000001,0.0,0.022917651,6.0
3.7722095810615723,0.16952816885171546,6.0,598.4154942224664,4.33237740816129,1.0490000000000008,0.022925972886508935,1.0490000000000008,0.0,0.022917651,6.0
3.772393854584321,0.17229976808187905,6.0,600.1155983214459,4.33075683551047,1.0500000000000012,0.022925972855016217,1.050000000000001,0.0,0.022917651,6.0
3.7725762609376696,0.17507515174325117,6.0,601.8438872994799,4.329125005349458,1.0510000000000008,0.02292597281868887,1.0510000000000008,0.0,0.022917651,6.0
3.7727565809583243,0.17785342080466038,6.0,603.6024888945374,4.327481947086628,1.052000000000001,0.022925972780784874,1.052000000000001,0.0,0.022917651,6.0
3.77293475138486,0.18063409021700905,6.0,605.3920822112686,4.325827876858811,1.053000000000001,0.022925972760964176,1.0530000000000008,0.0,0.022917651,6.0
3.773111015752193,0.1834177477900829,6.0,607.2126195546462,4.3241632073226,1.054000000000001,0.02292597273102985,1.054000000000001,0.0,0.022917651,6.0
3.7732852503235503,0.18620434963504165,6.0,609.0647685102897,4.32248747117141,1.0550000000000006,0.022925973005810764,1.0550000000000008,0.0,0.022917651,6.0
3.773457309934878,0.188993376135029,6.0,610.9492031017554,4.320800603461222,1.056000000000001,0.02292597345472596,1.056000000000001,0.0,0.022917651,6.0
3.773627037160646,0.19178393549543707,6.0,612.8666943164823,4.319102884936916,1.0570000000000008,0.02292597340803738,1.0570000000000008,0.0,0.022917651,6.0
3.7737934407042153,0.19457730020482003,6.0,614.8184106660678,4.317389057871495,1.058000000000001,0.022925973351777436,1.058000000000001,0.0,0.022917651,6.0
3.773956803851971,0.1973723969335781,6.0,616.8045712825663,4.3156613417903245,1.0590000000000008,0.02292597329989715,1.0590000000000008,0.0,0.022917651,6.0
3.7741178647831877,0.20016918545905507,6.0,618.824097667243,4.313922718787889,1.060000000000001,0.022925973248015506,1.060000000000001,0.0,0.022917651,6.0
3.7742765701338565,0.20296774508966248,6.0,620.8771166516874,4.312172908983076,1.061000000000001,0.022925973193709596,1.0610000000000008,0.0,0.022917651,6.0
3.774432678278194,0.20576810554940003,6.0,622.9636294174022,4.310410917059674,1.062000000000001,0.022925973137732085,1.062000000000001,0.0,0.022917651,6.0
3.7745860459005787,0.20857021113070873,6.0,625.0830584813916,4.3086362071604825,1.0630000000000006,0.02292597308364138,1.0630000000000008,0.0,0.022917651,6.0
3.7747365830908994,0.211373971672866,6.0,627.2343776567427,4.306848524700601,1.064000000000001,0.02292597303367135,1.064000000000001,0.0,0.022917651,6.0
3.774884447294838,0.21417977988964368,6.0,629.4166789497868,4.305048094453913,1.0650000000000008,0.022925972977184485,1.0650000000000008,0.0,0.022917651,6.0
3.7750296638612584,0.2169887422108439,6.0,631.627171558097,4.30323392500226,1.0660000000000012,0.02292597292037521,1.066000000000001,0.0,0.022917651,6.0
3.7751723610275705,0.21980141663712618,6.0,633.8634093702336,4.301405970990277,1.0670000000000008,0.02292597286866781,1.0670000000000008,0.0,0.022917651,6.0
3.77531250992313,0.2226180007256797,6.0,636.1225106308656,4.299563910561282,1.0680000000000007,0.02292597281554598,1.068000000000001,0.0,0.022917651,6.0
3.775450079871293,0.22543923629722992,6.0,638.4011120891089,4.297706875486848,1.0690000000000008,0.02292597275846204,1.0690000000000008,0.0,0.022917651,6.0
3.7755851409882175,0.2282665718122445,6.0,640.6951539091663,4.2958337061683975,1.070000000000001,0.022925972706967553,1.070000000000001,0.0,0.022917651,6.0
3.7757178095577153,0.23110124272253738,6.0,642.999757258529,4.293943643013159,1.0710000000000006,0.022925972669726985,1.0710000000000008,0.0,0.022917651,6.0
3.7758481940725463,0.23394391970378192,6.0,645.3102161172548,4.292036436986573,1.072000000000001,0.022925972614676868,1.072000000000001,0.0,0.022917651,6.0
3.775976233849913,0.23679732526753985,6.0,647.6173319824862,4.290109114147931,1.0730000000000008,0.02292597255759292,1.0730000000000008,0.0,0.022917651,6.0
3.7761026930124038,0.23966305633969173,6.0,649.9164209368481,4.288163137841129,1.0740000000000012,0.022925972506848136,1.074000000000001,0.0,0.022917651,6.0
3.7762265357188967,0.24254253172849832,6.0,652.2010250013305,4.286192951591368,1.0750000000000008,0.02292597245600981,1.0750000000000008,0.0,0.022917651,6.0
3.7763487458897176,0.24543724133046957,6.0,654.4630273758754,4.284201011130165,1.0760000000000007,0.022925972399525082,1.076000000000001,0.0,0.022917651,6.0
3.776469699585309,0.2483501172401687,6.0,656.694746900349,4.282185893032293,1.0770000000000008,0.022925972346726903,1.0770000000000008,0.0,0.022917651,6.0
3.7765893329144675,0.2512809719995694,6.0,658.8896095313122,4.280147490188215,1.078000000000001,0.022925972290301192,1.078000000000001,0.0,0.022917651,6.0
3.776707733753943,0.2542336899672265,6.0,661.0391868334507,4.278082311670321,1.0790000000000008,0.02292597223239325,1.0790000000000008,0.0,0.022917651,6.0
3.7768250237490677,0.25721045023646394,6.0,663.1345113080735,4.275988631724973,1.080000000000001,0.02292597217837685,1.080000000000001,0.0,0.022917651,6.0
3.776941559571595,0.260211613634625,6.0,665.1777533848817,4.273867527398171,1.0810000000000008,0.022925972121708393,1.0810000000000008,0.0,0.022917651,6.0
3.7770587026425892,0.26324406591848604,6.0,667.2267552599603,4.271717579558685,1.082000000000001,0.022925972063613416,1.082000000000001,0.0,0.022917651,6.0
3.777177108490518,0.26630994830989785,6.0,669.3232258015954,4.2695392567742045,1.083000000000001,0.022925972008129764,1.0830000000000009,0.0,0.022917651,6.0
3.777295481476697,0.2694047053334636,6.0,671.4772040095564,4.267331924275467,1.084000000000001,0.022925971951642858,1.084000000000001,0.0,0.022917651,6.0
3.77741322958753,0.2725295770145097,6.0,673.6889674513147,4.265091970113716,1.0850000000000009,0.022925971895666954,1.0850000000000009,0.0,0.022917651,6.0
3.7775304514179373,0.27568772523873813,6.0,675.9609668133025,4.262816636593404,1.086000000000001,0.022925971844644812,1.086000000000001,0.0,0.022917651,6.0
3.7776471838816286,0.2788801449627558,6.0,678.3000514525328,4.260505076038311,1.0870000000000006,0.022925971786983024,1.0870000000000009,0.0,0.022917651,6.0
3.7777637800381583,0.28210575383309733,6.0,680.7204287492618,4.25815977304755,1.0880000000000012,0.022925971727701742,1.088000000000001,0.0,0.022917651,6.0
3.7778790759606857,0.28536926597896023,6.0,683.2285497479281,4.255771361698105,1.0890000000000009,0.022925971672926444,1.0890000000000009,0.0,0.022917651,6.0
3.7779933049152494,0.2886648699139494,6.0,685.8226618343778,4.253346617248842,1.090000000000001,0.022925971636605858,1.090000000000001,0.0,0.022917651,6.0
3.778106166240913,0.2919931605339711,6.0,688.4959941321162,4.250883690468492,1.091000000000001,0.02292597157732458,1.0910000000000009,0.0,0.022917651,6.0
3.778217650222838,0.2953540514036879,6.0,691.2484930764853,4.2483826516281376,1.0920000000000012,0.022925971518140787,1.092000000000001,0.0,0.022917651,6.0
3.7783274254564456,0.2987520951180205,6.0,694.0868304060579,4.245837626372591,1.093000000000001,0.02292597146068469,1.0930000000000009,0.0,0.022917651,6.0
3.7784353144449985,0.30217898663830517,6.0,697.0010376172959,4.243256236994604,1.094000000000001,0.022925971401128748,1.094000000000001,0.0,0.022917651,6.0
3.778541076637234,0.3056397262557412,6.0,699.995321256924,4.240632460809521,1.095000000000001,0.02292597134684331,1.0950000000000009,0.0,0.022917651,6.0
3.778644191554488,0.3091316026842284,6.0,703.0690758264147,4.237966989884575,1.096000000000001,0.022925971286411523,1.096000000000001,0.0,0.022917651,6.0
3.778744686159368,0.3126533533424583,6.0,706.2199945973179,4.235261138825341,1.0970000000000009,0.022925971225756916,1.0970000000000009,0.0,0.022917651,6.0
3.778842207341378,0.31620820353243373,6.0,709.4534747800415,4.232510297205628,1.098000000000001,0.022925971165461776,1.098000000000001,0.0,0.022917651,6.0
3.7789365937397226,0.3197920033500699,6.0,712.7665287213432,4.22971796450428,1.099000000000001,0.02292597110472236,1.0990000000000009,0.0,0.022917651,6.0
3.7790282482497983,0.32340721795125016,6.0,716.1649331003898,4.226883294577494,1.1000000000000012,0.022925971043793084,1.100000000000001,0.0,0.022917651,6.0
3.7790442679091667,0.3260261994132401,6.0,718.3773617105404,4.224706271234194,1.1010000000000009,0.0229259710380718,1.1010000000000009,0.0,0.022917651,6.0
3.779061158365672,0.3286562141006748,6.0,720.6039136251499,4.222521707483455,1.102000000000001,0.022925971032350514,1.102000000000001,0.0,0.022917651,6.0
3.7790793552926654,0.33129559023965255,6.0,722.8380820407989,4.220333008185489,1.103000000000001,0.022925971026629233,1.1030000000000009,0.0,0.022917651,6.0
3.779098898438305,0.3339446126436898,6.0,725.0800986824966,4.21814004752009,1.1040000000000014,0.02292597102090795,1.104000000000001,0.0,0.022917651,6.0
3.7791195411196696,0.3366051186631869,6.0,727.3348150413087,4.215940001778348,1.105000000000001,0.02292597101518666,1.1050000000000009,0.0,0.022917651,6.0
3.7791413263588742,0.33927740956174063,6.0,729.6021595122176,4.213732741713581,1.1060000000000008,0.022925971009465373,1.106000000000001,0.0,0.022917651,6.0
3.7791645312321305,0.34196056272629916,6.0,731.8785702102887,4.211520297920113,1.1070000000000009,0.02292597100374409,1.1070000000000009,0.0,0.022917651,6.0
3.779189133646461,0.34465567994279167,6.0,734.1665882610498,4.209301477724505,1.108000000000001,0.022925970998022807,1.108000000000001,0.0,0.022917651,6.0
3.779215064507043,0.3473644230553989,6.0,736.4701439127913,4.207074338871786,1.1090000000000009,0.022925970992301526,1.1090000000000009,0.0,0.022917651,6.0
3.7792425414452233,0.35008526232938963,6.0,738.7837319213825,4.204841288130275,1.1100000000000012,0.02292597098658024,1.110000000000001,0.0,0.022917651,6.0
3.779271528892689,0.35281926323927376,6.0,741.1098468540056,4.202601118135704,1.1110000000000009,0.022925970982219088,1.1110000000000009,0.0,0.022917651,6.0
3.7793018998776304,0.3555683109818382,6.0,743.4534399356631,4.200351436654523,1.112000000000001,0.022925970982065946,1.112000000000001,0.0,0.022917651,6.0
3.779333977431594,0.35833081437236186,6.0,745.8082133067335,4.198095125834965,1.1130000000000009,0.022925970981909436,1.1130000000000009,0.0,0.022917651,6.0
3.77936766819492,0.36110850441020304,6.0,748.1786864590446,4.1958300839839335,1.114000000000001,0.022925970980583084,1.114000000000001,0.0,0.022917651,6.0
3.779402971409299,0.36390247631853234,6.0,750.5671049397951,4.193555213895269,1.115000000000001,0.022925970977608064,1.1150000000000009,0.0,0.022917651,6.0
3.7794401645016285,0.3667114739952565,6.0,752.9681063702079,4.191272877470639,1.116000000000001,0.022925970974631216,1.116000000000001,0.0,0.022917651,6.0
3.7794791827538123,0.3695394378131442,6.0,755.3985329834474,4.188978875667275,1.1170000000000009,0.02292597096932858,1.1170000000000009,0.0,0.022917651,6.0
3.7795201864916517,0.3723846922454235,6.0,757.8475859290049,4.186675525417221,1.118000000000001,0.02292597096333263,1.118000000000001,0.0,0.022917651,6.0
3.7795648721422825,0.37524985505956737,6.0,760.4870450996841,4.184366992539236,1.119000000000001,0.02292597095733668,1.1190000000000009,0.0,0.022917651,6.0
3.7796154849982395,0.3781398517772773,6.0,763.5579611818433,4.18205732961073,1.1200000000000012,0.02292597095134073,1.120000000000001,0.0,0.022917651,6.0
3.779668355815127,0.3810482640291112,6.0,766.6437055461221,4.179738282880587,1.121000000000001,0.02292597094534478,1.1210000000000009,0.0,0.022917651,6.0
3.779715817451556,0.38396564995015675,6.0,769.7472800367093,4.177388625694908,1.122000000000001,0.022925970939348825,1.122000000000001,0.0,0.022917651,6.0
3.779765583109103,0.38690262131574943,6.0,772.8665747278606,4.175028599298759,1.123000000000001,0.022925970933352878,1.1230000000000009,0.0,0.022917651,6.0
3.779818387181734,0.38987005505435623,6.0,775.972920126436,4.172650266580343,1.1240000000000012,0.022925970927356928,1.124000000000001,0.0,0.022917651,6.0
3.7798739621048028,0.3928618836763392,6.0,779.0840220148218,4.1702586227916365,1.1250000000000009,0.022925970921360977,1.1250000000000009,0.0,0.022917651,6.0
3.7799318970919513,0.39587694978160226,6.0,782.1893245691509,4.167853178030119,1.126000000000001,0.022925970915365024,1.126000000000001,0.0,0.022917651,6.0
3.7799925270882477,0.39891578321232446,6.0,785.2983977917,4.16543474465379,1.127000000000001,0.022925970909369073,1.127000000000001,0.0,0.022917651,6.0
3.780055420544017,0.4019853610357886,6.0,788.3991801397585,4.162994634877038,1.128000000000001,0.022925970903373116,1.128000000000001,0.0,0.022917651,6.0
3.780121151381398,0.4050825152937353,6.0,791.5032862238471,4.160538302145854,1.129000000000001,0.02292597089737717,1.129000000000001,0.0,0.022917651,6.0
3.7801891129762817,0.40821101887731176,6.0,794.6111121262555,4.158059523074455,1.130000000000001,0.022925970891381223,1.130000000000001,0.0,0.022917651,6.0
3.780259941324796,0.41137008162101507,6.0,797.7233782970527,4.15556165389578,1.131000000000001,0.02292597088538527,1.131000000000001,0.0,0.022917651,6.0
3.7803328507311034,0.4145663746767906,6.0,800.8304781534049,4.153034889946332,1.132000000000001,0.02292597087938932,1.132000000000001,0.0,0.022917651,6.0
3.780408795729575,0.41779675818881384,6.0,803.9466767544324,4.150486175092192,1.1330000000000007,0.02292597087339337,1.133000000000001,0.0,0.022917651,6.0
3.7804880259688525,0.4210622039121881,6.0,807.0716391514107,4.147915536799687,1.134000000000001,0.022925970867397415,1.134000000000001,0.0,0.022917651,6.0
3.7805677735037704,0.4243764394727228,6.0,810.1830202121088,4.14529817646852,1.135000000000001,0.022925970861401464,1.135000000000001,0.0,0.022917651,6.0
3.780651058655719,0.42773070238443284,6.0,813.3024400331808,4.1426549381548154,1.136000000000001,0.022925970855405514,1.136000000000001,0.0,0.022917651,6.0
3.7807379988275236,0.43112732171371926,6.0,816.4304844856157,4.139983962112472,1.137000000000001,0.022925970850702148,1.137000000000001,0.0,0.022917651,6.0
3.7808283388439596,0.4345703962555822,6.0,819.5687189528956,4.137280127074109,1.138000000000001,0.022925970857300443,1.138000000000001,0.0,0.022917651,6.0
3.7809148262357044,0.4380785569026992,6.0,822.7016638466956,4.1344958064738435,1.1390000000000011,0.022925970854172327,1.139000000000001,0.0,0.022917651,6.0
3.7810013117188346,0.44164541604973606,6.0,825.8369198554354,4.131652775988633,1.140000000000001,0.02292597084790171,1.140000000000001,0.0,0.022917651,6.0
3.781090179780698,0.4452693391080032,6.0,828.9795853608932,4.128762205446167,1.141000000000001,0.022925970841631095,1.141000000000001,0.0,0.022917651,6.0
3.7811825694934886,0.4489527555854312,6.0,832.1320301374097,4.125826233106728,1.142000000000001,0.022925970835360472,1.142000000000001,0.0,0.022917651,6.0
3.781278191918124,0.4526992757182506,6.0,835.2950450097754,4.122840082976969,1.143000000000001,0.022925970829089856,1.143000000000001,0.0,0.022917651,6.0
3.7813581802753298,0.4565323840818186,6.0,838.4616415216275,4.119704819744541,1.144000000000001,0.022925970822819237,1.144000000000001,0.0,0.022917651,6.0
3.781420357713524,0.4604579683726258,6.0,841.6313193600039,4.116405829858242,1.145000000000001,0.022925970816548624,1.145000000000001,0.0,0.022917651,6.0
3.7814806851976397,0.4644640422133464,6.0,844.8108033151377,4.113018954069227,1.146000000000001,0.022925970810278005,1.146000000000001,0.0,0.022917651,6.0
3.781541487528263,0.46855341586498656,6.0,848.0017511950049,4.109550693501907,1.147000000000001,0.022925970804007385,1.147000000000001,0.0,0.022917651,6.0
3.781602872774587,0.4727320056808933,6.0,851.2049860588775,4.105995519538428,1.148000000000001,0.02292597079773677,1.148000000000001,0.0,0.022917651,6.0
3.7815703567979178,0.47670375218391076,6.0,854.4214549444916,4.1022716048719365,1.1490000000000007,0.02292597080547415,1.149000000000001,0.0,0.022917651,6.0
3.7813889980073445,0.48030344564503347,6.0,857.6511730945041,4.0983243637246005,1.150000000000001,0.022925970798928868,1.150000000000001,0.0,0.022917651,6.0
3.7811875301539857,0.4839427195264335,6.0,860.8953490348476,4.094257100595855,1.151000000000001,0.022925970792383586,1.151000000000001,0.0,0.022917651,6.0
3.7809646109503507,0.4876250890894349,6.0,864.154645801697,4.090060938004156,1.152000000000001,0.022925970785838298,1.152000000000001,0.0,0.022917651,6.0
3.780810557674354,0.4913527337250165,6.0,867.393322251182,4.086094963805563,1.153000000000001,0.02292597078197627,1.153000000000001,0.0,0.022917651,6.0
3.7806565557230107,0.49512129889416245,6.0,870.6310637530563,4.08208827532987,1.154000000000001,0.02292597077850824,1.154000000000001,0.0,0.022917651,6.0
3.780488969661857,0.4989324865948253,6.0,873.8723062901724,4.077984627643923,1.1550000000000011,0.022925970775033666,1.155000000000001,0.0,0.022917651,6.0
3.7803069187192535,0.5027890604028026,6.0,877.1172768639763,4.073777734069827,1.156000000000001,0.022925970771552135,1.156000000000001,0.0,0.022917651,6.0
3.780086086340442,0.5065987022644938,6.0,880.4326378081249,4.069462646302126,1.157000000000001,0.0229259707681298,1.157000000000001,0.0,0.022917651,6.0
3.7798462731200564,0.5104438378229338,6.0,883.7580528418001,4.0650361413723,1.1580000000000013,0.022925970764699887,1.158000000000001,0.0,0.022917651,6.0
3.7795876717907544,0.5143327177058358,6.0,887.0899628664039,4.060490739590486,1.1590000000000011,0.022925970761257474,1.159000000000001,0.0,0.022917651,6.0
3.779290373094009,0.518051939100255,6.0,890.50529614665,4.055960208802689,1.1600000000000013,0.022925970762485117,1.160000000000001,0.0,0.022917651,6.0
3.7789608961728125,0.5216783342146096,6.0,893.9739239205654,4.051393792674319,1.1610000000000011,0.0229259707662039,1.161000000000001,0.0,0.022917651,6.0
3.778607787536648,0.5253263538951847,6.0,897.4557844358166,4.046711225329829,1.162000000000001,0.022925970769841635,1.162000000000001,0.0,0.022917651,6.0
3.778234754770231,0.5288071372845382,6.0,901.102359052904,4.042116196317514,1.1630000000000011,0.02292597076742605,1.163000000000001,0.0,0.022917651,6.0
3.77783952902068,0.5322338147727469,6.0,904.8190078034891,4.037486500820767,1.164000000000001,0.02292597076309604,1.164000000000001,0.0,0.022917651,6.0
3.777420992769346,0.5356486270000536,6.0,908.5781774196597,4.032775428864141,1.165000000000001,0.022925970759477433,1.165000000000001,0.0,0.022917651,6.0
3.776998736910993,0.5388753559683428,6.0,912.5783617666273,4.028237564786044,1.166000000000001,0.022925970765241364,1.166000000000001,0.0,0.022917651,6.0
3.776553723082305,0.5420895167576545,6.0,916.6160989528829,4.023621237013917,1.167000000000001,0.02292597077066367,1.167000000000001,0.0,0.022917651,6.0
3.776085921743443,0.5452509059200533,6.0,920.758451114641,4.018966527648037,1.1680000000000013,0.022925970780529072,1.168000000000001,0.0,0.022917651,6.0
3.7755960701317695,0.5483494676450289,6.0,925.0173086273071,4.014286440822869,1.169000000000001,0.02292597079513432,1.169000000000001,0.0,0.022917651,6.0
3.775082040161626,0.5514249093828378,6.0,929.325999357251,4.009532760479032,1.170000000000001,0.022925970809123904,1.170000000000001,0.0,0.022917651,6.0
3.7745359347581884,0.5544192322147977,6.0,933.7781539439467,4.004731904277684,1.1710000000000012,0.0229259708271472,1.171000000000001,0.0,0.022917651,6.0
3.773965049146252,0.557385886257816,6.0,938.2817687962754,3.9998595961657473,1.172000000000001,0.02292597084489723,1.172000000000001,0.0,0.022917651,6.0
3.773354832640077,0.5602735623559123,6.0,942.898058978793,3.9949089422383075,1.173000000000001,0.022925970903200033,1.173000000000001,0.0,0.022917651,6.0
3.7727143802001804,0.5631125915273161,6.0,947.5869388718297,3.9898859918434257,1.174000000000001,0.022925970974271064,1.174000000000001,0.0,0.022917651,6.0
3.7720256256625975,0.5658701752618053,6.0,952.3706055697935,3.9847512750310425,1.175000000000001,0.022925971153281544,1.175000000000001,0.0,0.022917651,6.0
3.771299128248064,0.5685664723773153,6.0,957.2296382720515,3.979526871257467,1.176000000000001,0.022925971385489234,1.176000000000001,0.0,0.022917651,6.0
3.7705265604211604,0.5711526610525498,6.0,962.2060230103042,3.9742283026309018,1.1770000000000012,0.022925971773355945,1.177000000000001,0.0,0.022917651,6.0
3.769718140098931,0.573667819073756,6.0,967.2625889129238,3.96885735601134,1.178000000000001,0.022925972225794893,1.178000000000001,0.0,0.022917651,6.0
3.7688499988366684,0.5760382836662927,6.0,972.4488434430829,3.9633921974533943,1.1790000000000012,0.0229259729642532,1.179000000000001,0.0,0.022917651,6.0
3.767928038222495,0.5783171552076898,6.0,977.7147477260648,3.957803364090011,1.180000000000001,0.02292597382950123,1.180000000000001,0.0,0.022917651,6.0
3.766941769546801,0.5804866802079413,6.0,983.0663726030648,3.9520666593906473,1.181000000000001,0.022925974865461392,1.181000000000001,0.0,0.022917651,6.0
3.7658889671859845,0.582488174771123,6.0,988.538290772194,3.9462318348894962,1.182000000000001,0.022925976450408236,1.182000000000001,0.0,0.022917651,6.0
3.7647778601247928,0.5843387826201442,6.0,994.1131294530888,3.9403146851866073,1.183000000000001,0.022925978552928,1.183000000000001,0.0,0.022917651,6.0
3.763595035396478,0.5860203797493582,6.0,999.7889829264604,3.93427967814598,1.184000000000001,0.022925981615774815,1.184000000000001,0.0,0.022917651,6.0
3.7623137250273953,0.5875093065691559,6.0,1005.5574289152418,3.928043387953196,1.185000000000001,0.02292598647312475,1.185000000000001,0.0,0.022917651,6.0
3.760932247654716,0.5887525620582297,6.0,1011.430509983507,3.9216521241254965,1.1860000000000008,0.022925992566045855,1.186000000000001,0.0,0.022917651,6.0
3.7594389927700553,0.5896887261927944,6.0,1017.4223180385711,3.915120828962401,1.1870000000000012,0.02292600189569206,1.187000000000001,0.0,0.022917651,6.0
3.7578036039566602,0.5902918992758621,6.0,1023.4988215974804,3.9083539721142686,1.188000000000001,0.022926014042445604,1.188000000000001,0.0,0.022917651,6.0
3.755996304325982,0.5904625970940834,6.0,1029.6568882729068,3.9013319638186594,1.189000000000001,0.02292603452899595,1.189000000000001,0.0,0.022917651,6.0
3.7540103661091107,0.5900951778966769,6.0,1035.8999797793888,3.8941335184018246,1.190000000000001,0.022926066482412633,1.190000000000001,0.0,0.022917651,6.0
3.7517722425936695,0.589063990910281,6.0,1042.2028259111735,3.8865900863227774,1.191000000000001,0.022926119829891366,1.191000000000001,0.0,0.022917651,6.0
3.749230328523219,0.587043262131023,6.0,1048.5501851251654,3.8788210519292656,1.1920000000000013,0.02292620947627509,1.192000000000001,0.0,0.022917651,6.0
3.746278167993241,0.5837818210011806,6.0,1054.9145814727924,3.870651726771625,1.1930000000000012,0.022926387060656642,1.193000000000001,0.0,0.022917651,6.0
3.742851154062934,0.5788815222045397,6.0,1061.26627071594,3.862221865204155,1.194000000000001,0.022926759126650324,1.194000000000001,0.0,0.022917651,6.0
3.7388675663084308,0.5720037003663949,6.0,1067.562100253312,3.85354322187733,1.1950000000000012,0.02292761601205418,1.195000000000001,0.0,0.022917651,6.0
3.734293262996264,0.5631289945661825,6.0,1073.750019538228,3.8444986101249166,1.196000000000001,0.02292983907283367,1.196000000000001,0.0,0.022917651,6.0
3.729224779503323,0.5528904741006233,6.0,1079.782295574083,3.8348410660618737,1.197000000000001,0.022936112727796415,1.197000000000001,0.0,0.022917651,6.0
3.7238917633427158,0.5426660387849397,6.0,1085.640508370407,3.824111336280198,1.198000000000001,0.022953071562572612,1.198000000000001,0.0,0.022917651,6.0
3.7185348463813592,0.5338469186375823,6.0,1091.3743300358062,3.8118806527039535,1.199000000000001,0.022983710835721517,1.199000000000001,0.0,0.022917651,6.0
3.7133518169223163,0.5276016762142681,6.0,1097.0337474675787,3.7977716758474953,1.200000000000001,0.023031920041299597,1.200000000000001,0.0,0.022917651,6.0
3.7101299910997128,0.5260896862458425,6.0,1100.7327769415115,3.7867439795502973,1.201000000000001,0.02307850285289485,1.201000000000001,0.0,0.022917651,6.0
3.707131308603333,0.5265521447381664,6.0,1104.4270825088695,3.7746344195281836,1.202000000000001,0.02313914247738128,1.202000000000001,0.0,0.022917651,6.0
3.7044427006620344,0.5292680716202237,6.0,1108.136124179644,3.7615116808543707,1.203000000000001,0.023222340260823406,1.203000000000001,0.0,0.022917651,6.0
3.702019940030626,0.5340833046313304,6.0,1111.8843915802747,3.7473530082949997,1.2040000000000013,0.023331893750758143,1.204000000000001,0.0,0.022917651,6.0
3.6999107491000824,0.540927251381948,6.0,1115.6982861839965,3.732419938823977,1.2050000000000012,0.02346927932724198,1.205000000000001,0.0,0.022917651,6.0
3.6980367005773664,0.5494906215216291,6.0,1119.6040299396739,3.7167079847891435,1.206000000000001,0.023633422750641498,1.206000000000001,0.0,0.022917651,6.0
3.6963799605623997,0.559594159427119,6.0,1123.6325346371013,3.7003251118830414,1.207000000000001,0.023825661540762842,1.207000000000001,0.0,0.022917651,6.0
3.6949107459829498,0.5710393994162606,6.0,1127.8098931866093,3.6833506249693984,1.2080000000000013,0.024027316594023615,1.208000000000001,0.0,0.022917651,6.0
3.69359960233478,0.5836418272403717,6.0,1132.1544796386697,3.665851266925127,1.2090000000000012,0.02427085744180648,1.209000000000001,0.0,0.022917651,6.0
3.6923858476188585,0.5972806988398178,6.0,1136.6861930168727,3.647704976980727,1.2100000000000013,0.024561043609480523,1.210000000000001,0.0,0.022917651,6.0
3.6912907369884826,0.6119755166059503,6.0,1141.4229871849757,3.628977355211839,1.211000000000001,0.024858750213716793,1.211000000000001,0.0,0.022917651,6.0
3.6902932684729004,0.6277081979902664,6.0,1146.3888309421434,3.6096024138722926,1.2120000000000013,0.02524228225410089,1.212000000000001,0.0,0.022917651,6.0
3.6893781277658295,0.6444788541381048,6.0,1151.6076662724802,3.5895188056953415,1.213000000000001,0.025645344433147095,1.213000000000001,0.0,0.022917651,6.0
3.6885448012375903,0.6622316080535606,6.0,1157.0973170993518,3.5687803674463736,1.2140000000000013,0.026124565666096777,1.214000000000001,0.0,0.022917651,6.0
3.6877543367562553,0.6810179267786584,6.0,1162.8985016521221,3.5471798189494153,1.2150000000000007,0.02661864820655204,1.215000000000001,0.0,0.022917651,6.0
3.687012714023332,0.7008147428337228,6.0,1169.0305756804053,3.5247641271500356,1.2160000000000013,0.027174465296268657,1.216000000000001,0.0,0.022917651,6.0
3.6862881009857915,0.721683238573347,6.0,1175.5385325676812,3.5013448018956765,1.2170000000000007,0.027753841582048893,1.217000000000001,0.0,0.022917651,6.0
3.6855854255196014,0.7436699501094182,6.0,1182.461724331576,3.4768950136764953,1.2180000000000013,0.028380623075825853,1.218000000000001,0.0,0.022917651,6.0
3.684870462553885,0.7668689766663742,6.0,1189.8409059316382,3.4511837550263436,1.219000000000001,0.02906886726850955,1.219000000000001,0.0,0.022917651,6.0
3.684152098909636,0.7914059827363499,6.0,1197.7391627890006,3.4241209212886465,1.2200000000000013,0.0297319939904857,1.220000000000001,0.0,0.022917651,6.0
3.6833758518458617,0.8172876661852085,6.0,1206.2020120626933,3.395481874067453,1.2210000000000008,0.030436729616392814,1.221000000000001,0.0,0.022917651,6.0
3.682558602139201,0.8448761412831794,6.0,1215.3152646407232,3.36497201344444,1.2220000000000013,0.031178678711761765,1.222000000000001,0.0,0.022917651,6.0
3.6816839163916226,0.8741921882184374,6.0,1225.1546146684916,3.332504857429695,1.223000000000001,0.03186008373791794,1.223000000000001,0.0,0.022917651,6.0
3.68073438723805,0.9056038006535077,6.0,1235.826462061912,3.2976427266010897,1.2240000000000013,0.032516261814094616,1.224000000000001,0.0,0.022917651,6.0
3.6796794367202104,0.9393067538508085,6.0,1247.4596092630209,3.2600676098569914,1.225000000000001,0.03310778715753596,1.225000000000001,0.0,0.022917651,6.0
3.678432655022763,0.9757026377389888,6.0,1260.2048782560057,3.2190322128700046,1.2260000000000013,0.03366742302135714,1.226000000000001,0.0,0.022917651,6.0
3.6770428148110024,1.015160683342044,6.0,1274.2594382615148,3.174362427669698,1.227000000000001,0.034143399661084206,1.227000000000001,0.0,0.022917651,6.0
3.675450853442833,1.0584355193884947,6.0,1289.874898150092,3.1250673701465863,1.2280000000000013,0.034556703174150466,1.228000000000001,0.0,0.022917651,6.0
3.673612947118488,1.1061598983285206,6.0,1307.3906654071836,3.0703389825298806,1.2290000000000008,0.034903655648585365,1.229000000000001,0.0,0.022917651,6.0
3.6714420451751426,1.1592188530887528,6.0,1327.3288114958966,3.0089440436781714,1.2300000000000009,0.03514872279803595,1.230000000000001,0.0,0.022917651,6.0
3.668817886475262,1.2191165131605404,6.0,1350.355373481719,2.938897375453963,1.231000000000001,0.035307977063555374,1.231000000000001,0.0,0.022917651,6.0
3.665650494302252,1.287691367986377,6.0,1377.484476253337,2.8580005673762945,1.232000000000001,0.03538894565575923,1.232000000000001,0.0,0.022917651,6.0
3.6619817098000116,1.3643394817248466,6.0,1411.7987709464126,2.767024932987641,1.233000000000001,0.035407278430682115,1.233000000000001,0.0,0.022917651,6.0
3.657305252818251,1.4558650917475022,6.0,1458.4483880339503,2.6571411150975472,1.2340000000000009,0.03540242831562329,1.234000000000001,0.0,0.022917651,6.0
3.651270410282466,1.5662645087154423,6.0,1526.164365817479,2.5229499613245827,1.235000000000001,0.035397578200564474,1.235000000000001,0.0,0.022917651,6.0
3.6494866878875296,1.6053367735294766,6.0,1623.9272981373826,2.4770904182944333,1.236000000000001,0.03539272808550565,1.236000000000001,0.0,0.022917651,6.0
3.643548414849542,1.7087248719445804,6.0,1761.7686778377117,2.350296852608784,1.237000000000001,0.035387877970446825,1.237000000000001,0.0,0.022917651,6.0
3.631298624685793,1.9033083003577516,6.0,1994.7645266565578,2.1070618791139295,1.2380000000000009,0.035383027855388,1.238000000000001,0.0,0.022917651,6.0
3.61058390365984,2.2067753353194677,6.0,2505.0745382676787,1.721083592926301,1.239000000000001,0.03537817774032918,1.239000000000001,0.0,0.022917651,6.0
3.5525838347532166,2.9082266408180653,6.0,4992.484684448505,0.7879796284553489,1.240000000000001,0.03537332762527036,1.240000000000001,0.0,0.022917651,6.0
