log_Teff,LogL_lsun,Age_gyr,Step,Log_g,Mass_msun,feh,Mass_input,Metallicity_input,Z_used,Age_input
3.5400566635578663,-1.9590258442310318,0.44999999999999996,275.11760206843445,4.989158584704798,0.3000000000000002,0.023130326112033025,0.30000000000000016,0.0,0.022917651,0.44999999999999996
3.5402298539766397,-1.9564409572624957,0.44999999999999996,275.0853674728119,4.988515847040086,0.30100000000000016,0.023129912873176128,0.30100000000000016,0.0,0.022917651,0.44999999999999996
3.5404029998540256,-1.953856505628504,0.44999999999999996,275.05341543660677,4.987873366542704,0.30200000000000016,0.023129497975400672,0.30200000000000016,0.0,0.022917651,0.44999999999999996
3.540576099886841,-1.9512725020659902,0.44999999999999996,275.02175422688714,4.987231150736808,0.30300000000000016,0.023129081370170338,0.30300000000000016,0.0,0.022917651,0.44999999999999996
3.5407491527205637,-1.9486889598136536,0.44999999999999996,274.99039243639925,4.986589207442958,0.30400000000000016,0.023128663007036747,0.30400000000000016,0.0,0.022917651,0.44999999999999996
3.54092215694678,-1.9461058926369141,0.44999999999999996,274.9593389997642,4.985947544792871,0.30500000000000016,0.023128242833544345,0.30500000000000016,0.0,0.022917651,0.44999999999999996
3.5410951111004776,-1.9435233148543727,0.44999999999999996,274.9286032106512,4.985306171245042,0.30600000000000016,0.0231278207951296,0.30600000000000016,0.0,0.022917651,0.44999999999999996
3.5412680136571755,-1.9409412413658782,0.44999999999999996,274.8981947399967,4.984665095601335,0.3070000000000001,0.02312739683501403,0.30700000000000016,0.0,0.022917651,0.44999999999999996
3.541440863029871,-1.9383596876823248,0.44999999999999996,274.86812365534394,4.984024327024577,0.3080000000000002,0.023126970894090652,0.30800000000000016,0.0,0.022917651,0.44999999999999996
3.541613657565804,-1.9357786699573014,0.44999999999999996,274.8384004413849,4.983383875057257,0.30900000000000016,0.023126542910803377,0.30900000000000016,0.0,0.022917651,0.44999999999999996
3.541786395543017,-1.9331982050207273,0.44999999999999996,274.809036021792,4.982743749641397,0.3100000000000002,0.02312611282101886,0.31000000000000016,0.0,0.022917651,0.44999999999999996
3.5419590751666923,-1.9306183104146206,0.44999999999999996,274.78004178243566,4.982103961139679,0.31100000000000017,0.023125680557890167,0.31100000000000017,0.0,0.022917651,0.44999999999999996
3.54213169456526,-1.9280390044311666,0.44999999999999996,274.7514295960911,4.981464520357939,0.3120000000000001,0.023125246051711713,0.31200000000000017,0.0,0.022917651,0.44999999999999996
3.5423042517862484,-1.9254603061532505,0.44999999999999996,274.7232118487469,4.980825438569102,0.31300000000000017,0.023124809229764825,0.31300000000000017,0.0,0.022917651,0.44999999999999996
3.5424767447918675,-1.9228822354976458,0.44999999999999996,274.69540146763825,4.9801867275387055,0.31400000000000017,0.02312437001615315,0.31400000000000017,0.0,0.022917651,0.44999999999999996
3.542649171454294,-1.9203048132610683,0.44999999999999996,274.66801195113817,4.979548399552091,0.3150000000000002,0.02312392833162715,0.31500000000000017,0.0,0.022917651,0.44999999999999996
3.542821529550646,-1.9177280611693157,0.44999999999999996,274.64105740065105,4.978910467443451,0.3160000000000002,0.023123484093396873,0.31600000000000017,0.0,0.022917651,0.44999999999999996
3.542993816757615,-1.9151520019297337,0.44999999999999996,274.6145525546687,4.978272944626806,0.31700000000000017,0.023123037214932002,0.31700000000000017,0.0,0.022917651,0.44999999999999996
3.5431660306457284,-1.912576659287284,0.44999999999999996,274.58851282515957,4.977635845129137,0.31800000000000017,0.023122587605748198,0.31800000000000017,0.0,0.022917651,0.44999999999999996
3.5433381686732144,-1.910002058084493,0.44999999999999996,274.56295433648165,4.976999183625791,0.3190000000000002,0.023122135171178653,0.3190000000000002,0.0,0.022917651,0.44999999999999996
3.5435102281794406,-1.907428224325613,0.44999999999999996,274.53789396702507,4.976362975478389,0.3200000000000002,0.023121679812129613,0.3200000000000002,0.0,0.022917651,0.44999999999999996
3.543682206377882,-1.9048551852453313,0.44999999999999996,274.51334939380956,4.975727236775414,0.32100000000000023,0.02312122142481853,0.3210000000000002,0.0,0.022917651,0.44999999999999996
3.5438541003485837,-1.9022829693824164,0.44999999999999996,274.48933914028567,4.975091984375713,0.32200000000000023,0.02312075990049343,0.3220000000000002,0.0,0.022917651,0.44999999999999996
3.544025907030085,-1.8997116066587196,0.44999999999999996,274.4658826276111,4.97445723595517,0.32300000000000023,0.02312029512513185,0.3230000000000002,0.0,0.022917651,0.44999999999999996
3.544197623210733,-1.8971411284639874,0.44999999999999996,274.44300022969935,4.9738230100568055,0.3240000000000002,0.02311982697911766,0.3240000000000002,0.0,0.022917651,0.44999999999999996
3.544369245519364,-1.8945715677469932,0.44999999999999996,274.4207133323708,4.973189326144611,0.3250000000000002,0.02311935533689379,0.3250000000000002,0.0,0.022917651,0.44999999999999996
3.544540770415273,-1.892002959113545,0.44999999999999996,274.3990443969644,4.972556204661448,0.3260000000000002,0.02311888006658874,0.3260000000000002,0.0,0.022917651,0.44999999999999996
3.544712194177424,-1.8894353389319785,0.44999999999999996,274.3780170288111,4.971923667091364,0.3270000000000002,0.023118401029614603,0.3270000000000002,0.0,0.022917651,0.44999999999999996
3.5448835128928167,-1.8868687454468163,0.44999999999999996,274.35765605100363,4.971291736026734,0.32800000000000024,0.023117918080233914,0.3280000000000002,0.0,0.022917651,0.44999999999999996
3.5450547224439473,-1.8843032189013331,0.44999999999999996,274.3379875839513,4.970660435240667,0.32900000000000024,0.023117431065092633,0.3290000000000002,0.0,0.022917651,0.44999999999999996
3.5452258184952736,-1.8817388016698624,0.44999999999999996,274.3190391312531,4.970029789765164,0.3300000000000002,0.023116939822715933,0.3300000000000002,0.0,0.022917651,0.44999999999999996
3.545396796478586,-1.879175538400747,0.44999999999999996,274.30083967248345,4.96939982597556,0.3310000000000001,0.023116444182963478,0.3310000000000002,0.0,0.022917651,0.44999999999999996
3.545567651577191,-1.876613476170957,0.44999999999999996,274.2834197635483,4.968770571681871,0.33200000000000024,0.023115943966440223,0.3320000000000002,0.0,0.022917651,0.44999999999999996
3.5457383787087786,-1.874052664653498,0.44999999999999996,274.2668116453427,4.968142056227673,0.33300000000000024,0.023115438983858483,0.3330000000000002,0.0,0.022917651,0.44999999999999996
3.5459089725068607,-1.8714931562988577,0.44999999999999996,274.25104936152206,4.967514310597305,0.3340000000000002,0.023114929035346485,0.3340000000000002,0.0,0.022917651,0.44999999999999996
3.5460794273006284,-1.8689350065318873,0.44999999999999996,274.23616888629033,4.966887367532163,0.33500000000000024,0.023114413909698116,0.3350000000000002,0.0,0.022917651,0.44999999999999996
3.546249737093064,-1.8663782739656716,0.44999999999999996,274.2222082632151,4.966261261657046,0.3360000000000002,0.023113893383557946,0.3360000000000002,0.0,0.022917651,0.44999999999999996
3.546419895537149,-1.8638230206341235,0.44999999999999996,274.2092077561956,4.965636029617554,0.3370000000000002,0.023113367220534885,0.3370000000000002,0.0,0.022917651,0.44999999999999996
3.5465898959099498,-1.861269312245239,0.44999999999999996,274.1972100138414,4.965011710229696,0.3380000000000002,0.023112835170237093,0.3380000000000002,0.0,0.022917651,0.44999999999999996
3.5467597310843697,-1.8587172184571927,0.44999999999999996,274.1862602486758,4.964388344642995,0.3390000000000002,0.023112296967219902,0.3390000000000002,0.0,0.022917651,0.44999999999999996
3.5469293934983117,-1.856166813179708,0.44999999999999996,274.1764064327438,4.963765976518502,0.3400000000000002,0.02311175232983735,0.3400000000000002,0.0,0.022917651,0.44999999999999996
3.547098875120979,-1.8536181749034475,0.44999999999999996,274.1676995114077,4.9631446522234,0.34100000000000025,0.02311120095898702,0.3410000000000002,0.0,0.022917651,0.44999999999999996
3.547268167415992,-1.8510713870605096,0.44999999999999996,274.16019363733034,4.962524421043945,0.3420000000000002,0.02311064253673628,0.3420000000000002,0.0,0.022917651,0.44999999999999996
3.5474372613009613,-1.8485265384195078,0.44999999999999996,274.15394642690865,4.961905335418857,0.3430000000000002,0.023110076724816776,0.3430000000000002,0.0,0.022917651,0.44999999999999996
3.547606147103129,-1.8459837235191785,0.44999999999999996,274.14901924171045,4.961287451195474,0.34400000000000014,0.023109503162972084,0.3440000000000002,0.0,0.022917651,0.44999999999999996
3.5477748145105994,-1.8434430431449578,0.44999999999999996,274.1454774978039,4.960670827911278,0.34500000000000014,0.023108921467141642,0.3450000000000002,0.0,0.022917651,0.44999999999999996
3.547943252518674,-1.8409046048535935,0.44999999999999996,274.1433910062624,4.960055529103798,0.34600000000000025,0.02310833122746162,0.3460000000000002,0.0,0.022917651,0.44999999999999996
3.548111449370663,-1.8383685235515235,0.44999999999999996,274.14283434856947,4.959441622652283,0.34700000000000014,0.023107732006060894,0.3470000000000002,0.0,0.022917651,0.44999999999999996
3.548279392492544,-1.8358349221335735,0.44999999999999996,274.14388729117314,4.958829181155002,0.3480000000000002,0.023107123334627205,0.3480000000000002,0.0,0.022917651,0.44999999999999996
3.5484470684206797,-1.833303932189432,0.44999999999999996,274.1466352440331,4.958218282346586,0.3490000000000002,0.023106504711714982,0.3490000000000002,0.0,0.022917651,0.44999999999999996
3.548614462721719,-1.8307756947864564,0.44999999999999996,274.1511697687096,4.957609009560452,0.3500000000000002,0.02310587559976235,0.3500000000000002,0.0,0.022917651,0.44999999999999996
3.5487815599036963,-1.8282503613385954,0.44999999999999996,274.15758914234993,4.957001452242111,0.3510000000000002,0.023105235421779915,0.3510000000000002,0.0,0.022917651,0.44999999999999996
3.548948343317165,-1.8257280945726968,0.44999999999999996,274.1659989848825,4.956395706520004,0.3520000000000002,0.023104583557668514,0.3520000000000002,0.0,0.022917651,0.44999999999999996
3.549114795045035,-1.8232090696051746,0.44999999999999996,274.1765129578405,4.9557918758415145,0.35300000000000015,0.023103919340116377,0.3530000000000002,0.0,0.022917651,0.44999999999999996
3.5492808957795905,-1.8206934751440207,0.44999999999999996,274.18925354454365,4.955190071683053,0.3540000000000002,0.02310324205001862,0.3540000000000002,0.0,0.022917651,0.44999999999999996
3.549446624684902,-1.8181815148335265,0.44999999999999996,274.20435292290705,4.954590414344419,0.3550000000000002,0.023102550911353,0.3550000000000002,0.0,0.022917651,0.44999999999999996
3.5496119592425806,-1.8156734087618835,0.44999999999999996,274.2219539439674,4.953993033839399,0.35600000000000026,0.023101845085434898,0.3560000000000002,0.0,0.022917651,0.44999999999999996
3.549776875078452,-1.813169395155144,0.44999999999999996,274.2422112313712,4.953398070896451,0.35700000000000026,0.023101123664462195,0.3570000000000002,0.0,0.022917651,0.44999999999999996
3.54994134576737,-1.8106697322849978,0.44999999999999996,274.2652924196398,4.952805678085691,0.35800000000000026,0.02310038566424536,0.3580000000000002,0.0,0.022917651,0.44999999999999996
3.550105342612851,-1.808174700622512,0.44999999999999996,274.2913795520832,4.952216021091181,0.3590000000000002,0.023099630016000256,0.3590000000000002,0.0,0.022917651,0.44999999999999996
3.550268834397679,-1.8056846052756559,0.44999999999999996,274.3206706629055,4.951629280150863,0.36000000000000015,0.023098855557059504,0.3600000000000002,0.0,0.022917651,0.44999999999999996
3.5504317871009117,-1.8031997787552094,0.44999999999999996,274.35338157245303,4.95104565169048,0.3610000000000002,0.023098061020332506,0.3610000000000002,0.0,0.022917651,0.44999999999999996
3.5505941635758833,-1.8007205841218523,0.44999999999999996,274.3897479298727,4.9504653501826645,0.3620000000000002,0.023097245022312928,0.3620000000000002,0.0,0.022917651,0.44999999999999996
3.550755923182792,-1.7982474185771646,0.44999999999999996,274.4300275438972,4.949888610268275,0.36300000000000027,0.02309640604939456,0.3630000000000002,0.0,0.022917651,0.44999999999999996
3.5509170213682113,-1.7957807175733513,0.44999999999999996,274.47450305031276,4.949315689184149,0.3640000000000002,0.023095542442210466,0.3640000000000002,0.0,0.022917651,0.44999999999999996
3.5510774091823656,-1.793320959531261,0.44999999999999996,274.52348497424964,4.948746869550206,0.3650000000000002,0.023094652377654176,0.3650000000000002,0.0,0.022917651,0.44999999999999996
3.5512370327231455,-1.7908686712743993,0.44999999999999996,274.57731525719794,4.948182462579506,0.36600000000000027,0.023093733848172412,0.3660000000000002,0.0,0.022917651,0.44999999999999996
3.551395832493561,-1.7884244343089948,0.44999999999999996,274.6363713331641,4.947622811788106,0.36700000000000016,0.023092784637833798,0.3670000000000002,0.0,0.022917651,0.44999999999999996
3.551553742656492,-1.7859888921078946,0.44999999999999996,274.70107085637443,4.947068297297908,0.36800000000000027,0.023091802294572302,0.3680000000000002,0.0,0.022917651,0.44999999999999996
3.5517106901670426,-1.7835627585906009,0.44999999999999996,274.77187720535375,4.946519340846119,0.3690000000000002,0.02309078409787256,0.3690000000000002,0.0,0.022917651,0.44999999999999996
3.55186659375842,-1.7811468280350822,0.44999999999999996,274.84930591630865,4.945976411640498,0.3700000000000003,0.02308972702099921,0.3700000000000002,0.0,0.022917651,0.44999999999999996
3.5520213627516144,-1.7787419867115335,0.44999999999999996,274.93393223417,4.945440033231827,0.37100000000000016,0.02308862768666437,0.3710000000000002,0.0,0.022917651,0.44999999999999996
3.552174895652138,-1.7763492265975191,0.44999999999999996,275.02640001457985,4.944910791615932,0.3720000000000002,0.02308748231476373,0.3720000000000002,0.0,0.022917651,0.44999999999999996
3.552327078487977,-1.773969661622279,0.44999999999999996,275.12743226746466,4.944389344829751,0.3730000000000002,0.023086286660474728,0.3730000000000002,0.0,0.022917651,0.44999999999999996
3.552477782831342,-1.7716045470015864,0.44999999999999996,275.2378437065702,4.943876434373117,0.3740000000000002,0.023085035940577713,0.3740000000000002,0.0,0.022917651,0.44999999999999996
3.5526271678206314,-1.7692151948446952,0.44999999999999996,275.3520818870236,4.943334008991423,0.3750000000000002,0.023083584893086095,0.3750000000000002,0.0,0.022917651,0.44999999999999996
3.5527765768507162,-1.7666332182888838,0.44999999999999996,275.44449236634114,4.942599055789526,0.3760000000000002,0.0230813550547198,0.3760000000000002,0.0,0.022917651,0.44999999999999996
3.5529245989494305,-1.7640486041382852,0.44999999999999996,275.5470991416983,4.941855917281111,0.3770000000000003,0.023079014247755478,0.3770000000000002,0.0,0.022917651,0.44999999999999996
3.553071115881343,-1.761461127538836,0.44999999999999996,275.6607714438809,4.941103895671568,0.37800000000000017,0.023076553012157698,0.3780000000000002,0.0,0.022917651,0.44999999999999996
3.5532159955785816,-1.7588705373306437,0.44999999999999996,275.78648019558227,4.940342211530817,0.3790000000000002,0.023073960781155006,0.3790000000000002,0.0,0.022917651,0.44999999999999996
3.553359090057048,-1.7562765520851555,0.44999999999999996,275.9253133307148,4.9395699914953815,0.3800000000000002,0.02307122571451634,0.3800000000000002,0.0,0.022917651,0.44999999999999996
3.553500232944246,-1.7536788554037137,0.44999999999999996,276.07849396907176,4.938786253678272,0.3810000000000002,0.023068334500752095,0.3810000000000002,0.0,0.022917651,0.44999999999999996
3.5536392365315526,-1.7510770903117066,0.44999999999999996,276.2474020871524,4.937989890272245,0.38200000000000023,0.02306527212126564,0.38200000000000023,0.0,0.022917651,0.44999999999999996
3.5537758882406623,-1.7484708525386392,0.44999999999999996,276.4336004957671,4.937179646695688,0.38300000000000023,0.023062021567633137,0.38300000000000023,0.0,0.022917651,0.44999999999999996
3.5539099463637305,-1.745859682416958,0.44999999999999996,276.63886615719724,4.936354096452069,0.38400000000000023,0.023058563500771803,0.38400000000000023,0.0,0.022917651,0.44999999999999996
3.554041134896869,-1.7432430550566578,0.44999999999999996,276.8652281677652,4.935511610638569,0.38500000000000023,0.02305487583756702,0.38500000000000023,0.0,0.022917651,0.44999999999999996
3.5541691372335857,-1.7406203683517836,0.44999999999999996,277.1150141217618,4.934650320726398,0.38600000000000023,0.023050933246283205,0.38600000000000023,0.0,0.022917651,0.44999999999999996
3.5542935884134548,-1.7379909282393602,0.44999999999999996,277.3909070968139,4.9337680728145,0.3870000000000003,0.023046706526379142,0.38700000000000023,0.0,0.022917651,0.44999999999999996
3.5544140655245666,-1.7353539304472567,0.44999999999999996,277.6960162121761,4.9328623709873,0.3880000000000002,0.023042161840606156,0.38800000000000023,0.0,0.022917651,0.44999999999999996
3.5545548862805165,-1.7324945082985028,0.44999999999999996,277.912948707793,4.931815619533645,0.38900000000000023,0.023036898521885615,0.38900000000000023,0.0,0.022917651,0.44999999999999996
3.5546948019705997,-1.7295937658212108,0.44999999999999996,278.14547118813425,4.930723927591723,0.39000000000000024,0.023031236569179263,0.39000000000000024,0.0,0.022917651,0.44999999999999996
3.5548322723482215,-1.7266589998037571,0.44999999999999996,278.40244673065166,4.929588430971237,0.3910000000000003,0.0230251491134321,0.39100000000000024,0.0,0.022917651,0.44999999999999996
3.5549669815528895,-1.7236858154326764,0.44999999999999996,278.6870339321992,4.928403471431152,0.39200000000000024,0.02301858119250663,0.39200000000000024,0.0,0.022917651,0.44999999999999996
3.555098556876958,-1.7206690269356795,0.44999999999999996,279.002959859732,4.927162372385576,0.3930000000000003,0.023011467952426222,0.39300000000000024,0.0,0.022917651,0.44999999999999996
3.5552265553742215,-1.7176024712566362,0.44999999999999996,279.354653963978,4.925857199013748,0.39400000000000024,0.023003732317169057,0.39400000000000024,0.0,0.022917651,0.44999999999999996
3.5553599576021484,-1.7145425503267397,0.44999999999999996,279.6468167027779,4.924580274922279,0.39500000000000024,0.022995056447325794,0.39500000000000024,0.0,0.022917651,0.44999999999999996
3.5554911533913645,-1.7114330172381718,0.44999999999999996,279.96222509368096,4.9232449129386024,0.39600000000000024,0.022985587292129864,0.39600000000000024,0.0,0.022917651,0.44999999999999996
3.555618702883542,-1.708258767790698,0.44999999999999996,280.3162359479375,4.921830249497042,0.39700000000000024,0.022975232392782326,0.39700000000000024,0.0,0.022917651,0.44999999999999996
3.5557420087940694,-1.705009201069259,0.44999999999999996,280.7151725730081,4.920323294558702,0.3980000000000003,0.02296384665925224,0.39800000000000024,0.0,0.022917651,0.44999999999999996
3.555868760748181,-1.701770539341028,0.44999999999999996,281.07363325699106,4.918841027630116,0.39900000000000024,0.02295119231639249,0.39900000000000024,0.0,0.022917651,0.44999999999999996
3.5559969477663147,-1.698516170471101,0.44999999999999996,281.4154906493567,4.917348792837514,0.40000000000000024,0.022937275893112796,0.40000000000000024,0.0,0.022917651,0.44999999999999996
3.55621536647296,-1.6958704940109666,0.44999999999999996,281.3807723562293,4.916545891347731,0.40100000000000025,0.022937150328446697,0.40100000000000025,0.0,0.022917651,0.44999999999999996
3.5564337954408107,-1.6932234966355117,0.44999999999999996,281.3464816315204,4.915741709982476,0.40200000000000025,0.022937026356029542,0.40200000000000025,0.0,0.022917651,0.44999999999999996
3.556652233974346,-1.69057526787858,0.44999999999999996,281.3125894939297,4.914936335493846,0.40300000000000025,0.02293690386793604,0.40300000000000025,0.0,0.022917651,0.44999999999999996
3.556870681439512,-1.687925889361126,0.44999999999999996,281.2790695234873,4.914129846966891,0.4040000000000003,0.022936782765779203,0.40400000000000025,0.0,0.022917651,0.44999999999999996
3.557089137257083,-1.685275435646484,0.44999999999999996,281.245897584712,4.91332231664832,0.40500000000000025,0.022936662959679388,0.40500000000000025,0.0,0.022917651,0.44999999999999996
3.5573076008968574,-1.6826239749870522,0.44999999999999996,281.2130515849163,4.91251381066998,0.4060000000000003,0.02293654436736426,0.40600000000000025,0.0,0.022917651,0.44999999999999996
3.5575260718725783,-1.6799715699781408,0.44999999999999996,281.1805112625604,4.911704389682391,0.40700000000000025,0.02293642691338058,0.40700000000000025,0.0,0.022917651,0.44999999999999996
3.557744549737474,-1.6773182781321845,0.44999999999999996,281.1482580013861,4.910894109411118,0.40800000000000025,0.0229363105284021,0.40800000000000025,0.0,0.022917651,0.44999999999999996
3.557963034080331,-1.6746641523844028,0.44999999999999996,281.1162746667387,4.910083021146727,0.40900000000000025,0.022936195148619998,0.40900000000000025,0.0,0.022917651,0.44999999999999996
3.558181524522024,-1.6720092415392716,0.44999999999999996,281.08454546104804,4.909271172177373,0.41000000000000036,0.022936080715204712,0.41000000000000025,0.0,0.022917651,0.44999999999999996
3.5584000207124444,-1.6693535906657362,0.44999999999999996,281.05305579590123,4.908458606171743,0.41100000000000025,0.022935967173829532,0.41100000000000025,0.0,0.022917651,0.44999999999999996
3.558618522327781,-1.6666972414479015,0.44999999999999996,281.02179217852813,4.907645363518847,0.41200000000000025,0.022935854474247883,0.41200000000000025,0.0,0.022917651,0.44999999999999996
3.558837029068093,-1.6640402324969432,0.44999999999999996,280.99074211083854,4.906831481630242,0.4130000000000003,0.02293574256991734,0.41300000000000026,0.0,0.022917651,0.44999999999999996
3.5590555406551485,-1.6613825996291498,0.44999999999999996,280.95989399942135,4.906016995209431,0.41400000000000026,0.02293563141766447,0.41400000000000026,0.0,0.022917651,0.44999999999999996
3.5592740568305,-1.6587243761143171,0.44999999999999996,280.9292370751429,4.905201936492541,0.41500000000000026,0.022935520977385417,0.41500000000000026,0.0,0.022917651,0.44999999999999996
3.5594925773537542,-1.656065592898108,0.44999999999999996,280.89876132116996,4.9043863354637764,0.4160000000000003,0.02293541121177786,0.41600000000000026,0.0,0.022917651,0.44999999999999996
3.559711102001023,-1.6534062788015185,0.44999999999999996,280.8684574084054,4.903570220048689,0.41700000000000037,0.022935302086100597,0.41700000000000026,0.0,0.022917651,0.44999999999999996
3.5599296305635275,-1.6507464607001425,0.44999999999999996,280.8383166374608,4.902753616287866,0.41800000000000026,0.02293519356795743,0.41800000000000026,0.0,0.022917651,0.44999999999999996
3.560148162846352,-1.6480861636855924,0.44999999999999996,280.80833088640696,4.9019365484933415,0.41900000000000026,0.022935085627102583,0.41900000000000026,0.0,0.022917651,0.44999999999999996
3.560366698667304,-1.6454254112111038,0.44999999999999996,280.77849256364203,4.901119039389679,0.4200000000000003,0.02293497823526522,0.42000000000000026,0.0,0.022917651,0.44999999999999996
3.5605852378558995,-1.6427642252231143,0.44999999999999996,280.74879456530135,4.900301110241455,0.4210000000000003,0.022934871365990806,0.42100000000000026,0.0,0.022917651,0.44999999999999996
3.5608037802524333,-1.6401026262803586,0.44999999999999996,280.71923023670735,4.899482780968659,0.42200000000000026,0.02293476499449758,0.42200000000000026,0.0,0.022917651,0.44999999999999996
3.561022325707139,-1.6374406336618446,0.44999999999999996,280.6897933374186,4.898664070251316,0.4230000000000003,0.022934659097546366,0.42300000000000026,0.0,0.022917651,0.44999999999999996
3.5612408740794343,-1.6347782654649012,0.44999999999999996,280.6604780094923,4.897844995624484,0.4240000000000003,0.022934553653322393,0.42400000000000027,0.0,0.022917651,0.44999999999999996
3.56145942523722,-1.6321155386943493,0.44999999999999996,280.63127874862045,4.897025573564658,0.42500000000000027,0.02293444864132783,0.42500000000000027,0.0,0.022917651,0.44999999999999996
3.5616779790562547,-1.6294524693437182,0.44999999999999996,280.6021903778417,4.896205819568459,0.4260000000000002,0.02293434404228386,0.42600000000000027,0.0,0.022917651,0.44999999999999996
3.5618965354195775,-1.626789072469321,0.44999999999999996,280.57320802356264,4.895385748224411,0.4270000000000003,0.02293423983804141,0.42700000000000027,0.0,0.022917651,0.44999999999999996
3.562115094216981,-1.624125362257914,0.44999999999999996,280.5443270936577,4.8945653732785015,0.4280000000000003,0.02293413601149957,0.42800000000000027,0.0,0.022917651,0.44999999999999996
3.5623336553445335,-1.6214613520885794,0.44999999999999996,280.51554325743825,4.893744707694131,0.4290000000000003,0.02293403254653101,0.42900000000000027,0.0,0.022917651,0.44999999999999996
3.562552218704138,-1.6187970545893964,0.44999999999999996,280.4868524273088,4.892923763707035,0.4300000000000003,0.022933929427913686,0.43000000000000027,0.0,0.022917651,0.44999999999999996
3.5627707842031264,-1.6161324816894052,0.44999999999999996,280.458250741946,4.8921025528756275,0.4310000000000003,0.022933826641268168,0.43100000000000027,0.0,0.022917651,0.44999999999999996
3.56298935175389,-1.6134676446663172,0.44999999999999996,280.4297345508558,4.891281086127231,0.4320000000000003,0.02293372417300015,0.4320000000000003,0.0,0.022917651,0.44999999999999996
3.563207921273539,-1.6108025541903717,0.44999999999999996,280.40130040017794,4.890459373800566,0.4330000000000003,0.022933622010247588,0.4330000000000003,0.0,0.022917651,0.44999999999999996
3.5634264926835915,-1.6081372203646918,0.44999999999999996,280.3729450196223,4.889637425684862,0.4340000000000004,0.02293352014083204,0.4340000000000003,0.0,0.022917651,0.44999999999999996
3.5636450659096788,-1.605471652762468,0.44999999999999996,280.34466531043296,4.888815251055876,0.43500000000000033,0.022933418553213857,0.4350000000000003,0.0,0.022917651,0.44999999999999996
3.563863640881285,-1.602805860461255,0.44999999999999996,280.316458334287,4.887992858709129,0.43600000000000033,0.02293331723645083,0.4360000000000003,0.0,0.022917651,0.44999999999999996
3.564082217531497,-1.6001398520746366,0.44999999999999996,280.2883213030449,4.88717025699059,0.43700000000000033,0.022933216180160036,0.4370000000000003,0.0,0.022917651,0.44999999999999996
3.56430079579678,-1.597473635781496,0.44999999999999996,280.2602515692758,4.886347453825027,0.43800000000000033,0.02293311537448253,0.4380000000000003,0.0,0.022917651,0.44999999999999996
3.564519375616765,-1.5948072193530942,0.44999999999999996,280.2322466174921,4.885524456742257,0.4390000000000003,0.022933014810050736,0.4390000000000003,0.0,0.022917651,0.44999999999999996
3.564737956934053,-1.592140610178154,0.44999999999999996,280.2043040560307,4.884701272901437,0.4400000000000002,0.022932914477958193,0.4400000000000003,0.0,0.022917651,0.44999999999999996
3.5649565396940397,-1.5894738152861103,0.44999999999999996,280.1764216095267,4.8838779091136075,0.44100000000000034,0.022932814369731522,0.4410000000000003,0.0,0.022917651,0.44999999999999996
3.5651751238447407,-1.5868068413686878,0.44999999999999996,280.14859711192906,4.883054371862583,0.4420000000000003,0.022932714477304432,0.4420000000000003,0.0,0.022917651,0.44999999999999996
3.565393709336641,-1.584139694799939,0.44999999999999996,280.12082850001406,4.882230667324379,0.4430000000000003,0.022932614792993553,0.4430000000000003,0.0,0.022917651,0.44999999999999996
3.565612296122548,-1.581472381654875,0.44999999999999996,280.0931138073553,4.8814068013852605,0.4440000000000003,0.022932515309475984,0.4440000000000003,0.0,0.022917651,0.44999999999999996
3.5658308841574593,-1.5788049077268005,0.44999999999999996,280.0654511587123,4.88058277965854,0.44500000000000034,0.0229324160197684,0.4450000000000003,0.0,0.022917651,0.44999999999999996
3.5660494733984325,-1.5761372785434518,0.44999999999999996,280.03783876480617,4.879758607500211,0.4460000000000003,0.022932316917207596,0.4460000000000003,0.0,0.022917651,0.44999999999999996
3.5662680638044724,-1.5734694993820457,0.44999999999999996,280.01027491744935,4.878934290023529,0.4470000000000003,0.02293221799543234,0.4470000000000003,0.0,0.022917651,0.44999999999999996
3.566486655336423,-1.5708015752833109,0.44999999999999996,279.98275798500345,4.878109832112614,0.44800000000000034,0.02293211924836647,0.4480000000000003,0.0,0.022917651,0.44999999999999996
3.5667052479568615,-1.5681335110645878,0.44999999999999996,279.95528640813865,4.877285238435132,0.4490000000000003,0.02293202067020311,0.4490000000000003,0.0,0.022917651,0.44999999999999996
3.5669238416300058,-1.5654653113320685,0.44999999999999996,279.9278586958717,4.876460513454168,0.4500000000000003,0.022931922255389876,0.4500000000000003,0.0,0.022917651,0.44999999999999996
3.567142436321624,-1.5627969804922395,0.44999999999999996,279.9004734218626,4.875635661439298,0.4510000000000003,0.02293182399861515,0.4510000000000003,0.0,0.022917651,0.44999999999999996
3.5673610319989546,-1.5601285227625894,0.44999999999999996,279.87312922094833,4.87481068647698,0.4520000000000003,0.022931725894795103,0.4520000000000003,0.0,0.022917651,0.44999999999999996
3.5675796286306265,-1.5574599421816337,0.44999999999999996,279.84582478589766,4.873985592480254,0.4530000000000003,0.02293162793906166,0.4530000000000003,0.0,0.022917651,0.44999999999999996
3.567798226186583,-1.5547912426183084,0.44999999999999996,279.81855886437086,4.8731603831978525,0.4540000000000003,0.02293153012675115,0.4540000000000003,0.0,0.022917651,0.44999999999999996
3.5680168246380184,-1.552122427780779,0.44999999999999996,279.79133025606785,4.87233506222273,0.4550000000000003,0.022931432453393703,0.4550000000000003,0.0,0.022917651,0.44999999999999996
3.5682354239573124,-1.5494535012247055,0.44999999999999996,279.7641378100536,4.871509633000074,0.45600000000000035,0.022931334914703283,0.4560000000000003,0.0,0.022917651,0.44999999999999996
3.5684540241179676,-1.5467844663610029,0.44999999999999996,279.7369804222457,4.8706840988348254,0.4570000000000003,0.022931237506568315,0.4570000000000003,0.0,0.022917651,0.44999999999999996
3.5686726250945546,-1.5441153264631309,0.44999999999999996,279.70985703305433,4.869858462898741,0.4580000000000004,0.02293114022504294,0.4580000000000003,0.0,0.022917651,0.44999999999999996
3.5688912268626587,-1.541446084673951,0.44999999999999996,279.68276662516365,4.869032728237036,0.4590000000000003,0.022931043066338707,0.4590000000000003,0.0,0.022917651,0.44999999999999996
3.569109829398831,-1.538776744012175,0.44999999999999996,279.655708221444,4.868206897774631,0.4600000000000003,0.02293094602681682,0.4600000000000003,0.0,0.022917651,0.44999999999999996
3.5693284326805377,-1.5361073073784328,0.44999999999999996,279.6286808829872,4.867380974322039,0.4610000000000003,0.022930849102980818,0.4610000000000003,0.0,0.022917651,0.44999999999999996
3.5695470366861186,-1.5334377775609926,0.44999999999999996,279.601683707256,4.866554960580895,0.4620000000000003,0.02293075229146969,0.4620000000000003,0.0,0.022917651,0.44999999999999996
3.5697656413947456,-1.5307681572411493,0.44999999999999996,279.57471582633946,4.86572885914919,0.4630000000000003,0.022930655589051364,0.4630000000000003,0.0,0.022917651,0.44999999999999996
3.569984246786381,-1.5280984489983043,0.44999999999999996,279.5477764053083,4.864902672526185,0.4640000000000003,0.0229305589926166,0.4640000000000003,0.0,0.022917651,0.44999999999999996
3.570202852841741,-1.525428655314762,0.44999999999999996,279.52086464066315,4.864076403117062,0.46500000000000036,0.022930462499173188,0.4650000000000003,0.0,0.022917651,0.44999999999999996
3.5704214595422616,-1.522758778580254,0.44999999999999996,279.4939797588691,4.863250053237303,0.4660000000000003,0.02293036610584052,0.4660000000000003,0.0,0.022917651,0.44999999999999996
3.570640066870066,-1.5200888210962171,0.44999999999999996,279.46712101497207,4.862423625116844,0.4670000000000003,0.02293026980984441,0.4670000000000003,0.0,0.022917651,0.44999999999999996
3.5708586748079294,-1.5174187850798306,0.44999999999999996,279.4402876912907,4.861597120903976,0.4680000000000003,0.022930173608512242,0.4680000000000003,0.0,0.022917651,0.44999999999999996
3.571077283339252,-1.5147486726678412,0.44999999999999996,279.41347909617946,4.86077054266906,0.4690000000000003,0.02293007749926835,0.4690000000000003,0.0,0.022917651,0.44999999999999996
3.5712958924480347,-1.5120784859201741,0.44999999999999996,279.3866945628592,4.85994389240802,0.4700000000000003,0.02292998147962968,0.4700000000000003,0.0,0.022917651,0.44999999999999996
3.571514502118843,-1.509408226823356,0.44999999999999996,279.3599334483088,4.859117172045662,0.4710000000000003,0.022929885547201635,0.4710000000000003,0.0,0.022917651,0.44999999999999996
3.571733112336792,-1.5067378972937557,0.44999999999999996,279.33319513221704,4.858290383438816,0.47200000000000036,0.02292978969967421,0.4720000000000003,0.0,0.022917651,0.44999999999999996
3.5719517230875137,-1.5040674991806537,0.44999999999999996,279.3064790159884,4.857463528379307,0.4730000000000003,0.022929693934818248,0.4730000000000003,0.0,0.022917651,0.44999999999999996
3.572170334357143,-1.5013970342691536,0.44999999999999996,279.2797845218011,4.856636608596775,0.4740000000000003,0.022929598250481967,0.4740000000000003,0.0,0.022917651,0.44999999999999996
3.5723889461322895,-1.4987265042829392,0.44999999999999996,279.2531110917139,4.855809625761352,0.4750000000000003,0.022929502644587617,0.4750000000000003,0.0,0.022917651,0.44999999999999996
3.572607558400019,-1.496055910886897,0.44999999999999996,279.226458186818,4.854982581486197,0.4760000000000003,0.022929407115128322,0.4760000000000003,0.0,0.022917651,0.44999999999999996
3.572826171147837,-1.4933852556896008,0.44999999999999996,279.1998252864327,4.854155477329907,0.4770000000000003,0.022929311660165073,0.4770000000000003,0.0,0.022917651,0.44999999999999996
3.573044784363666,-1.4907145402456718,0.44999999999999996,279.1732118873412,4.853328314798802,0.4780000000000003,0.022929216277823926,0.4780000000000003,0.0,0.022917651,0.44999999999999996
3.5732633980358313,-1.4880437660580224,0.44999999999999996,279.14661750306396,4.852501095349098,0.47900000000000037,0.022929120966293244,0.4790000000000003,0.0,0.022917651,0.44999999999999996
3.573482012153042,-1.4853729345799882,0.44999999999999996,279.12004166316933,4.85167382038898,0.4800000000000003,0.022929025723821148,0.4800000000000003,0.0,0.022917651,0.44999999999999996
3.573700626704379,-1.4827020472173567,0.44999999999999996,279.09348391261676,4.850846491280557,0.4810000000000003,0.0229289305487131,0.4810000000000003,0.0,0.022917651,0.44999999999999996
3.5739192416792758,-1.480031105330294,0.44999999999999996,279.0669438111325,4.850019109341737,0.4820000000000003,0.02292883543932952,0.4820000000000003,0.0,0.022917651,0.44999999999999996
3.5741378570675053,-1.477360110235182,0.44999999999999996,279.0404209326156,4.849191675848002,0.4830000000000003,0.022928740394083637,0.4830000000000003,0.0,0.022917651,0.44999999999999996
3.57435647285917,-1.474689063206366,0.44999999999999996,279.013914864572,4.848364192034103,0.4840000000000003,0.022928645411439335,0.4840000000000003,0.0,0.022917651,0.44999999999999996
3.574575089044683,-1.472017965477819,0.44999999999999996,278.98742520757577,4.8475366590956765,0.4850000000000003,0.02292855048990916,0.4850000000000003,0.0,0.022917651,0.44999999999999996
3.5747937056147596,-1.4693468182447276,0.44999999999999996,278.96095157475565,4.8467090781907745,0.4860000000000004,0.022928455628052426,0.4860000000000003,0.0,0.022917651,0.44999999999999996
3.575012322560405,-1.4666756226650044,0.44999999999999996,278.9344935913057,4.845881450441334,0.4870000000000003,0.022928360824473363,0.4870000000000003,0.0,0.022917651,0.44999999999999996
3.575230939872903,-1.464004379860731,0.44999999999999996,278.90805089401834,4.845053776934575,0.4880000000000003,0.022928266077819406,0.4880000000000003,0.0,0.022917651,0.44999999999999996
3.5754495575438043,-1.4613330909195312,0.44999999999999996,278.8816231308394,4.84422605872433,0.4890000000000004,0.02292817138677952,0.4890000000000003,0.0,0.022917651,0.44999999999999996
3.575668175564917,-1.4586617568958846,0.44999999999999996,278.85520996044323,4.843398296832316,0.4900000000000003,0.022928076750082606,0.4900000000000003,0.0,0.022917651,0.44999999999999996
3.575886793928299,-1.4559903788123805,0.44999999999999996,278.8288110518271,4.84257049224935,0.4910000000000003,0.02292798216649604,0.4910000000000003,0.0,0.022917651,0.44999999999999996
3.576105412626243,-1.453318957660913,0.44999999999999996,278.8024260839237,4.8417426459365105,0.4920000000000003,0.022927887634824166,0.4920000000000003,0.0,0.022917651,0.44999999999999996
3.5763240316512745,-1.4506474944038246,0.44999999999999996,278.77605474523136,4.840914758826241,0.4930000000000004,0.02292779315390697,0.4930000000000003,0.0,0.022917651,0.44999999999999996
3.5765426509961378,-1.447975989974999,0.44999999999999996,278.7496967334603,4.840086831823408,0.4940000000000003,0.022927698722618736,0.4940000000000003,0.0,0.022917651,0.44999999999999996
3.5767612706537926,-1.4453044452809045,0.44999999999999996,278.723351755195,4.839258865806319,0.49500000000000033,0.02292760433986679,0.49500000000000033,0.0,0.022917651,0.44999999999999996
3.5769798906174017,-1.4426328612015944,0.44999999999999996,278.69701952557006,4.838430861627683,0.4960000000000004,0.022927510004590316,0.49600000000000033,0.0,0.022917651,0.44999999999999996
3.577198510880326,-1.4399612385916598,0.44999999999999996,278.6706997679619,4.83760282011554,0.49700000000000033,0.022927415715759163,0.49700000000000033,0.0,0.022917651,0.44999999999999996
3.5774171314361185,-1.4372895782811463,0.44999999999999996,278.6443922136924,4.836774742074147,0.49800000000000033,0.022927321472372798,0.49800000000000033,0.0,0.022917651,0.44999999999999996
3.5776357522785145,-1.4346178810764272,0.44999999999999996,278.6180966017457,4.835946628284825,0.49900000000000033,0.022927227273459194,0.49900000000000033,0.0,0.022917651,0.44999999999999996
3.577854373401427,-1.431946147761042,0.44999999999999996,278.5918126784971,4.835118479506766,0.5000000000000003,0.022927133118073872,0.5000000000000003,0.0,0.022917651,0.44999999999999996
3.578155744703105,-1.4290983702510238,0.44999999999999996,278.68626963289074,4.834267999695853,0.5010000000000003,0.0229271191929935,0.5010000000000003,0.0,0.022917651,0.44999999999999996
3.578457056931055,-1.4262506115198514,0.44999999999999996,278.7807796155337,4.833417302373838,0.5020000000000003,0.022927105374856895,0.5020000000000003,0.0,0.022917651,0.44999999999999996
3.578758310532905,-1.4234028714252294,0.44999999999999996,278.8753422246088,4.832566389188896,0.5030000000000003,0.022927091662853682,0.5030000000000003,0.0,0.022917651,0.44999999999999996
3.57905950595177,-1.4205551498262963,0.44999999999999996,278.9699570623482,4.831715261772591,0.5040000000000003,0.022927078056181684,0.5040000000000003,0.0,0.022917651,0.44999999999999996
3.57936064362631,-1.4177074465836075,0.44999999999999996,279.06462373498243,4.8308639217400815,0.5050000000000003,0.022927064554046764,0.5050000000000003,0.0,0.022917651,0.44999999999999996
3.5796617239907866,-1.414859761559116,0.44999999999999996,279.15934185269066,4.830012370690335,0.5060000000000003,0.02292705115566277,0.5060000000000003,0.0,0.022917651,0.44999999999999996
3.5799627474751214,-1.4120120946161552,0.44999999999999996,279.2541110295511,4.8291606102063245,0.5070000000000003,0.022927037860251395,0.5070000000000003,0.0,0.022917651,0.44999999999999996
3.5802637145049427,-1.4091644456194228,0.44999999999999996,279.34893088349224,4.828308641855231,0.5080000000000005,0.0229270246670421,0.5080000000000003,0.0,0.022917651,0.44999999999999996
3.5805646255016432,-1.4063168144349627,0.44999999999999996,279.44380103624525,4.827456467188633,0.5090000000000003,0.022927011575272025,0.5090000000000003,0.0,0.022917651,0.44999999999999996
3.580865480882433,-1.4034692009301493,0.44999999999999996,279.53872111329645,4.826604087742713,0.5100000000000005,0.022926998584185863,0.5100000000000003,0.0,0.022917651,0.44999999999999996
3.581166281060391,-1.4006216049736688,0.44999999999999996,279.6336907438412,4.825751505038434,0.5110000000000003,0.022926985693035817,0.5110000000000003,0.0,0.022917651,0.44999999999999996
3.581467026444514,-1.3977740264355067,0.44999999999999996,279.7287095607379,4.824898720581737,0.5120000000000003,0.02292697290108145,0.5120000000000003,0.0,0.022917651,0.44999999999999996
3.58176771743977,-1.394926465186928,0.44999999999999996,279.82377720046287,4.824045735863723,0.5130000000000005,0.022926960207589633,0.5130000000000003,0.0,0.022917651,0.44999999999999996
3.5820683544471437,-1.392078921100464,0.44999999999999996,279.9188933030657,4.823192552360833,0.5140000000000003,0.02292694761183445,0.5140000000000003,0.0,0.022917651,0.44999999999999996
3.582368937863692,-1.3892313940498962,0.44999999999999996,280.014057512126,4.822339171535034,0.5150000000000003,0.02292693511309709,0.5150000000000003,0.0,0.022917651,0.44999999999999996
3.582669468082582,-1.3863838839102398,0.44999999999999996,280.1092694747096,4.821485594833987,0.5160000000000003,0.02292692271066579,0.5160000000000003,0.0,0.022917651,0.44999999999999996
3.5829699454931503,-1.3835363905577303,0.44999999999999996,280.2045288413264,4.820631823691233,0.5170000000000003,0.0229269104038357,0.5170000000000003,0.0,0.022917651,0.44999999999999996
3.583270370480938,-1.3806889138698086,0.44999999999999996,280.2998352658886,4.8197778595263525,0.5180000000000005,0.02292689819190887,0.5180000000000003,0.0,0.022917651,0.44999999999999996
3.5835707434277473,-1.3778414537251042,0.44999999999999996,280.3951884056689,4.818923703745141,0.5190000000000003,0.022926886074194117,0.5190000000000003,0.0,0.022917651,0.44999999999999996
3.5838710647116776,-1.3749940100034235,0.44999999999999996,280.4905879212602,4.8180693577397795,0.5200000000000004,0.02292687405000693,0.5200000000000004,0.0,0.022917651,0.44999999999999996
3.584171334707176,-1.372146582585734,0.44999999999999996,280.58603347653536,4.817214822888992,0.5210000000000005,0.02292686211866944,0.5210000000000004,0.0,0.022917651,0.44999999999999996
3.5844715537850815,-1.3692991713541511,0.44999999999999996,280.68152473860783,4.8163601005582155,0.5220000000000005,0.022926850279510302,0.5220000000000004,0.0,0.022917651,0.44999999999999996
3.584771722312664,-1.3664517761919235,0.44999999999999996,280.77706137779234,4.815505192099747,0.5230000000000004,0.022926838531864637,0.5230000000000004,0.0,0.022917651,0.44999999999999996
3.5850718406536703,-1.3636043969834202,0.44999999999999996,280.87264306756674,4.814650098852915,0.5240000000000005,0.022926826875073938,0.5240000000000004,0.0,0.022917651,0.44999999999999996
3.5853719091683662,-1.3607570336141166,0.44999999999999996,280.9682694845345,4.813794822144227,0.5250000000000004,0.02292681530848598,0.5250000000000004,0.0,0.022917651,0.44999999999999996
3.585671928213578,-1.3579096859705833,0.44999999999999996,281.06394030838663,4.812939363287526,0.5260000000000005,0.022926803831454814,0.5260000000000004,0.0,0.022917651,0.44999999999999996
3.5859718981427315,-1.3550623539404685,0.44999999999999996,281.1596552218655,4.812083723584139,0.5270000000000004,0.022926792443340588,0.5270000000000004,0.0,0.022917651,0.44999999999999996
3.5862729683758663,-1.3522173018894477,0.44999999999999996,281.2511965691243,4.811234765089727,0.5280000000000004,0.02292678126044624,0.5280000000000004,0.0,0.022917651,0.44999999999999996
3.5865758888579324,-1.3493759199516304,0.44999999999999996,281.33577876228094,4.810396877720201,0.5290000000000005,0.02292677037804864,0.5290000000000004,0.0,0.022917651,0.44999999999999996
3.5868786847744483,-1.346534276562036,0.44999999999999996,281.42063815303726,4.809558230633723,0.5300000000000004,0.022926759601548424,0.5300000000000004,0.0,0.022917651,0.44999999999999996
3.587181359357813,-1.343692378505174,0.44999999999999996,281.50576754829,4.8087188435444705,0.5310000000000004,0.02292674892819762,0.5310000000000004,0.0,0.022917651,0.44999999999999996
3.587483915729545,-1.3408502323328275,0.44999999999999996,281.5911600016771,4.807878735490376,0.5320000000000004,0.022926738355342518,0.5320000000000004,0.0,0.022917651,0.44999999999999996
3.587786356904996,-1.3380078443739498,0.44999999999999996,281.67680880308774,4.807037924861874,0.5330000000000004,0.02292672788041966,0.5330000000000004,0.0,0.022917651,0.44999999999999996
3.5880886857978314,-1.335165220744055,0.44999999999999996,281.76270746870307,4.806196429429205,0.5340000000000004,0.022926717500952057,0.5340000000000004,0.0,0.022917651,0.44999999999999996
3.588390905224273,-1.3323223673541413,0.44999999999999996,281.84884973153675,4.80535426636833,0.5350000000000004,0.02292670721454553,0.5350000000000004,0.0,0.022917651,0.44999999999999996
3.5886930179071475,-1.3294792899191712,0.44999999999999996,281.935229532446,4.804511452285577,0.5360000000000005,0.022926697018885316,0.5360000000000004,0.0,0.022917651,0.44999999999999996
3.588995026479718,-1.3266359939661294,0.44999999999999996,282.02184101158565,4.80366800324105,0.5370000000000005,0.022926686911732785,0.5370000000000004,0.0,0.022917651,0.44999999999999996
3.5892969334893445,-1.3237924848416884,0.44999999999999996,282.10867850028154,4.8028239347709185,0.5380000000000004,0.022926676890922343,0.5380000000000004,0.0,0.022917651,0.44999999999999996
3.5895987414009514,-1.3209487677195042,0.44999999999999996,282.19573651329716,4.801979261908599,0.5390000000000004,0.022926666954358476,0.5390000000000004,0.0,0.022917651,0.44999999999999996
3.5899004526003413,-1.3181048476071564,0.44999999999999996,282.2830097414732,4.801133999204932,0.5400000000000004,0.02292665710001294,0.5400000000000004,0.0,0.022917651,0.44999999999999996
3.590202069397338,-1.3152607293527603,0.44999999999999996,282.37049304471896,4.800288160747394,0.5410000000000004,0.022926647325922058,0.5410000000000004,0.0,0.022917651,0.44999999999999996
3.590503594028796,-1.3124164176512636,0.44999999999999996,282.45818144533496,4.79944176017839,0.5420000000000003,0.022926637630184217,0.5420000000000004,0.0,0.022917651,0.44999999999999996
3.5908050286614492,-1.3095719170504487,0.44999999999999996,282.54607012165104,4.7985948107127,0.5430000000000005,0.022926628010957403,0.5430000000000004,0.0,0.022917651,0.44999999999999996
3.5911063753946433,-1.306727231956653,0.44999999999999996,282.6341544019596,4.797747325154096,0.5440000000000004,0.022926618466456886,0.5440000000000004,0.0,0.022917651,0.44999999999999996
3.5914076362629372,-1.3038823666402264,0.44999999999999996,282.72242975873064,4.7968993159112046,0.5450000000000005,0.02292660899495302,0.5450000000000004,0.0,0.022917651,0.44999999999999996
3.5917088132385766,-1.3010373252407372,0.44999999999999996,282.8108918030926,4.796050795012629,0.5460000000000004,0.022926599594769136,0.5460000000000004,0.0,0.022917651,0.44999999999999996
3.5920099082338672,-1.29819211177194,0.44999999999999996,282.8995362795644,4.79520177412139,0.5470000000000003,0.02292659026427952,0.5470000000000004,0.0,0.022917651,0.44999999999999996
3.592310923103432,-1.2953467301265185,0.44999999999999996,282.9883590610259,4.794352264548706,0.5480000000000004,0.022926581001907486,0.5480000000000004,0.0,0.022917651,0.44999999999999996
3.5926118596463694,-1.29250118408062,0.44999999999999996,283.0773561439144,4.793502277267167,0.5490000000000004,0.02292657180612356,0.5490000000000004,0.0,0.022917651,0.44999999999999996
3.592912719608318,-1.2896554772981788,0.44999999999999996,283.16652364363523,4.7926518229232995,0.5500000000000004,0.022926562675443726,0.5500000000000004,0.0,0.022917651,0.44999999999999996
3.5932135046834253,-1.2868096133350588,0.44999999999999996,283.25585779017536,4.791800911849598,0.5510000000000004,0.022926553608427724,0.5510000000000004,0.0,0.022917651,0.44999999999999996
3.5935142165162346,-1.2839635956430049,0.44999999999999996,283.3453549239096,4.7909495540760165,0.5520000000000004,0.02292654460367747,0.5520000000000004,0.0,0.022917651,0.44999999999999996
3.5938148567034847,-1.2811174275734278,0.44999999999999996,283.4350114915896,4.790097759340965,0.5530000000000005,0.02292653565983553,0.5530000000000004,0.0,0.022917651,0.44999999999999996
3.594115426795835,-1.2782711123810238,0.44999999999999996,283.5248240425066,4.789245537101816,0.5540000000000004,0.022926526775583635,0.5540000000000004,0.0,0.022917651,0.44999999999999996
3.594415928299521,-1.2754246532272377,0.44999999999999996,283.6147892248192,4.788392896544982,0.5550000000000004,0.022926517949641272,0.5550000000000004,0.0,0.022917651,0.44999999999999996
3.5947163626779237,-1.2725780531835789,0.44999999999999996,283.7049037820378,4.78753984659554,0.5560000000000005,0.022926509180764387,0.5560000000000004,0.0,0.022917651,0.44999999999999996
3.5950167313530916,-1.2697313152347967,0.44999999999999996,283.7951645496573,4.786686395926466,0.5570000000000004,0.022926500467744044,0.5570000000000004,0.0,0.022917651,0.44999999999999996
3.595317035707187,-1.266884442281923,0.44999999999999996,283.88556845193284,4.785832552967473,0.5580000000000003,0.022926491809405213,0.5580000000000004,0.0,0.022917651,0.44999999999999996
3.5956172770838735,-1.2640374371451861,0.44999999999999996,283.97611249878867,4.784978325913473,0.5590000000000004,0.022926483204605604,0.5590000000000004,0.0,0.022917651,0.44999999999999996
3.595917456789648,-1.2611903025668056,0.44999999999999996,284.066793782857,4.784123722732709,0.5600000000000004,0.022926474652234526,0.5600000000000004,0.0,0.022917651,0.44999999999999996
3.596217576095117,-1.2583430412136687,0.44999999999999996,284.15760947663705,4.783268751174525,0.5610000000000005,0.022926466151211782,0.5610000000000004,0.0,0.022917651,0.44999999999999996
3.5965176362362214,-1.2554956556799037,0.44999999999999996,284.2485568297719,4.782413418776841,0.5620000000000004,0.022926457700486666,0.5620000000000004,0.0,0.022917651,0.44999999999999996
3.596817638415411,-1.2526481484893395,0.44999999999999996,284.3396331664349,4.781557732873307,0.5630000000000004,0.022926449299036932,0.5630000000000004,0.0,0.022917651,0.44999999999999996
3.597117583802766,-1.2498005220978745,0.44999999999999996,284.43083588282235,4.780701700600184,0.5640000000000004,0.022926440945867856,0.5640000000000004,0.0,0.022917651,0.44999999999999996
3.5974174735370883,-1.246952778895746,0.44999999999999996,284.52216244474664,4.7798453289029315,0.5650000000000004,0.0229264326400113,0.5650000000000004,0.0,0.022917651,0.44999999999999996
3.5977173087269314,-1.2441049212097086,0.44999999999999996,284.61361038532476,4.778988624542551,0.5660000000000004,0.022926424380524852,0.5660000000000004,0.0,0.022917651,0.44999999999999996
3.5980170904516027,-1.2412569513051297,0.44999999999999996,284.70517730275867,4.778131594101662,0.5670000000000005,0.02292641616649095,0.5670000000000004,0.0,0.022917651,0.44999999999999996
3.5983168197621183,-1.2384088713879993,0.44999999999999996,284.7968608582031,4.77727424399035,0.5680000000000004,0.022926407997016094,0.5680000000000004,0.0,0.022917651,0.44999999999999996
3.5986164976821287,-1.2355606836068647,0.44999999999999996,284.88865877371666,4.776416580451785,0.5690000000000004,0.022926399871230043,0.5690000000000004,0.0,0.022917651,0.44999999999999996
3.5989161252087993,-1.2327123900546848,0.44999999999999996,284.98056883029136,4.775558609567608,0.5700000000000005,0.022926391788285073,0.5700000000000004,0.0,0.022917651,0.44999999999999996
3.599215703313663,-1.22986399277062,0.44999999999999996,285.0725888659599,4.7747003372631385,0.5710000000000004,0.02292638374735525,0.5710000000000004,0.0,0.022917651,0.44999999999999996
3.599515232943439,-1.227015493741748,0.44999999999999996,285.1647167739742,4.773841769312352,0.5720000000000005,0.022926375747635737,0.5720000000000004,0.0,0.022917651,0.44999999999999996
3.5998147150208193,-1.2241668949047149,0.44999999999999996,285.2569505010535,4.772982911342684,0.5730000000000004,0.02292636778834212,0.5730000000000004,0.0,0.022917651,0.44999999999999996
3.6001141504452265,-1.2213181981473276,0.44999999999999996,285.3492880456991,4.772123768839656,0.5740000000000004,0.02292635986870977,0.5740000000000004,0.0,0.022917651,0.44999999999999996
3.6004135400935424,-1.218469405310082,0.44999999999999996,285.44172745657215,4.771264347151309,0.5750000000000004,0.022926351987993226,0.5750000000000004,0.0,0.022917651,0.44999999999999996
3.6007128848208105,-1.2156205181876356,0.44999999999999996,285.5342668309319,4.770404651492498,0.5760000000000004,0.022926344145465582,0.5760000000000004,0.0,0.022917651,0.44999999999999996
3.6010121854609114,-1.2127715385302276,0.44999999999999996,285.6269043131325,4.769544686949,0.5770000000000005,0.02292633634041793,0.5770000000000004,0.0,0.022917651,0.44999999999999996
3.601311442827211,-1.2099224680450427,0.44999999999999996,285.7196380931745,4.7686844584814905,0.5780000000000004,0.02292632857215879,0.5780000000000004,0.0,0.022917651,0.44999999999999996
3.6016106577131937,-1.2070733083975274,0.44999999999999996,285.8124664053104,4.767823970929364,0.5790000000000004,0.022926320840013607,0.5790000000000004,0.0,0.022917651,0.44999999999999996
3.6019098308930584,-1.2042240612126591,0.44999999999999996,285.9053875266998,4.766963229014418,0.5800000000000005,0.022926313143324207,0.5800000000000004,0.0,0.022917651,0.44999999999999996
3.6022089631223073,-1.2013747280761655,0.44999999999999996,285.99839977611464,4.766102237344401,0.5810000000000004,0.022926305481448306,0.5810000000000004,0.0,0.022917651,0.44999999999999996
3.6025080551383026,-1.1985253105357045,0.44999999999999996,286.09150151268994,4.7652410004164425,0.5820000000000004,0.022926297853759055,0.5820000000000004,0.0,0.022917651,0.44999999999999996
3.60280710766081,-1.1956758101019997,0.44999999999999996,286.1846911347201,4.764379522620348,0.5830000000000005,0.022926290259644544,0.5830000000000004,0.0,0.022917651,0.44999999999999996
3.6031061213925213,-1.192826228249934,0.44999999999999996,286.2779670784973,4.763517808241777,0.5840000000000004,0.022926282698507404,0.5840000000000004,0.0,0.022917651,0.44999999999999996
3.6034050970195532,-1.1899765664196083,0.44999999999999996,286.37132781719134,4.76265586146532,0.5850000000000004,0.02292627516976434,0.5850000000000004,0.0,0.022917651,0.44999999999999996
3.603704035211939,-1.1871268260173595,0.44999999999999996,286.4647718597695,4.761793686377461,0.5860000000000004,0.02292626767284573,0.5860000000000004,0.0,0.022917651,0.44999999999999996
3.604002936624094,-1.1842770084167444,0.44999999999999996,286.5582977499528,4.760931286969431,0.5870000000000004,0.02292626020719524,0.5870000000000004,0.0,0.022917651,0.44999999999999996
3.604301801895267,-1.18142711495949,0.44999999999999996,286.6519040652096,4.7600686671399695,0.5880000000000005,0.022926252772269416,0.5880000000000004,0.0,0.022917651,0.44999999999999996
3.604600631649978,-1.1785771469564092,0.44999999999999996,286.7455894157835,4.75920583069799,0.5890000000000004,0.022926245367537346,0.5890000000000004,0.0,0.022917651,0.44999999999999996
3.6048994264984437,-1.175727105688287,0.44999999999999996,286.83935244375533,4.7583427813651475,0.5900000000000004,0.022926237992480242,0.5900000000000004,0.0,0.022917651,0.44999999999999996
3.6051981870369785,-1.1728769924067344,0.44999999999999996,286.933191822136,4.757479522778331,0.5910000000000005,0.02292623064659118,0.5910000000000004,0.0,0.022917651,0.44999999999999996
3.60549691384839,-1.1700268083350147,0.44999999999999996,287.02710625399124,4.756616058492052,0.5920000000000004,0.022926223329374676,0.5920000000000004,0.0,0.022917651,0.44999999999999996
3.6057956075023627,-1.1671765546688428,0.44999999999999996,287.1210944715955,4.755752391980775,0.5930000000000004,0.02292621604034643,0.5930000000000004,0.0,0.022917651,0.44999999999999996
3.606094268555824,-1.1643262325771546,0.44999999999999996,287.21515523561396,4.7548885266411505,0.5940000000000004,0.022926208779032987,0.5940000000000004,0.0,0.022917651,0.44999999999999996
3.606392897553294,-1.161475843202853,0.44999999999999996,287.30928733431256,4.754024465794185,0.5950000000000004,0.022926201544971422,0.5950000000000004,0.0,0.022917651,0.44999999999999996
3.6066914950272357,-1.1586253876635293,0.44999999999999996,287.40348958279384,4.753160212687332,0.5960000000000004,0.022926194337709076,0.5960000000000004,0.0,0.022917651,0.44999999999999996
3.6069900614983865,-1.1557748670521593,0.44999999999999996,287.4977608222579,4.752295770496523,0.5970000000000004,0.02292618715680325,0.5970000000000004,0.0,0.022917651,0.44999999999999996
3.6072885974760722,-1.152924282437778,0.44999999999999996,287.5920999192879,4.7514311423281175,0.5980000000000004,0.022926180001820944,0.5980000000000004,0.0,0.022917651,0.44999999999999996
3.6075871034585276,-1.15007363486613,0.44999999999999996,287.68650576515876,4.7505663312208055,0.5990000000000004,0.022926172872338602,0.5990000000000004,0.0,0.022917651,0.44999999999999996
3.607885579933189,-1.147222925360303,0.44999999999999996,287.78097727516894,4.749701340147434,0.6000000000000004,0.022926165767941827,0.6000000000000004,0.0,0.022917651,0.44999999999999996
3.608244758212577,-1.1443881816894887,0.44999999999999996,287.84731087350735,4.748972777485014,0.6010000000000005,0.02292616440745906,0.6010000000000004,0.0,0.022917651,0.44999999999999996
3.608603935885575,-1.1415534171437385,0.44999999999999996,287.9136823322057,4.748244191522494,0.6020000000000004,0.022926163045553366,0.6020000000000004,0.0,0.022917651,0.44999999999999996
3.6089631129471247,-1.1387186315489752,0.44999999999999996,287.98009196698325,4.7475155820655734,0.6030000000000005,0.02292616168221289,0.6030000000000004,0.0,0.022917651,0.44999999999999996
3.6093222893921144,-1.1358838247291807,0.44999999999999996,288.0465400970794,4.7467869489177845,0.6040000000000004,0.022926160317425632,0.6040000000000004,0.0,0.022917651,0.44999999999999996
3.6096814652153735,-1.1330489965063695,0.44999999999999996,288.1130270453031,4.746058291880464,0.6050000000000004,0.02292615895117945,0.6050000000000004,0.0,0.022917651,0.44999999999999996
3.6100406404116736,-1.1302141467005595,0.44999999999999996,288.17955313808267,4.745329610752722,0.6060000000000005,0.022926157583462087,0.6060000000000004,0.0,0.022917651,0.44999999999999996
3.610399814975727,-1.1273792751297451,0.44999999999999996,288.2461187055166,4.744600905331406,0.6070000000000004,0.022926156214261136,0.6070000000000004,0.0,0.022917651,0.44999999999999996
3.610758988902188,-1.1245443816098695,0.44999999999999996,288.31272408142536,4.743872175411077,0.6080000000000004,0.022926154843564046,0.6080000000000004,0.0,0.022917651,0.44999999999999996
3.611118162185649,-1.1217094659547937,0.44999999999999996,288.3793696034042,4.743143420783972,0.6090000000000004,0.02292615347135813,0.6090000000000004,0.0,0.022917651,0.44999999999999996
3.611477334820643,-1.1188745279762682,0.44999999999999996,288.4460556128765,4.742414641239971,0.6100000000000004,0.02292615209763056,0.6100000000000004,0.0,0.022917651,0.44999999999999996
3.6118365068016374,-1.1160395674839032,0.44999999999999996,288.5127824551478,4.741685836566565,0.6110000000000004,0.022926150722368355,0.6110000000000004,0.0,0.022917651,0.44999999999999996
3.612195678123039,-1.113204584285137,0.44999999999999996,288.5795504794621,4.740957006548821,0.6120000000000005,0.022926149345558387,0.6120000000000004,0.0,0.022917651,0.44999999999999996
3.612554848779191,-1.1103695781852068,0.44999999999999996,288.6463600390571,4.74022815096935,0.6130000000000005,0.02292614796718738,0.6130000000000004,0.0,0.022917651,0.44999999999999996
3.61291401876437,-1.1075345489871145,0.44999999999999996,288.713211491222,4.7394992696082685,0.6140000000000005,0.022926146587241913,0.6140000000000004,0.0,0.022917651,0.44999999999999996
3.6132731880727884,-1.104699496491597,0.44999999999999996,288.78010519735597,4.738770362243162,0.6150000000000004,0.0229261452057084,0.6150000000000004,0.0,0.022917651,0.44999999999999996
3.61363235669859,-1.1018644204970927,0.44999999999999996,288.84704152302686,4.738041428649052,0.6160000000000004,0.022926143822573096,0.6160000000000004,0.0,0.022917651,0.44999999999999996
3.6139915246358543,-1.0990293207997075,0.44999999999999996,288.91402083803183,4.737312468598359,0.6170000000000004,0.022926142437822115,0.6170000000000004,0.0,0.022917651,0.44999999999999996
3.614350691878587,-1.096194197193182,0.44999999999999996,288.98104351645856,4.736583481860861,0.6180000000000004,0.022926141051441386,0.6180000000000004,0.0,0.022917651,0.44999999999999996
3.614709858420728,-1.0933590494688565,0.44999999999999996,289.04810993674784,4.735854468203656,0.6190000000000005,0.022926139663416688,0.6190000000000004,0.0,0.022917651,0.44999999999999996
3.615069024256145,-1.0905238774156367,0.44999999999999996,289.11522048175686,4.735125427391125,0.6200000000000004,0.02292613827373364,0.6200000000000004,0.0,0.022917651,0.44999999999999996
3.6154281893786346,-1.0876886808199568,0.44999999999999996,289.18237553882375,4.734396359184893,0.6210000000000004,0.02292613688237767,0.6210000000000004,0.0,0.022917651,0.44999999999999996
3.61578735378192,-1.0848534594657449,0.44999999999999996,289.2495754998338,4.733667263343783,0.6220000000000006,0.022926135489334063,0.6220000000000004,0.0,0.022917651,0.44999999999999996
3.61614651745965,-1.082018213134384,0.44999999999999996,289.3168207612858,4.7329381396237835,0.6230000000000004,0.022926134094587908,0.6230000000000004,0.0,0.022917651,0.44999999999999996
3.6165056804054,-1.0791829416046776,0.44999999999999996,289.3841117243606,4.732208987777997,0.6240000000000006,0.022926132698124137,0.6240000000000004,0.0,0.022917651,0.44999999999999996
3.6168648426126686,-1.076347644652808,0.44999999999999996,289.45144879499003,4.731479807556605,0.6250000000000004,0.022926131299927485,0.6250000000000004,0.0,0.022917651,0.44999999999999996
3.617224004074876,-1.0735123220522986,0.44999999999999996,289.5188323839277,4.730750598706821,0.6260000000000004,0.02292612989998252,0.6260000000000004,0.0,0.022917651,0.44999999999999996
3.617583164785365,-1.0706769735739765,0.44999999999999996,289.5862629068208,4.730021360972846,0.6270000000000006,0.022926128498273617,0.6270000000000004,0.0,0.022917651,0.44999999999999996
3.6179423247374007,-1.067841598985929,0.44999999999999996,289.6537407842831,4.729292094095825,0.6280000000000006,0.02292612709478497,0.6280000000000004,0.0,0.022917651,0.44999999999999996
3.618301483924163,-1.065006198053464,0.44999999999999996,289.7212664419693,4.7285627978138,0.6290000000000006,0.02292612568950058,0.6290000000000004,0.0,0.022917651,0.44999999999999996
3.6186606423387535,-1.0621707705390688,0.44999999999999996,289.7888403106509,4.727833471861666,0.6300000000000004,0.02292612428240426,0.6300000000000004,0.0,0.022917651,0.44999999999999996
3.61901979997419,-1.0593353162023667,0.44999999999999996,289.85646282629347,4.7271041159711205,0.6310000000000006,0.022926122873479615,0.6310000000000004,0.0,0.022917651,0.44999999999999996
3.619378956823405,-1.0564998348000736,0.44999999999999996,289.9241344301346,4.726374729870614,0.6320000000000006,0.02292612146271008,0.6320000000000005,0.0,0.022917651,0.44999999999999996
3.619738112879246,-1.0536643260859553,0.44999999999999996,289.99185556876444,4.725645313285306,0.6330000000000005,0.022926120050078852,0.6330000000000005,0.0,0.022917651,0.44999999999999996
3.6200972681344727,-1.05082878981078,0.44999999999999996,290.059626694207,4.724915865937013,0.6340000000000005,0.022926118635568954,0.6340000000000005,0.0,0.022917651,0.44999999999999996
3.620456422581757,-1.0479932257222764,0.44999999999999996,290.1274482640027,4.724186387544153,0.6350000000000005,0.02292611721916319,0.6350000000000005,0.0,0.022917651,0.44999999999999996
3.620815576213681,-1.0451576335650825,0.44999999999999996,290.19532074129296,4.723456877821697,0.6360000000000005,0.02292611580084415,0.6360000000000005,0.0,0.022917651,0.44999999999999996
3.6211747290227363,-1.0423220130807025,0.44999999999999996,290.2632445949066,4.722727336481119,0.6370000000000006,0.022926114380594206,0.6370000000000005,0.0,0.022917651,0.44999999999999996
3.6215338810013202,-1.0394863640074563,0.44999999999999996,290.3312202994467,4.7219977632303385,0.6380000000000005,0.022926112958395535,0.6380000000000005,0.0,0.022917651,0.44999999999999996
3.621893032141738,-1.0366506860804299,0.44999999999999996,290.39924833538004,4.721268157773664,0.6390000000000006,0.02292611153423007,0.6390000000000005,0.0,0.022917651,0.44999999999999996
3.6222521824361995,-1.0338149790314273,0.44999999999999996,290.4673291891283,4.720538519811742,0.6400000000000005,0.022926110108079534,0.6400000000000005,0.0,0.022917651,0.44999999999999996
3.622611331876817,-1.0309792425889177,0.44999999999999996,290.5354633531601,4.719808849041497,0.6410000000000005,0.022926108679925422,0.6410000000000005,0.0,0.022917651,0.44999999999999996
3.6229704804556033,-1.0281434764779838,0.44999999999999996,290.6036513260854,4.719079145156072,0.6420000000000005,0.022926107249748987,0.6420000000000005,0.0,0.022917651,0.44999999999999996
3.623329628164473,-1.02530768042027,0.44999999999999996,290.6718936127518,4.718349407844773,0.6430000000000005,0.022926105817531257,0.6430000000000005,0.0,0.022917651,0.44999999999999996
3.6236887749952396,-1.022471854133927,0.44999999999999996,290.74019072434197,4.717619636793007,0.6440000000000006,0.022926104383253022,0.6440000000000005,0.0,0.022917651,0.44999999999999996
3.624047920939612,-1.019635997333558,0.44999999999999996,290.8085431784737,4.716889831682223,0.6450000000000005,0.022926102946894827,0.6450000000000005,0.0,0.022917651,0.44999999999999996
3.624407065989195,-1.0168001097301615,0.44999999999999996,290.8769514993012,4.716159992189839,0.6460000000000005,0.022926101508436974,0.6460000000000005,0.0,0.022917651,0.44999999999999996
3.6247662101354874,-1.0139641910310755,0.44999999999999996,290.94541621761886,4.715430117989198,0.6470000000000005,0.02292610006785951,0.6470000000000005,0.0,0.022917651,0.44999999999999996
3.6251253533698793,-1.0111282409399183,0.44999999999999996,291.01393787096634,4.714700208749485,0.6480000000000005,0.022926098625142236,0.6480000000000005,0.0,0.022917651,0.44999999999999996
3.6254844956836516,-1.00829225915653,0.44999999999999996,291.0825170037367,4.713970264135667,0.6490000000000005,0.02292609718026469,0.6490000000000005,0.0,0.022917651,0.44999999999999996
3.6258436370679736,-1.0054562453769116,0.44999999999999996,291.15115416728537,4.713240283808428,0.6500000000000005,0.022926095733206153,0.6500000000000005,0.0,0.022917651,0.44999999999999996
3.626202777513902,-1.0026201992931638,0.44999999999999996,291.2198499200419,4.7125102674241,0.6510000000000005,0.022926094283945635,0.6510000000000005,0.0,0.022917651,0.44999999999999996
3.626561917012376,-0.9997841205934239,0.44999999999999996,291.2886048276241,4.711780214634587,0.6520000000000005,0.022926092832461883,0.6520000000000005,0.0,0.022917651,0.44999999999999996
3.62692105555422,-0.9969480089618018,0.44999999999999996,291.357419462954,4.711050125087302,0.6530000000000005,0.022926091378733353,0.6530000000000005,0.0,0.022917651,0.44999999999999996
3.6272801931301397,-0.9941118640783151,0.44999999999999996,291.42629440637575,4.710319998425088,0.6540000000000006,0.022926089922738247,0.6540000000000005,0.0,0.022917651,0.44999999999999996
3.6276393297307186,-0.9912756856188223,0.44999999999999996,291.4952302457766,4.709589834286144,0.6550000000000005,0.02292608846445446,0.6550000000000005,0.0,0.022917651,0.44999999999999996
3.6279984653464172,-0.9884394732549556,0.44999999999999996,291.5642275767097,4.708859632303957,0.6560000000000005,0.022926087003859615,0.6560000000000005,0.0,0.022917651,0.44999999999999996
3.6283575999675732,-0.9856032266540509,0.44999999999999996,291.6332870025195,4.708129392107214,0.6570000000000005,0.022926085540931035,0.6570000000000005,0.0,0.022917651,0.44999999999999996
3.628716733584396,-0.9827669454790778,0.44999999999999996,291.70240913446963,4.70739911331973,0.6580000000000006,0.022926084075645746,0.6580000000000005,0.0,0.022917651,0.44999999999999996
3.6290758661869664,-0.979930629388568,0.44999999999999996,291.77159459187317,4.706668795560364,0.6590000000000005,0.022926082607980472,0.6590000000000005,0.0,0.022917651,0.44999999999999996
3.6294349977652343,-0.9770942780365414,0.44999999999999996,291.84084400222554,4.705938438442944,0.6600000000000005,0.02292608113791163,0.6600000000000005,0.0,0.022917651,0.44999999999999996
3.629794128309015,-0.9742578910724318,0.44999999999999996,291.91015800134016,4.705208041576176,0.6610000000000005,0.022926079665415326,0.6610000000000005,0.0,0.022917651,0.44999999999999996
3.6301532578079914,-0.9714214681410103,0.44999999999999996,291.9795372334867,4.704477604563563,0.6620000000000006,0.022926078190467342,0.6620000000000005,0.0,0.022917651,0.44999999999999996
3.6305123862517052,-0.9685850088823078,0.44999999999999996,292.04898235153246,4.703747127003313,0.6630000000000005,0.022926076713043142,0.6630000000000005,0.0,0.022917651,0.44999999999999996
3.630871513629561,-0.9657485129315357,0.44999999999999996,292.11849401708554,4.70301660848826,0.6640000000000006,0.022926075233117866,0.6640000000000005,0.0,0.022917651,0.44999999999999996
3.631230639930819,-0.962911979919005,0.44999999999999996,292.1880729006422,4.702286048605767,0.6650000000000005,0.022926073750666305,0.6650000000000005,0.0,0.022917651,0.44999999999999996
3.631589765144595,-0.960075409470043,0.44999999999999996,292.25771968173655,4.701555446937631,0.6660000000000005,0.022926072265662928,0.6660000000000005,0.0,0.022917651,0.44999999999999996
3.63194888925986,-0.9572388012049102,0.44999999999999996,292.3274350490932,4.700824803059998,0.6670000000000006,0.02292607077808185,0.6670000000000005,0.0,0.022917651,0.44999999999999996
3.632308012265431,-0.9544021547387136,0.44999999999999996,292.3972197007831,4.700094116543258,0.6680000000000005,0.022926069287896828,0.6680000000000005,0.0,0.022917651,0.44999999999999996
3.632667134149977,-0.9515654696813189,0.44999999999999996,292.467074344383,4.699363386951954,0.6690000000000006,0.022926067795081276,0.6690000000000005,0.0,0.022917651,0.44999999999999996
3.633026254902009,-0.9487287456372616,0.44999999999999996,292.53699969713716,4.698632613844676,0.6700000000000005,0.022926066299608232,0.6700000000000005,0.0,0.022917651,0.44999999999999996
3.6333853745098823,-0.9458919822056555,0.44999999999999996,292.6069964861238,4.6979017967739685,0.6710000000000005,0.022926064801450378,0.6710000000000005,0.0,0.022917651,0.44999999999999996
3.633744492961791,-0.9430551789800987,0.44999999999999996,292.67706544842355,4.697170935286211,0.6720000000000006,0.022926063300580002,0.6720000000000005,0.0,0.022917651,0.44999999999999996
3.6341036102457664,-0.9402183355485789,0.44999999999999996,292.7472073312924,4.696440028921527,0.6730000000000004,0.022926061796969027,0.6730000000000005,0.0,0.022917651,0.44999999999999996
3.634462726349676,-0.9373814514933774,0.44999999999999996,292.8174228923379,4.69570907721367,0.6740000000000005,0.022926060290588978,0.6740000000000005,0.0,0.022917651,0.44999999999999996
3.634821841261216,-0.9345445263909675,0.44999999999999996,292.88771289969884,4.694978079689909,0.6750000000000005,0.022926058781410984,0.6750000000000005,0.0,0.022917651,0.44999999999999996
3.635180954967911,-0.9317075598119156,0.44999999999999996,292.95807813222905,4.694247035870919,0.6760000000000006,0.022926057269405775,0.6760000000000005,0.0,0.022917651,0.44999999999999996
3.6355400674571117,-0.9288705513207763,0.44999999999999996,293.0285193796847,4.6935159452706685,0.6770000000000006,0.022926055754543664,0.6770000000000005,0.0,0.022917651,0.44999999999999996
3.635899178715993,-0.9260335004759878,0.44999999999999996,293.09903744291614,4.692784807396297,0.6780000000000005,0.02292605423679456,0.6780000000000005,0.0,0.022917651,0.44999999999999996
3.6362582887315464,-0.9231964068297634,0.44999999999999996,293.1696331340628,4.692053621747994,0.6790000000000006,0.022926052716127937,0.6790000000000005,0.0,0.022917651,0.44999999999999996
3.6366173974905793,-0.9203592699279819,0.44999999999999996,293.24030727675324,4.6913223878188814,0.6800000000000005,0.02292605119251284,0.6800000000000005,0.0,0.022917651,0.44999999999999996
3.6369765049797147,-0.9175220893100751,0.44999999999999996,293.311060706309,4.690591105094883,0.6810000000000005,0.02292604966591787,0.6810000000000005,0.0,0.022917651,0.44999999999999996
3.6373356111853816,-0.9146848645089126,0.44999999999999996,293.38189426995257,4.689859773054602,0.6820000000000006,0.022926048136311192,0.6820000000000005,0.0,0.022917651,0.44999999999999996
3.637694716093817,-0.9118475950506851,0.44999999999999996,293.4528088270205,4.689128391169181,0.6830000000000005,0.022926046603660512,0.6830000000000005,0.0,0.022917651,0.44999999999999996
3.638053819691059,-0.9090102804547843,0.44999999999999996,293.5238052491804,4.688396958902178,0.6840000000000005,0.02292604506793306,0.6840000000000005,0.0,0.022917651,0.44999999999999996
3.6384129219629466,-0.9061729202336802,0.44999999999999996,293.59488442065293,4.687665475709422,0.6850000000000005,0.02292604352909561,0.6850000000000005,0.0,0.022917651,0.44999999999999996
3.638772022895113,-0.903335513892797,0.44999999999999996,293.66604723843875,4.686933941038882,0.6860000000000005,0.02292604198711445,0.6860000000000005,0.0,0.022917651,0.44999999999999996
3.6391311224729814,-0.9004980609303843,0.44999999999999996,293.7372946125501,4.686202354330515,0.6870000000000005,0.022926040441955377,0.6870000000000005,0.0,0.022917651,0.44999999999999996
3.639490220681766,-0.897660560837387,0.44999999999999996,293.8086274662477,4.685470715016126,0.6880000000000005,0.022926038893583696,0.6880000000000005,0.0,0.022917651,0.44999999999999996
3.639849317506463,-0.8948230130973117,0.44999999999999996,293.8800467362827,4.684739022519217,0.6890000000000006,0.02292603734196419,0.6890000000000005,0.0,0.022917651,0.44999999999999996
3.640208412931849,-0.891985417186091,0.44999999999999996,293.9515533731436,4.684007276254838,0.6900000000000005,0.022926035787061146,0.6900000000000005,0.0,0.022917651,0.44999999999999996
3.6405675069424754,-0.8891477725719431,0.44999999999999996,294.02314834131,4.683275475629426,0.6910000000000005,0.022926034228838314,0.6910000000000005,0.0,0.022917651,0.44999999999999996
3.640926599522668,-0.8863100787152303,0.44999999999999996,294.0948326195098,4.682543620040649,0.6920000000000006,0.02292603266725891,0.6920000000000005,0.0,0.022917651,0.44999999999999996
3.6412856906565167,-0.8834723350683124,0.44999999999999996,294.16660720098406,4.681811708877247,0.6930000000000005,0.022926031102285603,0.6930000000000005,0.0,0.022917651,0.44999999999999996
3.6416447803278773,-0.8806345410753987,0.44999999999999996,294.2384730937567,4.681079741518858,0.6940000000000005,0.022926029533880506,0.6940000000000005,0.0,0.022917651,0.44999999999999996
3.6420038685203644,-0.8777966961723959,0.44999999999999996,294.31043132091065,4.680347717335857,0.6950000000000005,0.022926027962005175,0.6950000000000005,0.0,0.022917651,0.44999999999999996
3.6423629552173455,-0.8749587997867515,0.44999999999999996,294.38248292087013,4.679615635689172,0.6960000000000005,0.02292602638662057,0.6960000000000005,0.0,0.022917651,0.44999999999999996
3.6427220404019383,-0.872120851337295,0.44999999999999996,294.4546289476892,4.678883495930115,0.6970000000000006,0.0229260248076871,0.6970000000000005,0.0,0.022917651,0.44999999999999996
3.6430811240570047,-0.8692828502340759,0.44999999999999996,294.52687047134697,4.6781512974001975,0.6980000000000005,0.022926023225164523,0.6980000000000005,0.0,0.022917651,0.44999999999999996
3.6434402061651485,-0.8664447958781967,0.44999999999999996,294.59920857804974,4.677419039430946,0.6990000000000005,0.022926021639012032,0.6990000000000005,0.0,0.022917651,0.44999999999999996
3.6437992867087075,-0.8636066876616422,0.44999999999999996,294.6716443705392,4.676686721343707,0.7000000000000005,0.02292602004918818,0.7000000000000005,0.0,0.022917651,0.44999999999999996
3.6441881134772243,-0.8609613226398594,0.44999999999999996,294.784786615143,4.676176583014051,0.7010000000000006,0.02292601977019904,0.7010000000000005,0.0,0.022917651,0.44999999999999996
3.6445769148666667,-0.8583158432334145,0.44999999999999996,294.8981116547,4.675666228782863,0.7020000000000004,0.02292601949048542,0.7020000000000005,0.0,0.022917651,0.44999999999999996
3.644965690500881,-0.8556702477469588,0.44999999999999996,295.01162219850085,4.675155655450163,0.7030000000000004,0.022926019210036584,0.7030000000000005,0.0,0.022917651,0.44999999999999996
3.6453544399962405,-0.8530245344514729,0.44999999999999996,295.12532100964273,4.67464485975242,0.7040000000000005,0.02292601892884158,0.7040000000000005,0.0,0.022917651,0.44999999999999996
3.6457431629614634,-0.8503787015834284,0.44999999999999996,295.23921090637225,4.674133838360969,0.7050000000000005,0.022926018646889243,0.7050000000000005,0.0,0.022917651,0.44999999999999996
3.6461318589974168,-0.8477327473439211,0.44999999999999996,295.35329476346743,4.673622587880368,0.7060000000000006,0.022926018364168185,0.7060000000000005,0.0,0.022917651,0.44999999999999996
3.6465205276969246,-0.8450866698977806,0.44999999999999996,295.4675755136636,4.673111104846727,0.7070000000000005,0.022926018080666768,0.7070000000000005,0.0,0.022917651,0.44999999999999996
3.646909168644558,-0.8424404673726515,0.44999999999999996,295.58205614912026,4.672599385725967,0.7080000000000005,0.022926017796373137,0.7080000000000005,0.0,0.022917651,0.44999999999999996
3.647297781416426,-0.8397941378580462,0.44999999999999996,295.696739722934,4.672087426912033,0.7090000000000005,0.022926017511275196,0.7090000000000005,0.0,0.022917651,0.44999999999999996
3.6476863655799643,-0.8371476794043698,0.44999999999999996,295.81162935069847,4.671575224725059,0.7100000000000005,0.022926017225360598,0.7100000000000005,0.0,0.022917651,0.44999999999999996
3.648074920693706,-0.8345010900219143,0.44999999999999996,295.92672821211085,4.6710627754094585,0.7110000000000005,0.02292601693861674,0.7110000000000005,0.0,0.022917651,0.44999999999999996
3.648463446307056,-0.8318543676798215,0.44999999999999996,296.04203955262955,4.670550075131983,0.7120000000000006,0.022926016651030754,0.7120000000000005,0.0,0.022917651,0.44999999999999996
3.648851941960049,-0.8292075103050133,0.44999999999999996,296.1575666851828,4.670037119979685,0.7130000000000006,0.022926016362589507,0.7130000000000005,0.0,0.022917651,0.44999999999999996
3.649240407183111,-0.8265605157810892,0.44999999999999996,296.27331299193145,4.669523905957852,0.7140000000000005,0.02292601607327961,0.7140000000000005,0.0,0.022917651,0.44999999999999996
3.6496288414968,-0.8239133819471888,0.44999999999999996,296.3892819260867,4.669010428987851,0.7150000000000005,0.02292601578308736,0.7150000000000005,0.0,0.022917651,0.44999999999999996
3.650017244411551,-0.8212661065968179,0.44999999999999996,296.5054770137859,4.668496684904913,0.7160000000000005,0.022926015491998793,0.7160000000000005,0.0,0.022917651,0.44999999999999996
3.6504056154274047,-0.8186186874766374,0.44999999999999996,296.6219018560273,4.667982669455851,0.7170000000000005,0.02292601519999963,0.7170000000000005,0.0,0.022917651,0.44999999999999996
3.6507939540337313,-0.8159711222852137,0.44999999999999996,296.73856013066825,4.667468378296702,0.7180000000000005,0.022926014907075302,0.7180000000000005,0.0,0.022917651,0.44999999999999996
3.6511822597089436,-0.8133234086717287,0.44999999999999996,296.85545559448605,4.666953806990286,0.7190000000000006,0.022926014613210914,0.7190000000000005,0.0,0.022917651,0.44999999999999996
3.651570531920201,-0.8106755442346478,0.44999999999999996,296.9725920853063,4.666438951003693,0.7200000000000004,0.022926014318391256,0.7200000000000005,0.0,0.022917651,0.44999999999999996
3.651958770123106,-0.8080275265203449,0.44999999999999996,297.0899735242006,4.665923805705695,0.7210000000000005,0.02292601402260078,0.7210000000000005,0.0,0.022917651,0.44999999999999996
3.652346973761388,-0.8053793530216826,0.44999999999999996,297.20760391775616,4.665408366364063,0.7220000000000005,0.02292601372582362,0.7220000000000005,0.0,0.022917651,0.44999999999999996
3.6527351422665784,-0.8027310211765447,0.44999999999999996,297.3254873604191,4.664892628142789,0.7230000000000005,0.02292601342804355,0.7230000000000005,0.0,0.022917651,0.44999999999999996
3.653123275057674,-0.8000825283663218,0.44999999999999996,297.4436280369171,4.6643765860992366,0.7240000000000006,0.02292601312924397,0.7240000000000005,0.0,0.022917651,0.44999999999999996
3.6535113715407874,-0.7974338719143447,0.44999999999999996,297.5620302247605,4.66386023518118,0.7250000000000005,0.022926012829407937,0.7250000000000005,0.0,0.022917651,0.44999999999999996
3.6539000268435773,-0.7947857663481926,0.44999999999999996,297.6775166630321,4.663346670387385,0.7260000000000005,0.022926012534296852,0.7260000000000005,0.0,0.022917651,0.44999999999999996
3.654290922512779,-0.7921402139420284,0.44999999999999996,297.7811344263326,4.662844620070542,0.7270000000000005,0.022926012259663116,0.7270000000000005,0.0,0.022917651,0.44999999999999996
3.654681814085402,-0.789494496743563,0.44999999999999996,297.88488948080374,4.662342388576859,0.7280000000000005,0.022926011983355126,0.7280000000000005,0.0,0.022917651,0.44999999999999996
3.6550727014971334,-0.7868486121657673,0.44999999999999996,297.98878398174145,4.661839973062092,0.7290000000000005,0.022926011705346593,0.7290000000000005,0.0,0.022917651,0.44999999999999996
3.6554635846823125,-0.7842025575671773,0.44999999999999996,298.0928201297933,4.661337370622148,0.7300000000000006,0.02292601142561068,0.7300000000000005,0.0,0.022917651,0.44999999999999996
3.6558544635738834,-0.7815563302504537,0.44999999999999996,298.19700017215666,4.660834578291503,0.7310000000000004,0.02292601114411999,0.7310000000000005,0.0,0.022917651,0.44999999999999996
3.6562453381033655,-0.7789099274608972,0.44999999999999996,298.3013264038166,4.660331593041572,0.7320000000000004,0.022926010860846526,0.7320000000000005,0.0,0.022917651,0.44999999999999996
3.65663620820082,-0.7762633463849153,0.44999999999999996,298.4058011688235,4.659828411779019,0.7330000000000005,0.022926010575761713,0.7330000000000005,0.0,0.022917651,0.44999999999999996
3.6570270737947963,-0.7736165841484401,0.44999999999999996,298.51042686161014,4.65932503134402,0.7340000000000005,0.022926010288836337,0.7340000000000005,0.0,0.022917651,0.44999999999999996
3.6574179348123064,-0.7709696378152952,0.44999999999999996,298.61520592835376,4.65882144850847,0.7350000000000005,0.022926010000040586,0.7350000000000005,0.0,0.022917651,0.44999999999999996
3.6578087911787716,-0.7683225043855074,0.44999999999999996,298.72014086838084,4.65831765997412,0.7360000000000005,0.022926009709343963,0.7360000000000005,0.0,0.022917651,0.44999999999999996
3.6581996428179884,-0.7656751807935666,0.44999999999999996,298.8252342356185,4.657813662370674,0.7370000000000005,0.022926009416715333,0.7370000000000005,0.0,0.022917651,0.44999999999999996
3.658590489652076,-0.7630276639066239,0.44999999999999996,298.93048864009387,4.657309452253795,0.7380000000000005,0.02292600912212286,0.7380000000000005,0.0,0.022917651,0.44999999999999996
3.658981331601434,-0.7603799505226355,0.44999999999999996,299.03590674948305,4.656805026103076,0.7390000000000007,0.02292600882553402,0.7390000000000005,0.0,0.022917651,0.44999999999999996
3.6593721685846967,-0.7577320373684386,0.44999999999999996,299.14149129071114,4.6563003803199186,0.7400000000000007,0.022926008526915554,0.7400000000000005,0.0,0.022917651,0.44999999999999996
3.6597630005186774,-0.7550839210977678,0.44999999999999996,299.2472450516071,4.655795511225354,0.7410000000000007,0.022926008226233464,0.7410000000000005,0.0,0.022917651,0.44999999999999996
3.6601538273183234,-0.752435598289202,0.44999999999999996,299.3531708826127,4.6552904150577845,0.7420000000000007,0.022926007923452993,0.7420000000000005,0.0,0.022917651,0.44999999999999996
3.66054464889666,-0.749787065444043,0.44999999999999996,299.45927169855094,4.6547850879706525,0.7430000000000005,0.02292600761853859,0.7430000000000005,0.0,0.022917651,0.44999999999999996
3.6609354651647394,-0.7471383189841212,0.44999999999999996,299.5655504804538,4.654279526030028,0.7440000000000007,0.022926007311453903,0.7440000000000005,0.0,0.022917651,0.44999999999999996
3.6613262760315766,-0.7444893552495256,0.44999999999999996,299.67201027745267,4.653773725212113,0.7450000000000007,0.022926007002161748,0.7450000000000006,0.0,0.022917651,0.44999999999999996
3.661717081404101,-0.741840170496258,0.44999999999999996,299.7786542087347,4.653267681400656,0.7460000000000007,0.022926006690624088,0.7460000000000006,0.0,0.022917651,0.44999999999999996
3.6621078811870897,-0.7391907608938016,0.44999999999999996,299.8854854655654,4.6527613903842955,0.7470000000000006,0.022926006376802,0.7470000000000006,0.0,0.022917651,0.44999999999999996
3.6624986752831066,-0.7365411225226098,0.44999999999999996,299.9925073133841,4.65225484785378,0.7480000000000007,0.022926006060655674,0.7480000000000006,0.0,0.022917651,0.44999999999999996
3.662889463592437,-0.7338912513715029,0.44999999999999996,300.09972309397017,4.651748049399117,0.7490000000000006,0.02292600574214435,0.7490000000000006,0.0,0.022917651,0.44999999999999996
3.6632802460130227,-0.7312411433349753,0.44999999999999996,300.2071362276878,4.651240990506609,0.7500000000000006,0.022926005421226314,0.7500000000000006,0.0,0.022917651,0.44999999999999996
3.6636710224403894,-0.7285907942104056,0.44999999999999996,300.3147502158095,4.650733666555786,0.7510000000000006,0.022926005097858873,0.7510000000000006,0.0,0.022917651,0.44999999999999996
3.6640617927675794,-0.7259401996951694,0.44999999999999996,300.4225686429227,4.6502260728162375,0.7520000000000006,0.022926004771998305,0.7520000000000006,0.0,0.022917651,0.44999999999999996
3.6644525568850717,-0.7232893553836452,0.44999999999999996,300.53059517942256,4.649718204444308,0.7530000000000007,0.02292600444359987,0.7530000000000006,0.0,0.022917651,0.44999999999999996
3.664843314680711,-0.7206382567641159,0.44999999999999996,300.6388335840952,4.649210056479703,0.7540000000000007,0.022926004112617703,0.7540000000000006,0.0,0.022917651,0.44999999999999996
3.6652340660396208,-0.7179868992155533,0.44999999999999996,300.74728770679434,4.648701623841944,0.7550000000000006,0.02292600377900488,0.7550000000000006,0.0,0.022917651,0.44999999999999996
3.665624810844129,-0.7153352780042896,0.44999999999999996,300.8559614912167,4.64819290132672,0.7560000000000006,0.02292600344271329,0.7560000000000006,0.0,0.022917651,0.44999999999999996
3.666015548973674,-0.7126833882805634,0.44999999999999996,300.96485897777814,4.647683883602078,0.7570000000000006,0.022926003103693665,0.7570000000000006,0.0,0.022917651,0.44999999999999996
3.6664062803047193,-0.7100312250749384,0.44999999999999996,301.0739843065975,4.6471745652044945,0.7580000000000006,0.02292600276189552,0.7580000000000006,0.0,0.022917651,0.44999999999999996
3.6667970047106637,-0.7073787832945898,0.44999999999999996,301.18334172059076,4.646664940534788,0.7590000000000006,0.022926002417267114,0.7590000000000006,0.0,0.022917651,0.44999999999999996
3.6671877220617417,-0.70472605771945,0.44999999999999996,301.2929355686819,4.646155003853884,0.7600000000000006,0.022926002069755404,0.7600000000000006,0.0,0.022917651,0.44999999999999996
3.667578432224923,-0.7020730429982103,0.44999999999999996,301.40277030913404,4.645644749278418,0.7610000000000006,0.02292600171930603,0.7610000000000006,0.0,0.022917651,0.44999999999999996
3.6679691350638146,-0.6994197336441698,0.44999999999999996,301.51285051300727,4.645134170776172,0.7620000000000006,0.022926001365863247,0.7620000000000006,0.0,0.022917651,0.44999999999999996
3.6683598304385496,-0.6967661240309275,0.44999999999999996,301.62318086774934,4.644623262161337,0.7630000000000007,0.02292600100936989,0.7630000000000006,0.0,0.022917651,0.44999999999999996
3.6687505182056777,-0.6941122083879055,0.44999999999999996,301.7337661809229,4.6441120170895935,0.7640000000000006,0.02292600064976733,0.7640000000000006,0.0,0.022917651,0.44999999999999996
3.6691411982180457,-0.6914579807957029,0.44999999999999996,301.84461138407823,4.643600429053003,0.7650000000000006,0.022926000286995426,0.7650000000000006,0.0,0.022917651,0.44999999999999996
3.669531870324686,-0.6888034351812657,0.44999999999999996,301.9557215367761,4.643088491374694,0.7660000000000006,0.022925999920992486,0.7660000000000006,0.0,0.022917651,0.44999999999999996
3.669922534370683,-0.6861485653128699,0.44999999999999996,302.06710183076814,4.642576197203354,0.7670000000000006,0.02292599955169518,0.7670000000000006,0.0,0.022917651,0.44999999999999996
3.670313190197047,-0.6834933647949043,0.44999999999999996,302.17875759434304,4.642063539507482,0.7680000000000007,0.022925999179038547,0.7680000000000006,0.0,0.022917651,0.44999999999999996
3.6707038376405814,-0.6808378270624479,0.44999999999999996,302.2906942968441,4.641550511069437,0.7690000000000006,0.022925998802955882,0.7690000000000006,0.0,0.022917651,0.44999999999999996
3.6710944765337388,-0.67818194537563,0.44999999999999996,302.40291755336835,4.641037104479238,0.7700000000000007,0.022925998423378707,0.7700000000000006,0.0,0.022917651,0.44999999999999996
3.6714851067044783,-0.6755257128137628,0.44999999999999996,302.5154331296541,4.640523312128102,0.7710000000000006,0.022925998040236716,0.7710000000000006,0.0,0.022917651,0.44999999999999996
3.671875727976111,-0.6728691222692378,0.44999999999999996,302.6282469471672,4.640009126201745,0.7720000000000007,0.022925997653457687,0.7720000000000006,0.0,0.022917651,0.44999999999999996
3.672266340167144,-0.6702121664411704,0.44999999999999996,302.74136508839365,4.639494538673389,0.7730000000000005,0.02292599726296745,0.7730000000000006,0.0,0.022917651,0.44999999999999996
3.6726569430911153,-0.6675548378287876,0.44999999999999996,302.8547938023512,4.638979541296493,0.7740000000000006,0.0229259968686898,0.7740000000000006,0.0,0.022917651,0.44999999999999996
3.6730475365564224,-0.6648971287245377,0.44999999999999996,302.9685395103272,4.638464125597181,0.7750000000000007,0.022925996470546425,0.7750000000000006,0.0,0.022917651,0.44999999999999996
3.6734381203661437,-0.6622390312069173,0.44999999999999996,303.0826088118564,4.637948282866349,0.7760000000000006,0.022925996068456852,0.7760000000000006,0.0,0.022917651,0.44999999999999996
3.673828694317855,-0.6595805371329942,0.44999999999999996,303.19700849094903,4.63743200415145,0.7770000000000006,0.02292599566233835,0.7770000000000006,0.0,0.022917651,0.44999999999999996
3.674219258203432,-0.6569216381306171,0.44999999999999996,303.31174552258193,4.636915280247931,0.7780000000000005,0.02292599525210584,0.7780000000000006,0.0,0.022917651,0.44999999999999996
3.6746098118088506,-0.6542623255902921,0.44999999999999996,303.4268270794659,4.636398101690295,0.7790000000000007,0.02292599483767188,0.7790000000000006,0.0,0.022917651,0.44999999999999996
3.6750003549139767,-0.6516025906567121,0.44999999999999996,303.542260539102,4.6358804587427915,0.7800000000000007,0.022925994418946487,0.7800000000000006,0.0,0.022917651,0.44999999999999996
3.6753908872923455,-0.6489424242199221,0.44999999999999996,303.658053491144,4.635362341389705,0.7810000000000006,0.022925993995837102,0.7810000000000006,0.0,0.022917651,0.44999999999999996
3.6757814087109333,-0.6462818169060977,0.44999999999999996,303.7742137450784,4.634843739325216,0.7820000000000007,0.0229259935682485,0.7820000000000006,0.0,0.022917651,0.44999999999999996
3.6761719189299153,-0.6436207590679225,0.44999999999999996,303.89074933824264,4.634324641942818,0.7830000000000005,0.022925993136082654,0.7830000000000006,0.0,0.022917651,0.44999999999999996
3.676562417702421,-0.6409592407745413,0.44999999999999996,304.0076685441957,4.63380503832428,0.7840000000000006,0.022925992699238677,0.7840000000000006,0.0,0.022917651,0.44999999999999996
3.67695290477427,-0.6382972518010648,0.44999999999999996,304.1249798814603,4.633284917228097,0.7850000000000006,0.022925992257612687,0.7850000000000006,0.0,0.022917651,0.44999999999999996
3.6773433798836987,-0.6356347816176071,0.44999999999999996,304.24269212265716,4.632764267077444,0.7860000000000006,0.022925991811097692,0.7860000000000006,0.0,0.022917651,0.44999999999999996
3.6777338427610773,-0.6329718193778284,0.44999999999999996,304.36081430405,4.6322430759475814,0.7870000000000006,0.02292599135958351,0.7870000000000006,0.0,0.022917651,0.44999999999999996
3.678124293128612,-0.6303083539069564,0.44999999999999996,304.4793557355252,4.63172133155268,0.7880000000000006,0.02292599090295659,0.7880000000000006,0.0,0.022917651,0.44999999999999996
3.678514730700033,-0.6276443736892602,0.44999999999999996,304.59832601102704,4.631199021232054,0.7890000000000006,0.02292599044109996,0.7890000000000006,0.0,0.022917651,0.44999999999999996
3.678905155180268,-0.6249798668549466,0.44999999999999996,304.71773501947484,4.6306761319357514,0.7900000000000005,0.022925989973893,0.7900000000000006,0.0,0.022917651,0.44999999999999996
3.6792955662651035,-0.6223148211664474,0.44999999999999996,304.83759295618773,4.630152650209477,0.7910000000000006,0.022925989501211386,0.7910000000000006,0.0,0.022917651,0.44999999999999996
3.6796859636408246,-0.619649224004064,0.44999999999999996,304.9579103348437,4.629628562178818,0.7920000000000006,0.022925989022926915,0.7920000000000006,0.0,0.022917651,0.44999999999999996
3.6800763469838453,-0.6169830623509345,0.44999999999999996,305.07869800000407,4.629103853532701,0.7930000000000007,0.022925988538907326,0.7930000000000006,0.0,0.022917651,0.44999999999999996
3.6804667159603146,-0.6143163227772851,0.44999999999999996,305.1999671402334,4.628578509506093,0.7940000000000005,0.022925988049016178,0.7940000000000006,0.0,0.022917651,0.44999999999999996
3.680857070225706,-0.6116489914239277,0.44999999999999996,305.3217293018491,4.628052514861855,0.7950000000000006,0.02292598755311267,0.7950000000000006,0.0,0.022917651,0.44999999999999996
3.6812490678757146,-0.6089822078931635,0.44999999999999996,305.4405791431295,4.627533641268595,0.7960000000000006,0.022925987046752864,0.7960000000000006,0.0,0.022917651,0.44999999999999996
3.6816423707080776,-0.6063156386804596,0.44999999999999996,305.5573751334201,4.627020202471533,0.7970000000000007,0.022925986531209343,0.7970000000000006,0.0,0.022917651,0.44999999999999996
3.682035708069166,-0.603648357358152,0.44999999999999996,305.67479493353306,4.626506189669372,0.7980000000000006,0.022925986009772772,0.7980000000000006,0.0,0.022917651,0.44999999999999996
3.682429080915758,-0.6009803441939625,0.44999999999999996,305.7928558289946,4.625991586956655,0.7990000000000007,0.02292598548227986,0.7990000000000006,0.0,0.022917651,0.44999999999999996
3.682822490240309,-0.5983115787197842,0.44999999999999996,305.91157574991837,4.625476377834799,0.8000000000000006,0.022925984948561223,0.8000000000000006,0.0,0.022917651,0.44999999999999996
3.683183450498823,-0.5959190561740149,0.44999999999999996,305.91290477234014,4.625039221033637,0.8010000000000007,0.022925984920183152,0.8010000000000006,0.0,0.022917651,0.44999999999999996
3.68354443136137,-0.5935262724500426,0.44999999999999996,305.9143472602329,4.624601885471784,0.8020000000000006,0.022925984891444862,0.8020000000000006,0.0,0.022917651,0.44999999999999996
3.6839054332028414,-0.5911332227957585,0.44999999999999996,305.9159052780886,4.624164367896709,0.8030000000000006,0.022925984862339793,0.8030000000000006,0.0,0.022917651,0.44999999999999996
3.6842664564072742,-0.5887399023430646,0.44999999999999996,305.91758094078887,4.623726664976494,0.8040000000000006,0.022925984832861228,0.8040000000000006,0.0,0.022917651,0.44999999999999996
3.6846275013681384,-0.5863463061043138,0.44999999999999996,305.9193764151521,4.623288773297396,0.8050000000000007,0.022925984803002297,0.8050000000000006,0.0,0.022917651,0.44999999999999996
3.6849885684886257,-0.5839524289686171,0.44999999999999996,305.92129392153765,4.622850689361321,0.8060000000000006,0.02292598477275595,0.8060000000000006,0.0,0.022917651,0.44999999999999996
3.685349658181952,-0.5815582656980128,0.44999999999999996,305.9233357355097,4.622412409583199,0.8070000000000006,0.022925984742114956,0.8070000000000006,0.0,0.022917651,0.44999999999999996
3.6857107708716725,-0.5791638109234937,0.44999999999999996,305.92550418956364,4.621973930288273,0.8080000000000007,0.022925984711071913,0.8080000000000006,0.0,0.022917651,0.44999999999999996
3.6860719069920047,-0.5767690591408818,0.44999999999999996,305.92780167491776,4.621535247709261,0.8090000000000006,0.022925984679619225,0.8090000000000006,0.0,0.022917651,0.44999999999999996
3.6864330669881684,-0.5743740047065489,0.44999999999999996,305.93023064337314,4.621096357983446,0.8100000000000007,0.022925984647749115,0.8100000000000006,0.0,0.022917651,0.44999999999999996
3.6867942513167336,-0.5719786418329709,0.44999999999999996,305.93279360924413,4.620657257149611,0.8110000000000007,0.022925984615453598,0.8110000000000006,0.0,0.022917651,0.44999999999999996
3.6871554604459873,-0.5695829645841131,0.44999999999999996,305.93549315136386,4.620217941144906,0.8120000000000008,0.022925984582724487,0.8120000000000006,0.0,0.022917651,0.44999999999999996
3.687516694856311,-0.567186966870635,0.44999999999999996,305.9383319151668,4.619778405801542,0.8130000000000006,0.02292598454955339,0.8130000000000006,0.0,0.022917651,0.44999999999999996
3.687877955040571,-0.5647906424449104,0.44999999999999996,305.9413126148532,4.619338646843395,0.8140000000000006,0.022925984515931672,0.8140000000000006,0.0,0.022917651,0.44999999999999996
3.6882392415045318,-0.5623939848958494,0.44999999999999996,305.94443803563746,4.618898659882466,0.8150000000000006,0.02292598448185051,0.8150000000000006,0.0,0.022917651,0.44999999999999996
3.6886005547672758,-0.5599969876435175,0.44999999999999996,305.9477110360865,4.618458440415183,0.8160000000000008,0.022925984447300818,0.8160000000000006,0.0,0.022917651,0.44999999999999996
3.6889618953616474,-0.55759964393354,0.44999999999999996,305.95113455055036,4.618017983818588,0.8170000000000006,0.022925984412273285,0.8170000000000006,0.0,0.022917651,0.44999999999999996
3.6893232638347118,-0.555201946831284,0.44999999999999996,305.9547115916902,4.617577285346343,0.8180000000000006,0.022925984376758347,0.8180000000000006,0.0,0.022917651,0.44999999999999996
3.6896846607482323,-0.5528038892158029,0.44999999999999996,305.95844525310866,4.617136340124592,0.8190000000000006,0.022925984340746174,0.8190000000000006,0.0,0.022917651,0.44999999999999996
3.690046086679166,-0.5504054637735382,0.44999999999999996,305.96233871208585,4.616695143147643,0.8200000000000006,0.022925984304226696,0.8200000000000006,0.0,0.022917651,0.44999999999999996
3.6904075422201834,-0.548006662991762,0.44999999999999996,305.9663952324287,4.616253689273492,0.8210000000000006,0.02292598426718953,0.8210000000000006,0.0,0.022917651,0.44999999999999996
3.6907690279802052,-0.5456074791517517,0.44999999999999996,305.9706181674359,4.615811973219136,0.8220000000000007,0.022925984229624045,0.8220000000000006,0.0,0.022917651,0.44999999999999996
3.6911305445849636,-0.5432079043216794,0.44999999999999996,305.9750109629867,4.615369989555721,0.8230000000000006,0.022925984191519293,0.8230000000000006,0.0,0.022917651,0.44999999999999996
3.691492092677587,-0.5408079303492076,0.44999999999999996,305.979577160758,4.614927732703465,0.8240000000000006,0.02292598415286404,0.8240000000000006,0.0,0.022917651,0.44999999999999996
3.691853672919208,-0.5384075488537721,0.44999999999999996,305.98432040157707,4.614485196926376,0.8250000000000007,0.022925984113646724,0.8250000000000006,0.0,0.022917651,0.44999999999999996
3.6922152859895987,-0.5360067512185389,0.44999999999999996,305.98924442891496,4.614042376326755,0.8260000000000007,0.02292598407385545,0.8260000000000006,0.0,0.022917651,0.44999999999999996
3.6925769325878304,-0.5336055285820197,0.44999999999999996,305.99435309253016,4.613599264839447,0.8270000000000007,0.02292598403347801,0.8270000000000006,0.0,0.022917651,0.44999999999999996
3.6929386134329656,-0.5312038718293258,0.44999999999999996,305.99965035226745,4.6131558562258625,0.8280000000000007,0.022925983992501828,0.8280000000000006,0.0,0.022917651,0.44999999999999996
3.693300329264779,-0.528801771583046,0.44999999999999996,306.00514028202105,4.612712144067731,0.8290000000000008,0.02292598395091396,0.8290000000000006,0.0,0.022917651,0.44999999999999996
3.6936620808445015,-0.5263992181937257,0.44999999999999996,306.01082707387076,4.612268121760582,0.8300000000000007,0.02292598390870111,0.8300000000000006,0.0,0.022917651,0.44999999999999996
3.6940238689556146,-0.5239962017299311,0.44999999999999996,306.01671504239886,4.611823782506953,0.8310000000000007,0.02292598386584958,0.8310000000000006,0.0,0.022917651,0.44999999999999996
3.694385694404659,-0.5215927119678725,0.44999999999999996,306.0228086291978,4.611379119309273,0.8320000000000005,0.022925983822345265,0.8320000000000006,0.0,0.022917651,0.44999999999999996
3.6947475580220974,-0.5191887383805666,0.44999999999999996,306.02911240757834,4.610934124962465,0.8330000000000007,0.022925983778173644,0.8330000000000006,0.0,0.022917651,0.44999999999999996
3.6951094606632013,-0.5167842701265135,0.44999999999999996,306.03563108748904,4.610488792046173,0.8340000000000007,0.02292598373331977,0.8340000000000006,0.0,0.022917651,0.44999999999999996
3.6954714032089897,-0.5143792960378626,0.44999999999999996,306.04236952065725,4.610043112916679,0.8350000000000007,0.02292598368776823,0.8350000000000006,0.0,0.022917651,0.44999999999999996
3.695833386567202,-0.5119738046080391,0.44999999999999996,306.0493327059647,4.609597079698429,0.8360000000000007,0.022925983641503167,0.8360000000000006,0.0,0.022917651,0.44999999999999996
3.6961954116733216,-0.5095677839788043,0.44999999999999996,306.0565257950687,4.609150684275175,0.8370000000000006,0.02292598359450822,0.8370000000000006,0.0,0.022917651,0.44999999999999996
3.696557479491639,-0.5071612219267173,0.44999999999999996,306.0639540982841,4.608703918280711,0.8380000000000006,0.02292598354676653,0.8380000000000006,0.0,0.022917651,0.44999999999999996
3.6969195910163775,-0.5047541058489678,0.44999999999999996,306.07162309073794,4.608256773089175,0.8390000000000005,0.022925983498260707,0.8390000000000006,0.0,0.022917651,0.44999999999999996
3.6972817472728536,-0.5023464227485421,0.44999999999999996,306.07953841881357,4.607809239804899,0.8400000000000007,0.02292598344897284,0.8400000000000006,0.0,0.022917651,0.44999999999999996
3.6976439493187105,-0.4999381592186892,0.44999999999999996,306.08770590689954,4.607361309251768,0.8410000000000006,0.02292598339888443,0.8410000000000006,0.0,0.022917651,0.44999999999999996
3.6980061982451984,-0.49752930142664636,0.44999999999999996,306.0961315644595,4.606912971962096,0.8420000000000006,0.022925983347976398,0.8420000000000006,0.0,0.022917651,0.44999999999999996
3.698368495178521,-0.49511983509658225,0.44999999999999996,306.1048215934426,4.6064642181649385,0.8430000000000007,0.022925983296229052,0.8430000000000006,0.0,0.022917651,0.44999999999999996
3.698730841281245,-0.49270974549171404,0.44999999999999996,306.11378239605233,4.606015037773858,0.8440000000000007,0.022925983243622074,0.8440000000000006,0.0,0.022917651,0.44999999999999996
3.69909323775378,-0.4902990173955516,0.44999999999999996,306.12302058289475,4.605565420374088,0.8450000000000006,0.022925983190134475,0.8450000000000006,0.0,0.022917651,0.44999999999999996
3.6994559109558915,-0.4878878309149144,0.44999999999999996,306.1327439021759,4.605116451607694,0.8460000000000006,0.022925983136535814,0.8460000000000006,0.0,0.022917651,0.44999999999999996
3.6998198761481684,-0.485477072788807,0.44999999999999996,306.14386756931447,4.6046730796868545,0.8470000000000008,0.022925983086272788,0.8470000000000006,0.0,0.022917651,0.44999999999999996
3.700183897623563,-0.48306566674462953,0.44999999999999996,306.15529705437274,4.604229284981093,0.8480000000000006,0.022925983034902914,0.8480000000000006,0.0,0.022917651,0.44999999999999996
3.70054797674088,-0.48065359714014994,0.44999999999999996,306.1670397404986,4.603785057283407,0.8490000000000006,0.02292598298239948,0.8490000000000006,0.0,0.022917651,0.44999999999999996
3.7009121149030166,-0.47824084782553206,0.44999999999999996,306.1791032504294,4.603340386055568,0.8500000000000006,0.022925982928734892,0.8500000000000006,0.0,0.022917651,0.44999999999999996
3.701276313558769,-0.47582740212257674,0.44999999999999996,306.19149545629045,4.602895260414583,0.8510000000000006,0.02292598287388066,0.8510000000000006,0.0,0.022917651,0.44999999999999996
3.701640574204724,-0.4734132428029361,0.44999999999999996,306.2042244898774,4.602449669118463,0.8520000000000006,0.022925982817807354,0.8520000000000006,0.0,0.022917651,0.44999999999999996
3.7020048983872447,-0.47099835206524143,0.44999999999999996,306.21729875345284,4.602003600551311,0.8530000000000008,0.022925982760484562,0.8530000000000006,0.0,0.022917651,0.44999999999999996
3.702369287704556,-0.46858271151107866,0.44999999999999996,306.23072693108463,4.601557042707638,0.8540000000000006,0.022925982701880857,0.8540000000000006,0.0,0.022917651,0.44999999999999996
3.7027337438089445,-0.46616630211974747,0.44999999999999996,306.244518000561,4.6011099831759,0.8550000000000006,0.022925982641963747,0.8550000000000006,0.0,0.022917651,0.44999999999999996
3.703098268409053,-0.46374910422172627,0.44999999999999996,306.2586812459138,4.600662409121174,0.8560000000000006,0.02292598258069962,0.8560000000000006,0.0,0.022917651,0.44999999999999996
3.7034628632723123,-0.4613310974707702,0.44999999999999996,306.27322627058925,4.600214307266958,0.8570000000000007,0.022925982518053733,0.8570000000000007,0.0,0.022917651,0.44999999999999996
3.703827530227488,-0.4589122608145551,0.44999999999999996,306.28816301130377,4.599765663876015,0.8580000000000007,0.02292598245399011,0.8580000000000007,0.0,0.022917651,0.44999999999999996
3.704192271167367,-0.45649257246377994,0.44999999999999996,306.30350175262697,4.599316464730207,0.8590000000000008,0.022925982388471537,0.8590000000000007,0.0,0.022917651,0.44999999999999996
3.704557088051579,-0.45407200985963403,0.44999999999999996,306.31925314233825,4.598866695109269,0.8600000000000008,0.022925982321459468,0.8600000000000007,0.0,0.022917651,0.44999999999999996
3.7049219829095756,-0.45165054963952367,0.44999999999999996,306.33542820760306,4.598416339768446,0.8610000000000005,0.022925982252914,0.8610000000000007,0.0,0.022917651,0.44999999999999996
3.705286957843775,-0.4492281676009518,0.44999999999999996,306.3520383720221,4.597965382914923,0.8620000000000007,0.022925982182793785,0.8620000000000007,0.0,0.022917651,0.44999999999999996
3.7056520150328565,-0.4468048386634313,0.44999999999999996,306.3690954736081,4.5975138081829705,0.8630000000000008,0.02292598211105598,0.8630000000000007,0.0,0.022917651,0.44999999999999996
3.706017156735264,-0.4443805368283079,0.44999999999999996,306.3866117837498,4.597061598607729,0.8640000000000008,0.022925982037656167,0.8640000000000007,0.0,0.022917651,0.44999999999999996
3.7063823852928803,-0.44195523513635493,0.44999999999999996,306.40460002722654,4.596608736597535,0.8650000000000008,0.022925981962548296,0.8650000000000007,0.0,0.022917651,0.44999999999999996
3.7067477031349236,-0.43952890562299773,0.44999999999999996,306.42307340334304,4.596155203904714,0.8660000000000007,0.02292598188568459,0.8660000000000007,0.0,0.022917651,0.44999999999999996
3.707113112782053,-0.4371015192710085,0.44999999999999996,306.4420456082574,4.595700981594701,0.8670000000000008,0.022925981807015484,0.8670000000000007,0.0,0.022917651,0.44999999999999996
3.707478616850709,-0.43467304596050543,0.44999999999999996,306.46153085858117,4.595246050013417,0.8680000000000007,0.02292598172648952,0.8680000000000007,0.0,0.022917651,0.44999999999999996
3.707844218057716,-0.43224345441607465,0.44999999999999996,306.4815439163384,4.5947903887527675,0.8690000000000007,0.02292598164405327,0.8690000000000007,0.0,0.022917651,0.44999999999999996
3.7082099192251325,-0.42981271215081884,0.44999999999999996,306.5021001153741,4.5943339766141325,0.8700000000000007,0.022925981559651244,0.8700000000000007,0.0,0.022917651,0.44999999999999996
3.7085757232854046,-0.42738078540712426,0.44999999999999996,306.5232153893128,4.593876791569707,0.8710000000000007,0.022925981473225762,0.8710000000000007,0.0,0.022917651,0.44999999999999996
3.708941633286809,-0.424947639093917,0.44999999999999996,306.5449063011733,4.593418810721573,0.8720000000000007,0.022925981384716885,0.8720000000000007,0.0,0.022917651,0.44999999999999996
3.7093076523992377,-0.4225132367201653,0.44999999999999996,306.56719007475596,4.592960010258296,0.8730000000000007,0.02292598129406228,0.8730000000000007,0.0,0.022917651,0.44999999999999996
3.7096737839203167,-0.4200775403243622,0.44999999999999996,306.59008462792656,4.592500365408916,0.8740000000000007,0.02292598120119708,0.8740000000000007,0.0,0.022917651,0.44999999999999996
3.7100407114430545,-0.41764251381580514,0.44999999999999996,306.6155333562603,4.592044573988508,0.8750000000000007,0.022925981101081034,0.8750000000000007,0.0,0.022917651,0.44999999999999996
3.7104079554701617,-0.4152067991582053,0.44999999999999996,306.64222271686043,4.591589360300475,0.8760000000000008,0.022925980997529887,0.8760000000000007,0.0,0.022917651,0.44999999999999996
3.710775316579537,-0.41276977475432175,0.44999999999999996,306.6696030478353,4.591133305197996,0.8770000000000008,0.022925980892014662,0.8770000000000007,0.0,0.022917651,0.44999999999999996
3.7111427982618115,-0.41033140155607933,0.44999999999999996,306.69769494940596,4.590676383595592,0.8780000000000007,0.02292598078447681,0.8780000000000007,0.0,0.022917651,0.44999999999999996
3.7115104041477625,-0.4078916389476117,0.44999999999999996,306.72651984889836,4.590218569400594,0.8790000000000007,0.02292598067485541,0.8790000000000007,0.0,0.022917651,0.44999999999999996
3.7118781380154218,-0.4054504446657786,0.44999999999999996,306.75610004267486,4.589759835462081,0.8800000000000007,0.02292598056308709,0.8800000000000007,0.0,0.022917651,0.44999999999999996
3.7122460037976204,-0.4030077747157995,0.44999999999999996,306.78645874064296,4.589300153516683,0.8810000000000008,0.022925980449105883,0.8810000000000007,0.0,0.022917651,0.44999999999999996
3.712614005589993,-0.4005635832816478,0.44999999999999996,306.81762011352737,4.5888394941310136,0.8820000000000007,0.022925980332843068,0.8820000000000007,0.0,0.022917651,0.44999999999999996
3.7129821476594964,-0.39811782263082324,0.44999999999999996,306.84960934310897,4.588377826640498,0.8830000000000007,0.022925980214227083,0.8830000000000007,0.0,0.022917651,0.44999999999999996
3.7133504344534582,-0.39567044301308524,0.44999999999999996,306.8824526756482,4.587915119084312,0.8840000000000007,0.022925980093183314,0.8840000000000007,0.0,0.022917651,0.44999999999999996
3.713718870609211,-0.3932213925526979,0.44999999999999996,306.9161774787331,4.587451338136158,0.8850000000000008,0.02292597996963397,0.8850000000000007,0.0,0.022917651,0.44999999999999996
3.7140874609643486,-0.39077061713369377,0.44999999999999996,306.9508123018093,4.586986449030556,0.8860000000000007,0.022925979843497903,0.8860000000000007,0.0,0.022917651,0.44999999999999996
3.714456210567653,-0.388318060277625,0.44999999999999996,306.98638694067387,4.586520415484313,0.8870000000000007,0.02292597971469041,0.8870000000000007,0.0,0.022917651,0.44999999999999996
3.7148251246907495,-0.3858636630132202,0.44999999999999996,307.02293250623865,4.586053199612776,0.8880000000000007,0.022925979583123073,0.8880000000000007,0.0,0.022917651,0.44999999999999996
3.715194208840535,-0.38340736373731626,0.44999999999999996,307.0604814978978,4.585584761840499,0.8890000000000007,0.0229259794487035,0.8890000000000007,0.0,0.022917651,0.44999999999999996
3.7155634687724532,-0.3809490980663747,0.44999999999999996,307.0990678818618,4.585115060805857,0.8900000000000007,0.022925979311335144,0.8900000000000007,0.0,0.022917651,0.44999999999999996
3.7159329105046766,-0.3784887986778305,0.44999999999999996,307.1387271748552,4.584644053259114,0.8910000000000007,0.022925979170917054,0.8910000000000007,0.0,0.022917651,0.44999999999999996
3.716302540333271,-0.376026395140453,0.44999999999999996,307.1794965336114,4.584171693953451,0.8920000000000008,0.02292597902734361,0.8920000000000007,0.0,0.022917651,0.44999999999999996
3.7166724848708834,-0.37356481481915205,0.44999999999999996,307.22483416084754,4.5837014170769885,0.8930000000000007,0.022925978900348143,0.8930000000000007,0.0,0.022917651,0.44999999999999996
3.7170427616345387,-0.37110468305646543,0.44999999999999996,307.2754964649862,4.583233918131956,0.8940000000000008,0.02292597879417267,0.8940000000000007,0.0,0.022917651,0.44999999999999996
3.7174132328610714,-0.36864248379050946,0.44999999999999996,307.32757138612266,4.582765129578897,0.8950000000000008,0.022925978685845193,0.8950000000000007,0.0,0.022917651,0.44999999999999996
3.717783905205274,-0.3661781462684257,0.44999999999999996,307.38110726598967,4.582295007285619,0.8960000000000007,0.022925978575292074,0.8960000000000007,0.0,0.022917651,0.44999999999999996
3.71815478562909,-0.36371159647175555,0.44999999999999996,307.4361546775341,4.581823505083007,0.8970000000000007,0.02292597846243626,0.8970000000000007,0.0,0.022917651,0.44999999999999996
3.718525881419544,-0.3612427569258355,0.44999999999999996,307.492766555147,4.581350574646132,0.8980000000000008,0.02292597834719712,0.8980000000000007,0.0,0.022917651,0.44999999999999996
3.718897200207938,-0.35877154649568566,0.44999999999999996,307.55099833412237,4.580876165366937,0.8990000000000008,0.02292597822949019,0.8990000000000007,0.0,0.022917651,0.44999999999999996
3.719268749990427,-0.35629788016726005,0.44999999999999996,307.61090810011774,4.580400224217795,0.9000000000000007,0.022925978109227002,0.9000000000000007,0.0,0.022917651,0.44999999999999996
3.719567060628992,-0.3541387129786689,0.44999999999999996,307.6310891961396,4.579891875023642,0.9010000000000007,0.022925978056082128,0.9010000000000007,0.0,0.022917651,0.44999999999999996
3.7198654700472895,-0.3519787833727598,0.44999999999999996,307.65137691241944,4.5793831585347595,0.9020000000000007,0.022925978002718166,0.9020000000000007,0.0,0.022917651,0.44999999999999996
3.7201639803257347,-0.3498180752921313,0.44999999999999996,307.67177349450486,4.57887406701549,0.9030000000000008,0.022925977949130486,0.9030000000000007,0.0,0.022917651,0.44999999999999996
3.720462593603579,-0.34765657222527746,0.44999999999999996,307.69228125144747,4.57836459251141,0.9040000000000008,0.022925977895314358,0.9040000000000007,0.0,0.022917651,0.44999999999999996
3.7207613120810024,-0.3454942571904202,0.44999999999999996,307.7129025580643,4.577854726841547,0.9050000000000007,0.02292597784126489,0.9050000000000007,0.0,0.022917651,0.44999999999999996
3.7210601380212993,-0.34333111271864714,0.44999999999999996,307.73363985729543,4.577344461590247,0.9060000000000007,0.022925977786977064,0.9060000000000007,0.0,0.022917651,0.44999999999999996
3.7213590737531574,-0.341167120836318,0.44999999999999996,307.75449566266485,4.5768337880987024,0.9070000000000008,0.022925977732445726,0.9070000000000007,0.0,0.022917651,0.44999999999999996
3.721658121673034,-0.3390022630467031,0.44999999999999996,307.77547256084796,4.57632269745611,0.9080000000000008,0.022925977677665545,0.9080000000000007,0.0,0.022917651,0.44999999999999996
3.721957284247645,-0.3368365203108146,0.44999999999999996,307.7965732143523,4.575811180490433,0.9090000000000007,0.02292597762263106,0.9090000000000007,0.0,0.022917651,0.44999999999999996
3.7222565640165546,-0.33466987302738843,0.44999999999999996,307.8178003643166,4.5752992277587605,0.9100000000000008,0.02292597756733664,0.9100000000000007,0.0,0.022917651,0.44999999999999996
3.722555917942039,-0.3325051620027817,0.44999999999999996,307.8398573028343,4.574789507034525,0.9110000000000007,0.02292597752476789,0.9110000000000007,0.0,0.022917651,0.44999999999999996
3.72285537363819,-0.33034030728503744,0.44999999999999996,307.86221723068525,4.574280049476948,0.9120000000000007,0.02292597748523302,0.9120000000000007,0.0,0.022917651,0.44999999999999996
3.723154944725228,-0.32817453544303266,0.44999999999999996,307.88469530032404,4.57377013637065,0.9130000000000007,0.0229259774452625,0.9130000000000007,0.0,0.022917651,0.44999999999999996
3.723454633787399,-0.32600782593724326,0.44999999999999996,307.90729415760364,4.573259757513357,0.9140000000000007,0.022925977404846584,0.9140000000000007,0.0,0.022917651,0.44999999999999996
3.7237544434866936,-0.3238401576102059,0.44999999999999996,307.9300165279788,4.572748902395855,0.9150000000000007,0.022925977363975204,0.9150000000000007,0.0,0.022917651,0.44999999999999996
3.7240543765658014,-0.32167150866310357,0.44999999999999996,307.95286521952164,4.572237560190357,0.9160000000000007,0.022925977322638017,0.9160000000000007,0.0,0.022917651,0.44999999999999996
3.7243544358511835,-0.3195018566312781,0.44999999999999996,307.9758431260766,4.57172571973835,0.9170000000000009,0.022925977280824343,0.9170000000000007,0.0,0.022917651,0.44999999999999996
3.7246546242562997,-0.31733117835861213,0.44999999999999996,307.99895323056023,4.5712133695378565,0.9180000000000008,0.02292597723852319,0.9180000000000007,0.0,0.022917651,0.44999999999999996
3.7249549447849812,-0.3151594499707182,0.44999999999999996,308.02219860841495,4.5707004977301295,0.9190000000000007,0.022925977195723223,0.9190000000000007,0.0,0.022917651,0.44999999999999996
3.7252554005349636,-0.31298664684687266,0.44999999999999996,308.0455824312243,4.570187092085702,0.9200000000000008,0.022925977152412732,0.9200000000000007,0.0,0.022917651,0.44999999999999996
3.725555994701581,-0.31081274359062133,0.44999999999999996,308.0691079704998,4.5696731399897965,0.9210000000000009,0.02292597710857966,0.9210000000000007,0.0,0.022917651,0.44999999999999996
3.725856730581644,-0.3086377139989852,0.44999999999999996,308.0927786016474,4.569158628427013,0.9220000000000007,0.02292597706421156,0.9220000000000007,0.0,0.022917651,0.44999999999999996
3.726157611577499,-0.3064615310301885,0.44999999999999996,308.1165978081251,4.568643543965321,0.9230000000000007,0.02292597701929559,0.9230000000000007,0.0,0.022917651,0.44999999999999996
3.7264586412012863,-0.30428416676982384,0.44999999999999996,308.14056918580116,4.568127872739231,0.9240000000000009,0.02292597697381849,0.9240000000000007,0.0,0.022917651,0.44999999999999996
3.726759823079402,-0.3021055923953659,0.44999999999999996,308.16469644752516,4.567611600432185,0.9250000000000009,0.022925976927766555,0.9250000000000007,0.0,0.022917651,0.44999999999999996
3.7270611609571844,-0.2999257781389405,0.44999999999999996,308.1889834279248,4.567094712258055,0.9260000000000008,0.022925976881125666,0.9260000000000007,0.0,0.022917651,0.44999999999999996
3.7273626587038335,-0.2977446932482456,0.44999999999999996,308.21343408843916,4.566577192941733,0.9270000000000007,0.0229259768338812,0.9270000000000007,0.0,0.022917651,0.44999999999999996
3.7276642581363006,-0.29556288650944856,0.44999999999999996,308.2378320141488,4.566059358572764,0.9280000000000008,0.022925976782135014,0.9280000000000007,0.0,0.022917651,0.44999999999999996
3.72796527872866,-0.2933866759166611,0.44999999999999996,308.2598223229451,4.565544805403778,0.9290000000000008,0.022925976684173364,0.9290000000000007,0.0,0.022917651,0.44999999999999996
3.728266448551616,-0.291209232675802,0.44999999999999996,308.2820374213798,4.565029616492212,0.9300000000000007,0.02292597658612275,0.9300000000000007,0.0,0.022917651,0.44999999999999996
3.7285677713128322,-0.2890305261614934,0.44999999999999996,308.30448289439465,4.564513776042917,0.9310000000000008,0.02292597648798099,0.9310000000000007,0.0,0.022917651,0.44999999999999996
3.7288692508438186,-0.2868505247253609,0.44999999999999996,308.327164513488,4.563997267733131,0.9320000000000008,0.022925976389745778,0.9320000000000007,0.0,0.022917651,0.44999999999999996
3.7291708911051527,-0.2846691956529591,0.44999999999999996,308.3500882445707,4.563480074690266,0.9330000000000007,0.02292597629141476,0.9330000000000007,0.0,0.022917651,0.44999999999999996
3.7294726961919533,-0.28248650511850226,0.44999999999999996,308.37326025622116,4.562962179468551,0.9340000000000008,0.022925976192985496,0.9340000000000007,0.0,0.022917651,0.44999999999999996
3.7297746703396495,-0.2803024181372684,0.44999999999999996,308.396686928365,4.562443564024495,0.9350000000000008,0.022925976094455458,0.9350000000000007,0.0,0.022917651,0.44999999999999996
3.730076817930034,-0.2781168985155363,0.44999999999999996,308.42037486140447,4.561924209691058,0.9360000000000007,0.02292597599582203,0.9360000000000007,0.0,0.022917651,0.44999999999999996
3.7303791434976477,-0.2759299087979048,0.44999999999999996,308.44433088582645,4.561404097150485,0.9370000000000007,0.022925975897082524,0.9370000000000007,0.0,0.022917651,0.44999999999999996
3.7306816517364894,-0.2737414102118334,0.44999999999999996,308.4685620723152,4.560883206405701,0.9380000000000008,0.022925975798234133,0.9380000000000007,0.0,0.022917651,0.44999999999999996
3.73098434750709,-0.27155136260923096,0.44999999999999996,308.49307574240464,4.560361516750188,0.9390000000000008,0.022925975699273956,0.9390000000000007,0.0,0.022917651,0.44999999999999996
3.731287235843962,-0.26935972440490874,0.44999999999999996,308.5178794797027,4.5598390067362375,0.9400000000000007,0.022925975600198996,0.9400000000000007,0.0,0.022917651,0.44999999999999996
3.731590321963456,-0.267166452511699,0.44999999999999996,308.5429811417229,4.559315654141492,0.9410000000000008,0.022925975501006148,0.9410000000000007,0.0,0.022917651,0.44999999999999996
3.731893611272044,-0.264971502272026,0.44999999999999996,308.5683888723634,4.5587914359336486,0.942000000000001,0.02292597540169218,0.9420000000000007,0.0,0.022917651,0.44999999999999996
3.732196690514628,-0.2627779367084583,0.44999999999999996,308.59451370770574,4.558267762347316,0.9430000000000007,0.022925975302442024,0.9430000000000007,0.0,0.022917651,0.44999999999999996
3.7324993301094946,-0.2605873981106058,0.44999999999999996,308.62159531504193,4.557745357498123,0.9440000000000007,0.022925975203331117,0.9440000000000007,0.0,0.022917651,0.44999999999999996
3.732802148800353,-0.2583952624350018,0.44999999999999996,308.64905524455435,4.557222071986048,0.9450000000000008,0.022925975104068196,0.9450000000000007,0.0,0.022917651,0.44999999999999996
3.733105151346544,-0.2562014872405033,0.44999999999999996,308.676903549871,4.55669788240813,0.9460000000000008,0.022925975004649227,0.9460000000000007,0.0,0.022917651,0.44999999999999996
3.733408342677552,-0.25400602856873883,0.44999999999999996,308.705150644027,4.556172764524786,0.9470000000000007,0.022925974905070024,0.9470000000000007,0.0,0.022917651,0.44999999999999996
3.733711727900673,-0.2518088408756979,0.44999999999999996,308.7338073156701,4.55564669322207,0.9480000000000007,0.022925974805326255,0.9480000000000007,0.0,0.022917651,0.44999999999999996
3.7340153123091078,-0.24960987695958492,0.44999999999999996,308.7628847461507,4.555119642471902,0.9490000000000008,0.022925974705413427,0.9490000000000007,0.0,0.022917651,0.44999999999999996
3.7343191013904957,-0.24740908788469831,0.44999999999999996,308.7923945275539,4.554591585290089,0.9500000000000007,0.022925974605326877,0.9500000000000007,0.0,0.022917651,0.44999999999999996
3.7346231008359285,-0.24520642290107614,0.44999999999999996,308.82234868173384,4.554062493692012,0.9510000000000007,0.022925974505061782,0.9510000000000007,0.0,0.022917651,0.44999999999999996
3.7349273165494647,-0.24300182935963113,0.44999999999999996,308.8527596804174,4.553532338645838,0.9520000000000008,0.022925974404613126,0.9520000000000007,0.0,0.022917651,0.44999999999999996
3.735231754658186,-0.24079525262247758,0.44999999999999996,308.8836404664458,4.5530010900230655,0.9530000000000007,0.022925974303975714,0.9530000000000007,0.0,0.022917651,0.44999999999999996
3.735536421522829,-0.23858663596812812,0.44999999999999996,308.9150044762322,4.5524687165462545,0.9540000000000007,0.022925974203144142,0.9540000000000007,0.0,0.022917651,0.44999999999999996
3.7358413237490304,-0.23637592049121603,0.44999999999999996,308.94686566351595,4.551935185733719,0.9550000000000008,0.022925974102112806,0.9550000000000007,0.0,0.022917651,0.44999999999999996
3.7361452657590175,-0.23417126005997363,0.44999999999999996,308.98231407250313,4.5514038685324305,0.9560000000000007,0.022925974000174293,0.9560000000000007,0.0,0.022917651,0.44999999999999996
3.7364493972094035,-0.23196471486729206,0.44999999999999996,309.01829329896856,4.550871424334662,0.9570000000000007,0.02292597389802621,0.9570000000000007,0.0,0.022917651,0.44999999999999996
3.7367537322552065,-0.22975617162814096,0.44999999999999996,309.05479464264334,4.550337796480049,0.9580000000000007,0.022925973795668107,0.9580000000000007,0.0,0.022917651,0.44999999999999996
3.7370582765735394,-0.2275455746284037,0.44999999999999996,309.09183266239756,4.549802951963152,0.9590000000000007,0.02292597369309412,0.9590000000000007,0.0,0.022917651,0.44999999999999996
3.7373630360545693,-0.2253328660631311,0.44999999999999996,309.12942246346483,4.549266856539915,0.9600000000000009,0.02292597359029818,0.9600000000000007,0.0,0.022917651,0.44999999999999996
3.737668016811597,-0.22311798593753238,0.44999999999999996,309.1675797233149,4.548729474668996,0.9610000000000007,0.02292597348727398,0.9610000000000007,0.0,0.022917651,0.44999999999999996
3.737973225191735,-0.22090087196228544,0.44999999999999996,309.20632071900997,4.548190769449764,0.962000000000001,0.02292597338401497,0.9620000000000007,0.0,0.022917651,0.44999999999999996
3.7382786677871827,-0.21868145944278344,0.44999999999999996,309.2456623561466,4.547650702556674,0.9630000000000007,0.02292597328051435,0.9630000000000007,0.0,0.022917651,0.44999999999999996
3.73858435144718,-0.21645968116190406,0.44999999999999996,309.28562219948986,4.54710923416983,0.9640000000000007,0.022925973176765056,0.9640000000000007,0.0,0.022917651,0.44999999999999996
3.7388902832906554,-0.2142354672558544,0.44999999999999996,309.326218505416,4.546566322901426,0.9650000000000006,0.022925973072759745,0.9650000000000007,0.0,0.022917651,0.44999999999999996
3.739196021235119,-0.21201152520854452,0.44999999999999996,309.36859440440537,4.5460229074936676,0.9660000000000007,0.022925972984903047,0.9660000000000007,0.0,0.022917651,0.44999999999999996
3.7395008364575295,-0.2097923030352652,0.44999999999999996,309.4144696108754,4.545480519969341,0.9670000000000007,0.02292597293694084,0.9670000000000007,0.0,0.022917651,0.44999999999999996
3.73980585264983,-0.20757080448837947,0.44999999999999996,309.460987513104,4.54493665985699,0.9680000000000007,0.02292597288624839,0.9680000000000007,0.0,0.022917651,0.44999999999999996
3.7401110754486857,-0.20534696572173097,0.44999999999999996,309.50816613697816,4.544391285854485,0.9690000000000009,0.022925972832749116,0.9690000000000007,0.0,0.022917651,0.44999999999999996
3.740416510703541,-0.2031207204790134,0.44999999999999996,309.5560241888504,4.543844355100563,0.9700000000000008,0.022925972776363553,0.9700000000000008,0.0,0.022917651,0.44999999999999996
3.740722164486759,-0.20089199997895993,0.44999999999999996,309.6045810879533,4.543295823100565,0.9710000000000008,0.022925972717009205,0.9710000000000008,0.0,0.022917651,0.44999999999999996
3.741028043104338,-0.19866073279390675,0.44999999999999996,309.65385700068504,4.5427456436478755,0.9720000000000008,0.022925972654600404,0.9720000000000008,0.0,0.022917651,0.44999999999999996
3.741334153107259,-0.19642684472127994,0.44999999999999996,309.7038728768929,4.542193768740784,0.9730000000000008,0.022925972589048153,0.9730000000000008,0.0,0.022917651,0.44999999999999996
3.7416405013035026,-0.19419025864751993,0.44999999999999996,309.75465048829216,4.541640148494464,0.9740000000000008,0.022925972520259966,0.9740000000000008,0.0,0.022917651,0.44999999999999996
3.7419470947707714,-0.19195089440391916,0.44999999999999996,309.8062124691673,4.541084731047713,0.9750000000000008,0.022925972448139684,0.9750000000000008,0.0,0.022917651,0.44999999999999996
3.7422522845376,-0.18971918963879583,0.44999999999999996,309.86088216652115,4.540531360037135,0.9760000000000009,0.022925972334061177,0.9760000000000008,0.0,0.022917651,0.44999999999999996
3.742557131671786,-0.1874884000168315,0.44999999999999996,309.9171255700927,4.539977534242802,0.9770000000000008,0.022925972207339006,0.9770000000000008,0.0,0.022917651,0.44999999999999996
3.7428621413467327,-0.18525528821997533,0.44999999999999996,309.97425704904066,4.539422036478902,0.9780000000000008,0.02292597208026412,0.9780000000000008,0.0,0.022917651,0.44999999999999996
3.7431673177908498,-0.18301979383809824,0.44999999999999996,310.0322997061677,4.538864823250043,0.9790000000000008,0.022925971952827362,0.9790000000000008,0.0,0.022917651,0.44999999999999996
3.743472665380496,-0.18078185434735958,0.44999999999999996,310.09127745262845,4.538305849538961,0.9800000000000008,0.02292597182501921,0.9800000000000008,0.0,0.022917651,0.44999999999999996
3.74377818864651,-0.17854140501694443,0.44999999999999996,310.1512150435967,4.537745068739371,0.9810000000000008,0.02292597169682985,0.9810000000000008,0.0,0.022917651,0.44999999999999996
3.744083892281081,-0.1762983788108192,0.44999999999999996,310.212138115837,4.53718243258522,0.9820000000000008,0.022925971568249097,0.9820000000000008,0.0,0.022917651,0.44999999999999996
3.7443897811450024,-0.17405270628419175,0.44999999999999996,310.27407322730147,4.536617891076151,0.9830000000000009,0.022925971439266397,0.9830000000000008,0.0,0.022917651,0.44999999999999996
3.744695860275307,-0.17180431547434047,0.44999999999999996,310.3370478988807,4.53605139239889,0.9840000000000008,0.022925971309870827,0.9840000000000008,0.0,0.022917651,0.44999999999999996
3.7450015692709626,-0.1695567837496873,0.44999999999999996,310.40234607755707,4.535484271516975,0.9850000000000008,0.022925971180030483,0.9850000000000008,0.0,0.022917651,0.44999999999999996
3.7453074193655778,-0.16730676849791565,0.44999999999999996,310.4690376870542,4.5349152314565275,0.9860000000000009,0.022925971049766503,0.9860000000000008,0.0,0.022917651,0.44999999999999996
3.745613454342077,-0.16505394422769762,0.44999999999999996,310.53707758118566,4.534344121912769,0.9870000000000008,0.0229259709190693,0.9870000000000008,0.0,0.022917651,0.44999999999999996
3.7459196792786047,-0.16279823378382208,0.44999999999999996,310.60650279323835,4.533770886043272,0.9880000000000008,0.022925970787926974,0.9880000000000008,0.0,0.022917651,0.44999999999999996
3.746226099440998,-0.16053955715934257,0.44999999999999996,310.677351725287,4.533195464904661,0.9890000000000008,0.02292597065632719,0.9890000000000008,0.0,0.022917651,0.44999999999999996
3.7465327202915417,-0.15827783136259438,0.44999999999999996,310.7496642120243,4.532617797354625,0.9900000000000009,0.02292597052425714,0.9900000000000008,0.0,0.022917651,0.44999999999999996
3.7468395474982104,-0.15601297027670052,0.44999999999999996,310.8234815881954,4.532037819948429,0.9910000000000008,0.022925970391703552,0.9910000000000008,0.0,0.022917651,0.44999999999999996
3.747146396133136,-0.15374642280447615,0.44999999999999996,310.89946466370014,4.531456241946844,0.9920000000000008,0.022925970258634604,0.9920000000000008,0.0,0.022917651,0.44999999999999996
3.7474522347645487,-0.15148647969741344,0.44999999999999996,310.98087640460955,4.530877228703568,0.9930000000000008,0.02292597012494711,0.9930000000000008,0.0,0.022917651,0.44999999999999996
3.747758221164712,-0.14922378129665095,0.44999999999999996,311.0639165116275,4.530296051194044,0.9940000000000008,0.02292596999074367,0.9940000000000008,0.0,0.022917651,0.44999999999999996
3.748064359082981,-0.1469582576917864,0.44999999999999996,311.14862630148554,4.529712654504086,0.9950000000000008,0.022925969856011183,0.9950000000000008,0.0,0.022917651,0.44999999999999996
3.748370652396636,-0.1446898365871164,0.44999999999999996,311.2350485006171,4.529126981845861,0.9960000000000008,0.02292596972073613,0.9960000000000008,0.0,0.022917651,0.44999999999999996
3.748677105116386,-0.14241844319903016,0.44999999999999996,311.3232273057978,4.528538974477304,0.9970000000000009,0.0229259695849045,0.9970000000000008,0.0,0.022917651,0.44999999999999996
3.748983721392157,-0.14014400014806022,0.44999999999999996,311.4132084479427,4.527948571617319,0.9980000000000008,0.022925969448501796,0.9980000000000008,0.0,0.022917651,0.44999999999999996
3.749290505519189,-0.13786642734526394,0.44999999999999996,311.5050392592546,4.5273557103565345,0.9990000000000008,0.02292596931151303,0.9990000000000008,0.0,0.022917651,0.44999999999999996
3.7495970170726363,-0.13559106250197808,0.44999999999999996,311.601576270074,4.526763969560666,1.0000000000000009,0.022925969174357592,1.0000000000000009,0.0,0.022917651,0.44999999999999996
3.7498336634828697,-0.13364790440659988,0.44999999999999996,311.7571585512102,4.526181325589848,1.0010000000000008,0.022925969189168574,1.0010000000000008,0.0,0.022917651,0.44999999999999996
3.7500705382396706,-0.13170343643505297,0.44999999999999996,311.9129000003494,4.525598285105231,1.002000000000001,0.022925969203976,1.002000000000001,0.0,0.022917651,0.44999999999999996
3.7503076472247443,-0.1297576248478109,0.44999999999999996,312.0688047173091,4.5250148378934965,1.0030000000000008,0.02292596921877979,1.0030000000000008,0.0,0.022917651,0.44999999999999996
3.7505449965235447,-0.12781043473656908,0.44999999999999996,312.22487694392913,4.524430973387516,1.004000000000001,0.02292596923357984,1.004000000000001,0.0,0.022917651,0.44999999999999996
3.750782592434175,-0.1258618299731967,0.44999999999999996,312.38112107027547,4.523846680650914,1.005000000000001,0.02292596924837606,1.0050000000000008,0.0,0.022917651,0.44999999999999996
3.7510204414767565,-0.12391177315598148,0.44999999999999996,312.5375416411711,4.523261948361781,1.006000000000001,0.022925969263168335,1.006000000000001,0.0,0.022917651,0.44999999999999996
3.751258550403302,-0.12196022555301471,0.44999999999999996,312.69414336307705,4.522676764795548,1.0070000000000008,0.022925969277956572,1.0070000000000008,0.0,0.022917651,0.44999999999999996
3.751496926208112,-0.1200071470425211,0.44999999999999996,312.8509311113416,4.522091117806918,1.008000000000001,0.022925969292740662,1.008000000000001,0.0,0.022917651,0.44999999999999996
3.751735576138746,-0.11805249604995526,0.44999999999999996,313.0079099378449,4.521504994810819,1.009000000000001,0.022925969307520486,1.0090000000000008,0.0,0.022917651,0.44999999999999996
3.7519745077075872,-0.116096229481643,0.44999999999999996,313.165085079062,4.520918382762328,1.0100000000000011,0.022925969322295927,1.010000000000001,0.0,0.022917651,0.44999999999999996
3.7522135596022475,-0.11413981505613528,0.44999999999999996,313.3230665694595,4.520332102896192,1.0110000000000008,0.02292596933735146,1.0110000000000008,0.0,0.022917651,0.44999999999999996
3.752452499641852,-0.11218518201012075,0.44999999999999996,313.4825664050519,4.519747154240606,1.012000000000001,0.0229259693530328,1.012000000000001,0.0,0.022917651,0.44999999999999996
3.7526916949645712,-0.11022897536990685,0.44999999999999996,313.64222039646717,4.5191616531438985,1.0130000000000008,0.022925969368702535,1.0130000000000008,0.0,0.022917651,0.44999999999999996
3.752931152252584,-0.10827115394578252,0.44999999999999996,313.8020325788205,4.518575585145614,1.0140000000000011,0.02292596938436036,1.014000000000001,0.0,0.022917651,0.44999999999999996
3.753170878423335,-0.10631167509783349,0.44999999999999996,313.962007129295,4.517988935276173,1.0150000000000008,0.02292596940000597,1.0150000000000008,0.0,0.022917651,0.44999999999999996
3.7534108806399797,-0.10435049467154865,0.44999999999999996,314.12214837345,4.517401688034269,1.016000000000001,0.02292596941563903,1.016000000000001,0.0,0.022917651,0.44999999999999996
3.7536511663223955,-0.10238756692997164,0.44999999999999996,314.2824607918676,4.516813827363045,1.0170000000000008,0.022925969431259206,1.0170000000000008,0.0,0.022917651,0.44999999999999996
3.7538917431587797,-0.10042284448216547,0.44999999999999996,314.4429490271608,4.516225336624983,1.0180000000000011,0.022925969446866153,1.018000000000001,0.0,0.022917651,0.44999999999999996
3.7541326191178954,-0.09845627820776771,0.44999999999999996,314.6036178913645,4.515636198575417,1.019000000000001,0.022925969462459506,1.0190000000000008,0.0,0.022917651,0.44999999999999996
3.7543738024619855,-0.09648781717737155,0.44999999999999996,314.7644723737346,4.515046395334578,1.020000000000001,0.022925969478038884,1.020000000000001,0.0,0.022917651,0.44999999999999996
3.7546153017604103,-0.09451740856847414,0.44999999999999996,314.9255176489831,4.514455908358091,1.021000000000001,0.0229259694936039,1.0210000000000008,0.0,0.022917651,0.44999999999999996
3.754856984434613,-0.09254553633678783,0.44999999999999996,315.08851344641454,4.51386469397613,1.022000000000001,0.022925969509036206,1.022000000000001,0.0,0.022917651,0.44999999999999996
3.755098932351047,-0.09057186652576776,0.44999999999999996,315.2523796596434,4.513272744065548,1.023000000000001,0.022925969524406654,1.0230000000000008,0.0,0.022917651,0.44999999999999996
3.75534120869326,-0.08859613633383971,0.44999999999999996,315.4164185738616,4.51268004748796,1.024000000000001,0.02292596953976177,1.024000000000001,0.0,0.022917651,0.44999999999999996
3.7555838227467384,-0.08661828750846824,0.44999999999999996,315.5806350717929,4.5120865831330725,1.0250000000000008,0.02292596955510112,1.0250000000000008,0.0,0.022917651,0.44999999999999996
3.7558267841503303,-0.084638259580282,0.44999999999999996,315.74503422197597,4.511492329087224,1.026000000000001,0.022925969570424247,1.026000000000001,0.0,0.022917651,0.44999999999999996
3.756070102913219,-0.08265598975661068,0.44999999999999996,315.9096212876881,4.51089726259481,1.0270000000000008,0.022925969585730694,1.0270000000000008,0.0,0.022917651,0.44999999999999996
3.756313789432884,-0.08067141280881968,0.44999999999999996,316.0744017363891,4.510301360017451,1.0280000000000011,0.022925969601019967,1.028000000000001,0.0,0.022917651,0.44999999999999996
3.7565578545141083,-0.07868446095303155,0.44999999999999996,316.2393812497191,4.509704596790761,1.0290000000000008,0.02292596961629157,1.0290000000000008,0.0,0.022917651,0.44999999999999996
3.756802309389129,-0.07669506372376218,0.44999999999999996,316.4045657340901,4.509106947378566,1.030000000000001,0.022925969631544977,1.030000000000001,0.0,0.022917651,0.44999999999999996
3.757046330025786,-0.0747070227604258,0.44999999999999996,316.5731200359724,4.508508915394951,1.0310000000000006,0.02292596964619245,1.0310000000000008,0.0,0.022917651,0.44999999999999996
3.757290475818056,-0.07271764294868131,0.44999999999999996,316.7427326054249,4.507910044684992,1.032000000000001,0.0229259696606713,1.032000000000001,0.0,0.022917651,0.44999999999999996
3.757534966232293,-0.07072587594297694,0.44999999999999996,316.91258786912715,4.507310165261127,1.0330000000000008,0.022925969675134723,1.0330000000000008,0.0,0.022917651,0.44999999999999996
3.7577798109623637,-0.0687316545939762,0.44999999999999996,317.08269265382165,4.506709248749263,1.034000000000001,0.02292596968958228,1.034000000000001,0.0,0.022917651,0.44999999999999996
3.758025020069146,-0.06673490921005036,0.44999999999999996,317.2530540447128,4.5061072657010515,1.0350000000000008,0.02292596970401353,1.0350000000000008,0.0,0.022917651,0.44999999999999996
3.7582706039980645,-0.0647355674358102,0.44999999999999996,317.4236793978167,4.50550418554257,1.036000000000001,0.022925969718428,1.036000000000001,0.0,0.022917651,0.44999999999999996
3.7585165735976425,-0.06273355412361385,0.44999999999999996,317.5945763530238,4.504899976520021,1.037000000000001,0.0229259697328252,1.0370000000000008,0.0,0.022917651,0.44999999999999996
3.758762940139135,-0.06072879119755672,0.44999999999999996,317.7657528479267,4.504294605642263,1.038000000000001,0.022925969747204643,1.038000000000001,0.0,0.022917651,0.44999999999999996
3.759008772358449,-0.05872649702299832,0.44999999999999996,317.9404913577705,4.503689566851181,1.0390000000000008,0.022925969761726832,1.0390000000000008,0.0,0.022917651,0.44999999999999996
3.759254850505578,-0.056722163894433034,0.44999999999999996,318.11591536559257,4.503083472872727,1.040000000000001,0.022925969776245596,1.040000000000001,0.0,0.022917651,0.44999999999999996
3.759501295413643,-0.05471508798754043,0.44999999999999996,318.2916363518077,4.502476103137156,1.041000000000001,0.022925969790740578,1.0410000000000008,0.0,0.022917651,0.44999999999999996
3.7597481175433427,-0.05270519107321991,0.44999999999999996,318.46766278678786,4.501867421257521,1.0420000000000011,0.022925969805211086,1.042000000000001,0.0,0.022917651,0.44999999999999996
3.7599953277570055,-0.050692391918832846,0.44999999999999996,318.64400346611745,4.5012573894498304,1.0430000000000008,0.022925969819656427,1.0430000000000008,0.0,0.022917651,0.44999999999999996
3.7602429373380515,-0.04867660614265396,0.44999999999999996,318.820667526353,4.500645968465346,1.044000000000001,0.022925969834075858,1.044000000000001,0.0,0.022917651,0.44999999999999996
3.7604909580115975,-0.04665774605978368,0.44999999999999996,318.9976644617073,4.500033117518911,1.045000000000001,0.022925969848468623,1.0450000000000008,0.0,0.022917651,0.44999999999999996
3.7607378295856666,-0.04464308200904383,0.44999999999999996,319.1789576200351,4.4994198661533,1.0460000000000012,0.022925969863020118,1.046000000000001,0.0,0.022917651,0.44999999999999996
3.760984545851474,-0.04262788821367386,0.44999999999999996,319.361797918453,4.498805463845116,1.0470000000000008,0.02292596987759095,1.0470000000000008,0.0,0.022917651,0.44999999999999996
3.761231571989257,-0.04060994889469072,0.44999999999999996,319.5450076468508,4.4981895555549025,1.048000000000001,0.022925969892123112,1.048000000000001,0.0,0.022917651,0.44999999999999996
3.7614789160979742,-0.03858919229379127,0.44999999999999996,319.728596460825,4.497572101921598,1.0490000000000008,0.022925969906615596,1.0490000000000008,0.0,0.022917651,0.44999999999999996
3.7617265865613048,-0.03656554413001413,0.44999999999999996,319.9125743554139,4.496953062200408,1.0500000000000012,0.02292596992106735,1.050000000000001,0.0,0.022917651,0.44999999999999996
3.761974592060268,-0.03453892748790574,0.44999999999999996,320.09695168014605,4.496332394201462,1.0510000000000008,0.022925969935477294,1.0510000000000008,0.0,0.022917651,0.44999999999999996
3.7622227304309503,-0.032510102963770986,0.44999999999999996,320.2823295936499,4.495710050245576,1.052000000000001,0.02292596994988731,1.052000000000001,0.0,0.022917651,0.44999999999999996
3.762469249017016,-0.03048597844159968,0.44999999999999996,320.47346552864036,4.495085930647541,1.053000000000001,0.02292596996463367,1.0530000000000008,0.0,0.022917651,0.44999999999999996
3.762716009721315,-0.02845908344001474,0.44999999999999996,320.6650352255663,4.494460009127408,1.054000000000001,0.0229259699793197,1.054000000000001,0.0,0.022917651,0.44999999999999996
3.7629630184612233,-0.02642935024841592,0.44999999999999996,320.85704928558283,4.493832241646149,1.0550000000000006,0.022925969993943918,1.0550000000000008,0.0,0.022917651,0.44999999999999996
3.7632102813485298,-0.02439670893161265,0.44999999999999996,321.049518658139,4.493202582717856,1.056000000000001,0.02292597000850481,1.056000000000001,0.0,0.022917651,0.44999999999999996
3.763457804697485,-0.02236108723771174,0.44999999999999996,321.2424546554,4.49257098534984,1.0570000000000008,0.022925970023000796,1.0570000000000008,0.0,0.022917651,0.44999999999999996
3.763705595033254,-0.020322410501382386,0.44999999999999996,321.43586896739276,4.491937400979705,1.058000000000001,0.022925970037430254,1.058000000000001,0.0,0.022917651,0.44999999999999996
3.763952110535468,-0.01828728800318316,0.44999999999999996,321.63127004461336,4.491302265741946,1.0590000000000008,0.022925970052045188,1.0590000000000008,0.0,0.022917651,0.44999999999999996
3.7641984338806065,-0.01625101233154001,0.44999999999999996,321.82761214333226,4.49066520715438,1.060000000000001,0.022925970066643712,1.060000000000001,0.0,0.022917651,0.44999999999999996
3.764444953809258,-0.014211860443888393,0.44999999999999996,322.0245351946491,4.490026058606875,1.061000000000001,0.022925970081158317,1.0610000000000008,0.0,0.022917651,0.44999999999999996
3.764691674931887,-0.012169764884461335,0.44999999999999996,322.22205282361955,4.489384771083696,1.062000000000001,0.022925970095587035,1.062000000000001,0.0,0.022917651,0.44999999999999996
3.7649386020042654,-0.010124656071490585,0.44999999999999996,322.4201790847197,4.488741294024276,1.0630000000000006,0.022925970109927828,1.0630000000000008,0.0,0.022917651,0.44999999999999996
3.7651857399332442,-0.008076462212781186,0.44999999999999996,322.6189284788987,4.488095575261875,1.064000000000001,0.022925970124178605,1.064000000000001,0.0,0.022917651,0.44999999999999996
3.7654313873830536,-0.006034081624634965,0.44999999999999996,322.8178548781285,4.487449710677186,1.0650000000000008,0.022925970138645575,1.0650000000000008,0.0,0.022917651,0.44999999999999996
3.765676771881769,-0.003991108144486678,0.44999999999999996,323.0174842330154,4.486802201996023,1.0660000000000012,0.022925970153105546,1.066000000000001,0.0,0.022917651,0.44999999999999996
3.7659222886837003,-0.0019454316414655552,0.44999999999999996,323.217958903103,4.486152519419499,1.0670000000000008,0.022925970167485914,1.0670000000000008,0.0,0.022917651,0.44999999999999996
3.766167940603282,0.000103005384812925,0.44999999999999996,323.419296870462,4.485500616703159,1.0680000000000007,0.02292597018178499,1.068000000000001,0.0,0.022917651,0.44999999999999996
3.76641373053535,0.0021542620772904944,0.44999999999999996,323.6215166308399,4.484846446281529,1.0690000000000008,0.02292597019600104,1.0690000000000008,0.0,0.022917651,0.44999999999999996
3.7666596497073876,0.00420834067875241,0.44999999999999996,323.8246635249208,4.4841899708255815,1.070000000000001,0.022925970210132676,1.070000000000001,0.0,0.022917651,0.44999999999999996
3.7669044383717813,0.006258972759378544,0.44999999999999996,324.03151081757636,4.4835324204501354,1.0710000000000006,0.022925970224218512,1.0710000000000008,0.0,0.022917651,0.44999999999999996
3.767149307199151,0.008312207778381677,0.44999999999999996,324.2392981195181,4.482872587846614,1.072000000000001,0.022925970238207857,1.072000000000001,0.0,0.022917651,0.44999999999999996
3.767394257767416,0.010368096971789392,0.44999999999999996,324.4480439338126,4.4822104280918245,1.0730000000000008,0.022925970252098818,1.0730000000000008,0.0,0.022917651,0.44999999999999996
3.7676392916961867,0.01242669292921343,0.44999999999999996,324.6577672523513,4.48154589507577,1.0740000000000012,0.02292597026588945,1.074000000000001,0.0,0.022917651,0.44999999999999996
3.7678844106481413,0.01448804963884294,0.44999999999999996,324.8684875720996,4.480878941462189,1.0750000000000008,0.022925970279577747,1.0750000000000008,0.0,0.022917651,0.44999999999999996
3.768129393878012,0.016549528263549797,0.44999999999999996,325.0815519972857,4.480211323400096,1.0760000000000007,0.022925970293188654,1.076000000000001,0.0,0.022917651,0.44999999999999996
3.768374200355137,0.01861066602288011,0.44999999999999996,325.29719194103336,4.4795433396281465,1.0770000000000008,0.022925970306717662,1.0770000000000008,0.0,0.022917651,0.44999999999999996
3.768619074696586,0.020674459791186577,0.44999999999999996,325.51396139824664,4.478872971431899,1.078000000000001,0.02292597032013035,1.078000000000001,0.0,0.022917651,0.44999999999999996
3.7688640182038737,0.022740960505870655,0.44999999999999996,325.73188203093105,4.478200173082451,1.0790000000000008,0.022925970333424493,1.0790000000000008,0.0,0.022917651,0.44999999999999996
3.7691090322120084,0.02481022041523094,0.44999999999999996,325.95097605857336,4.477524897674042,1.080000000000001,0.022925970346597796,1.080000000000001,0.0,0.022917651,0.44999999999999996
3.769354077469054,0.026881642655620756,0.44999999999999996,326.1715238330313,4.476847584620486,1.0810000000000008,0.02292597035965112,1.0810000000000008,0.0,0.022917651,0.44999999999999996
3.7695990177616547,0.028953040918182793,0.44999999999999996,326.3944288777612,4.476169873742584,1.082000000000001,0.02292597037259049,1.082000000000001,0.0,0.022917651,0.44999999999999996
3.769844027502536,0.03102721404472664,0.44999999999999996,326.6186231026666,4.4754896656533365,1.083000000000001,0.02292597038539819,1.0830000000000009,0.0,0.022917651,0.44999999999999996
3.770089108025204,0.03310421531662739,0.44999999999999996,326.84413126185865,4.4748069124027,1.084000000000001,0.022925970398071684,1.084000000000001,0.0,0.022917651,0.44999999999999996
3.7703342606975254,0.03518409938815071,0.44999999999999996,327.07097874728345,4.474121564805107,1.0850000000000009,0.02292597041060838,1.0850000000000009,0.0,0.022917651,0.44999999999999996
3.7705795620771747,0.037267073921908526,0.44999999999999996,327.29970128904915,4.473433721306443,1.086000000000001,0.022925970423010235,1.086000000000001,0.0,0.022917651,0.44999999999999996
3.7708253001209626,0.03935378030826336,0.44999999999999996,327.5322821639672,4.472743892020603,1.0870000000000006,0.022925970435290148,1.0870000000000009,0.0,0.022917651,0.44999999999999996
3.7710711266253893,0.04144357693746577,0.44999999999999996,327.7663872371012,4.472051326393824,1.0880000000000012,0.022925970447422436,1.088000000000001,0.0,0.022917651,0.44999999999999996
3.7713170433607175,0.043536525651079606,0.44999999999999996,328.00204701052076,4.471355969666784,1.0890000000000009,0.02292597045940414,1.0890000000000009,0.0,0.022917651,0.44999999999999996
3.7715630521447636,0.045632689951839465,0.44999999999999996,328.2392928056329,4.470657765609231,1.090000000000001,0.022925970471232227,1.090000000000001,0.0,0.022917651,0.44999999999999996
3.771808779311988,0.047726906950193,0.44999999999999996,328.4792131727258,4.46996038340818,1.091000000000001,0.02292597048287535,1.0910000000000009,0.0,0.022917651,0.44999999999999996
3.772054191733711,0.04981869201780261,0.44999999999999996,328.72188064128,4.469264175069947,1.0920000000000012,0.022925970494331035,1.092000000000001,0.0,0.022917651,0.44999999999999996
3.7722996722196793,0.05191338959380427,0.44999999999999996,328.9662332889227,4.468565326351644,1.093000000000001,0.022925970505626114,1.0930000000000009,0.0,0.022917651,0.44999999999999996
3.772545222042026,0.05401105411351019,0.44999999999999996,329.21230261195757,4.467863787904091,1.094000000000001,0.02292597051675758,1.094000000000001,0.0,0.022917651,0.44999999999999996
3.7727908425047874,0.056111741377276404,0.44999999999999996,329.4601208965041,4.467159509140599,1.095000000000001,0.022925970527722363,1.0950000000000009,0.0,0.022917651,0.44999999999999996
3.7730370355715235,0.05821848967568228,0.44999999999999996,329.7123125564499,4.466451462952921,1.096000000000001,0.022925970538027026,1.096000000000001,0.0,0.022917651,0.44999999999999996
3.7732833710534304,0.06032880352211526,0.44999999999999996,329.9666759888939,4.465740421399921,1.0970000000000009,0.022925970548096013,1.0970000000000009,0.0,0.022917651,0.44999999999999996
3.773529803599543,0.06244246736445926,0.44999999999999996,330.22300475963226,4.4650264183290265,1.098000000000001,0.022925970557972058,1.098000000000001,0.0,0.022917651,0.44999999999999996
3.773776335145171,0.06455954799641235,0.44999999999999996,330.48133805444854,4.464309394692188,1.099000000000001,0.022925970567651322,1.0990000000000009,0.0,0.022917651,0.44999999999999996
3.7740230289676293,0.06667962565452104,0.44999999999999996,330.7431611961371,4.4635900193653875,1.1000000000000012,0.022925970576859758,1.100000000000001,0.0,0.022917651,0.44999999999999996
3.774230311539538,0.068558508443136,0.44999999999999996,330.82942523069295,4.462918152887628,1.1010000000000009,0.022925970556581143,1.1010000000000009,0.0,0.022917651,0.44999999999999996
3.774437596467823,0.07043706126819174,0.44999999999999996,330.9152576668793,4.462246625794397,1.102000000000001,0.022925970536302527,1.102000000000001,0.0,0.022917651,0.44999999999999996
3.774644883741243,0.07231528570374489,0.44999999999999996,331.00066056359196,4.4615754364666955,1.103000000000001,0.02292597051602391,1.1030000000000009,0.0,0.022917651,0.44999999999999996
3.774852174035049,0.07419317958815516,0.44999999999999996,331.08565205637746,4.460904589722383,1.1040000000000014,0.022925970495742392,1.104000000000001,0.0,0.022917651,0.44999999999999996
3.775059481322573,0.076070678908957,0.44999999999999996,331.17056165036837,4.460234204554409,1.105000000000001,0.022925970475399512,1.1050000000000009,0.0,0.022917651,0.44999999999999996
3.775266790865227,0.07794787464598009,0.44999999999999996,331.2550460346676,4.45956413198986,1.1060000000000008,0.0229259704550582,1.106000000000001,0.0,0.022917651,0.44999999999999996
3.775474102651098,0.07982476840261347,0.44999999999999996,331.339107455037,4.458894370377709,1.1070000000000009,0.022925970434718473,1.1070000000000009,0.0,0.022917651,0.44999999999999996
3.7756814166683594,0.08170136177097641,0.44999999999999996,331.42274814145156,4.458224918078531,1.108000000000001,0.0229259704143803,1.108000000000001,0.0,0.022917651,0.44999999999999996
3.7758887329052695,0.08357765633201418,0.44999999999999996,331.5059703082376,4.4575557734644145,1.1090000000000009,0.022925970394043687,1.1090000000000009,0.0,0.022917651,0.44999999999999996
3.776096051350165,0.08545365365559905,0.44999999999999996,331.58877615421005,4.456886934918843,1.1100000000000012,0.022925970373708617,1.110000000000001,0.0,0.022917651,0.44999999999999996
3.7763033719914643,0.0873293553006238,0.44999999999999996,331.67116786280803,4.456218400836607,1.1110000000000009,0.02292597035337508,1.1110000000000009,0.0,0.022917651,0.44999999999999996
3.7765106948176714,0.0892047628151009,0.44999999999999996,331.753147602229,4.455550169623705,1.112000000000001,0.022925970333043073,1.112000000000001,0.0,0.022917651,0.44999999999999996
3.7767180198173653,0.09107987773625387,0.44999999999999996,331.83471752556113,4.4548822396972385,1.1130000000000009,0.02292597031271259,1.1130000000000009,0.0,0.022917651,0.44999999999999996
3.776925346979208,0.09295470159061452,0.44999999999999996,331.91587977091535,4.454214609485323,1.114000000000001,0.022925970292383618,1.114000000000001,0.0,0.022917651,0.44999999999999996
3.7771326762919366,0.09482923589411231,0.44999999999999996,331.9966364615547,4.453547277426989,1.115000000000001,0.022925970272056145,1.1150000000000009,0.0,0.022917651,0.44999999999999996
3.7773400077443693,0.09670348215216967,0.44999999999999996,332.07698970602365,4.452880241972091,1.116000000000001,0.022925970251730172,1.116000000000001,0.0,0.022917651,0.44999999999999996
3.7775473413254015,0.09857744185978949,0.44999999999999996,332.15694159827484,4.452213501581203,1.1170000000000009,0.022925970231405687,1.1170000000000009,0.0,0.022917651,0.44999999999999996
3.777754677024003,0.10045111650164844,0.44999999999999996,332.2364942177953,4.451547054725541,1.118000000000001,0.02292597021108269,1.118000000000001,0.0,0.022917651,0.44999999999999996
3.777962014829222,0.10232450755218267,0.44999999999999996,332.3156496297313,4.4508808998868625,1.119000000000001,0.022925970190761164,1.1190000000000009,0.0,0.022917651,0.44999999999999996
3.778169354730181,0.10419761647567921,0.44999999999999996,332.3944098850116,4.450215035557375,1.1200000000000012,0.022925970170441106,1.120000000000001,0.0,0.022917651,0.44999999999999996
3.7783766967160775,0.10607044472635997,0.44999999999999996,332.4727770204696,4.44954946023965,1.121000000000001,0.02292597015012251,1.1210000000000009,0.0,0.022917651,0.44999999999999996
3.778584040776183,0.1079429937484712,0.44999999999999996,332.55075305896423,4.448884172446534,1.122000000000001,0.022925970129805358,1.122000000000001,0.0,0.022917651,0.44999999999999996
3.7787913868998433,0.1098152649763657,0.44999999999999996,332.62834000949954,4.448219170701057,1.123000000000001,0.022925970109489654,1.1230000000000009,0.0,0.022917651,0.44999999999999996
3.7789987350764758,0.11168725983459067,0.44999999999999996,332.7055398673434,4.447554453536348,1.1240000000000012,0.022925970089175386,1.124000000000001,0.0,0.022917651,0.44999999999999996
3.7792060852955704,0.11355897973796802,0.44999999999999996,332.78235461414425,4.446890019495551,1.1250000000000009,0.022925970068862548,1.1250000000000009,0.0,0.022917651,0.44999999999999996
3.77941343754669,0.1154304260916806,0.44999999999999996,332.8587862180475,4.446225867131733,1.126000000000001,0.022925970048551125,1.126000000000001,0.0,0.022917651,0.44999999999999996
3.7796207918194664,0.11730160029135071,0.44999999999999996,332.93483663381,4.4455619950078065,1.127000000000001,0.02292597002824112,1.127000000000001,0.0,0.022917651,0.44999999999999996
3.779828148103603,0.11917250372312478,0.44999999999999996,333.010507802914,4.444898401696444,1.128000000000001,0.02292597000793252,1.128000000000001,0.0,0.022917651,0.44999999999999996
3.780035506388873,0.12104313776375013,0.44999999999999996,333.0858016536796,4.444235085779995,1.129000000000001,0.02292596998762533,1.129000000000001,0.0,0.022917651,0.44999999999999996
3.780242866665118,0.12291350378065792,0.44999999999999996,333.1607201013758,4.443572045850397,1.130000000000001,0.022925969967319524,1.130000000000001,0.0,0.022917651,0.44999999999999996
3.7804502289222497,0.12478360313203855,0.44999999999999996,333.2352650483312,4.44290928050911,1.131000000000001,0.022925969947015103,1.131000000000001,0.0,0.022917651,0.44999999999999996
3.7806575501050017,0.12665372209480108,0.44999999999999996,333.3099011646998,4.442246332130074,1.132000000000001,0.022925969926659892,1.132000000000001,0.0,0.022917651,0.44999999999999996
3.7808648598042622,0.12852359745587846,0.44999999999999996,333.38422534795507,4.44158358154518,1.1330000000000007,0.022925969906301188,1.133000000000001,0.0,0.022917651,0.44999999999999996
3.781072163039558,0.13039319327418622,0.44999999999999996,333.45818033570043,4.440921084663736,1.134000000000001,0.02292596988594572,1.134000000000001,0.0,0.022917651,0.44999999999999996
3.781279459838567,0.13226251074664414,0.44999999999999996,333.53176770872335,4.44025884039946,1.135000000000001,0.02292596986559347,1.135000000000001,0.0,0.022917651,0.44999999999999996
3.7814867502288063,0.1341315510633503,0.44999999999999996,333.6049890387997,4.43959684767226,1.136000000000001,0.02292596984524442,1.136000000000001,0.0,0.022917651,0.44999999999999996
3.7816940342376397,0.13600031540762625,0.44999999999999996,333.67784588875753,4.438935105408191,1.137000000000001,0.022925969824898567,1.137000000000001,0.0,0.022917651,0.44999999999999996
3.7819013118922737,0.13786880495606843,0.44999999999999996,333.7503398125409,4.438273612539416,1.138000000000001,0.02292596980455589,1.138000000000001,0.0,0.022917651,0.44999999999999996
3.782108583219759,0.13973702087859266,0.44999999999999996,333.8224723552729,4.4376123680041575,1.1390000000000011,0.02292596978421638,1.139000000000001,0.0,0.022917651,0.44999999999999996
3.7823158482469976,0.14160496433848482,0.44999999999999996,333.89424505331806,4.436951370746661,1.140000000000001,0.022925969763880016,1.140000000000001,0.0,0.022917651,0.44999999999999996
3.782523107000734,0.1434726364924443,0.44999999999999996,333.96565943434433,4.436290619717141,1.141000000000001,0.022925969743546798,1.141000000000001,0.0,0.022917651,0.44999999999999996
3.7827303595075645,0.14534003849063395,0.44999999999999996,334.03671701738466,4.4356301138717535,1.142000000000001,0.022925969723216696,1.142000000000001,0.0,0.022917651,0.44999999999999996
3.782937605793935,0.14720717147672296,0.44999999999999996,334.1074193128978,4.43496985217254,1.143000000000001,0.022925969702889706,1.143000000000001,0.0,0.022917651,0.44999999999999996
3.783144845886141,0.1490740365879357,0.44999999999999996,334.1777678228284,4.434309833587397,1.144000000000001,0.022925969682565817,1.144000000000001,0.0,0.022917651,0.44999999999999996
3.783352079810332,0.150940634955094,0.44999999999999996,334.2477640406679,4.433650057090029,1.145000000000001,0.022925969662245017,1.145000000000001,0.0,0.022917651,0.44999999999999996
3.783559307592509,0.1528069677026652,0.44999999999999996,334.31740945151273,4.432990521659906,1.146000000000001,0.022925969641927283,1.146000000000001,0.0,0.022917651,0.44999999999999996
3.7837665292585267,0.15467303594880374,0.44999999999999996,334.3867055321239,4.432331226282231,1.147000000000001,0.02292596962161261,1.147000000000001,0.0,0.022917651,0.44999999999999996
3.7839737448340975,0.15653884080539843,0.44999999999999996,334.4556537509854,4.431672169947891,1.148000000000001,0.022925969601300982,1.148000000000001,0.0,0.022917651,0.44999999999999996
3.784180954344786,0.158404383378113,0.44999999999999996,334.5242555683617,4.431013351653425,1.1490000000000007,0.02292596958099239,1.149000000000001,0.0,0.022917651,0.44999999999999996
3.7843881578160175,0.16026966476643306,0.44999999999999996,334.59251243635566,4.430354770400975,1.150000000000001,0.02292596956068682,1.150000000000001,0.0,0.022917651,0.44999999999999996
3.7845953552730727,0.16213468606370574,0.44999999999999996,334.66042579896504,4.429696425198258,1.151000000000001,0.022925969540384252,1.151000000000001,0.0,0.022917651,0.44999999999999996
3.7848025467410937,0.16399944835718586,0.44999999999999996,334.72799709213945,4.429038315058519,1.152000000000001,0.022925969520084685,1.152000000000001,0.0,0.022917651,0.44999999999999996
3.78500973224508,0.16586395272807494,0.44999999999999996,334.79522774383577,4.428380439000495,1.153000000000001,0.022925969499788097,1.153000000000001,0.0,0.022917651,0.44999999999999996
3.785216911809896,0.16772820025156668,0.44999999999999996,334.8621191740743,4.42772279604838,1.154000000000001,0.02292596947949448,1.154000000000001,0.0,0.022917651,0.44999999999999996
3.785424085460263,0.1695921919968851,0.44999999999999996,334.9286727949931,4.4270653852317805,1.1550000000000011,0.02292596945920383,1.155000000000001,0.0,0.022917651,0.44999999999999996
3.7856312532207705,0.17145592902732956,0.44999999999999996,334.99489001090336,4.426408205585682,1.156000000000001,0.022925969438916113,1.156000000000001,0.0,0.022917651,0.44999999999999996
3.785838415115867,0.17331941240031207,0.44999999999999996,335.060772218343,4.425751256150415,1.157000000000001,0.02292596941863134,1.157000000000001,0.0,0.022917651,0.44999999999999996
3.786045571169871,0.1751826431674016,0.44999999999999996,335.12632080613093,4.425094535971612,1.1580000000000013,0.02292596939834948,1.158000000000001,0.0,0.022917651,0.44999999999999996
3.7862527214069623,0.17704562237436086,0.44999999999999996,335.19153715541944,4.424438044100171,1.1590000000000011,0.022925969378070534,1.159000000000001,0.0,0.022917651,0.44999999999999996
3.7864598658511888,0.17890835106118966,0.44999999999999996,335.2564226397477,4.423781779592227,1.1600000000000013,0.022925969357794486,1.160000000000001,0.0,0.022917651,0.44999999999999996
3.7866670005113985,0.18077078027059143,0.44999999999999996,335.3209884414037,4.423125775366061,1.1610000000000011,0.022925969337521272,1.161000000000001,0.0,0.022917651,0.44999999999999996
3.7868740694155854,0.1826322207738924,0.44999999999999996,335.385378143571,4.4224704956807965,1.162000000000001,0.022925969317250213,1.162000000000001,0.0,0.022917651,0.44999999999999996
3.787081134960676,0.18449345644588133,0.44999999999999996,335.44944556303557,4.421815407364848,1.1630000000000011,0.0229259692969821,1.163000000000001,0.0,0.022917651,0.44999999999999996
3.787288197164635,0.18635448838203872,0.44999999999999996,335.51319242343124,4.4211605093947295,1.164000000000001,0.02292596927671692,1.164000000000001,0.0,0.022917651,0.44999999999999996
3.7874952560453004,0.18821531767004562,0.44999999999999996,335.5766204361225,4.420505800754247,1.165000000000001,0.022925969256454654,1.165000000000001,0.0,0.022917651,0.44999999999999996
3.787702311620381,0.19007594538985623,0.44999999999999996,335.6397313003137,4.419851280434424,1.166000000000001,0.022925969236195286,1.166000000000001,0.0,0.022917651,0.44999999999999996
3.7879093639074632,0.19193637261376276,0.44999999999999996,335.7025267031568,4.419196947433439,1.167000000000001,0.022925969215938802,1.167000000000001,0.0,0.022917651,0.44999999999999996
3.788116412924008,0.1937966004064669,0.44999999999999996,335.76500831985794,4.418542800756568,1.1680000000000013,0.02292596919568519,1.168000000000001,0.0,0.022917651,0.44999999999999996
3.7883234586873495,0.19565662982514334,0.44999999999999996,335.8271778137827,4.417888839416116,1.169000000000001,0.022925969175434432,1.169000000000001,0.0,0.022917651,0.44999999999999996
3.788530501214705,0.19751646191950967,0.44999999999999996,335.8890368365613,4.417235062431353,1.170000000000001,0.022925969155186514,1.170000000000001,0.0,0.022917651,0.44999999999999996
3.788737540523167,0.19937609773188858,0.44999999999999996,335.950587028191,4.416581468828463,1.1710000000000012,0.022925969134941413,1.171000000000001,0.0,0.022917651,0.44999999999999996
3.7889445766297087,0.20123553829727606,0.44999999999999996,336.0118300171392,4.415928057640471,1.172000000000001,0.022925969114699123,1.172000000000001,0.0,0.022917651,0.44999999999999996
3.789151609551185,0.20309478464340272,0.44999999999999996,336.0727674204439,4.415274827907192,1.173000000000001,0.02292596909445963,1.173000000000001,0.0,0.022917651,0.44999999999999996
3.7893586393043304,0.20495383779080034,0.44999999999999996,336.1334008438141,4.414621778675165,1.174000000000001,0.022925969074222913,1.174000000000001,0.0,0.022917651,0.44999999999999996
3.7895656659057644,0.20681269875286173,0.44999999999999996,336.19373188172887,4.413968908997599,1.175000000000001,0.022925969053988964,1.175000000000001,0.0,0.022917651,0.44999999999999996
3.7897726893719916,0.20867136853590618,0.44999999999999996,336.25376211753525,4.413316217934314,1.176000000000001,0.022925969033757758,1.176000000000001,0.0,0.022917651,0.44999999999999996
3.7899797097193977,0.21052984813923806,0.44999999999999996,336.31349312354536,4.412663704551683,1.1770000000000012,0.022925969013529293,1.177000000000001,0.0,0.022917651,0.44999999999999996
3.7901867269642575,0.21238813855521066,0.44999999999999996,336.37292646113207,4.412011367922571,1.178000000000001,0.02292596899330355,1.178000000000001,0.0,0.022917651,0.44999999999999996
3.790393741122732,0.21424624076928372,0.44999999999999996,336.43206368082446,4.411359207126284,1.1790000000000012,0.022925968973080513,1.179000000000001,0.0,0.022917651,0.44999999999999996
3.7906007522108704,0.21610415576008624,0.44999999999999996,336.4909063224013,4.410707221248514,1.180000000000001,0.02292596895286017,1.180000000000001,0.0,0.022917651,0.44999999999999996
3.790807760244609,0.2179618844994722,0.44999999999999996,336.54945591498426,4.410055409381277,1.181000000000001,0.022925968932642506,1.181000000000001,0.0,0.022917651,0.44999999999999996
3.791014765239778,0.21981942795258255,0.44999999999999996,336.60771397713023,4.409403770622864,1.182000000000001,0.02292596891242751,1.182000000000001,0.0,0.022917651,0.44999999999999996
3.7912217672120927,0.22167678707789967,0.44999999999999996,336.6656820169217,4.408752304077787,1.183000000000001,0.022925968892215164,1.183000000000001,0.0,0.022917651,0.44999999999999996
3.791428766177166,0.22353396282730803,0.44999999999999996,336.7233615320577,4.40810100885672,1.184000000000001,0.022925968872005455,1.184000000000001,0.0,0.022917651,0.44999999999999996
3.7916357621505,0.2253909561461476,0.44999999999999996,336.78075400994265,4.407449884076455,1.185000000000001,0.022925968851798366,1.185000000000001,0.0,0.022917651,0.44999999999999996
3.7918427551474903,0.22724776797327317,0.44999999999999996,336.83786092777444,4.406798928859841,1.1860000000000008,0.022925968831593896,1.186000000000001,0.0,0.022917651,0.44999999999999996
3.7920497451834296,0.2291043992411068,0.44999999999999996,336.8946837526322,4.406148142335734,1.1870000000000012,0.02292596881139202,1.187000000000001,0.0,0.022917651,0.44999999999999996
3.7922567322735037,0.2309608508756958,0.44999999999999996,336.95122394156266,4.405497523638951,1.188000000000001,0.022925968791192727,1.188000000000001,0.0,0.022917651,0.44999999999999996
3.792463716432795,0.23281712379676406,0.44999999999999996,337.00748294166567,4.404847071910215,1.189000000000001,0.022925968770996005,1.189000000000001,0.0,0.022917651,0.44999999999999996
3.7926706976762845,0.23467321891776916,0.44999999999999996,337.06346219017917,4.404196786296102,1.190000000000001,0.022925968750801842,1.190000000000001,0.0,0.022917651,0.44999999999999996
3.7928776760188496,0.23652913714595242,0.44999999999999996,337.1191631145627,4.403546665948998,1.191000000000001,0.022925968730610223,1.191000000000001,0.0,0.022917651,0.44999999999999996
3.7930846514752683,0.23838487938239492,0.44999999999999996,337.17458713258094,4.402896710027041,1.1920000000000013,0.022925968710421137,1.192000000000001,0.0,0.022917651,0.44999999999999996
3.7932916240602164,0.24024044652206608,0.44999999999999996,337.2297356523851,4.402246917694082,1.1930000000000012,0.02292596869023457,1.193000000000001,0.0,0.022917651,0.44999999999999996
3.7934986019821033,0.24209593380257002,0.44999999999999996,337.2848280251976,4.401597227433627,1.194000000000001,0.022925968670050517,1.194000000000001,0.0,0.022917651,0.44999999999999996
3.7937055804921305,0.24395129777394717,0.44999999999999996,337.3397611725567,4.400947663309939,1.1950000000000012,0.022925968649868962,1.195000000000001,0.0,0.022917651,0.44999999999999996
3.7939125549791277,0.2458064882188337,0.44999999999999996,337.3944180264125,4.400298256620833,1.196000000000001,0.022925968629689885,1.196000000000001,0.0,0.022917651,0.44999999999999996
3.7941195254630733,0.24766150599904757,0.44999999999999996,337.44879995897605,4.399649006584412,1.197000000000001,0.022925968609513264,1.197000000000001,0.0,0.022917651,0.44999999999999996
3.7943264919638167,0.249516351970711,0.44999999999999996,337.5029083333867,4.398999912423945,1.198000000000001,0.022925968589339093,1.198000000000001,0.0,0.022917651,0.44999999999999996
3.794533454501075,0.25137102698429387,0.44999999999999996,337.55674450378655,4.398350973367828,1.199000000000001,0.022925968569167357,1.199000000000001,0.0,0.022917651,0.44999999999999996
3.794740413094436,0.25322553188466385,0.44999999999999996,337.61030981539517,4.397702188649545,1.200000000000001,0.022925968548998053,1.200000000000001,0.0,0.022917651,0.44999999999999996
3.7949297911969917,0.25493521858903007,0.44999999999999996,337.630017969298,4.3970976356012565,1.201000000000001,0.0229259685298181,1.201000000000001,0.0,0.022917651,0.44999999999999996
3.7951191713214265,0.25664482639403463,0.44999999999999996,337.6496293701515,4.396493169536561,1.202000000000001,0.02292596851063815,1.202000000000001,0.0,0.022917651,0.44999999999999996
3.795308553477038,0.2583543549368657,0.44999999999999996,337.66914357304603,4.395888790855441,1.203000000000001,0.022925968491458202,1.203000000000001,0.0,0.022917651,0.44999999999999996
3.7954979376731792,0.2600638038524853,0.44999999999999996,337.68856013034025,4.39528449996034,1.2040000000000013,0.02292596847227825,1.204000000000001,0.0,0.022917651,0.44999999999999996
3.7956873239192634,0.26177317277360856,0.44999999999999996,337.7078785916398,4.3946802972561745,1.2050000000000012,0.022925968453098296,1.205000000000001,0.0,0.022917651,0.44999999999999996
3.79587671222476,0.2634824613306903,0.44999999999999996,337.7270985037758,4.394076183150354,1.206000000000001,0.022925968433918347,1.206000000000001,0.0,0.022917651,0.44999999999999996
3.7960661025991973,0.2651916691519037,0.44999999999999996,337.74621941078414,4.3934721580528056,1.207000000000001,0.0229259684147384,1.207000000000001,0.0,0.022917651,0.44999999999999996
3.7962554950521636,0.2669007958631263,0.44999999999999996,337.7652408538831,4.392868222375983,1.2080000000000013,0.022925968395558455,1.208000000000001,0.0,0.022917651,0.44999999999999996
3.7964448895933045,0.26860984108791885,0.44999999999999996,337.7841623714523,4.392264376534898,1.2090000000000012,0.0229259683763785,1.209000000000001,0.0,0.022917651,0.44999999999999996
3.796634286232327,0.2703188044475108,0.44999999999999996,337.8029834990103,4.39166062094713,1.2100000000000013,0.02292596835719855,1.210000000000001,0.0,0.022917651,0.44999999999999996
3.7968236849789965,0.27202768556077866,0.44999999999999996,337.82170376919225,4.391056956032853,1.211000000000001,0.022925968338018597,1.211000000000001,0.0,0.022917651,0.44999999999999996
3.7970130858431426,0.2737364840442312,0.44999999999999996,337.8403227117282,4.3904533822148535,1.2120000000000013,0.022925968318838648,1.212000000000001,0.0,0.022917651,0.44999999999999996
3.7972024888346523,0.2754451995119878,0.44999999999999996,337.8588398534195,4.3898498999185485,1.213000000000001,0.0229259682996587,1.213000000000001,0.0,0.022917651,0.44999999999999996
3.797391893963476,0.27715383157576284,0.44999999999999996,337.87725471811666,4.3892465095720095,1.2140000000000013,0.022925968280478746,1.214000000000001,0.0,0.022917651,0.44999999999999996
3.7975813012396262,0.27886237984484386,0.44999999999999996,337.8955668266961,4.388643211605982,1.2150000000000007,0.022925968261298793,1.215000000000001,0.0,0.022917651,0.44999999999999996
3.7977707106731784,0.28057084392607584,0.44999999999999996,337.91377569703707,4.388040006453903,1.2160000000000013,0.022925968242118847,1.216000000000001,0.0,0.022917651,0.44999999999999996
3.79796012227427,0.28227922342383865,0.44999999999999996,337.9318808439977,4.387436894551932,1.2170000000000007,0.022925968222938898,1.217000000000001,0.0,0.022917651,0.44999999999999996
3.798149536053104,0.28398751794003113,0.44999999999999996,337.9498817793919,4.386833876338961,1.2180000000000013,0.022925968203758945,1.218000000000001,0.0,0.022917651,0.44999999999999996
3.7983389520199444,0.2856957270740483,0.44999999999999996,337.96777801196487,4.386230952256637,1.219000000000001,0.022925968184578996,1.219000000000001,0.0,0.022917651,0.44999999999999996
3.7985283701851236,0.28740385042276484,0.44999999999999996,337.9855690473697,4.385628122749395,1.2200000000000013,0.022925968165399047,1.220000000000001,0.0,0.022917651,0.44999999999999996
3.798717790559036,0.28911188758051215,0.44999999999999996,338.00325438814207,4.385025388264467,1.2210000000000008,0.022925968146219097,1.221000000000001,0.0,0.022917651,0.44999999999999996
3.7989072131521433,0.2908198381390613,0.44999999999999996,338.02083353367635,4.384422749251914,1.2220000000000013,0.022925968127039145,1.222000000000001,0.0,0.022917651,0.44999999999999996
3.799096637974974,0.2925277016875997,0.44999999999999996,338.03830598020045,4.3838202061646365,1.223000000000001,0.022925968107859195,1.223000000000001,0.0,0.022917651,0.44999999999999996
3.7992860650381197,0.2942354778127137,0.44999999999999996,338.0556712207509,4.38321775945841,1.2240000000000013,0.022925968088679242,1.224000000000001,0.0,0.022917651,0.44999999999999996
3.7994754943522446,0.2959431660983652,0.44999999999999996,338.0729287451474,4.382615409591901,1.225000000000001,0.022925968069499293,1.225000000000001,0.0,0.022917651,0.44999999999999996
3.799664925928077,0.2976507661258732,0.44999999999999996,338.09007803996735,4.38201315702669,1.2260000000000013,0.022925968050319344,1.226000000000001,0.0,0.022917651,0.44999999999999996
3.7998543597764134,0.29935827747389054,0.44999999999999996,338.10711858852,4.381411002227295,1.227000000000001,0.022925968031139395,1.227000000000001,0.0,0.022917651,0.44999999999999996
3.8000437959081204,0.3010656997183849,0.44999999999999996,338.12404987082033,4.3808089456611965,1.2280000000000013,0.02292596801195944,1.228000000000001,0.0,0.022917651,0.44999999999999996
3.8002332343341343,0.30277303243261505,0.44999999999999996,338.14087136356324,4.380206987798861,1.2290000000000008,0.022925967992779486,1.229000000000001,0.0,0.022917651,0.44999999999999996
3.8004226750654606,0.30448027518711146,0.44999999999999996,338.15758254009603,4.379605129113762,1.2300000000000009,0.02292596797359954,1.230000000000001,0.0,0.022917651,0.44999999999999996
3.800612118113175,0.3061874275496523,0.44999999999999996,338.17418287039277,4.379003370082408,1.231000000000001,0.02292596795441959,1.231000000000001,0.0,0.022917651,0.44999999999999996
3.8008015634884256,0.30789448908524353,0.44999999999999996,338.19067182102634,4.378401711184365,1.232000000000001,0.022925967935239638,1.232000000000001,0.0,0.022917651,0.44999999999999996
3.80099101120243,0.30960145935609434,0.44999999999999996,338.20704885514135,4.377800152902279,1.233000000000001,0.02292596791605969,1.233000000000001,0.0,0.022917651,0.44999999999999996
3.80118046126648,0.31130833792159707,0.44999999999999996,338.22331343242695,4.377198695721905,1.2340000000000009,0.022925967896879736,1.234000000000001,0.0,0.022917651,0.44999999999999996
3.801369913691939,0.3130151243383021,0.44999999999999996,338.23946500908846,4.376597340132128,1.235000000000001,0.02292596787769979,1.235000000000001,0.0,0.022917651,0.44999999999999996
3.801559368490245,0.3147218181598971,0.44999999999999996,338.2555030378193,4.375996086624993,1.236000000000001,0.022925967858519837,1.236000000000001,0.0,0.022917651,0.44999999999999996
3.8017488256729077,0.31642841893718165,0.44999999999999996,338.2714269677731,4.375394935695723,1.237000000000001,0.022925967839339888,1.237000000000001,0.0,0.022917651,0.44999999999999996
3.8019382852515147,0.3181349262180469,0.44999999999999996,338.28723624453454,4.374793887842755,1.2380000000000009,0.02292596782015994,1.238000000000001,0.0,0.022917651,0.44999999999999996
3.802127747237726,0.31984133954744776,0.44999999999999996,338.30293031009035,4.374192943567756,1.239000000000001,0.02292596780097999,1.239000000000001,0.0,0.022917651,0.44999999999999996
3.8023172116432784,0.32154765846738376,0.44999999999999996,338.31850860280053,4.373592103375657,1.240000000000001,0.022925967781800036,1.240000000000001,0.0,0.022917651,0.44999999999999996
3.8025066784799857,0.3232538825168707,0.44999999999999996,338.3339705573685,4.372991367774675,1.2410000000000012,0.022925967762620087,1.241000000000001,0.0,0.022917651,0.44999999999999996
3.802696147759737,0.3249600112319199,0.44999999999999996,338.3493156048111,4.372390737276337,1.2420000000000009,0.022925967743440138,1.242000000000001,0.0,0.022917651,0.44999999999999996
3.8028856194945013,0.3266660441455107,0.44999999999999996,338.36454317242925,4.371790212395521,1.243000000000001,0.022925967724260185,1.243000000000001,0.0,0.022917651,0.44999999999999996
3.8030750936963242,0.3283719807875683,0.44999999999999996,338.3796526837767,4.371189793650463,1.244000000000001,0.022925967705080236,1.244000000000001,0.0,0.022917651,0.44999999999999996
3.803264570377331,0.33007782068493613,0.44999999999999996,338.39464355862987,4.370589481562803,1.2450000000000012,0.022925967685900286,1.245000000000001,0.0,0.022917651,0.44999999999999996
3.8034540495497255,0.33178356336135323,0.44999999999999996,338.40951521295653,4.3699892766575985,1.2460000000000009,0.022925967666720337,1.246000000000001,0.0,0.022917651,0.44999999999999996
3.803643531225794,0.33348920833742607,0.44999999999999996,338.4242670588848,4.369389179463363,1.247000000000001,0.022925967647540384,1.247000000000001,0.0,0.022917651,0.44999999999999996
3.8038330154179016,0.33519475513060565,0.44999999999999996,338.4388985046715,4.368789190512092,1.248000000000001,0.02292596762836043,1.248000000000001,0.0,0.022917651,0.44999999999999996
3.804022502138496,0.3369002032551582,0.44999999999999996,338.45340895466984,4.368189310339285,1.2490000000000012,0.022925967609180482,1.249000000000001,0.0,0.022917651,0.44999999999999996
3.8042119914001065,0.3386055522221422,0.44999999999999996,338.46779780929774,4.367589539483983,1.250000000000001,0.022925967590000533,1.250000000000001,0.0,0.022917651,0.44999999999999996
3.8044014832153463,0.340310801539379,0.44999999999999996,338.4820644650048,4.366989878488796,1.251000000000001,0.022925967570820584,1.251000000000001,0.0,0.022917651,0.44999999999999996
3.8045909775969116,0.34201595071142843,0.44999999999999996,338.4962083142399,4.366390327899926,1.2520000000000011,0.02292596755164063,1.2520000000000011,0.0,0.022917651,0.44999999999999996
3.8047804745575817,0.34372099923955907,0.44999999999999996,338.51022874541746,4.365790888267207,1.2530000000000012,0.022925967532460678,1.253000000000001,0.0,0.022917651,0.44999999999999996
3.8049699741102234,0.3454259466217241,0.44999999999999996,338.5241251428842,4.365191560144126,1.2540000000000011,0.02292596751328073,1.2540000000000011,0.0,0.022917651,0.44999999999999996
3.8051594762677867,0.34713079235253025,0.44999999999999996,338.5378968868854,4.364592344087861,1.255000000000001,0.02292596749410078,1.255000000000001,0.0,0.022917651,0.44999999999999996
3.805348981043311,0.34883553592321315,0.44999999999999996,338.55154335353035,4.363993240659306,1.2560000000000011,0.02292596747492083,1.2560000000000011,0.0,0.022917651,0.44999999999999996
3.8055384884499195,0.3505401768216061,0.44999999999999996,338.56506391475796,4.363394250423104,1.2570000000000012,0.02292596745574088,1.257000000000001,0.0,0.022917651,0.44999999999999996
3.805727998500825,0.35224471453211464,0.44999999999999996,338.57845793830177,4.36279537394768,1.2580000000000013,0.022925967436560928,1.2580000000000011,0.0,0.022917651,0.44999999999999996
3.80591751120933,0.3539491485356847,0.44999999999999996,338.5917247876551,4.362196611805271,1.259000000000001,0.02292596741738098,1.259000000000001,0.0,0.022917651,0.44999999999999996
3.806107026588824,0.35565347830977667,0.44999999999999996,338.6048638220348,4.361597964571958,1.2600000000000011,0.022925967398201026,1.2600000000000011,0.0,0.022917651,0.44999999999999996
3.806296544652788,0.357357703328333,0.44999999999999996,338.6178743963456,4.360999432827698,1.2610000000000012,0.022925967379021077,1.261000000000001,0.0,0.022917651,0.44999999999999996
3.8064860654147936,0.3590618230617516,0.44999999999999996,338.6307558611439,4.360401017156359,1.2620000000000011,0.022925967359841128,1.2620000000000011,0.0,0.022917651,0.44999999999999996
3.806675588888505,0.36076583697685294,0.44999999999999996,338.64350756260086,4.359802718145752,1.263000000000001,0.02292596734066118,1.263000000000001,0.0,0.022917651,0.44999999999999996
3.806865115087676,0.36246974453685255,0.44999999999999996,338.6561288424655,4.35920453638766,1.2640000000000011,0.022925967321481226,1.2640000000000011,0.0,0.022917651,0.44999999999999996
3.8070546440261572,0.36417354520132816,0.44999999999999996,338.6686190380269,4.358606472477881,1.2650000000000012,0.02292596730230128,1.265000000000001,0.0,0.022917651,0.44999999999999996
3.8072441757178903,0.36587723842619096,0.44999999999999996,338.6809774820769,4.358008527016249,1.2660000000000011,0.022925967283121323,1.2660000000000011,0.0,0.022917651,0.44999999999999996
3.8074337101769133,0.367580823663652,0.44999999999999996,338.6932035028714,4.357410700606683,1.2670000000000012,0.022925967263941378,1.267000000000001,0.0,0.022917651,0.44999999999999996
3.80762324741736,0.36928430036219384,0.44999999999999996,338.7052964240922,4.3568129938572095,1.2680000000000011,0.022925967244761425,1.2680000000000011,0.0,0.022917651,0.44999999999999996
3.8078127874534604,0.370987667966535,0.44999999999999996,338.71725556480743,4.356215407380006,1.2690000000000012,0.022925967225581476,1.269000000000001,0.0,0.022917651,0.44999999999999996
3.8080023302995394,0.37269092591760167,0.44999999999999996,338.7290802394326,4.355617941791431,1.2700000000000011,0.022925967206401523,1.2700000000000011,0.0,0.022917651,0.44999999999999996
3.808191875970023,0.3743940736524919,0.44999999999999996,338.74076975769066,4.355020597712062,1.2710000000000012,0.022925967187221574,1.271000000000001,0.0,0.022917651,0.44999999999999996
3.8083814244794354,0.3760971106044455,0.44999999999999996,338.7523234245717,4.35442337576673,1.2720000000000011,0.022925967168041624,1.2720000000000011,0.0,0.022917651,0.44999999999999996
3.8085709758424002,0.3778000362028085,0.44999999999999996,338.7637405402928,4.353826276584562,1.273000000000001,0.02292596714886167,1.273000000000001,0.0,0.022917651,0.44999999999999996
3.8087605300736413,0.37950284987300215,0.44999999999999996,338.775020400256,4.353229300799009,1.2740000000000014,0.022925967129681722,1.2740000000000011,0.0,0.022917651,0.44999999999999996
3.8089500871879847,0.38120555103648646,0.44999999999999996,338.78616229500756,4.352632449047888,1.2750000000000012,0.022925967110501773,1.275000000000001,0.0,0.022917651,0.44999999999999996
3.809139647200358,0.3829081391107288,0.44999999999999996,338.79716551019607,4.35203572197342,1.2760000000000011,0.022925967091321824,1.2760000000000011,0.0,0.022917651,0.44999999999999996
3.8093292101257923,0.3846106135091665,0.44999999999999996,338.80802932652995,4.351439120222268,1.2770000000000008,0.02292596707214187,1.277000000000001,0.0,0.022917651,0.44999999999999996
3.809518775979424,0.3863129736411749,0.44999999999999996,338.8187530197345,4.350842644445576,1.2780000000000014,0.022925967052961925,1.2780000000000011,0.0,0.022917651,0.44999999999999996
3.809708344776492,0.38801521891202917,0.44999999999999996,338.82933586050865,4.350246295299003,1.279000000000001,0.02292596703378197,1.279000000000001,0.0,0.022917651,0.44999999999999996
3.8098979165323437,0.38971734872287156,0.44999999999999996,338.839777114482,4.349650073442768,1.2800000000000011,0.02292596701460202,1.2800000000000011,0.0,0.022917651,0.44999999999999996
3.810087492188917,0.391419405501718,0.44999999999999996,338.8500971840505,4.349053940257644,1.281000000000001,0.02292596699542207,1.281000000000001,0.0,0.022917651,0.44999999999999996
3.8102770754491417,0.39312154299954427,0.44999999999999996,338.8603686559028,4.348457756948652,1.2820000000000011,0.022925966976242114,1.2820000000000011,0.0,0.022917651,0.44999999999999996
3.8104666627138597,0.39482358126609396,0.44999999999999996,338.87050100944833,4.347861688896114,1.283000000000001,0.022925966957062168,1.283000000000001,0.0,0.022917651,0.44999999999999996
3.8106562539995648,0.3965255198926189,0.44999999999999996,338.8804936716373,4.347265736574787,1.2840000000000011,0.022925966937882222,1.2840000000000011,0.0,0.022917651,0.44999999999999996
3.810845849322844,0.39822735846812146,0.44999999999999996,338.89034606626825,4.346669900462041,1.285000000000001,0.022925966918702266,1.285000000000001,0.0,0.022917651,0.44999999999999996
3.8110354487003733,0.39992909657934184,0.44999999999999996,338.9000576139664,4.346074181037877,1.2860000000000011,0.022925966899522317,1.2860000000000011,0.0,0.022917651,0.44999999999999996
3.8112250521489233,0.40163073381073966,0.44999999999999996,338.9096277321619,4.34547857878494,1.2870000000000013,0.022925966880342367,1.287000000000001,0.0,0.022917651,0.44999999999999996
3.8114146596853544,0.40333226974448133,0.44999999999999996,338.91905583506747,4.344883094188542,1.2880000000000011,0.022925966861162415,1.2880000000000011,0.0,0.022917651,0.44999999999999996
3.8116042713266216,0.405033703960421,0.44999999999999996,338.9283413336564,4.344287727736679,1.289000000000001,0.022925966841982465,1.289000000000001,0.0,0.022917651,0.44999999999999996
3.811793887089775,0.4067350360360877,0.44999999999999996,338.93748363564,4.3436924799200485,1.2900000000000011,0.022925966822802516,1.2900000000000011,0.0,0.022917651,0.44999999999999996
3.8119835069919574,0.408436265546666,0.44999999999999996,338.94648214544503,4.343097351232071,1.2910000000000008,0.022925966803622563,1.291000000000001,0.0,0.022917651,0.44999999999999996
3.8121731310504083,0.41013739206498306,0.44999999999999996,338.95533626419115,4.342502342168905,1.2920000000000011,0.022925966784442614,1.2920000000000011,0.0,0.022917651,0.44999999999999996
3.8123627592824607,0.41183841516148884,0.44999999999999996,338.9640453896674,4.34190745322947,1.293000000000001,0.022925966765262668,1.293000000000001,0.0,0.022917651,0.44999999999999996
3.812552391705546,0.41353933440424295,0.44999999999999996,338.9726089163092,4.34131268491546,1.2940000000000011,0.022925966746082715,1.2940000000000011,0.0,0.022917651,0.44999999999999996
3.8127420283371936,0.4152401493588948,0.44999999999999996,338.9810262351755,4.340718037731372,1.295000000000001,0.022925966726902763,1.295000000000001,0.0,0.022917651,0.44999999999999996
3.8129316691950286,0.4169408595886698,0.44999999999999996,338.9892967339245,4.340123512184516,1.2960000000000012,0.022925966707722813,1.2960000000000012,0.0,0.022917651,0.44999999999999996
3.813121314296775,0.4186414646543492,0.44999999999999996,338.9974197967903,4.339529108785043,1.297000000000001,0.022925966688542864,1.297000000000001,0.0,0.022917651,0.44999999999999996
3.8133109636602587,0.42034196411425656,0.44999999999999996,339.00539480455876,4.3389348280459545,1.2980000000000012,0.02292596666936291,1.2980000000000012,0.0,0.022917651,0.44999999999999996
3.813500617303402,0.4220423575242368,0.44999999999999996,339.0132211345433,4.338340670483137,1.299000000000001,0.022925966650182962,1.299000000000001,0.0,0.022917651,0.44999999999999996
3.8136902752442308,0.42374264443764226,0.44999999999999996,339.0208981605609,4.337746636615365,1.3000000000000012,0.022925966631003013,1.3000000000000012,0.0,0.022917651,0.44999999999999996
3.8138785485585918,0.42529723500063743,0.44999999999999996,339.13978661449954,4.337266986590464,1.301000000000001,0.022925966649358965,1.301000000000001,0.0,0.022917651,0.44999999999999996
3.814066836775565,0.4268517453499919,0.44999999999999996,339.25848953060023,4.3367874763819305,1.3020000000000012,0.022925966667714914,1.3020000000000012,0.0,0.022917651,0.44999999999999996
3.814255139915499,0.4284061753761676,0.44999999999999996,339.3770066554982,4.336308106180693,1.3030000000000013,0.022925966686070866,1.303000000000001,0.0,0.022917651,0.44999999999999996
3.814443457998783,0.42996052496942866,0.44999999999999996,339.4953377353673,4.335828876178032,1.3040000000000014,0.022925966704426815,1.3040000000000012,0.0,0.022917651,0.44999999999999996
3.814631791045841,0.43151479401983733,0.44999999999999996,339.61348251591863,4.335349786565567,1.305000000000001,0.022925966722782763,1.305000000000001,0.0,0.022917651,0.44999999999999996
3.8148201390771352,0.4330689824172574,0.44999999999999996,339.73144074239985,4.334870837535277,1.3060000000000012,0.022925966741138712,1.3060000000000012,0.0,0.022917651,0.44999999999999996
3.815008502113166,0.4346230900513499,0.44999999999999996,339.84921215959395,4.334392029279484,1.307000000000001,0.02292596675949466,1.307000000000001,0.0,0.022917651,0.44999999999999996
3.8151968801744682,0.4361771168115761,0.44999999999999996,339.96679651181796,4.333913361990866,1.3080000000000014,0.022925966777850613,1.3080000000000012,0.0,0.022917651,0.44999999999999996
3.815385273281618,0.43773106258719413,0.44999999999999996,340.0841935429222,4.333434835862449,1.309000000000001,0.022925966796206565,1.309000000000001,0.0,0.022917651,0.44999999999999996
3.8155736814552252,0.439284927267261,0.44999999999999996,340.2014029962893,4.332956451087614,1.3100000000000014,0.022925966814562517,1.3100000000000012,0.0,0.022917651,0.44999999999999996
3.8157621047159407,0.44083871074062975,0.44999999999999996,340.31842461483257,4.3324782078600945,1.3110000000000013,0.02292596683291847,1.311000000000001,0.0,0.022917651,0.44999999999999996
3.8159505430844507,0.4423924128959516,0.44999999999999996,340.4352581409956,4.332000106373977,1.3120000000000012,0.022925966851274415,1.3120000000000012,0.0,0.022917651,0.44999999999999996
3.8161389965814814,0.44394603362167273,0.44999999999999996,340.55190331675084,4.331522146823706,1.313000000000001,0.022925966869630367,1.313000000000001,0.0,0.022917651,0.44999999999999996
3.816327465227795,0.4454995728060364,0.44999999999999996,340.6683598835985,4.331044329404079,1.3140000000000014,0.02292596688798632,1.3140000000000012,0.0,0.022917651,0.44999999999999996
3.816515949044193,0.4470530303370802,0.44999999999999996,340.7846275825654,4.330566654310251,1.315000000000001,0.022925966906342268,1.315000000000001,0.0,0.022917651,0.44999999999999996
3.8167044480515147,0.4486064061026377,0.44999999999999996,340.90070615420444,4.3300891217377355,1.3160000000000014,0.02292596692469822,1.3160000000000012,0.0,0.022917651,0.44999999999999996
3.816892962270637,0.45015969999033584,0.44999999999999996,341.0165953385927,4.3296117318824034,1.317000000000001,0.02292596694305417,1.317000000000001,0.0,0.022917651,0.44999999999999996
3.817081491722475,0.4517129118875967,0.44999999999999996,341.13229487533107,4.329134484940483,1.3180000000000014,0.02292596696141012,1.3180000000000012,0.0,0.022917651,0.44999999999999996
3.8172700364279835,0.45326604168163465,0.44999999999999996,341.24780450354234,4.328657381108566,1.319000000000001,0.02292596697976607,1.319000000000001,0.0,0.022917651,0.44999999999999996
3.817458596408154,0.45481908925945835,0.44999999999999996,341.3631239618713,4.328180420583601,1.3200000000000014,0.022925966998122018,1.3200000000000012,0.0,0.022917651,0.44999999999999996
3.8176471716840177,0.45637205450786766,0.44999999999999996,341.4782529884822,4.327703603562902,1.3210000000000013,0.02292596701647797,1.321000000000001,0.0,0.022917651,0.44999999999999996
3.817835762276645,0.4579249373134561,0.44999999999999996,341.5931913210591,4.327226930244144,1.3220000000000012,0.022925967034833922,1.3220000000000012,0.0,0.022917651,0.44999999999999996
3.818024368207143,0.45947773756260746,0.44999999999999996,341.7079386968035,4.326750400825363,1.323000000000001,0.022925967053189868,1.323000000000001,0.0,0.022917651,0.44999999999999996
3.8182129894966597,0.4610304551414976,0.44999999999999996,341.82249485243415,4.3262740155049615,1.3240000000000014,0.022925967071545823,1.3240000000000012,0.0,0.022917651,0.44999999999999996
3.81840162616638,0.46258308993609204,0.44999999999999996,341.93685952418537,4.325797774481705,1.325000000000001,0.022925967089901775,1.325000000000001,0.0,0.022917651,0.44999999999999996
3.81859027823753,0.4641356418321479,0.44999999999999996,342.0510324478063,4.325321677954729,1.3260000000000012,0.02292596710825772,1.3260000000000012,0.0,0.022917651,0.44999999999999996
3.8187789457313728,0.4656881107152103,0.44999999999999996,342.16501335855935,4.324845726123531,1.327000000000001,0.022925967126613676,1.327000000000001,0.0,0.022917651,0.44999999999999996
3.818967628669212,0.4672404964706152,0.44999999999999996,342.2788019912197,4.324369919187977,1.3280000000000012,0.02292596714496962,1.3280000000000012,0.0,0.022917651,0.44999999999999996
3.8191563270723905,0.46879279898348586,0.44999999999999996,342.3923980800737,4.323894257348302,1.329000000000001,0.02292596716332557,1.329000000000001,0.0,0.022917651,0.44999999999999996
3.8193450409622884,0.47034501813873497,0.44999999999999996,342.5058013589178,4.323418740805109,1.330000000000001,0.02292596718168152,1.3300000000000012,0.0,0.022917651,0.44999999999999996
3.819533770360329,0.47189715382106195,0.44999999999999996,342.6190115610576,4.322943369759374,1.331000000000001,0.022925967200037475,1.331000000000001,0.0,0.022917651,0.44999999999999996
3.819722515287972,0.47344920591495454,0.44999999999999996,342.7320284193067,4.322468144412439,1.3320000000000014,0.022925967218393427,1.3320000000000012,0.0,0.022917651,0.44999999999999996
3.8199112757667177,0.4750011743046859,0.44999999999999996,342.8448516659851,4.321993064966023,1.3330000000000013,0.022925967236749376,1.333000000000001,0.0,0.022917651,0.44999999999999996
3.820100051818106,0.4765530588743171,0.44999999999999996,342.95748103291896,4.321518131622212,1.3340000000000012,0.022925967255105324,1.3340000000000012,0.0,0.022917651,0.44999999999999996
3.8202888434637168,0.4781048595076932,0.44999999999999996,343.0699162514386,4.32104334458347,1.335000000000001,0.02292596727346128,1.335000000000001,0.0,0.022917651,0.44999999999999996
3.8204776507251705,0.4796565760884465,0.44999999999999996,343.1821570523778,4.320568704052634,1.3360000000000014,0.02292596729181723,1.3360000000000012,0.0,0.022917651,0.44999999999999996
3.8206664736241263,0.48120820849999196,0.44999999999999996,343.2942031660725,4.320094210232915,1.337000000000001,0.022925967310173177,1.337000000000001,0.0,0.022917651,0.44999999999999996
3.820855312182284,0.4827597566255309,0.44999999999999996,343.40605432235986,4.319619863327899,1.3380000000000014,0.02292596732852913,1.3380000000000012,0.0,0.022917651,0.44999999999999996
3.8210441664213834,0.4843112203480467,0.44999999999999996,343.5177102505767,4.319145663541552,1.3390000000000009,0.022925967346885078,1.339000000000001,0.0,0.022917651,0.44999999999999996
3.821233036363205,0.48586259955030736,0.44999999999999996,343.62917067955874,4.318671611078217,1.3400000000000012,0.02292596736524103,1.3400000000000012,0.0,0.022917651,0.44999999999999996
3.821421922029569,0.48741389411486263,0.44999999999999996,343.7404353376393,4.318197706142613,1.341000000000001,0.02292596738359698,1.341000000000001,0.0,0.022917651,0.44999999999999996
3.821610823442338,0.4889651039240456,0.44999999999999996,343.8515039526481,4.317723948939842,1.3420000000000014,0.022925967401952928,1.3420000000000012,0.0,0.022917651,0.44999999999999996
3.821799740623411,0.49051622885996987,0.44999999999999996,343.9623762519101,4.317250339675383,1.343000000000001,0.02292596742030888,1.343000000000001,0.0,0.022917651,0.44999999999999996
3.821988673594732,0.4920672688045317,0.44999999999999996,344.07305196224405,4.316776878555099,1.3440000000000012,0.022925967438664832,1.3440000000000012,0.0,0.022917651,0.44999999999999996
3.822177622378283,0.49361822363940683,0.44999999999999996,344.18353080996224,4.316303565785233,1.345000000000001,0.02292596745702078,1.345000000000001,0.0,0.022917651,0.44999999999999996
3.822366586996089,0.4951690932460524,0.44999999999999996,344.29381252086824,4.315830401572414,1.3460000000000012,0.02292596747537673,1.3460000000000012,0.0,0.022917651,0.44999999999999996
3.822555567470214,0.49671987750570423,0.44999999999999996,344.4038968202562,4.315357386123652,1.347000000000001,0.022925967493732678,1.347000000000001,0.0,0.022917651,0.44999999999999996
3.8227445638227633,0.49827057629937854,0.44999999999999996,344.5137834329098,4.314884519646341,1.3480000000000012,0.02292596751208863,1.3480000000000012,0.0,0.022917651,0.44999999999999996
3.822933576075884,0.49982118950786886,0.44999999999999996,344.62347208310086,4.314411802348265,1.349000000000001,0.022925967530444583,1.349000000000001,0.0,0.022917651,0.44999999999999996
3.823122604251764,0.5013717170117485,0.44999999999999996,344.73296249458787,4.313939234437591,1.3500000000000012,0.02292596754880053,1.3500000000000012,0.0,0.022917651,0.44999999999999996
3.8233116483726333,0.502922158691367,0.44999999999999996,344.8422543906157,4.313466816122873,1.3510000000000013,0.022925967567156483,1.351000000000001,0.0,0.022917651,0.44999999999999996
3.82350064900251,0.5044722291807658,0.44999999999999996,344.9514878496628,4.312994594903942,1.3520000000000014,0.022925967585512436,1.3520000000000012,0.0,0.022917651,0.44999999999999996
3.823689600659207,0.5060218992765889,0.44999999999999996,345.06066917179965,4.312522578059909,1.3530000000000013,0.022925967603868384,1.353000000000001,0.0,0.022917651,0.44999999999999996
3.8238785647607307,0.5075714623570203,0.44999999999999996,345.16965081324616,4.312050718016241,1.3540000000000014,0.022925967622224333,1.3540000000000012,0.0,0.022917651,0.44999999999999996
3.8240675413351384,0.5091209181808014,0.44999999999999996,345.278432323837,4.311579015126438,1.355000000000001,0.022925967640580285,1.355000000000001,0.0,0.022917651,0.44999999999999996
3.824256530410569,0.5106702665059487,0.44999999999999996,345.38701325205284,4.311107469745058,1.3560000000000012,0.022925967658936237,1.3560000000000012,0.0,0.022917651,0.44999999999999996
3.8244455320152486,0.5122195070897491,0.44999999999999996,345.49539314501493,4.31063608222772,1.3570000000000009,0.022925967677292186,1.357000000000001,0.0,0.022917651,0.44999999999999996
3.8246345461774873,0.5137686396887597,0.44999999999999996,345.60357154848043,4.31016485293113,1.3580000000000014,0.022925967695648135,1.3580000000000012,0.0,0.022917651,0.44999999999999996
3.824823572925679,0.5153176640588021,0.44999999999999996,345.7115480068367,4.309693782213053,1.3590000000000013,0.022925967714004084,1.359000000000001,0.0,0.022917651,0.44999999999999996
3.825012612288307,0.5168665799549628,0.44999999999999996,345.8193220630965,4.309222870432344,1.3600000000000012,0.022925967732360036,1.3600000000000012,0.0,0.022917651,0.44999999999999996
3.825201664293937,0.5184153871315871,0.44999999999999996,345.92689325889273,4.308752117948939,1.361000000000001,0.022925967750715988,1.361000000000001,0.0,0.022917651,0.44999999999999996
3.825390728971223,0.5199640853422796,0.44999999999999996,346.03426113447324,4.308281525123858,1.3620000000000014,0.022925967769071937,1.3620000000000012,0.0,0.022917651,0.44999999999999996
3.825579806348904,0.5215126743398981,0.44999999999999996,346.14142522869537,4.307811092319218,1.3630000000000013,0.022925967787427885,1.363000000000001,0.0,0.022917651,0.44999999999999996
3.8257688964558083,0.5230611538765542,0.44999999999999996,346.24838507902115,4.307340819898229,1.3640000000000012,0.02292596780578384,1.3640000000000012,0.0,0.022917651,0.44999999999999996
3.8259579993208503,0.5246095237036071,0.44999999999999996,346.3551402215115,4.306870708225203,1.365000000000001,0.02292596782413979,1.365000000000001,0.0,0.022917651,0.44999999999999996
3.826147114973031,0.5261577835716639,0.44999999999999996,346.46169019082123,4.3064007576655525,1.3660000000000012,0.02292596784249574,1.3660000000000012,0.0,0.022917651,0.44999999999999996
3.826336243441441,0.5277059332305738,0.44999999999999996,346.56803452019375,4.305930968585802,1.367000000000001,0.02292596786085169,1.367000000000001,0.0,0.022917651,0.44999999999999996
3.82652538475526,0.529253972429428,0.44999999999999996,346.67417274145544,4.305461341353587,1.3680000000000012,0.02292596787920764,1.3680000000000012,0.0,0.022917651,0.44999999999999996
3.8267145389437514,0.5308019009165542,0.44999999999999996,346.7801043850106,4.3049918763376605,1.3690000000000013,0.02292596789756359,1.369000000000001,0.0,0.022917651,0.44999999999999996
3.826903706036274,0.5323497184395161,0.44999999999999996,346.88582897983565,4.304522573907896,1.3700000000000014,0.02292596791591954,1.3700000000000012,0.0,0.022917651,0.44999999999999996
3.8270928860622724,0.533897424745108,0.44999999999999996,346.9913460534741,4.304053434435293,1.371000000000001,0.02292596793427549,1.371000000000001,0.0,0.022917651,0.44999999999999996
3.8272820790512814,0.5354450195793553,0.44999999999999996,347.0966551320311,4.303584458291981,1.3720000000000014,0.022925967952631444,1.3720000000000012,0.0,0.022917651,0.44999999999999996
3.827471285032925,0.5369925026875072,0.44999999999999996,347.2017557401673,4.303115645851221,1.3730000000000013,0.022925967970987393,1.373000000000001,0.0,0.022917651,0.44999999999999996
3.8276605040369196,0.5385398738140381,0.44999999999999996,347.3066474010942,4.302646997487414,1.3740000000000012,0.02292596798934334,1.3740000000000012,0.0,0.022917651,0.44999999999999996
3.82784973609307,0.5400871327026407,0.44999999999999996,347.4113296365683,4.302178513576104,1.375000000000001,0.022925968007699294,1.375000000000001,0.0,0.022917651,0.44999999999999996
3.828038981231274,0.5416342790962267,0.44999999999999996,347.51580196688525,4.301710194493983,1.3760000000000012,0.022925968026055243,1.3760000000000012,0.0,0.022917651,0.44999999999999996
3.8282282394815197,0.5431813127369205,0.44999999999999996,347.6200639108746,4.30124204061889,1.3770000000000011,0.022925968044411195,1.3770000000000011,0.0,0.022917651,0.44999999999999996
3.828417510873887,0.544728233366059,0.44999999999999996,347.7241149858942,4.300774052329823,1.3780000000000012,0.022925968062767144,1.3780000000000012,0.0,0.022917651,0.44999999999999996
3.8286067954385476,0.5462750407241861,0.44999999999999996,347.82795470782435,4.300306230006941,1.3790000000000011,0.022925968081123092,1.3790000000000011,0.0,0.022917651,0.44999999999999996
3.828796093205767,0.5478217345510522,0.44999999999999996,347.9315825910624,4.299838574031566,1.3800000000000012,0.022925968099479044,1.3800000000000012,0.0,0.022917651,0.44999999999999996
3.828985404205902,0.5493683145856082,0.44999999999999996,348.0349981485169,4.299371084786187,1.3810000000000011,0.022925968117834997,1.3810000000000011,0.0,0.022917651,0.44999999999999996
3.8291747284694027,0.5509147805660061,0.44999999999999996,348.1382008916018,4.298903762654472,1.3820000000000012,0.022925968136190945,1.3820000000000012,0.0,0.022917651,0.44999999999999996
3.8293640660268133,0.5524611322295915,0.44999999999999996,348.24119033023106,4.298436608021262,1.3830000000000011,0.022925968154546894,1.3830000000000011,0.0,0.022917651,0.44999999999999996
3.8295534169087713,0.5540073693129051,0.44999999999999996,348.3439659728126,4.297969621272583,1.3840000000000012,0.022925968172902846,1.3840000000000012,0.0,0.022917651,0.44999999999999996
3.8297427811460096,0.5555534915516759,0.44999999999999996,348.44652732624246,4.2975028027956474,1.3850000000000011,0.022925968191258795,1.3850000000000011,0.0,0.022917651,0.44999999999999996
3.8299321587693544,0.5570994986808208,0.44999999999999996,348.54887389589925,4.297036152978859,1.3860000000000012,0.022925968209614747,1.3860000000000012,0.0,0.022917651,0.44999999999999996
3.8301215498097267,0.5586453904344386,0.44999999999999996,348.65100518563804,4.296569672211819,1.3870000000000011,0.0229259682279707,1.3870000000000011,0.0,0.022917651,0.44999999999999996
3.830310954298144,0.5601911665458106,0.44999999999999996,348.75292069778465,4.296103360885329,1.3880000000000012,0.022925968246326648,1.3880000000000012,0.0,0.022917651,0.44999999999999996
3.8305003722657185,0.5617368267473933,0.44999999999999996,348.85461993312987,4.295637219391396,1.3890000000000013,0.022925968264682597,1.3890000000000011,0.0,0.022917651,0.44999999999999996
3.830689803743659,0.5632823707708189,0.44999999999999996,348.95610239092315,4.295171248123235,1.3900000000000015,0.02292596828303855,1.3900000000000012,0.0,0.022917651,0.44999999999999996
3.830879248763271,0.5648277983468895,0.44999999999999996,349.05736756886705,4.29470544747528,1.3910000000000013,0.0229259683013945,1.3910000000000011,0.0,0.022917651,0.44999999999999996
3.831068707355955,0.5663731092055752,0.44999999999999996,349.158414963111,4.294239817843181,1.3920000000000015,0.022925968319750453,1.3920000000000012,0.0,0.022917651,0.44999999999999996
3.831258179553211,0.5679183030760103,0.44999999999999996,349.25924406824544,4.293774359623816,1.3930000000000011,0.022925968338106402,1.3930000000000011,0.0,0.022917651,0.44999999999999996
3.831447665386635,0.569463379686491,0.44999999999999996,349.3598543772956,4.293309073215287,1.3940000000000012,0.02292596835646235,1.3940000000000012,0.0,0.022917651,0.44999999999999996
3.8316371648879217,0.5710083387644703,0.44999999999999996,349.4602453817159,4.292843959016935,1.3950000000000011,0.0229259683748183,1.3950000000000011,0.0,0.022917651,0.44999999999999996
3.8318266780888646,0.5725531800365578,0.44999999999999996,349.56041657138314,4.292379017429334,1.3960000000000012,0.02292596839317425,1.3960000000000012,0.0,0.022917651,0.44999999999999996
3.832016205021353,0.5740979032285123,0.44999999999999996,349.6603674345909,4.291914248854306,1.3970000000000014,0.0229259684115302,1.3970000000000011,0.0,0.022917651,0.44999999999999996
3.832205745717379,0.5756425080652423,0.44999999999999996,349.76009745804345,4.291449653694919,1.3980000000000012,0.022925968429886152,1.3980000000000012,0.0,0.022917651,0.44999999999999996
3.8323953002090327,0.5771869942708002,0.44999999999999996,349.85960612684903,4.290985232355496,1.3990000000000011,0.0229259684482421,1.3990000000000011,0.0,0.022917651,0.44999999999999996
3.832584868528503,0.5787313615683809,0.44999999999999996,349.9588929245144,4.2905209852416135,1.4000000000000015,0.022925968466598053,1.4000000000000012,0.0,0.022917651,0.44999999999999996
3.83280705368334,0.5801272663793229,0.44999999999999996,350.0827091963283,4.290313453370466,1.4010000000000011,0.022925968466323388,1.4010000000000011,0.0,0.022917651,0.44999999999999996
3.8330292094597995,0.5815232166987346,0.44999999999999996,350.2067001108005,4.2901057584747475,1.4020000000000012,0.02292596846604872,1.4020000000000012,0.0,0.022917651,0.44999999999999996
3.8332513359055356,0.5829192124527972,0.44999999999999996,350.3308653846462,4.289897900818898,1.403000000000001,0.022925968465774053,1.4030000000000011,0.0,0.022917651,0.44999999999999996
3.8334734330681006,0.5843152535678523,0.44999999999999996,350.4552047351935,4.289689880666781,1.4040000000000015,0.022925968465499387,1.4040000000000012,0.0,0.022917651,0.44999999999999996
3.833695500994941,0.5857113399703997,0.44999999999999996,350.57971788038094,4.289481698281698,1.4050000000000011,0.022925968465224718,1.4050000000000011,0.0,0.022917651,0.44999999999999996
3.833917539733404,0.5871074715870988,0.44999999999999996,350.7044045387565,4.289273353926374,1.406000000000001,0.022925968464950045,1.4060000000000012,0.0,0.022917651,0.44999999999999996
3.834139549330733,0.5885036483447666,0.44999999999999996,350.82926442947496,4.289064847862973,1.407000000000001,0.022925968464675383,1.4070000000000011,0.0,0.022917651,0.44999999999999996
3.8343615298340703,0.5898998701703788,0.44999999999999996,350.9542972722974,4.2888561803530925,1.4080000000000015,0.022925968464400724,1.4080000000000013,0.0,0.022917651,0.44999999999999996
3.834583481290455,0.5912961369910673,0.44999999999999996,351.07950278758875,4.288647351657762,1.4090000000000014,0.022925968464126055,1.4090000000000011,0.0,0.022917651,0.44999999999999996
3.834805403746826,0.5926924487341222,0.44999999999999996,351.2048806963166,4.288438362037451,1.4100000000000013,0.02292596846385139,1.4100000000000013,0.0,0.022917651,0.44999999999999996
3.8350272972500217,0.5940888053269893,0.44999999999999996,351.33043072004926,4.288229211752071,1.4110000000000011,0.022925968463576724,1.4110000000000011,0.0,0.022917651,0.44999999999999996
3.8352491618467788,0.5954852066972711,0.44999999999999996,351.45615258095444,4.28801990106097,1.4120000000000015,0.022925968463302054,1.4120000000000013,0.0,0.022917651,0.44999999999999996
3.8354709975837338,0.5968816527727255,0.44999999999999996,351.58204600179744,4.28781043022294,1.4130000000000014,0.022925968463027385,1.4130000000000011,0.0,0.022917651,0.44999999999999996
3.835692804507423,0.5982781434812663,0.44999999999999996,351.70811070593965,4.287600799496216,1.4140000000000013,0.02292596846275272,1.4140000000000013,0.0,0.022917651,0.44999999999999996
3.8359145826642815,0.5996746787509609,0.44999999999999996,351.83434641733686,4.287391009138481,1.415000000000001,0.022925968462478054,1.4150000000000011,0.0,0.022917651,0.44999999999999996
3.8361363321006468,0.6010712585100332,0.44999999999999996,351.96075286053787,4.287181059406857,1.4160000000000013,0.022925968462203385,1.4160000000000013,0.0,0.022917651,0.44999999999999996
3.836358052862756,0.6024678826868591,0.44999999999999996,352.0873297606825,4.286970950557923,1.4170000000000011,0.022925968461928715,1.4170000000000011,0.0,0.022917651,0.44999999999999996
3.836579744996747,0.6038645512099697,0.44999999999999996,352.21407684350055,4.286760682847702,1.4180000000000015,0.022925968461654053,1.4180000000000013,0.0,0.022917651,0.44999999999999996
3.8368014085486566,0.6052612640080481,0.44999999999999996,352.34099383530946,4.28655025653167,1.4190000000000011,0.02292596846137939,1.4190000000000011,0.0,0.022917651,0.44999999999999996
3.837023043564427,0.6066580210099317,0.44999999999999996,352.4680804630136,4.286339671864754,1.4200000000000013,0.022925968461104722,1.4200000000000013,0.0,0.022917651,0.44999999999999996
3.837244650089899,0.6080548221446087,0.44999999999999996,352.5953364541022,4.286128929101339,1.4210000000000012,0.022925968460830053,1.4210000000000012,0.0,0.022917651,0.44999999999999996
3.8374662281708165,0.6094516673412208,0.44999999999999996,352.7227615366479,4.285918028495258,1.4220000000000015,0.02292596846055539,1.4220000000000013,0.0,0.022917651,0.44999999999999996
3.8376877778528247,0.6108485565290599,0.44999999999999996,352.8503554393048,4.285706970299809,1.4230000000000014,0.02292596846028072,1.4230000000000012,0.0,0.022917651,0.44999999999999996
3.837909299181473,0.6122454896375705,0.44999999999999996,352.978117891308,4.285495754767743,1.4240000000000013,0.022925968460006052,1.4240000000000013,0.0,0.022917651,0.44999999999999996
3.8381307922022114,0.6136424665963469,0.44999999999999996,353.1060486224706,4.285284382151273,1.425000000000001,0.022925968459731386,1.4250000000000012,0.0,0.022917651,0.44999999999999996
3.8383522569603943,0.6150394873351344,0.44999999999999996,353.23414736318324,4.285072852702073,1.4260000000000015,0.022925968459456717,1.4260000000000013,0.0,0.022917651,0.44999999999999996
3.838573693501277,0.6164365517838275,0.44999999999999996,353.3624138444121,4.28486116667128,1.4270000000000014,0.02292596845918205,1.4270000000000012,0.0,0.022917651,0.44999999999999996
3.8387951018700206,0.6178336598724715,0.44999999999999996,353.49084779769754,4.284649324309491,1.4280000000000013,0.022925968458907386,1.4280000000000013,0.0,0.022917651,0.44999999999999996
3.839016482111689,0.6192308115312597,0.44999999999999996,353.6194489551523,4.284437325866777,1.4290000000000012,0.02292596845863272,1.4290000000000012,0.0,0.022917651,0.44999999999999996
3.839237834271251,0.6206280066905352,0.44999999999999996,353.7482170494605,4.2842251715926665,1.430000000000001,0.022925968458358054,1.4300000000000013,0.0,0.022917651,0.44999999999999996
3.839459158393577,0.6220252452807887,0.44999999999999996,353.8771518138754,4.284012861736164,1.4310000000000012,0.02292596845808339,1.4310000000000012,0.0,0.022917651,0.44999999999999996
3.839680454523445,0.6234225272326596,0.44999999999999996,354.00625298221854,4.283800396545738,1.4320000000000013,0.022925968457808716,1.4320000000000013,0.0,0.022917651,0.44999999999999996
3.839901722705535,0.624819852476934,0.44999999999999996,354.1355202888778,4.283587776269332,1.4330000000000012,0.022925968457534054,1.4330000000000012,0.0,0.022917651,0.44999999999999996
3.840122962984435,0.6262172209445467,0.44999999999999996,354.2649534688061,4.2833750011543605,1.4340000000000013,0.022925968457259388,1.4340000000000013,0.0,0.022917651,0.44999999999999996
3.840344175404635,0.6276146325665773,0.44999999999999996,354.3945522575198,4.283162071447714,1.4350000000000012,0.02292596845698472,1.4350000000000012,0.0,0.022917651,0.44999999999999996
3.840565360010532,0.6290120872742542,0.44999999999999996,354.5243163910975,4.282948987395755,1.4360000000000015,0.022925968456710053,1.4360000000000013,0.0,0.022917651,0.44999999999999996
3.840786516846428,0.6304095849989495,0.44999999999999996,354.6542456061778,4.282735749244323,1.4370000000000012,0.022925968456435387,1.4370000000000012,0.0,0.022917651,0.44999999999999996
3.8410076459565334,0.631807125672183,0.44999999999999996,354.7843396399589,4.282522357238741,1.4380000000000013,0.02292596845616072,1.4380000000000013,0.0,0.022917651,0.44999999999999996
3.841228747384961,0.6332047092256182,0.44999999999999996,354.9145982301961,4.282308811623806,1.4390000000000014,0.022925968455886056,1.4390000000000012,0.0,0.022917651,0.44999999999999996
3.841449821175734,0.6346023355910647,0.44999999999999996,355.0450211152009,4.282095112643797,1.4400000000000015,0.022925968455611387,1.4400000000000013,0.0,0.022917651,0.44999999999999996
3.8416708673727786,0.6360000047004758,0.44999999999999996,355.1756080338393,4.281881260542476,1.4410000000000012,0.022925968455336718,1.4410000000000012,0.0,0.022917651,0.44999999999999996
3.8418918860199303,0.6373977164859495,0.44999999999999996,355.3063587255307,4.281667255563089,1.4420000000000013,0.022925968455062052,1.4420000000000013,0.0,0.022917651,0.44999999999999996
3.8421128771609316,0.6387954708797267,0.44999999999999996,355.4372729302457,4.281453097948368,1.4430000000000012,0.022925968454787386,1.4430000000000012,0.0,0.022917651,0.44999999999999996
3.8423338408394305,0.640193267814193,0.44999999999999996,355.56835038850534,4.281238787940528,1.4440000000000013,0.022925968454512724,1.4440000000000013,0.0,0.022917651,0.44999999999999996
3.8425547770989867,0.6415911072218755,0.44999999999999996,355.69959084137946,4.281024325781277,1.4450000000000014,0.022925968454238055,1.4450000000000012,0.0,0.022917651,0.44999999999999996
3.8427756859830633,0.6429889890354453,0.44999999999999996,355.8309940304851,4.2808097117118065,1.4460000000000015,0.02292596845396339,1.4460000000000013,0.0,0.022917651,0.44999999999999996
3.8429965675350344,0.6443869131877145,0.44999999999999996,355.96255969798506,4.280594945972801,1.4470000000000014,0.02292596845368872,1.4470000000000012,0.0,0.022917651,0.44999999999999996
3.8432174217981823,0.6457848796116381,0.44999999999999996,356.0942875865866,4.280380028804437,1.4480000000000013,0.022925968453414054,1.4480000000000013,0.0,0.022917651,0.44999999999999996
3.8434382488156964,0.6471828882403117,0.44999999999999996,356.2261774395399,4.2801649604463865,1.4490000000000012,0.022925968453139385,1.4490000000000012,0.0,0.022917651,0.44999999999999996
3.843659048630677,0.6485809390069728,0.44999999999999996,356.3582290006369,4.27994974113781,1.4500000000000013,0.022925968452864723,1.4500000000000013,0.0,0.022917651,0.44999999999999996
3.843879821286132,0.649979031844999,0.44999999999999996,356.49044201420935,4.27973437111737,1.4510000000000012,0.022925968452590054,1.4510000000000012,0.0,0.022917651,0.44999999999999996
3.844100566824979,0.6513771666879088,0.44999999999999996,356.62281622512785,4.279518850623222,1.4520000000000013,0.022925968452315384,1.4520000000000013,0.0,0.022917651,0.44999999999999996
3.8443212852900457,0.6527753434693601,0.44999999999999996,356.7553513788,4.279303179893022,1.4530000000000012,0.02292596845204072,1.4530000000000012,0.0,0.022917651,0.44999999999999996
3.84454197672407,0.6541735621231511,0.44999999999999996,356.88804722116964,4.279087359163926,1.4540000000000013,0.022925968451766053,1.4540000000000013,0.0,0.022917651,0.44999999999999996
3.8447626411697,0.6555718225832187,0.44999999999999996,357.0209034987149,4.278871388672589,1.4550000000000012,0.022925968451491387,1.4550000000000012,0.0,0.022917651,0.44999999999999996
3.84498327866949,0.6569701247836391,0.44999999999999996,357.1539199584467,4.278655268655171,1.4560000000000013,0.02292596845121672,1.4560000000000013,0.0,0.022917651,0.44999999999999996
3.8452038240231396,0.6583684167526247,0.44999999999999996,357.2870761002746,4.27843879031794,1.4570000000000012,0.022925968450942052,1.4570000000000012,0.0,0.022917651,0.44999999999999996
3.8454241982077284,0.6597666553329221,0.44999999999999996,357.4203441951031,4.278221680769845,1.4580000000000013,0.022925968450667383,1.4580000000000013,0.0,0.022917651,0.44999999999999996
3.8456445437963196,0.6611649642634498,0.44999999999999996,357.553766835882,4.278004386486287,1.4590000000000012,0.02292596845039272,1.4590000000000012,0.0,0.022917651,0.44999999999999996
3.8458648608013877,0.6625633435135252,0.44999999999999996,357.6873439552065,4.277786907547838,1.4600000000000015,0.022925968450118052,1.4600000000000013,0.0,0.022917651,0.44999999999999996
3.846085149235395,0.6639617930524819,0.44999999999999996,357.82107548571037,4.277569244035026,1.4610000000000014,0.022925968449843386,1.4610000000000012,0.0,0.022917651,0.44999999999999996
3.8463054091108013,0.6653603128496736,0.44999999999999996,357.9549613600671,4.277351396028325,1.4620000000000013,0.02292596844956872,1.4620000000000013,0.0,0.022917651,0.44999999999999996
3.8465256404400554,0.6667589028744695,0.44999999999999996,358.08900151098914,4.27713336360817,1.4630000000000012,0.02292596844929405,1.4630000000000012,0.0,0.022917651,0.44999999999999996
3.8467458432356016,0.6681575630962586,0.44999999999999996,358.22319587122803,4.276915146854947,1.4640000000000015,0.022925968449019386,1.4640000000000013,0.0,0.022917651,0.44999999999999996
3.8469660175098754,0.669556293484446,0.44999999999999996,358.3575443735744,4.276696745848992,1.4650000000000014,0.02292596844874472,1.4650000000000012,0.0,0.022917651,0.44999999999999996
3.847186163275304,0.6709550940084561,0.44999999999999996,358.49204695085774,4.276478160670597,1.4660000000000013,0.02292596844847005,1.4660000000000013,0.0,0.022917651,0.44999999999999996
3.8474062805443117,0.6723539646377298,0.44999999999999996,358.62670353594683,4.276259391400005,1.4670000000000012,0.02292596844819539,1.4670000000000012,0.0,0.022917651,0.44999999999999996
3.8476263693293102,0.6737529053417266,0.44999999999999996,358.76151406174944,4.276040438117419,1.4680000000000013,0.02292596844792072,1.4680000000000013,0.0,0.022917651,0.44999999999999996
3.847846429642709,0.6751519160899231,0.44999999999999996,358.8964784612121,4.275821300902988,1.4690000000000012,0.022925968447646054,1.4690000000000012,0.0,0.022917651,0.44999999999999996
3.8480664614969053,0.6765509968518143,0.44999999999999996,359.03159666732046,4.275601979836817,1.4700000000000013,0.022925968447371388,1.4700000000000013,0.0,0.022917651,0.44999999999999996
3.8482864649042936,0.6779501475969122,0.44999999999999996,359.16686861309904,4.275382474998966,1.4710000000000012,0.02292596844709672,1.4710000000000012,0.0,0.022917651,0.44999999999999996
3.848506439877258,0.6793493682947473,0.44999999999999996,359.30229423161114,4.275162786469446,1.472000000000001,0.022925968446822056,1.4720000000000013,0.0,0.022917651,0.44999999999999996
3.8487263864281784,0.6807486589148668,0.44999999999999996,359.43787345595905,4.274942914328223,1.4730000000000014,0.022925968446547384,1.4730000000000012,0.0,0.022917651,0.44999999999999996
3.8489463045694245,0.6821480194268367,0.44999999999999996,359.57360621928376,4.274722858655218,1.4740000000000015,0.022925968446272718,1.4740000000000013,0.0,0.022917651,0.44999999999999996
3.8491661943133604,0.6835474498002393,0.44999999999999996,359.7094924547651,4.274502619530302,1.4750000000000014,0.022925968445998052,1.4750000000000012,0.0,0.022917651,0.44999999999999996
3.8493860556723436,0.6849469500046762,0.44999999999999996,359.8455320956217,4.274282197033301,1.4760000000000013,0.022925968445723383,1.4760000000000013,0.0,0.022917651,0.44999999999999996
3.8496058886587226,0.6863465200097648,0.44999999999999996,359.98172507511094,4.274061591243998,1.4770000000000012,0.02292596844544872,1.4770000000000012,0.0,0.022917651,0.44999999999999996
3.8498256932848407,0.6877461597851422,0.44999999999999996,360.11807132652893,4.273840802242128,1.4780000000000013,0.022925968445174055,1.4780000000000013,0.0,0.022917651,0.44999999999999996
3.850045469563032,0.689145869300461,0.44999999999999996,360.25457078321034,4.273619830107373,1.4790000000000012,0.022925968444899386,1.4790000000000012,0.0,0.022917651,0.44999999999999996
3.8502652175056262,0.6905456485253929,0.44999999999999996,360.3912233785286,4.27339867491938,1.480000000000001,0.02292596844462472,1.4800000000000013,0.0,0.022917651,0.44999999999999996
3.8504849371249423,0.6919454974296263,0.44999999999999996,360.52802904589566,4.273177336757744,1.481000000000001,0.022925968444350055,1.4810000000000012,0.0,0.022917651,0.44999999999999996
3.850704628433296,0.6933454159828681,0.44999999999999996,360.66498771876235,4.272955815702012,1.4820000000000015,0.022925968444075386,1.4820000000000013,0.0,0.022917651,0.44999999999999996
3.8509242914429933,0.6947454041548415,0.44999999999999996,360.80209933061764,4.2727341118316895,1.4830000000000012,0.022925968443800716,1.4830000000000012,0.0,0.022917651,0.44999999999999996
3.8511439261663325,0.6961454619152886,0.44999999999999996,360.9393638149894,4.272512225226231,1.4840000000000013,0.022925968443526054,1.4840000000000013,0.0,0.022917651,0.44999999999999996
3.851363532615607,0.6975455892339677,0.44999999999999996,361.0767811054439,4.27229015596505,1.4850000000000012,0.022925968443251385,1.4850000000000012,0.0,0.022917651,0.44999999999999996
3.8515831108031024,0.6989457860806558,0.44999999999999996,361.2143511355859,4.2720679041275105,1.486000000000001,0.02292596844297672,1.4860000000000013,0.0,0.022917651,0.44999999999999996
3.8518026607410967,0.7003460524251468,0.44999999999999996,361.35207383905856,4.271845469792933,1.4870000000000012,0.022925968442702054,1.4870000000000012,0.0,0.022917651,0.44999999999999996
3.85202218244186,0.7017463882372522,0.44999999999999996,361.48994914954346,4.27162285304059,1.4880000000000013,0.022925968442427388,1.4880000000000013,0.0,0.022917651,0.44999999999999996
3.852241675917657,0.7031467934868006,0.44999999999999996,361.6279770007607,4.271400053949708,1.4890000000000012,0.022925968442152722,1.4890000000000012,0.0,0.022917651,0.44999999999999996
3.852461141180745,0.7045472681436391,0.44999999999999996,361.76615732646883,4.2711770725994676,1.490000000000001,0.022925968441878053,1.4900000000000013,0.0,0.022917651,0.44999999999999996
3.8526805782433726,0.7059478121776308,0.44999999999999996,361.90449006046447,4.270953909069007,1.491000000000001,0.022925968441603384,1.4910000000000012,0.0,0.022917651,0.44999999999999996
3.852899987117784,0.707348425558658,0.44999999999999996,362.0429751365828,4.270730563437415,1.4920000000000015,0.022925968441328718,1.4920000000000013,0.0,0.022917651,0.44999999999999996
3.853119367816213,0.7087491082566184,0.44999999999999996,362.1816124886971,4.2705070357837345,1.4930000000000012,0.022925968441054052,1.4930000000000012,0.0,0.022917651,0.44999999999999996
3.853338720350889,0.7101498602414292,0.44999999999999996,362.3204020507191,4.2702833261869655,1.4940000000000013,0.022925968440779387,1.4940000000000013,0.0,0.022917651,0.44999999999999996
3.8535580447340334,0.7115506814830231,0.44999999999999996,362.4593437565987,4.270059434726058,1.4950000000000012,0.02292596844050472,1.4950000000000012,0.0,0.022917651,0.44999999999999996
3.853777340977861,0.7129515719513522,0.44999999999999996,362.5984375403239,4.269835361479922,1.4960000000000013,0.022925968440230055,1.4960000000000013,0.0,0.022917651,0.44999999999999996
3.853996609094578,0.7143525316163836,0.44999999999999996,362.7376833359211,4.269611106527417,1.4970000000000012,0.02292596843995539,1.4970000000000012,0.0,0.022917651,0.44999999999999996
3.8542158490963847,0.715753560448104,0.44999999999999996,362.8770810774547,4.269386669947359,1.4980000000000013,0.02292596843968072,1.4980000000000013,0.0,0.022917651,0.44999999999999996
3.854435060995475,0.7171546584165158,0.44999999999999996,363.01663069902713,4.269162051818517,1.4990000000000012,0.022925968439406055,1.4990000000000012,0.0,0.022917651,0.44999999999999996
3.854654244804035,0.7185558254916401,0.44999999999999996,363.1563321347795,4.268937252219619,1.5000000000000016,0.02292596843913139,1.5000000000000013,0.0,0.022917651,0.44999999999999996
3.8548731887086176,0.7198354607011956,0.44999999999999996,363.41099290570315,4.268813679765894,1.5010000000000012,0.022925968439406055,1.5010000000000012,0.0,0.022917651,0.44999999999999996
3.8550924543591805,0.7211149137563121,0.44999999999999996,363.6649437467172,4.268691576422679,1.5020000000000013,0.02292596843968072,1.5020000000000013,0.0,0.022917651,0.44999999999999996
3.855312043851842,0.7223941834702844,0.44999999999999996,363.91818003275097,4.268570951760973,1.5030000000000012,0.02292596843995539,1.5030000000000012,0.0,0.022917651,0.44999999999999996
3.855531959300969,0.7236732686460777,0.44999999999999996,364.1706970984716,4.268451815435093,1.5040000000000013,0.022925968440230055,1.5040000000000013,0.0,0.022917651,0.44999999999999996
3.855752202839374,0.724952168076213,0.44999999999999996,364.422490237844,4.268334177183589,1.5050000000000012,0.022925968440504717,1.5050000000000012,0.0,0.022917651,0.44999999999999996
3.8559727766185192,0.7262308805426546,0.44999999999999996,364.67355470368653,4.268218046830152,1.5060000000000011,0.022925968440779383,1.5060000000000013,0.0,0.022917651,0.44999999999999996
3.8561936828087178,0.7275094048166931,0.44999999999999996,364.92388570721994,4.26810343428456,1.5070000000000012,0.02292596844105405,1.5070000000000012,0.0,0.022917651,0.44999999999999996
3.856414923599343,0.7287877396588294,0.44999999999999996,365.1734784176112,4.267990349543613,1.5080000000000016,0.02292596844132872,1.5080000000000013,0.0,0.022917651,0.44999999999999996
3.8566365011990342,0.7300658838186546,0.44999999999999996,365.4223279615101,4.267878802692093,1.5090000000000015,0.022925968441603387,1.5090000000000012,0.0,0.022917651,0.44999999999999996
3.8568584178359164,0.7313438360347315,0.44999999999999996,365.67042942258166,4.2677688039037385,1.5100000000000016,0.022925968441878056,1.5100000000000013,0.0,0.022917651,0.44999999999999996
3.8570806757578087,0.7326215950344709,0.44999999999999996,365.9177778410297,4.2676603634422206,1.5110000000000012,0.022925968442152722,1.5110000000000012,0.0,0.022917651,0.44999999999999996
3.857303124330067,0.7338994176069149,0.44999999999999996,366.16433582542044,4.267552622091028,1.5120000000000013,0.022925968442427388,1.5120000000000013,0.0,0.022917651,0.44999999999999996
3.8575251083293747,0.7351783996784935,0.44999999999999996,366.4099838318875,4.267441863526044,1.5130000000000012,0.022925968442702054,1.5130000000000012,0.0,0.022917651,0.44999999999999996
3.8577474346235823,0.7364571726170336,0.44999999999999996,366.6549057232375,4.267332683277462,1.5140000000000013,0.02292596844297672,1.5140000000000013,0.0,0.022917651,0.44999999999999996
3.857970105286382,0.7377357351555642,0.44999999999999996,366.8990971005185,4.267225090907039,1.5150000000000012,0.022925968443251385,1.5150000000000012,0.0,0.022917651,0.44999999999999996
3.8581931224082497,0.7390140860168614,0.44999999999999996,367.1425535291738,4.2671190960539285,1.5160000000000013,0.022925968443526054,1.5160000000000013,0.0,0.022917651,0.44999999999999996
3.8584164880966156,0.7402922239133407,0.44999999999999996,367.3852705386805,4.2670147084354575,1.5170000000000012,0.022925968443800716,1.5170000000000012,0.0,0.022917651,0.44999999999999996
3.8586402044760377,0.7415701475469549,0.44999999999999996,367.62724362218495,4.266911937847928,1.5180000000000016,0.022925968444075386,1.5180000000000013,0.0,0.022917651,0.44999999999999996
3.8588642736883725,0.7428478556090853,0.44999999999999996,367.86846823613195,4.266810794167411,1.5190000000000012,0.022925968444350058,1.5190000000000012,0.0,0.022917651,0.44999999999999996
3.8590886978929575,0.7441253467804357,0.44999999999999996,368.1089397998912,4.266711287350575,1.5200000000000016,0.022925968444624724,1.5200000000000014,0.0,0.022917651,0.44999999999999996
3.859313479266784,0.745402619730922,0.44999999999999996,368.34865369537823,4.266613427435493,1.5210000000000012,0.022925968444899386,1.5210000000000012,0.0,0.022917651,0.44999999999999996
3.8595386200046815,0.7466796731195627,0.44999999999999996,368.5876052666703,4.266517224542488,1.5220000000000014,0.02292596844517406,1.5220000000000014,0.0,0.022917651,0.44999999999999996
3.859764122319498,0.7479565055943653,0.44999999999999996,368.82578981961865,4.266422688874971,1.5230000000000015,0.02292596844544872,1.5230000000000012,0.0,0.022917651,0.44999999999999996
3.8599899884422895,0.7492331157922161,0.44999999999999996,369.06320262145516,4.266329830720302,1.5240000000000014,0.022925968445723387,1.5240000000000014,0.0,0.022917651,0.44999999999999996
3.8602162206225024,0.7505095023387619,0.44999999999999996,369.2998389003943,4.266238660450648,1.5250000000000015,0.022925968445998056,1.5250000000000012,0.0,0.022917651,0.44999999999999996
3.8604428211281685,0.7517856638482974,0.44999999999999996,369.53569384523024,4.266149188523858,1.5260000000000016,0.022925968446272718,1.5260000000000014,0.0,0.022917651,0.44999999999999996
3.860669792246092,0.7530615989236445,0.44999999999999996,369.77076260492913,4.266061425484362,1.5270000000000012,0.022925968446547387,1.5270000000000012,0.0,0.022917651,0.44999999999999996
3.8608971362820492,0.754337306156037,0.44999999999999996,370.0050402882159,4.265975381964051,1.5280000000000014,0.022925968446822053,1.5280000000000014,0.0,0.022917651,0.44999999999999996
3.861124855560982,0.7556127841249962,0.44999999999999996,370.23852196315624,4.2658910686832,1.529000000000001,0.02292596844709672,1.5290000000000012,0.0,0.022917651,0.44999999999999996
3.861352952427201,0.7568880313982127,0.44999999999999996,370.4712026567332,4.265808496451383,1.5300000000000014,0.022925968447371384,1.5300000000000014,0.0,0.022917651,0.44999999999999996
3.861581429244583,0.7581630465314194,0.44999999999999996,370.7030773544185,4.265727676168402,1.5310000000000015,0.022925968447646057,1.5310000000000012,0.0,0.022917651,0.44999999999999996
3.8618095745404553,0.7594349772477912,0.44999999999999996,370.93404074345824,4.26564861393876,1.5320000000000011,0.02292596844792072,1.5320000000000014,0.0,0.022917651,0.44999999999999996
3.8620378876682357,0.7607059276319642,0.44999999999999996,371.1641469091716,4.265571203282942,1.5330000000000008,0.02292596844819539,1.5330000000000013,0.0,0.022917651,0.44999999999999996
3.862266571928848,0.7619767155562863,0.44999999999999996,371.39341822707917,4.2654954396110805,1.5340000000000014,0.02292596844847005,1.5340000000000014,0.0,0.022917651,0.44999999999999996
3.862495629348234,0.7632473401339195,0.44999999999999996,371.6218501399038,4.265421331913751,1.5350000000000013,0.02292596844874472,1.5350000000000013,0.0,0.022917651,0.44999999999999996
3.862725061967112,0.7645178004715597,0.44999999999999996,371.84943805713857,4.2653488892470826,1.5360000000000014,0.022925968449019386,1.5360000000000014,0.0,0.022917651,0.44999999999999996
3.8629548718411044,0.7657880956693766,0.44999999999999996,372.0761773547426,4.265278120733364,1.5370000000000013,0.02292596844929405,1.5370000000000013,0.0,0.022917651,0.44999999999999996
3.863185061040881,0.7670582248209558,0.44999999999999996,372.3020633748348,4.265209035561641,1.5380000000000014,0.02292596844956872,1.5380000000000014,0.0,0.022917651,0.44999999999999996
3.8634156316522907,0.7683281870132357,0.44999999999999996,372.5270914253835,4.265141642988333,1.5390000000000013,0.022925968449843386,1.5390000000000013,0.0,0.022917651,0.44999999999999996
3.8636465857765043,0.7695979813264497,0.44999999999999996,372.7512567798929,4.26507595233785,1.5400000000000014,0.022925968450118052,1.5400000000000014,0.0,0.022917651,0.44999999999999996
3.863877925530154,0.7708676068340615,0.44999999999999996,372.97455467708596,4.265011973003214,1.5410000000000015,0.02292596845039272,1.5410000000000013,0.0,0.022917651,0.44999999999999996
3.8641096530454777,0.772137062602705,0.44999999999999996,373.1969803205841,4.264949714446704,1.5420000000000014,0.022925968450667383,1.5420000000000014,0.0,0.022917651,0.44999999999999996
3.8643417704704612,0.7734063476921197,0.44999999999999996,373.41852887858306,4.264889186200478,1.5430000000000017,0.022925968450942052,1.5430000000000013,0.0,0.022917651,0.44999999999999996
3.864574279968984,0.7746754611550879,0.44999999999999996,373.6391954835251,4.264830397867233,1.5440000000000016,0.02292596845121672,1.5440000000000014,0.0,0.022917651,0.44999999999999996
3.864807183720968,0.7759444020373696,0.44999999999999996,373.85897523176783,4.264773359120853,1.5450000000000015,0.02292596845149139,1.5450000000000013,0.0,0.022917651,0.44999999999999996
3.865040483922525,0.7772131693776378,0.44999999999999996,374.07786318324895,4.26471807970707,1.5460000000000014,0.022925968451766057,1.5460000000000014,0.0,0.022917651,0.44999999999999996
3.865274182786108,0.7784817622074127,0.44999999999999996,374.29585436114814,4.264664569444131,1.5470000000000015,0.02292596845204072,1.5470000000000013,0.0,0.022917651,0.44999999999999996
3.865508282540663,0.7797501795509941,0.44999999999999996,374.51294375154373,4.26461283822348,1.5480000000000014,0.022925968452315384,1.5480000000000014,0.0,0.022917651,0.44999999999999996
3.865742270127607,0.7810180619191512,0.44999999999999996,374.72914358990175,4.264561193206514,1.5490000000000013,0.022925968452590054,1.5490000000000013,0.0,0.022917651,0.44999999999999996
3.865974646254454,0.7822843762297174,0.44999999999999996,374.9444627314716,4.264504670052147,1.5500000000000016,0.022925968452864723,1.5500000000000014,0.0,0.022917651,0.44999999999999996
3.8662073573993427,0.7835504826938197,0.44999999999999996,375.1588072028763,4.264449694827029,1.5510000000000013,0.022925968453139385,1.5510000000000013,0.0,0.022917651,0.44999999999999996
3.8664404051851053,0.7848163803046487,0.44999999999999996,375.37217228280457,4.264396275029344,1.5520000000000014,0.022925968453414054,1.5520000000000014,0.0,0.022917651,0.44999999999999996
3.866673791245069,0.7860820680488804,0.44999999999999996,375.5845532194026,4.264344418205783,1.5530000000000013,0.02292596845368872,1.5530000000000013,0.0,0.022917651,0.44999999999999996
3.8669075172231473,0.7873475449066261,0.44999999999999996,375.7959452300263,4.264294131951936,1.5540000000000014,0.022925968453963386,1.5540000000000014,0.0,0.022917651,0.44999999999999996
3.8671415847739214,0.7886128098513769,0.44999999999999996,376.00634350099153,4.264245423912689,1.5550000000000015,0.022925968454238055,1.5550000000000013,0.0,0.022917651,0.44999999999999996
3.867375995562727,0.7898778618499517,0.44999999999999996,376.21574318732235,4.264198301782624,1.5560000000000016,0.02292596845451272,1.5560000000000014,0.0,0.022917651,0.44999999999999996
3.867610751265745,0.7911426998624412,0.44999999999999996,376.42413941249555,4.264152773306427,1.5570000000000013,0.022925968454787386,1.5570000000000013,0.0,0.022917651,0.44999999999999996
3.8678458535700893,0.7924073228421552,0.44999999999999996,376.6315272681844,4.2641088462792895,1.5580000000000014,0.022925968455062052,1.5580000000000014,0.0,0.022917651,0.44999999999999996
3.8680813041738915,0.7936717297355645,0.44999999999999996,376.837901813998,4.264066528547327,1.5590000000000013,0.022925968455336718,1.5590000000000013,0.0,0.022917651,0.44999999999999996
3.8683171047863985,0.794935919482248,0.44999999999999996,377.0432580772198,4.264025828007998,1.5600000000000014,0.022925968455611387,1.5600000000000014,0.0,0.022917651,0.44999999999999996
3.8685532571280548,0.796199891014833,0.44999999999999996,377.2475910525422,4.2639867526105135,1.561000000000001,0.022925968455886056,1.5610000000000013,0.0,0.022917651,0.44999999999999996
3.8687897629306023,0.7974636432589417,0.44999999999999996,377.45089570179965,4.263949310356273,1.5620000000000016,0.02292596845616072,1.5620000000000014,0.0,0.022917651,0.44999999999999996
3.8690266239371702,0.7987271751331299,0.44999999999999996,377.65316695369813,4.263913509299287,1.5630000000000013,0.022925968456435387,1.5630000000000013,0.0,0.022917651,0.44999999999999996
3.869263841902366,0.7999904855488323,0.44999999999999996,377.85439970354275,4.263879357546613,1.5640000000000016,0.022925968456710053,1.5640000000000014,0.0,0.022917651,0.44999999999999996
3.8695014185923755,0.801253573410301,0.44999999999999996,378.0545888129617,4.263846863258791,1.5650000000000015,0.02292596845698472,1.5650000000000013,0.0,0.022917651,0.44999999999999996
3.869740211869321,0.8025155710736313,0.44999999999999996,378.25366144850517,4.263820325914223,1.5660000000000014,0.022925968457259388,1.5660000000000014,0.0,0.022917651,0.44999999999999996
3.8699802121746023,0.8037765445111072,0.44999999999999996,378.45155664238666,4.263799641286099,1.5670000000000013,0.022925968457534054,1.5670000000000013,0.0,0.022917651,0.44999999999999996
3.8702206721055044,0.8050372687350187,0.44999999999999996,378.6483094946562,4.263781044408643,1.5680000000000014,0.02292596845780872,1.5680000000000014,0.0,0.022917651,0.44999999999999996
3.8704615944227876,0.8062977422484527,0.44999999999999996,378.843913143788,4.263764547822021,1.5690000000000015,0.02292596845808339,1.5690000000000013,0.0,0.022917651,0.44999999999999996
3.870702981909368,0.807557963542485,0.44999999999999996,379.0383606731936,4.263750164167035,1.5700000000000012,0.022925968458358054,1.5700000000000014,0.0,0.022917651,0.44999999999999996
3.87094483737054,0.8088179310960569,0.44999999999999996,379.2316451106692,4.263737906186127,1.5710000000000015,0.02292596845863272,1.5710000000000013,0.0,0.022917651,0.44999999999999996
3.8711871636341995,0.8100776433758559,0.44999999999999996,379.42375942783474,4.263727786724408,1.5720000000000012,0.02292596845890739,1.5720000000000014,0.0,0.022917651,0.44999999999999996
3.871429963551074,0.8113370988361889,0.44999999999999996,379.61469653956766,4.263719818730695,1.5730000000000015,0.02292596845918205,1.5730000000000013,0.0,0.022917651,0.44999999999999996
3.87167323999495,0.81259629591886,0.44999999999999996,379.80444930342856,4.26371401525855,1.5740000000000016,0.022925968459456717,1.5740000000000014,0.0,0.022917651,0.44999999999999996
3.871916995862913,0.813855233053041,0.44999999999999996,379.9930105190807,4.2637103894673585,1.5750000000000013,0.022925968459731383,1.5750000000000013,0.0,0.022917651,0.44999999999999996
3.872161234075578,0.815113908655146,0.44999999999999996,380.1803729277023,4.263708954623385,1.5760000000000012,0.022925968460006052,1.5760000000000014,0.0,0.022917651,0.44999999999999996
3.8724059575773313,0.816372321128699,0.44999999999999996,380.3665292113913,4.263709724100876,1.5770000000000015,0.02292596846028072,1.5770000000000013,0.0,0.022917651,0.44999999999999996
3.8726511693365726,0.8176304688642044,0.44999999999999996,380.55147199256294,4.263712711383148,1.5780000000000014,0.022925968460555387,1.5780000000000014,0.0,0.022917651,0.44999999999999996
3.8728968723459616,0.8188883502390124,0.44999999999999996,380.7351938333403,4.263717930063714,1.5790000000000015,0.022925968460830053,1.5790000000000013,0.0,0.022917651,0.44999999999999996
3.873143069622664,0.8201459636171864,0.44999999999999996,380.91768723493726,4.2637253938474,1.5800000000000016,0.022925968461104722,1.5800000000000014,0.0,0.022917651,0.44999999999999996
3.8733895965208345,0.8214031433732867,0.44999999999999996,381.099274511722,4.263734609529549,1.5810000000000013,0.022925968461379384,1.5810000000000013,0.0,0.022917651,0.44999999999999996
3.8736358607329917,0.8226592966450017,0.44999999999999996,381.2811191806988,4.263743799828649,1.5820000000000014,0.022925968461654053,1.5820000000000014,0.0,0.022917651,0.44999999999999996
3.8738826240224165,0.8239151575249342,0.44999999999999996,381.4617211162387,4.263755278796742,1.5830000000000015,0.02292596846192872,1.5830000000000013,0.0,0.022917651,0.44999999999999996
3.8741298892954745,0.825170724310348,0.44999999999999996,381.64107308131224,4.263769059761836,1.5840000000000014,0.022925968462203385,1.5840000000000014,0.0,0.022917651,0.44999999999999996
3.8743776594811408,0.826425995285259,0.44999999999999996,381.8191677825876,4.263785156155633,1.5850000000000013,0.022925968462478054,1.5850000000000013,0.0,0.022917651,0.44999999999999996
3.874625937531222,0.8276809687203079,0.44999999999999996,381.9959978698822,4.263803581514531,1.5860000000000012,0.02292596846275272,1.5860000000000014,0.0,0.022917651,0.44999999999999996
3.8748747264205794,0.8289356428726286,0.44999999999999996,382.17155593560784,4.2638243494806485,1.5870000000000013,0.02292596846302739,1.5870000000000013,0.0,0.022917651,0.44999999999999996
3.875124029147353,0.8301900159857163,0.44999999999999996,382.3458345142088,4.26384747380286,1.5880000000000014,0.022925968463302054,1.5880000000000014,0.0,0.022917651,0.44999999999999996
3.875373848733191,0.8314440862892939,0.44999999999999996,382.5188260815938,4.263872968337842,1.5890000000000013,0.02292596846357672,1.5890000000000013,0.0,0.022917651,0.44999999999999996
3.8756241882234788,0.8326978519991771,0.44999999999999996,382.6905230545616,4.263900847051129,1.5900000000000014,0.02292596846385139,1.5900000000000014,0.0,0.022917651,0.44999999999999996
3.8758750506875757,0.8339513113171368,0.44999999999999996,382.8609177902189,4.263931124018188,1.591000000000001,0.022925968464126055,1.5910000000000013,0.0,0.022917651,0.44999999999999996
3.876126439219049,0.8352044624307616,0.44999999999999996,383.0300025853921,4.2639638134255,1.5920000000000014,0.02292596846440072,1.5920000000000014,0.0,0.022917651,0.44999999999999996
3.876378356935911,0.8364573035133163,0.44999999999999996,383.1977696760314,4.263998929571657,1.5930000000000013,0.022925968464675386,1.5930000000000013,0.0,0.022917651,0.44999999999999996
3.8766308069808675,0.8377098327236019,0.44999999999999996,383.36421123660904,4.264036486868476,1.5940000000000014,0.02292596846495005,1.5940000000000014,0.0,0.022917651,0.44999999999999996
3.8768837925215553,0.8389620482058104,0.44999999999999996,383.5293193795089,4.264076499842111,1.5950000000000013,0.022925968465224718,1.5950000000000013,0.0,0.022917651,0.44999999999999996
3.877136508568784,0.8402139642475075,0.44999999999999996,383.6945695632892,4.26411573468524,1.5960000000000016,0.022925968465499387,1.5960000000000014,0.0,0.022917651,0.44999999999999996
3.8773891984491247,0.8414655865999658,0.44999999999999996,383.85951042009793,4.26415515883943,1.5970000000000013,0.022925968465774053,1.5970000000000013,0.0,0.022917651,0.44999999999999996
3.877642407295364,0.842716905962918,0.44999999999999996,384.02313881069267,4.2641969618468645,1.5980000000000014,0.02292596846604872,1.5980000000000014,0.0,0.022917651,0.44999999999999996
3.877896137793845,0.8439679207679882,0.44999999999999996,384.18544794130634,4.264241156021288,1.5990000000000013,0.022925968466323384,1.5990000000000013,0.0,0.022917651,0.44999999999999996
3.878150392649482,0.8452186294359577,0.44999999999999996,384.34643097120187,4.264287753761579,1.6000000000000014,0.022925968466598053,1.6000000000000014,0.0,0.022917651,0.44999999999999996
3.8783558987511566,0.8463777448732678,0.44999999999999996,384.5384022882156,4.2642139521262346,1.6010000000000013,0.022925968409058202,1.6010000000000013,0.0,0.022917651,0.44999999999999996
3.878561401013597,0.8475368641754351,0.44999999999999996,384.73038282428615,4.264140131269135,1.6020000000000019,0.02292596835151835,1.6020000000000014,0.0,0.022917651,0.44999999999999996
3.8787668994230717,0.8486959873562824,0.44999999999999996,384.92237261238705,4.264066291121531,1.6030000000000015,0.022925968293978503,1.6030000000000013,0.0,0.022917651,0.44999999999999996
3.8789723939657828,0.8498551144296999,0.44999999999999996,385.1143716856496,4.263992431614342,1.6040000000000016,0.022925968236438648,1.6040000000000014,0.0,0.022917651,0.44999999999999996
3.879177884627867,0.8510142454096423,0.44999999999999996,385.3063800773632,4.263918552678159,1.6050000000000013,0.022925968178898793,1.6050000000000013,0.0,0.022917651,0.44999999999999996
3.8793833713953947,0.8521733803101331,0.44999999999999996,385.4983978209769,4.2638446542432415,1.6060000000000012,0.02292596812135894,1.6060000000000014,0.0,0.022917651,0.44999999999999996
3.87958885425437,0.8533325191452618,0.44999999999999996,385.6904249500997,4.263770736239515,1.6070000000000013,0.02292596806381909,1.6070000000000013,0.0,0.022917651,0.44999999999999996
3.879794333190729,0.8544916619291859,0.44999999999999996,385.8824614985022,4.263696798596568,1.6080000000000014,0.022925968006279246,1.6080000000000014,0.0,0.022917651,0.44999999999999996
3.879999808190341,0.8556508086761305,0.44999999999999996,386.07450750011685,4.26362284124365,1.6090000000000015,0.02292596794873939,1.6090000000000013,0.0,0.022917651,0.44999999999999996
3.8802052792390067,0.8568099594003898,0.44999999999999996,386.2665629890394,4.263548864109672,1.6100000000000014,0.02292596789119954,1.6100000000000014,0.0,0.022917651,0.44999999999999996
3.880410746322458,0.8579691141163259,0.44999999999999996,386.45862799952994,4.263474867123201,1.6110000000000013,0.02292596783365969,1.6110000000000013,0.0,0.022917651,0.44999999999999996
3.88061620942636,0.8591282728383712,0.44999999999999996,386.6507025660135,4.263400850212461,1.6120000000000012,0.02292596777611983,1.6120000000000014,0.0,0.022917651,0.44999999999999996
3.8808216685363064,0.8602874355810267,0.44999999999999996,386.84278672308136,4.263326813305331,1.6130000000000013,0.022925967718579982,1.6130000000000013,0.0,0.022917651,0.44999999999999996
3.8810271236378227,0.8614466023588647,0.44999999999999996,387.03488050549197,4.2632527563293365,1.6140000000000017,0.02292596766104013,1.6140000000000014,0.0,0.022917651,0.44999999999999996
3.8812325747163636,0.8626057731865264,0.44999999999999996,387.22698394817183,4.2631786792116575,1.615000000000001,0.02292596760350028,1.6150000000000013,0.0,0.022917651,0.44999999999999996
3.881438021757313,0.8637649480787257,0.44999999999999996,387.4190970862169,4.2631045818791184,1.6160000000000017,0.022925967545960428,1.6160000000000014,0.0,0.022917651,0.44999999999999996
3.881643464745987,0.8649241270502462,0.44999999999999996,387.61121995489293,4.263030464258191,1.6170000000000013,0.022925967488420573,1.6170000000000013,0.0,0.022917651,0.44999999999999996
3.881848903667625,0.8660833101159447,0.44999999999999996,387.80335258963726,4.2629563262749866,1.6180000000000017,0.022925967430880725,1.6180000000000014,0.0,0.022917651,0.44999999999999996
3.882054338507399,0.867242497290749,0.44999999999999996,387.99549502605936,4.26288216785526,1.6190000000000015,0.022925967373340878,1.6190000000000013,0.0,0.022917651,0.44999999999999996
3.882259769250407,0.8684016885896608,0.44999999999999996,388.1876472999421,4.262807988924404,1.6200000000000019,0.022925967315801026,1.6200000000000014,0.0,0.022917651,0.44999999999999996
3.882465195881675,0.8695608840277536,0.44999999999999996,388.37980944724274,4.262733789407448,1.6210000000000016,0.022925967258261175,1.6210000000000013,0.0,0.022917651,0.44999999999999996
3.8826706183861557,0.8707200836201755,0.44999999999999996,388.57198150409386,4.262659569229053,1.6220000000000017,0.022925967200721317,1.6220000000000014,0.0,0.022917651,0.44999999999999996
3.8828760367487285,0.871879287382148,0.44999999999999996,388.76416350680466,4.262585328313519,1.6230000000000013,0.022925967143181465,1.6230000000000013,0.0,0.022917651,0.44999999999999996
3.8830814509541978,0.8730384953289676,0.44999999999999996,388.95635549186204,4.262511066584767,1.6240000000000012,0.022925967085641617,1.6240000000000014,0.0,0.022917651,0.44999999999999996
3.8832868609872953,0.874197707476005,0.44999999999999996,389.14855749593147,4.26243678396635,1.6250000000000013,0.022925967028101762,1.6250000000000013,0.0,0.022917651,0.44999999999999996
3.883492266832677,0.8753569238387072,0.44999999999999996,389.3407695558582,4.262362480381446,1.6260000000000014,0.022925966970561908,1.6260000000000014,0.0,0.022917651,0.44999999999999996
3.883697668474923,0.8765161444325958,0.44999999999999996,389.5329917086684,4.262288155752856,1.6270000000000013,0.022925966913022056,1.6270000000000013,0.0,0.022917651,0.44999999999999996
3.8839030658985383,0.87767536927327,0.44999999999999996,389.72522399157026,4.262213810003001,1.6280000000000014,0.02292596685548221,1.6280000000000014,0.0,0.022917651,0.44999999999999996
3.884108459087951,0.8788345983764043,0.44999999999999996,389.91746644195496,4.262139443053918,1.6290000000000011,0.022925966797942357,1.6290000000000013,0.0,0.022917651,0.44999999999999996
3.8843138480275146,0.8799938317577525,0.44999999999999996,390.1097190973983,4.262065054827263,1.6300000000000012,0.02292596674040251,1.6300000000000014,0.0,0.022917651,0.44999999999999996
3.8845192327015012,0.8811530694331438,0.44999999999999996,390.30198199566087,4.261990645244306,1.6310000000000013,0.022925966682862654,1.6310000000000013,0.0,0.022917651,0.44999999999999996
3.8847246130941104,0.8823123114184875,0.44999999999999996,390.4942551746903,4.261916214225924,1.6320000000000014,0.0229259666253228,1.6320000000000014,0.0,0.022917651,0.44999999999999996
3.8849299891894598,0.8834715577297705,0.44999999999999996,390.6865386726217,4.261841761692607,1.6330000000000013,0.02292596656778295,1.6330000000000013,0.0,0.022917651,0.44999999999999996
3.885135360971588,0.884630808383059,0.44999999999999996,390.87883252777897,4.261767287564449,1.6340000000000017,0.0229259665102431,1.6340000000000015,0.0,0.022917651,0.44999999999999996
3.8853407284244588,0.885790063394499,0.44999999999999996,391.0711367786762,4.2616927917611465,1.6350000000000013,0.02292596645270325,1.6350000000000013,0.0,0.022917651,0.44999999999999996
3.8855460915319515,0.8869493227803171,0.44999999999999996,391.26345146401843,4.261618274202002,1.6360000000000017,0.0229259663951634,1.6360000000000015,0.0,0.022917651,0.44999999999999996
3.8857514502778687,0.8881085865568197,0.44999999999999996,391.4557766227033,4.261543734805912,1.6370000000000016,0.022925966337623546,1.6370000000000013,0.0,0.022917651,0.44999999999999996
3.88595680464593,0.8892678547403947,0.44999999999999996,391.6481122938219,4.261469173491372,1.6380000000000017,0.022925966280083695,1.6380000000000015,0.0,0.022917651,0.44999999999999996
3.886162154619776,0.8904271273475121,0.44999999999999996,391.8404585166602,4.2613945901764705,1.6390000000000013,0.022925966222543843,1.6390000000000013,0.0,0.022917651,0.44999999999999996
3.8863675001829643,0.8915864043947235,0.44999999999999996,392.03281533070015,4.261319984778888,1.6400000000000017,0.022925966165003992,1.6400000000000015,0.0,0.022917651,0.44999999999999996
3.88657284131897,0.8927456858986634,0.44999999999999996,392.22518277562074,4.261245357215894,1.6410000000000013,0.02292596610746414,1.6410000000000013,0.0,0.022917651,0.44999999999999996
3.886778178011188,0.8939049718760498,0.44999999999999996,392.4175608912997,4.261170707404343,1.6420000000000017,0.022925966049924286,1.6420000000000015,0.0,0.022917651,0.44999999999999996
3.8869835102429255,0.8950642623436831,0.44999999999999996,392.6099497178141,4.261096035260672,1.6430000000000013,0.022925965992384438,1.6430000000000013,0.0,0.022917651,0.44999999999999996
3.887188837997412,0.8962235573184499,0.44999999999999996,392.80234929544247,4.261021340700904,1.6440000000000015,0.022925965934844583,1.6440000000000015,0.0,0.022917651,0.44999999999999996
3.887394161257787,0.8973828568173203,0.44999999999999996,392.994759664665,4.260946623640635,1.6450000000000011,0.022925965877304735,1.6450000000000014,0.0,0.022917651,0.44999999999999996
3.88759948000711,0.8985421608573502,0.44999999999999996,393.1871808661658,4.260871883995041,1.6460000000000015,0.02292596581976488,1.6460000000000015,0.0,0.022917651,0.44999999999999996
3.8878047942283507,0.8997014694556807,0.44999999999999996,393.3796129408335,4.260797121678865,1.6470000000000014,0.02292596576222503,1.6470000000000014,0.0,0.022917651,0.44999999999999996
3.888010103904398,0.9008607826295402,0.44999999999999996,393.5720559297627,4.260722336606429,1.6480000000000015,0.022925965704685178,1.6480000000000015,0.0,0.022917651,0.44999999999999996
3.8882154090180503,0.9020201003962431,0.44999999999999996,393.7645098742556,4.2606475286916154,1.6490000000000014,0.022925965647145326,1.6490000000000014,0.0,0.022917651,0.44999999999999996
3.88842070955202,0.9031794227731922,0.44999999999999996,393.956974815823,4.260572697847875,1.6500000000000015,0.022925965589605475,1.6500000000000015,0.0,0.022917651,0.44999999999999996
3.888626005488934,0.9043387497778773,0.44999999999999996,394.1494507961854,4.26049784398822,1.6510000000000014,0.022925965532065624,1.6510000000000014,0.0,0.022917651,0.44999999999999996
3.888831296811329,0.905498081427878,0.44999999999999996,394.34193785727507,4.260422967025221,1.6520000000000015,0.022925965474525772,1.6520000000000015,0.0,0.022917651,0.44999999999999996
3.8890365835016554,0.9066574177408618,0.44999999999999996,394.5344360412365,4.260348066871009,1.6530000000000016,0.022925965416985918,1.6530000000000014,0.0,0.022917651,0.44999999999999996
3.889241865542272,0.9078167587345871,0.44999999999999996,394.72694539042845,4.260273143437263,1.6540000000000015,0.02292596535944607,1.6540000000000015,0.0,0.022917651,0.44999999999999996
3.8894471429154494,0.9089761044269014,0.44999999999999996,394.9194659474249,4.260198196635216,1.6550000000000014,0.02292596530190622,1.6550000000000014,0.0,0.022917651,0.44999999999999996
3.8896524156033667,0.9101354548357438,0.44999999999999996,395.11199775501666,4.26012322637565,1.6560000000000015,0.022925965244366367,1.6560000000000015,0.0,0.022917651,0.44999999999999996
3.8898576835881142,0.9112948099791447,0.44999999999999996,395.30454085621255,4.260048232568894,1.6570000000000011,0.022925965186826512,1.6570000000000014,0.0,0.022917651,0.44999999999999996
3.89006294685169,0.9124541698752271,0.44999999999999996,395.4970952942409,4.259973215124814,1.6580000000000017,0.022925965129286664,1.6580000000000015,0.0,0.022917651,0.44999999999999996
3.890268205375998,0.913613534542205,0.44999999999999996,395.689661112551,4.259898173952819,1.6590000000000016,0.02292596507174681,1.6590000000000014,0.0,0.022917651,0.44999999999999996
3.8904734591428536,0.9147729039983873,0.44999999999999996,395.88223835481443,4.259823108961854,1.6600000000000015,0.02292596501420696,1.6600000000000015,0.0,0.022917651,0.44999999999999996
3.890678708133975,0.9159322782621754,0.44999999999999996,396.07482706492647,4.259748020060395,1.6610000000000016,0.022925964956667107,1.6610000000000014,0.0,0.022917651,0.44999999999999996
3.8908839523309893,0.9170916573520665,0.44999999999999996,396.26742728700765,4.259672907156454,1.6620000000000015,0.022925964899127255,1.6620000000000015,0.0,0.022917651,0.44999999999999996
3.8910891917154276,0.9182510412866514,0.44999999999999996,396.46003906540506,4.259597770157565,1.6630000000000016,0.022925964841587404,1.6630000000000014,0.0,0.022917651,0.44999999999999996
3.891294426268728,0.9194104300846173,0.44999999999999996,396.6526624446939,4.259522608970789,1.6640000000000013,0.022925964784047556,1.6640000000000015,0.0,0.022917651,0.44999999999999996
3.8914996559722312,0.9205698237647474,0.44999999999999996,396.8452974696787,4.259447423502708,1.6650000000000014,0.0229259647265077,1.6650000000000014,0.0,0.022917651,0.44999999999999996
3.891704880807182,0.921729222345922,0.44999999999999996,397.0379441853955,4.2593722136594225,1.6660000000000013,0.022925964668967846,1.6660000000000015,0.0,0.022917651,0.44999999999999996
3.8919101007547288,0.9228886258471184,0.44999999999999996,397.2306026371123,4.259296979346549,1.6670000000000014,0.022925964611428,1.6670000000000014,0.0,0.022917651,0.44999999999999996
3.8921153157959223,0.9240480342874124,0.44999999999999996,397.42327287033163,4.259221720469213,1.6680000000000017,0.022925964553888147,1.6680000000000015,0.0,0.022917651,0.44999999999999996
3.8923205259117153,0.9252074476859784,0.44999999999999996,397.615954930791,4.259146436932053,1.6690000000000014,0.022925964496348296,1.6690000000000014,0.0,0.022917651,0.44999999999999996
3.8925257310829617,0.9263668660620904,0.44999999999999996,397.80864886446545,4.259071128639211,1.6700000000000015,0.02292596443880844,1.6700000000000015,0.0,0.022917651,0.44999999999999996
3.892730931290416,0.9275262894351218,0.44999999999999996,398.00135471756846,4.258995795494331,1.6710000000000014,0.022925964381268593,1.6710000000000014,0.0,0.022917651,0.44999999999999996
3.8929361265147344,0.9286857178245477,0.44999999999999996,398.19407253655356,4.258920437400558,1.6720000000000017,0.022925964323728742,1.6720000000000015,0.0,0.022917651,0.44999999999999996
3.893141316736468,0.929845151249943,0.44999999999999996,398.386802368116,4.258845054260533,1.6730000000000014,0.022925964266188887,1.6730000000000014,0.0,0.022917651,0.44999999999999996
3.8933465019360716,0.9310045897309865,0.44999999999999996,398.57954425919445,4.258769645976386,1.6740000000000017,0.022925964208649036,1.6740000000000015,0.0,0.022917651,0.44999999999999996
3.893551682093895,0.9321640332874579,0.44999999999999996,398.77229825697225,4.2586942124497424,1.6750000000000014,0.022925964151109188,1.6750000000000014,0.0,0.022917651,0.44999999999999996
3.893756857190187,0.9333234819392419,0.44999999999999996,398.96506440887936,4.258618753581709,1.6760000000000017,0.022925964093569333,1.6760000000000015,0.0,0.022917651,0.44999999999999996
3.8939620272050908,0.9344829357063252,0.44999999999999996,399.1578427625938,4.258543269272877,1.6770000000000014,0.022925964036029485,1.6770000000000014,0.0,0.022917651,0.44999999999999996
3.894167192118648,0.9356423946088012,0.44999999999999996,399.3506333660434,4.258467759423319,1.6780000000000017,0.022925963978489634,1.6780000000000015,0.0,0.022917651,0.44999999999999996
3.894372351910795,0.936801858666867,0.44999999999999996,399.54343626740683,4.258392223932579,1.6790000000000014,0.022925963920949782,1.6790000000000014,0.0,0.022917651,0.44999999999999996
3.8945775065613626,0.9379613279008271,0.44999999999999996,399.73625151511635,4.258316662699678,1.6800000000000017,0.022925963863409927,1.6800000000000015,0.0,0.022917651,0.44999999999999996
3.8947826560500753,0.9391208023310916,0.44999999999999996,399.9290791578586,4.258241075623104,1.6810000000000016,0.022925963805870076,1.6810000000000014,0.0,0.022917651,0.44999999999999996
3.8949878003565503,0.9402802819781794,0.44999999999999996,400.12191924457653,4.25816546260081,1.6820000000000015,0.022925963748330228,1.6820000000000015,0.0,0.022917651,0.44999999999999996
3.8951929394602987,0.9414397668627159,0.44999999999999996,400.3147718244711,4.258089823530212,1.6830000000000016,0.022925963690790373,1.6830000000000014,0.0,0.022917651,0.44999999999999996
3.8953980733407225,0.9425992570054368,0.44999999999999996,400.5076369470031,4.2580141583081845,1.6840000000000015,0.022925963633250522,1.6840000000000015,0.0,0.022917651,0.44999999999999996
3.895603201977115,0.9437587524271865,0.44999999999999996,400.70051466189466,4.257938466831058,1.6850000000000014,0.02292596357571067,1.6850000000000014,0.0,0.022917651,0.44999999999999996
3.8958083253486615,0.9449182531489208,0.44999999999999996,400.89340501913114,4.25786274899461,1.6860000000000015,0.02292596351817082,1.6860000000000015,0.0,0.022917651,0.44999999999999996
3.8960134434344336,0.9460777591917047,0.44999999999999996,401.08630806896264,4.25778700469407,1.6870000000000014,0.022925963460630968,1.6870000000000014,0.0,0.022917651,0.44999999999999996
3.896218556213395,0.9472372705767171,0.44999999999999996,401.2792238619061,4.257711233824112,1.6880000000000015,0.022925963403091117,1.6880000000000015,0.0,0.022917651,0.44999999999999996
3.896423663664395,0.948396787325248,0.44999999999999996,401.4721524487468,4.257635436278845,1.6890000000000014,0.022925963345551265,1.6890000000000014,0.0,0.022917651,0.44999999999999996
3.8966287657661733,0.9495563094587014,0.44999999999999996,401.6650938805404,4.257559611951821,1.6900000000000015,0.022925963288011414,1.6900000000000015,0.0,0.022917651,0.44999999999999996
3.8968338624973544,0.9507158369985949,0.44999999999999996,401.8580482086144,4.257483760736021,1.6910000000000016,0.02292596323047156,1.6910000000000014,0.0,0.022917651,0.44999999999999996
3.897038953836449,0.9518753699665612,0.44999999999999996,402.0510154845701,4.257407882523857,1.6920000000000017,0.02292596317293171,1.6920000000000015,0.0,0.022917651,0.44999999999999996
3.8972440397618526,0.953034908384348,0.44999999999999996,402.2439957602846,4.257331977207163,1.6930000000000014,0.022925963115391856,1.6930000000000014,0.0,0.022917651,0.44999999999999996
3.897449120251846,0.9541944522738206,0.44999999999999996,402.4369890879125,4.257256044677198,1.6940000000000015,0.022925963057852005,1.6940000000000015,0.0,0.022917651,0.44999999999999996
3.8976541952845944,0.9553540016569597,0.44999999999999996,402.62999551988753,4.257180084824637,1.6950000000000016,0.022925963000312157,1.6950000000000014,0.0,0.022917651,0.44999999999999996
3.897859264838143,0.9565135565558656,0.44999999999999996,402.82301510892523,4.257104097539569,1.6960000000000017,0.022925962942772302,1.6960000000000015,0.0,0.022917651,0.44999999999999996
3.898064328890422,0.9576731169927559,0.44999999999999996,403.0160479080235,4.257028082711493,1.6970000000000016,0.022925962885232454,1.6970000000000014,0.0,0.022917651,0.44999999999999996
3.8982693874192416,0.9588326829899687,0.44999999999999996,403.2090939704658,4.256952040229311,1.6980000000000017,0.022925962827692596,1.6980000000000015,0.0,0.022917651,0.44999999999999996
3.8984744404022926,0.9599922545699616,0.44999999999999996,403.4021533498224,4.256875969981331,1.6990000000000014,0.022925962770152748,1.6990000000000014,0.0,0.022917651,0.44999999999999996
3.898679487817146,0.961151831755314,0.44999999999999996,403.59522609995236,4.256799871855255,1.7000000000000015,0.022925962712612897,1.7000000000000015,0.0,0.022917651,0.44999999999999996
3.89885805361245,0.9622368950737102,0.44999999999999996,403.75987586124455,4.256677307612493,1.7010000000000016,0.02292596278823403,1.7010000000000014,0.0,0.022917651,0.44999999999999996
3.8990365716275535,0.9633220628358374,0.44999999999999996,403.9246807272429,4.256554447801818,1.7020000000000017,0.022925962863855166,1.7020000000000015,0.0,0.022917651,0.44999999999999996
3.8992150416667717,0.9644073354694471,0.44999999999999996,404.08964133318307,4.256431291212728,1.7030000000000016,0.022925962939476303,1.7030000000000014,0.0,0.022917651,0.44999999999999996
3.899393463533349,0.9654927134046309,0.44999999999999996,404.25475831777436,4.256307836628095,1.7040000000000017,0.022925963015097438,1.7040000000000015,0.0,0.022917651,0.44999999999999996
3.899571837029453,0.9665781970738349,0.44999999999999996,404.42003232322344,4.256184082824128,1.7050000000000014,0.022925963090718576,1.7050000000000014,0.0,0.022917651,0.44999999999999996
3.8997501619561663,0.9676637869118769,0.44999999999999996,404.5854639952583,4.256060028570326,1.7060000000000013,0.022925963166339706,1.7060000000000015,0.0,0.022917651,0.44999999999999996
3.89992843811348,0.9687494833559616,0.44999999999999996,404.7510539831524,4.255935672629432,1.7070000000000014,0.022925963241960844,1.7070000000000014,0.0,0.022917651,0.44999999999999996
3.900106665300284,0.9698352868456982,0.44999999999999996,404.91680293974923,4.255811013757388,1.7080000000000015,0.022925963317581982,1.7080000000000015,0.0,0.022917651,0.44999999999999996
3.9002848433143615,0.9709211978231149,0.44999999999999996,405.0827115214862,4.255686050703281,1.7090000000000016,0.022925963393203116,1.7090000000000014,0.0,0.022917651,0.44999999999999996
3.9004629719523822,0.9720072167326792,0.44999999999999996,405.24878038842047,4.255560782209308,1.7100000000000015,0.02292596346882425,1.7100000000000015,0.0,0.022917651,0.44999999999999996
3.9006410510098926,0.9730933440213103,0.44999999999999996,405.4150102042532,4.255435207010717,1.7110000000000014,0.022925963544445385,1.7110000000000014,0.0,0.022917651,0.44999999999999996
3.9008190802813063,0.9741795801383999,0.44999999999999996,405.5814016363548,4.255309323835767,1.7120000000000015,0.022925963620066516,1.7120000000000015,0.0,0.022917651,0.44999999999999996
3.9009970595599026,0.9752659255358267,0.44999999999999996,405.74795535579057,4.25518313140567,1.7130000000000014,0.022925963695687657,1.7130000000000014,0.0,0.022917651,0.44999999999999996
3.901174988637812,0.9763523806679749,0.44999999999999996,405.91467203734607,4.255056628434558,1.7140000000000015,0.022925963771308788,1.7140000000000015,0.0,0.022917651,0.44999999999999996
3.9013528673060125,0.9774389459917509,0.44999999999999996,406.081552359553,4.254929813629417,1.7150000000000014,0.02292596384692993,1.7150000000000014,0.0,0.022917651,0.44999999999999996
3.9015306953543196,0.9785256219666023,0.44999999999999996,406.24859700471535,4.254802685690047,1.7160000000000017,0.02292596392255106,1.7160000000000015,0.0,0.022917651,0.44999999999999996
3.9017083253558518,0.9796124743586435,0.44999999999999996,406.4161387413007,4.254674589199956,1.7170000000000014,0.02292596399817219,1.7170000000000014,0.0,0.022917651,0.44999999999999996
3.901885817008206,0.9806994819102712,0.44999999999999996,406.58404492078466,4.25454578418668,1.7180000000000017,0.022925964073793333,1.7180000000000015,0.0,0.022917651,0.44999999999999996
3.902063257874866,0.9817866072812448,0.44999999999999996,406.7521186520331,4.25441665821096,1.7190000000000014,0.022925964149414467,1.7190000000000014,0.0,0.022917651,0.44999999999999996
3.902240647746281,0.9828738509577128,0.44999999999999996,406.92036062640085,4.254287209948435,1.7200000000000017,0.0229259642250356,1.7200000000000015,0.0,0.022917651,0.44999999999999996
3.9024179864117423,0.9839612134285006,0.44999999999999996,407.08877153905115,4.254157438067448,1.7210000000000016,0.022925964300656736,1.7210000000000014,0.0,0.022917651,0.44999999999999996
3.902595273659381,0.9850486951851323,0.44999999999999996,407.2573520889826,4.254027341228999,1.7220000000000015,0.02292596437627787,1.7220000000000015,0.0,0.022917651,0.44999999999999996
3.9027725092761565,0.9861362967218452,0.44999999999999996,407.42610297905526,4.253896918086685,1.7230000000000016,0.02292596445189901,1.7230000000000014,0.0,0.022917651,0.44999999999999996
3.9029496930478516,0.9872240185356127,0.44999999999999996,407.5950249160175,4.253766167286659,1.7240000000000015,0.022925964527520142,1.7240000000000015,0.0,0.022917651,0.44999999999999996
3.9031268247590587,0.98831186112616,0.44999999999999996,407.76411861053276,4.253635087467575,1.7250000000000014,0.02292596460314128,1.7250000000000014,0.0,0.022917651,0.44999999999999996
3.9033039041931796,0.9893998249959852,0.44999999999999996,407.9333847772071,4.253503677260528,1.7260000000000015,0.02292596467876241,1.7260000000000015,0.0,0.022917651,0.44999999999999996
3.903480931132411,0.9904879106503773,0.44999999999999996,408.10282413461584,4.2533719352890165,1.7270000000000016,0.02292596475438355,1.7270000000000014,0.0,0.022917651,0.44999999999999996
3.903657905357735,0.9915761185974364,0.44999999999999996,408.27243740533186,4.253239860168878,1.7280000000000013,0.022925964830004683,1.7280000000000015,0.0,0.022917651,0.44999999999999996
3.903834826648919,0.992664449348093,0.44999999999999996,408.44222531595335,4.253107450508241,1.7290000000000014,0.022925964905625817,1.7290000000000014,0.0,0.022917651,0.44999999999999996
3.904011694784499,0.9937529034161279,0.44999999999999996,408.61218859713154,4.252974704907468,1.7300000000000015,0.022925964981246952,1.7300000000000015,0.0,0.022917651,0.44999999999999996
3.904188509541774,0.9948414813181913,0.44999999999999996,408.7823279835991,4.252841621959105,1.7310000000000014,0.022925965056868086,1.7310000000000014,0.0,0.022917651,0.44999999999999996
3.904365270696797,0.9959301835738247,0.44999999999999996,408.9526442141987,4.25270820024782,1.7320000000000015,0.022925965132489224,1.7320000000000015,0.0,0.022917651,0.44999999999999996
3.9045419780243678,0.9970190107054787,0.44999999999999996,409.1231380319124,4.2525744383503605,1.7330000000000012,0.02292596520811036,1.7330000000000014,0.0,0.022917651,0.44999999999999996
3.9047186312980204,0.9981079632385355,0.44999999999999996,409.2938101838893,4.252440334835482,1.7340000000000015,0.022925965283731496,1.7340000000000015,0.0,0.022917651,0.44999999999999996
3.904895230290021,0.9991970417013281,0.44999999999999996,409.4646614214763,4.252305888263905,1.7350000000000017,0.02292596535935263,1.7350000000000014,0.0,0.022917651,0.44999999999999996
3.905071774771348,1.000286246625162,0.44999999999999996,409.6356925002464,4.252171097188252,1.7360000000000015,0.022925965434973765,1.7360000000000015,0.0,0.022917651,0.44999999999999996
3.905248264511697,1.0013755785443355,0.44999999999999996,409.8069041800295,4.252035960152993,1.7370000000000014,0.0229259655105949,1.7370000000000014,0.0,0.022917651,0.44999999999999996
3.90542469927946,1.0024650379961615,0.44999999999999996,409.97829722494174,4.251900475694385,1.7380000000000018,0.022925965586216034,1.7380000000000015,0.0,0.022917651,0.44999999999999996
3.9056010788417215,1.003554625520987,0.44999999999999996,410.14987240341554,4.251764642340417,1.7390000000000017,0.02292596566183717,1.7390000000000014,0.0,0.022917651,0.44999999999999996
3.9057774029642482,1.0046443416622182,0.44999999999999996,410.3216304882312,4.25162845861075,1.7400000000000015,0.022925965737458306,1.7400000000000015,0.0,0.022917651,0.44999999999999996
3.9059536714114795,1.0057341869663368,0.44999999999999996,410.49357225654654,4.251491923016658,1.7410000000000017,0.022925965813079444,1.7410000000000014,0.0,0.022917651,0.44999999999999996
3.9061298839465204,1.0068241619829275,0.44999999999999996,410.6656984899287,4.251355034060972,1.7420000000000018,0.022925965888700578,1.7420000000000015,0.0,0.022917651,0.44999999999999996
3.9063060403311276,1.007914267264696,0.44999999999999996,410.8380099743848,4.251217790238015,1.7430000000000017,0.022925965964321712,1.7430000000000014,0.0,0.022917651,0.44999999999999996
3.906482140325703,1.0090045033674933,0.44999999999999996,411.01050750039434,4.251080190033542,1.7440000000000018,0.02292596603994285,1.7440000000000015,0.0,0.022917651,0.44999999999999996
3.906658183689284,1.0100948708503363,0.44999999999999996,411.1831918629403,4.250942231924682,1.7450000000000017,0.022925966115563984,1.7450000000000014,0.0,0.022917651,0.44999999999999996
3.906834170179533,1.0111853702754328,0.44999999999999996,411.3560638615417,4.250803914379876,1.7460000000000016,0.02292596619118512,1.7460000000000016,0.0,0.022917651,0.44999999999999996
3.9070100995527275,1.0122760022082018,0.44999999999999996,411.52912430028573,4.250665235858814,1.7470000000000014,0.022925966266806253,1.7470000000000014,0.0,0.022917651,0.44999999999999996
3.9071859715637496,1.0133667672172988,0.44999999999999996,411.70237398786077,4.250526194812369,1.7480000000000016,0.022925966342427388,1.7480000000000016,0.0,0.022917651,0.44999999999999996
3.907361785966079,1.0144576658746365,0.44999999999999996,411.8758137375888,4.250386789682541,1.7490000000000014,0.022925966418048525,1.7490000000000014,0.0,0.022917651,0.44999999999999996
3.907537542511779,1.0155486987554105,0.44999999999999996,412.0494443674594,4.250247018902389,1.7500000000000013,0.02292596649366966,1.7500000000000016,0.0,0.022917651,0.44999999999999996
3.9077132409514883,1.0166398664381209,0.44999999999999996,412.22326670016236,4.250106880895965,1.7510000000000014,0.022925966569290794,1.7510000000000014,0.0,0.022917651,0.44999999999999996
3.907888881034411,1.0177311695045985,0.44999999999999996,412.39728156312236,4.249966374078254,1.7520000000000018,0.02292596664491193,1.7520000000000016,0.0,0.022917651,0.44999999999999996
3.908064462508305,1.0188226085400252,0.44999999999999996,412.5714897885325,4.249825496855106,1.7530000000000012,0.022925966720533063,1.7530000000000014,0.0,0.022917651,0.44999999999999996
3.908239985119474,1.0199141841329624,0.44999999999999996,412.7458922133891,4.2496842476231675,1.7540000000000016,0.0229259667961542,1.7540000000000016,0.0,0.022917651,0.44999999999999996
3.9084154486127547,1.0210058968753717,0.44999999999999996,412.9204896795258,4.249542624769823,1.7550000000000014,0.022925966871775335,1.7550000000000014,0.0,0.022917651,0.44999999999999996
3.9085908527315048,1.0220977473626423,0.44999999999999996,413.0952830336493,4.2494006266731175,1.7560000000000018,0.02292596694739647,1.7560000000000016,0.0,0.022917651,0.44999999999999996
3.908766197217597,1.0231897361936135,0.44999999999999996,413.27027312737437,4.249258251701699,1.7570000000000012,0.022925967023017607,1.7570000000000014,0.0,0.022917651,0.44999999999999996
3.9089414818114046,1.024281863970602,0.44999999999999996,413.4454608172591,4.249115498214739,1.7580000000000016,0.02292596709863874,1.7580000000000016,0.0,0.022917651,0.44999999999999996
3.909116706251792,1.025374131299425,0.44999999999999996,413.6208469648415,4.2489723645618795,1.7590000000000017,0.022925967174259876,1.7590000000000015,0.0,0.022917651,0.44999999999999996
3.909291870276102,1.0264665387894276,0.44999999999999996,413.7964324366751,4.248828849083145,1.7600000000000016,0.02292596724988101,1.7600000000000016,0.0,0.022917651,0.44999999999999996
3.909466973620148,1.027559087053507,0.44999999999999996,413.972218104366,4.248684950108887,1.7610000000000015,0.022925967325502145,1.7610000000000015,0.0,0.022917651,0.44999999999999996
3.909642016018199,1.0286517767081398,0.44999999999999996,414.1482048446094,4.2485406659597045,1.7620000000000016,0.022925967401123282,1.7620000000000016,0.0,0.022917651,0.44999999999999996
3.9098169972029706,1.0297446083734063,0.44999999999999996,414.32439353922695,4.248395994946381,1.7630000000000015,0.022925967476744417,1.7630000000000015,0.0,0.022917651,0.44999999999999996
3.9099919169056148,1.0308375826730194,0.44999999999999996,414.5007850752044,4.248250935369804,1.7640000000000018,0.022925967552365555,1.7640000000000016,0.0,0.022917651,0.44999999999999996
3.9101667748557034,1.0319307002343479,0.44999999999999996,414.67738034472904,4.248105485520898,1.7650000000000015,0.02292596762798669,1.7650000000000015,0.0,0.022917651,0.44999999999999996
3.910341570781225,1.0330239616884473,0.44999999999999996,414.85418024522846,4.24795964368055,1.7660000000000016,0.022925967703607823,1.7660000000000016,0.0,0.022917651,0.44999999999999996
3.910516304408562,1.0341173676700837,0.44999999999999996,415.0311856794086,4.2478134081195345,1.7670000000000017,0.022925967779228958,1.7670000000000015,0.0,0.022917651,0.44999999999999996
3.9106909754624914,1.0352109188177634,0.44999999999999996,415.20839755529295,4.247666777098439,1.768000000000002,0.022925967854850092,1.7680000000000016,0.0,0.022917651,0.44999999999999996
3.910865583666162,1.0363046157737572,0.44999999999999996,415.38581678626133,4.247519748867594,1.7690000000000015,0.02292596793047123,1.7690000000000015,0.0,0.022917651,0.44999999999999996
3.9110401287410883,1.0373984591841325,0.44999999999999996,415.56344429109,4.247372321666988,1.7700000000000018,0.02292596800609236,1.7700000000000016,0.0,0.022917651,0.44999999999999996
3.911214610407139,1.0384924496987782,0.44999999999999996,415.74128099399115,4.2472244937262,1.7710000000000017,0.022925968081713502,1.7710000000000015,0.0,0.022917651,0.44999999999999996
3.91138902838252,1.039586587971435,0.44999999999999996,415.91932782465346,4.247076263264315,1.7720000000000016,0.022925968157334636,1.7720000000000016,0.0,0.022917651,0.44999999999999996
3.9115633823837666,1.0406808746597216,0.44999999999999996,416.0975857182824,4.246927628489853,1.7730000000000015,0.022925968232955767,1.7730000000000015,0.0,0.022917651,0.44999999999999996
3.9117376721257298,1.0417753104251661,0.44999999999999996,416.2760556156413,4.246778587600686,1.7740000000000018,0.022925968308576905,1.7740000000000016,0.0,0.022917651,0.44999999999999996
3.9119118973215614,1.0428698959332336,0.44999999999999996,416.4547384630932,4.246629138783962,1.7750000000000012,0.02292596838419804,1.7750000000000015,0.0,0.022917651,0.44999999999999996
3.912086057682706,1.0439646318533558,0.44999999999999996,416.6336352126417,4.246479280216015,1.7760000000000016,0.022925968459819174,1.7760000000000016,0.0,0.022917651,0.44999999999999996
3.912260152918884,1.0450595188589602,0.44999999999999996,416.81274682197363,4.246329010062304,1.7770000000000015,0.022925968535440308,1.7770000000000015,0.0,0.022917651,0.44999999999999996
3.912434182738081,1.0461545576275018,0.44999999999999996,416.99207425450186,4.2461783264773105,1.7780000000000016,0.022925968611061442,1.7780000000000016,0.0,0.022917651,0.44999999999999996
3.9126080087985757,1.0472495849274346,0.44999999999999996,417.17196264721514,4.246026839171074,1.7790000000000015,0.022925968686682577,1.7790000000000015,0.0,0.022917651,0.44999999999999996
3.912781658825212,1.0483446229079254,0.44999999999999996,417.35234440653085,4.245874636923555,1.7800000000000016,0.022925968762303715,1.7800000000000016,0.0,0.022917651,0.44999999999999996
3.9129552431027492,1.0494398000704932,0.44999999999999996,417.53294518090854,4.24572203249564,1.7810000000000015,0.022925968837924852,1.7810000000000015,0.0,0.022917651,0.44999999999999996
3.913128761355172,1.0505351169994264,0.44999999999999996,417.71376588977716,4.2455690241989625,1.7820000000000016,0.022925968913545987,1.7820000000000016,0.0,0.022917651,0.44999999999999996
3.9133022133049176,1.0516305742822887,0.44999999999999996,417.89480745771937,4.245415610335703,1.7830000000000015,0.02292596898916712,1.7830000000000015,0.0,0.022917651,0.44999999999999996
3.913475598672863,1.052726172509942,0.44999999999999996,418.07607081450715,4.245261789198506,1.7840000000000016,0.022925969064788256,1.7840000000000016,0.0,0.022917651,0.44999999999999996
3.9136489171783206,1.053821912276569,0.44999999999999996,418.2575568951391,4.245107559070423,1.7850000000000015,0.02292596914040939,1.7850000000000015,0.0,0.022917651,0.44999999999999996
3.9138221685390198,1.054917794179698,0.44999999999999996,418.4392666398766,4.244952918224836,1.7860000000000018,0.022925969216030528,1.7860000000000016,0.0,0.022917651,0.44999999999999996
3.9139953524710993,1.056013818820224,0.44999999999999996,418.62120099428097,4.2447978649254,1.7870000000000015,0.022925969291651662,1.7870000000000015,0.0,0.022917651,0.44999999999999996
3.9141684686890965,1.0571099868024345,0.44999999999999996,418.8033609092513,4.244642397425963,1.7880000000000018,0.022925969367272796,1.7880000000000016,0.0,0.022917651,0.44999999999999996
3.914341516905934,1.0582062987340335,0.44999999999999996,418.98574734106154,4.244486513970511,1.7890000000000015,0.022925969442893934,1.7890000000000015,0.0,0.022917651,0.44999999999999996
3.91451449683291,1.0593027552261645,0.44999999999999996,419.16836125139906,4.244330212793078,1.7900000000000016,0.022925969518515072,1.7900000000000016,0.0,0.022917651,0.44999999999999996
3.914687408179687,1.060399356893435,0.44999999999999996,419.35120360740274,4.244173492117698,1.7910000000000015,0.022925969594136206,1.7910000000000015,0.0,0.022917651,0.44999999999999996
3.9148602506542773,1.0614961043539421,0.44999999999999996,419.53427538170166,4.244016350158316,1.7920000000000016,0.02292596966975734,1.7920000000000016,0.0,0.022917651,0.44999999999999996
3.9150330239630335,1.0625929982292965,0.44999999999999996,419.7175775524541,4.243858785118728,1.7930000000000015,0.022925969745378475,1.7930000000000015,0.0,0.022917651,0.44999999999999996
3.915205727810639,1.063690039144648,0.44999999999999996,419.90111110338717,4.243700795192501,1.7940000000000016,0.022925969820999606,1.7940000000000016,0.0,0.022917651,0.44999999999999996
3.9153783619000904,1.0647872277287098,0.44999999999999996,420.08487702383604,4.243542378562907,1.7950000000000015,0.02292596989662074,1.7950000000000015,0.0,0.022917651,0.44999999999999996
3.915550925932691,1.0658845646137851,0.44999999999999996,420.2688763087844,4.243383533402842,1.7960000000000016,0.022925969972241878,1.7960000000000016,0.0,0.022917651,0.44999999999999996
3.9157234196080353,1.066982050435792,0.44999999999999996,420.45310995890435,4.243224257874758,1.7970000000000017,0.022925970047863016,1.7970000000000015,0.0,0.022917651,0.44999999999999996
3.9158958426239976,1.0680796858342898,0.44999999999999996,420.63757898059777,4.243064550130584,1.7980000000000016,0.022925970123484147,1.7980000000000016,0.0,0.022917651,0.44999999999999996
3.9160681946767206,1.069177471452504,0.44999999999999996,420.8222843860366,4.2429044083116585,1.7990000000000015,0.022925970199105285,1.7990000000000015,0.0,0.022917651,0.44999999999999996
3.916240475460601,1.0702754079373549,0.44999999999999996,421.0072271932048,4.24274383054864,1.8000000000000016,0.02292597027472642,1.8000000000000016,0.0,0.022917651,0.44999999999999996
3.916395877541028,1.0713063173198911,0.44999999999999996,421.11021727311754,4.2425693403581795,1.8010000000000015,0.02292597023719052,1.8010000000000015,0.0,0.022917651,0.44999999999999996
3.9165512362546777,1.0723373586882656,0.44999999999999996,421.21337210562046,4.242394544724725,1.8020000000000018,0.022925970199654616,1.8020000000000016,0.0,0.022917651,0.44999999999999996
3.9167065514140185,1.0733685326132303,0.44999999999999996,421.3166924031591,4.242219442327437,1.8030000000000017,0.022925970162118718,1.8030000000000015,0.0,0.022917651,0.44999999999999996
3.916861822830435,1.0743998396688317,0.44999999999999996,421.4201788822929,4.242044031837851,1.804000000000002,0.02292597012458282,1.8040000000000016,0.0,0.022917651,0.44999999999999996
3.9170170503142185,1.0754312804324355,0.44999999999999996,421.5238322637248,4.24186831191982,1.8050000000000015,0.022925970087046915,1.8050000000000015,0.0,0.022917651,0.44999999999999996
3.9171722336745685,1.0764628554847522,0.44999999999999996,421.6276532723313,4.24169228122946,1.8060000000000016,0.02292597004951101,1.8060000000000016,0.0,0.022917651,0.44999999999999996
3.917327372719572,1.0774945654098584,0.44999999999999996,421.73164263719246,4.241515938415093,1.8070000000000015,0.022925970011975116,1.8070000000000015,0.0,0.022917651,0.44999999999999996
3.9174824672562027,1.078526410795224,0.44999999999999996,421.83580109162267,4.241339282117191,1.8080000000000016,0.022925969974439218,1.8080000000000016,0.0,0.022917651,0.44999999999999996
3.917637517090314,1.079558392231735,0.44999999999999996,421.9401293732013,4.241162310968319,1.8090000000000017,0.022925969936903316,1.8090000000000015,0.0,0.022917651,0.44999999999999996
3.9177925220266245,1.0805905103137194,0.44999999999999996,422.0446282238037,4.240985023593077,1.8100000000000016,0.022925969899367415,1.8100000000000016,0.0,0.022917651,0.44999999999999996
3.9179474818687186,1.0816227656389719,0.44999999999999996,422.14929838963286,4.240807418608044,1.8110000000000015,0.022925969861831513,1.8110000000000015,0.0,0.022917651,0.44999999999999996
3.918102396419027,1.0826551588087785,0.44999999999999996,422.2541406212505,4.2406294946217145,1.8120000000000016,0.022925969824295612,1.8120000000000016,0.0,0.022917651,0.44999999999999996
3.918257265478832,1.083687690427944,0.44999999999999996,422.3591556736093,4.240451250234446,1.8130000000000013,0.02292596978675971,1.8130000000000015,0.0,0.022917651,0.44999999999999996
3.9184120888482465,1.084720361104816,0.44999999999999996,422.4643443060851,4.240272684038393,1.8140000000000016,0.022925969749223812,1.8140000000000016,0.0,0.022917651,0.44999999999999996
3.918566866326211,1.0857531714513113,0.44999999999999996,422.56970728250883,4.240093794617451,1.8150000000000015,0.022925969711687907,1.8150000000000015,0.0,0.022917651,0.44999999999999996
3.9187215977104883,1.0867861220829425,0.44999999999999996,422.67524537120016,4.239914580547196,1.8160000000000018,0.022925969674152006,1.8160000000000016,0.0,0.022917651,0.44999999999999996
3.9188762827976467,1.0878192136188436,0.44999999999999996,422.78095934499953,4.239735040394818,1.8170000000000015,0.022925969636616104,1.8170000000000015,0.0,0.022917651,0.44999999999999996
3.9190309213830568,1.0888524466817984,0.44999999999999996,422.88684998130213,4.239555172719067,1.8180000000000018,0.022925969599080206,1.8180000000000016,0.0,0.022917651,0.44999999999999996
3.9191855132608833,1.0898858218982652,0.44999999999999996,422.99291806209084,4.239374976070187,1.8190000000000015,0.022925969561544305,1.8190000000000015,0.0,0.022917651,0.44999999999999996
3.919340058224073,1.090919339898406,0.44999999999999996,423.09916437397123,4.239194448989849,1.8200000000000018,0.022925969524008407,1.8200000000000016,0.0,0.022917651,0.44999999999999996
3.919494556064347,1.0919530013161123,0.44999999999999996,423.2055897082044,4.239013590011097,1.821000000000002,0.022925969486472506,1.8210000000000015,0.0,0.022917651,0.44999999999999996
3.9196490065721914,1.0929868067890336,0.44999999999999996,423.3121948607427,4.238832397658273,1.8220000000000016,0.0229259694489366,1.8220000000000016,0.0,0.022917651,0.44999999999999996
3.91980340953685,1.0940207569586047,0.44999999999999996,423.4189806322636,4.238650870446964,1.8230000000000015,0.022925969411400703,1.8230000000000015,0.0,0.022917651,0.44999999999999996
3.9199577647463117,1.0950548524700754,0.44999999999999996,423.5259478282053,4.238469006883927,1.8240000000000016,0.022925969373864805,1.8240000000000016,0.0,0.022917651,0.44999999999999996
3.9201120719873037,1.096089093972536,0.44999999999999996,423.6330972588023,4.238286805467026,1.8250000000000017,0.0229259693363289,1.8250000000000015,0.0,0.022917651,0.44999999999999996
3.9202663310452817,1.0971234821189495,0.44999999999999996,423.74042973912077,4.238104264685174,1.8260000000000016,0.022925969298792998,1.8260000000000016,0.0,0.022917651,0.44999999999999996
3.9204205417044187,1.098158017566177,0.44999999999999996,423.84794608909465,4.237921383018251,1.8270000000000015,0.0229259692612571,1.8270000000000015,0.0,0.022917651,0.44999999999999996
3.920574703747599,1.0991927009750095,0.44999999999999996,423.9556471335623,4.2377381589370495,1.8280000000000016,0.0229259692237212,1.8280000000000016,0.0,0.022917651,0.44999999999999996
3.9207288169564034,1.100227533010196,0.44999999999999996,424.0635337023031,4.2375545909031995,1.8290000000000013,0.0229259691861853,1.8290000000000015,0.0,0.022917651,0.44999999999999996
3.920882881111107,1.1012625143404737,0.44999999999999996,424.1716066300747,4.237370677369104,1.8300000000000016,0.0229259691486494,1.8300000000000016,0.0,0.022917651,0.44999999999999996
3.9210368959906585,1.102297645638597,0.44999999999999996,424.2798667566497,4.237186416777867,1.8310000000000015,0.022925969111113498,1.8310000000000015,0.0,0.022917651,0.44999999999999996
3.9211908613726814,1.1033329275813704,0.44999999999999996,424.3883149268544,4.237001807563222,1.8320000000000018,0.022925969073577596,1.8320000000000016,0.0,0.022917651,0.44999999999999996
3.9213447770334575,1.104368360849674,0.44999999999999996,424.49695199060596,4.2368168481494655,1.8330000000000015,0.022925969036041695,1.8330000000000015,0.0,0.022917651,0.44999999999999996
3.9214986427479164,1.1054039461285003,0.44999999999999996,424.60577880295136,4.236631536951383,1.8340000000000019,0.022925968998505797,1.8340000000000016,0.0,0.022917651,0.44999999999999996
3.921652458289631,1.1064396841069808,0.44999999999999996,424.7147962241061,4.236445872374181,1.8350000000000015,0.022925968960969895,1.8350000000000015,0.0,0.022917651,0.44999999999999996
3.9218062234308015,1.1074755754784196,0.44999999999999996,424.8240051194931,4.236259852813406,1.8360000000000016,0.022925968923433994,1.8360000000000016,0.0,0.022917651,0.44999999999999996
3.921959937942246,1.108511620940323,0.44999999999999996,424.9334063597823,4.236073476654882,1.8370000000000017,0.022925968885898096,1.8370000000000015,0.0,0.022917651,0.44999999999999996
3.922113601593391,1.1095478211944336,0.44999999999999996,425.04300082093016,4.235886742274627,1.8380000000000019,0.02292596884836219,1.8380000000000016,0.0,0.022917651,0.44999999999999996
3.9222672141522654,1.1105841769467617,0.44999999999999996,425.1527893842207,4.235699648038789,1.8390000000000017,0.022925968810826293,1.8390000000000015,0.0,0.022917651,0.44999999999999996
3.922420636090875,1.1116212534344925,0.44999999999999996,425.2635282423957,4.2355110706375365,1.8400000000000014,0.02292596877329039,1.8400000000000016,0.0,0.022917651,0.44999999999999996
3.92257393944087,1.11265875655783,0.44999999999999996,425.3748502237602,4.235321592254721,1.8410000000000015,0.02292596873575449,1.8410000000000015,0.0,0.022917651,0.44999999999999996
3.922727190142808,1.1136964184550882,0.44999999999999996,425.4864020809702,4.2351317444912855,1.8420000000000019,0.02292596869821859,1.8420000000000016,0.0,0.022917651,0.44999999999999996
3.922880387954431,1.114734239856856,0.44999999999999996,425.59818487178825,4.234941525647543,1.8430000000000015,0.022925968660682687,1.8430000000000015,0.0,0.022917651,0.44999999999999996
3.9230335326319947,1.1157722214982144,0.44999999999999996,425.7101996604763,4.2347509340133636,1.8440000000000016,0.022925968623146786,1.8440000000000016,0.0,0.022917651,0.44999999999999996
3.9231866239302513,1.1168103641187657,0.44999999999999996,425.822447517846,4.234559967868091,1.8450000000000015,0.022925968585610884,1.8450000000000015,0.0,0.022917651,0.44999999999999996
3.9233396616024443,1.1178486684626727,0.44999999999999996,425.9349295213092,4.234368625480466,1.8460000000000016,0.022925968548074986,1.8460000000000016,0.0,0.022917651,0.44999999999999996
3.9234926454002923,1.1188871352786909,0.44999999999999996,426.04764675492834,4.234176905108538,1.8470000000000018,0.022925968510539085,1.8470000000000015,0.0,0.022917651,0.44999999999999996
3.9236455750739783,1.1199257653202055,0.44999999999999996,426.16060030946875,4.233984804999593,1.8480000000000019,0.022925968473003183,1.8480000000000016,0.0,0.022917651,0.44999999999999996
3.9237984503721415,1.1209645593452668,0.44999999999999996,426.27379128244985,4.233792323390055,1.8490000000000018,0.022925968435467285,1.8490000000000015,0.0,0.022917651,0.44999999999999996
3.9239512710418585,1.1220035181166268,0.44999999999999996,426.3872207781978,4.23359945850542,1.8500000000000016,0.02292596839793138,1.8500000000000016,0.0,0.022917651,0.44999999999999996
3.924104036828637,1.1230426424017745,0.44999999999999996,426.50088990789806,4.233406208560154,1.8510000000000015,0.022925968360395482,1.8510000000000015,0.0,0.022917651,0.44999999999999996
3.9242567474764005,1.1240819329729748,0.44999999999999996,426.6147997896492,4.233212571757619,1.8520000000000016,0.02292596832285958,1.8520000000000016,0.0,0.022917651,0.44999999999999996
3.9244094027274774,1.1251213906073028,0.44999999999999996,426.72895154851636,4.233018546289982,1.853000000000002,0.02292596828532368,1.8530000000000015,0.0,0.022917651,0.44999999999999996
3.9245620023225873,1.1261610160866844,0.44999999999999996,426.84334631658567,4.232824130338126,1.8540000000000019,0.02292596824778778,1.8540000000000016,0.0,0.022917651,0.44999999999999996
3.924714546000832,1.127200810197932,0.44999999999999996,426.95798523301914,4.232629322071569,1.8550000000000015,0.02292596821025188,1.8550000000000015,0.0,0.022917651,0.44999999999999996
3.9248670334996762,1.1282407737327842,0.44999999999999996,427.07286944411027,4.232434119648362,1.8560000000000016,0.02292596817271598,1.8560000000000016,0.0,0.022917651,0.44999999999999996
3.925019464554942,1.129280907487943,0.44999999999999996,427.18800010333945,4.232238521215015,1.8570000000000015,0.02292596813518008,1.8570000000000015,0.0,0.022917651,0.44999999999999996
3.925171838900788,1.130321212265114,0.44999999999999996,427.30337837143065,4.232042524906394,1.8580000000000017,0.022925968097644175,1.8580000000000017,0.0,0.022917651,0.44999999999999996
3.9253241562697063,1.1313616888710445,0.44999999999999996,427.4190054164086,4.2318461288456355,1.8590000000000018,0.022925968060108277,1.8590000000000015,0.0,0.022917651,0.44999999999999996
3.9254764163925,1.1324023381175654,0.44999999999999996,427.5348824136556,4.231649331144053,1.8600000000000019,0.022925968022572372,1.8600000000000017,0.0,0.022917651,0.44999999999999996
3.9256286189982745,1.1334431608216278,0.44999999999999996,427.6510105459705,4.231452129901042,1.8610000000000015,0.022925967985036474,1.8610000000000015,0.0,0.022917651,0.44999999999999996
3.9257807638144246,1.1344841578053475,0.44999999999999996,427.7673910036264,4.2312545232039875,1.8620000000000019,0.022925967947500576,1.8620000000000017,0.0,0.022917651,0.44999999999999996
3.925932850566618,1.135525329896042,0.44999999999999996,427.8840249844302,4.23105650912817,1.8630000000000013,0.02292596790996467,1.8630000000000015,0.0,0.022917651,0.44999999999999996
3.926084878978784,1.136566677926275,0.44999999999999996,428.0009136937824,4.23085808573667,1.8640000000000014,0.022925967872428774,1.8640000000000017,0.0,0.022917651,0.44999999999999996
3.9262368487731,1.1376082027338956,0.44999999999999996,428.11805834473716,4.230659251080263,1.8650000000000018,0.022925967834892872,1.8650000000000015,0.0,0.022917651,0.44999999999999996
3.926388759669974,1.1386499051620824,0.44999999999999996,428.2354601580631,4.230460003197335,1.8660000000000017,0.02292596779735697,1.8660000000000017,0.0,0.022917651,0.44999999999999996
3.926540611388035,1.139691786059383,0.44999999999999996,428.353120362305,4.230260340113773,1.8670000000000018,0.02292596775982107,1.8670000000000015,0.0,0.022917651,0.44999999999999996
3.926692403644117,1.1407338462797607,0.44999999999999996,428.47104019384545,4.230060259842872,1.8680000000000017,0.02292596772228517,1.8680000000000017,0.0,0.022917651,0.44999999999999996
3.926844136153244,1.1417760866826343,0.44999999999999996,428.58922089696773,4.229859760385228,1.8690000000000015,0.02292596768474927,1.8690000000000015,0.0,0.022917651,0.44999999999999996
3.926995808628615,1.142818508132924,0.44999999999999996,428.7076637239191,4.2296588397286445,1.8700000000000019,0.022925967647213368,1.8700000000000017,0.0,0.022917651,0.44999999999999996
3.927147420781593,1.1438611115010942,0.44999999999999996,428.8263699349742,4.229457495848025,1.8710000000000016,0.02292596760967747,1.8710000000000016,0.0,0.022917651,0.44999999999999996
3.927298972321686,1.1449038976631987,0.44999999999999996,428.9453407984999,4.229255726705265,1.8720000000000019,0.02292596757214157,1.8720000000000017,0.0,0.022917651,0.44999999999999996
3.927450462956532,1.1459468675009246,0.44999999999999996,429.06457759102005,4.229053530249159,1.8730000000000016,0.022925967534605667,1.8730000000000016,0.0,0.022917651,0.44999999999999996
3.92760189239189,1.1469900219016396,0.44999999999999996,429.1840815972815,4.228850904415285,1.8740000000000017,0.022925967497069766,1.8740000000000017,0.0,0.022917651,0.44999999999999996
3.9277532603316176,1.1480333617584357,0.44999999999999996,429.30385411031995,4.228647847125903,1.8750000000000016,0.022925967459533864,1.8750000000000016,0.0,0.022917651,0.44999999999999996
3.9279045664776597,1.1490768879701776,0.44999999999999996,429.42389643152734,4.228444356289846,1.8760000000000019,0.022925967421997963,1.8760000000000017,0.0,0.022917651,0.44999999999999996
3.9280558105300303,1.1501206014415462,0.44999999999999996,429.5442098707194,4.228240429802409,1.8770000000000018,0.022925967384462065,1.8770000000000016,0.0,0.022917651,0.44999999999999996
3.9282069921868006,1.15116450308309,0.44999999999999996,429.66479574620354,4.228036065545243,1.878000000000002,0.02292596734692616,1.8780000000000017,0.0,0.022917651,0.44999999999999996
3.9283581111440804,1.1522085938112683,0.44999999999999996,429.7856553848481,4.227831261386244,1.8790000000000016,0.02292596730939026,1.8790000000000016,0.0,0.022917651,0.44999999999999996
3.928509167096003,1.1532528745485033,0.44999999999999996,429.90679012215213,4.227626015179438,1.8800000000000017,0.022925967271854364,1.8800000000000017,0.0,0.022917651,0.44999999999999996
3.9286601597347084,1.154297346223226,0.44999999999999996,430.0282013023153,4.227420324764871,1.8810000000000016,0.02292596723431846,1.8810000000000016,0.0,0.022917651,0.44999999999999996
3.928811088750327,1.1553420097699252,0.44999999999999996,430.14989027830893,4.227214187968494,1.882000000000002,0.02292596719678256,1.8820000000000017,0.0,0.022917651,0.44999999999999996
3.9289619538309664,1.156386866129199,0.44999999999999996,430.27185841194785,4.227007602602048,1.8830000000000016,0.02292596715924666,1.8830000000000016,0.0,0.022917651,0.44999999999999996
3.92911275466269,1.157431916247803,0.44999999999999996,430.39410707396274,4.226800566462944,1.8840000000000017,0.022925967121710758,1.8840000000000017,0.0,0.022917651,0.44999999999999996
3.9292634909295026,1.158477161078702,0.44999999999999996,430.5166376440729,4.226593077334155,1.8850000000000016,0.022925967084174857,1.8850000000000016,0.0,0.022917651,0.44999999999999996
3.9294141623133347,1.1595226015811193,0.44999999999999996,430.6394515110606,4.226385132984089,1.8860000000000017,0.02292596704663896,1.8860000000000017,0.0,0.022917651,0.44999999999999996
3.9295647684940223,1.1605682387205893,0.44999999999999996,430.76255007284516,4.226176731166469,1.8870000000000018,0.022925967009103057,1.8870000000000016,0.0,0.022917651,0.44999999999999996
3.9297153091492936,1.1616140734690108,0.44999999999999996,430.88593473655834,4.225967869620218,1.888000000000002,0.022925966971567156,1.8880000000000017,0.0,0.022917651,0.44999999999999996
3.9298657839547477,1.1626601068046962,0.44999999999999996,431.0096069186204,4.225758546069333,1.8890000000000016,0.022925966934031258,1.8890000000000016,0.0,0.022917651,0.44999999999999996
3.93001619258384,1.163706339712428,0.44999999999999996,431.133568044817,4.225548758222763,1.890000000000002,0.022925966896495353,1.8900000000000017,0.0,0.022917651,0.44999999999999996
3.930166534707862,1.16475277318351,0.44999999999999996,431.25781955037627,4.225338503774278,1.8910000000000016,0.022925966858959455,1.8910000000000016,0.0,0.022917651,0.44999999999999996
3.930316809995926,1.1657994082158216,0.44999999999999996,431.3823628800478,4.225127780402358,1.8920000000000017,0.02292596682142355,1.8920000000000017,0.0,0.022917651,0.44999999999999996
3.930467018114944,1.1668462458138744,0.44999999999999996,431.50719948818113,4.224916585770051,1.8930000000000018,0.02292596678388765,1.8930000000000016,0.0,0.022917651,0.44999999999999996
3.930617158729612,1.1678932869888654,0.44999999999999996,431.63233083880584,4.22470491752485,1.8940000000000017,0.02292596674635175,1.8940000000000017,0.0,0.022917651,0.44999999999999996
3.9307669009343087,1.168940055120497,0.44999999999999996,431.7581055634715,4.224491928899859,1.8950000000000018,0.02292596670881585,1.8950000000000016,0.0,0.022917651,0.44999999999999996
3.9309163188907066,1.1699866460076882,0.44999999999999996,431.884442290672,4.2242778207074885,1.8960000000000017,0.02292596667127995,1.8960000000000017,0.0,0.022917651,0.44999999999999996
3.931065660898431,1.171033416349099,0.44999999999999996,432.0110801091075,4.22406322927541,1.8970000000000016,0.022925966633744046,1.8970000000000016,0.0,0.022917651,0.44999999999999996
3.931214926572788,1.1720803670536946,0.44999999999999996,432.13802054385457,4.223848152155936,1.898000000000002,0.022925966596208148,1.8980000000000017,0.0,0.022917651,0.44999999999999996
3.9313641155264856,1.173127499036589,0.44999999999999996,432.2652651303066,4.223632586884819,1.8990000000000016,0.022925966558672243,1.8990000000000016,0.0,0.022917651,0.44999999999999996
3.931513227369603,1.174174813219098,0.44999999999999996,432.39281541426175,4.223416530981114,1.9000000000000017,0.022925966521136345,1.9000000000000017,0.0,0.022917651,0.44999999999999996
3.9316527342497665,1.175148732061812,0.44999999999999996,432.4897366946106,4.223223403894515,1.9010000000000016,0.02292596644524054,1.9010000000000016,0.0,0.022917651,0.44999999999999996
3.931792141359716,1.1761229958470214,0.44999999999999996,432.58715617797577,4.223029532808324,1.902000000000002,0.022925966369344738,1.9020000000000017,0.0,0.022917651,0.44999999999999996
3.931931448438332,1.1770976054775164,0.44999999999999996,432.6850751682632,4.222834915775331,1.9030000000000016,0.022925966293448934,1.9030000000000016,0.0,0.022917651,0.44999999999999996
3.9320706552235807,1.1780725618592391,0.44999999999999996,432.7834949739325,4.222639550841526,1.9040000000000015,0.02292596621755313,1.9040000000000017,0.0,0.022917651,0.44999999999999996
3.9322097614525147,1.1790478659012995,0.44999999999999996,432.8824169080176,4.22244343604607,1.9050000000000014,0.02292596614165733,1.9050000000000016,0.0,0.022917651,0.44999999999999996
3.932348766861265,1.180023518515988,0.44999999999999996,432.9818422881465,4.222246569421259,1.9060000000000017,0.02292596606576153,1.9060000000000017,0.0,0.022917651,0.44999999999999996
3.93248767118504,1.1809995206187893,0.44999999999999996,433.08177243656104,4.222048948992503,1.9070000000000018,0.022925965989865724,1.9070000000000016,0.0,0.022917651,0.44999999999999996
3.932626474158119,1.181975873128398,0.44999999999999996,433.18220868013765,4.221850572778291,1.9080000000000021,0.022925965913969927,1.9080000000000017,0.0,0.022917651,0.44999999999999996
3.9327651755138486,1.18295257696673,0.44999999999999996,433.2831523504073,4.221651438790158,1.9090000000000016,0.02292596583807412,1.9090000000000016,0.0,0.022917651,0.44999999999999996
3.9329037749846414,1.183929633058939,0.44999999999999996,433.38460478357604,4.221451545032658,1.9100000000000017,0.02292596576217832,1.9100000000000017,0.0,0.022917651,0.44999999999999996
3.9330422723019667,1.1849070423334298,0.44999999999999996,433.48656732054565,4.221250889503335,1.9110000000000016,0.02292596568628252,1.9110000000000016,0.0,0.022917651,0.44999999999999996
3.933180667196352,1.1858848057218725,0.44999999999999996,433.58904130693406,4.221049470192687,1.912000000000002,0.022925965610386713,1.9120000000000017,0.0,0.022917651,0.44999999999999996
3.933318959397374,1.1868629241592161,0.44999999999999996,433.6920280930963,4.220847285084141,1.9130000000000018,0.022925965534490913,1.9130000000000016,0.0,0.022917651,0.44999999999999996
3.9334571486336576,1.1878413985837062,0.44999999999999996,433.7955290341455,4.220644332154017,1.9140000000000017,0.022925965458595113,1.9140000000000017,0.0,0.022917651,0.44999999999999996
3.9335952346328718,1.1888202299368942,0.44999999999999996,433.8995454899731,4.220440609371496,1.9150000000000016,0.022925965382699306,1.9150000000000016,0.0,0.022917651,0.44999999999999996
3.9337325864792536,1.1898006709759523,0.44999999999999996,434.005628400803,4.220232339929023,1.9160000000000017,0.022925965306803506,1.9160000000000017,0.0,0.022917651,0.44999999999999996
3.9338697093420256,1.1907817761145412,0.44999999999999996,434.1125589134875,4.220022490372949,1.9170000000000018,0.0229259652309077,1.9170000000000016,0.0,0.022917651,0.44999999999999996
3.934006735182628,1.1917632893192975,0.44999999999999996,434.22001556892735,4.219811844661013,1.9180000000000017,0.022925965155011906,1.9180000000000017,0.0,0.022917651,0.44999999999999996
3.9341436637512612,1.192745211640845,0.44999999999999996,434.32799972175087,4.219600400743403,1.9190000000000016,0.0229259650791161,1.9190000000000016,0.0,0.022917651,0.44999999999999996
3.9342804947972714,1.1937275441334179,0.44999999999999996,434.4365127312406,4.21938815656326,1.920000000000002,0.022925965003220295,1.9200000000000017,0.0,0.022917651,0.44999999999999996
3.9344172280691403,1.1947102878548734,0.44999999999999996,434.5455559613535,4.219175110056652,1.9210000000000018,0.022925964927324495,1.9210000000000016,0.0,0.022917651,0.44999999999999996
3.934553863314485,1.1956934438667122,0.44999999999999996,434.6551307807405,4.218961259152547,1.922000000000002,0.022925964851428685,1.9220000000000017,0.0,0.022917651,0.44999999999999996
3.934690400280054,1.1966770132340891,0.44999999999999996,434.7652385627676,4.218746601772776,1.9230000000000016,0.022925964775532888,1.9230000000000016,0.0,0.022917651,0.44999999999999996
3.9348268387117207,1.1976609970258334,0.44999999999999996,434.87588068553526,4.218531135832006,1.9240000000000017,0.022925964699637084,1.9240000000000017,0.0,0.022917651,0.44999999999999996
3.934963178354483,1.1986453963144605,0.44999999999999996,434.98705853189927,4.218314859237707,1.9250000000000018,0.02292596462374128,1.9250000000000016,0.0,0.022917651,0.44999999999999996
3.9350994189524577,1.199630212176192,0.44999999999999996,435.09877348949163,4.218097769890124,1.9260000000000022,0.022925964547845477,1.9260000000000017,0.0,0.022917651,0.44999999999999996
3.9352355602488767,1.2006154456909666,0.44999999999999996,435.2110269507403,4.217879865682246,1.9270000000000016,0.02292596447194968,1.9270000000000016,0.0,0.022917651,0.44999999999999996
3.9353716019860854,1.2016010979424625,0.44999999999999996,435.32382031289086,4.217661144499767,1.9280000000000017,0.022925964396053877,1.9280000000000017,0.0,0.022917651,0.44999999999999996
3.935507543905535,1.2025871700181079,0.44999999999999996,435.43715497802674,4.217441604221065,1.9290000000000014,0.022925964320158067,1.9290000000000016,0.0,0.022917651,0.44999999999999996
3.935643385747782,1.2035736630091003,0.44999999999999996,435.5510323530905,4.217221242717163,1.930000000000002,0.022925964244262263,1.9300000000000017,0.0,0.022917651,0.44999999999999996
3.935779127252481,1.2045605780104223,0.44999999999999996,435.66545384990457,4.2170000578517,1.9310000000000018,0.022925964168366467,1.9310000000000016,0.0,0.022917651,0.44999999999999996
3.935914536286196,1.2055477584967949,0.44999999999999996,435.78132561842244,4.216777277699136,1.9320000000000015,0.022925964092470663,1.9320000000000017,0.0,0.022917651,0.44999999999999996
3.9360495359253203,1.2065351944894684,0.44999999999999996,435.89892993998296,4.216552604538729,1.9330000000000016,0.02292596401657486,1.9330000000000016,0.0,0.022917651,0.44999999999999996
3.9361844273371465,1.2075231084881823,0.44999999999999996,436.01708485477286,4.216327020419135,1.9340000000000017,0.022925963940679056,1.9340000000000017,0.0,0.022917651,0.44999999999999996
3.93631921020685,1.2085115018834243,0.44999999999999996,436.1357919644304,4.216100522690436,1.935000000000002,0.022925963864783253,1.9350000000000016,0.0,0.022917651,0.44999999999999996
3.9364538842183805,1.2095003760710796,0.44999999999999996,436.2550528768123,4.215873108692422,1.9360000000000017,0.022925963788887456,1.9360000000000017,0.0,0.022917651,0.44999999999999996
3.936588449054463,1.2104897324524584,0.44999999999999996,436.3748692060233,4.215644775754554,1.9370000000000016,0.022925963712991652,1.9370000000000016,0.0,0.022917651,0.44999999999999996
3.936722904396587,1.211479572434322,0.44999999999999996,436.49524257244707,4.215415521195896,1.9380000000000017,0.02292596363709585,1.9380000000000017,0.0,0.022917651,0.44999999999999996
3.9368572499250023,1.2124698974289085,0.44999999999999996,436.6161746027764,4.215185342325078,1.9390000000000016,0.022925963561200045,1.9390000000000016,0.0,0.022917651,0.44999999999999996
3.936991485318711,1.2134607088539615,0.44999999999999996,436.73766693004416,4.214954236440238,1.940000000000002,0.022925963485304242,1.9400000000000017,0.0,0.022917651,0.44999999999999996
3.9371256102554635,1.2144520081327537,0.44999999999999996,436.859721193654,4.214722200828975,1.9410000000000016,0.022925963409408445,1.9410000000000016,0.0,0.022917651,0.44999999999999996
3.937259624411754,1.2154437966941178,0.44999999999999996,436.98233903941167,4.2144892327682975,1.9420000000000017,0.022925963333512638,1.9420000000000017,0.0,0.022917651,0.44999999999999996
3.937393527462809,1.2164360759724697,0.44999999999999996,437.10552211955604,4.2142553295245655,1.943000000000002,0.022925963257616838,1.9430000000000016,0.0,0.022917651,0.44999999999999996
3.9375273190825855,1.2174288474078399,0.44999999999999996,437.2292720927911,4.214020488353446,1.944000000000002,0.022925963181721035,1.9440000000000017,0.0,0.022917651,0.44999999999999996
3.937660998943764,1.2184221124458965,0.44999999999999996,437.35359062431684,4.213784706499857,1.9450000000000018,0.02292596310582523,1.9450000000000016,0.0,0.022917651,0.44999999999999996
3.9377945667177414,1.2194158725379773,0.44999999999999996,437.47847938586176,4.213547981197918,1.946000000000002,0.02292596302992943,1.9460000000000017,0.0,0.022917651,0.44999999999999996
3.9379280220746242,1.220410129141114,0.44999999999999996,437.6039400557145,4.213310309670888,1.9470000000000016,0.022925962954033624,1.9470000000000016,0.0,0.022917651,0.44999999999999996
3.9380607465009936,1.221406185612298,0.44999999999999996,437.7312132110405,4.21306791480075,1.948000000000002,0.02292596287813782,1.9480000000000017,0.0,0.022917651,0.44999999999999996
3.938193014843221,1.2224034502217094,0.44999999999999996,437.85976534514515,4.212822487632983,1.9490000000000018,0.02292596280224202,1.9490000000000016,0.0,0.022917651,0.44999999999999996
3.9383251762459652,1.223401185326679,0.44999999999999996,437.98890130133645,4.2125761622367595,1.950000000000002,0.022925962726346217,1.9500000000000017,0.0,0.022917651,0.44999999999999996
3.9384572304261307,1.224399392172727,0.44999999999999996,438.1186226251387,4.212328936234241,1.9510000000000016,0.022925962650450417,1.9510000000000016,0.0,0.022917651,0.44999999999999996
3.938589177099621,1.2253980720097744,0.44999999999999996,438.2489308675363,4.212080807239193,1.9520000000000017,0.022925962574554613,1.9520000000000017,0.0,0.022917651,0.44999999999999996
3.9387210159813364,1.2263972260921605,0.44999999999999996,438.3798275849974,4.211831772856938,1.9530000000000016,0.02292596249865881,1.9530000000000016,0.0,0.022917651,0.44999999999999996
3.9388527467851686,1.2273968556786654,0.44999999999999996,438.511314339499,4.211581830684328,1.9540000000000022,0.022925962422763006,1.9540000000000017,0.0,0.022917651,0.44999999999999996
3.9389843692239923,1.2283969620325266,0.44999999999999996,438.6433926985505,4.211330978309699,1.9550000000000018,0.022925962346867203,1.9550000000000016,0.0,0.022917651,0.44999999999999996
3.9391158830096678,1.2293975464214608,0.44999999999999996,438.77606423521894,4.211079213312839,1.9560000000000017,0.022925962270971403,1.9560000000000017,0.0,0.022917651,0.44999999999999996
3.9392472878530325,1.2303986101176834,0.44999999999999996,438.90933052815313,4.2108265332649495,1.9570000000000016,0.022925962195075603,1.9570000000000016,0.0,0.022917651,0.44999999999999996
3.9393785834638955,1.231400154397928,0.44999999999999996,439.0431931616086,4.2105729357286,1.9580000000000017,0.022925962119179796,1.9580000000000017,0.0,0.022917651,0.44999999999999996
3.9395097695510355,1.2324021805434662,0.44999999999999996,439.17765372547274,4.210318418257704,1.9590000000000019,0.022925962043283996,1.9590000000000016,0.0,0.022917651,0.44999999999999996
3.9396408458221934,1.233404689840129,0.44999999999999996,439.3127138152893,4.210062978397464,1.9600000000000017,0.022925961967388192,1.9600000000000017,0.0,0.022917651,0.44999999999999996
3.939771811984072,1.2344076835783253,0.44999999999999996,439.44837503228433,4.2098066136843455,1.9610000000000016,0.02292596189149239,1.9610000000000016,0.0,0.022917651,0.44999999999999996
3.9399026677423254,1.235411163053065,0.44999999999999996,439.5846389833908,4.209549321646033,1.9620000000000017,0.022925961815596585,1.9620000000000017,0.0,0.022917651,0.44999999999999996
3.9400329170608983,1.236415919080847,0.44999999999999996,439.7226785228421,4.2092883265969565,1.9630000000000016,0.02292596173970078,1.9630000000000016,0.0,0.022917651,0.44999999999999996
3.940162692354807,1.2374217525131488,0.44999999999999996,439.8621934877452,4.20902435752374,1.9640000000000017,0.02292596166380498,1.9640000000000017,0.0,0.022917651,0.44999999999999996
3.940292360642652,1.2384280826086784,0.44999999999999996,440.00232084641385,4.208759463774859,1.9650000000000016,0.022925961587909178,1.9650000000000016,0.0,0.022917651,0.44999999999999996
3.940421921651285,1.2394349106352522,0.44999999999999996,440.1430621620857,4.208493642989928,1.966000000000002,0.022925961512013378,1.9660000000000017,0.0,0.022917651,0.44999999999999996
3.940551375106622,1.2404422378650035,0.44999999999999996,440.284419003323,4.208226892800513,1.9670000000000016,0.022925961436117574,1.9670000000000016,0.0,0.022917651,0.44999999999999996
3.940680720733649,1.2414500655744054,0.44999999999999996,440.426392944036,4.207959210830113,1.968000000000002,0.02292596136022177,1.9680000000000017,0.0,0.022917651,0.44999999999999996
3.940809958256411,1.2424583950442838,0.44999999999999996,440.56898556350524,4.207690594694115,1.9690000000000016,0.022925961284325967,1.9690000000000016,0.0,0.022917651,0.44999999999999996
3.9409390873980112,1.2434672275598413,0.44999999999999996,440.71219844640507,4.207421041999759,1.9700000000000017,0.022925961208430164,1.9700000000000017,0.0,0.022917651,0.44999999999999996
3.941068107880608,1.2444765644106717,0.44999999999999996,440.85603318282625,4.207150550346111,1.9710000000000016,0.02292596113253436,1.9710000000000016,0.0,0.022917651,0.44999999999999996
3.9411970194254065,1.2454864068907818,0.44999999999999996,441.0004913682995,4.206879117324021,1.9720000000000022,0.022925961056638557,1.9720000000000018,0.0,0.022917651,0.44999999999999996
3.941325821752659,1.246496756298608,0.44999999999999996,441.14557460381826,4.20660674051609,1.973000000000002,0.02292596098074276,1.9730000000000016,0.0,0.022917651,0.44999999999999996
3.941454514581658,1.2475076139370374,0.44999999999999996,441.29128449586256,4.206333417496635,1.9740000000000018,0.022925960904846953,1.9740000000000018,0.0,0.022917651,0.44999999999999996
3.941583097630735,1.2485189811134243,0.44999999999999996,441.4376226564223,4.206059145831655,1.9750000000000016,0.022925960828951153,1.9750000000000016,0.0,0.022917651,0.44999999999999996
3.941711570617253,1.2495308591396124,0.44999999999999996,441.5845907030211,4.20578392307879,1.9760000000000018,0.02292596075305535,1.9760000000000018,0.0,0.022917651,0.44999999999999996
3.941839824667696,1.2505433882297772,0.44999999999999996,441.73241536502337,4.205507173627086,1.9770000000000019,0.022925960677159546,1.9770000000000016,0.0,0.022917651,0.44999999999999996
3.941967083837807,1.2515575686307114,0.44999999999999996,441.8827068807265,4.205224794156354,1.9780000000000018,0.022925960601263746,1.9780000000000018,0.0,0.022917651,0.44999999999999996
3.942094229362991,1.2525722795808505,0.44999999999999996,442.0336400477429,4.204941429587414,1.9790000000000016,0.022925960525367942,1.9790000000000016,0.0,0.022917651,0.44999999999999996
3.9422212609454967,1.253587522470234,0.44999999999999996,442.185216547199,4.204657077339308,1.9800000000000018,0.022925960449472142,1.9800000000000018,0.0,0.022917651,0.44999999999999996
3.942348178286535,1.25460329869376,0.44999999999999996,442.33743806609914,4.204371734822057,1.9810000000000016,0.02292596037357634,1.9810000000000016,0.0,0.022917651,0.44999999999999996
3.942474981086269,1.2556196096512104,0.44999999999999996,442.4903062973515,4.204085399436613,1.982000000000002,0.022925960297680535,1.9820000000000018,0.0,0.022917651,0.44999999999999996
3.9426016690438113,1.256636456747267,0.44999999999999996,442.64382293979315,4.203798068574828,1.9830000000000017,0.022925960221784735,1.9830000000000017,0.0,0.022917651,0.44999999999999996
3.942728241857221,1.2576538413915384,0.44999999999999996,442.7979896982171,4.203509739619413,1.9840000000000018,0.022925960145888928,1.9840000000000018,0.0,0.022917651,0.44999999999999996
3.9428546992234974,1.2586717649985768,0.44999999999999996,442.9528082833976,4.203220409943893,1.9850000000000017,0.022925960069993125,1.9850000000000017,0.0,0.022917651,0.44999999999999996
3.942981040838576,1.259690228987904,0.44999999999999996,443.1082804121169,4.20293007691257,1.986000000000002,0.022925959994097325,1.9860000000000018,0.0,0.022917651,0.44999999999999996
3.9431072663973223,1.2607092347840292,0.44999999999999996,443.26440780719116,4.202638737880481,1.9870000000000019,0.02292595991820152,1.9870000000000017,0.0,0.022917651,0.44999999999999996
3.9432333755935303,1.2617287838164748,0.44999999999999996,443.4211921974975,4.20234639019336,1.9880000000000018,0.022925959842305717,1.9880000000000018,0.0,0.022917651,0.44999999999999996
3.9433593681199146,1.2627488775197948,0.44999999999999996,443.5786353180002,4.202053031187594,1.9890000000000017,0.022925959766409917,1.9890000000000017,0.0,0.022917651,0.44999999999999996
3.943485243668107,1.2637695173336003,0.44999999999999996,443.73673890977796,4.201758658190185,1.9900000000000018,0.022925959690514114,1.9900000000000018,0.0,0.022917651,0.44999999999999996
3.943610855669795,1.2647909745417258,0.44999999999999996,443.89596649984895,4.201462413459733,1.9910000000000019,0.02292595961461831,1.9910000000000017,0.0,0.022917651,0.44999999999999996
3.9437358233786033,1.2658139603468377,0.44999999999999996,444.05753307065055,4.201162062280951,1.9920000000000018,0.022925959538722507,1.9920000000000018,0.0,0.022917651,0.44999999999999996
3.943860678471698,1.2668374997762681,0.44999999999999996,444.21976854043396,4.2008607069751545,1.9930000000000017,0.022925959462826707,1.9930000000000017,0.0,0.022917651,0.44999999999999996
3.9439854206661016,1.2678615942211475,0.44999999999999996,444.38267458998826,4.2005583450192026,1.9940000000000018,0.022925959386930907,1.9940000000000018,0.0,0.022917651,0.44999999999999996
3.9441100496778883,1.2688862450772707,0.44999999999999996,444.54625290573824,4.2002549738814965,1.9950000000000019,0.022925959311035103,1.9950000000000017,0.0,0.022917651,0.44999999999999996
3.9442345652221786,1.2699114537451175,0.44999999999999996,444.7105051797682,4.1999505910219375,1.9960000000000018,0.0229259592351393,1.9960000000000018,0.0,0.022917651,0.44999999999999996
3.9443589670131365,1.27093722162987,0.44999999999999996,444.8754331098461,4.199645193891899,1.9970000000000017,0.022925959159243496,1.9970000000000017,0.0,0.022917651,0.44999999999999996
3.9444832547639654,1.2719635501414361,0.44999999999999996,445.04103839944713,4.1993387799341875,1.9980000000000018,0.022925959083347696,1.9980000000000018,0.0,0.022917651,0.44999999999999996
3.944607428186904,1.2729904406944652,0.44999999999999996,445.2073227577775,4.199031346583002,1.9990000000000017,0.022925959007451892,1.9990000000000017,0.0,0.022917651,0.44999999999999996
3.944731486993221,1.2740178947083718,0.44999999999999996,445.37428789979884,4.1987228912639045,2.0000000000000018,0.022925958931556085,2.0000000000000018,0.0,0.022917651,0.44999999999999996
3.9448550340444446,1.2749686667579627,0.44999999999999996,445.45830566943795,4.198478200045779,2.0010000000000017,0.02292595893155609,2.0010000000000017,0.0,0.022917651,0.44999999999999996
3.944978491683924,1.2759197533866646,0.44999999999999996,445.5427617953952,4.198232836604347,2.0020000000000016,0.02292595893155609,2.0020000000000016,0.0,0.022917651,0.44999999999999996
3.9451018595514733,1.276871155861729,0.44999999999999996,445.6276580435458,4.197986798231627,2.003000000000002,0.022925958931556092,2.003000000000002,0.0,0.022917651,0.44999999999999996
3.9452251372849667,1.2778228754572214,0.44999999999999996,445.7129961892623,4.197740082205066,2.004000000000002,0.022925958931556085,2.004000000000002,0.0,0.022917651,0.44999999999999996
3.945348324520333,1.2787749134540713,0.44999999999999996,445.79877801747904,4.197492685787456,2.0050000000000012,0.022925958931556085,2.0050000000000017,0.0,0.022917651,0.44999999999999996
3.9454714208915336,1.2797272711401146,0.44999999999999996,445.88500532275623,4.1972446062268185,2.0060000000000016,0.02292595893155609,2.0060000000000016,0.0,0.022917651,0.44999999999999996
3.945594426030555,1.2806799498101424,0.44999999999999996,445.97167990934514,4.19699584075632,2.007000000000002,0.022925958931556085,2.007000000000002,0.0,0.022917651,0.44999999999999996
3.945716650018127,1.2816337842191299,0.44999999999999996,446.0600960211019,4.19674279538244,2.008000000000002,0.022925958931556092,2.008000000000002,0.0,0.022917651,0.44999999999999996
3.9458387770193792,1.282587957957459,0.44999999999999996,446.1489843967573,4.196489022726091,2.0090000000000017,0.022925958931556085,2.0090000000000017,0.0,0.022917651,0.44999999999999996
3.9459608153107175,1.2835424619490583,0.44999999999999996,446.2383307325048,4.196234564963334,2.0100000000000016,0.022925958931556085,2.0100000000000016,0.0,0.022917651,0.44999999999999996
3.9460827645452508,1.284497297485342,0.44999999999999996,446.3281368191386,4.19597941941515,2.0110000000000023,0.022925958931556092,2.011000000000002,0.0,0.022917651,0.44999999999999996
3.9462046243742814,1.2854524658644635,0.44999999999999996,446.41840445680225,4.19572358338853,2.012000000000002,0.022925958931556085,2.012000000000002,0.0,0.022917651,0.44999999999999996
3.9463263944472855,1.286407968391365,0.44999999999999996,446.5091354550496,4.195467054176389,2.013000000000002,0.02292595893155609,2.0130000000000017,0.0,0.022917651,0.44999999999999996
3.9464480744119053,1.2873638063778183,0.44999999999999996,446.6003316329058,4.1952098290574735,2.0140000000000016,0.022925958931556085,2.0140000000000016,0.0,0.022917651,0.44999999999999996
3.946569663913938,1.2883199811424701,0.44999999999999996,446.69199481893037,4.194951905296266,2.015000000000002,0.022925958931556085,2.015000000000002,0.0,0.022917651,0.44999999999999996
3.9466911625973204,1.2892764940108878,0.44999999999999996,446.78412685127864,4.194693280142894,2.016000000000002,0.02292595893155609,2.016000000000002,0.0,0.022917651,0.44999999999999996
3.946812570104118,1.2902333463156042,0.44999999999999996,446.8767295777656,4.194433950833034,2.017000000000002,0.02292595893155609,2.0170000000000017,0.0,0.022917651,0.44999999999999996
3.946933886074513,1.2911905393961638,0.44999999999999996,446.96980485592917,4.194173914587815,2.0180000000000016,0.022925958931556092,2.0180000000000016,0.0,0.022917651,0.44999999999999996
3.947055110146793,1.2921480745991694,0.44999999999999996,447.063354553094,4.193913168613731,2.019000000000002,0.022925958931556092,2.019000000000002,0.0,0.022917651,0.44999999999999996
3.947176241957336,1.2931059532783267,0.44999999999999996,447.1573805464364,4.19365171010253,2.020000000000002,0.02292595893155609,2.020000000000002,0.0,0.022917651,0.44999999999999996
3.9472972811406004,1.2940641767944943,0.44999999999999996,447.2518847230492,4.19338953623113,2.021000000000002,0.022925958931556092,2.0210000000000017,0.0,0.022917651,0.44999999999999996
3.947418227329109,1.2950227465157278,0.44999999999999996,447.3468689800073,4.1931266441615165,2.022000000000002,0.02292595893155609,2.0220000000000016,0.0,0.022917651,0.44999999999999996
3.94753908015344,1.2959816638173307,0.44999999999999996,447.44233522443386,4.1928630310406385,2.023000000000002,0.022925958931556085,2.023000000000002,0.0,0.022917651,0.44999999999999996
3.947659839242211,1.2969409300818986,0.44999999999999996,447.53828537356657,4.192598694000319,2.0240000000000022,0.022925958931556092,2.024000000000002,0.0,0.022917651,0.44999999999999996
3.9477805042220693,1.2979005466993712,0.44999999999999996,447.63472135482544,4.192333630157142,2.0250000000000017,0.022925958931556085,2.0250000000000017,0.0,0.022917651,0.44999999999999996
3.9479010747176737,1.298860515067079,0.44999999999999996,447.73164510588,4.192067836612367,2.0260000000000016,0.02292595893155609,2.0260000000000016,0.0,0.022917651,0.44999999999999996
3.9480215503516876,1.2998208365897939,0.44999999999999996,447.8290585747175,4.191801310451808,2.027000000000002,0.022925958931556085,2.027000000000002,0.0,0.022917651,0.44999999999999996
3.9481419307447614,1.300781512679777,0.44999999999999996,447.92696371971203,4.191534048745749,2.028000000000002,0.022925958931556085,2.028000000000002,0.0,0.022917651,0.44999999999999996
3.9482616367604906,1.3017433174373165,0.44999999999999996,448.0266542941711,4.191262960635893,2.0290000000000017,0.022925958931556085,2.0290000000000017,0.0,0.022917651,0.44999999999999996
3.948381213527331,1.3027055251494726,0.44999999999999996,448.1269115269575,4.1909909525933156,2.0300000000000016,0.022925958931556085,2.0300000000000016,0.0,0.022917651,0.44999999999999996
3.9485006912157465,1.303668096499687,0.44999999999999996,448.2276691225643,4.190718184628917,2.0310000000000015,0.02292595893155609,2.031000000000002,0.0,0.022917651,0.44999999999999996
3.9486200694237756,1.3046310329632478,0.44999999999999996,448.3289291109767,4.190444653659677,2.032000000000002,0.02292595893155609,2.032000000000002,0.0,0.022917651,0.44999999999999996
3.9487393477472756,1.305594336023436,0.44999999999999996,448.43069353317526,4.190170356585869,2.0330000000000017,0.022925958931556085,2.0330000000000017,0.0,0.022917651,0.44999999999999996
3.9488585257799147,1.306558007171577,0.44999999999999996,448.53296444121116,4.189895290290958,2.0340000000000016,0.022925958931556085,2.0340000000000016,0.0,0.022917651,0.44999999999999996
3.948977603113152,1.3075220479070968,0.44999999999999996,448.6357438982811,4.189619451641485,2.035000000000002,0.022925958931556085,2.035000000000002,0.0,0.022917651,0.44999999999999996
3.9490965793362247,1.3084864597375747,0.44999999999999996,448.73903397880264,4.189342837486941,2.036000000000002,0.02292595893155609,2.036000000000002,0.0,0.022917651,0.44999999999999996
3.949215454036135,1.309451244178803,0.44999999999999996,448.8428367684917,4.189065444659667,2.0370000000000017,0.02292595893155609,2.0370000000000017,0.0,0.022917651,0.44999999999999996
3.94933422679763,1.310416402754839,0.44999999999999996,448.9471543644383,4.188787269974721,2.0380000000000016,0.02292595893155609,2.0380000000000016,0.0,0.022917651,0.44999999999999996
3.9494528972031926,1.3113819369980644,0.44999999999999996,449.05198887518526,4.188508310229776,2.039000000000002,0.02292595893155609,2.039000000000002,0.0,0.022917651,0.44999999999999996
3.949571464833019,1.3123478484492384,0.44999999999999996,449.15734242080566,4.188228562204984,2.0400000000000023,0.022925958931556085,2.040000000000002,0.0,0.022917651,0.44999999999999996
3.949689929265008,1.313314138657559,0.44999999999999996,449.26321713298245,4.187948022662873,2.041000000000002,0.022925958931556092,2.0410000000000017,0.0,0.022917651,0.44999999999999996
3.9498082900747433,1.31428080918072,0.44999999999999996,449.36961515508744,4.187666688348214,2.0420000000000016,0.02292595893155609,2.0420000000000016,0.0,0.022917651,0.44999999999999996
3.94992654683548,1.3152478615849676,0.44999999999999996,449.476538642262,4.1873845559879035,2.043000000000002,0.022925958931556092,2.043000000000002,0.0,0.022917651,0.44999999999999996
3.9500446991181244,1.3162152974451593,0.44999999999999996,449.58398976149755,4.187101622290843,2.0440000000000023,0.02292595893155609,2.044000000000002,0.0,0.022917651,0.44999999999999996
3.95016274649122,1.3171831183448253,0.44999999999999996,449.6919706917177,4.186817883947808,2.0450000000000017,0.02292595893155609,2.0450000000000017,0.0,0.022917651,0.44999999999999996
3.9502806885209343,1.3181513258762267,0.44999999999999996,449.80048362385975,4.1865333376313325,2.0460000000000016,0.02292595893155609,2.0460000000000016,0.0,0.022917651,0.44999999999999996
3.950398524771036,1.3191199216404168,0.44999999999999996,449.9095307609582,4.186247979995579,2.047000000000002,0.02292595893155609,2.047000000000002,0.0,0.022917651,0.44999999999999996
3.950516145095093,1.320089990497908,0.44999999999999996,450.02016270681884,4.185960285797332,2.0480000000000014,0.02292595893155609,2.048000000000002,0.0,0.022917651,0.44999999999999996
3.9506334057102968,1.3210630082443677,0.44999999999999996,450.13371426353905,4.18566820434015,2.0490000000000017,0.02292595893155609,2.0490000000000017,0.0,0.022917651,0.44999999999999996
3.950750561137521,1.3220364908124553,0.44999999999999996,450.2477309659187,4.18537523728459,2.0500000000000016,0.022925958931556085,2.0500000000000016,0.0,0.022917651,0.44999999999999996
3.950867610925901,1.3230104401945373,0.44999999999999996,450.3622148077127,4.185081380834711,2.0510000000000015,0.02292595893155609,2.051000000000002,0.0,0.022917651,0.44999999999999996
3.9509845546219866,1.3239848583943818,0.44999999999999996,450.4771677940863,4.184786631172845,2.052000000000002,0.02292595893155609,2.052000000000002,0.0,0.022917651,0.44999999999999996
3.951101391769732,1.3249597474272423,0.44999999999999996,450.592591941698,4.184490984459447,2.0530000000000017,0.02292595893155609,2.0530000000000017,0.0,0.022917651,0.44999999999999996
3.9512181219104727,1.3259351093199392,0.44999999999999996,450.7084892787808,4.184194436832926,2.0540000000000016,0.02292595893155609,2.0540000000000016,0.0,0.022917651,0.44999999999999996
3.951334744582909,1.326910946110943,0.44999999999999996,450.8248618452259,4.183896984409504,2.055000000000002,0.02292595893155609,2.055000000000002,0.0,0.022917651,0.44999999999999996
3.951451259323082,1.3278872598504567,0.44999999999999996,450.9417116926665,4.183598623283042,2.056000000000002,0.02292595893155609,2.056000000000002,0.0,0.022917651,0.44999999999999996
3.951567665664364,1.328864052600503,0.44999999999999996,451.05904088456236,4.183299349524884,2.057000000000002,0.02292595893155609,2.0570000000000017,0.0,0.022917651,0.44999999999999996
3.9516839631374294,1.3298413264350086,0.44999999999999996,451.1768514962854,4.182999159183697,2.0580000000000016,0.022925958931556085,2.0580000000000016,0.0,0.022917651,0.44999999999999996
3.9518001512702416,1.330819083439889,0.44999999999999996,451.2951456152054,4.182698048285304,2.059000000000002,0.022925958931556085,2.059000000000002,0.0,0.022917651,0.44999999999999996
3.951916229588029,1.331797325713136,0.44999999999999996,451.4139253407769,4.18239601283252,2.060000000000002,0.02292595893155609,2.060000000000002,0.0,0.022917651,0.44999999999999996
3.9520321976132684,1.3327760553649055,0.44999999999999996,451.5331927846272,4.1820930488049814,2.0610000000000017,0.02292595893155609,2.0610000000000017,0.0,0.022917651,0.44999999999999996
3.952148054865666,1.333755274517606,0.44999999999999996,451.6529500706441,4.181789152158985,2.0620000000000016,0.02292595893155609,2.0620000000000016,0.0,0.022917651,0.44999999999999996
3.952263800862131,1.3347349853059882,0.44999999999999996,451.7731993350655,4.181484318827313,2.063000000000002,0.02292595893155609,2.063000000000002,0.0,0.022917651,0.44999999999999996
3.9523794351167636,1.3357151898772315,0.44999999999999996,451.893942726569,4.181178544719063,2.0640000000000023,0.022925958931556085,2.064000000000002,0.0,0.022917651,0.44999999999999996
3.9524949571408263,1.3366958903910389,0.44999999999999996,452.01518240636256,4.180871825719475,2.0650000000000017,0.022925958931556085,2.0650000000000017,0.0,0.022917651,0.44999999999999996
3.9526103664427317,1.3376770890197263,0.44999999999999996,452.1369205482764,4.180564157689759,2.0660000000000016,0.02292595893155609,2.0660000000000016,0.0,0.022917651,0.44999999999999996
3.9527234220829124,1.3386548941514331,0.44999999999999996,452.2611328382117,4.180250467161283,2.067000000000002,0.02292595893155609,2.067000000000002,0.0,0.022917651,0.44999999999999996
3.9528362958185017,1.3396330196482549,0.44999999999999996,452.38585524081077,4.179935728625018,2.068000000000002,0.02292595893155609,2.068000000000002,0.0,0.022917651,0.44999999999999996
3.9529490369399056,1.3406115532831369,0.44999999999999996,452.5110453001438,4.179620051499581,2.0690000000000017,0.022925958931556085,2.0690000000000017,0.0,0.022917651,0.44999999999999996
3.953061644860272,1.3415904968622014,0.44999999999999996,452.6367050857185,4.179303431631461,2.070000000000002,0.022925958931556085,2.0700000000000016,0.0,0.022917651,0.44999999999999996
3.953174118989279,1.3425698522022422,0.44999999999999996,452.76283667927123,4.178985864842604,2.0710000000000015,0.022925958931556085,2.071000000000002,0.0,0.022917651,0.44999999999999996
3.9532864587331122,1.343549621130804,0.44999999999999996,452.88944217485806,4.178667346930232,2.072000000000002,0.022925958931556085,2.072000000000002,0.0,0.022917651,0.44999999999999996
3.9533986634944376,1.3445298054862633,0.44999999999999996,453.0165236789452,4.178347873666653,2.073000000000002,0.02292595893155609,2.0730000000000017,0.0,0.022917651,0.44999999999999996
3.953510732672374,1.345510407117909,0.44999999999999996,453.1440833105019,4.17802744079909,2.0740000000000016,0.02292595893155609,2.0740000000000016,0.0,0.022917651,0.44999999999999996
3.953622665662472,1.3464914278860207,0.44999999999999996,453.27212320109294,4.177706044049482,2.075000000000002,0.022925958931556085,2.075000000000002,0.0,0.022917651,0.44999999999999996
3.953734461856681,1.3474728696619536,0.44999999999999996,453.40064549497237,4.1773836791143015,2.076000000000002,0.02292595893155609,2.076000000000002,0.0,0.022917651,0.44999999999999996
3.9538461206433273,1.3484547343282192,0.44999999999999996,453.529652349178,4.1770603416643635,2.0770000000000017,0.02292595893155609,2.0770000000000017,0.0,0.022917651,0.44999999999999996
3.9539576414070825,1.3494370237785696,0.44999999999999996,453.65914593362703,4.176736027344634,2.0780000000000016,0.02292595893155609,2.0780000000000016,0.0,0.022917651,0.44999999999999996
3.954069023528941,1.3504197399180806,0.44999999999999996,453.78912843121236,4.176410731774038,2.079000000000002,0.02292595893155609,2.079000000000002,0.0,0.022917651,0.44999999999999996
3.954180266386189,1.3514028846632369,0.44999999999999996,453.91960203789927,4.176084450545264,2.080000000000002,0.02292595893155609,2.080000000000002,0.0,0.022917651,0.44999999999999996
3.9542913693523785,1.3523864599420183,0.44999999999999996,454.05056896282395,4.175757179224563,2.0810000000000017,0.02292595893155609,2.0810000000000017,0.0,0.022917651,0.44999999999999996
3.954402331797298,1.3533704676939846,0.44999999999999996,454.1820314283922,4.17542891335156,2.0820000000000016,0.02292595893155609,2.0820000000000016,0.0,0.022917651,0.44999999999999996
3.9545131064130814,1.3543550184356394,0.44999999999999996,454.31410825726397,4.175099353278978,2.083000000000002,0.02292595893155609,2.083000000000002,0.0,0.022917651,0.44999999999999996
3.9546230636951307,1.3553415762896868,0.44999999999999996,454.448376630726,4.174764518223164,2.0840000000000023,0.02292595893155609,2.084000000000002,0.0,0.022917651,0.44999999999999996
3.954732877859086,1.3563285729427224,0.44999999999999996,454.5831566866795,4.1744286719055514,2.0850000000000017,0.022925958931556085,2.0850000000000017,0.0,0.022917651,0.44999999999999996
3.95484254826422,1.357316010359218,0.44999999999999996,454.71845071588893,4.174091809798797,2.0860000000000016,0.022925958931556085,2.0860000000000016,0.0,0.022917651,0.44999999999999996
3.9549520742659707,1.3583038905153872,0.44999999999999996,454.85426102281326,4.173753927348491,2.0870000000000024,0.02292595893155609,2.087000000000002,0.0,0.022917651,0.44999999999999996
3.9550614552159225,1.3592922153992761,0.44999999999999996,454.9905899257086,4.173415019972957,2.088000000000002,0.02292595893155609,2.088000000000002,0.0,0.022917651,0.44999999999999996
3.9551706904617667,1.3602809870108514,0.44999999999999996,455.12743975673135,4.173075083063045,2.0890000000000017,0.022925958931556085,2.0890000000000017,0.0,0.022917651,0.44999999999999996
3.9552797793472805,1.36127020736209,0.44999999999999996,455.26481286204296,4.172734111981931,2.0900000000000016,0.02292595893155609,2.0900000000000016,0.0,0.022917651,0.44999999999999996
3.955388721212295,1.3622598784770692,0.44999999999999996,455.4027116019147,4.172392102064898,2.091000000000002,0.02292595893155609,2.091000000000002,0.0,0.022917651,0.44999999999999996
3.9554975153926613,1.3632500023920557,0.44999999999999996,455.5411383508342,4.172049048619138,2.092000000000002,0.02292595893155609,2.092000000000002,0.0,0.022917651,0.44999999999999996
3.9556061612202282,1.364240581155602,0.44999999999999996,455.6800954976126,4.1717049469235326,2.093000000000002,0.02292595893155609,2.0930000000000017,0.0,0.022917651,0.44999999999999996
3.955714658022806,1.3652316168286354,0.44999999999999996,455.81958544549275,4.171359792228442,2.0940000000000016,0.02292595893155609,2.0940000000000016,0.0,0.022917651,0.44999999999999996
3.955823005124138,1.3662231114845536,0.44999999999999996,455.95961061225836,4.1710135797554875,2.095000000000002,0.02292595893155609,2.095000000000002,0.0,0.022917651,0.44999999999999996
3.95593120184387,1.3672150672093168,0.44999999999999996,456.10017343034394,4.170666304697336,2.0960000000000023,0.02292595893155609,2.096000000000002,0.0,0.022917651,0.44999999999999996
3.9560392474975186,1.3682074861015463,0.44999999999999996,456.24127634694617,4.17031796221748,2.0970000000000018,0.02292595893155609,2.0970000000000018,0.0,0.022917651,0.44999999999999996
3.9561471413964395,1.3692003702726179,0.44999999999999996,456.382921824136,4.169968547450015,2.0980000000000016,0.02292595893155609,2.0980000000000016,0.0,0.022917651,0.44999999999999996
3.95625475212619,1.3701939486495496,0.44999999999999996,456.52654449619274,4.1696173056741,2.099000000000002,0.02292595893155609,2.099000000000002,0.0,0.022917651,0.44999999999999996
3.95636168580923,1.3711888967721548,0.44999999999999996,456.67658615440166,4.169261985416878,2.100000000000002,0.022925958931556085,2.100000000000002,0.0,0.022917651,0.44999999999999996
3.9564688260051355,1.3721106421280747,0.44999999999999996,456.92856017161745,4.168970834706558,2.1010000000000018,0.022925958968817325,2.1010000000000018,0.0,0.022917651,0.44999999999999996
3.9565758749702016,1.3730328190601775,0.44999999999999996,457.18098528113205,4.168678887518479,2.1020000000000016,0.022925959006078557,2.1020000000000016,0.0,0.022917651,0.44999999999999996
3.9566828324480863,1.3739554287811222,0.44999999999999996,457.43386275044037,4.168386141614668,2.103000000000002,0.022925959043339796,2.103000000000002,0.0,0.022917651,0.44999999999999996
3.956789698181482,1.3748784725081125,0.44999999999999996,457.6871938517901,4.168092594748764,2.104000000000002,0.02292595908060103,2.104000000000002,0.0,0.022917651,0.44999999999999996
3.9568964719121213,1.3758019514629232,0.44999999999999996,457.94097986220436,4.16779824466597,2.1050000000000018,0.02292595911786226,2.1050000000000018,0.0,0.022917651,0.44999999999999996
3.9570031533807613,1.3767258668719184,0.44999999999999996,458.19522206350445,4.167503089103022,2.1060000000000016,0.022925959155123497,2.1060000000000016,0.0,0.022917651,0.44999999999999996
3.9571097423271877,1.377650219966074,0.44999999999999996,458.44992174233164,4.167207125788142,2.107000000000002,0.02292595919238473,2.107000000000002,0.0,0.022917651,0.44999999999999996
3.957216238490204,1.3785750119809992,0.44999999999999996,458.70508019017007,4.166910352441003,2.1080000000000023,0.02292595922964597,2.108000000000002,0.0,0.022917651,0.44999999999999996
3.9573226416076297,1.3795002441569584,0.44999999999999996,458.96069870337004,4.1666127667726816,2.1090000000000018,0.0229259592669072,2.1090000000000018,0.0,0.022917651,0.44999999999999996
3.957428951416299,1.3804259177388942,0.44999999999999996,459.21677858317037,4.166314366485629,2.1100000000000017,0.022925959304168436,2.1100000000000017,0.0,0.022917651,0.44999999999999996
3.9575351676520487,1.3813520339764478,0.44999999999999996,459.4733211357221,4.166015149273622,2.1110000000000024,0.022925959341429672,2.111000000000002,0.0,0.022917651,0.44999999999999996
3.9576412900497195,1.3822785941239812,0.44999999999999996,459.73032767211066,4.165715112821719,2.112000000000002,0.0229259593786909,2.112000000000002,0.0,0.022917651,0.44999999999999996
3.9577470421824126,1.3832074535196999,0.44999999999999996,459.9893342417234,4.165411295558909,2.113000000000002,0.022925959415952143,2.1130000000000018,0.0,0.022917651,0.44999999999999996
3.957852122721239,1.384140625270904,0.44999999999999996,460.2520635570584,4.165100478483888,2.1140000000000017,0.022925959453213376,2.1140000000000017,0.0,0.022917651,0.44999999999999996
3.9579571063978958,1.3850742453970315,0.44999999999999996,460.5153462431493,4.164788825594728,2.115000000000002,0.022925959490474608,2.115000000000002,0.0,0.022917651,0.44999999999999996
3.958061992938813,1.3860083151644396,0.44999999999999996,460.77918386289844,4.164476334530813,2.116000000000002,0.022925959527735844,2.116000000000002,0.0,0.022917651,0.44999999999999996
3.9581667820693864,1.3869428358442628,0.44999999999999996,461.04357798509966,4.164163002922628,2.1170000000000018,0.02292595956499708,2.1170000000000018,0.0,0.022917651,0.44999999999999996
3.958271473513979,1.3878778087124295,0.44999999999999996,461.3085301844654,4.163848828391719,2.1180000000000017,0.02292595960225832,2.1180000000000017,0.0,0.022917651,0.44999999999999996
3.958376066995912,1.3888132350496871,0.44999999999999996,461.5740420416554,4.16353380855065,2.1190000000000024,0.022925959639519555,2.119000000000002,0.0,0.022917651,0.44999999999999996
3.9584805622374604,1.389749116141623,0.44999999999999996,461.84011514330336,4.1632179410029595,2.120000000000002,0.022925959676780783,2.120000000000002,0.0,0.022917651,0.44999999999999996
3.958584958959848,1.3906854532786908,0.44999999999999996,462.1067510820471,4.162901223343119,2.121000000000002,0.02292595971404202,2.1210000000000018,0.0,0.022917651,0.44999999999999996
3.9586892568832432,1.3916222477562292,0.44999999999999996,462.3739514565556,4.162583653156491,2.1220000000000017,0.02292595975130325,2.1220000000000017,0.0,0.022917651,0.44999999999999996
3.9587934557267546,1.3925595008744895,0.44999999999999996,462.641717871558,4.162265228019284,2.1230000000000024,0.022925959788564487,2.123000000000002,0.0,0.022917651,0.44999999999999996
3.9588975552084245,1.393497213938654,0.44999999999999996,462.91005193787237,4.16194594549851,2.124000000000002,0.022925959825825723,2.124000000000002,0.0,0.022917651,0.44999999999999996
3.959001555045222,1.3944353882588638,0.44999999999999996,463.1789552724346,4.1616258031519395,2.1250000000000018,0.02292595986308696,2.1250000000000018,0.0,0.022917651,0.44999999999999996
3.959104928862673,1.3953730161757212,0.44999999999999996,463.4487943870105,4.161303703497673,2.1260000000000017,0.02292595990034819,2.1260000000000017,0.0,0.022917651,0.44999999999999996
3.959205868867611,1.3963066503883352,0.44999999999999996,463.72083736756724,4.1609758638765495,2.127000000000002,0.022925959937609423,2.127000000000002,0.0,0.022917651,0.44999999999999996
3.9593067052655035,1.3972407742501036,0.44999999999999996,463.99347832310366,4.160647120168849,2.128000000000002,0.02292595997487066,2.128000000000002,0.0,0.022917651,0.44999999999999996
3.959407437758149,1.3981753891703341,0.44999999999999996,464.26671897471124,4.160317469772427,2.129000000000002,0.022925960012131895,2.129000000000002,0.0,0.022917651,0.44999999999999996
3.9595080660461996,1.3991104965637489,0.44999999999999996,464.54056105009283,4.159986910075147,2.1300000000000017,0.022925960049393127,2.1300000000000017,0.0,0.022917651,0.44999999999999996
3.9596085898291578,1.4000460978505092,0.44999999999999996,464.81500628359424,4.159655438454828,2.131000000000002,0.022925960086654366,2.131000000000002,0.0,0.022917651,0.44999999999999996
3.959709008805369,1.400982194456242,0.44999999999999996,465.09005641623605,4.159323052279197,2.1320000000000014,0.0229259601239156,2.132000000000002,0.0,0.022917651,0.44999999999999996
3.9598093226720166,1.4019187878120662,0.44999999999999996,465.3657131957459,4.15898974890584,2.133000000000002,0.022925960161176834,2.133000000000002,0.0,0.022917651,0.44999999999999996
3.9599095311251142,1.4028558793546195,0.44999999999999996,465.64197837659106,4.158655525682155,2.1340000000000017,0.022925960198438067,2.1340000000000017,0.0,0.022917651,0.44999999999999996
3.9600096338595066,1.4037934705260857,0.44999999999999996,465.91885372001076,4.1583203799453,2.135000000000002,0.022925960235699303,2.135000000000002,0.0,0.022917651,0.44999999999999996
3.960109630568854,1.4047315627742178,0.44999999999999996,466.1963409940484,4.157984309022145,2.136000000000002,0.02292596027296054,2.136000000000002,0.0,0.022917651,0.44999999999999996
3.9602095209456376,1.4056701575523707,0.44999999999999996,466.47444197358544,4.157647310229223,2.137000000000002,0.022925960310221774,2.137000000000002,0.0,0.022917651,0.44999999999999996
3.960309304681143,1.406609256319523,0.44999999999999996,466.75315844037345,4.157309380872678,2.1380000000000017,0.02292596034748301,2.1380000000000017,0.0,0.022917651,0.44999999999999996
3.9604082889081953,1.4075500389150115,0.44999999999999996,467.033832884197,4.156966568848579,2.1390000000000025,0.022925960384744246,2.139000000000002,0.0,0.022917651,0.44999999999999996
3.960506859498553,1.408491849521417,0.44999999999999996,467.3157208543965,4.156621073908409,2.140000000000002,0.022925960422005478,2.140000000000002,0.0,0.022917651,0.44999999999999996
3.9606053208939525,1.4094341710401546,0.44999999999999996,467.59823443358107,4.156274631268476,2.141000000000002,0.022925960459266714,2.141000000000002,0.0,0.022917651,0.44999999999999996
3.9607036727773424,1.4103770049546749,0.44999999999999996,467.8813754382275,4.155927238177104,2.1420000000000017,0.02292596049652795,2.1420000000000017,0.0,0.022917651,0.44999999999999996
3.960801914830442,1.411320352754178,0.44999999999999996,468.16514569185165,4.155578891871951,2.1430000000000025,0.02292596053378919,2.143000000000002,0.0,0.022917651,0.44999999999999996
3.9609000467337387,1.412264215933639,0.44999999999999996,468.44954702504225,4.155229589579959,2.1440000000000023,0.022925960571050417,2.144000000000002,0.0,0.022917651,0.44999999999999996
3.9609980681664747,1.4132085959938392,0.44999999999999996,468.7345812754958,4.154879328517308,2.145000000000002,0.022925960608311653,2.145000000000002,0.0,0.022917651,0.44999999999999996
3.9610959788066507,1.4141534944413914,0.44999999999999996,469.02025028805105,4.154528105889354,2.1460000000000017,0.02292596064557289,2.1460000000000017,0.0,0.022917651,0.44999999999999996
3.961193778331012,1.415098912788771,0.44999999999999996,469.3065559147234,4.1541759188905845,2.147000000000002,0.02292596068283412,2.147000000000002,0.0,0.022917651,0.44999999999999996
3.961291466415046,1.4160448525543403,0.44999999999999996,469.5935000147398,4.153822764704562,2.1480000000000015,0.022925960720095357,2.148000000000002,0.0,0.022917651,0.44999999999999996
3.9613890427329728,1.416991315262382,0.44999999999999996,469.8810844545741,4.153468640503869,2.1490000000000022,0.02292596075735659,2.149000000000002,0.0,0.022917651,0.44999999999999996
3.9614865069577467,1.4179383024431258,0.44999999999999996,470.16931110798254,4.153113543450058,2.1500000000000017,0.022925960794617825,2.1500000000000017,0.0,0.022917651,0.44999999999999996
3.961583143451659,1.4188864913746635,0.44999999999999996,470.4594809769054,4.152753934673147,2.1510000000000025,0.02292596083187906,2.151000000000002,0.0,0.022917651,0.44999999999999996
3.9616793176520635,1.4198355395509505,0.44999999999999996,470.75093830179765,4.152391617933462,2.1520000000000015,0.022925960869140297,2.152000000000002,0.0,0.022917651,0.44999999999999996
3.961775380234777,1.4207851172011365,0.44999999999999996,471.0430487939256,4.152028325233584,2.153000000000002,0.022925960906401532,2.153000000000002,0.0,0.022917651,0.44999999999999996
3.961871330879531,1.4217352258444498,0.44999999999999996,471.3358143274332,4.151664053773176,2.1540000000000017,0.022925960943662768,2.1540000000000017,0.0,0.022917651,0.44999999999999996
3.9619671692648346,1.4226858670059364,0.44999999999999996,471.6292367836407,4.151298800741175,2.155000000000002,0.022925960980923997,2.155000000000002,0.0,0.022917651,0.44999999999999996
3.962062895067961,1.4236370422164875,0.44999999999999996,471.9233180510796,4.150932563315744,2.156000000000002,0.022925961018185233,2.156000000000002,0.0,0.022917651,0.44999999999999996
3.9621585079649475,1.4245887530128685,0.44999999999999996,472.2180600255275,4.150565338664217,2.157000000000002,0.02292596105544647,2.157000000000002,0.0,0.022917651,0.44999999999999996
3.962254007630587,1.4255410009377467,0.44999999999999996,472.51346461004266,4.1501971239430535,2.1580000000000017,0.022925961092707704,2.1580000000000017,0.0,0.022917651,0.44999999999999996
3.962349393738421,1.4264937875397197,0.44999999999999996,472.8095337149991,4.149827916297778,2.1590000000000025,0.02292596112996894,2.159000000000002,0.0,0.022917651,0.44999999999999996
3.9624446659607346,1.4274471143733432,0.44999999999999996,473.1062692581208,4.149457712862934,2.160000000000002,0.022925961167230176,2.160000000000002,0.0,0.022917651,0.44999999999999996
3.9625398239685534,1.4284009829991602,0.44999999999999996,473.403673164519,4.149086510762029,2.161000000000002,0.02292596120449141,2.161000000000002,0.0,0.022917651,0.44999999999999996
3.962634761864353,1.429355482128316,0.44999999999999996,473.70190821650414,4.148713797649796,2.1620000000000017,0.022925961241752644,2.1620000000000017,0.0,0.022917651,0.44999999999999996
3.96272834473878,1.4303115510419186,0.44999999999999996,474.0027067471036,4.1483340941622755,2.1630000000000025,0.02292596127901388,2.163000000000002,0.0,0.022917651,0.44999999999999996
3.9628218126680346,1.4312681683249302,0.44999999999999996,474.30418214232634,4.147953382559403,2.164000000000002,0.022925961316275112,2.164000000000002,0.0,0.022917651,0.44999999999999996
3.962915165325364,1.4322253355361916,0.44999999999999996,474.60633632628384,4.147571659975423,2.165000000000002,0.022925961353536348,2.165000000000002,0.0,0.022917651,0.44999999999999996
3.9630084023827767,1.4331830542404567,0.44999999999999996,474.90917123038724,4.147188923533712,2.1660000000000017,0.022925961390797583,2.1660000000000017,0.0,0.022917651,0.44999999999999996
3.9631015235110327,1.4341413260084228,0.44999999999999996,475.2126887933823,4.146805170346722,2.167000000000002,0.022925961428058816,2.167000000000002,0.0,0.022917651,0.44999999999999996
3.963194528379646,1.4351001524167553,0.44999999999999996,475.51689096138347,4.146420397515931,2.168000000000002,0.02292596146532005,2.168000000000002,0.0,0.022917651,0.44999999999999996
3.9632874166568666,1.4360595350481198,0.44999999999999996,475.82177968791007,4.146034602131785,2.169000000000002,0.022925961502581287,2.169000000000002,0.0,0.022917651,0.44999999999999996
3.9633801880096864,1.4370194754912091,0.44999999999999996,476.1273569339209,4.145647781273653,2.1700000000000017,0.02292596153984252,2.1700000000000017,0.0,0.022917651,0.44999999999999996
3.9634728421038252,1.437979975340772,0.44999999999999996,476.43362466784976,4.145259932009768,2.171000000000002,0.022925961577103755,2.171000000000002,0.0,0.022917651,0.44999999999999996
3.963565378603729,1.4389410361976411,0.44999999999999996,476.74058486564076,4.14487105139718,2.172000000000002,0.02292596161436499,2.172000000000002,0.0,0.022917651,0.44999999999999996
3.96365779717256,1.4399026596687639,0.44999999999999996,477.04823951078487,4.144481136481699,2.1730000000000023,0.022925961651626227,2.173000000000002,0.0,0.022917651,0.44999999999999996
3.963749124475805,1.4408658093025504,0.44999999999999996,477.35842444719674,4.144085330345898,2.1740000000000017,0.022925961688887463,2.1740000000000017,0.0,0.022917651,0.44999999999999996
3.963840242364836,1.441829619626409,0.44999999999999996,477.6694716163201,4.1436880258707705,2.175000000000002,0.02292596172614869,2.175000000000002,0.0,0.022917651,0.44999999999999996
3.9639312339309205,1.442794010050203,0.44999999999999996,477.98122549678976,4.143289636013175,2.176000000000002,0.02292596176340993,2.176000000000002,0.0,0.022917651,0.44999999999999996
3.9640220987982464,1.4437589822997408,0.44999999999999996,478.2936881910856,4.142890157544077,2.1770000000000023,0.022925961800671163,2.177000000000002,0.0,0.022917651,0.44999999999999996
3.964112836589507,1.444724538107683,0.44999999999999996,478.60686181003564,4.142489587221623,2.1780000000000017,0.0229259618379324,2.1780000000000017,0.0,0.022917651,0.44999999999999996
3.964203446925898,1.4456906792135782,0.44999999999999996,478.9207484728578,4.14208792179107,2.179000000000002,0.022925961875193634,2.179000000000002,0.0,0.022917651,0.44999999999999996
3.964293929427107,1.446657407363894,0.44999999999999996,479.2353503072008,4.14168515798473,2.1800000000000015,0.022925961912454867,2.180000000000002,0.0,0.022917651,0.44999999999999996
3.9643842837113077,1.4476247243120546,0.44999999999999996,479.55066944918724,4.141281292521902,2.181000000000002,0.022925961949716103,2.181000000000002,0.0,0.022917651,0.44999999999999996
3.964474509395151,1.4485926318184732,0.44999999999999996,479.866708043455,4.140876322108804,2.182000000000002,0.02292596198697734,2.1820000000000017,0.0,0.022917651,0.44999999999999996
3.9645646060937585,1.4495611316505896,0.44999999999999996,480.1834682432003,4.140470243438511,2.183000000000002,0.022925962024238574,2.183000000000002,0.0,0.022917651,0.44999999999999996
3.9646543791897138,1.4505303610810698,0.44999999999999996,480.50123364162226,4.140062140540868,2.184000000000002,0.02292596206149981,2.184000000000002,0.0,0.022917651,0.44999999999999996
3.9647427891735267,1.451501046283994,0.44999999999999996,480.82151605811515,4.139647127960575,2.185000000000002,0.022925962098761046,2.185000000000002,0.0,0.022917651,0.44999999999999996
3.9648310716601656,1.4524723263665824,0.44999999999999996,481.142529788361,4.139231010481685,2.186000000000002,0.022925962136022278,2.1860000000000017,0.0,0.022917651,0.44999999999999996
3.964919226279357,1.4534442030564594,0.44999999999999996,481.46427695620986,4.138813784895403,2.187000000000002,0.022925962173283514,2.187000000000002,0.0,0.022917651,0.44999999999999996
3.9650072526593956,1.4544166780879442,0.44999999999999996,481.78675969374325,4.138395447980489,2.188000000000002,0.02292596221054475,2.188000000000002,0.0,0.022917651,0.44999999999999996
3.965095150427131,1.4553897532020863,0.44999999999999996,482.109980141315,4.137975996503213,2.189000000000002,0.02292596224780598,2.189000000000002,0.0,0.022917651,0.44999999999999996
3.965182919207966,1.4563634301466957,0.44999999999999996,482.43394044759094,4.137555427217282,2.190000000000002,0.022925962285067217,2.1900000000000017,0.0,0.022917651,0.44999999999999996
3.965270558625846,1.4573377106763774,0.44999999999999996,482.7586427695894,4.137133736863785,2.191000000000002,0.02292596232232845,2.191000000000002,0.0,0.022917651,0.44999999999999996
3.965358068303253,1.4583125965525612,0.44999999999999996,483.08408927272126,4.13671092217113,2.192000000000002,0.022925962359589686,2.192000000000002,0.0,0.022917651,0.44999999999999996
3.965445447861199,1.4592880895435403,0.44999999999999996,483.4102821308319,4.136286979854982,2.193000000000002,0.02292596239685092,2.193000000000002,0.0,0.022917651,0.44999999999999996
3.9655326969192197,1.4602641914245005,0.44999999999999996,483.73722352624145,4.1358619066182065,2.194000000000002,0.022925962434112154,2.1940000000000017,0.0,0.022917651,0.44999999999999996
3.9656188236403054,1.4612417579731984,0.44999999999999996,484.06646739168775,4.1354308798944155,2.1950000000000025,0.02292596247137339,2.195000000000002,0.0,0.022917651,0.44999999999999996
3.9657044719067716,1.4622202427641002,0.44999999999999996,484.39700985256815,4.134997021313625,2.1960000000000024,0.022925962508634625,2.196000000000002,0.0,0.022917651,0.44999999999999996
3.9657899863609853,1.463199351420289,0.44999999999999996,484.72831345365466,4.134562003633312,2.197000000000002,0.022925962545895857,2.197000000000002,0.0,0.022917651,0.44999999999999996
3.965875366610205,1.4641790857728212,0.44999999999999996,485.0603804289087,4.134125823451497,2.1980000000000017,0.022925962583157093,2.1980000000000017,0.0,0.022917651,0.44999999999999996
3.965960612260151,1.465159447659927,0.44999999999999996,485.3932130210427,4.133688477352873,2.199000000000002,0.02292596262041833,2.199000000000002,0.0,0.022917651,0.44999999999999996
3.9660457229149966,1.466140438927042,0.44999999999999996,485.72681348156175,4.133249961908744,2.200000000000002,0.02292596265767956,2.200000000000002,0.0,0.022917651,0.44999999999999996
3.9661354510581766,1.4670488678814704,0.44999999999999996,485.86513204525255,4.132893496746047,2.2010000000000023,0.02292596265767956,2.201000000000002,0.0,0.022917651,0.44999999999999996
3.966225076277866,1.4679577032679196,0.44999999999999996,486.0040064142159,4.1325362134428625,2.202000000000002,0.022925962657679558,2.2020000000000017,0.0,0.022917651,0.44999999999999996
3.966314598243568,1.468866946391487,0.44999999999999996,486.14343837320183,4.132178109372057,2.203000000000002,0.022925962657679565,2.203000000000002,0.0,0.022917651,0.44999999999999996
3.9664040166233674,1.4697765985628612,0.44999999999999996,486.2834297146098,4.131819181895231,2.2040000000000024,0.022925962657679568,2.204000000000002,0.0,0.022917651,0.44999999999999996
3.966493331083924,1.470686661098357,0.44999999999999996,486.42398223852956,4.131459428362666,2.205000000000002,0.02292596265767956,2.205000000000002,0.0,0.022917651,0.44999999999999996
3.9665825412904687,1.471597135319943,0.44999999999999996,486.5650977527835,4.131098846113269,2.2060000000000017,0.02292596265767956,2.2060000000000017,0.0,0.022917651,0.44999999999999996
3.966670994716382,1.4725084755003515,0.44999999999999996,486.707703908121,4.130734371435773,2.207000000000002,0.022925962657679565,2.207000000000002,0.0,0.022917651,0.44999999999999996
3.966758891749112,1.4734205477936084,0.44999999999999996,486.851528129415,4.130366939524962,2.2080000000000024,0.022925962657679565,2.208000000000002,0.0,0.022917651,0.44999999999999996
3.9668466894999375,1.4743330368943648,0.44999999999999996,486.9959255624915,4.129998693663964,2.2090000000000023,0.022925962657679565,2.209000000000002,0.0,0.022917651,0.44999999999999996
3.9669343876660226,1.4752459440739962,0.44999999999999996,487.14089795580225,4.129629631370008,2.2100000000000017,0.022925962657679565,2.2100000000000017,0.0,0.022917651,0.44999999999999996
3.9670219859432976,1.4761592706090558,0.44999999999999996,487.286447064917,4.129259750150218,2.211000000000002,0.02292596265767956,2.211000000000002,0.0,0.022917651,0.44999999999999996
3.967109484026455,1.4770730177812967,0.44999999999999996,487.4325746525598,4.128889047501559,2.212000000000002,0.022925962657679565,2.212000000000002,0.0,0.022917651,0.44999999999999996
3.9671968816089387,1.4779871868777021,0.44999999999999996,487.5792824886459,4.128517520910783,2.213000000000002,0.022925962657679565,2.213000000000002,0.0,0.022917651,0.44999999999999996
3.9672841783829433,1.4789017791905112,0.44999999999999996,487.72657235031824,4.128145167854381,2.214000000000002,0.022925962657679568,2.2140000000000017,0.0,0.022917651,0.44999999999999996
3.9673713740394025,1.4798167960172455,0.44999999999999996,487.8744460219842,4.1277719857985256,2.215000000000002,0.022925962657679565,2.215000000000002,0.0,0.022917651,0.44999999999999996
3.967458468267991,1.4807322386607347,0.44999999999999996,488.0229052953533,4.127397972199023,2.216000000000002,0.022925962657679565,2.216000000000002,0.0,0.022917651,0.44999999999999996
3.9675454607571052,1.4816481084291464,0.44999999999999996,488.17195196947375,4.127023124501258,2.217000000000002,0.022925962657679565,2.217000000000002,0.0,0.022917651,0.44999999999999996
3.967632351193869,1.4825644066360124,0.44999999999999996,488.32158785077104,4.126647440140138,2.2180000000000017,0.022925962657679565,2.2180000000000017,0.0,0.022917651,0.44999999999999996
3.9677191392641182,1.4834811346002552,0.44999999999999996,488.47181475308497,4.126270916540046,2.219000000000002,0.022925962657679565,2.219000000000002,0.0,0.022917651,0.44999999999999996
3.9678058246524026,1.4843982936462166,0.44999999999999996,488.6226344977081,4.125893551114781,2.2200000000000024,0.02292596265767956,2.220000000000002,0.0,0.022917651,0.44999999999999996
3.9678922497586915,1.4853160076512657,0.44999999999999996,488.7750675496624,4.125514589324401,2.221000000000002,0.022925962657679558,2.221000000000002,0.0,0.022917651,0.44999999999999996
3.9679781207919986,1.4862345051813053,0.44999999999999996,488.9309198718072,4.125132627007777,2.2220000000000018,0.02292596265767956,2.2220000000000018,0.0,0.022917651,0.44999999999999996
3.968063873330898,1.4871534471798258,0.44999999999999996,489.08731347020506,4.124749746297282,2.223000000000002,0.022925962657679568,2.223000000000002,0.0,0.022917651,0.44999999999999996
3.9681495069758457,1.488072835145501,0.44999999999999996,489.2442501699502,4.1243659440962475,2.224000000000002,0.022925962657679565,2.224000000000002,0.0,0.022917651,0.44999999999999996
3.9682350213255,1.488992670583751,0.44999999999999996,489.40173180435113,4.123981217294061,2.225000000000002,0.022925962657679565,2.225000000000002,0.0,0.022917651,0.44999999999999996
3.9683204159767103,1.489912955006779,0.44999999999999996,489.55976021497736,4.123595562766097,2.226000000000002,0.022925962657679565,2.2260000000000018,0.0,0.022917651,0.44999999999999996
3.968405690524509,1.490833689933609,0.44999999999999996,489.7183372517053,4.123208977373634,2.227000000000002,0.022925962657679565,2.227000000000002,0.0,0.022917651,0.44999999999999996
3.9684908445620963,1.4917548768901252,0.44999999999999996,489.87746477276573,4.1228214579637745,2.228000000000002,0.022925962657679565,2.228000000000002,0.0,0.022917651,0.44999999999999996
3.968575877680836,1.492676517409111,0.44999999999999996,490.03714464479094,4.122433001369369,2.229000000000002,0.022925962657679565,2.229000000000002,0.0,0.022917651,0.44999999999999996
3.968660789470242,1.4935986130302876,0.44999999999999996,490.19737874286204,4.122043604408931,2.2300000000000018,0.022925962657679565,2.2300000000000018,0.0,0.022917651,0.44999999999999996
3.9687455795179685,1.4945211653003538,0.44999999999999996,490.35816895055723,4.121653263886557,2.231000000000002,0.022925962657679565,2.231000000000002,0.0,0.022917651,0.44999999999999996
3.9688302474097963,1.495444175773024,0.44999999999999996,490.51951715999917,4.121261976591848,2.2320000000000024,0.022925962657679565,2.232000000000002,0.0,0.022917651,0.44999999999999996
3.9689147927296284,1.4963676460090696,0.44999999999999996,490.6814252719044,4.120869739299818,2.2330000000000023,0.022925962657679565,2.233000000000002,0.0,0.022917651,0.44999999999999996
3.968999215059472,1.497291577576359,0.44999999999999996,490.8438951956316,4.120476548770823,2.2340000000000018,0.022925962657679565,2.2340000000000018,0.0,0.022917651,0.44999999999999996
3.969082910462344,1.4982178061255773,0.44999999999999996,491.00917747658633,4.120078153514232,2.2350000000000025,0.022925962657679565,2.235000000000002,0.0,0.022917651,0.44999999999999996
3.9691658664564318,1.4991463166256194,0.44999999999999996,491.17726485238484,4.119674518564162,2.236000000000002,0.022925962657679565,2.236000000000002,0.0,0.022917651,0.44999999999999996
3.969248700049634,1.50007521608184,0.44999999999999996,491.3458402676009,4.11927000501805,2.237000000000002,0.022925962657679565,2.237000000000002,0.0,0.022917651,0.44999999999999996
3.969331410856073,1.5010045057204422,0.44999999999999996,491.51490526080227,4.11886461010608,2.2380000000000018,0.022925962657679565,2.2380000000000018,0.0,0.022917651,0.44999999999999996
3.9694139984882524,1.501934186772789,0.44999999999999996,491.68446137703046,4.118458331046781,2.239000000000002,0.022925962657679565,2.239000000000002,0.0,0.022917651,0.44999999999999996
3.96949646255704,1.502864260475429,0.44999999999999996,491.8545101678353,4.118051165046964,2.2400000000000015,0.022925962657679565,2.240000000000002,0.0,0.022917651,0.44999999999999996
3.969578802671667,1.503794728070127,0.44999999999999996,492.0250531913091,4.117643109301667,2.241000000000002,0.022925962657679565,2.241000000000002,0.0,0.022917651,0.44999999999999996
3.9696610184397096,1.5047255908038868,0.44999999999999996,492.19609201212086,4.117234160994082,2.2420000000000018,0.022925962657679565,2.2420000000000018,0.0,0.022917651,0.44999999999999996
3.9697431094670907,1.5056568499289849,0.44999999999999996,492.3676282015515,4.116824317295502,2.243000000000002,0.022925962657679565,2.243000000000002,0.0,0.022917651,0.44999999999999996
3.969825075358062,1.5065885067029907,0.44999999999999996,492.5396633375282,4.116413575365252,2.244000000000002,0.022925962657679565,2.244000000000002,0.0,0.022917651,0.44999999999999996
3.9699069157152045,1.5075205623888033,0.44999999999999996,492.7121990046604,4.116001932350631,2.2450000000000023,0.022925962657679565,2.245000000000002,0.0,0.022917651,0.44999999999999996
3.96998863013941,1.5084530182546725,0.44999999999999996,492.8852367942746,4.1155893853868415,2.246000000000002,0.022925962657679565,2.2460000000000018,0.0,0.022917651,0.44999999999999996
3.970070218229877,1.5093858755742309,0.44999999999999996,493.0587783044497,4.115175931596934,2.247000000000002,0.022925962657679565,2.247000000000002,0.0,0.022917651,0.44999999999999996
3.9701507910574074,1.5103189157303052,0.44999999999999996,493.23522329437066,4.11475823442257,2.248000000000002,0.022925962657679565,2.248000000000002,0.0,0.022917651,0.44999999999999996
3.9702299653248296,1.5112521622012998,0.44999999999999996,493.415699607314,4.1143347374811565,2.249000000000002,0.022925962657679565,2.249000000000002,0.0,0.022917651,0.44999999999999996
3.970309032218045,1.5121859853970243,0.44999999999999996,493.5967620916266,4.1139102343410805,2.2500000000000018,0.02292596265767956,2.2500000000000018,0.0,0.022917651,0.44999999999999996
3.970387991404381,1.5131203871043208,0.44999999999999996,493.77841256341827,4.113484721884875,2.2510000000000026,0.022925962657679565,2.251000000000002,0.0,0.022917651,0.44999999999999996
3.9704668425497878,1.5140553691174194,0.44999999999999996,493.9606528463089,4.113058196982189,2.252000000000002,0.022925962657679565,2.252000000000002,0.0,0.022917651,0.44999999999999996
3.970545585318834,1.5149909332379783,0.44999999999999996,494.1434847714675,4.112630656489709,2.2530000000000014,0.022925962657679565,2.253000000000002,0.0,0.022917651,0.44999999999999996
3.9706242193746997,1.515927081275122,0.44999999999999996,494.3269101776512,4.112202097251099,2.254000000000002,0.022925962657679565,2.254000000000002,0.0,0.022917651,0.44999999999999996
3.9707027443791656,1.516863815045479,0.44999999999999996,494.5109309112445,4.111772516096926,2.255000000000002,0.022925962657679565,2.255000000000002,0.0,0.022917651,0.44999999999999996
3.9707811599926086,1.5178011363732204,0.44999999999999996,494.69554882629865,4.1113419098446,2.256000000000002,0.022925962657679565,2.256000000000002,0.0,0.022917651,0.44999999999999996
3.970859465873993,1.5187390470901014,0.44999999999999996,494.88076578457225,4.1109102752982984,2.2570000000000023,0.022925962657679565,2.257000000000002,0.0,0.022917651,0.44999999999999996
3.970937661680866,1.5196775490354986,0.44999999999999996,495.0665836555704,4.110477609248902,2.258000000000002,0.022925962657679565,2.258000000000002,0.0,0.022917651,0.44999999999999996
3.971015747069347,1.5206166440564506,0.44999999999999996,495.2530043165861,4.110043908473927,2.259000000000002,0.022925962657679565,2.259000000000002,0.0,0.022917651,0.44999999999999996
3.9710937131091133,1.5215563255534617,0.44999999999999996,495.4400486906712,4.109609143845271,2.2600000000000025,0.022925962657679565,2.260000000000002,0.0,0.022917651,0.44999999999999996
3.971169651514177,1.5224946888975033,0.44999999999999996,495.6319636309609,4.109167585390486,2.261000000000002,0.022925962657679565,2.261000000000002,0.0,0.022917651,0.44999999999999996
3.971245446250473,1.5234335642269599,0.44999999999999996,495.8245863939684,4.108724940196689,2.262000000000002,0.022925962657679565,2.262000000000002,0.0,0.022917651,0.44999999999999996
3.9713210968209753,1.5243729533130668,0.44999999999999996,496.0179194284351,4.108281204504262,2.263000000000002,0.022925962657679565,2.263000000000002,0.0,0.022917651,0.44999999999999996
3.9713966027263607,1.5253128579352373,0.44999999999999996,496.21196519441105,4.107836374536227,2.264000000000002,0.022925962657679565,2.264000000000002,0.0,0.022917651,0.44999999999999996
3.9714719634649973,1.526253279881112,0.44999999999999996,496.4067261633198,4.10739044649814,2.265000000000002,0.022925962657679565,2.265000000000002,0.0,0.022917651,0.44999999999999996
3.9715471785329304,1.5271942209466072,0.44999999999999996,496.6022048180244,4.106943416577994,2.2660000000000022,0.022925962657679565,2.266000000000002,0.0,0.022917651,0.44999999999999996
3.971622247423872,1.5281356829359605,0.44999999999999996,496.7984036528942,4.10649528094612,2.267000000000002,0.022925962657679565,2.267000000000002,0.0,0.022917651,0.44999999999999996
3.971697169629184,1.52907766766178,0.44999999999999996,496.99532517387047,4.10604603575508,2.268000000000002,0.022925962657679565,2.268000000000002,0.0,0.022917651,0.44999999999999996
3.9717719446378656,1.530020176945094,0.44999999999999996,497.1929718985347,4.105595677139562,2.269000000000002,0.022925962657679565,2.269000000000002,0.0,0.022917651,0.44999999999999996
3.97184657193654,1.5309632126153987,0.44999999999999996,497.39134635617546,4.105144201216284,2.2700000000000022,0.022925962657679565,2.270000000000002,0.0,0.022917651,0.44999999999999996
3.9719210510094394,1.5319067765107082,0.44999999999999996,497.5904510878573,4.104691604083881,2.271000000000002,0.022925962657679565,2.271000000000002,0.0,0.022917651,0.44999999999999996
3.9719951591958127,1.532851021256265,0.44999999999999996,497.79058237429916,4.104236842567755,2.272000000000002,0.022925962657679565,2.272000000000002,0.0,0.022917651,0.44999999999999996
3.97206801515452,1.5337965450376798,0.44999999999999996,497.9929082504327,4.103775793568648,2.273000000000002,0.022925962657679565,2.273000000000002,0.0,0.022917651,0.44999999999999996
3.9721407201151306,1.534742600801702,0.44999999999999996,498.1959750636983,4.103313608648333,2.274000000000002,0.022925962657679565,2.274000000000002,0.0,0.022917651,0.44999999999999996
3.97221327355415,1.5356891903926553,0.44999999999999996,498.3997853828416,4.102850283868699,2.275000000000002,0.02292596265767956,2.275000000000002,0.0,0.022917651,0.44999999999999996
3.972285674945662,1.536636315663398,0.44999999999999996,498.60434178849596,4.1023858152734105,2.2760000000000025,0.022925962657679565,2.276000000000002,0.0,0.022917651,0.44999999999999996
3.9723579237613147,1.5375839784753746,0.44999999999999996,498.8096468732515,4.101920198887799,2.277000000000002,0.022925962657679565,2.277000000000002,0.0,0.022917651,0.44999999999999996
3.9724300194703046,1.5385321806986634,0.44999999999999996,499.0157032417244,4.101453430718763,2.2780000000000014,0.022925962657679565,2.278000000000002,0.0,0.022917651,0.44999999999999996
3.9725019615393617,1.5394809242120278,0.44999999999999996,499.22251351062675,4.100985506754655,2.279000000000002,0.022925962657679565,2.279000000000002,0.0,0.022917651,0.44999999999999996
3.9725737494327396,1.5404302109029648,0.44999999999999996,499.43008030883624,4.100516422965175,2.280000000000002,0.02292596265767956,2.280000000000002,0.0,0.022917651,0.44999999999999996
3.9726453826121952,1.5413800426677589,0.44999999999999996,499.6384062774679,4.100046175301263,2.281000000000002,0.022925962657679565,2.281000000000002,0.0,0.022917651,0.44999999999999996
3.972716860536979,1.5423304214115308,0.44999999999999996,499.8474940699447,4.099574759694992,2.282000000000002,0.022925962657679565,2.282000000000002,0.0,0.022917651,0.44999999999999996
3.972788182663818,1.5432813490482913,0.44999999999999996,500.0573463520698,4.099102172059452,2.283000000000002,0.022925962657679565,2.283000000000002,0.0,0.022917651,0.44999999999999996
3.9728584714319104,1.5442333296728286,0.44999999999999996,500.269563671772,4.098624398702965,2.284000000000002,0.022925962657679568,2.284000000000002,0.0,0.022917651,0.44999999999999996
3.972928428445914,1.5451859700838264,0.44999999999999996,500.48287135709575,4.098144638661815,2.2850000000000024,0.022925962657679565,2.285000000000002,0.0,0.022917651,0.44999999999999996
3.9729982284396343,1.5461391724896971,0.44999999999999996,500.69695291458606,4.097663688527593,2.286000000000002,0.022925962657679565,2.286000000000002,0.0,0.022917651,0.44999999999999996
3.9730678708677596,1.5470929388421837,0.44999999999999996,500.91181103180986,4.097181544167244,2.287000000000002,0.022925962657679565,2.287000000000002,0.0,0.022917651,0.44999999999999996
3.973137355182448,1.548047271102075,0.44999999999999996,501.12744840879276,4.096698201428557,2.288000000000002,0.022925962657679565,2.288000000000002,0.0,0.022917651,0.44999999999999996
3.973206680833316,1.5490021712392619,0.44999999999999996,501.34386775809253,4.096213656140048,2.289000000000002,0.022925962657679565,2.289000000000002,0.0,0.022917651,0.44999999999999996
3.973275847267423,1.5499576412327882,0.44999999999999996,501.56107180487066,4.095727904110846,2.290000000000002,0.022925962657679565,2.290000000000002,0.0,0.022917651,0.44999999999999996
3.973344853929256,1.5509136830709052,0.44999999999999996,501.7790632869667,4.095240941130588,2.2910000000000026,0.022925962657679565,2.291000000000002,0.0,0.022917651,0.44999999999999996
3.9734137002607133,1.551870298751122,0.44999999999999996,501.9978449549712,4.094752762969302,2.292000000000002,0.022925962657679565,2.292000000000002,0.0,0.022917651,0.44999999999999996
3.973482385701093,1.552827490280264,0.44999999999999996,502.2174195723008,4.094263365377288,2.293000000000002,0.022925962657679565,2.293000000000002,0.0,0.022917651,0.44999999999999996
3.9735509096870745,1.553785259674525,0.44999999999999996,502.4377899152724,4.093772744085011,2.2940000000000023,0.022925962657679565,2.294000000000002,0.0,0.022917651,0.44999999999999996
3.973617950204308,1.55474721718271,0.44999999999999996,502.66052751355113,4.093272000220331,2.295000000000002,0.022925962657679565,2.295000000000002,0.0,0.022917651,0.44999999999999996
3.973684716904736,1.5557101276179908,0.44999999999999996,502.88420070487695,4.09276920812644,2.296000000000002,0.022925962657679565,2.296000000000002,0.0,0.022917651,0.44999999999999996
3.973751316758088,1.556673702282633,0.44999999999999996,503.1086848057858,4.092265084427297,2.2970000000000024,0.022925962657679565,2.297000000000002,0.0,0.022917651,0.44999999999999996
3.9738177491573436,1.5576379435932277,0.44999999999999996,503.33398276651945,4.091759624278275,2.2980000000000023,0.02292596265767956,2.298000000000002,0.0,0.022917651,0.44999999999999996
3.973884013492534,1.5586028539781034,0.44999999999999996,503.56009755164854,4.091252822811211,2.299000000000002,0.02292596265767956,2.299000000000002,0.0,0.022917651,0.44999999999999996
3.973950109150723,1.559568435877396,0.44999999999999996,503.78703214015883,4.090744675134275,2.300000000000002,0.02292596265767956,2.300000000000002,0.0,0.022917651,0.44999999999999996
3.9740210788954093,1.560466064489015,0.44999999999999996,503.99646779638675,4.090315759614994,2.301000000000002,0.02292596269631413,2.301000000000002,0.0,0.022917651,0.44999999999999996
3.9740919080746737,1.561364065037427,0.44999999999999996,504.2064303791616,4.089885909910036,2.302000000000002,0.022925962734948697,2.302000000000002,0.0,0.022917651,0.44999999999999996
3.9741625962218827,1.562262438757343,0.44999999999999996,504.41692163770927,4.089455122918204,2.303000000000002,0.022925962773583265,2.303000000000002,0.0,0.022917651,0.44999999999999996
3.9742331428683393,1.5631611868889423,0.44999999999999996,504.62794332900637,4.0890233955245625,2.304000000000002,0.022925962812217836,2.304000000000002,0.0,0.022917651,0.44999999999999996
3.9743035475432635,1.564060310677909,0.44999999999999996,504.83949721782375,4.088590724600358,2.305000000000002,0.022925962850852404,2.305000000000002,0.0,0.022917651,0.44999999999999996
3.9743705527338227,1.5649560387672676,0.44999999999999996,505.052981422846,4.088147850579747,2.3060000000000014,0.022925962889486968,2.306000000000002,0.0,0.022917651,0.44999999999999996
3.9744374537217255,1.5658522446036787,0.44999999999999996,505.2670186938412,4.0877040820152875,2.307000000000002,0.02292596292812154,2.307000000000002,0.0,0.022917651,0.44999999999999996
3.9745042507875574,1.5667489301638493,0.44999999999999996,505.4816103125951,4.0872594180528,2.308000000000002,0.022925962966756107,2.308000000000002,0.0,0.022917651,0.44999999999999996
3.9745709436450567,1.567646096769225,0.44999999999999996,505.6967578061116,4.086813856225825,2.3090000000000024,0.022925963005390675,2.309000000000002,0.0,0.022917651,0.44999999999999996
3.9746375320069074,1.568543745746108,0.44999999999999996,505.91246270700793,4.086367394058836,2.3100000000000023,0.022925963044025242,2.310000000000002,0.0,0.022917651,0.44999999999999996
3.974704015584736,1.569441878425682,0.44999999999999996,506.12872655354084,4.0859200290672,2.3110000000000026,0.02292596308265981,2.311000000000002,0.0,0.022917651,0.44999999999999996
3.974770394089108,1.5703404961440315,0.44999999999999996,506.3455508896321,4.085471758757129,2.312000000000002,0.022925963121294378,2.312000000000002,0.0,0.022917651,0.44999999999999996
3.974836667229521,1.5712396002421678,0.44999999999999996,506.5629372648951,4.085022580625644,2.3130000000000015,0.02292596315992895,2.313000000000002,0.0,0.022917651,0.44999999999999996
3.974902834714402,1.5721391920660495,0.44999999999999996,506.78088723466084,4.084572492160533,2.314000000000002,0.022925963198563513,2.314000000000002,0.0,0.022917651,0.44999999999999996
3.9749688962511014,1.573039272966607,0.44999999999999996,506.99940236000435,4.084121490840303,2.315000000000002,0.022925963237198078,2.315000000000002,0.0,0.022917651,0.44999999999999996
3.9750347907354606,1.5739398517795238,0.44999999999999996,507.21856183228135,4.083669323539963,2.316000000000002,0.02292596327583265,2.316000000000002,0.0,0.022917651,0.44999999999999996
3.97509932384904,1.5748410825063943,0.44999999999999996,507.4398869818516,4.08321106145332,2.317000000000002,0.022925963314467217,2.317000000000002,0.0,0.022917651,0.44999999999999996
3.975163743348396,1.5757428183136055,0.44999999999999996,507.6617822346511,4.082751839800306,2.3180000000000023,0.022925963353101788,2.318000000000002,0.0,0.022917651,0.44999999999999996
3.9752280489078333,1.5766450606490525,0.44999999999999996,507.8842492249741,4.082291655830166,2.3190000000000026,0.022925963391736352,2.319000000000002,0.0,0.022917651,0.44999999999999996
3.9752922402004125,1.5775478109661696,0.44999999999999996,508.1072895933671,4.081830506781622,2.3200000000000025,0.02292596343037092,2.320000000000002,0.0,0.022917651,0.44999999999999996
3.9753563168979413,1.5784510707239576,0.44999999999999996,508.33090498665956,4.0813683898828215,2.3210000000000024,0.022925963469005488,2.321000000000002,0.0,0.022917651,0.44999999999999996
3.97542027867097,1.5793548413870109,0.44999999999999996,508.55509705799346,4.080905302351288,2.322000000000002,0.022925963507640056,2.322000000000002,0.0,0.022917651,0.44999999999999996
3.975484125188786,1.5802591244255422,0.44999999999999996,508.7798674668536,4.080441241393866,2.323000000000002,0.022925963546274623,2.323000000000002,0.0,0.022917651,0.44999999999999996
3.975547856119403,1.58116392131541,0.44999999999999996,509.00521787909815,4.079976204206678,2.324000000000002,0.022925963584909195,2.324000000000002,0.0,0.022917651,0.44999999999999996
3.9756114711295627,1.5820692335381488,0.44999999999999996,509.23114996698934,4.07951018797506,2.325000000000002,0.02292596362354376,2.325000000000002,0.0,0.022917651,0.44999999999999996
3.975674969884722,1.5829750625809915,0.44999999999999996,509.45766540922415,4.079043189873525,2.3260000000000023,0.022925963662178327,2.326000000000002,0.0,0.022917651,0.44999999999999996
3.9757376224663283,1.5838821964425338,0.44999999999999996,509.6865253157298,4.078571499808259,2.327000000000002,0.022925963700812898,2.327000000000002,0.0,0.022917651,0.44999999999999996
3.975799318296444,1.5847908011069085,0.44999999999999996,509.9181042669736,4.0780945091672836,2.328000000000002,0.022925963739447462,2.328000000000002,0.0,0.022917651,0.44999999999999996
3.9758608863400022,1.5857000008830497,0.44999999999999996,510.15044336107866,4.0776164122714675,2.329000000000002,0.02292596377808203,2.329000000000002,0.0,0.022917651,0.44999999999999996
3.975922326197292,1.5866097976324425,0.44999999999999996,510.3835449757397,4.077137205660492,2.330000000000002,0.0229259638167166,2.330000000000002,0.0,0.022917651,0.44999999999999996
3.9759836374669337,1.5875201932243423,0.44999999999999996,510.61741149857795,4.076656885859589,2.3310000000000017,0.022925963855351165,2.331000000000002,0.0,0.022917651,0.44999999999999996
3.97604481974587,1.588431189535817,0.44999999999999996,510.85204532719337,4.076175449379476,2.332000000000002,0.022925963893985733,2.332000000000002,0.0,0.022917651,0.44999999999999996
3.976105872629358,1.5893427884517883,0.44999999999999996,511.08744886921676,4.0756928927162654,2.3330000000000015,0.0229259639326203,2.333000000000002,0.0,0.022917651,0.44999999999999996
3.9761667957109585,1.5902549918650712,0.44999999999999996,511.3236245423623,4.075209212351399,2.334000000000002,0.02292596397125487,2.334000000000002,0.0,0.022917651,0.44999999999999996
3.97622758858253,1.591167801676418,0.44999999999999996,511.5605747744806,4.0747244047515645,2.335000000000002,0.022925964009889437,2.335000000000002,0.0,0.022917651,0.44999999999999996
3.976288250834215,1.592081219794555,0.44999999999999996,511.7983020036111,4.074238466368623,2.3360000000000025,0.022925964048524004,2.336000000000002,0.0,0.022917651,0.44999999999999996
3.976348272604121,1.5929950434343725,0.44999999999999996,512.0379717949478,4.0737495622014235,2.337000000000002,0.022925964087158572,2.337000000000002,0.0,0.022917651,0.44999999999999996
3.9764069010283105,1.593908918786188,0.44999999999999996,512.2812871210148,4.073255036987053,2.338000000000002,0.02292596412579314,2.338000000000002,0.0,0.022917651,0.44999999999999996
3.976465348432501,1.5948233059070502,0.44999999999999996,512.5254722714692,4.072759275977524,2.3390000000000026,0.022925964164427708,2.339000000000002,0.0,0.022917651,0.44999999999999996
3.976523614147566,1.5957382066886767,0.44999999999999996,512.7705304615546,4.072262274604807,2.340000000000002,0.02292596420306228,2.340000000000002,0.0,0.022917651,0.44999999999999996
3.976581697501077,1.5966536230321213,0.44999999999999996,513.016464922382,4.071764028278331,2.341000000000002,0.022925964241696847,2.341000000000002,0.0,0.022917651,0.44999999999999996
3.9766395978172793,1.5975695568478288,0.44999999999999996,513.2632789010258,4.071264532384843,2.342000000000002,0.02292596428033141,2.342000000000002,0.0,0.022917651,0.44999999999999996
3.9766973144170796,1.5984860100556966,0.44999999999999996,513.5109756606234,4.070763782288273,2.3430000000000026,0.022925964318965982,2.343000000000002,0.0,0.022917651,0.44999999999999996
3.97675484661802,1.5994029845851292,0.44999999999999996,513.7595584804744,4.070261773329582,2.344000000000002,0.02292596435760055,2.344000000000002,0.0,0.022917651,0.44999999999999996
3.976812193734258,1.6003204823751012,0.44999999999999996,514.0090306561409,4.069758500826631,2.345000000000002,0.022925964396235114,2.345000000000002,0.0,0.022917651,0.44999999999999996
3.9768693550765453,1.6012385053742135,0.44999999999999996,514.2593954995484,4.069253960074033,2.346000000000002,0.022925964434869685,2.346000000000002,0.0,0.022917651,0.44999999999999996
3.97692545477012,1.6021570833833692,0.44999999999999996,514.5128524486778,4.068744616169688,2.347000000000002,0.02292596447350425,2.347000000000002,0.0,0.022917651,0.44999999999999996
3.976980538215566,1.6030762020552272,0.44999999999999996,514.7692218005523,4.0682306650999704,2.348000000000002,0.02292596451213882,2.348000000000002,0.0,0.022917651,0.44999999999999996
3.977035432804224,1.603995832159508,0.44999999999999996,515.026407030373,4.067715447161274,2.349000000000002,0.02292596455077339,2.349000000000002,0.0,0.022917651,0.44999999999999996
3.97709013784384,1.6049159755708668,0.44999999999999996,515.2844111287402,4.067198957709895,2.350000000000002,0.022925964589407953,2.350000000000002,0.0,0.022917651,0.44999999999999996
3.977144652638773,1.6058366341731325,0.44999999999999996,515.5432371008881,4.0666811920794,2.3510000000000026,0.02292596462804252,2.351000000000002,0.0,0.022917651,0.44999999999999996
3.977198976489972,1.6067578098593622,0.44999999999999996,515.8028879667739,4.066162145580499,2.352000000000002,0.02292596466667709,2.352000000000002,0.0,0.022917651,0.44999999999999996
3.9772531086949576,1.6076795045319006,0.44999999999999996,516.0633667611696,4.065641813500893,2.353000000000002,0.022925964705311656,2.353000000000002,0.0,0.022917651,0.44999999999999996
3.9773070485478024,1.6086017201024347,0.44999999999999996,516.3246765337514,4.065120191105146,2.3540000000000023,0.022925964743946228,2.354000000000002,0.0,0.022917651,0.44999999999999996
3.9773607953391044,1.6095244584920527,0.44999999999999996,516.586820349192,4.064597273634531,2.355000000000002,0.022925964782580792,2.355000000000002,0.0,0.022917651,0.44999999999999996
3.9774142044192824,1.6104478210303137,0.44999999999999996,516.8501068734432,4.064072381197594,2.356000000000002,0.022925964821215363,2.356000000000002,0.0,0.022917651,0.44999999999999996
3.9774663902787286,1.6113724343544347,0.44999999999999996,517.1164125988511,4.0635413453217915,2.357000000000002,0.02292596485984993,2.357000000000002,0.0,0.022917651,0.44999999999999996
3.977518389274073,1.6122975949590883,0.44999999999999996,517.3835348290725,4.06300901465967,2.358000000000002,0.022925964898484495,2.358000000000002,0.0,0.022917651,0.44999999999999996
3.977570200738594,1.613223304796939,0.44999999999999996,517.6514764773497,4.062475384591504,2.359000000000002,0.022925964937119063,2.359000000000002,0.0,0.022917651,0.44999999999999996
3.977621824002396,1.6141495658299538,0.44999999999999996,517.9202404708002,4.061940450475568,2.3600000000000025,0.02292596497575363,2.360000000000002,0.0,0.022917651,0.44999999999999996
3.9776732583923895,1.6150763800294534,0.44999999999999996,518.1898297505002,4.0614042076480015,2.361000000000002,0.022925965014388202,2.361000000000002,0.0,0.022917651,0.44999999999999996
3.977724503232269,1.6160037493761712,0.44999999999999996,518.460247271567,4.060866651422676,2.362000000000002,0.02292596505302277,2.362000000000002,0.0,0.022917651,0.44999999999999996
3.9777755578424996,1.6169316758603094,0.44999999999999996,518.7314960032442,4.060327777091065,2.363000000000002,0.022925965091657334,2.363000000000002,0.0,0.022917651,0.44999999999999996
3.9778264215402914,1.6178601614815924,0.44999999999999996,519.0035789289839,4.059787579922107,2.364000000000002,0.022925965130291905,2.364000000000002,0.0,0.022917651,0.44999999999999996
3.9778769712051156,1.618789247009721,0.44999999999999996,519.2767391758947,4.059245526679781,2.365000000000002,0.02292596516892647,2.365000000000002,0.0,0.022917651,0.44999999999999996
3.977924869291406,1.6197196704473635,0.44999999999999996,519.555504847517,4.058691529520279,2.366000000000002,0.022925965207561037,2.366000000000002,0.0,0.022917651,0.44999999999999996
3.977972608771115,1.6206506406889332,0.44999999999999996,519.8349348359911,4.058136351144618,2.3670000000000027,0.02292596524619561,2.367000000000002,0.0,0.022917651,0.44999999999999996
3.978020189163358,1.6215821593923005,0.44999999999999996,520.1150311554788,4.057579987971431,2.3680000000000025,0.022925965284830176,2.368000000000002,0.0,0.022917651,0.44999999999999996
3.978067609985305,1.622514228222046,0.44999999999999996,520.3957958282931,4.057022436404864,2.369000000000002,0.022925965323464744,2.369000000000002,0.0,0.022917651,0.44999999999999996
3.97811487075217,1.6234468488494922,0.44999999999999996,520.6772308849385,4.056463692834493,2.3700000000000023,0.022925965362099312,2.370000000000002,0.0,0.022917651,0.44999999999999996
3.9781619709772027,1.6243800229527394,0.44999999999999996,520.9593383641532,4.055903753635254,2.371000000000002,0.02292596540073388,2.371000000000002,0.0,0.022917651,0.44999999999999996
3.9782089101716736,1.6253137522166978,0.44999999999999996,521.2421203129501,4.055342615167371,2.3720000000000026,0.022925965439368447,2.372000000000002,0.0,0.022917651,0.44999999999999996
3.9782556878448707,1.6262480383331255,0.44999999999999996,521.5255787866599,4.054780273776277,2.373000000000002,0.02292596547800302,2.373000000000002,0.0,0.022917651,0.44999999999999996
3.978301682490311,1.6271827638806444,0.44999999999999996,521.8103578809129,4.054214361139024,2.374000000000002,0.02292596551663758,2.374000000000002,0.0,0.022917651,0.44999999999999996
3.978346429581132,1.6281178832427012,0.44999999999999996,522.0969445691644,4.0536430649393305,2.375000000000002,0.02292596555527215,2.375000000000002,0.0,0.022917651,0.44999999999999996
3.9783910169328767,1.6290536264845152,0.44999999999999996,522.3842182082175,4.053070505863906,2.3760000000000026,0.022925965593906715,2.376000000000002,0.0,0.022917651,0.44999999999999996
3.9784354440592553,1.6299899955053385,0.44999999999999996,522.672180889329,4.052496680068225,2.3770000000000024,0.022925965632541286,2.377000000000002,0.0,0.022917651,0.44999999999999996
3.9784797104720058,1.6309269922121408,0.44999999999999996,522.9608347122531,4.051921583692146,2.378000000000002,0.022925965671175854,2.378000000000002,0.0,0.022917651,0.44999999999999996
3.9785238156808784,1.6318646185196475,0.44999999999999996,523.2501817852843,4.051345212859826,2.3790000000000022,0.022925965709810422,2.3790000000000022,0.0,0.022917651,0.44999999999999996
3.978567759193629,1.6328028763503792,0.44999999999999996,523.5402242253006,4.05076756367964,2.380000000000002,0.02292596574844499,2.380000000000002,0.0,0.022917651,0.44999999999999996
3.978611540516005,1.6337417676346926,0.44999999999999996,523.8309641578076,4.050188632244105,2.381000000000002,0.02292596578707956,2.381000000000002,0.0,0.022917651,0.44999999999999996
3.9786551591517405,1.6346812943108195,0.44999999999999996,524.1224037169819,4.049608414629795,2.382000000000002,0.022925965825714125,2.382000000000002,0.0,0.022917651,0.44999999999999996
3.9786969560991094,1.6356221864514573,0.44999999999999996,524.416247268512,4.04901954300012,2.383000000000002,0.022925965864348693,2.3830000000000022,0.0,0.022917651,0.44999999999999996
3.9787385136717726,1.6365637468358958,0.44999999999999996,524.71087769073,4.0484290455072625,2.3840000000000026,0.02292596590298326,2.384000000000002,0.0,0.022917651,0.44999999999999996
3.9787799091859264,1.6375059431057912,0.44999999999999996,525.0062173679237,4.047837263856661,2.3850000000000025,0.022925965941617825,2.385000000000002,0.0,0.022917651,0.44999999999999996
3.978821142156801,1.6384487771632807,0.44999999999999996,525.3022684217023,4.047244194206987,2.386000000000002,0.022925965980252393,2.386000000000002,0.0,0.022917651,0.44999999999999996
3.978862212097692,1.639392250918097,0.44999999999999996,525.5990329821459,4.046649832701573,2.3870000000000022,0.022925966018886967,2.3870000000000022,0.0,0.022917651,0.44999999999999996
3.9789031185199515,1.640336366287602,0.44999999999999996,525.8965131878465,4.046054175468345,2.388000000000002,0.022925966057521528,2.388000000000002,0.0,0.022917651,0.44999999999999996
3.978943860932973,1.6412811251968311,0.44999999999999996,526.1947111859517,4.045457218619735,2.3890000000000016,0.022925966096156103,2.389000000000002,0.0,0.022917651,0.44999999999999996
3.9789844388441895,1.6422265295785266,0.44999999999999996,526.4936291322072,4.044858958252609,2.390000000000002,0.022925966134790667,2.390000000000002,0.0,0.022917651,0.44999999999999996
3.9790234291567215,1.643172856582361,0.44999999999999996,526.7947104282126,4.044253426078374,2.391000000000002,0.022925966173425235,2.3910000000000022,0.0,0.022917651,0.44999999999999996
3.9790619148733417,1.6441198990598935,0.44999999999999996,527.0968521399705,4.0436451603183565,2.392000000000002,0.022925966212059803,2.392000000000002,0.0,0.022917651,0.44999999999999996
3.979100220793036,1.645067596166529,0.44999999999999996,527.3997261708771,4.043035520728801,2.393000000000002,0.02292596625069437,2.393000000000002,0.0,0.022917651,0.44999999999999996
3.9791383463502115,1.646015949961556,0.44999999999999996,527.7033348246142,4.042424502988005,2.394000000000002,0.02292596628932894,2.394000000000002,0.0,0.022917651,0.44999999999999996
3.9791762909769,1.646964962512911,0.44999999999999996,528.0076804145358,4.041812102756119,2.3950000000000022,0.022925966327963506,2.3950000000000022,0.0,0.022917651,0.44999999999999996
3.9792140541027456,1.6479146358972208,0.44999999999999996,528.3127652637189,4.0411983156750555,2.396000000000002,0.022925966366598074,2.396000000000002,0.0,0.022917651,0.44999999999999996
3.979251635154994,1.64886497219985,0.44999999999999996,528.6185917050157,4.040583137368386,2.397000000000002,0.02292596640523264,2.397000000000002,0.0,0.022917651,0.44999999999999996
3.9792890335584756,1.6498159735149478,0.44999999999999996,528.9251620811038,4.0399665634412525,2.398000000000002,0.022925966443867213,2.398000000000002,0.0,0.022917651,0.44999999999999996
3.9793245888496718,1.650767857447324,0.44999999999999996,529.234142016862,4.039341737935402,2.3990000000000022,0.022925966482501774,2.3990000000000022,0.0,0.022917651,0.44999999999999996
3.9793598186291437,1.6517204247027708,0.44999999999999996,529.5440158518987,4.038714927436987,2.400000000000002,0.022925966521136345,2.400000000000002,0.0,0.022917651,0.44999999999999996
3.9794067205909305,1.6526053557515297,0.44999999999999996,529.7871294186356,4.038194895073213,2.401000000000002,0.022925966521136345,2.401000000000002,0.0,0.022917651,0.44999999999999996
3.979453451390421,1.6534907837723973,0.44999999999999996,530.0311017645804,4.037673681030024,2.402000000000002,0.022925966521136345,2.402000000000002,0.0,0.022917651,0.44999999999999996
3.9795000104957245,1.6543767103097196,0.44999999999999996,530.275935558399,4.037151281635339,2.4030000000000022,0.02292596652113634,2.4030000000000022,0.0,0.022917651,0.44999999999999996
3.9795463973727485,1.6552631369142483,0.44999999999999996,530.5216334798254,4.036627693201848,2.4040000000000017,0.022925966521136345,2.404000000000002,0.0,0.022917651,0.44999999999999996
3.97959261148518,1.6561500651431733,0.44999999999999996,530.7681982197199,4.036102912026927,2.4050000000000016,0.02292596652113635,2.405000000000002,0.0,0.022917651,0.44999999999999996
3.979638652294476,1.657037496560157,0.44999999999999996,531.0156324801271,4.0355769343925685,2.4060000000000015,0.022925966521136345,2.406000000000002,0.0,0.022917651,0.44999999999999996
3.9796843979085015,1.6579256014908752,0.44999999999999996,531.2644433287151,4.035049102063113,2.4070000000000022,0.022925966521136345,2.4070000000000022,0.0,0.022917651,0.44999999999999996
3.9797286457177856,1.6588160315856613,0.44999999999999996,531.5195911796156,4.034512949616844,2.4080000000000026,0.02292596652113635,2.408000000000002,0.0,0.022917651,0.44999999999999996
3.9797727207294336,1.659706926736974,0.44999999999999996,531.7755370634147,4.033975640956827,2.4090000000000016,0.022925966521136345,2.409000000000002,0.0,0.022917651,0.44999999999999996
3.9798166224254614,1.6605982883388777,0.44999999999999996,532.032283372314,4.03343717261717,2.410000000000002,0.022925966521136345,2.410000000000002,0.0,0.022917651,0.44999999999999996
3.979860350285816,1.6614901177910144,0.44999999999999996,532.2898325080861,4.032897541118111,2.4110000000000027,0.02292596652113635,2.4110000000000023,0.0,0.022917651,0.44999999999999996
3.979903903788359,1.6623824164986298,0.44999999999999996,532.5481868821216,4.032356742965959,2.4120000000000026,0.022925966521136345,2.412000000000002,0.0,0.022917651,0.44999999999999996
3.9799472824088604,1.6632751858726045,0.44999999999999996,532.8073489154789,4.031814774653011,2.413000000000002,0.02292596652113635,2.413000000000002,0.0,0.022917651,0.44999999999999996
3.979990485620987,1.6641684273294803,0.44999999999999996,533.0673210389311,4.031271632657492,2.4140000000000024,0.02292596652113635,2.414000000000002,0.0,0.022917651,0.44999999999999996
3.980033512896289,1.66506214229149,0.44999999999999996,533.328105693016,4.030727313443477,2.4150000000000027,0.02292596652113634,2.4150000000000023,0.0,0.022917651,0.44999999999999996
3.9800761736736625,1.6659560850723303,0.44999999999999996,533.5901898107868,4.030181300441935,2.4160000000000026,0.022925966521136345,2.416000000000002,0.0,0.022917651,0.44999999999999996
3.9801175941260425,1.6668491602724393,0.44999999999999996,533.8557624165177,4.0296311937006575,2.4170000000000016,0.02292596652113634,2.417000000000002,0.0,0.022917651,0.44999999999999996
3.9801588239333925,1.667742763807563,0.44999999999999996,534.1221190141592,4.029079796089879,2.418000000000002,0.022925966521136352,2.418000000000002,0.0,0.022917651,0.44999999999999996
3.980199862479548,1.668636897385276,0.44999999999999996,534.3892621375664,4.0285271034375185,2.4190000000000023,0.022925966521136345,2.4190000000000023,0.0,0.022917651,0.44999999999999996
3.9802407091456886,1.669531562720518,0.44999999999999996,534.657194331525,4.027973111553501,2.420000000000002,0.02292596652113635,2.420000000000002,0.0,0.022917651,0.44999999999999996
3.98028136331032,1.670426761535636,0.44999999999999996,534.925918151811,4.027417816229652,2.421000000000002,0.02292596652113635,2.421000000000002,0.0,0.022917651,0.44999999999999996
3.9803218243492613,1.671322495560423,0.44999999999999996,535.1954361652496,4.0268612132396076,2.422000000000002,0.022925966521136345,2.422000000000002,0.0,0.022917651,0.44999999999999996
3.9803620916356315,1.672218766532159,0.44999999999999996,535.4657509497754,4.026303298338711,2.4230000000000023,0.022925966521136345,2.4230000000000023,0.0,0.022917651,0.44999999999999996
3.9804021645398318,1.6731155761956498,0.44999999999999996,535.736865094492,4.02574406726391,2.424000000000002,0.02292596652113635,2.424000000000002,0.0,0.022917651,0.44999999999999996
3.980440855780421,1.674012692986442,0.44999999999999996,536.0126905927426,4.025179002800455,2.425000000000002,0.022925966521136345,2.425000000000002,0.0,0.022917651,0.44999999999999996
3.980478039656199,1.6749101128865043,0.44999999999999996,536.2935759295891,4.024607606126236,2.4260000000000024,0.02292596652113634,2.426000000000002,0.0,0.022917651,0.44999999999999996
3.980515047081294,1.6758081061306358,0.44999999999999996,536.5751129804954,4.024034930248369,2.4270000000000023,0.022925966521136352,2.4270000000000023,0.0,0.022917651,0.44999999999999996
3.9805518775339044,1.6767066744143344,0.44999999999999996,536.8573036727169,4.02346097138398,2.428000000000002,0.022925966521136345,2.428000000000002,0.0,0.022917651,0.44999999999999996
3.98058853049017,1.6776058194397907,0.44999999999999996,537.1401499411152,4.022885725735266,2.429000000000002,0.02292596652113634,2.429000000000002,0.0,0.022917651,0.44999999999999996
3.9806250054241596,1.6785055429159212,0.44999999999999996,537.4236537281967,4.022309189489419,2.4300000000000015,0.022925966521136345,2.430000000000002,0.0,0.022917651,0.44999999999999996
3.980661301807862,1.679405846558399,0.44999999999999996,537.7078169841491,4.021731358818549,2.431000000000002,0.022925966521136345,2.4310000000000023,0.0,0.022917651,0.44999999999999996
3.9806974191111766,1.6803067320896894,0.44999999999999996,537.9926416668804,4.021152229879619,2.4320000000000017,0.022925966521136345,2.432000000000002,0.0,0.022917651,0.44999999999999996
3.9807329728709213,1.6812082580094856,0.44999999999999996,538.2785067363789,4.02057020637531,2.433000000000002,0.022925966521136345,2.433000000000002,0.0,0.022917651,0.44999999999999996
3.980765800394706,1.6821107487334623,0.44999999999999996,538.5675326241378,4.019976313473791,2.434000000000002,0.022925966521136345,2.434000000000002,0.0,0.022917651,0.44999999999999996
3.980798467239559,1.6830138287286163,0.44999999999999996,538.8571978856505,4.019381188599239,2.4350000000000023,0.02292596652113635,2.4350000000000023,0.0,0.022917651,0.44999999999999996
3.9808309729797657,1.6839174995562138,0.44999999999999996,539.1475042149293,4.018784828487562,2.436000000000002,0.02292596652113635,2.436000000000002,0.0,0.022917651,0.44999999999999996
3.980863317188102,1.6848217627830417,0.44999999999999996,539.4384533119763,4.018187229863118,2.437000000000002,0.022925966521136345,2.437000000000002,0.0,0.022917651,0.44999999999999996
3.980895499435833,1.685726619981432,0.44999999999999996,539.7300468828106,4.017588389438679,2.438000000000002,0.02292596652113635,2.438000000000002,0.0,0.022917651,0.44999999999999996
3.9809275192927087,1.6866320727292858,0.44999999999999996,540.0222866394934,4.016988303915369,2.4390000000000027,0.022925966521136345,2.4390000000000023,0.0,0.022917651,0.44999999999999996
3.9809593763269495,1.6875381226100967,0.44999999999999996,540.3151743001549,4.01638696998262,2.440000000000002,0.02292596652113635,2.440000000000002,0.0,0.022917651,0.44999999999999996
3.980990856194479,1.688444887060757,0.44999999999999996,540.6089443647529,4.0157834126804826,2.4410000000000025,0.02292596652113635,2.441000000000002,0.0,0.022917651,0.44999999999999996
3.9810206649027577,1.6893530664044099,0.44999999999999996,540.9050247534774,4.01517175482344,2.4420000000000024,0.022925966521136345,2.442000000000002,0.0,0.022917651,0.44999999999999996
3.9810503316499313,1.6902618322862848,0.44999999999999996,541.2017670882492,4.014558942604896,2.4430000000000027,0.02292596652113635,2.4430000000000023,0.0,0.022917651,0.44999999999999996
3.981079856104717,1.6911711860751235,0.44999999999999996,541.4991729137823,4.013944973331037,2.4440000000000026,0.02292596652113635,2.444000000000002,0.0,0.022917651,0.44999999999999996
3.981109237934806,1.6920811291439317,0.44999999999999996,541.7972437796013,4.013329844299664,2.445000000000002,0.02292596652113635,2.445000000000002,0.0,0.022917651,0.44999999999999996
3.981138476806851,1.692991662869993,0.44999999999999996,542.0959812400591,4.012713552800152,2.446000000000002,0.02292596652113635,2.446000000000002,0.0,0.022917651,0.44999999999999996
3.981167572386465,1.6939027886348865,0.44999999999999996,542.3953868543567,4.012096096113426,2.4470000000000023,0.022925966521136345,2.4470000000000023,0.0,0.022917651,0.44999999999999996
3.981196524338217,1.6948145078245034,0.44999999999999996,542.6954621865611,4.011477471511926,2.448000000000002,0.02292596652113635,2.448000000000002,0.0,0.022917651,0.44999999999999996
3.9812246440838384,1.69572710343223,0.44999999999999996,542.9968293359444,4.010854642281775,2.449000000000002,0.02292596652113635,2.449000000000002,0.0,0.022917651,0.44999999999999996
3.981251249172855,1.6966408664619104,0.44999999999999996,543.3000748683813,4.010224588184972,2.450000000000002,0.022925966521136345,2.450000000000002,0.0,0.022917651,0.44999999999999996
3.981277661781989,1.69755526264527,0.44999999999999996,543.6039933038633,4.009593131048324,2.4510000000000023,0.02292596652113635,2.4510000000000023,0.0,0.022917651,0.44999999999999996
3.9813038813495853,1.6984702938298437,0.44999999999999996,543.9085866059141,4.008960266777776,2.452000000000002,0.022925966521136345,2.452000000000002,0.0,0.022917651,0.44999999999999996
3.981329907311801,1.6993859618703635,0.44999999999999996,544.2138567457055,4.008325991263327,2.453000000000002,0.02292596652113635,2.453000000000002,0.0,0.022917651,0.44999999999999996
3.981355739102598,1.7003022686287912,0.44999999999999996,544.5198057020926,4.007690300378954,2.454000000000002,0.02292596652113635,2.454000000000002,0.0,0.022917651,0.44999999999999996
3.981381376153727,1.7012192159743538,0.44999999999999996,544.8264354616525,4.007053189982535,2.4550000000000023,0.022925966521136345,2.4550000000000023,0.0,0.022917651,0.44999999999999996
3.9814068178947197,1.7021368057835784,0.44999999999999996,545.1337480187215,4.006414655915768,2.4560000000000026,0.02292596652113635,2.456000000000002,0.0,0.022917651,0.44999999999999996
3.9814293986495533,1.703053755915894,0.44999999999999996,545.4427925765215,4.00576531609673,2.4570000000000016,0.022925966521136345,2.457000000000002,0.0,0.022917651,0.44999999999999996
3.9814510241633454,1.7039709527545495,0.44999999999999996,545.7528040679833,4.005111908151311,2.458000000000002,0.022925966521136345,2.458000000000002,0.0,0.022917651,0.44999999999999996
3.9814724045113348,1.7048887367360501,0.44999999999999996,546.0635033158492,4.004456932342009,2.4590000000000023,0.02292596652113635,2.4590000000000023,0.0,0.022917651,0.44999999999999996
3.9814935388686856,1.7058071098357845,0.44999999999999996,546.3748926340128,4.003800383393889,2.460000000000002,0.022925966521136345,2.460000000000002,0.0,0.022917651,0.44999999999999996
3.9815144264068536,1.7067260740380137,0.44999999999999996,546.6869743467603,4.003142256008325,2.461000000000002,0.02292596652113635,2.461000000000002,0.0,0.022917651,0.44999999999999996
3.981535066293573,1.7076456313359187,0.44999999999999996,546.9997507888273,4.002482544862868,2.4620000000000015,0.02292596652113635,2.462000000000002,0.0,0.022917651,0.44999999999999996
3.9815554576928287,1.7085657837316537,0.44999999999999996,547.3132243054584,4.001821244611116,2.4630000000000027,0.022925966521136345,2.4630000000000023,0.0,0.022917651,0.44999999999999996
3.9815747052824966,1.7094859020475608,0.44999999999999996,547.6301882539365,4.001155404055703,2.464000000000002,0.02292596652113635,2.464000000000002,0.0,0.022917651,0.44999999999999996
3.981592939694615,1.7104060431915404,0.44999999999999996,547.9503324876864,4.000485488664127,2.465000000000002,0.022925966521136345,2.465000000000002,0.0,0.022917651,0.44999999999999996
3.9816109252722978,1.7113267375949657,0.44999999999999996,548.271301426227,3.9998140245901674,2.466000000000002,0.022925966521136345,2.466000000000002,0.0,0.022917651,0.44999999999999996
3.981628661198532,1.712247987074393,0.44999999999999996,548.5930977773696,3.9991410067489257,2.4670000000000027,0.022925966521136345,2.4670000000000023,0.0,0.022917651,0.44999999999999996
3.9816461466527198,1.7131697934543375,0.44999999999999996,548.9157242607916,3.9984664300332198,2.4680000000000026,0.02292596652113635,2.468000000000002,0.0,0.022917651,0.44999999999999996
3.981663380810665,1.7140921585673217,0.44999999999999996,549.2391836081041,3.99779028931346,2.4690000000000025,0.02292596652113635,2.469000000000002,0.0,0.022917651,0.44999999999999996
3.981680362844551,1.7150150842539158,0.44999999999999996,549.5634785629153,3.9971125794375273,2.4700000000000024,0.02292596652113635,2.470000000000002,0.0,0.022917651,0.44999999999999996
3.981696080646621,1.7159390311226554,0.44999999999999996,549.8905525363714,3.996428792564976,2.4710000000000027,0.022925966521136345,2.4710000000000023,0.0,0.022917651,0.44999999999999996
3.981710481383386,1.716864041059038,0.44999999999999996,550.2205534852013,3.995738675668171,2.472000000000002,0.02292596652113635,2.472000000000002,0.0,0.022917651,0.44999999999999996
3.9817246199407785,1.717789642729828,0.44999999999999996,550.551474011751,3.995046918416919,2.473000000000002,0.02292596652113635,2.473000000000002,0.0,0.022917651,0.44999999999999996
3.981738495438021,1.718715838122929,0.44999999999999996,550.8833172052965,3.994353515300528,2.474000000000002,0.022925966521136345,2.474000000000002,0.0,0.022917651,0.44999999999999996
3.981752106990383,1.7196426292351572,0.44999999999999996,551.2160861689675,3.9936584607835965,2.4750000000000023,0.02292596652113635,2.4750000000000023,0.0,0.022917651,0.44999999999999996
3.9817654537091656,1.720570018072294,0.44999999999999996,551.5497840198237,3.9929617493058753,2.476000000000002,0.022925966521136345,2.476000000000002,0.0,0.022917651,0.44999999999999996
3.9817785347016734,1.7214980066491354,0.44999999999999996,551.8844138889348,3.99226337528212,2.477000000000002,0.022925966521136345,2.477000000000002,0.0,0.022917651,0.44999999999999996
3.981790252249012,1.7224271292261037,0.44999999999999996,552.2261187457622,3.991558411169898,2.478000000000002,0.022925966521136345,2.478000000000002,0.0,0.022917651,0.44999999999999996
3.9818011253472574,1.7233571494632394,0.44999999999999996,552.5721770502527,3.990849170396048,2.4790000000000023,0.022925966521136345,2.4790000000000023,0.0,0.022917651,0.44999999999999996
3.9818117311926695,1.724287791809067,0.44999999999999996,552.9193952464082,3.9901382385577446,2.480000000000002,0.02292596652113635,2.480000000000002,0.0,0.022917651,0.44999999999999996
3.9818220688917796,1.7252190583433948,0.44999999999999996,553.2677772119307,3.9894256100014904,2.4810000000000025,0.02292596652113635,2.481000000000002,0.0,0.022917651,0.44999999999999996
3.9818321375471304,1.7261509511553121,0.44999999999999996,553.6173268418265,3.9887112790485597,2.482000000000002,0.022925966521136345,2.482000000000002,0.0,0.022917651,0.44999999999999996
3.9818419362572586,1.727083472343242,0.44999999999999996,553.9680480485033,3.9879952399948553,2.4830000000000023,0.022925966521136345,2.4830000000000023,0.0,0.022917651,0.44999999999999996
3.981851449553884,1.7280166298942161,0.44999999999999996,554.3199698979985,3.9872774229780763,2.484000000000002,0.022925966521136345,2.484000000000002,0.0,0.022917651,0.44999999999999996
3.981858559580164,1.7289512970803373,0.44999999999999996,554.6767740434136,3.9865484829060844,2.4850000000000025,0.022925966521136345,2.485000000000002,0.0,0.022917651,0.44999999999999996
3.9818653904024592,1.7298866345170931,0.44999999999999996,555.0348201724618,3.985817755718364,2.486000000000002,0.022925966521136345,2.486000000000002,0.0,0.022917651,0.44999999999999996
3.9818719410689636,1.7308226444893708,0.44999999999999996,555.3941125190695,3.9850852353226323,2.487000000000002,0.02292596652113635,2.4870000000000023,0.0,0.022917651,0.44999999999999996
3.9818782106235373,1.7317593292924536,0.44999999999999996,555.754655336429,3.9843509155988825,2.4880000000000018,0.022925966521136345,2.488000000000002,0.0,0.022917651,0.44999999999999996
3.981884198105688,1.7326966912320825,0.44999999999999996,556.1164528971098,3.983614790399228,2.4890000000000017,0.02292596652113635,2.489000000000002,0.0,0.022917651,0.44999999999999996
3.9818899025505394,1.7336347326245143,0.44999999999999996,556.4795094931668,3.9828768535477423,2.490000000000002,0.022925966521136345,2.490000000000002,0.0,0.022917651,0.44999999999999996
3.981892819612583,1.7345738612201391,0.44999999999999996,556.8449789026361,3.9821266801559143,2.4910000000000023,0.022925966521136345,2.4910000000000023,0.0,0.022917651,0.44999999999999996
3.9818934101122823,1.7355139821211922,0.44999999999999996,557.2125366728527,3.981366208414735,2.492000000000002,0.022925966521136345,2.492000000000002,0.0,0.022917651,0.44999999999999996
3.981893653097663,1.7364547707877265,0.44999999999999996,557.5812447191424,3.9806036788793513,2.493000000000002,0.022925966521136345,2.493000000000002,0.0,0.022917651,0.44999999999999996
3.9818935472026236,1.737396229844772,0.44999999999999996,557.9511075633162,3.979839083460439,2.494000000000002,0.022925966521136345,2.494000000000002,0.0,0.022917651,0.44999999999999996
3.9818930910538937,1.7383383619311357,0.44999999999999996,558.3221297509168,3.97907241402622,2.4950000000000028,0.022925966521136345,2.4950000000000023,0.0,0.022917651,0.44999999999999996
3.9818922832709838,1.7392811696994914,0.44999999999999996,558.6943158513742,3.9783036624021797,2.4960000000000027,0.022925966521136345,2.496000000000002,0.0,0.022917651,0.44999999999999996
3.9818897694640967,1.740223128913475,0.44999999999999996,559.0684035962317,3.977528934586365,2.4970000000000026,0.022925966521136345,2.497000000000002,0.0,0.022917651,0.44999999999999996
3.9818848742108415,1.7411634146508357,0.44999999999999996,559.444656312628,3.9767463533644642,2.498000000000002,0.02292596652113635,2.498000000000002,0.0,0.022917651,0.44999999999999996
3.9818796676806025,1.742104337787164,0.44999999999999996,559.821909283278,3.9759618895310154,2.4990000000000023,0.02292596652113634,2.4990000000000023,0.0,0.022917651,0.44999999999999996
3.9818741488096854,1.7430459005005732,0.44999999999999996,560.2001659262435,3.97517553665277,2.500000000000002,0.022925966521136345,2.500000000000002,0.0,0.022917651,0.44999999999999996
3.9818799587716636,1.7439201595475489,0.44999999999999996,560.5996533844307,3.9744948486733755,2.501000000000002,0.02292596654004163,2.501000000000002,0.0,0.022917651,0.44999999999999996
3.9818856050730136,1.7447949940247538,0.44999999999999996,560.9998316660859,3.9738129306439114,2.502000000000002,0.022925966558946916,2.502000000000002,0.0,0.022917651,0.44999999999999996
3.981890607793989,1.745670233931669,0.44999999999999996,561.4010850223767,3.9731280335860113,2.5030000000000023,0.022925966577852196,2.5030000000000023,0.0,0.022917651,0.44999999999999996
3.981893919888247,1.7465455171953914,0.44999999999999996,561.8042504879047,3.9724363329345507,2.5040000000000022,0.02292596659675748,2.5040000000000022,0.0,0.022917651,0.44999999999999996
3.9818970645430034,1.7474213964730945,0.44999999999999996,562.208114488527,3.971743366568854,2.505000000000002,0.022925966615662766,2.505000000000002,0.0,0.022917651,0.44999999999999996
3.981900041343886,1.7482978732397638,0.44999999999999996,562.6126787529442,3.9710491313565948,2.5060000000000016,0.022925966634568043,2.506000000000002,0.0,0.022917651,0.44999999999999996
3.981902849875157,1.749174948975258,0.44999999999999996,563.0179450155659,3.970353624155099,2.5070000000000023,0.022925966653473327,2.5070000000000023,0.0,0.022917651,0.44999999999999996
3.9819054897197015,1.7500526251643245,0.44999999999999996,563.4239150165337,3.969656841811309,2.5080000000000027,0.022925966672378614,2.5080000000000022,0.0,0.022917651,0.44999999999999996
3.9819079604590257,1.750930903296623,0.44999999999999996,563.8305905017459,3.9689587811617364,2.5090000000000026,0.0229259666912839,2.509000000000002,0.0,0.022917651,0.44999999999999996
3.981907766354161,1.751810182564635,0.44999999999999996,564.2394963577826,3.9682490582858136,2.510000000000002,0.02292596671018918,2.510000000000002,0.0,0.022917651,0.44999999999999996
3.981907294248777,1.7526900701429229,0.44999999999999996,564.6491951249029,3.967537615041707,2.5110000000000023,0.022925966729094468,2.5110000000000023,0.0,0.022917651,0.44999999999999996
3.981906654033489,1.7535705495803495,0.44999999999999996,565.0596216202923,3.966824907520605,2.5120000000000027,0.02292596674799975,2.5120000000000022,0.0,0.022917651,0.44999999999999996
3.9819058453020273,1.754451622307262,0.44999999999999996,565.4707776026535,3.966110932667124,2.513000000000002,0.022925966766905035,2.513000000000002,0.0,0.022917651,0.44999999999999996
3.981904867646809,1.7553332897586207,0.44999999999999996,565.8826648363611,3.965395687416032,2.514000000000002,0.02292596678581032,2.514000000000002,0.0,0.022917651,0.44999999999999996
3.981903720658938,1.7562155533740182,0.44999999999999996,566.2952850914842,3.9646791686921987,2.5150000000000023,0.022925966804715602,2.5150000000000023,0.0,0.022917651,0.44999999999999996
3.9819014494265534,1.757098427011466,0.44999999999999996,566.7100712076982,3.963957544605849,2.5160000000000027,0.022925966823620886,2.5160000000000022,0.0,0.022917651,0.44999999999999996
3.981898817506615,1.757981909879111,0.44999999999999996,567.1258589796282,3.9632338687700677,2.5170000000000017,0.022925966842526162,2.517000000000002,0.0,0.022917651,0.44999999999999996
3.98189599390965,1.7588660019913878,0.44999999999999996,567.5423945221349,3.9625088169161065,2.518000000000002,0.022925966861431453,2.518000000000002,0.0,0.022917651,0.44999999999999996
3.9818929781327173,1.7597507049468872,0.44999999999999996,567.9596797972861,3.9617823854334433,2.5190000000000023,0.022925966880336733,2.5190000000000023,0.0,0.022917651,0.44999999999999996
3.9818897696711155,1.760636020349797,0.44999999999999996,568.3777167740191,3.9610545706989173,2.5200000000000027,0.02292596689924202,2.5200000000000022,0.0,0.022917651,0.44999999999999996
3.9818863680183774,1.761521949809928,0.44999999999999996,568.7965074281726,3.9603253690766667,2.521000000000002,0.022925966918147307,2.521000000000002,0.0,0.022917651,0.44999999999999996
3.9818803911731084,1.7624083691184091,0.44999999999999996,569.2185757374909,3.9595853769090237,2.522000000000002,0.022925966937052587,2.522000000000002,0.0,0.022917651,0.44999999999999996
3.981873772041761,1.763295383129856,0.44999999999999996,569.6419944078846,3.9588422209263228,2.523000000000003,0.02292596695595787,2.5230000000000024,0.0,0.022917651,0.44999999999999996
3.981866948472501,1.7641830167547647,0.44999999999999996,570.0663115435409,3.958097627591226,2.5240000000000027,0.022925966974863154,2.5240000000000022,0.0,0.022917651,0.44999999999999996
3.9818599199161433,1.7650712716576133,0.44999999999999996,570.4915295580213,3.957351593042551,2.525000000000002,0.022925966993768438,2.525000000000002,0.0,0.022917651,0.44999999999999996
3.9818526858215324,1.7659601495088464,0.44999999999999996,570.9176508735394,3.9566041134052736,2.5260000000000025,0.02292596701267372,2.526000000000002,0.0,0.022917651,0.44999999999999996
3.9818452267454325,1.766849653430701,0.44999999999999996,571.3447098670092,3.955855107771002,2.5270000000000024,0.022925967031579012,2.5270000000000024,0.0,0.022917651,0.44999999999999996
3.9818355308489446,1.767739952095438,0.44999999999999996,571.7761828814155,3.955096358679763,2.5280000000000027,0.02292596705048429,2.5280000000000022,0.0,0.022917651,0.44999999999999996
3.981825624986128,1.7686309048833986,0.44999999999999996,572.208715167421,3.9543361155664125,2.529000000000002,0.02292596706938957,2.529000000000002,0.0,0.022917651,0.44999999999999996
3.981815508588004,1.769522513567163,0.44999999999999996,572.6423095954993,3.953574374382367,2.530000000000002,0.022925967088294853,2.530000000000002,0.0,0.022917651,0.44999999999999996
3.9818051810835344,1.7704147799257215,0.44999999999999996,573.0769690465047,3.952811131064399,2.531000000000002,0.022925967107200136,2.5310000000000024,0.0,0.022917651,0.44999999999999996
3.981794641899619,1.7713077057445028,0.44999999999999996,573.5126964117185,3.952046381534577,2.5320000000000022,0.022925967126105423,2.5320000000000022,0.0,0.022917651,0.44999999999999996
3.981782462365452,1.7722012313891908,0.44999999999999996,573.9533223175345,3.9512744707393193,2.533000000000002,0.022925967145010707,2.533000000000002,0.0,0.022917651,0.44999999999999996
3.981766847851814,1.7730952493438301,0.44999999999999996,574.4035589823375,3.9504883276795746,2.534000000000002,0.02292596716391599,2.534000000000002,0.0,0.022917651,0.44999999999999996
3.981750987752117,1.7739898816201076,0.44999999999999996,574.8548065047112,3.949700587931576,2.5350000000000024,0.022925967182821277,2.5350000000000024,0.0,0.022917651,0.44999999999999996
3.9817348813513203,1.7748851300066621,0.44999999999999996,575.3070678278377,3.948911246846456,2.536000000000002,0.022925967201726558,2.5360000000000023,0.0,0.022917651,0.44999999999999996
3.981718527931603,1.7757809962990856,0.44999999999999996,575.7603459063363,3.948120299757279,2.537000000000002,0.02292596722063184,2.537000000000002,0.0,0.022917651,0.44999999999999996
3.9817019267723555,1.7766774822999525,0.44999999999999996,576.2146437063187,3.947327741978958,2.538000000000002,0.022925967239537125,2.538000000000002,0.0,0.022917651,0.44999999999999996
3.9816819921645745,1.7775732485007942,0.44999999999999996,576.6759115469772,3.9465225694518344,2.539000000000003,0.022925967258442412,2.5390000000000024,0.0,0.022917651,0.44999999999999996
3.9816611830498116,1.7784693574422341,0.44999999999999996,577.1393366073863,3.945713556095971,2.5400000000000023,0.022925967277347692,2.5400000000000023,0.0,0.022917651,0.44999999999999996
3.9816401647395594,1.7793660993865474,0.44999999999999996,577.6036302996811,3.9449030730640624,2.541000000000002,0.02292596729625298,2.541000000000002,0.0,0.022917651,0.44999999999999996
3.9816189367068047,1.7802634759284115,0.44999999999999996,578.0687948121426,3.9440911166536585,2.542000000000002,0.02292596731515826,2.542000000000002,0.0,0.022917651,0.44999999999999996
3.9815974984227664,1.7811614886678662,0.44999999999999996,578.5348323404094,3.943277683149865,2.5430000000000033,0.022925967334063546,2.5430000000000024,0.0,0.022917651,0.44999999999999996
3.981574866610298,1.782059803513439,0.44999999999999996,579.0027255327624,3.942459174590129,2.544000000000002,0.02292596735296883,2.5440000000000023,0.0,0.022917651,0.44999999999999996
3.9815510584891194,1.7829584575846884,0.44999999999999996,579.4724407126681,3.9416356226236497,2.5450000000000026,0.022925967371874113,2.545000000000002,0.0,0.022917651,0.44999999999999996
3.981527022991321,1.7838577866039373,0.44999999999999996,579.9430269341024,3.940810486208046,2.5460000000000025,0.0229259673907794,2.546000000000002,0.0,0.022917651,0.44999999999999996
3.9815027595134476,1.7847577923624862,0.44999999999999996,580.4144865087943,3.9399837611382176,2.5470000000000024,0.022925967409684677,2.5470000000000024,0.0,0.022917651,0.44999999999999996
3.9814782674499094,1.7856584766579797,0.44999999999999996,580.8868217566605,3.93915544319417,2.5480000000000023,0.02292596742858996,2.5480000000000023,0.0,0.022917651,0.44999999999999996
3.9814527523510885,1.7865598597166905,0.44999999999999996,581.3605093320235,3.938322334025216,2.549000000000002,0.022925967447495248,2.549000000000002,0.0,0.022917651,0.44999999999999996
3.9814251289302307,1.7874619716653253,0.44999999999999996,581.8362024065935,3.937480061800282,2.550000000000002,0.022925967466400528,2.550000000000002,0.0,0.022917651,0.44999999999999996
3.9813972739636565,1.7883647724539593,0.44999999999999996,582.3127830472843,3.9366361743844402,2.551000000000002,0.022925967485305815,2.5510000000000024,0.0,0.022917651,0.44999999999999996
3.9813691868399586,1.7892682639015083,0.44999999999999996,582.7902535977579,3.935790667512697,2.552000000000002,0.0229259675042111,2.5520000000000023,0.0,0.022917651,0.44999999999999996
3.981340866945573,1.790172447833299,0.44999999999999996,583.2686164099358,3.9349435369050316,2.553000000000002,0.022925967523116382,2.553000000000002,0.0,0.022917651,0.44999999999999996
3.9813119043170944,1.7910772995845752,0.44999999999999996,583.7482352302741,3.93409316770961,2.5540000000000025,0.022925967542021666,2.554000000000002,0.0,0.022917651,0.44999999999999996
3.9812811845825693,1.791982748033848,0.44999999999999996,584.2301035457083,3.933235174654674,2.5550000000000024,0.02292596756092695,2.5550000000000024,0.0,0.022917651,0.44999999999999996
3.981250239450751,1.7928888935895444,0.44999999999999996,584.7128760297443,3.9323755830187213,2.5560000000000023,0.022925967579832233,2.5560000000000023,0.0,0.022917651,0.44999999999999996
3.9812190683470527,1.7937957380287348,0.44999999999999996,585.196554987298,3.9315143887266326,2.557000000000002,0.022925967598737516,2.557000000000002,0.0,0.022917651,0.44999999999999996
3.981187670694937,1.7947032831345364,0.44999999999999996,585.681142731126,3.9306515876894275,2.5580000000000025,0.0229259676176428,2.558000000000002,0.0,0.022917651,0.44999999999999996
3.9811554137751664,1.7956113425287632,0.44999999999999996,586.1669891913192,3.9297848347292894,2.5590000000000024,0.022925967636548084,2.5590000000000024,0.0,0.022917651,0.44999999999999996
3.9811207189469386,1.79651944244668,0.44999999999999996,586.6549619286236,3.9289082873173453,2.5600000000000023,0.022925967655453367,2.5600000000000023,0.0,0.022917651,0.44999999999999996
3.981085782159386,1.7974282348451898,0.44999999999999996,587.1438538467207,3.9280300796319074,2.5610000000000026,0.02292596767435865,2.561000000000002,0.0,0.022917651,0.44999999999999996
3.981050602776657,1.798337721544083,0.44999999999999996,587.6336673611527,3.9271502073098934,2.562000000000002,0.022925967693263938,2.562000000000002,0.0,0.022917651,0.44999999999999996
3.9810151801606692,1.7992479043695324,0.44999999999999996,588.1244048959329,3.9262686659729216,2.5630000000000024,0.022925967712169218,2.5630000000000024,0.0,0.022917651,0.44999999999999996
3.9809786983428013,1.8001589352635088,0.44999999999999996,588.6166526775174,3.925382040603896,2.5640000000000023,0.0229259677310745,2.5640000000000023,0.0,0.022917651,0.44999999999999996
3.980940466773445,1.8010709578657842,0.44999999999999996,589.1109105856443,3.9244874259440423,2.5650000000000026,0.022925967749979785,2.565000000000002,0.0,0.022917651,0.44999999999999996
3.9809019916064354,1.8019837037325246,0.44999999999999996,589.6061038145598,3.9235911135287265,2.5660000000000016,0.02292596776888507,2.566000000000002,0.0,0.022917651,0.44999999999999996
3.9808632722067903,1.8028971747490559,0.44999999999999996,590.1022348023538,3.9226930989324305,2.5670000000000024,0.022925967787790356,2.5670000000000024,0.0,0.022917651,0.44999999999999996
3.980824307937316,1.8038113728072598,0.44999999999999996,590.5993059955965,3.9217933777142404,2.5680000000000027,0.022925967806695636,2.5680000000000023,0.0,0.022917651,0.44999999999999996
3.9807835996095853,1.804726119647365,0.44999999999999996,591.0984723544478,3.9208861321591444,2.5690000000000026,0.022925967825600926,2.569000000000002,0.0,0.022917651,0.44999999999999996
3.980741558467752,1.8056414646494199,0.44999999999999996,591.5994310816185,3.9199729577294202,2.570000000000002,0.022925967844506207,2.570000000000002,0.0,0.022917651,0.44999999999999996
3.980699268591729,1.8065575395717763,0.44999999999999996,592.1013534900491,3.919058058443623,2.5710000000000024,0.022925967863411487,2.5710000000000024,0.0,0.022917651,0.44999999999999996
3.980656729334904,1.8074743463119367,0.44999999999999996,592.6042420849293,3.9181414298178097,2.5720000000000027,0.022925967882316774,2.5720000000000023,0.0,0.022917651,0.44999999999999996
3.9806139400484253,1.8083918867739879,0.44999999999999996,593.1080993801401,3.9172230673524813,2.573000000000002,0.022925967901222054,2.573000000000002,0.0,0.022917651,0.44999999999999996
3.9805685683353658,1.809309855832691,0.44999999999999996,593.6157515093682,3.9162939433619384,2.574000000000002,0.022925967920127337,2.574000000000002,0.0,0.022917651,0.44999999999999996
3.9805226892807464,1.8102285367293123,0.44999999999999996,594.1247015192857,3.9153620778009914,2.5750000000000024,0.022925967939032624,2.5750000000000024,0.0,0.022917651,0.44999999999999996
3.9804765298741667,1.8111479619000848,0.44999999999999996,594.6346771068172,3.914428346505888,2.5760000000000027,0.022925967957937905,2.5760000000000023,0.0,0.022917651,0.44999999999999996
3.980430089331215,1.8120681334274498,0.44999999999999996,595.1456811414779,3.913492744256396,2.577000000000002,0.02292596797684319,2.577000000000002,0.0,0.022917651,0.44999999999999996
3.9803812890178216,1.8129882097602161,0.44999999999999996,595.6643209823544,3.912547798887827,2.578000000000002,0.022925967995748475,2.578000000000002,0.0,0.022917651,0.44999999999999996
3.9803280948331237,1.813907368306371,0.44999999999999996,596.1972111264383,3.9115861975248394,2.5790000000000024,0.022925968014653755,2.5790000000000024,0.0,0.022917651,0.44999999999999996
3.980274522877942,1.8148272429375512,0.44999999999999996,596.7316607178664,3.910622369178897,2.5800000000000023,0.022925968033559042,2.5800000000000023,0.0,0.022917651,0.44999999999999996
3.9802205718638857,1.815747836095978,0.44999999999999996,597.2676750751604,3.9096563062548357,2.581000000000002,0.022925968052464326,2.581000000000002,0.0,0.022917651,0.44999999999999996
3.9801662404966955,1.8166691502349892,0.44999999999999996,597.8052595410544,3.9086880011229144,2.582000000000002,0.02292596807136961,2.582000000000002,0.0,0.022917651,0.44999999999999996
3.9801083536895816,1.8175910708983913,0.44999999999999996,598.3497891663624,3.907704868707068,2.5830000000000024,0.022925968090274893,2.5830000000000024,0.0,0.022917651,0.44999999999999996
3.9800499787750296,1.8185137202031743,0.44999999999999996,598.8957756573734,3.906719055161915,2.5840000000000027,0.022925968109180177,2.5840000000000023,0.0,0.022917651,0.44999999999999996
3.9799913122073125,1.8194371076207938,0.44999999999999996,599.4428793745228,3.905731336774106,2.585000000000002,0.02292596812808546,2.585000000000002,0.0,0.022917651,0.44999999999999996
3.9799323531936026,1.8203612351577299,0.44999999999999996,599.9911033548684,3.9047417083655316,2.586000000000002,0.02292596814699074,2.586000000000002,0.0,0.022917651,0.44999999999999996
3.979871202127807,1.821285377373651,0.44999999999999996,600.5417182883183,3.903743293402963,2.5870000000000024,0.022925968165896024,2.5870000000000024,0.0,0.022917651,0.44999999999999996
3.979808749787407,1.8222098789609251,0.44999999999999996,601.094102322,3.9027393120238587,2.5880000000000023,0.02292596818480131,2.5880000000000023,0.0,0.022917651,0.44999999999999996
3.979745993540896,1.8231351246118839,0.44999999999999996,601.6475858977386,3.9017333708865247,2.5890000000000017,0.022925968203706595,2.589000000000002,0.0,0.022917651,0.44999999999999996
3.9796829325501992,1.8240611163784153,0.44999999999999996,602.2021720477173,3.900725464586577,2.590000000000002,0.02292596822261188,2.590000000000002,0.0,0.022917651,0.44999999999999996
3.979618293497692,1.8249878318075583,0.44999999999999996,602.758631132548,3.8997105234965774,2.5910000000000024,0.02292596824151716,2.5910000000000024,0.0,0.022917651,0.44999999999999996
3.9795518403516814,1.8259152989372316,0.44999999999999996,603.3171025734679,3.898687575682861,2.5920000000000023,0.022925968260422445,2.5920000000000023,0.0,0.022917651,0.44999999999999996
3.979485081279251,1.8268435603394702,0.44999999999999996,603.8766774163472,3.8976626098341907,2.5930000000000017,0.02292596827932773,2.593000000000002,0.0,0.022917651,0.44999999999999996
3.9794180154421745,1.827772618190545,0.44999999999999996,604.4373586844583,3.8966356204212413,2.594000000000002,0.022925968298233013,2.594000000000002,0.0,0.022917651,0.44999999999999996
3.979349755314898,1.8287024481107972,0.44999999999999996,604.9997438326685,3.895603083808125,2.595000000000003,0.0229259683171383,2.5950000000000024,0.0,0.022917651,0.44999999999999996
3.979279495976688,1.829633032324894,0.44999999999999996,605.56436158467,3.8945618000964246,2.5960000000000023,0.02292596833604358,2.5960000000000023,0.0,0.022917651,0.44999999999999996
3.979208916301241,1.8305644254052018,0.44999999999999996,606.1300824177456,3.893518426312413,2.597000000000002,0.022925968354948863,2.597000000000002,0.0,0.022917651,0.44999999999999996
3.979138015392733,1.8314966296137127,0.44999999999999996,606.6969094166594,3.892472956611207,2.598000000000002,0.02292596837385415,2.598000000000002,0.0,0.022917651,0.44999999999999996
3.979065777863952,1.8324294330968032,0.44999999999999996,607.2653563662103,3.8914215389369535,2.599000000000003,0.02292596839275943,2.5990000000000024,0.0,0.022917651,0.44999999999999996
3.9789909587387187,1.833362572739668,0.44999999999999996,607.8360528186818,3.890359453456264,2.6000000000000023,0.022925968411664714,2.6000000000000023,0.0,0.022917651,0.44999999999999996
3.9789431011397784,1.8342312191219223,0.44999999999999996,608.1676120716504,3.8894632786076317,2.601000000000002,0.022925968411664714,2.601000000000002,0.0,0.022917651,0.44999999999999996
3.9788949286130846,1.835100388418818,0.44999999999999996,608.5002611014942,3.8885653212462685,2.602000000000002,0.022925968411664718,2.602000000000002,0.0,0.022917651,0.44999999999999996
3.978846440221945,1.8359700821856606,0.44999999999999996,608.8340031495395,3.8876655760704395,2.6030000000000024,0.022925968411664714,2.6030000000000024,0.0,0.022917651,0.44999999999999996
3.9787966254251352,1.83683970456526,0.44999999999999996,609.1697512019152,3.8867605983784705,2.6040000000000014,0.022925968411664714,2.6040000000000023,0.0,0.022917651,0.44999999999999996
3.978746026366012,1.837709619439037,0.44999999999999996,609.507007640583,3.885852191823759,2.605000000000002,0.022925968411664718,2.605000000000002,0.0,0.022917651,0.44999999999999996
3.978695094589579,1.8385801038686393,0.44999999999999996,609.845365937002,3.884941884772528,2.6060000000000016,0.022925968411664707,2.606000000000002,0.0,0.022917651,0.44999999999999996
3.9786438290660957,1.8394511596168084,0.44999999999999996,610.1848295013557,3.8840296713428573,2.6070000000000024,0.02292596841166471,2.6070000000000024,0.0,0.022917651,0.44999999999999996
3.9785922287615674,1.8403227884535653,0.44999999999999996,610.5254017579131,3.883115545628528,2.6080000000000028,0.02292596841166471,2.6080000000000023,0.0,0.022917651,0.44999999999999996
3.9785380945525204,1.8411950173323515,0.44999999999999996,610.8681496794031,3.8821906860871986,2.6090000000000027,0.022925968411664718,2.609000000000002,0.0,0.022917651,0.44999999999999996
3.978483136065672,1.8420678226607112,0.44999999999999996,611.2122536793923,3.8812619533433574,2.610000000000002,0.022925968411664718,2.610000000000002,0.0,0.022917651,0.44999999999999996
3.9784278394321633,1.8429412000317693,0.44999999999999996,611.5574819461939,3.8803312959068,2.6110000000000024,0.022925968411664714,2.6110000000000024,0.0,0.022917651,0.44999999999999996
3.978372203614932,1.8438151511999268,0.44999999999999996,611.9038379278284,3.8793987078746754,2.6120000000000028,0.022925968411664718,2.6120000000000023,0.0,0.022917651,0.44999999999999996
3.9783160931490027,1.8446896616184565,0.44999999999999996,612.2514101898984,3.878463661773835,2.613000000000002,0.022925968411664714,2.613000000000002,0.0,0.022917651,0.44999999999999996
3.978257690861844,1.8455645133006766,0.44999999999999996,612.6013462084235,3.877519104812617,2.614000000000002,0.022925968411664714,2.614000000000002,0.0,0.022917651,0.44999999999999996
3.9781989286602153,1.8464399430836722,0.44999999999999996,612.9524206798259,3.8765725301410674,2.6150000000000024,0.022925968411664718,2.6150000000000024,0.0,0.022917651,0.44999999999999996
3.97813980539793,1.8473159528084684,0.44999999999999996,613.3046372296344,3.875623931333565,2.6160000000000023,0.022925968411664714,2.6160000000000023,0.0,0.022917651,0.44999999999999996
3.978080319923928,1.8481925443239169,0.44999999999999996,613.65799949879,3.8746733019371717,2.6170000000000018,0.02292596841166471,2.617000000000002,0.0,0.022917651,0.44999999999999996
3.9780190799523143,1.849069162564147,0.44999999999999996,614.0153180388193,3.8737156278173623,2.618000000000002,0.022925968411664714,2.618000000000002,0.0,0.022917651,0.44999999999999996
3.977955479996497,1.849945579797863,0.44999999999999996,614.3777852415091,3.872748714735276,2.6190000000000024,0.022925968411664714,2.6190000000000024,0.0,0.022917651,0.44999999999999996
3.977891545386487,1.8508226142444897,0.44999999999999996,614.7413028452746,3.8717798458750017,2.6200000000000028,0.022925968411664718,2.6200000000000023,0.0,0.022917651,0.44999999999999996
3.977827275144505,1.8517002677073775,0.44999999999999996,615.1058739191386,3.8708090155222203,2.621000000000002,0.022925968411664714,2.621000000000002,0.0,0.022917651,0.44999999999999996
3.977762668288956,1.8525785419969072,0.44999999999999996,615.4715015440904,3.8698362179403305,2.622000000000002,0.022925968411664718,2.622000000000002,0.0,0.022917651,0.44999999999999996
3.9776961885681392,1.8534585073760428,0.44999999999999996,615.8450225812054,3.8688542375525827,2.623000000000003,0.022925968411664718,2.6230000000000024,0.0,0.022917651,0.44999999999999996
3.977629126481091,1.8543392052426968,0.44999999999999996,616.2204716001083,3.8678691950716697,2.6240000000000023,0.022925968411664714,2.6240000000000023,0.0,0.022917651,0.44999999999999996
3.9775617010993916,1.8552204799840184,0.44999999999999996,616.5968566177776,3.8668821224308005,2.6250000000000027,0.022925968411664714,2.625000000000002,0.0,0.022917651,0.44999999999999996
3.9774939113082186,1.856102333370231,0.44999999999999996,616.9741805064599,3.8658930134001372,2.626000000000002,0.022925968411664714,2.626000000000002,0.0,0.022917651,0.44999999999999996
3.9774231140487846,1.8569833597011323,0.44999999999999996,617.3565321128286,3.8648927008840777,2.6270000000000024,0.022925968411664718,2.6270000000000024,0.0,0.022917651,0.44999999999999996
3.9773483728436116,1.8578630915694483,0.44999999999999996,617.7453081070262,3.8638779063605915,2.6280000000000023,0.022925968411664714,2.6280000000000023,0.0,0.022917651,0.44999999999999996
3.9772733441743666,1.8587434908798826,0.44999999999999996,618.1348327545154,3.8628612947006307,2.6290000000000022,0.02292596841166471,2.6290000000000022,0.0,0.022917651,0.44999999999999996
3.977198027339528,1.8596245592612508,0.44999999999999996,618.5251078822993,3.8618428614696834,2.630000000000002,0.022925968411664714,2.630000000000002,0.0,0.022917651,0.44999999999999996
3.977122162444741,1.8605062953115807,0.44999999999999996,618.9163128373888,3.8608215688067213,2.631000000000002,0.022925968411664714,2.6310000000000024,0.0,0.022917651,0.44999999999999996
3.9770443321150073,1.8613886720282478,0.44999999999999996,619.3094152399061,3.8597917758389197,2.6320000000000023,0.022925968411664714,2.6320000000000023,0.0,0.022917651,0.44999999999999996
3.9769661965870053,1.862271701320492,0.44999999999999996,619.7032759992941,3.858760109521167,2.633000000000002,0.022925968411664714,2.6330000000000022,0.0,0.022917651,0.44999999999999996
3.9768877550899484,1.8631553848364093,0.44999999999999996,620.0978970308031,3.8577265651222694,2.634000000000002,0.022925968411664714,2.634000000000002,0.0,0.022917651,0.44999999999999996
3.976809006850454,1.8640397242296527,0.44999999999999996,620.4932802561381,3.8566911378950857,2.6350000000000025,0.022925968411664714,2.6350000000000025,0.0,0.022917651,0.44999999999999996
3.9767272570030046,1.864923403821989,0.44999999999999996,620.8923703597136,3.855644361373017,2.636000000000003,0.022925968411664714,2.6360000000000023,0.0,0.022917651,0.44999999999999996
3.976644935490732,1.8658076222144928,0.44999999999999996,621.2926014064611,3.8545947591167247,2.6370000000000022,0.022925968411664714,2.6370000000000022,0.0,0.022917651,0.44999999999999996
3.976562284053151,1.866692500136163,0.44999999999999996,621.6937144827532,3.8535431775954163,2.6380000000000026,0.022925968411664714,2.638000000000002,0.0,0.022917651,0.44999999999999996
3.9764793018167084,1.8675780393332588,0.44999999999999996,622.0957119239713,3.852489611568521,2.6390000000000025,0.022925968411664714,2.6390000000000025,0.0,0.022917651,0.44999999999999996
3.976394076864034,1.868464760160611,0.44999999999999996,622.5026486827635,3.8514258968162975,2.6400000000000023,0.022925968411664714,2.6400000000000023,0.0,0.022917651,0.44999999999999996
3.976308002700739,1.8693523215765295,0.44999999999999996,622.9117578084903,3.8503579455641455,2.6410000000000022,0.022925968411664718,2.6410000000000022,0.0,0.022917651,0.44999999999999996
3.976221599545987,1.8702405882728192,0.44999999999999996,623.3219595966694,3.8492879729517204,2.6420000000000026,0.022925968411664714,2.642000000000002,0.0,0.022917651,0.44999999999999996
3.9761348665407947,1.871129562090938,0.44999999999999996,623.7332569001961,3.8482159737013384,2.643000000000003,0.022925968411664714,2.6430000000000025,0.0,0.022917651,0.44999999999999996
3.976044604274129,1.8720170460507537,0.44999999999999996,624.1502246863392,3.8471313427298424,2.6440000000000023,0.022925968411664718,2.6440000000000023,0.0,0.022917651,0.44999999999999996
3.9759527420384746,1.8729043455553063,0.44999999999999996,624.5701922031944,3.846040494814473,2.6450000000000022,0.022925968411664718,2.6450000000000022,0.0,0.022917651,0.44999999999999996
3.975860443988412,1.8737922601657544,0.44999999999999996,624.991510946795,3.8449472886765106,2.6460000000000026,0.022925968411664718,2.646000000000002,0.0,0.022917651,0.44999999999999996
3.975767708715586,1.8746807918698427,0.44999999999999996,625.4141852836956,3.843851716695244,2.647000000000003,0.022925968411664714,2.6470000000000025,0.0,0.022917651,0.44999999999999996
3.975672467516271,1.8755700055211373,0.44999999999999996,625.8393277595056,3.842745443747783,2.6480000000000024,0.022925968411664714,2.6480000000000024,0.0,0.022917651,0.44999999999999996
3.975576221125668,1.8764598979855787,0.44999999999999996,626.2661486800698,3.841634472489898,2.6490000000000022,0.022925968411664714,2.6490000000000022,0.0,0.022917651,0.44999999999999996
3.9754795448640654,1.8773504587687548,0.44999999999999996,626.6943445972425,3.84052111341499,2.6500000000000026,0.022925968411664714,2.650000000000002,0.0,0.022917651,0.44999999999999996
3.9753824373793534,1.8782416899727836,0.44999999999999996,627.1239198359142,3.839405359012463,2.6510000000000025,0.022925968411664714,2.6510000000000025,0.0,0.022917651,0.44999999999999996
3.9752828019956374,1.8791328503299203,0.44999999999999996,627.5560236966193,3.8382795598749455,2.6520000000000024,0.022925968411664714,2.6520000000000024,0.0,0.022917651,0.44999999999999996
3.9751825052580267,1.8800245916008713,0.44999999999999996,627.9896285126129,3.837150534021919,2.6530000000000022,0.022925968411664714,2.6530000000000022,0.0,0.022917651,0.44999999999999996
3.975081746452474,1.8809169865682218,0.44999999999999996,628.4246286109604,3.836019006197923,2.6540000000000026,0.022925968411664714,2.654000000000002,0.0,0.022917651,0.44999999999999996
3.97498021634925,1.881809986256392,0.44999999999999996,628.8611741879718,3.8348837887320912,2.6550000000000025,0.022925968411664714,2.6550000000000025,0.0,0.022917651,0.44999999999999996
3.9748757485014496,1.8827032375093287,0.44999999999999996,629.3002945928658,3.8337365708000704,2.6560000000000024,0.022925968411664714,2.6560000000000024,0.0,0.022917651,0.44999999999999996
3.9747708067842336,1.8835971557100073,0.44999999999999996,629.7408281821819,3.832586790247976,2.6570000000000022,0.022925968411664714,2.6570000000000022,0.0,0.022917651,0.44999999999999996
3.974665389626463,1.8844917430697297,0.44999999999999996,630.1827796414091,3.831434438579304,2.6580000000000026,0.022925968411664714,2.658000000000002,0.0,0.022917651,0.44999999999999996
3.974558409266794,1.8853868251146304,0.44999999999999996,630.6266590692984,3.8302753390603117,2.6590000000000025,0.022925968411664714,2.6590000000000025,0.0,0.022917651,0.44999999999999996
3.974449211332371,1.8862823031305045,0.44999999999999996,631.0727762666282,3.8291069731219,2.660000000000003,0.022925968411664714,2.6600000000000024,0.0,0.022917651,0.44999999999999996
3.9743395287974566,1.887178463874343,0.44999999999999996,631.5203294918751,3.8279359862985425,2.6610000000000023,0.022925968411664714,2.6610000000000023,0.0,0.022917651,0.44999999999999996
3.974229360052389,1.888075309613912,0.44999999999999996,631.9693235149858,3.8267623698846407,2.662000000000002,0.022925968411664714,2.662000000000002,0.0,0.022917651,0.44999999999999996
3.974116301387384,1.888972063924643,0.44999999999999996,632.4239027433442,3.8255772861094766,2.663000000000003,0.022925968411664714,2.6630000000000025,0.0,0.022917651,0.44999999999999996
3.974001905385025,1.8898692421093353,0.44999999999999996,632.8812813073025,3.8243864293115197,2.6640000000000024,0.022925968411664714,2.6640000000000024,0.0,0.022917651,0.44999999999999996
3.973887054168119,1.8907671342097174,0.44999999999999996,633.3399231708727,3.8231930376612593,2.6650000000000023,0.022925968411664714,2.6650000000000023,0.0,0.022917651,0.44999999999999996
3.9737710858767903,1.89166549063515,0.44999999999999996,633.8010972559065,3.8219947130276517,2.666000000000002,0.022925968411664714,2.666000000000002,0.0,0.022917651,0.44999999999999996
3.973651118798423,1.8925632141744844,0.44999999999999996,634.2702356673665,3.820781024568826,2.667000000000003,0.022925968411664718,2.6670000000000025,0.0,0.022917651,0.44999999999999996
3.973530776703965,1.8934616877539758,0.44999999999999996,634.7403334362308,3.819565086009571,2.6680000000000024,0.022925968411664714,2.6680000000000024,0.0,0.022917651,0.44999999999999996
3.973410058639495,1.8943609132814896,0.44999999999999996,635.2113930028011,3.818346891626345,2.6690000000000023,0.022925968411664718,2.6690000000000023,0.0,0.022917651,0.44999999999999996
3.973287066970762,1.8952602883768899,0.44999999999999996,635.6844375977425,3.817119454930977,2.670000000000002,0.022925968411664714,2.670000000000002,0.0,0.022917651,0.44999999999999996
3.9731627029953023,1.8961600955727171,0.44999999999999996,636.1589582011849,3.815886097679322,2.671000000000003,0.022925968411664714,2.6710000000000025,0.0,0.022917651,0.44999999999999996
3.9730379313552397,1.8970606431343937,0.44999999999999996,636.6344323378758,3.8146503693025813,2.6720000000000024,0.022925968411664718,2.6720000000000024,0.0,0.022917651,0.44999999999999996
3.9729121790774684,1.8979618133614726,0.44999999999999996,637.1111708743911,3.8134100946954,2.6730000000000027,0.022925968411664714,2.6730000000000023,0.0,0.022917651,0.44999999999999996
3.9727840699835397,1.8988633382641609,0.44999999999999996,637.5899201635935,3.8121600350878544,2.674000000000002,0.022925968411664714,2.674000000000002,0.0,0.022917651,0.44999999999999996
3.9726555527435172,1.8997656391813103,0.44999999999999996,638.0696331913534,3.810907567029188,2.6750000000000025,0.022925968411664718,2.6750000000000025,0.0,0.022917651,0.44999999999999996
3.9725266262716414,1.9006687181772939,0.44999999999999996,638.5503125214317,3.809652684112379,2.676000000000003,0.022925968411664714,2.6760000000000024,0.0,0.022917651,0.44999999999999996
3.9723932231960624,1.9015702496795637,0.44999999999999996,639.041962881038,3.8083814440383206,2.6770000000000027,0.022925968411664714,2.6770000000000023,0.0,0.022917651,0.44999999999999996
3.9722586182577535,1.9024720873204037,0.44999999999999996,639.5366873767572,3.807105090681085,2.678000000000002,0.022925968411664718,2.678000000000002,0.0,0.022917651,0.44999999999999996
3.9721235466833527,1.9033746528730437,0.44999999999999996,640.0326910893577,3.805826142868332,2.6790000000000025,0.022925968411664714,2.6790000000000025,0.0,0.022917651,0.44999999999999996
3.971986941028708,1.9042788458126338,0.44999999999999996,640.5330605467849,3.804539434883498,2.6800000000000024,0.022925968411664714,2.6800000000000024,0.0,0.022917651,0.44999999999999996
3.971848989381943,1.9051845676507853,0.44999999999999996,641.0373804586267,3.803245816939948,2.6810000000000027,0.022925968411664714,2.6810000000000023,0.0,0.022917651,0.44999999999999996
3.971710584413099,1.9060910854706248,0.44999999999999996,641.5431076199098,3.801949589670392,2.682000000000002,0.022925968411664714,2.682000000000002,0.0,0.022917651,0.44999999999999996
3.971569751653013,1.9069969982705341,0.44999999999999996,642.0534650243662,3.8006442532031137,2.6830000000000025,0.022925968411664714,2.6830000000000025,0.0,0.022917651,0.44999999999999996
3.9714235478245814,1.907900207657678,0.44999999999999996,642.5733204105758,3.7993201285137332,2.6840000000000024,0.022925968411664714,2.6840000000000024,0.0,0.022917651,0.44999999999999996
3.971276775289684,1.9088041278077608,0.44999999999999996,643.0948771175836,3.797993018257366,2.6850000000000023,0.022925968411664714,2.6850000000000023,0.0,0.022917651,0.44999999999999996
3.9711290695853405,1.909708861086893,0.44999999999999996,643.6183194006286,3.7966613625211627,2.686000000000002,0.022925968411664714,2.686000000000002,0.0,0.022917651,0.44999999999999996
3.9709784042074254,1.910614984108048,0.44999999999999996,644.1446501421718,3.795316480299239,2.687000000000002,0.022925968411664714,2.6870000000000025,0.0,0.022917651,0.44999999999999996
3.970827151870388,1.9115218566368541,0.44999999999999996,644.6727056343881,3.793968500623629,2.6880000000000024,0.022925968411664714,2.6880000000000024,0.0,0.022917651,0.44999999999999996
3.970675223919864,1.9124294414699736,0.44999999999999996,645.2025272216464,3.7926171060759066,2.689000000000002,0.022925968411664714,2.6890000000000023,0.0,0.022917651,0.44999999999999996
3.9705196636229827,1.9133363858403412,0.44999999999999996,645.7353292333974,3.791251822418127,2.690000000000002,0.022925968411664718,2.690000000000002,0.0,0.022917651,0.44999999999999996
3.970363486454537,1.914244076416509,0.44999999999999996,646.2698807421519,3.789883325075055,2.6910000000000025,0.022925968411664714,2.6910000000000025,0.0,0.022917651,0.44999999999999996
3.9702066902577413,1.9151525158074583,0.44999999999999996,646.8061878647278,3.788511602810591,2.6920000000000024,0.022925968411664714,2.6920000000000024,0.0,0.022917651,0.44999999999999996
3.9700466708674673,1.916061304829762,0.44999999999999996,647.3455661780633,3.7871266446930565,2.693000000000002,0.022925968411664718,2.6930000000000023,0.0,0.022917651,0.44999999999999996
3.9698859748332174,1.9169708509514882,0.44999999999999996,647.8867437621278,3.7857382230702976,2.694000000000002,0.022925968411664714,2.694000000000002,0.0,0.022917651,0.44999999999999996
3.9697246580820273,1.9178811659102417,0.44999999999999996,648.429697562555,3.7843465497671978,2.695000000000003,0.022925968411664718,2.6950000000000025,0.0,0.022917651,0.44999999999999996
3.969559275380859,1.9187910943335738,0.44999999999999996,648.9766178654304,3.7829389997983274,2.6960000000000024,0.022925968411664714,2.6960000000000024,0.0,0.022917651,0.44999999999999996
3.9693932698992196,1.9197018535808372,0.44999999999999996,649.524937793826,3.7815281279875745,2.6970000000000023,0.022925968411664714,2.6970000000000023,0.0,0.022917651,0.44999999999999996
3.969226625344747,1.9206134311172698,0.44999999999999996,650.0746693773682,3.7801138815153825,2.698000000000002,0.022925968411664718,2.698000000000002,0.0,0.022917651,0.44999999999999996
3.9690564848643066,1.921524513320202,0.44999999999999996,650.6276409399293,3.7786861413754975,2.699000000000003,0.022925968411664714,2.6990000000000025,0.0,0.022917651,0.44999999999999996
3.968885842443139,1.9224364211031484,0.44999999999999996,651.1817835768816,3.7772555679701747,2.7000000000000024,0.022925968411664714,2.7000000000000024,0.0,0.022917651,0.44999999999999996
3.968748326877282,1.9232864250018626,0.44999999999999996,651.7468892611828,3.7760134441757187,2.7010000000000027,0.022925968335768914,2.7010000000000023,0.0,0.022917651,0.44999999999999996
3.968608304774353,1.924136837703567,0.44999999999999996,652.3154149431938,3.7747608825433434,2.702000000000002,0.02292596825987311,2.702000000000002,0.0,0.022917651,0.44999999999999996
3.968467921016577,1.924987979714244,0.44999999999999996,652.8851630803293,3.7735061449622678,2.703000000000003,0.02292596818397731,2.7030000000000025,0.0,0.022917651,0.44999999999999996
3.9683271746881275,1.9258398528807377,0.44999999999999996,653.4561367682394,3.7722492259222897,2.704000000000003,0.02292596810808151,2.7040000000000024,0.0,0.022917651,0.44999999999999996
3.9681831255934483,1.9266911384265637,0.44999999999999996,654.03003910537,3.7709796849369224,2.705000000000002,0.022925968032185707,2.7050000000000023,0.0,0.022917651,0.44999999999999996
3.9680382369859566,1.9275428015936125,0.44999999999999996,654.6056961029473,3.7697064084980596,2.706000000000002,0.022925967956289907,2.706000000000002,0.0,0.022917651,0.44999999999999996
3.967892883201889,1.9283950040558333,0.44999999999999996,655.1829101837137,3.7684307320821886,2.707000000000003,0.022925967880394103,2.7070000000000025,0.0,0.022917651,0.44999999999999996
3.967744689366167,1.9292477951972196,0.44999999999999996,655.7625778745049,3.7671431093623395,2.7080000000000033,0.0229259678044983,2.7080000000000024,0.0,0.022917651,0.44999999999999996
3.9675953579024426,1.9301012073715502,0.44999999999999996,656.3440587839316,3.7658503157752334,2.7090000000000023,0.022925967728602507,2.7090000000000023,0.0,0.022917651,0.44999999999999996
3.967445543165251,1.9309552371620804,0.44999999999999996,656.9271106938475,3.7645549714407203,2.710000000000002,0.022925967652706707,2.710000000000002,0.0,0.022917651,0.44999999999999996
3.9672906615154275,1.931806383655193,0.44999999999999996,657.5264933704526,3.7632422388165114,2.7110000000000025,0.022925967576810903,2.7110000000000025,0.0,0.022917651,0.44999999999999996
3.9671336776339845,1.9326569769129165,0.44999999999999996,658.1325115962991,3.761921649027179,2.7120000000000024,0.0229259675009151,2.7120000000000024,0.0,0.022917651,0.44999999999999996
3.9669762678694616,1.9335083106800082,0.44999999999999996,658.7397440788302,3.7605986151400024,2.7130000000000027,0.022925967425019296,2.7130000000000023,0.0,0.022917651,0.44999999999999996
3.966814511181333,1.9343602745063175,0.44999999999999996,659.3551840886703,3.7592575652795395,2.714000000000002,0.0229259673491235,2.714000000000002,0.0,0.022917651,0.44999999999999996
3.966651144472945,1.9352129252075432,0.44999999999999996,659.9738653339497,3.757909389104904,2.7150000000000025,0.022925967273227696,2.7150000000000025,0.0,0.022917651,0.44999999999999996
3.966487383091084,1.9360662963290745,0.44999999999999996,660.5936098694986,3.7565589139074786,2.7160000000000024,0.022925967197331892,2.7160000000000024,0.0,0.022917651,0.44999999999999996
3.9663215636495393,1.9369206524207543,0.44999999999999996,661.2155538045182,3.755199221534938,2.7170000000000023,0.022925967121436092,2.7170000000000023,0.0,0.022917651,0.44999999999999996
3.9661550605202236,1.937775765186225,0.44999999999999996,661.8387486757728,3.7538360377638504,2.718000000000002,0.022925967045540292,2.718000000000002,0.0,0.022917651,0.44999999999999996
3.9659881410390705,1.9386315931033613,0.44999999999999996,662.4630132449112,3.752470473465343,2.719000000000002,0.02292596696964449,2.7190000000000025,0.0,0.022917651,0.44999999999999996
3.965818118320757,1.9394865172692395,0.44999999999999996,663.0894936061721,3.751093400418489,2.720000000000003,0.022925966893748696,2.7200000000000024,0.0,0.022917651,0.44999999999999996
3.96564766150717,1.9403421594590002,0.44999999999999996,663.717068102996,3.7497138729685036,2.7210000000000023,0.02292596681785289,2.7210000000000023,0.0,0.022917651,0.44999999999999996
3.9654763086095155,1.9411984046704631,0.44999999999999996,664.3458996949853,3.7483301595754743,2.7220000000000026,0.02292596674195709,2.722000000000002,0.0,0.022917651,0.44999999999999996
3.9653019340966793,1.9420546727885268,0.44999999999999996,664.9767402188825,3.7469343444150343,2.7230000000000025,0.02292596666606129,2.7230000000000025,0.0,0.022917651,0.44999999999999996
3.965127145564044,1.9429116793042198,0.44999999999999996,665.6086754065566,3.7455361348350347,2.7240000000000024,0.02292596659016548,2.7240000000000024,0.0,0.022917651,0.44999999999999996
3.964950827300984,1.9437690556071787,0.44999999999999996,666.2421278673385,3.7441314340449505,2.7250000000000023,0.02292596651426968,2.7250000000000023,0.0,0.022917651,0.44999999999999996
3.964772169573465,1.9446265376848024,0.44999999999999996,666.8774063754475,3.7427172650166014,2.7260000000000026,0.022925966438373885,2.726000000000002,0.0,0.022917651,0.44999999999999996
3.964593092385626,1.9454847672808777,0.44999999999999996,667.513790820345,3.7413006703166043,2.727000000000003,0.02292596636247808,2.7270000000000025,0.0,0.022917651,0.44999999999999996
3.9644122509074116,1.946343810955238,0.44999999999999996,668.1520206011504,3.7398762023814083,2.728000000000003,0.022925966286582278,2.7280000000000024,0.0,0.022917651,0.44999999999999996
3.9642301319912114,1.9472036348365291,0.44999999999999996,668.7918228497267,3.7384458435902093,2.7290000000000023,0.022925966210686474,2.7290000000000023,0.0,0.022917651,0.44999999999999996
3.964047568251128,1.9480641978143223,0.44999999999999996,669.4327414890013,3.7370129666704326,2.730000000000002,0.022925966134790678,2.730000000000002,0.0,0.022917651,0.44999999999999996
3.9638609453279128,1.9489228680110293,0.44999999999999996,670.0800668990292,3.7355657428024758,2.7310000000000025,0.02292596605889488,2.7310000000000025,0.0,0.022917651,0.44999999999999996
3.9636734164020218,1.949781925642185,0.44999999999999996,670.7293298384084,3.734114507026996,2.7320000000000024,0.022925965982999074,2.7320000000000024,0.0,0.022917651,0.44999999999999996
3.9634845635344647,1.9506415005366085,0.44999999999999996,671.3818214241868,3.7326574597710476,2.7330000000000028,0.022925965907103277,2.7330000000000023,0.0,0.022917651,0.44999999999999996
3.9632922478725563,1.9515011252364178,0.44999999999999996,672.0425284668296,3.7311865172556784,2.734000000000002,0.022925965831207474,2.734000000000002,0.0,0.022917651,0.44999999999999996
3.963099332493572,1.9523613866579954,0.44999999999999996,672.7050440206772,3.729712539135204,2.7350000000000025,0.02292596575531167,2.7350000000000025,0.0,0.022917651,0.44999999999999996
3.962904192215258,1.95322288080235,0.44999999999999996,673.3701237936885,3.728228427712612,2.7360000000000024,0.02292596567941587,2.7360000000000024,0.0,0.022917651,0.44999999999999996
3.9627073405395867,1.9540854776808982,0.44999999999999996,674.0375468694692,3.7267363672588227,2.7370000000000023,0.022925965603520067,2.7370000000000023,0.0,0.022917651,0.44999999999999996
3.962509890417252,1.9549487860583388,0.44999999999999996,674.7068070186656,3.725241201467568,2.7380000000000027,0.02292596552762427,2.738000000000002,0.0,0.022917651,0.44999999999999996
3.9623054365899657,1.955807448645984,0.44999999999999996,675.3968100697341,3.7237226647115547,2.739000000000003,0.022925965451728467,2.7390000000000025,0.0,0.022917651,0.44999999999999996
3.962100479899604,1.9566669187908496,0.44999999999999996,676.0881347416857,3.7222013090655395,2.7400000000000024,0.022925965375832663,2.7400000000000024,0.0,0.022917651,0.44999999999999996
3.9618933084244534,1.9575276530309509,0.44999999999999996,676.7828583083378,3.720669832317938,2.7410000000000028,0.022925965299936867,2.7410000000000023,0.0,0.022917651,0.44999999999999996
3.961683690244435,1.9583896892591495,0.44999999999999996,677.481198318337,3.7191272690840855,2.742000000000002,0.022925965224041063,2.742000000000002,0.0,0.022917651,0.44999999999999996
3.96147357434669,1.9592525024151823,0.44999999999999996,678.1807698159695,3.717581938047724,2.7430000000000025,0.02292596514814526,2.7430000000000025,0.0,0.022917651,0.44999999999999996
3.961260618067888,1.9601166327868003,0.44999999999999996,678.8827284625121,3.71602392403778,2.744000000000002,0.022925965072249463,2.7440000000000024,0.0,0.022917651,0.44999999999999996
3.9610470808007348,1.960981553268741,0.44999999999999996,679.585959462061,3.71446279597076,2.7450000000000028,0.02292596499635366,2.7450000000000023,0.0,0.022917651,0.44999999999999996
3.960831717969612,1.961846458413191,0.44999999999999996,680.2909876539663,3.7128943788114515,2.746000000000002,0.02292596492045786,2.746000000000002,0.0,0.022917651,0.44999999999999996
3.9606145601392475,1.9627113838896062,0.44999999999999996,680.9978036020927,3.711318759051158,2.7470000000000026,0.02292596484456206,2.7470000000000026,0.0,0.022917651,0.44999999999999996
3.960396718916235,1.963577084500346,0.44999999999999996,681.7059579241329,3.7097396313785813,2.748000000000003,0.022925964768666256,2.7480000000000024,0.0,0.022917651,0.44999999999999996
3.9601763131484993,1.964443317142269,0.44999999999999996,682.4164712553936,3.7081497251797697,2.7490000000000023,0.022925964692770452,2.7490000000000023,0.0,0.022917651,0.44999999999999996
3.9599553793227105,1.9653103560705742,0.44999999999999996,683.1282514547727,3.706556900354613,2.750000000000002,0.022925964616874656,2.750000000000002,0.0,0.022917651,0.44999999999999996
3.959732004999971,1.9661780681070462,0.44999999999999996,683.842077878809,3.7049536329276718,2.7510000000000026,0.022925964540978852,2.7510000000000026,0.0,0.022917651,0.44999999999999996
3.9595071061561073,1.9670465254806186,0.44999999999999996,684.5575829986966,3.703343518392593,2.7520000000000024,0.02292596446508305,2.7520000000000024,0.0,0.022917651,0.44999999999999996
3.959280998040097,1.9679155575667542,0.44999999999999996,685.2747985087036,3.7017279947347923,2.753000000000002,0.02292596438918725,2.7530000000000023,0.0,0.022917651,0.44999999999999996
3.959052566236001,1.9687848112280408,0.44999999999999996,685.9944148558525,3.7001029612274365,2.7540000000000027,0.02292596431329145,2.7540000000000022,0.0,0.022917651,0.44999999999999996
3.9588235660441806,1.9696549513884705,0.44999999999999996,686.7153018277111,3.6984747675569856,2.7550000000000026,0.02292596423739565,2.7550000000000026,0.0,0.022917651,0.44999999999999996
3.95858931760476,1.9705220878406522,0.44999999999999996,687.4526030772347,3.696828580612641,2.756000000000003,0.02292596416149985,2.7560000000000024,0.0,0.022917651,0.44999999999999996
3.958353993448517,1.9713896150520833,0.44999999999999996,688.1930658815235,3.695177699763337,2.7570000000000023,0.022925964085604045,2.7570000000000023,0.0,0.022917651,0.44999999999999996
3.9581156592803817,1.972259145085138,0.44999999999999996,688.9399369101641,3.693512774245951,2.7580000000000022,0.02292596400970824,2.7580000000000022,0.0,0.022917651,0.44999999999999996
3.9578751082488237,1.9731302024216844,0.44999999999999996,689.6917905274075,3.6918374527573246,2.7590000000000026,0.022925963933812445,2.7590000000000026,0.0,0.022917651,0.44999999999999996
3.957632804795906,1.9740007655465384,0.44999999999999996,690.4499602900784,3.690155617635062,2.7600000000000025,0.02292596385791664,2.7600000000000025,0.0,0.022917651,0.44999999999999996
3.957387697184401,1.9748696890207031,0.44999999999999996,691.2185530821861,3.6884642093701956,2.7610000000000023,0.02292596378202084,2.7610000000000023,0.0,0.022917651,0.44999999999999996
3.9571416714966845,1.975739526988121,0.44999999999999996,691.989120034771,3.686768213900706,2.7620000000000022,0.022925963706125038,2.7620000000000022,0.0,0.022917651,0.44999999999999996
3.9568918212459026,1.9766109989618528,0.44999999999999996,692.7657714420482,3.6850552808276835,2.763000000000003,0.022925963630229237,2.7630000000000026,0.0,0.022917651,0.44999999999999996
3.956641369633095,1.977483291707667,0.44999999999999996,693.5438255670686,3.6833391214458997,2.764000000000003,0.022925963554333437,2.7640000000000025,0.0,0.022917651,0.44999999999999996
3.956388462394503,1.9783577683691649,0.44999999999999996,694.3242814168292,3.681610958274147,2.7650000000000023,0.022925963478437634,2.7650000000000023,0.0,0.022917651,0.44999999999999996
3.9561346295605317,1.979233246870607,0.44999999999999996,695.1063146244717,3.679878091465504,2.7660000000000022,0.022925963402541834,2.7660000000000022,0.0,0.022917651,0.44999999999999996
3.9558779671933175,1.9801123122113058,0.44999999999999996,695.8905584839421,3.6781303196469866,2.7670000000000026,0.022925963326646034,2.7670000000000026,0.0,0.022917651,0.44999999999999996
3.95561956008823,1.9809935648271044,0.44999999999999996,696.6766345217745,3.6763733814378745,2.7680000000000025,0.022925963250750234,2.7680000000000025,0.0,0.022917651,0.44999999999999996
3.9553595806223503,1.9818769950507953,0.44999999999999996,697.4646707910622,3.6746079727154046,2.7690000000000023,0.02292596317485443,2.7690000000000023,0.0,0.022917651,0.44999999999999996
3.9550979611121053,1.9827628083197137,0.44999999999999996,698.2546907239838,3.6728336172105913,2.7700000000000022,0.022925963098958627,2.7700000000000022,0.0,0.022917651,0.44999999999999996
3.9548352625607244,1.9836494166737337,0.44999999999999996,699.0465513915804,3.6710541540225474,2.7710000000000026,0.022925963023062827,2.7710000000000026,0.0,0.022917651,0.44999999999999996
3.954571081380584,1.9845366911153877,0.44999999999999996,699.8406285428962,3.6692681012084267,2.772000000000002,0.022925962947167026,2.7720000000000025,0.0,0.022917651,0.44999999999999996
3.954305986330369,1.9854240336290747,0.44999999999999996,700.6368833939953,3.667478324047874,2.773000000000003,0.022925962871271226,2.7730000000000024,0.0,0.022917651,0.44999999999999996
3.954039406845723,1.986308735613162,0.44999999999999996,701.4373761184805,3.6656852468063987,2.7740000000000022,0.022925962795375423,2.7740000000000022,0.0,0.022917651,0.44999999999999996
3.9537716274042523,1.9871939889192864,0.44999999999999996,702.2419533225889,3.663886819000608,2.7750000000000026,0.022925962719479623,2.7750000000000026,0.0,0.022917651,0.44999999999999996
3.9534974510562044,1.9880774737356142,0.44999999999999996,703.0747951100534,3.6620645777547467,2.776000000000003,0.02292596264358382,2.7760000000000025,0.0,0.022917651,0.44999999999999996
3.9532224457108174,1.9889616481665298,0.44999999999999996,703.9100547321635,3.660238330995022,2.7770000000000024,0.02292596256768802,2.7770000000000024,0.0,0.022917651,0.44999999999999996
3.9529442762522056,1.989850548446232,0.44999999999999996,704.7562399150769,3.658394697451285,2.7780000000000022,0.02292596249179222,2.7780000000000022,0.0,0.022917651,0.44999999999999996
3.9526653408255044,1.990740296144503,0.44999999999999996,705.6042777844176,3.656547152748102,2.7790000000000026,0.022925962415896416,2.7790000000000026,0.0,0.022917651,0.44999999999999996
3.95238413912004,1.9916339925900552,0.44999999999999996,706.4586303040759,3.654686590349385,2.7800000000000025,0.022925962340000616,2.7800000000000025,0.0,0.022917651,0.44999999999999996
3.952102135497578,1.9925286897726096,0.44999999999999996,707.3148010185336,3.6528218193563102,2.7810000000000024,0.022925962264104816,2.7810000000000024,0.0,0.022917651,0.44999999999999996
3.9518188312316616,1.9934265284920032,0.44999999999999996,708.1736057932109,3.6509486983442216,2.7820000000000022,0.022925962188209012,2.7820000000000022,0.0,0.022917651,0.44999999999999996
3.9515346959147877,1.9943253907269056,0.44999999999999996,709.0341143510594,3.6490712286137788,2.7830000000000026,0.022925962112313215,2.7830000000000026,0.0,0.022917651,0.44999999999999996
3.951249297150341,1.9952276158682514,0.44999999999999996,709.8973337202075,3.6471853490635806,2.7840000000000025,0.022925962036417412,2.7840000000000025,0.0,0.022917651,0.44999999999999996
3.950963064965621,1.996130999442551,0.44999999999999996,710.7623151887574,3.645294978414411,2.785000000000003,0.02292596196052161,2.7850000000000024,0.0,0.022917651,0.44999999999999996
3.9506760568875228,1.9970374050124624,0.44999999999999996,711.6299346184798,3.6433984889969686,2.7860000000000023,0.02292596188462581,2.7860000000000023,0.0,0.022917651,0.44999999999999996
3.950388260906306,1.9979449500578725,0.44999999999999996,712.4993426362397,3.641497709798114,2.7870000000000026,0.022925961808730008,2.7870000000000026,0.0,0.022917651,0.44999999999999996
3.950099512804015,1.9988568343532356,0.44999999999999996,713.3713780601498,3.6395887810666587,2.788000000000003,0.022925961732834205,2.7880000000000025,0.0,0.022917651,0.44999999999999996
3.9498099177010886,1.999770098939304,0.44999999999999996,714.2452266989263,3.6376750836010627,2.7890000000000024,0.022925961656938405,2.7890000000000024,0.0,0.022917651,0.44999999999999996
3.949519991790513,2.0006875478193913,0.44999999999999996,715.1225404520904,3.6357558700421047,2.7900000000000023,0.022925961581042605,2.7900000000000023,0.0,0.022917651,0.44999999999999996
3.949229317465171,2.0016063303520437,0.44999999999999996,716.0018130170408,3.6338323276590643,2.7910000000000026,0.022925961505146805,2.7910000000000026,0.0,0.022917651,0.44999999999999996
3.948935832374479,2.0025262570160978,0.44999999999999996,716.9186734731187,3.631896398361673,2.7920000000000025,0.022925961429251,2.7920000000000025,0.0,0.022917651,0.44999999999999996
3.9486411302669255,2.003446864954721,0.44999999999999996,717.843397265862,3.629954919764222,2.7930000000000024,0.022925961353355197,2.7930000000000024,0.0,0.022917651,0.44999999999999996
3.948346603974299,2.004376682022404,0.44999999999999996,718.7749873269718,3.628004943492384,2.7940000000000023,0.022925961277459397,2.7940000000000023,0.0,0.022917651,0.44999999999999996
3.948051236012187,2.0053082076216833,0.44999999999999996,719.7091088122744,3.626049893106276,2.7950000000000026,0.022925961201563597,2.7950000000000026,0.0,0.022917651,0.44999999999999996
3.947758051581285,2.006249090161787,0.44999999999999996,720.6468411123568,3.624094211895645,2.7960000000000025,0.022925961125667797,2.7960000000000025,0.0,0.022917651,0.44999999999999996
3.9474641199566003,2.007191332912816,0.44999999999999996,721.5865256449697,3.6221341810865297,2.7970000000000024,0.022925961049771994,2.7970000000000024,0.0,0.022917651,0.44999999999999996
3.9471713831867596,2.0081400621443537,0.44999999999999996,722.5290505825641,3.6201724525229113,2.7980000000000027,0.02292596097387619,2.7980000000000023,0.0,0.022917651,0.44999999999999996
3.946877681293745,2.0090896861003613,0.44999999999999996,723.4734834916769,3.6182059690927715,2.7990000000000026,0.022925960897980394,2.7990000000000026,0.0,0.022917651,0.44999999999999996
3.94658806023255,2.010050640856756,0.44999999999999996,724.4209030535505,3.6162444763254484,2.8000000000000025,0.022925960822084594,2.8000000000000025,0.0,0.022917651,0.44999999999999996
3.9463561936401996,2.010951932031286,0.44999999999999996,725.207168582777,3.6145681211294365,2.801000000000003,0.02292596082208459,2.8010000000000024,0.0,0.022917651,0.44999999999999996
3.946127498016155,2.0118606089110598,0.44999999999999996,725.9956550128743,3.6128970585744264,2.8020000000000023,0.022925960822084587,2.8020000000000023,0.0,0.022917651,0.44999999999999996
3.9458991014901206,2.0127717276838344,0.44999999999999996,726.7859237994752,3.6112247494949448,2.8030000000000026,0.02292596082208459,2.8030000000000026,0.0,0.022917651,0.44999999999999996
3.945672330079741,2.0136878786394257,0.44999999999999996,727.5787443004818,3.6095539093711513,2.8040000000000025,0.022925960822084594,2.8040000000000025,0.0,0.022917651,0.44999999999999996
3.945448873581495,2.0146121770985532,0.44999999999999996,728.3747904339215,3.607888182008016,2.8050000000000024,0.02292596082208459,2.8050000000000024,0.0,0.022917651,0.44999999999999996
3.9452247401341736,2.015537201987743,0.44999999999999996,729.1724732411744,3.6062190203971696,2.8060000000000023,0.022925960822084587,2.8060000000000023,0.0,0.022917651,0.44999999999999996
3.945007896666471,2.016475921713467,0.44999999999999996,730.0035406527173,3.6045653292462427,2.8070000000000026,0.02292596082208459,2.8070000000000026,0.0,0.022917651,0.44999999999999996
3.94479123775233,2.017416762988214,0.44999999999999996,730.8394597562406,3.6029102552166665,2.808000000000002,0.02292596082208459,2.8080000000000025,0.0,0.022917651,0.44999999999999996
3.9445792789432153,2.018365460637965,0.44999999999999996,731.6776317385988,3.601266122254193,2.8090000000000024,0.022925960822084594,2.8090000000000024,0.0,0.022917651,0.44999999999999996
3.9443748489685655,2.0193258156681733,0.44999999999999996,732.5187443143265,3.599640442843008,2.8100000000000023,0.022925960822084594,2.8100000000000023,0.0,0.022917651,0.44999999999999996
3.94416969169379,2.020286902342149,0.44999999999999996,733.3616276914362,3.5980111225788725,2.811000000000003,0.022925960822084594,2.8110000000000026,0.0,0.022917651,0.44999999999999996
3.943981014520804,2.021266999200197,0.44999999999999996,734.2081311480202,3.5964287156761188,2.8120000000000025,0.02292596082208459,2.8120000000000025,0.0,0.022917651,0.44999999999999996
3.9437955939587,2.022252243184452,0.44999999999999996,735.0567941043223,3.5948541888036374,2.8130000000000024,0.02292596082208459,2.8130000000000024,0.0,0.022917651,0.44999999999999996
3.9436111669714355,2.0232430844785916,0.44999999999999996,735.9093745208768,3.593278039392446,2.8140000000000023,0.022925960822084594,2.8140000000000023,0.0,0.022917651,0.44999999999999996
3.943440408980578,2.02427263431496,0.44999999999999996,736.7811137030991,3.5917178614886556,2.8150000000000026,0.022925960822084594,2.8150000000000026,0.0,0.022917651,0.44999999999999996
3.9432689974002093,2.0253029427733242,0.44999999999999996,737.6544064745275,3.5901543107165574,2.816000000000002,0.02292596082208459,2.8160000000000025,0.0,0.022917651,0.44999999999999996
3.943100836746413,2.0263432830689716,0.44999999999999996,738.5360585322654,3.5885937294608166,2.8170000000000024,0.022925960822084594,2.8170000000000024,0.0,0.022917651,0.44999999999999996
3.9429380323388346,2.027398595184882,0.44999999999999996,739.4297206754047,3.5870395975096954,2.8180000000000027,0.022925960822084594,2.8180000000000023,0.0,0.022917651,0.44999999999999996
3.942774687463355,2.02845486309294,0.44999999999999996,740.325123794711,3.5854823476770608,2.8190000000000026,0.02292596082208459,2.8190000000000026,0.0,0.022917651,0.44999999999999996
3.942624769300622,2.0295370616978547,0.44999999999999996,741.2471351999945,3.5839528728229766,2.820000000000003,0.022925960822084594,2.8200000000000025,0.0,0.022917651,0.44999999999999996
3.942480923028932,2.030632068492419,0.44999999999999996,742.1826570346545,3.582434876991897,2.8210000000000024,0.02292596082208459,2.8210000000000024,0.0,0.022917651,0.44999999999999996
3.9423364207221057,2.0317278667261585,0.44999999999999996,743.1197212505241,3.5809134657530564,2.8220000000000027,0.022925960822084594,2.8220000000000023,0.0,0.022917651,0.44999999999999996
3.9422172465774676,2.0328628944976614,0.44999999999999996,744.0711368279707,3.5794541445407018,2.823000000000003,0.02292596082208459,2.8230000000000026,0.0,0.022917651,0.44999999999999996
3.942103171374008,2.0340073105861447,0.44999999999999996,745.027282854602,3.578005832261091,2.824000000000003,0.02292596082208459,2.8240000000000025,0.0,0.022917651,0.44999999999999996
3.9419884350998307,2.0351526104873847,0.44999999999999996,745.9853643908871,3.576553991858682,2.825000000000003,0.02292596082208459,2.8250000000000024,0.0,0.022917651,0.44999999999999996
3.941906620283502,2.0363450919522106,0.44999999999999996,746.9483948893311,3.5751866528516705,2.8260000000000023,0.022925960822084597,2.8260000000000023,0.0,0.022917651,0.44999999999999996
3.9418390424682905,2.0375589263211737,0.44999999999999996,747.914709401015,3.5738549076643187,2.8270000000000026,0.022925960822084594,2.8270000000000026,0.0,0.022917651,0.44999999999999996
3.941770743944919,2.0387734893209077,0.44999999999999996,748.8829788905491,3.5725195510013346,2.8280000000000025,0.022925960822084594,2.8280000000000025,0.0,0.022917651,0.44999999999999996
3.941707566125758,2.03999663598655,0.44999999999999996,749.8558437158543,3.571196093334358,2.8290000000000024,0.02292596082208459,2.8290000000000024,0.0,0.022917651,0.44999999999999996
3.941727411922425,2.041333037945781,0.44999999999999996,750.8679994848641,3.5700914727836506,2.8300000000000023,0.022925960822084583,2.8300000000000023,0.0,0.022917651,0.44999999999999996
3.941746298791658,2.0426699072373506,0.44999999999999996,751.8813239685226,3.5689825491893656,2.8310000000000026,0.022925960822084594,2.8310000000000026,0.0,0.022917651,0.44999999999999996
3.9417642212469355,2.044007246535107,0.44999999999999996,752.8958238536493,3.5678692979315696,2.8320000000000025,0.02292596082208459,2.8320000000000025,0.0,0.022917651,0.44999999999999996
3.941781173759805,2.045345058533339,0.44999999999999996,753.9115058781742,3.566751694202149,2.8330000000000024,0.02292596082208459,2.8330000000000024,0.0,0.022917651,0.44999999999999996
3.9418809085464352,2.046797922621922,0.44999999999999996,755.0387761119773,3.5658501691211653,2.8340000000000023,0.02292596082208459,2.8340000000000023,0.0,0.022917651,0.44999999999999996
3.9420679055982157,2.0483720296058943,0.44999999999999996,756.2835613561313,3.565176451978636,2.8350000000000026,0.02292596082208459,2.8350000000000026,0.0,0.022917651,0.44999999999999996
3.9422535409695256,2.049946163246101,0.44999999999999996,757.5290499193695,3.5644972615046107,2.836000000000003,0.02292596082208459,2.8360000000000025,0.0,0.022917651,0.44999999999999996
3.9424378169600733,2.051520323497524,0.44999999999999996,758.7752406138745,3.5638126069428635,2.837000000000003,0.02292596082208459,2.8370000000000024,0.0,0.022917651,0.44999999999999996
3.942723687481448,2.0532247079352515,0.44999999999999996,760.16375516958,3.563404102742521,2.8380000000000027,0.02292596082208459,2.8380000000000023,0.0,0.022917651,0.44999999999999996
3.9431030179287205,2.055048992340786,0.44999999999999996,761.6832534217655,3.5632495348885733,2.839000000000002,0.02292596082208459,2.8390000000000026,0.0,0.022917651,0.44999999999999996
3.9435080209386038,2.0569083171414606,0.44999999999999996,763.2489574843082,3.5631626182575835,2.8400000000000025,0.02292596082208459,2.8400000000000025,0.0,0.022917651,0.44999999999999996
3.944058920762695,2.05895862402724,0.44999999999999996,765.0646441683585,3.5634683148927953,2.8410000000000024,0.022925960822084594,2.8410000000000024,0.0,0.022917651,0.44999999999999996
3.944692861480758,2.061118692723323,0.44999999999999996,767.0032161156311,3.5639964104892856,2.8420000000000023,0.02292596082208459,2.8420000000000023,0.0,0.022917651,0.44999999999999996
3.9454461938450898,2.063436081888675,0.44999999999999996,769.1137226160916,3.564844752881714,2.8430000000000026,0.022925960822084594,2.8430000000000026,0.0,0.022917651,0.44999999999999996
3.9463555751024986,2.065961197290699,0.44999999999999996,771.4409009539089,3.5661095680219006,2.844000000000003,0.022925960822084594,2.8440000000000025,0.0,0.022917651,0.44999999999999996
3.947439799394215,2.0687196264996888,0.44999999999999996,774.012583286938,3.567840425775405,2.8450000000000024,0.022925960822084594,2.8450000000000024,0.0,0.022917651,0.44999999999999996
3.9487596214949607,2.0718192840658176,0.44999999999999996,776.8703705683247,3.570172452280257,2.8460000000000027,0.022925960822084594,2.8460000000000023,0.0,0.022917651,0.44999999999999996
3.9504434158820305,2.0754142642459676,0.44999999999999996,780.2057927598656,3.573465050319785,2.8470000000000026,0.02292596082208459,2.8470000000000026,0.0,0.022917651,0.44999999999999996
3.9525327135583384,2.079524804742198,0.44999999999999996,784.1517082032224,3.5778641092627095,2.8480000000000025,0.02292596082208459,2.8480000000000025,0.0,0.022917651,0.44999999999999996
3.9551396849048306,2.084361624951853,0.44999999999999996,788.8168911356852,3.583607568568008,2.849000000000003,0.02292596082208459,2.8490000000000024,0.0,0.022917651,0.44999999999999996
3.9584818784055202,2.09026067931827,0.44999999999999996,794.5264781001229,3.5912296843251927,2.8500000000000023,0.02292596082208459,2.8500000000000023,0.0,0.022917651,0.44999999999999996
3.9631776766173163,2.0984332036443383,0.44999999999999996,802.1610128893687,3.6019927623406147,2.851000000000003,0.02292596082208459,2.8510000000000026,0.0,0.022917651,0.44999999999999996
3.9701074107883416,2.110083721250523,0.44999999999999996,813.2082981767796,3.618213574572651,2.8520000000000025,0.02292596082208459,2.8520000000000025,0.0,0.022917651,0.44999999999999996
3.9817731681986435,2.1311426394269755,0.44999999999999996,832.4772142733091,3.643970086778331,2.853000000000003,0.02292596082208459,2.8530000000000024,0.0,0.022917651,0.44999999999999996
3.9924932077326027,2.1570565249450366,0.44999999999999996,839.3379614564469,3.6610887526463154,2.8540000000000023,0.02292596082208459,2.8540000000000023,0.0,0.022917651,0.44999999999999996
3.9507689412537776,2.1543722819527606,0.44999999999999996,845.2169666709485,3.4970283374050872,2.855000000000003,0.02292596082208459,2.8550000000000026,0.0,0.022917651,0.44999999999999996
3.9260533124020127,2.1615339817579264,0.44999999999999996,851.0663707209242,3.391156528661295,2.8560000000000025,0.02292596082208459,2.8560000000000025,0.0,0.022917651,0.44999999999999996
3.9022085970089635,2.158048887389953,0.44999999999999996,856.9247965862103,3.299415149690556,2.857000000000003,0.02292596082208459,2.8570000000000024,0.0,0.022917651,0.44999999999999996
3.8756264524778734,2.146217679580202,0.44999999999999996,862.8040170687357,3.205070184829608,2.8580000000000028,0.02292596082208459,2.8580000000000023,0.0,0.022917651,0.44999999999999996
3.844584990252843,2.1234973131672406,0.44999999999999996,868.6059254393857,3.1037770874380772,2.8590000000000027,0.02292596082208459,2.8590000000000027,0.0,0.022917651,0.44999999999999996
3.8125600115691327,2.0758690575979695,0.44999999999999996,874.0851620159692,3.023457845141799,2.860000000000002,0.022925963392250684,2.8600000000000025,0.0,0.022917651,0.44999999999999996
3.7819939093809087,2.0113293735197892,0.44999999999999996,878.8975431027125,2.9658855064217584,2.8610000000000024,0.022933038660470754,2.8610000000000024,0.0,0.022917651,0.44999999999999996
3.7564487292249003,2.064459437769043,0.44999999999999996,883.1015001473392,2.8107271268303156,2.8620000000000023,0.023052704601562488,2.8620000000000023,0.0,0.022917651,0.44999999999999996
3.736051621299929,2.13327150036499,0.44999999999999996,888.044298599103,2.6604790395823983,2.863000000000003,0.02371410683531911,2.8630000000000027,0.0,0.022917651,0.44999999999999996
3.7160049810032847,2.1931668038446968,0.44999999999999996,895.1286135210187,2.5205495812587078,2.8640000000000025,0.027089260865458993,2.8640000000000025,0.0,0.022917651,0.44999999999999996
3.6982358021982096,2.2223594218717873,0.44999999999999996,905.6139848679697,2.420432629107479,2.8650000000000024,0.029451611492897364,2.8650000000000024,0.0,0.022917651,0.44999999999999996
3.693895185208439,2.1521393014644574,0.44999999999999996,918.5742000108183,2.47344267475464,2.8660000000000023,0.029444031745652514,2.8660000000000023,0.0,0.022917651,0.44999999999999996
3.6922811642906592,2.088817312505689,0.44999999999999996,929.4436357685018,2.530460977747364,2.8670000000000027,0.029274517619560094,2.8670000000000027,0.0,0.022917651,0.44999999999999996
3.6885241760248935,2.0164160003199663,0.44999999999999996,937.1926644136869,2.5879867386954656,2.868000000000003,0.029105542554021556,2.8680000000000025,0.0,0.022917651,0.44999999999999996
3.683732618704461,1.985035771468946,0.44999999999999996,942.525599072676,2.60035313599428,2.869000000000003,0.028946550794788205,2.8690000000000024,0.0,0.022917651,0.44999999999999996
3.6814995273312086,1.9800290230927924,0.44999999999999996,946.4073672952185,2.596579921753839,2.8700000000000028,0.028809405095278493,2.8700000000000023,0.0,0.022917651,0.44999999999999996
3.680621966333712,1.9814247644015521,0.44999999999999996,949.269195062622,2.591826337603585,2.8710000000000027,0.02867872243728221,2.8710000000000027,0.0,0.022917651,0.44999999999999996
3.680205184766868,1.9853014549390071,0.44999999999999996,951.3590072605462,2.5864349293481697,2.8720000000000026,0.028534048542744567,2.8720000000000026,0.0,0.022917651,0.44999999999999996
3.6799049869496443,1.989138866900973,0.44999999999999996,953.3146038170484,2.581549127275782,2.8730000000000024,0.028386465933712857,2.8730000000000024,0.0,0.022917651,0.44999999999999996
3.679621671795377,1.9934556685956024,0.44999999999999996,955.2611186737938,2.5762514664741274,2.874000000000002,0.028240950167132416,2.8740000000000023,0.0,0.022917651,0.44999999999999996
3.679338246643211,1.9987215431868828,0.44999999999999996,957.1789563231674,2.5700042831760848,2.875000000000003,0.0280935290702663,2.8750000000000027,0.0,0.022917651,0.44999999999999996
3.6791569060763116,2.0041729854763783,0.44999999999999996,959.0407100747199,2.5639798764389505,2.876000000000003,0.027942394545092848,2.8760000000000026,0.0,0.022917651,0.44999999999999996
3.6789425343429447,2.0085801175492053,0.44999999999999996,960.7988626935077,2.5588676560178008,2.877000000000003,0.027783831212162668,2.8770000000000024,0.0,0.022917651,0.44999999999999996
3.678274010636568,2.015016033978344,0.44999999999999996,962.6585124104275,2.549910049434787,2.8780000000000023,0.02762590191504907,2.8780000000000023,0.0,0.022917651,0.44999999999999996
3.6776522269086485,2.0212501487656676,0.44999999999999996,964.605972624902,2.5413411979299063,2.8790000000000022,0.02746733999493937,2.8790000000000027,0.0,0.022917651,0.44999999999999996
3.6771289391969266,2.026877169512636,0.44999999999999996,966.6241186860996,2.5337734268896894,2.8800000000000026,0.027307882962690034,2.8800000000000026,0.0,0.022917651,0.44999999999999996
3.6766087450206957,2.032572886072763,0.44999999999999996,968.7026829462247,2.5261493346741988,2.881000000000002,0.027149685691063862,2.8810000000000024,0.0,0.022917651,0.44999999999999996
3.6760467801952723,2.038721446427777,0.44999999999999996,970.8604878102163,2.5179053158691316,2.8820000000000023,0.02699448974912321,2.8820000000000023,0.0,0.022917651,0.44999999999999996
3.675427154502452,2.0455163546962014,0.44999999999999996,973.118324722977,2.508784306635543,2.8830000000000027,0.02684265652210443,2.8830000000000027,0.0,0.022917651,0.44999999999999996
3.674759783393887,2.052859613132596,0.44999999999999996,975.4939740256706,2.4989239693019814,2.8840000000000026,0.02669286929675176,2.8840000000000026,0.0,0.022917651,0.44999999999999996
3.6740606636770616,2.0606531816412588,0.44999999999999996,977.9956918698933,2.488486327505979,2.8850000000000025,0.02654490664014996,2.8850000000000025,0.0,0.022917651,0.44999999999999996
3.6732699328614005,2.069393014974335,0.44999999999999996,980.6689702286343,2.476735976507164,2.8860000000000023,0.026400089480057058,2.8860000000000023,0.0,0.022917651,0.44999999999999996
3.672452624370468,2.0789430450820237,0.44999999999999996,983.5610259073732,2.464069111263481,2.8870000000000027,0.026257554207498122,2.8870000000000027,0.0,0.022917651,0.44999999999999996
3.671458513604045,2.0902176252080387,0.44999999999999996,986.7286644021985,2.4489704850320053,2.8880000000000026,0.0261195479084054,2.8880000000000026,0.0,0.022917651,0.44999999999999996
3.670332943109272,2.1031382495523685,0.44999999999999996,990.1581698927064,2.431699971514792,2.889000000000003,0.02599073484614783,2.8890000000000025,0.0,0.022917651,0.44999999999999996
3.669098892771603,2.1178769285973558,0.44999999999999996,994.0577226403369,2.4121774828086835,2.8900000000000023,0.02587430192098218,2.8900000000000023,0.0,0.022917651,0.44999999999999996
3.667526318521063,2.136307739855722,0.44999999999999996,998.6006165676508,2.387608767653982,2.8910000000000027,0.025772745786154315,2.8910000000000027,0.0,0.022917651,0.44999999999999996
3.665627902159208,2.159236236797244,0.44999999999999996,1003.9069630261442,2.357239009615467,2.8920000000000026,0.025700252079778923,2.8920000000000026,0.0,0.022917651,0.44999999999999996
3.6632152847919803,2.1883359390999555,0.44999999999999996,1010.4307750385398,2.3186412407478816,2.893000000000002,0.025656222247264285,2.8930000000000025,0.0,0.022917651,0.44999999999999996
3.6598791593454543,2.228670740573702,0.44999999999999996,1018.9521236570764,2.265114335131276,2.8940000000000023,0.025665432446722758,2.8940000000000023,0.0,0.022917651,0.44999999999999996
3.6550345474757653,2.288288350028094,0.44999999999999996,1030.4725274665632,2.1862706629665554,2.8950000000000027,0.026125833382758767,2.8950000000000027,0.0,0.022917651,0.44999999999999996
3.647493497143001,2.387159689782712,0.44999999999999996,1047.9587799547664,2.0573875441290443,2.8960000000000026,0.03067671149180134,2.8960000000000026,0.0,0.022917651,0.44999999999999996
3.6327553366387204,2.5794655343139747,0.44999999999999996,1079.9225999061623,1.806281434875799,2.8970000000000025,0.03896448029045995,2.8970000000000025,0.0,0.022917651,0.44999999999999996
