log_Teff,LogL_lsun,Age_gyr,Step,Log_g,Mass_msun,feh,Mass_input,Metallicity_input,Z_used,Age_input
3.540633857777375,-1.9347333799494184,3.95,294.04648026472535,4.967174914329875,0.3000000000000002,0.02504520924825729,0.30000000000000016,0.0,0.022917651,3.95
3.5407894098555093,-1.932110472464379,3.95,294.0687068566877,4.966423602878973,0.30100000000000016,0.025039319716482693,0.30100000000000016,0.0,0.022917651,3.95
3.540944852630841,-1.9294853250881452,3.95,294.09193040698796,4.965669614320983,0.30200000000000016,0.025033359709608342,0.30200000000000016,0.0,0.022917651,3.95
3.541100183581343,-1.9268578861380106,3.95,294.11617391920123,4.964912886884985,0.30300000000000016,0.02502732760150888,0.30300000000000016,0.0,0.022917651,3.95
3.541255400106797,-1.924228102328926,3.95,294.14146111009296,4.964153356884947,0.30400000000000016,0.02502122171564341,0.30400000000000016,0.0,0.022917651,3.95
3.54141049952574,-1.921595918710915,3.95,294.1678164374745,4.963390958644924,0.30500000000000016,0.02501504032308644,0.30500000000000016,0.0,0.022917651,3.95
3.541565479072264,-1.9189612786035386,3.95,294.19526512937364,4.962625624420729,0.30600000000000016,0.025008781640465768,0.30600000000000016,0.0,0.022917651,3.95
3.5417203358926694,-1.916324123527232,3.95,294.2238332145947,4.9618572843178725,0.3070000000000001,0.02500244382780223,0.30700000000000016,0.0,0.022917651,3.95
3.5418750670419477,-1.9136843931313507,3.95,294.2535475547448,4.961085866205557,0.3080000000000002,0.024996024986245716,0.30800000000000016,0.0,0.022917651,3.95
3.542029669480107,-1.9110420251187368,3.95,294.28443587781004,4.960311295626518,0.30900000000000016,0.024989523155701708,0.30900000000000016,0.0,0.022917651,3.95
3.5421841400683065,-1.9083969551666018,3.95,294.31652681336885,4.959533495702472,0.3100000000000002,0.024982936312341983,0.31000000000000016,0.0,0.022917651,3.95
3.542338245942087,-1.9057745653944567,3.95,294.35596452812666,4.958776916373779,0.31100000000000017,0.024975446249054227,0.31100000000000017,0.0,0.022917651,3.95
3.5424922220674877,-1.9031530109811676,3.95,294.39696193558655,4.95802065332474,0.3120000000000001,0.024967759834045974,0.31200000000000017,0.0,0.022917651,3.95
3.5426460969040403,-1.9005290919177547,3.95,294.4387476560199,4.957261620475169,0.31300000000000017,0.02495997631535847,0.31300000000000017,0.0,0.022917651,3.95
3.5427998680454507,-1.897902752027798,3.95,294.4813404171866,4.956499752023583,0.31400000000000017,0.024952093386123135,0.31400000000000017,0.0,0.022917651,3.95
3.542953533008594,-1.8952739333412478,3.95,294.52475954479655,4.9557349800675565,0.3150000000000002,0.024944108665816523,0.31500000000000017,0.0,0.022917651,3.95
3.543107089230426,-1.8926425760222645,3.95,294.5690249865657,4.9549672345192,0.3160000000000002,0.024936019697297012,0.31600000000000017,0.0,0.022917651,3.95
3.543260534064741,-1.890008618293544,3.95,294.6141573374436,4.9541964430165155,0.31700000000000017,0.024927823943697348,0.31700000000000017,0.0,0.022917651,3.95
3.5434138647787705,-1.8873719963569338,3.95,294.66017786607847,4.953422530830409,0.31800000000000017,0.024919518785164657,0.31800000000000017,0.0,0.022917651,3.95
3.5435670785496134,-1.8847326443101162,3.95,294.70710854259227,4.952645420767104,0.3190000000000002,0.024911101515439203,0.3190000000000002,0.0,0.022917651,3.95
3.5437201724604948,-1.8820904940591427,3.95,294.75497206774,4.951865033065687,0.3200000000000002,0.024902569338262494,0.3200000000000002,0.0,0.022917651,3.95
3.543873143496823,-1.8794454752265624,3.95,294.8037919035372,4.951081285290495,0.32100000000000023,0.024893919363604678,0.3210000000000002,0.0,0.022917651,3.95
3.54402598854206,-1.8767975150548915,3.95,294.8535923054401,4.950294092218044,0.32200000000000023,0.024885148603700592,0.3220000000000002,0.0,0.022917651,3.95
3.544178704373375,-1.8741465383051483,3.95,294.9043983561725,4.9495033657181855,0.32300000000000023,0.024876253968882985,0.3230000000000002,0.0,0.022917651,3.95
3.5443312876570703,-1.8714924671501467,3.95,294.956236001298,4.94870901462911,0.3240000000000002,0.0248672322632008,0.3240000000000002,0.0,0.022917651,3.95
3.544483734943778,-1.86883522106224,3.95,295.00913208664394,4.947910944625863,0.3250000000000002,0.024858080179809307,0.3250000000000002,0.0,0.022917651,3.95
3.544636042663392,-1.86617471669517,3.95,295.06311439768945,4.947109058081944,0.3260000000000002,0.0248487942961183,0.3260000000000002,0.0,0.022917651,3.95
3.5447881771803416,-1.8635248961474988,3.95,295.1183536577687,4.9463171625487865,0.3270000000000002,0.024838925256293016,0.3270000000000002,0.0,0.022917651,3.95
3.544940134291162,-1.8609042639727085,3.95,295.1744691737395,4.945553745773822,0.32800000000000024,0.024827883164445716,0.3280000000000002,0.0,0.022917651,3.95
3.545091999068221,-1.8582815670851014,3.95,295.23083871507424,4.944787894980096,0.32900000000000024,0.024816658232156646,0.3290000000000002,0.0,0.022917651,3.95
3.5452437695613956,-1.85565676187719,3.95,295.2874676468813,4.94401955876025,0.3300000000000002,0.02480524659776896,0.3300000000000002,0.0,0.022917651,3.95
3.5453954437652593,-1.8530298035047712,3.95,295.34436148642425,4.943248684248994,0.3310000000000001,0.024793644290108646,0.3310000000000002,0.0,0.022917651,3.95
3.5455470196171013,-1.8504006458427726,3.95,295.4015259085545,4.942475217071074,0.33200000000000024,0.024781847224574435,0.3320000000000002,0.0,0.022917651,3.95
3.5456984949948738,-1.8477692414391929,3.95,295.4589667513779,4.941699101286958,0.33300000000000024,0.024769851199058935,0.3330000000000002,0.0,0.022917651,3.95
3.5458498677150367,-1.8451355414670372,3.95,295.51669002216806,4.940920279336189,0.3340000000000002,0.024757651889692457,0.3340000000000002,0.0,0.022917651,3.95
3.546001135530321,-1.842499495674154,3.95,295.5747019035386,4.940138691978236,0.33500000000000024,0.024745244846400574,0.3350000000000002,0.0,0.022917651,3.95
3.5461522961273775,-1.8398610523308534,3.95,295.63300875988693,4.93935427823075,0.3360000000000002,0.024732625488265676,0.3360000000000002,0.0,0.022917651,3.95
3.5463033471243395,-1.8372201581752023,3.95,295.69161714412536,4.938566975305076,0.3370000000000002,0.02471978909868248,0.3370000000000002,0.0,0.022917651,3.95
3.546454286068259,-1.8345767583558694,3.95,295.75053380471275,4.93777671853887,0.3380000000000002,0.02470673082029669,0.3380000000000002,0.0,0.022917651,3.95
3.5466051104324423,-1.8319307963723925,3.95,295.8097656930035,4.936983441325683,0.3390000000000002,0.024693445649715377,0.3390000000000002,0.0,0.022917651,3.95
3.546755817613651,-1.8292822140127307,3.95,295.86931997093046,4.9361870750413495,0.3400000000000002,0.024679928431977013,0.3400000000000002,0.0,0.022917651,3.95
3.5469064049291874,-1.8266309512879608,3.95,295.9292040190398,4.935387548966997,0.34100000000000025,0.024666173854768332,0.3410000000000002,0.0,0.022917651,3.95
3.5470568696138347,-1.8239769463639572,3.95,295.9894254448963,4.934584790208503,0.3420000000000002,0.02465217644237431,0.3420000000000002,0.0,0.022917651,3.95
3.547207554039057,-1.8213447567412777,3.95,296.0448162677197,4.933804725561708,0.3430000000000002,0.024637148529632683,0.3430000000000002,0.0,0.022917651,3.95
3.5473584412072685,-1.8187310834116368,3.95,296.0952857770681,4.933043987999886,0.34400000000000014,0.024621206589497225,0.3440000000000002,0.0,0.022917651,3.95
3.547509254770046,-1.8161156384472719,3.95,296.14484883771655,4.932281184342659,0.34500000000000014,0.024604994388662097,0.3450000000000002,0.0,0.022917651,3.95
3.5476599933231743,-1.8134983880495998,3.95,296.1934881567764,4.931516275173834,0.34600000000000025,0.024588506771194934,0.3460000000000002,0.0,0.022917651,3.95
3.547810655426486,-1.8108792975548054,3.95,296.24118599866745,4.930749220068175,0.34700000000000014,0.02457173844917341,0.3470000000000002,0.0,0.022917651,3.95
3.5479612396027145,-1.8082583314059775,3.95,296.2879241708607,4.929979977558912,0.3480000000000002,0.024554683998434437,0.3480000000000002,0.0,0.022917651,3.95
3.5481117443362806,-1.8056354531241596,3.95,296.33368400906704,4.929208505103979,0.3490000000000002,0.024537337854157997,0.3490000000000002,0.0,0.022917651,3.95
3.5482621680720503,-1.803010625278267,3.95,296.37844636184514,4.928434759050925,0.3500000000000002,0.02451969430627806,0.3500000000000002,0.0,0.022917651,3.95
3.548412509214031,-1.8003838094538172,3.95,296.42219157460335,4.92765869460046,0.3510000000000002,0.024501747494712695,0.3510000000000002,0.0,0.022917651,3.95
3.5485627661240233,-1.7977549662204246,3.95,296.46489947296726,4.926880265768531,0.3520000000000002,0.02448349140440492,0.3520000000000002,0.0,0.022917651,3.95
3.548712937120217,-1.7951240550979914,3.95,296.50654934548237,4.926099425346905,0.35300000000000015,0.02446491986016555,0.3530000000000002,0.0,0.022917651,3.95
3.5488630204757277,-1.7924910345215421,3.95,296.5471199256216,4.925316124862159,0.3540000000000002,0.024446026521308728,0.3540000000000002,0.0,0.022917651,3.95
3.5490130144170773,-1.7898558618046354,3.95,296.58658937306495,4.924530314533003,0.3550000000000002,0.024426804876070303,0.3550000000000002,0.0,0.022917651,3.95
3.549162917122614,-1.7872184931012849,3.95,296.62493525421644,4.923741943225876,0.35600000000000026,0.024407248235798852,0.3560000000000002,0.0,0.022917651,3.95
3.5493127267208617,-1.7845788833663148,3.95,296.66213452192085,4.922950958408712,0.35700000000000026,0.02438734972890831,0.3570000000000002,0.0,0.022917651,3.95
3.549462555594759,-1.7819439608032328,3.95,296.69568218162186,4.9221647379400375,0.35800000000000026,0.024366885414337274,0.3580000000000002,0.0,0.022917651,3.95
3.5496135248023006,-1.7793804950867222,3.95,296.7015001200429,4.921454536920706,0.3590000000000002,0.024343817882333592,0.3590000000000002,0.0,0.022917651,3.95
3.5497644856473123,-1.7768169914774268,3.95,296.7047623648946,4.92074426455623,0.36000000000000015,0.024320405943473716,0.3600000000000002,0.0,0.022917651,3.95
3.5499154380721754,-1.7742534497142524,3.95,296.7054513065106,4.920033920355015,0.3610000000000002,0.02429664722466805,0.3610000000000002,0.0,0.022917651,3.95
3.550066382018736,-1.7716898695336984,3.95,296.70354917306946,4.919323503820943,0.3620000000000002,0.024272539330974844,0.3620000000000002,0.0,0.022917651,3.95
3.5502173174283076,-1.769126250669834,3.95,296.69903802872335,4.918613014453311,0.36300000000000027,0.024248079845348124,0.3630000000000002,0.0,0.022917651,3.95
3.5503682442416573,-1.7665625928542672,3.95,296.6918997717022,4.917902451746787,0.3640000000000002,0.024223266328382058,0.3640000000000002,0.0,0.022917651,3.95
3.5505191623990067,-1.7639988958161184,3.95,296.6821161323899,4.917191815191356,0.3650000000000002,0.024198096318051806,0.3650000000000002,0.0,0.022917651,3.95
3.550670071840019,-1.7614351592819897,3.95,296.66966867137455,4.9164811042722585,0.36600000000000027,0.024172567329450764,0.3660000000000002,0.0,0.022917651,3.95
3.5508209725037965,-1.7588713829759364,3.95,296.65453877747154,4.915770318469941,0.36700000000000016,0.024146676854524086,0.3670000000000002,0.0,0.022917651,3.95
3.550971864328872,-1.7563075666194379,3.95,296.63670766571835,4.9150594572600035,0.36800000000000027,0.02412042236179854,0.3680000000000002,0.0,0.022917651,3.95
3.5511227472532045,-1.7537437099313657,3.95,296.6161563753417,4.91434852011313,0.3690000000000002,0.02409380129610852,0.3690000000000002,0.0,0.022917651,3.95
3.551273621214169,-1.7511798126279559,3.95,296.59286576769586,4.913637506495045,0.3700000000000003,0.024066811078318217,0.3700000000000002,0.0,0.022917651,3.95
3.551424486148553,-1.7486158744227736,3.95,296.56681652417217,4.912926415866445,0.37100000000000016,0.02403944910503989,0.3710000000000002,0.0,0.022917651,3.95
3.5515753419925495,-1.746051895026687,3.95,296.53798914407844,4.9122152476829495,0.3720000000000002,0.024011712748348138,0.3720000000000002,0.0,0.022917651,3.95
3.5517261886817453,-1.7434878741478308,3.95,296.506363942489,4.911504001395028,0.3730000000000002,0.023983599355490107,0.3730000000000002,0.0,0.022917651,3.95
3.5518770261511188,-1.7409238114915764,3.95,296.47192104806345,4.910792676447948,0.3740000000000002,0.023955106248591616,0.3740000000000002,0.0,0.022917651,3.95
3.5520278543350337,-1.738359706760499,3.95,296.4346404008353,4.910081272281715,0.3750000000000002,0.023926230724359076,0.3750000000000002,0.0,0.022917651,3.95
3.5521786731672247,-1.7357955596543426,3.95,296.394501749968,4.909369788331005,0.3760000000000002,0.023896970053777153,0.3760000000000002,0.0,0.022917651,3.95
3.552329482580798,-1.7332313698699886,3.95,296.35148465147967,4.908658224025096,0.3770000000000003,0.02386732148180212,0.3770000000000002,0.0,0.022917651,3.95
3.552480541224452,-1.7306999615368373,3.95,296.30058853753764,4.90798043788266,0.37800000000000017,0.02383654298619965,0.3780000000000002,0.0,0.022917651,3.95
3.5526320038552504,-1.7282195822406508,3.95,296.239425700769,4.907355296417051,0.3790000000000002,0.023804314161502988,0.3790000000000002,0.0,0.022917651,3.95
3.5527834813325025,-1.7257402610811319,3.95,296.17576079028333,4.906731272483891,0.3800000000000002,0.02377180182081674,0.3800000000000002,0.0,0.022917651,3.95
3.5529349735508373,-1.7232619905481887,3.95,296.10961156447127,4.906108358151528,0.3810000000000002,0.02373900797638684,0.3810000000000002,0.0,0.022917651,3.95
3.553086480405877,-1.7207847632026316,3.95,296.04099561406707,4.905486545563193,0.38200000000000023,0.023705934621461706,0.38200000000000023,0.0,0.022917651,3.95
3.5532380017942273,-1.7183085716753386,3.95,295.9699303641229,4.904865826936117,0.38300000000000023,0.023672583730515874,0.38300000000000023,0.0,0.022917651,3.95
3.5533895376134645,-1.7158334086664324,3.95,295.8964330759545,4.9042461945606615,0.38400000000000023,0.023638957259470565,0.38400000000000023,0.0,0.022917651,3.95
3.553541087762127,-1.7133592669444686,3.95,295.82052084906013,4.903627640799466,0.38500000000000023,0.023605057145911035,0.38500000000000023,0.0,0.022917651,3.95
3.5536926521397003,-1.710886139345637,3.95,295.7422106230123,4.903010158086597,0.38600000000000023,0.02357088530930097,0.38600000000000023,0.0,0.022917651,3.95
3.55384423064661,-1.7084140187729706,3.95,295.66151917932314,4.902393738926717,0.3870000000000003,0.02353644365119387,0.38700000000000023,0.0,0.022917651,3.95
3.553995823184206,-1.7059428981955695,3.95,295.5784631432833,4.901778375894266,0.3880000000000002,0.023501734055441408,0.38800000000000023,0.0,0.022917651,3.95
3.5541474296547566,-1.7034727706478336,3.95,295.4930589857761,4.901164061632646,0.38900000000000023,0.023466758388398973,0.38900000000000023,0.0,0.022917651,3.95
3.5542990499614344,-1.7010036292287058,3.95,295.4053230250657,4.90055078885343,0.39000000000000024,0.02343151849912832,0.39000000000000024,0.0,0.022917651,3.95
3.554450684008307,-1.6985354671009263,3.95,295.3152714285607,4.899938550335562,0.3910000000000003,0.02339601621959738,0.39100000000000024,0.0,0.022917651,3.95
3.5546023317003277,-1.696068277490297,3.95,295.22292021455337,4.899327338924594,0.39200000000000024,0.023360253364877386,0.39200000000000024,0.0,0.022917651,3.95
3.554753992943324,-1.6936020536849574,3.95,295.12828525393496,4.898717147531912,0.3930000000000003,0.023324231733337177,0.39300000000000024,0.0,0.022917651,3.95
3.5549056676439883,-1.691136789034666,3.95,295.031382271887,4.8981079691339815,0.39400000000000024,0.02328795310683491,0.39400000000000024,0.0,0.022917651,3.95
3.5550573557098675,-1.6886724769500987,3.95,294.9322268495504,4.897499796771602,0.39500000000000024,0.0232514192509071,0.39500000000000024,0.0,0.022917651,3.95
3.555209057049352,-1.6862091109021504,3.95,294.8308344256699,4.896892623549175,0.39600000000000024,0.023214631914955056,0.39600000000000024,0.0,0.022917651,3.95
3.5553607715716704,-1.6837466844212496,3.95,294.7272202982179,4.896286442633976,0.39700000000000024,0.023177592832428817,0.39700000000000024,0.0,0.022917651,3.95
3.5555124991868747,-1.6812851910966802,3.95,294.6213996259949,4.895681247255439,0.3980000000000003,0.023140303721008514,0.39800000000000024,0.0,0.022917651,3.95
3.555664239805835,-1.678824624575916,3.95,294.51338743020847,4.8950770307044555,0.39900000000000024,0.023102766282783307,0.39900000000000024,0.0,0.022917651,3.95
3.5558159933402265,-1.6763649785639594,3.95,294.4031985960313,4.894473786332675,0.40000000000000024,0.023064982204427903,0.40000000000000024,0.0,0.022917651,3.95
3.5560389644533315,-1.6737322875024514,3.95,294.4628395221628,4.893702079723679,0.40100000000000025,0.023063115625691504,0.40100000000000025,0.0,0.022917651,3.95
3.556261909129526,-1.6710998633916376,3.95,294.5215958832544,4.8929305343157266,0.40200000000000025,0.02306125587030095,0.40200000000000025,0.0,0.022917651,3.95
3.5564848270368272,-1.6684677095837663,3.95,294.57945657133126,4.892159152133105,0.40300000000000025,0.023059403023940796,0.40300000000000025,0.0,0.022917651,3.95
3.556707717837671,-1.6658358294874491,3.95,294.6364102916512,4.891387935234142,0.4040000000000003,0.023057557173736254,0.40400000000000025,0.0,0.022917651,3.95
3.5569305811887912,-1.6632042265688523,3.95,294.69244555876315,4.890616885711919,0.40500000000000025,0.023055718408283663,0.40500000000000025,0.0,0.022917651,3.95
3.5571534167411043,-1.6605729043529154,3.95,294.74755069246487,4.88984600569501,0.4060000000000003,0.0230538868176816,0.40600000000000025,0.0,0.022917651,3.95
3.55737622413958,-1.6579418664246015,3.95,294.8017138136574,4.889075297348234,0.40700000000000025,0.02305206249356289,0.40700000000000025,0.0,0.022917651,3.95
3.5575990030231175,-1.6553111164301828,3.95,294.85492284009354,4.888304762873428,0.40800000000000025,0.023050245529127416,0.40800000000000025,0.0,0.022917651,3.95
3.5578217530244136,-1.6526806580785545,3.95,294.90716548201647,4.887534404510252,0.40900000000000025,0.02304843601917574,0.40900000000000025,0.0,0.022917651,3.95
3.558044473769831,-1.6500504951425858,3.95,294.95842923768566,4.88676422453699,0.41000000000000036,0.023046634060143612,0.41000000000000025,0.0,0.022917651,3.95
3.558267164879258,-1.6474206314605055,3.95,295.0087013887864,4.885994225271402,0.41100000000000025,0.023044839750137405,0.41100000000000025,0.0,0.022917651,3.95
3.5584898259659696,-1.6447910709373228,3.95,295.0579689957195,4.885224409071564,0.41200000000000025,0.023043053188970413,0.41200000000000025,0.0,0.022917651,3.95
3.5587124566364845,-1.6421618175462875,3.95,295.10621889276814,4.884454778336773,0.4130000000000003,0.023041274478200174,0.41300000000000026,0.0,0.022917651,3.95
3.5589350564904128,-1.6395328753303848,3.95,295.15343768313653,4.883685335508421,0.41400000000000026,0.023039503721166713,0.41400000000000026,0.0,0.022917651,3.95
3.559157625120308,-1.6369042484038745,3.95,295.19961173385786,4.8829160830709535,0.41500000000000026,0.023037741023031813,0.41500000000000026,0.0,0.022917651,3.95
3.559380162111508,-1.6342759409538665,3.95,295.2447271705672,4.882147023552799,0.4160000000000003,0.02303598649081937,0.41600000000000026,0.0,0.022917651,3.95
3.5596026670419763,-1.6316479572419422,3.95,295.28876987213454,4.88137815952736,0.41700000000000037,0.02303424023345676,0.41700000000000026,0.0,0.022917651,3.95
3.5598251394821356,-1.6290203016058151,3.95,295.331725465154,4.8806094936140125,0.41800000000000026,0.02303250236181738,0.41800000000000026,0.0,0.022917651,3.95
3.560047578994701,-1.6263929784610422,3.95,295.3735793182853,4.879841028479136,0.41900000000000026,0.02303077298876425,0.41900000000000026,0.0,0.022917651,3.95
3.560269985134505,-1.6237659923027747,3.95,295.41431653644156,4.879072766837178,0.4200000000000003,0.0230290522291949,0.42000000000000026,0.0,0.022917651,3.95
3.5604923574483167,-1.6211393477075609,3.95,295.45392195481935,4.878304711451734,0.4210000000000003,0.02302734020008738,0.42100000000000026,0.0,0.022917651,3.95
3.560714695474665,-1.6185130493351971,3.95,295.4923801327664,4.877536865136673,0.42200000000000026,0.023025637020547593,0.42200000000000026,0.0,0.022917651,3.95
3.5609369987436423,-1.6158871019306287,3.95,295.5296753474804,4.876769230757281,0.4230000000000003,0.023023942811857868,0.42300000000000026,0.0,0.022917651,3.95
3.561159266776718,-1.613261510325905,3.95,295.565791587535,4.876001811231443,0.4240000000000003,0.02302225769752693,0.42400000000000027,0.0,0.022917651,3.95
3.5613814990865342,-1.6106362794421851,3.95,295.6007125462258,4.875234609530853,0.42500000000000027,0.02302058180334123,0.42500000000000027,0.0,0.022917651,3.95
3.5616036951767054,-1.6080114142918045,3.95,295.63442161473307,4.8744676286822655,0.4260000000000002,0.023018915257417633,0.42600000000000027,0.0,0.022917651,3.95
3.5618258545416053,-1.6053869199803932,3.95,295.66690187509175,4.8737008717687695,0.4270000000000003,0.02301725819025773,0.42700000000000027,0.0,0.022917651,3.95
3.562047976666154,-1.6027628017090594,3.95,295.6981360929652,4.872934341931107,0.4280000000000003,0.0230156107348035,0.42800000000000027,0.0,0.022917651,3.95
3.5622700610255915,-1.6001390647766303,3.95,295.72810671021557,4.872168042369036,0.4290000000000003,0.02301397302649468,0.42900000000000027,0.0,0.022917651,3.95
3.5624921070852555,-1.5975157145819574,3.95,295.75679583726253,4.871401976342707,0.4300000000000003,0.023012345203327674,0.43000000000000027,0.0,0.022917651,3.95
3.562714114300339,-1.59489275662629,3.95,295.78418524522635,4.870636147174111,0.4310000000000003,0.023010727405916157,0.43100000000000027,0.0,0.022917651,3.95
3.5629360821156575,-1.5922701965157116,3.95,295.81025635784493,4.869870558248541,0.4320000000000003,0.023009119777553454,0.4320000000000003,0.0,0.022917651,3.95
3.5631580099653926,-1.5896480399636514,3.95,295.83499024315955,4.8691052130161125,0.4330000000000003,0.02300752246427665,0.4330000000000003,0.0,0.022917651,3.95
3.5633798972728394,-1.5870262927934649,3.95,295.8583676049602,4.8683401149933205,0.4340000000000004,0.023005935614932596,0.4340000000000003,0.0,0.022917651,3.95
3.5636017434501444,-1.5844049609410904,3.95,295.8803687739828,4.867575267764647,0.43500000000000033,0.023004359381245787,0.4350000000000003,0.0,0.022917651,3.95
3.5638235478980356,-1.5817840504577838,3.95,295.9009736988507,4.8668106749842055,0.43600000000000033,0.023002793917888266,0.4360000000000003,0.0,0.022917651,3.95
3.5640453100055387,-1.5791635675129307,3.95,295.92016193674937,4.866046340377446,0.43700000000000033,0.02300123938255154,0.4370000000000003,0.0,0.022917651,3.95
3.564267029149698,-1.576543518396946,3.95,295.9379126438289,4.865282267742906,0.43800000000000033,0.022999695936020616,0.4380000000000003,0.0,0.022917651,3.95
3.564488704695272,-1.5739239095242528,3.95,295.95420456531997,4.864518460953999,0.4390000000000003,0.02299816374225024,0.4390000000000003,0.0,0.022917651,3.95
3.5647103359944365,-1.5713047474363566,3.95,295.96901602535866,4.863754923960887,0.4400000000000002,0.022996642968443406,0.4400000000000003,0.0,0.022917651,3.95
3.5649319223864704,-1.568686038805008,3.95,295.9823249165059,4.862991660792376,0.44100000000000034,0.022995133785132175,0.4410000000000003,0.0,0.022917651,3.95
3.5651534631974267,-1.5660677904354565,3.95,295.9941086889523,4.8622286755578905,0.4420000000000003,0.022993636366260967,0.4420000000000003,0.0,0.022917651,3.95
3.5653749577398104,-1.563450009269812,3.95,296.00434433939836,4.861465972449497,0.4430000000000003,0.022992150889272315,0.4430000000000003,0.0,0.022917651,3.95
3.565596405312228,-1.5608327023904982,3.95,296.01300839959634,4.860703555743995,0.4440000000000003,0.022990677535195275,0.4440000000000003,0.0,0.022917651,3.95
3.5658178051990377,-1.5582158770238186,3.95,296.02007692454436,4.859941429805063,0.44500000000000034,0.022989216488736478,0.4450000000000003,0.0,0.022917651,3.95
3.566039156669983,-1.5555995405436265,3.95,296.0255254803169,4.859179599085481,0.4460000000000003,0.02298776793837401,0.4460000000000003,0.0,0.022917651,3.95
3.5662604589798246,-1.5529837004751121,3.95,296.02932913152284,4.858418068129417,0.4470000000000003,0.02298633207645415,0.4470000000000003,0.0,0.022917651,3.95
3.5664817113679463,-1.5503683644987045,3.95,296.03146242837425,4.857656841574783,0.44800000000000034,0.022984909099291136,0.4480000000000003,0.0,0.022917651,3.95
3.566702913057961,-1.5477535404540936,3.95,296.0318993933528,4.856895924155655,0.4490000000000003,0.022983499207269994,0.4490000000000003,0.0,0.022917651,3.95
3.566924021419861,-1.5451566123905023,3.95,296.02719717916625,4.856152529406612,0.4500000000000003,0.022982124616512004,0.4500000000000003,0.0,0.022917651,3.95
3.5671450444821247,-1.5425710845716245,3.95,296.01872152914024,4.855420193709807,0.4510000000000003,0.022980780795348658,0.4510000000000003,0.0,0.022917651,3.95
3.567366008330883,-1.5399854112478009,3.95,296.00876926264704,4.854687475658132,0.4520000000000003,0.022979453986600434,0.4520000000000003,0.0,0.022917651,3.95
3.5675869130557776,-1.5373995926393023,3.95,295.9973426150563,4.853954375830415,0.4530000000000003,0.022978144164513166,0.4530000000000003,0.0,0.022917651,3.95
3.5678077587462673,-1.534813628965958,3.95,295.98444381722794,4.853220894804312,0.4540000000000003,0.022976851303384636,0.4540000000000003,0.0,0.022917651,3.95
3.5680285454916305,-1.5322275204471507,3.95,295.9700750955237,4.852487033156317,0.4550000000000003,0.022975575377564447,0.4550000000000003,0.0,0.022917651,3.95
3.5682492733809665,-1.529641267301824,3.95,295.9542386718183,4.851752791461765,0.45600000000000035,0.02297431636145391,0.4560000000000003,0.0,0.022917651,3.95
3.5684699425031954,-1.527054869748479,3.95,295.9369367635105,4.851018170294824,0.4570000000000003,0.022973074229505903,0.4570000000000003,0.0,0.022917651,3.95
3.5686905529470567,-1.5244683280051765,3.95,295.91817158353473,4.850283170228517,0.4580000000000004,0.02297184895622472,0.4580000000000003,0.0,0.022917651,3.95
3.5689111048011126,-1.5218816422895387,3.95,295.89794534037225,4.849547791834702,0.4590000000000003,0.022970640516165985,0.4590000000000003,0.0,0.022917651,3.95
3.5691315981537466,-1.5192948128187511,3.95,295.87626023806223,4.848812035684096,0.4600000000000003,0.022969448883936486,0.4600000000000003,0.0,0.022917651,3.95
3.5693520330931663,-1.5167078398095615,3.95,295.85311847621296,4.848075902346265,0.4610000000000003,0.022968274034194065,0.4610000000000003,0.0,0.022917651,3.95
3.5695724097073973,-1.5141207234782825,3.95,295.8285222500128,4.84733939238963,0.4620000000000003,0.02296711594164749,0.4620000000000003,0.0,0.022917651,3.95
3.5697927280842947,-1.5115334640407925,3.95,295.8024737502417,4.846602506381471,0.4630000000000003,0.022965974581056307,0.4630000000000003,0.0,0.022917651,3.95
3.570012988311533,-1.508946061712536,3.95,295.77497516328197,4.845865244887931,0.4640000000000003,0.02296484992723074,0.4640000000000003,0.0,0.022917651,3.95
3.5702331904766127,-1.5063585167085265,3.95,295.7460286711293,4.845127608474014,0.46500000000000036,0.02296374195503155,0.4650000000000003,0.0,0.022917651,3.95
3.5704533346668557,-1.5037708292433438,3.95,295.71563645140367,4.844389597703593,0.4660000000000003,0.02296265063936991,0.4660000000000003,0.0,0.022917651,3.95
3.570673420969414,-1.501182999531141,3.95,295.6838006773609,4.843651213139411,0.4670000000000003,0.02296157595520727,0.4670000000000003,0.0,0.022917651,3.95
3.570893449471262,-1.4985950277856397,3.95,295.65052351790257,4.842912455343085,0.4680000000000003,0.022960517877555247,0.4680000000000003,0.0,0.022917651,3.95
3.5711134202591985,-1.496006914220134,3.95,295.6158071375878,4.842173324875101,0.4690000000000003,0.0229594763814755,0.4690000000000003,0.0,0.022917651,3.95
3.571333333419852,-1.4934186590474918,3.95,295.57965369664385,4.841433822294832,0.4700000000000003,0.022958451442079586,0.4700000000000003,0.0,0.022917651,3.95
3.5715531890396757,-1.490830262480155,3.95,295.5420653509766,4.840693948160526,0.4710000000000003,0.02295744303452884,0.4710000000000003,0.0,0.022917651,3.95
3.57177298720495,-1.4882417247301407,3.95,295.503044252182,4.839953703029318,0.47200000000000036,0.02295645113403428,0.4720000000000003,0.0,0.022917651,3.95
3.5719927280017827,-1.4856530460090416,3.95,295.46259254755614,4.839213087457227,0.4730000000000003,0.02295547571585643,0.4730000000000003,0.0,0.022917651,3.95
3.5722124115161114,-1.483064226528029,3.95,295.42071238010675,4.838472101999166,0.4740000000000003,0.022954516755305254,0.4740000000000003,0.0,0.022917651,3.95
3.5724320378337,-1.480475266497852,3.95,295.3774058885629,4.837730747208935,0.4750000000000003,0.02295357422773998,0.4750000000000003,0.0,0.022917651,3.95
3.572651607040142,-1.477886166128839,3.95,295.3326752073868,4.83698902363923,0.4760000000000003,0.022952648108569024,0.4760000000000003,0.0,0.022917651,3.95
3.5728711192208613,-1.4752969256308994,3.95,295.2865224667834,4.83624693184165,0.4770000000000003,0.02295173837324983,0.4770000000000003,0.0,0.022917651,3.95
3.5730905744611094,-1.4727075452135243,3.95,295.238949792712,4.835504472366689,0.4780000000000003,0.022950844997288774,0.4780000000000003,0.0,0.022917651,3.95
3.5733099728459705,-1.4701180250857868,3.95,295.18995930689584,4.834761645763743,0.47900000000000037,0.022949967956241015,0.4790000000000003,0.0,0.022917651,3.95
3.573529314460356,-1.4675283654563438,3.95,295.13955312683333,4.83401845258112,0.4800000000000003,0.0229491072257104,0.4800000000000003,0.0,0.022917651,3.95
3.573748599389012,-1.4649385665334373,3.95,295.08773336580845,4.833274893366032,0.4810000000000003,0.022948262781349347,0.4810000000000003,0.0,0.022917651,3.95
3.5739678277165137,-1.462348628524895,3.95,295.03450213290074,4.832530968664605,0.4820000000000003,0.02294743459885868,0.4820000000000003,0.0,0.022917651,3.95
3.5741869995272686,-1.4597585516381306,3.95,294.97986153299655,4.831786679021875,0.4830000000000003,0.022946622653987562,0.4830000000000003,0.0,0.022917651,3.95
3.5744061149055164,-1.4571683360801468,3.95,294.92381366679876,4.8310420249818025,0.4840000000000003,0.022945826922533344,0.4840000000000003,0.0,0.022917651,3.95
3.5746251739353307,-1.4545779820575344,3.95,294.8663606308376,4.830297007087259,0.4850000000000003,0.022945047380341442,0.4850000000000003,0.0,0.022917651,3.95
3.5748441767006165,-1.451987489776474,3.95,294.80750451748077,4.829551625880042,0.4860000000000004,0.022944284003305247,0.4860000000000003,0.0,0.022917651,3.95
3.5750631232851116,-1.4493968594427367,3.95,294.74724741494384,4.828805881900876,0.4870000000000003,0.02294353676736598,0.4870000000000003,0.0,0.022917651,3.95
3.5752820137723904,-1.446806091261687,3.95,294.6855914073005,4.828059775689411,0.4880000000000003,0.02294280564851258,0.4880000000000003,0.0,0.022917651,3.95
3.575500848245861,-1.4442151854382803,3.95,294.62253857449303,4.827313307784223,0.4890000000000004,0.02294209062278158,0.4890000000000003,0.0,0.022917651,3.95
3.575719626788764,-1.441624142177067,3.95,294.5580909923423,4.826566478722827,0.4900000000000003,0.02294139166625701,0.4900000000000003,0.0,0.022917651,3.95
3.5759383668618345,-1.43903991726995,3.95,294.5041295032114,4.8258263142364,0.4910000000000003,0.022940721026543737,0.4910000000000003,0.0,0.022917651,3.95
3.576157066595357,-1.4364621899983097,3.95,294.4618210719224,4.825092486117577,0.4920000000000003,0.022940074337150295,0.4920000000000003,0.0,0.022917651,3.95
3.5763757080038334,-1.4338836660523109,3.95,294.41927713448376,4.824357628011679,0.4930000000000004,0.022939437323876568,0.4930000000000003,0.0,0.022917651,3.95
3.5765942918412894,-1.4313043557313514,3.95,294.3765007355167,4.8236217532343675,0.4940000000000003,0.022938809861629775,0.4940000000000003,0.0,0.022917651,3.95
3.576812818848809,-1.4287242691580566,3.95,294.3334948673862,4.822884874872763,0.49500000000000033,0.022938191827464163,0.49500000000000033,0.0,0.022917651,3.95
3.5770312897548107,-1.4261434162820565,3.95,294.2902624713178,4.822147005790326,0.4960000000000004,0.022937583100535106,0.49600000000000033,0.0,0.022917651,3.95
3.577249705275318,-1.4235618068836635,3.95,294.2468064384853,4.821408158631617,0.49700000000000033,0.022936983562054446,0.49700000000000033,0.0,0.022917651,3.95
3.5774680661142204,-1.4209794505774624,3.95,294.2031296110706,4.820668345826932,0.49800000000000033,0.02293639309524692,0.49800000000000033,0.0,0.022917651,3.95
3.5776863729635306,-1.418396356815803,3.95,294.15923478329785,4.819927579596818,0.49900000000000033,0.022935811585307678,0.49900000000000033,0.0,0.022917651,3.95
3.577904626503634,-1.4158125348922077,3.95,294.1151247024398,4.819185871956485,0.5000000000000003,0.022935238919360945,0.5000000000000003,0.0,0.022917651,3.95
3.5782108086948226,-1.4129333453682575,3.95,294.3161834039002,4.818323223793599,0.5010000000000003,0.022935171811697283,0.5010000000000003,0.0,0.022917651,3.95
3.5785170123188723,-1.4100540426282464,3.95,294.51747735376654,4.817460548149836,0.5020000000000003,0.022935104533104485,0.5020000000000003,0.0,0.022917651,3.95
3.578823237612787,-1.4071746254202213,3.95,294.71900915343633,4.816597844721309,0.5030000000000003,0.02293503708169239,0.5030000000000003,0.0,0.022917651,3.95
3.579129484817083,-1.4042950924737019,3.95,294.92078144280424,4.815735113199635,0.5040000000000003,0.022934969455542898,0.5040000000000003,0.0,0.022917651,3.95
3.5794357541758455,-1.401415442499337,3.95,295.1227969009768,4.814872353271849,0.5050000000000003,0.022934901652709384,0.5050000000000003,0.0,0.022917651,3.95
3.5797420459368,-1.3985356741885515,3.95,295.3250582470037,4.814009564620324,0.5060000000000003,0.02293483367121621,0.5060000000000003,0.0,0.022917651,3.95
3.580048360351379,-1.3956557862131889,3.95,295.5275682406241,4.813146746922676,0.5070000000000003,0.022934765509058184,0.5070000000000003,0.0,0.022917651,3.95
3.5803546976747924,-1.392775777225142,3.95,295.73032968303136,4.81228389985168,0.5080000000000005,0.02293469716419998,0.5080000000000003,0.0,0.022917651,3.95
3.5806610581660965,-1.389895645855977,3.95,295.9333454176537,4.811421023075176,0.5090000000000003,0.022934628634575606,0.5090000000000003,0.0,0.022917651,3.95
3.58096744208827,-1.38701539071655,3.95,296.136618330954,4.810558116255978,0.5100000000000005,0.022934559918087773,0.5100000000000003,0.0,0.022917651,3.95
3.5812738497082854,-1.384135010396613,3.95,296.34015135324626,4.809695179051775,0.5110000000000003,0.022934491012607347,0.5110000000000003,0.0,0.022917651,3.95
3.581580281297189,-1.3812545034644113,3.95,296.5439474595321,4.8088322111150426,0.5120000000000003,0.02293442191597272,0.5120000000000003,0.0,0.022917651,3.95
3.5818867371301715,-1.3783738684662732,3.95,296.74800967035543,4.80796921209293,0.5130000000000005,0.022934352625989203,0.5130000000000003,0.0,0.022917651,3.95
3.5821932174866578,-1.375493103926187,3.95,296.9523410526774,4.807106181627163,0.5140000000000003,0.022934283140428374,0.5140000000000003,0.0,0.022917651,3.95
3.582499722650381,-1.372612208345372,3.95,297.15694472077183,4.8062431193539465,0.5150000000000003,0.022934213457027418,0.5150000000000003,0.0,0.022917651,3.95
3.5828062529094677,-1.3697311802018373,3.95,297.36182383714043,4.8053800249038465,0.5160000000000003,0.022934143573488504,0.5160000000000003,0.0,0.022917651,3.95
3.5831128085565247,-1.3668500179499299,3.95,297.5669816134506,4.804516897901689,0.5170000000000003,0.022934073487478064,0.5170000000000003,0.0,0.022917651,3.95
3.5834193898887254,-1.3639687200198742,3.95,297.7724213114942,4.8036537379664415,0.5180000000000005,0.02293400319662611,0.5180000000000003,0.0,0.022917651,3.95
3.583725997207899,-1.3610872848172988,3.95,297.97814624416964,4.802790544711104,0.5190000000000003,0.022933932698525533,0.5190000000000003,0.0,0.022917651,3.95
3.5840326308206225,-1.3582057107227534,3.95,298.1841597764862,4.801927317742588,0.5200000000000004,0.022933861990731334,0.5200000000000004,0.0,0.022917651,3.95
3.5843392910383147,-1.355323996091214,3.95,298.39046532659313,4.8010640566615965,0.5210000000000005,0.02293379107075994,0.5210000000000004,0.0,0.022917651,3.95
3.584645978177331,-1.3524421392515746,3.95,298.59706636683273,4.800200761062506,0.5220000000000005,0.022933719936088368,0.5220000000000004,0.0,0.022917651,3.95
3.584952692559064,-1.3495601385061295,3.95,298.8039664248183,4.79933743053323,0.5230000000000004,0.022933648584153494,0.5230000000000004,0.0,0.022917651,3.95
3.58525943451004,-1.346677992130043,3.95,299.0111690845389,4.7984740646551005,0.5240000000000005,0.022933577012351228,0.5240000000000004,0.0,0.022917651,3.95
3.5855662043620264,-1.3437956983708017,3.95,299.2186779874894,4.7976106630027315,0.5250000000000004,0.02293350521803569,0.5250000000000004,0.0,0.022917651,3.95
3.585873002452136,-1.3409132554476613,3.95,299.42649683382876,4.796747225143885,0.5260000000000005,0.02293343319851839,0.5260000000000004,0.0,0.022917651,3.95
3.5861798291229325,-1.3380306615510726,3.95,299.6346293835661,4.7958837506393275,0.5270000000000004,0.022933360951067336,0.5270000000000004,0.0,0.022917651,3.95
3.5864866847225434,-1.335147914842099,3.95,299.84307945777596,4.795020239042696,0.5280000000000004,0.022933288472906186,0.5280000000000004,0.0,0.022917651,3.95
3.586793569604774,-1.3322650134518164,3.95,300.0518509398428,4.7941566899003485,0.5290000000000005,0.02293321576121329,0.5290000000000004,0.0,0.022917651,3.95
3.5871004841292233,-1.3293819554806985,3.95,300.26094777673615,4.793293102751212,0.5300000000000004,0.022933142813120835,0.5300000000000004,0.0,0.022917651,3.95
3.5874074307591286,-1.3265001901077993,3.95,300.47351816906973,4.7924309365944,0.5310000000000004,0.022933069269576733,0.5310000000000004,0.0,0.022917651,3.95
3.587714410595468,-1.3236199041782415,3.95,300.6899047158065,4.7915703826682945,0.5320000000000004,0.022932995103386974,0.5320000000000004,0.0,0.022917651,3.95
3.5880214218520248,-1.320739422477828,3.95,300.9064609580142,4.790709758649447,0.5330000000000004,0.022932920729888874,0.5330000000000004,0.0,0.022917651,3.95
3.588328465022389,-1.31785874193113,3.95,301.1231895614947,4.7898490634367485,0.5340000000000004,0.022932846145825747,0.5340000000000004,0.0,0.022917651,3.95
3.5886355406105426,-1.314977859397962,3.95,301.3400932481813,4.788988295905903,0.5350000000000004,0.022932771347872347,0.5350000000000004,0.0,0.022917651,3.95
3.58894264913114,-1.3120967716716705,3.95,301.5571747976234,4.78812745490882,0.5360000000000005,0.022932696332633045,0.5360000000000004,0.0,0.022917651,3.95
3.589249791109783,-1.309215475477362,3.95,301.77443704851953,4.787266539272973,0.5370000000000005,0.02293262109663994,0.5370000000000004,0.0,0.022917651,3.95
3.5895569670833205,-1.3063339674700813,3.95,301.9918829002991,4.786405547800752,0.5380000000000004,0.022932545636350946,0.5380000000000004,0.0,0.022917651,3.95
3.589864177600146,-1.3034522442329264,3.95,302.20951531475487,4.785544479268786,0.5390000000000004,0.022932469948147807,0.5390000000000004,0.0,0.022917651,3.95
3.5901714232205166,-1.3005703022751054,3.95,302.42733731772944,4.784683332427255,0.5400000000000004,0.022932394028333983,0.5400000000000004,0.0,0.022917651,3.95
3.5904787045168667,-1.2976881380299257,3.95,302.64535200085487,4.783822105999156,0.5410000000000004,0.022932317873132595,0.5410000000000004,0.0,0.022917651,3.95
3.5907860220741448,-1.294805747852721,3.95,302.8635625233519,4.782960798679574,0.5420000000000003,0.022932241478684185,0.5420000000000004,0.0,0.022917651,3.95
3.591093376490162,-1.2919231280187096,3.95,303.08197211388597,4.782099409134909,0.5430000000000005,0.022932164841044447,0.5430000000000004,0.0,0.022917651,3.95
3.591400768375939,-1.2890402747207803,3.95,303.30058407248634,4.78123793600208,0.5440000000000004,0.02293208795618191,0.5440000000000004,0.0,0.022917651,3.95
3.591708198356077,-1.2861571840672044,3.95,303.51940177252897,4.780376377887717,0.5450000000000005,0.0229320108199755,0.5450000000000004,0.0,0.022917651,3.95
3.5920156670691403,-1.283273852079273,3.95,303.7384286627854,4.779514733367303,0.5460000000000004,0.02293193342821201,0.5460000000000004,0.0,0.022917651,3.95
3.592323175168043,-1.2803902746888518,3.95,303.9576682695408,4.778653000984307,0.5470000000000003,0.02293185577658356,0.5470000000000004,0.0,0.022917651,3.95
3.5926307233204566,-1.277506447735856,3.95,304.17712419878444,4.777791179249271,0.5480000000000004,0.022931777860684906,0.5480000000000004,0.0,0.022917651,3.95
3.592938312209231,-1.2746223669656365,3.95,304.396800138474,4.776929266638886,0.5490000000000004,0.022931699676010654,0.5490000000000004,0.0,0.022917651,3.95
3.5932459425328265,-1.2717380280262789,3.95,304.6166998608783,4.776067261595016,0.5500000000000004,0.022931621217952405,0.5500000000000004,0.0,0.022917651,3.95
3.593553615005762,-1.2688534264658058,3.95,304.83682722500015,4.775205162523698,0.5510000000000004,0.022931542481795825,0.5510000000000004,0.0,0.022917651,3.95
3.59386133035908,-1.2659685577292863,3.95,305.05718617908366,4.7743429677941105,0.5520000000000004,0.022931463462717534,0.5520000000000004,0.0,0.022917651,3.95
3.594169089340829,-1.2630834171558425,3.95,305.2777807632089,4.773480675737497,0.5530000000000005,0.02293138415578197,0.5530000000000004,0.0,0.022917651,3.95
3.594476892716556,-1.2601979999755502,3.95,305.49861511197787,4.772618284646058,0.5540000000000004,0.02293130455593811,0.5540000000000004,0.0,0.022917651,3.95
3.594784741269826,-1.2573123013062308,3.95,305.7196934572948,4.771755792771809,0.5550000000000004,0.022931224658016048,0.5550000000000004,0.0,0.022917651,3.95
3.5950926358027533,-1.254426316150131,3.95,305.94102013124547,4.770893198325377,0.5560000000000005,0.022931144456723486,0.5560000000000004,0.0,0.022917651,3.95
3.5954005771365516,-1.2515400393904812,3.95,306.1625995690793,4.770030499474783,0.5570000000000004,0.022931063946642113,0.5570000000000004,0.0,0.022917651,3.95
3.595708566112111,-1.2486534657879325,3.95,306.384436312299,4.769167694344159,0.5580000000000003,0.022930983122223806,0.5580000000000004,0.0,0.022917651,3.95
3.596016603590586,-1.2457665899768628,3.95,306.60653501186107,4.768304781012428,0.5590000000000004,0.022930901977786716,0.5590000000000004,0.0,0.022917651,3.95
3.5963246904540123,-1.24287940646155,3.95,306.8289004314935,4.767441757511929,0.5600000000000004,0.022930820507511256,0.5600000000000004,0.0,0.022917651,3.95
3.5966328276059394,-1.2399919096122052,3.95,307.0515374511345,4.766578621827001,0.5610000000000005,0.02293073870543584,0.5610000000000004,0.0,0.022917651,3.95
3.5969410159721003,-1.2371040936608595,3.95,307.27445107049795,4.765715371892517,0.5620000000000004,0.022930656565452574,0.5620000000000004,0.0,0.022917651,3.95
3.5972492565010845,-1.2342159526970977,3.95,307.49764641277085,4.76485200559234,0.5630000000000004,0.022930574081302724,0.5630000000000004,0.0,0.022917651,3.95
3.597557550165054,-1.2313274806636334,3.95,307.72112872844843,4.763988520757752,0.5640000000000004,0.022930491246572024,0.5640000000000004,0.0,0.022917651,3.95
3.597865897960484,-1.2284386713517201,3.95,307.94490339931366,4.763124915165809,0.5650000000000004,0.022930408054685818,0.5650000000000004,0.0,0.022917651,3.95
3.598174300908917,-1.225549518396386,3.95,308.1689759425663,4.762261186537629,0.5660000000000004,0.022930324498904035,0.5660000000000004,0.0,0.022917651,3.95
3.598482760057767,-1.2226600152714886,3.95,308.39335201510914,4.761397332536628,0.5670000000000005,0.022930240572315908,0.5670000000000004,0.0,0.022917651,3.95
3.598791276481136,-1.219770155284583,3.95,308.6180374179981,4.760533350766678,0.5680000000000004,0.0229301562678346,0.5680000000000004,0.0,0.022917651,3.95
3.5990998512806742,-1.216879931571589,3.95,308.84303810106337,4.7596692387702015,0.5690000000000004,0.02293007157819148,0.5690000000000004,0.0,0.022917651,3.95
3.5994084855864665,-1.2139893370912533,3.95,309.0683601677095,4.758804994026187,0.5700000000000005,0.022929986495930355,0.5700000000000004,0.0,0.022917651,3.95
3.5997171805579553,-1.211098364619397,3.95,309.2940098799026,4.757940613948127,0.5710000000000004,0.022929901013401283,0.5710000000000004,0.0,0.022917651,3.95
3.600025937384905,-1.2082070067429356,3.95,309.51999366335315,4.757076095881882,0.5720000000000005,0.022929815122754306,0.5720000000000004,0.0,0.022917651,3.95
3.6003347572883913,-1.2053152558536644,3.95,309.74631811290345,4.75621143710345,0.5730000000000004,0.022929728815932835,0.5730000000000004,0.0,0.022917651,3.95
3.600643641521846,-1.2024231041417957,3.95,309.97298999812904,4.755346634816657,0.5740000000000004,0.022929642084666822,0.5740000000000004,0.0,0.022917651,3.95
3.600952591372131,-1.199530543589238,3.95,310.20001626916434,4.754481686150751,0.5750000000000004,0.02292955492046565,0.5750000000000004,0.0,0.022917651,3.95
3.6012616081606637,-1.196637565962605,3.95,310.42740406276306,4.753616588157891,0.5760000000000004,0.022929467314610697,0.5760000000000004,0.0,0.022917651,3.95
3.6015706932445806,-1.1937441628059409,3.95,310.65516070860417,4.7527513378105555,0.5770000000000005,0.022929379258147673,0.5770000000000004,0.0,0.022917651,3.95
3.6018798480179557,-1.1908503254331464,3.95,310.8832937358551,4.751885931998819,0.5780000000000004,0.022929290741878574,0.5780000000000004,0.0,0.022917651,3.95
3.6021890739130655,-1.187956044920098,3.95,311.11181088000535,4.751020367527537,0.5790000000000004,0.022929201756353348,0.5790000000000004,0.0,0.022917651,3.95
3.6024983724017052,-1.185061312096437,3.95,311.34072008998237,4.7501546411134035,0.5800000000000005,0.02292911229186119,0.5800000000000004,0.0,0.022917651,3.95
3.602807744996563,-1.1821661175370186,3.95,311.5700295355641,4.74928874938189,0.5810000000000004,0.022929022338421493,0.5810000000000004,0.0,0.022917651,3.95
3.6031171932526473,-1.1792704515530006,3.95,311.7997476151028,4.748422688864055,0.5820000000000004,0.02292893188577443,0.5820000000000004,0.0,0.022917651,3.95
3.6034267187687807,-1.1763743041825572,3.95,312.0298829635752,4.747556455993223,0.5830000000000005,0.022928840923371066,0.5830000000000004,0.0,0.022917651,3.95
3.603736323189151,-1.1734776651811953,3.95,312.260444460975,4.746690047101508,0.5840000000000004,0.02292874944036319,0.5840000000000004,0.0,0.022917651,3.95
3.604046008204934,-1.1705805240116585,3.95,312.49144124106596,4.745823458416209,0.5850000000000004,0.022928657425592525,0.5850000000000004,0.0,0.022917651,3.95
3.6043557755559834,-1.1676828698333932,3.95,312.7228827005116,4.744956686056032,0.5860000000000004,0.022928564867579652,0.5860000000000004,0.0,0.022917651,3.95
3.6046656270325936,-1.164784691491557,3.95,312.95477850840314,4.744089726027158,0.5870000000000004,0.022928471754512333,0.5870000000000004,0.0,0.022917651,3.95
3.604975564477343,-1.161885977505545,3.95,313.1871386162044,4.743222574219135,0.5880000000000005,0.022928378074233362,0.5880000000000004,0.0,0.022917651,3.95
3.6052855897870146,-1.158986716057012,3.95,313.4199732681352,4.742355226400582,0.5890000000000004,0.022928283814227908,0.5890000000000004,0.0,0.022917651,3.95
3.6055957049146063,-1.15608689497736,3.95,313.6532930120167,4.741487678214722,0.5900000000000004,0.022928188961610228,0.5900000000000004,0.0,0.022917651,3.95
3.6059059118714276,-1.153186501734666,3.95,313.8871087106026,4.740619925174694,0.5910000000000005,0.022928093503109842,0.5910000000000004,0.0,0.022917651,3.95
3.6062162127292923,-1.1502855234200202,3.95,314.1214315534213,4.73975196265866,0.5920000000000004,0.02292799742505708,0.5920000000000004,0.0,0.022917651,3.95
3.606526609622811,-1.1473839467332423,3.95,314.35627306915654,4.738883785904697,0.5930000000000004,0.02292790071336792,0.5930000000000004,0.0,0.022917651,3.95
3.606837104751788,-1.1444817579679456,3.95,314.5916451385954,4.738015390005443,0.5940000000000004,0.02292780335352822,0.5940000000000004,0.0,0.022917651,3.95
3.6071477003837304,-1.1415789429959073,3.95,314.827560008174,4.7371467699025045,0.5950000000000004,0.022927705330577124,0.5950000000000004,0.0,0.022917651,3.95
3.6074583988564726,-1.1386754872507179,3.95,315.0640303041529,4.736277920380603,0.5960000000000004,0.022927606629089773,0.5960000000000004,0.0,0.022917651,3.95
3.607769202580923,-1.1357713757106571,3.95,315.3010690474582,4.735408836061446,0.5970000000000004,0.022927507233159165,0.5970000000000004,0.0,0.022917651,3.95
3.608080114043944,-1.132866592880766,3.95,315.5386896692229,4.7345395113972994,0.5980000000000004,0.022927407126377156,0.5980000000000004,0.0,0.022917651,3.95
3.6083911358113623,-1.129961122774062,3.95,315.7769060270689,4.733669940664268,0.5990000000000004,0.022927306291814598,0.5990000000000004,0.0,0.022917651,3.95
3.6087022705311353,-1.1270549488918542,3.95,316.01573242217074,4.732800117955254,0.6000000000000004,0.022927204712000472,0.6000000000000004,0.0,0.022917651,3.95
3.60907132688578,-1.1241756232177533,3.95,316.13444524590415,4.732066485255357,0.6010000000000005,0.022927198513317478,0.6010000000000004,0.0,0.022917651,3.95
3.609440448024064,-1.121295796212932,3.95,316.2538181876761,4.731332610368724,0.6020000000000004,0.022927192280830597,0.6020000000000004,0.0,0.022917651,3.95
3.609809665934433,-1.1184156575109705,3.95,316.37380007318995,4.730598810913082,0.6030000000000005,0.0229271860156334,0.6030000000000004,0.0,0.022917651,3.95
3.6101790948621653,-1.1155359142513819,3.95,316.49417721244856,4.729866251113615,0.6040000000000004,0.02292717972299861,0.6040000000000004,0.0,0.022917651,3.95
3.610548592521444,-1.1126556477320875,3.95,316.61523841150455,4.729133442981533,0.6050000000000004,0.022927173395111373,0.6050000000000004,0.0,0.022917651,3.95
3.6109181599306814,-1.1097748501998153,3.95,316.7369938062449,4.72840038283723,0.6060000000000005,0.022927167031449334,0.6060000000000004,0.0,0.022917651,3.95
3.611287798128511,-1.1068935137473581,3.95,316.8594537337987,4.727667066928041,0.6070000000000004,0.022927160631479777,0.6070000000000004,0.0,0.022917651,3.95
3.6116575081742885,-1.1040116303097312,3.95,316.98262873755624,4.726933491426422,0.6080000000000004,0.022927154194659353,0.6080000000000004,0.0,0.022917651,3.95
3.612027291148615,-1.10112919166022,3.95,317.1065295723392,4.72619965242808,0.6090000000000004,0.022927147720433836,0.6090000000000004,0.0,0.022917651,3.95
3.612397148153871,-1.0982461894063043,3.95,317.2311672097278,4.7254655459500245,0.6100000000000004,0.0229271412082378,0.6100000000000004,0.0,0.022917651,3.95
3.612767080314766,-1.09536261498546,3.95,317.35655284354885,4.724731167928589,0.6110000000000004,0.02292713465749439,0.6110000000000004,0.0,0.022917651,3.95
3.6131370887789087,-1.0924784596608321,3.95,317.48269789553206,4.723996514217368,0.6120000000000005,0.022927128067614995,0.6120000000000004,0.0,0.022917651,3.95
3.6135071747173937,-1.0895937145167771,3.95,317.6096140211394,4.723261580585109,0.6130000000000005,0.022927121437998955,0.6130000000000004,0.0,0.022917651,3.95
3.613877339325401,-1.086708370454264,3.95,317.7373131155753,4.722526362713522,0.6140000000000005,0.022927114768033264,0.6140000000000004,0.0,0.022917651,3.95
3.614247583822825,-1.0838224181861362,3.95,317.8658073199819,4.721790856195036,0.6150000000000004,0.02292710805709224,0.6150000000000004,0.0,0.022917651,3.95
3.6146179094549096,-1.0809358482322236,3.95,317.9951090278287,4.721055056530481,0.6160000000000004,0.022927101304537192,0.6160000000000004,0.0,0.022917651,3.95
3.6149883174929163,-1.0780486509143028,3.95,318.12523089150153,4.720318959126693,0.6170000000000004,0.02292709450971609,0.6170000000000004,0.0,0.022917651,3.95
3.6153588092348024,-1.0751608163508968,3.95,318.2561858290997,4.7195825592940395,0.6180000000000004,0.02292708767196322,0.6180000000000004,0.0,0.022917651,3.95
3.6157293860059285,-1.072272334451913,3.95,318.38798703144806,4.718845852243891,0.6190000000000005,0.022927080790598783,0.6190000000000004,0.0,0.022917651,3.95
3.616100049159785,-1.0693831949131065,3.95,318.52064796933223,4.71810883308598,0.6200000000000004,0.0229270738649286,0.6200000000000004,0.0,0.022917651,3.95
3.6164708000787398,-1.0664933872103703,3.95,318.65418240096574,4.71737149682569,0.6210000000000004,0.022927066894243626,0.6210000000000004,0.0,0.022917651,3.95
3.6168416401748176,-1.0636029005938383,3.95,318.78860437969706,4.716633838361273,0.6220000000000006,0.022927059877819657,0.6220000000000004,0.0,0.022917651,3.95
3.617212570890494,-1.0607117240817996,3.95,318.9239282619665,4.715895852480939,0.6230000000000004,0.022927052814916825,0.6230000000000004,0.0,0.022917651,3.95
3.6175835936995253,-1.057819846454416,3.95,319.0601687155212,4.715157533859895,0.6240000000000006,0.02292704570477926,0.6240000000000004,0.0,0.022917651,3.95
3.6179547101077985,-1.0549272562472283,3.95,319.19734072789913,4.714418877057246,0.6250000000000004,0.02292703854663457,0.6250000000000004,0.0,0.022917651,3.95
3.618325921654211,-1.0520339417444573,3.95,319.3354596151925,4.713679876512831,0.6260000000000004,0.022927031339693475,0.6260000000000004,0.0,0.022917651,3.95
3.618697229911584,-1.0491398909720773,3.95,319.47454103110016,4.712940526543923,0.6270000000000006,0.02292702408314926,0.6270000000000004,0.0,0.022917651,3.95
3.6190686364875995,-1.0462450916906607,3.95,319.61460097628117,4.712200821341841,0.6280000000000006,0.022927016776177343,0.6280000000000004,0.0,0.022917651,3.95
3.6194401430257694,-1.0433495313879844,3.95,319.7556558080217,4.711460754968436,0.6290000000000006,0.022927009417934775,0.6290000000000004,0.0,0.022917651,3.95
3.6198117512064436,-1.040453197271387,3.95,319.8977222502259,4.71072032135247,0.6300000000000004,0.022927002007559698,0.6300000000000004,0.0,0.022917651,3.95
3.6201834627478475,-1.0375560762598683,3.95,320.04081740374585,4.709979514285863,0.6310000000000006,0.022926994544170833,0.6310000000000004,0.0,0.022917651,3.95
3.620555279407151,-1.034658154975918,3.95,320.18495875706105,4.709238327419811,0.6320000000000006,0.022926987026866928,0.6320000000000005,0.0,0.022917651,3.95
3.6209272029815835,-1.0317594197370676,3.95,320.33016419732473,4.708496754260784,0.6330000000000005,0.022926979454726177,0.6330000000000005,0.0,0.022917651,3.95
3.621299355114742,-1.0288602464830159,3.95,320.4761967430482,4.707755657749035,0.6340000000000005,0.022926971804746135,0.6340000000000005,0.0,0.022917651,3.95
3.6216717389023008,-1.0259606115481368,3.95,320.62307392265825,4.707015026582444,0.6350000000000005,0.022926964077072728,0.6350000000000005,0.0,0.022917651,3.95
3.622044239532198,-1.0230601154629477,3.95,320.7710643678374,4.706274001619812,0.6360000000000005,0.022926956292672614,0.6360000000000005,0.0,0.022917651,3.95
3.622416859075137,-1.0201587429659675,3.95,320.9201878081052,4.705532575882206,0.6370000000000006,0.022926948450540476,0.6370000000000005,0.0,0.022917651,3.95
3.622789599651045,-1.017256478432949,3.95,321.0704644419524,4.7047907422248025,0.6380000000000005,0.022926940549647085,0.6380000000000005,0.0,0.022917651,3.95
3.623162463430536,-1.0143533058660354,3.95,321.22191495085855,4.70404849333193,0.6390000000000006,0.022926932588938628,0.6390000000000005,0.0,0.022917651,3.95
3.6235354526364425,-1.011449208882528,3.95,321.37456051381514,4.703305821711933,0.6400000000000005,0.02292692456733591,0.6400000000000005,0.0,0.022917651,3.95
3.6239085695453945,-1.0085441707032412,3.95,321.5284228223769,4.702562719691845,0.6410000000000005,0.022926916483733642,0.6410000000000005,0.0,0.022917651,3.95
3.6242818164894524,-1.005638174140437,3.95,321.6835240962615,4.701819179411873,0.6420000000000005,0.0229269083369996,0.6420000000000005,0.0,0.022917651,3.95
3.6246551958578084,-1.0027312015853145,3.95,321.83988709952365,4.701075192819676,0.6430000000000005,0.022926900125973853,0.6430000000000005,0.0,0.022917651,3.95
3.6250287100985457,-0.9998232349950334,3.95,321.99753515732647,4.700330751664432,0.6440000000000006,0.022926891849467855,0.6440000000000005,0.0,0.022917651,3.95
3.625402361720465,-0.9969142558792626,3.95,322.1564921733372,4.699585847490683,0.6450000000000005,0.02292688350626359,0.6450000000000005,0.0,0.022917651,3.95
3.625776153294975,-0.9940042452862158,3.95,322.31678264777366,4.698840471631952,0.6460000000000005,0.022926875095112636,0.6460000000000005,0.0,0.022917651,3.95
3.626150087458064,-0.9910931837881688,3.95,322.4784316961314,4.6980946152041225,0.6470000000000005,0.02292686661473524,0.6470000000000005,0.0,0.022917651,3.95
3.6265241669123336,-0.9881810514664239,3.95,322.64146506861954,4.697348269098559,0.6480000000000005,0.022926858063819285,0.6480000000000005,0.0,0.022917651,3.95
3.6268983944291215,-0.9852678278957004,3.95,322.8059091703391,4.696601423974972,0.6490000000000005,0.022926849441019293,0.6490000000000005,0.0,0.022917651,3.95
3.6272727728506973,-0.9823534921279297,3.95,322.9717910822355,4.695854070254,0.6500000000000005,0.02292684074495535,0.6500000000000005,0.0,0.022917651,3.95
3.6276473050925473,-0.9794380226754184,3.95,323.13913858286065,4.6951061981095235,0.6510000000000005,0.022926831974212,0.6510000000000005,0.0,0.022917651,3.95
3.6280219941457474,-0.9765213974933614,3.95,323.30798017098203,4.694357797460657,0.6520000000000005,0.02292682312733707,0.6520000000000005,0.0,0.022917651,3.95
3.6283968430794316,-0.9736035939616693,3.95,323.4783450890757,4.693608857963444,0.6530000000000005,0.022926814202840515,0.6530000000000005,0.0,0.022917651,3.95
3.6287718550433503,-0.9706845888660773,3.95,323.65026334774575,4.692859369002214,0.6540000000000006,0.02292680519919313,0.6540000000000005,0.0,0.022917651,3.95
3.629147033270537,-0.967764358378509,3.95,323.8237657511122,4.692109319680615,0.6550000000000005,0.022926796114825284,0.6550000000000005,0.0,0.022917651,3.95
3.6295223810800796,-0.9648428780366526,3.95,323.9988839232122,4.691358698812253,0.6560000000000005,0.022926786948125565,0.6560000000000005,0.0,0.022917651,3.95
3.629898056408591,-0.9619205910372924,3.95,324.175236935758,4.690608580547681,0.6570000000000005,0.02292677768765053,0.6570000000000005,0.0,0.022917651,3.95
3.630273947648097,-0.9589971048445253,3.95,324.3531716514253,4.689858126582416,0.6580000000000006,0.022926768339277884,0.6580000000000005,0.0,0.022917651,3.95
3.6306500225150047,-0.9560722816300832,3.95,324.5328194064828,4.689107070146759,0.6590000000000005,0.02292675890355743,0.6590000000000005,0.0,0.022917651,3.95
3.631026284811677,-0.9531460937083189,3.95,324.7142156727603,4.6883553987653865,0.6600000000000005,0.02292674937868046,0.6600000000000005,0.0,0.022917651,3.95
3.6314027384461895,-0.9502185126238912,3.95,324.8973969082457,4.687603099616142,0.6610000000000005,0.022926739762787994,0.6610000000000005,0.0,0.022917651,3.95
3.6317793874360254,-0.9472895091248303,3.95,325.08240059159556,4.686850159517902,0.6620000000000006,0.02292673005396898,0.6620000000000005,0.0,0.022917651,3.95
3.6321562359119346,-0.9443590531344643,3.95,325.2692652581046,4.686096564917929,0.6630000000000005,0.022926720250258527,0.6630000000000005,0.0,0.022917651,3.95
3.632533288121951,-0.9414271137221479,3.95,325.4580305372075,4.68534230187868,0.6640000000000006,0.022926710349635917,0.6640000000000005,0.0,0.022917651,3.95
3.632910548435587,-0.9384936590727384,3.95,325.6487371915892,4.684587356064051,0.6650000000000005,0.022926700350022658,0.6650000000000005,0.0,0.022917651,3.95
3.633288021348204,-0.9355586564547502,3.95,325.8414271579845,4.683831712725029,0.6660000000000005,0.02292669024928041,0.6660000000000005,0.0,0.022917651,3.95
3.6336657114855817,-0.9326220721871261,3.95,326.0361435897541,4.683075356684717,0.6670000000000006,0.02292668004520878,0.6670000000000005,0.0,0.022917651,3.95
3.6340436236086746,-0.9296838716045496,3.95,326.23293090132546,4.6823182723227035,0.6680000000000005,0.022926669735543075,0.6680000000000005,0.0,0.022917651,3.95
3.6344217626185933,-0.9267440190212268,3.95,326.4318348145979,4.681560443558747,0.6690000000000006,0.022926659317951938,0.6690000000000005,0.0,0.022917651,3.95
3.634800133561795,-0.9238024776930578,3.95,326.6329024074099,4.680801853835725,0.6700000000000005,0.02292664879003488,0.6700000000000005,0.0,0.022917651,3.95
3.635178741635516,-0.9208592097781113,3.95,326.8361821641807,4.680042486101824,0.6710000000000005,0.022926638149319677,0.6710000000000005,0.0,0.022917651,3.95
3.6355575921934395,-0.9179141762953151,3.95,327.0417240288366,4.679282322791926,0.6720000000000006,0.022926627393259683,0.6720000000000005,0.0,0.022917651,3.95
3.635936690751633,-0.9149673370812672,3.95,327.24957946014655,4.678521345808149,0.6730000000000004,0.022926616519231034,0.6730000000000005,0.0,0.022917651,3.95
3.636316079201341,-0.9120189252180749,3.95,327.45963441461174,4.6777599558954694,0.6740000000000005,0.02292660553163157,0.6740000000000005,0.0,0.022917651,3.95
3.636695782659266,-0.9090690321835442,3.95,327.6718600819162,4.676998345004771,0.6750000000000005,0.022926594432018076,0.6750000000000005,0.0,0.022917651,3.95
3.637075753307096,-0.9061171999199994,3.95,327.88656416570905,4.6762358636415735,0.6760000000000006,0.022926583207193377,0.6760000000000005,0.0,0.022917651,3.95
3.637455997445893,-0.9031633826951555,3.95,328.1038051137799,4.6754724912777705,0.6770000000000006,0.022926571854204644,0.6770000000000005,0.0,0.022917651,3.95
3.637836521576421,-0.9002075333273457,3.95,328.3236432262897,4.6747082067346675,0.6780000000000005,0.022926560370005483,0.6780000000000005,0.0,0.022917651,3.95
3.6382173324071108,-0.8972496031276433,3.95,328.54614072974033,4.673942988156993,0.6790000000000006,0.02292654875145216,0.6790000000000005,0.0,0.022917651,3.95
3.63859843686243,-0.8942895418391897,3.95,328.7713618545171,4.673176812985673,0.6800000000000005,0.022926536995299722,0.6800000000000005,0.0,0.022917651,3.95
3.6389798420916435,-0.8913272975735672,3.95,328.9993729162075,4.672409657929267,0.6810000000000005,0.022926525098197856,0.6810000000000005,0.0,0.022917651,3.95
3.639361555478011,-0.8883628167440462,3.95,329.2302424009122,4.671641498933997,0.6820000000000006,0.022926513056686613,0.6820000000000005,0.0,0.022917651,3.95
3.6397435846484427,-0.8853960439955307,3.95,329.46404105477865,4.670872311152319,0.6830000000000005,0.022926500867191835,0.6830000000000005,0.0,0.022917651,3.95
3.640125937483627,-0.8824269221310068,3.95,329.70084197800406,4.6701020689098875,0.6840000000000005,0.022926488526020458,0.6840000000000005,0.0,0.022917651,3.95
3.640508622128684,-0.8794553920342871,3.95,329.9407207235697,4.669330745670895,0.6850000000000005,0.022926476029355505,0.6850000000000005,0.0,0.022917651,3.95
3.640891647004342,-0.8764813925888371,3.95,330.18375540098504,4.668558314001619,0.6860000000000005,0.02292646337325082,0.6860000000000005,0.0,0.022917651,3.95
3.641275020818696,-0.8735048605924433,3.95,330.4300267853448,4.667784745532134,0.6870000000000005,0.022926450553625605,0.6870000000000005,0.0,0.022917651,3.95
3.6416588468330993,-0.8705258751404658,3.95,330.67943165934463,4.667010531835825,0.6880000000000005,0.022926437436621937,0.6880000000000005,0.0,0.022917651,3.95
3.642043095499343,-0.8675443227080121,3.95,330.9321246978916,4.6662354413926455,0.6890000000000006,0.022926424073251944,0.6890000000000005,0.0,0.022917651,3.95
3.642427718342331,-0.8645600481690874,3.95,331.18830775190116,4.665459125516192,0.6900000000000005,0.022926410539398617,0.6900000000000005,0.0,0.022917651,3.95
3.6428127252246454,-0.8615729797741852,3.95,331.4480728114882,4.664681551906395,0.6910000000000005,0.022926396830568345,0.6910000000000005,0.0,0.022917651,3.95
3.643198126358552,-0.8585830432298763,3.95,331.7115151283341,4.663902687117963,0.6920000000000006,0.0229263829421082,0.6920000000000005,0.0,0.022917651,3.95
3.6435839323216364,-0.8555901615850531,3.95,331.9787333615312,4.663122496509179,0.6930000000000005,0.02292636886919878,0.6930000000000005,0.0,0.022917651,3.95
3.643970154073287,-0.8525942551110186,3.95,332.2498297313227,4.662340944187912,0.6940000000000005,0.022926354606846746,0.6940000000000005,0.0,0.022917651,3.95
3.6443568029720814,-0.8495952411750214,3.95,332.52491018124323,4.66155799295469,0.6950000000000005,0.02292634014987688,0.6950000000000005,0.0,0.022917651,3.95
3.6447438907941248,-0.8465930341068177,3.95,332.80408454919876,4.660773604242628,0.6960000000000005,0.022926325492923724,0.6960000000000005,0.0,0.022917651,3.95
3.6451314297524138,-0.8435875450578091,3.95,333.0874667480676,4.659987738054018,0.6970000000000006,0.022926310630422754,0.6970000000000005,0.0,0.022917651,3.95
3.645519432517289,-0.8405786818522656,3.95,333.3751749564458,4.659200352893341,0.6980000000000005,0.022926295556601087,0.6980000000000005,0.0,0.022917651,3.95
3.6459080492723754,-0.8375661882571847,3.95,333.6671757507835,4.658411793633257,0.6990000000000005,0.022926280343260576,0.6990000000000005,0.0,0.022917651,3.95
3.64629730547603,-0.8345499576167341,3.95,333.9635694459124,4.6576220555263665,0.7000000000000005,0.02292626499899767,0.7000000000000005,0.0,0.022917651,3.95
3.6467047246247257,-0.8318222011845237,3.95,334.15752261935955,4.65710389503882,0.7010000000000006,0.02292626383847618,0.7010000000000005,0.0,0.022917651,3.95
3.64711228673936,-0.8290934576172942,3.95,334.3527225628135,4.656585319270502,0.7020000000000004,0.02292626267010657,0.7020000000000005,0.0,0.022917651,3.95
3.6475199939325704,-0.8263637123279494,3.95,334.54918770004986,4.656066322084724,0.7030000000000004,0.02292626149377288,0.7030000000000005,0.0,0.022917651,3.95
3.6479278483588247,-0.8236329504405617,3.95,334.7469368196438,4.6555468972232905,0.7040000000000005,0.022926260309356832,0.7040000000000005,0.0,0.022917651,3.95
3.6483358522154625,-0.8209011567831882,3.95,334.94598908404373,4.6550270383034675,0.7050000000000005,0.022926259116737804,0.7050000000000005,0.0,0.022917651,3.95
3.648744007743767,-0.8181683158804695,3.95,335.14636403891757,4.654506738814882,0.7060000000000006,0.02292625791579277,0.7060000000000005,0.0,0.022917651,3.95
3.64915231723007,-0.8154344119460083,3.95,335.3480816227805,4.653985992116308,0.7070000000000005,0.022926256706396215,0.7070000000000005,0.0,0.022917651,3.95
3.6495607830068866,-0.8126994288745153,3.95,335.5511621769149,4.653464791432365,0.7080000000000005,0.0229262554884201,0.7080000000000005,0.0,0.022917651,3.95
3.6499694074540887,-0.8099633502337154,3.95,335.75562645559154,4.652943129850105,0.7090000000000005,0.022926254261733774,0.7090000000000005,0.0,0.022917651,3.95
3.650378193000114,-0.8072261592560072,3.95,335.9614956366048,4.652421000315521,0.7100000000000005,0.022926253026203932,0.7100000000000005,0.0,0.022917651,3.95
3.6507871421232108,-0.8044878388298659,3.95,336.16879133213075,4.651898395629912,0.7110000000000005,0.022926251781694527,0.7110000000000005,0.0,0.022917651,3.95
3.6511962746219675,-0.8017483481025292,3.95,336.37750828679236,4.651375354389896,0.7120000000000006,0.022926250527935257,0.7120000000000005,0.0,0.022917651,3.95
3.6516056734191307,-0.7990075625595396,3.95,336.5875452500509,4.650852084957546,0.7130000000000006,0.02292624926409703,0.7130000000000005,0.0,0.022917651,3.95
3.6520152431964092,-0.7962655983136877,3.95,336.79908256234086,4.650328320723736,0.7140000000000005,0.022926247990723795,0.7140000000000005,0.0,0.022917651,3.95
3.6524249866291525,-0.7935224369216407,3.95,337.01214369983904,4.649804053946236,0.7150000000000005,0.02292624670766634,0.7150000000000005,0.0,0.022917651,3.95
3.652834906448818,-0.7907780595532676,3.95,337.2267526310699,4.649279276720446,0.7160000000000005,0.02292624541477235,0.7160000000000005,0.0,0.022917651,3.95
3.653245005444452,-0.7880324469814463,3.95,337.44293382988127,4.648753980975113,0.7170000000000005,0.022926244111886276,0.7170000000000005,0.0,0.022917651,3.95
3.6536552864642133,-0.7852855795715452,3.95,337.66071228883175,4.648228158467919,0.7180000000000005,0.02292624279884931,0.7180000000000005,0.0,0.022917651,3.95
3.654065752416944,-0.7825374372705701,3.95,337.88011353300595,4.647701800780922,0.7190000000000006,0.022926241475499213,0.7190000000000005,0.0,0.022917651,3.95
3.654476406273801,-0.7797879995959615,3.95,338.10116363427426,4.647174899315858,0.7200000000000004,0.022926240141670294,0.7200000000000005,0.0,0.022917651,3.95
3.6548872510699306,-0.7770372456240303,3.95,338.32388922601285,4.646647445289281,0.7210000000000005,0.022926238797193306,0.7210000000000005,0.0,0.022917651,3.95
3.6552982899061988,-0.7742851539780182,3.95,338.5483175183013,4.6461194297275545,0.7220000000000005,0.022926237441895314,0.7220000000000005,0.0,0.022917651,3.95
3.6557095259509835,-0.7715317028157673,3.95,338.7744763136178,4.645590843461674,0.7230000000000005,0.022926236075599626,0.7230000000000005,0.0,0.022917651,3.95
3.656120962442017,-0.7687768698169852,3.95,339.0023940230485,4.645061677121923,0.7240000000000006,0.02292623469812569,0.7240000000000005,0.0,0.022917651,3.95
3.656532760145215,-0.7660202828849109,3.95,339.23195088772917,4.644532199337665,0.7250000000000005,0.022926233295463498,0.7250000000000005,0.0,0.022917651,3.95
3.6569447878863883,-0.7632622202557129,3.95,339.4633081394702,4.644002165723547,0.7260000000000005,0.022926231877818136,0.7260000000000005,0.0,0.022917651,3.95
3.65735702796419,-0.7605027052843342,3.95,339.696516450899,4.643471529149082,0.7270000000000005,0.02292623044674041,0.7270000000000005,0.0,0.022917651,3.95
3.657769483941045,-0.7577417136044701,3.95,339.9316068777032,4.642940279498251,0.7280000000000005,0.02292622900200496,0.7280000000000005,0.0,0.022917651,3.95
3.6581821594595154,-0.7549792203016841,3.95,340.1686111741822,4.642408406427475,0.7290000000000005,0.02292622754338136,0.7290000000000005,0.0,0.022917651,3.95
3.6585950582445688,-0.7522151998979084,3.95,340.40756181300367,4.641875899359177,0.7300000000000006,0.022926226070633965,0.7300000000000005,0.0,0.022917651,3.95
3.6590081841059208,-0.7494496263354137,3.95,340.6484920056326,4.641342747475121,0.7310000000000004,0.02292622458352178,0.7310000000000005,0.0,0.022917651,3.95
3.6594215409404582,-0.7466824729602309,3.95,340.89143572346285,4.640808939709536,0.7320000000000004,0.022926223081798282,0.7320000000000005,0.0,0.022917651,3.95
3.659835132734749,-0.7439137125049987,3.95,341.1364277196773,4.640274464741992,0.7330000000000005,0.022926221565211288,0.7330000000000005,0.0,0.022917651,3.95
3.660248963567634,-0.7411433170712162,3.95,341.3835035518673,4.639739310990033,0.7340000000000005,0.022926220033502764,0.7340000000000005,0.0,0.022917651,3.95
3.6606630473513486,-0.7383712297417472,3.95,341.6326944088722,4.639203477289045,0.7350000000000005,0.02292621848526479,0.7350000000000005,0.0,0.022917651,3.95
3.6610774631183802,-0.735597203837208,3.95,341.88400132800587,4.638667033891319,0.7360000000000005,0.02292621691133847,0.7360000000000005,0.0,0.022917651,3.95
3.66149212913299,-0.7328214606198888,3.95,342.13751133442344,4.638129874216685,0.7370000000000005,0.022926215321471276,0.7370000000000005,0.0,0.022917651,3.95
3.6619070498222976,-0.7300439697088853,3.95,342.3932634028439,4.637591985593518,0.7380000000000005,0.0229262137153812,0.7380000000000005,0.0,0.022917651,3.95
3.662322229718467,-0.7272647000024195,3.95,342.6512974327737,4.6370533550495265,0.7390000000000007,0.022926212092779532,0.7390000000000005,0.0,0.022917651,3.95
3.662737673461845,-0.7244836196563311,3.95,342.91165427609826,4.636513969302775,0.7400000000000007,0.02292621045337069,0.7400000000000005,0.0,0.022917651,3.95
3.663153385804202,-0.7217006960617933,3.95,343.17437576566937,4.635973814752392,0.7410000000000007,0.022926208796851977,0.7410000000000005,0.0,0.022917651,3.95
3.663569371612104,-0.7189158958222231,3.95,343.4395047449272,4.635432877468939,0.7420000000000007,0.022926207122913395,0.7420000000000005,0.0,0.022917651,3.95
3.663985635870396,-0.7161291847293485,3.95,343.70708509860293,4.634891143184431,0.7430000000000005,0.02292620543123741,0.7430000000000005,0.0,0.022917651,3.95
3.664402183685818,-0.7133405277383973,3.95,343.9771617845473,4.634348597281987,0.7440000000000007,0.02292620372149871,0.7440000000000005,0.0,0.022917651,3.95
3.6648190953275632,-0.7105496387619882,3.95,344.24974707948803,4.633805274735534,0.7450000000000007,0.022926201947411632,0.7450000000000006,0.0,0.022917651,3.95
3.665236365756164,-0.7077565192751503,3.95,344.52489736519595,4.6332611567509066,0.7460000000000007,0.022926200119731517,0.7460000000000006,0.0,0.022917651,3.95
3.6656539369444463,-0.7049613445247017,3.95,344.80269099578686,4.632716186444608,0.7470000000000006,0.02292619827851267,0.7470000000000006,0.0,0.022917651,3.95
3.6660718145384825,-0.7021640759277924,3.95,345.08317759398534,4.632170347816258,0.7480000000000007,0.022926196423500928,0.7480000000000006,0.0,0.022917651,3.95
3.6664900043265574,-0.6993646739297515,3.95,345.3664080324069,4.63162362446246,0.7490000000000006,0.022926194554435734,0.7490000000000006,0.0,0.022917651,3.95
3.666908512243672,-0.6965630979732971,3.95,345.652434473161,4.631075999564033,0.7500000000000006,0.02292619267104992,0.7500000000000006,0.0,0.022917651,3.95
3.6673273443762286,-0.6937593064665647,3.95,345.9413104089676,4.6305274558727545,0.7510000000000006,0.022926190773069507,0.7510000000000006,0.0,0.022917651,3.95
3.667746506966881,-0.6909532567499084,3.95,346.233090705858,4.629977975697588,0.7520000000000006,0.022926188860213487,0.7520000000000006,0.0,0.022917651,3.95
3.668166007032987,-0.6881449025001004,3.95,346.5278316612802,4.6294275407943575,0.7530000000000007,0.0229261869326556,0.7530000000000006,0.0,0.022917651,3.95
3.6685859920901307,-0.6853336114930121,3.95,346.82559726603597,4.628876111777003,0.7540000000000007,0.022926185094707275,0.7540000000000006,0.0,0.022917651,3.95
3.6690063272427227,-0.6825199303352049,3.95,347.1264466293125,4.628323693066941,0.7550000000000006,0.022926183237811194,0.7550000000000006,0.0,0.022917651,3.95
3.6694270193895138,-0.6797038119279448,3.95,347.4304405176226,4.62777026516194,0.7560000000000006,0.022926181361593995,0.7560000000000006,0.0,0.022917651,3.95
3.669848075611708,-0.6768852079268529,3.95,347.73764130460154,4.627215808043983,0.7570000000000006,0.022926179465672415,0.7570000000000006,0.0,0.022917651,3.95
3.670269503179036,-0.6740640687004521,3.95,348.0481130244919,4.626660301162101,0.7580000000000006,0.02292617754965302,0.7580000000000006,0.0,0.022917651,3.95
3.670691309556074,-0.671240343287046,3.95,348.361921427777,4.626103723414519,0.7590000000000006,0.02292617561313181,0.7590000000000006,0.0,0.022917651,3.95
3.6711135024088097,-0.6684139793498525,3.95,348.67913403906783,4.625546053130082,0.7600000000000006,0.022926173655693882,0.7600000000000006,0.0,0.022917651,3.95
3.67153615344402,-0.6655846963071695,3.95,348.9998338966276,4.6249872949991,0.7610000000000006,0.022926171622299818,0.7610000000000006,0.0,0.022917651,3.95
3.6719593323258723,-0.6627522194379674,3.95,349.324109340578,4.6244274513886765,0.7620000000000006,0.022926169459907598,0.7620000000000006,0.0,0.022917651,3.95
3.6723829212939516,-0.6599169396863951,3.95,349.6520084222092,4.623866445241701,0.7630000000000007,0.022926167275955603,0.7630000000000006,0.0,0.022917651,3.95
3.6728069288506804,-0.6570787989395724,3.95,349.9836062713318,4.623304252455002,0.7640000000000006,0.02292616506999683,0.7640000000000006,0.0,0.022917651,3.95
3.6732313637351597,-0.6542377374669475,3.95,350.3189801091238,4.622740848254457,0.7650000000000006,0.02292616284157182,0.7650000000000006,0.0,0.022917651,3.95
3.673656234931468,-0.6513936938636133,3.95,350.65820932141247,4.622176207171481,0.7660000000000006,0.02292616059020825,0.7660000000000006,0.0,0.022917651,3.95
3.6740815516772956,-0.6485466049912246,3.95,351.0013755350576,4.621610303018522,0.7670000000000006,0.02292615831542047,0.7670000000000006,0.0,0.022917651,3.95
3.674507386121411,-0.6456960521349796,3.95,351.34857005872266,4.621043004979378,0.7680000000000007,0.02292615601338807,0.7680000000000006,0.0,0.022917651,3.95
3.6749337764065158,-0.6428418171513746,3.95,351.69988571512306,4.6204742471205345,0.7690000000000006,0.02292615368197677,0.7690000000000006,0.0,0.022917651,3.95
3.675360643580748,-0.6399843378740591,3.95,352.0554021599972,4.6199041524375195,0.7700000000000007,0.02292615132532458,0.7700000000000006,0.0,0.022917651,3.95
3.6757879980174395,-0.6371235437328837,3.95,352.4152107692491,4.619332691851619,0.7710000000000006,0.022926148942882453,0.7710000000000006,0.0,0.022917651,3.95
3.676215850392976,-0.6342593620960199,3.95,352.7794055882935,4.6187598354346,0.7720000000000007,0.022926146534085316,0.7720000000000006,0.0,0.022917651,3.95
3.676644211697942,-0.631391718194117,3.95,353.14808343025953,4.618185552377451,0.7730000000000005,0.022926144098351448,0.7730000000000006,0.0,0.022917651,3.95
3.677073132594488,-0.6285203980143685,3.95,353.5213910398489,4.6176098322554155,0.7740000000000006,0.02292614164492644,0.7740000000000006,0.0,0.022917651,3.95
3.677502855868867,-0.6256445072996475,3.95,353.89971701539883,4.617032757727665,0.7750000000000007,0.022926139230001752,0.7750000000000006,0.0,0.022917651,3.95
3.677933109743816,-0.6227649449849149,3.95,354.28283443918457,4.616454134025828,0.7760000000000006,0.02292613678114794,0.7760000000000006,0.0,0.022917651,3.95
3.6783639061196287,-0.6198816287236418,3.95,354.67085077365556,4.615873926405078,0.7770000000000006,0.022926134297604057,0.7770000000000006,0.0,0.022917651,3.95
3.678795257255143,-0.6169944736882642,3.95,355.0638767190192,4.615292099073754,0.7780000000000005,0.022926131778586198,0.7780000000000006,0.0,0.022917651,3.95
3.6792271757813504,-0.6141033924760338,3.95,355.46202633610534,4.614708615153636,0.7790000000000007,0.022926129223286688,0.7790000000000006,0.0,0.022917651,3.95
3.6796598729220347,-0.6112075196825799,3.95,355.8654425649346,4.614123452066959,0.7800000000000007,0.022926126606075452,0.7800000000000006,0.0,0.022917651,3.95
3.6800934714457125,-0.6083063398155769,3.95,356.2742629223849,4.613536584305772,0.7810000000000006,0.02292612391677572,0.7810000000000006,0.0,0.022917651,3.95
3.6805276822050623,-0.6054009447513717,3.95,356.6885743865238,4.612947950344,0.7820000000000007,0.02292612119441832,0.7820000000000006,0.0,0.022917651,3.95
3.6809625195431854,-0.6024912357387721,3.95,357.1085055998099,4.612357508804125,0.7830000000000005,0.022926118438228792,0.7830000000000006,0.0,0.022917651,3.95
3.6813979982547393,-0.5995771109176606,3.95,357.5341892546765,4.611765217005961,0.7840000000000006,0.02292611564740832,0.7840000000000006,0.0,0.022917651,3.95
3.681834119790386,-0.5966583835334683,3.95,357.96581237890365,4.611170894596439,0.7850000000000006,0.022926112830581238,0.7850000000000006,0.0,0.022917651,3.95
3.6822708325751083,-0.593734616456789,3.95,358.40372431814546,4.610573900665623,0.7860000000000006,0.02292611002869199,0.7860000000000006,0.0,0.022917651,3.95
3.6827082181215363,-0.5908061371300634,3.95,358.8478054367563,4.6099748855838385,0.7870000000000006,0.022926107192953883,0.7870000000000006,0.0,0.022917651,3.95
3.6831462926746235,-0.5878728317681654,3.95,359.29820469984696,4.609373800547033,0.7880000000000006,0.022926104322549573,0.7880000000000006,0.0,0.022917651,3.95
3.6835850730065807,-0.5849345828928691,3.95,359.7550759074585,4.608770595167124,0.7890000000000006,0.022926101416635206,0.7890000000000006,0.0,0.022917651,3.95
3.684024636598497,-0.5819908832446419,3.95,360.21864903863525,4.608165069879734,0.7900000000000005,0.022926098510647034,0.7900000000000006,0.0,0.022917651,3.95
3.684465062347972,-0.5790412193419757,3.95,360.6891599114867,4.607557024276647,0.7910000000000006,0.022926095639481753,0.7910000000000006,0.0,0.022917651,3.95
3.684906244291445,-0.5760862618320051,3.95,361.1666299608666,4.606946709625906,0.7920000000000006,0.022926092726611943,0.7920000000000006,0.0,0.022917651,3.95
3.6853482013369625,-0.5731258783521684,3.95,361.6512331956082,4.6063340691917265,0.7930000000000007,0.022926089770994813,0.7930000000000006,0.0,0.022917651,3.95
3.685790953028244,-0.5701599320899841,3.95,362.14314947457876,4.605719044330915,0.7940000000000005,0.02292608677155252,0.7940000000000006,0.0,0.022917651,3.95
3.6862349011102205,-0.5671864083200234,3.95,362.64259871198107,4.605101236562189,0.7950000000000006,0.022926083682956403,0.7950000000000006,0.0,0.022917651,3.95
3.6866797637091575,-0.5642066587314345,3.95,363.14977722390194,4.604480862747672,0.7960000000000006,0.022926080547298482,0.7960000000000006,0.0,0.022917651,3.95
3.6871255026151375,-0.5612208265392613,3.95,363.6648833283866,4.603857911801804,0.7970000000000007,0.022926077371158603,0.7970000000000006,0.0,0.022917651,3.95
3.687572140882594,-0.5582287517185591,3.95,364.1881255895056,4.6032323159237984,0.7980000000000006,0.022926074153471723,0.7980000000000006,0.0,0.022917651,3.95
3.6880194070620953,-0.5552295817460433,3.95,364.7199185035435,4.602602128970589,0.7990000000000007,0.02292607076543415,0.7990000000000006,0.0,0.022917651,3.95
3.688467487067428,-0.5522236323489543,3.95,365.26032979097175,4.601968414953178,0.8000000000000006,0.022926067280794334,0.8000000000000006,0.0,0.022917651,3.95
3.6888449207921483,-0.549688277352548,3.95,365.43204838754485,4.601454317958009,0.8010000000000007,0.022926066869658295,0.8010000000000006,0.0,0.022917651,3.95
3.6892224564122467,-0.5471515659222628,3.95,365.6057133227342,4.600939272181394,0.8020000000000006,0.022926066454890523,0.8020000000000006,0.0,0.022917651,3.95
3.6896000952021684,-0.5446134810926497,3.95,365.78134894015824,4.6004232657565565,0.8030000000000006,0.022926066036445602,0.8030000000000006,0.0,0.022917651,3.95
3.6899778384577018,-0.5420740056141509,3.95,365.95897999110167,4.599906286617988,0.8040000000000006,0.022926065614277336,0.8040000000000006,0.0,0.022917651,3.95
3.690355748900415,-0.539532846992086,3.95,366.13873259073125,4.599388295051675,0.8050000000000007,0.022926065196865096,0.8050000000000006,0.0,0.022917651,3.95
3.690733796881757,-0.5369901152617059,3.95,366.32058747189467,4.598869281534125,0.8060000000000006,0.02292606478417416,0.8060000000000006,0.0,0.022917651,3.95
3.6911119514678474,-0.5344459345218646,3.95,366.50451887308833,4.598349245431583,0.8070000000000006,0.022926064372621482,0.8070000000000006,0.0,0.022917651,3.95
3.691490214018344,-0.5319002862916146,3.95,366.6905532786507,4.597828173701803,0.8080000000000007,0.02292606396222158,0.8080000000000006,0.0,0.022917651,3.95
3.6918685859161235,-0.5293531517743874,3.95,366.87871762522514,4.597306053079796,0.8090000000000006,0.022926063552989213,0.8090000000000006,0.0,0.022917651,3.95
3.6922470685677835,-0.5268045118512263,3.95,367.06903931145706,4.596782870073068,0.8100000000000007,0.022926063144939404,0.8100000000000006,0.0,0.022917651,3.95
3.6926256634041494,-0.5242543470738454,3.95,367.2615462079411,4.596258610956707,0.8110000000000007,0.022926062738087432,0.8110000000000006,0.0,0.022917651,3.95
3.6930043913999038,-0.5217023150862162,3.95,367.4563092564639,4.595733016780053,0.8120000000000008,0.022926062346088467,0.8120000000000006,0.0,0.022917651,3.95
3.6933832806481797,-0.5191479199188231,3.95,367.6534256207814,4.595205703183909,0.8130000000000006,0.022926061984797522,0.8130000000000006,0.0,0.022917651,3.95
3.693762283229193,-0.5165919374163519,3.95,367.8528225392766,4.594677255532392,0.8140000000000006,0.022926061618129646,0.8140000000000006,0.0,0.022917651,3.95
3.6941414006259663,-0.5140343468076345,3.95,368.05452985427775,4.594147658985751,0.8150000000000006,0.02292606124601447,0.8150000000000006,0.0,0.022917651,3.95
3.6945206343475103,-0.5114751269575118,3.95,368.25857793106525,4.5936168984441865,0.8160000000000008,0.022926060868380404,0.8160000000000006,0.0,0.022917651,3.95
3.694899985929395,-0.5089142563588261,3.95,368.46499766937785,4.593084958542129,0.8170000000000006,0.022926060485154588,0.8170000000000006,0.0,0.022917651,3.95
3.6952794569343386,-0.5063517131241997,3.95,368.67382051522276,4.592551823642365,0.8180000000000006,0.022926060096262895,0.8180000000000006,0.0,0.022917651,3.95
3.6956590496193,-0.5037870600115102,3.95,368.88513150544776,4.592017065490871,0.8190000000000006,0.022926059707146916,0.8190000000000006,0.0,0.022917651,3.95
3.6960387675163866,-0.5012200246838256,3.95,369.0989985625195,4.591480425908802,0.8200000000000006,0.022926059320927516,0.8200000000000006,0.0,0.022917651,3.95
3.6964186118955347,-0.49865125286039597,3.95,369.31537093831207,4.590942555782126,0.8210000000000006,0.02292605892857884,0.8210000000000006,0.0,0.022917651,3.95
3.6967985844624303,-0.4960807211235423,3.95,369.5342824185398,4.59040343851622,0.8220000000000007,0.022926058530018244,0.8220000000000006,0.0,0.022917651,3.95
3.6971786869535674,-0.49350840563261567,3.95,369.75576739915465,4.589863057216721,0.8230000000000006,0.02292605812516157,0.8230000000000006,0.0,0.022917651,3.95
3.697558921136946,-0.4909342821144048,3.95,369.9798609001854,4.589321394682743,0.8240000000000006,0.022926057713923146,0.8240000000000006,0.0,0.022917651,3.95
3.6979392888127927,-0.4883583258532801,3.95,370.2065985799566,4.5887784333998844,0.8250000000000007,0.022926057296215732,0.8250000000000006,0.0,0.022917651,3.95
3.698319806430543,-0.4857800021995052,3.95,370.43616813114346,4.588233707593345,0.8260000000000007,0.02292605683900338,0.8260000000000006,0.0,0.022917651,3.95
3.6987004608385603,-0.4831997295460121,3.95,370.66847777441143,4.587687580341384,0.8270000000000007,0.022926056371985613,0.8270000000000006,0.0,0.022917651,3.95
3.6990812520597474,-0.4806175416658993,3.95,370.9035475683661,4.587140085145744,0.8280000000000007,0.022926055899015828,0.8280000000000006,0.0,0.022917651,3.95
3.69946218199678,-0.4780334119239146,3.95,371.14141589870536,4.58659120298229,0.8290000000000008,0.022926055420011252,0.8290000000000006,0.0,0.022917651,3.95
3.6998432525877765,-0.4754473131886128,3.95,371.3821218662205,4.586040914472488,0.8300000000000007,0.022926054934887564,0.8300000000000006,0.0,0.022917651,3.95
3.700224465807133,-0.4728592178207479,3.95,371.62570530352605,4.585489199875105,0.8310000000000007,0.02292605444355887,0.8310000000000006,0.0,0.022917651,3.95
3.700605994555746,-0.47026783387282134,3.95,371.8723492270558,4.584935456062077,0.8320000000000005,0.022926053912082096,0.8320000000000006,0.0,0.022917651,3.95
3.7009877191155707,-0.4676740303921771,3.95,372.1220000225373,4.584380075091363,0.8330000000000007,0.022926053365636873,0.8330000000000006,0.0,0.022917651,3.95
3.701369592485942,-0.4650781408185339,3.95,372.3746597260656,4.58382320318601,0.8340000000000007,0.02292605281401753,0.8340000000000006,0.0,0.022917651,3.95
3.7017516167899664,-0.4624801353892588,3.95,372.63037126622805,4.583264819074611,0.8350000000000007,0.02292605225715024,0.8350000000000006,0.0,0.022917651,3.95
3.7021337941913295,-0.45987998377284256,3.95,372.88917839213985,4.582704901079178,0.8360000000000007,0.02292605169495978,0.8360000000000006,0.0,0.022917651,3.95
3.7025161240896978,-0.4572776330928166,3.95,373.1511337939859,4.582143393936062,0.8370000000000006,0.02292605112950634,0.8370000000000006,0.0,0.022917651,3.95
3.702898477283046,-0.45467207148716876,3.95,373.4166511567931,4.5815787697724755,0.8380000000000006,0.022926050659479898,0.8380000000000006,0.0,0.022917651,3.95
3.7032809777605604,-0.45206426733946037,3.95,373.6854140490661,4.581012492335658,0.8390000000000005,0.02292605019078022,0.8390000000000006,0.0,0.022917651,3.95
3.703663627655662,-0.4494541881663212,3.95,373.9574694825141,4.580444537677838,0.8400000000000007,0.022926049723426534,0.8400000000000006,0.0,0.022917651,3.95
3.7040464291431734,-0.4468418008539725,3.95,374.2328653812081,4.579874881386485,0.8410000000000006,0.02292604925743842,0.8410000000000006,0.0,0.022917651,3.95
3.7044293844403327,-0.4442270716428587,3.95,374.51165060382243,4.579303498572983,0.8420000000000006,0.02292604879283586,0.8420000000000006,0.0,0.022917651,3.95
3.7048125128535183,-0.44160949191383353,3.95,374.7940102256726,4.578729956971587,0.8430000000000007,0.022926048259827973,0.8430000000000006,0.0,0.022917651,3.95
3.7051958126559756,-0.4389891509062478,3.95,375.0799648444489,4.578154338905233,0.8440000000000007,0.02292604767011671,0.8440000000000006,0.0,0.022917651,3.95
3.7055792736626,-0.43636636502063364,3.95,375.36946726391653,4.577576920616311,0.8450000000000006,0.022926047073668174,0.8450000000000006,0.0,0.022917651,3.95
3.705962898274774,-0.43374109783677905,3.95,375.6625703340137,4.57699767528774,0.8460000000000006,0.022926046470382003,0.8460000000000006,0.0,0.022917651,3.95
3.7063466889418173,-0.4311133122074825,3.95,375.95932795962506,4.5764165755671415,0.8470000000000008,0.022926045860155828,0.8470000000000006,0.0,0.022917651,3.95
3.706730724357021,-0.4284822630000537,3.95,376.25989354543543,4.575833192322724,0.8480000000000006,0.02292604523918783,0.8480000000000006,0.0,0.022917651,3.95
3.7071150374710817,-0.4258475970058364,3.95,376.56436906673076,4.5752473047948286,0.8490000000000006,0.022926044605726687,0.8490000000000006,0.0,0.022917651,3.95
3.707499521212653,-0.4232102787385747,3.95,376.8726729078587,4.574659447506998,0.8500000000000006,0.022926043964912067,0.8500000000000006,0.0,0.022917651,3.95
3.707884178184881,-0.4205702677343693,3.95,377.18486347485253,4.574069590407967,0.8510000000000006,0.022926043316631787,0.8510000000000006,0.0,0.022917651,3.95
3.708269011044135,-0.41792752270200734,3.95,377.5010003678989,4.573477702832047,0.8520000000000006,0.022926042660771365,0.8520000000000006,0.0,0.022917651,3.95
3.7086540582075234,-0.4152813513062257,3.95,377.8213250272709,4.572883246716299,0.8530000000000008,0.022926041995321396,0.8530000000000006,0.0,0.022917651,3.95
3.7090393180402317,-0.41263177986507643,3.95,378.1458876890964,4.572286241797579,0.8540000000000006,0.02292604132058844,0.8540000000000006,0.0,0.022917651,3.95
3.709424760935291,-0.4099793514698103,3.95,378.4745909397496,4.571687112201626,0.8550000000000006,0.02292604063823273,0.8550000000000006,0.0,0.022917651,3.95
3.7098103897481973,-0.4073240215562527,3.95,378.8074993661697,4.5710858247866755,0.8560000000000006,0.02292603994813537,0.8560000000000006,0.0,0.022917651,3.95
3.7101962073941457,-0.40466574462853977,3.95,379.14467890559575,4.570482345718088,0.8570000000000007,0.02292603925017497,0.8570000000000007,0.0,0.022917651,3.95
3.7105823649649445,-0.40200323764627044,3.95,379.4863420342553,4.569875990702672,0.8580000000000007,0.022926038544181022,0.8580000000000007,0.0,0.022917651,3.95
3.710968740173138,-0.39933751223319147,3.95,379.83243640464184,4.569267287056633,0.8590000000000008,0.02292603783007853,0.8590000000000007,0.0,0.022917651,3.95
3.7113553173775142,-0.3966686773511968,3.95,380.1830142021056,4.568656281895776,0.8600000000000008,0.022926037107744664,0.8600000000000007,0.0,0.022917651,3.95
3.7117420998239514,-0.3939966830341748,3.95,380.53814747091616,4.568042938237016,0.8610000000000005,0.02292603637704715,0.8610000000000007,0.0,0.022917651,3.95
3.7121291240376886,-0.3913206969801871,3.95,380.89807761401664,4.567426573996979,0.8620000000000007,0.02292603576232327,0.8620000000000007,0.0,0.022917651,3.95
3.712516395235841,-0.38864059006345425,3.95,381.26290149417247,4.566807081457644,0.8630000000000008,0.022926035283963468,0.8630000000000007,0.0,0.022917651,3.95
3.7129038798599994,-0.38595716717930106,3.95,381.6325133599819,4.566185126807267,0.8640000000000008,0.022926034808201212,0.8640000000000007,0.0,0.022917651,3.95
3.7132915814040137,-0.38327037404429704,3.95,382.0069915922767,4.565560669740314,0.8650000000000008,0.022926034335079032,0.8650000000000007,0.0,0.022917651,3.95
3.713679531587788,-0.38057970239940575,3.95,382.3865297282256,4.564933326921181,0.8660000000000007,0.022926033787637117,0.8660000000000007,0.0,0.022917651,3.95
3.7140677764626067,-0.37788438673766817,3.95,382.77139196423803,4.564302513838894,0.8670000000000008,0.022926033036787436,0.8670000000000007,0.0,0.022917651,3.95
3.714456246414017,-0.37518553327201576,3.95,383.16137288590966,4.563669063201999,0.8680000000000007,0.02292603227553432,0.8680000000000007,0.0,0.022917651,3.95
3.714844945194158,-0.3724830830254989,3.95,383.55655782427516,4.563032931041152,0.8690000000000007,0.02292603150370433,0.8690000000000007,0.0,0.022917651,3.95
3.7152339278210342,-0.3697764813709885,3.95,383.9571226598795,4.562393783933296,0.8700000000000007,0.022926030713079398,0.8700000000000007,0.0,0.022917651,3.95
3.715623278725078,-0.3670648888848948,3.95,384.36329991520614,4.5617511219558615,0.8710000000000007,0.02292602989219361,0.8710000000000007,0.0,0.022917651,3.95
3.7160128716888914,-0.36434950018913165,3.95,384.77495753810445,4.561105631976143,0.8720000000000007,0.02292602906211295,0.8720000000000007,0.0,0.022917651,3.95
3.7164027108403834,-0.36163025054593956,3.95,385.19218898672017,4.560457265767479,0.8730000000000007,0.0229260282226806,0.8730000000000007,0.0,0.022917651,3.95
3.7167928558915895,-0.35890628244852296,3.95,385.6152707916818,4.559805402437125,0.8740000000000007,0.02292602738035257,0.8740000000000007,0.0,0.022917651,3.95
3.7171833182408394,-0.3561774137091437,3.95,386.0443318689175,4.55914990504689,0.8750000000000007,0.022926026535188895,0.8750000000000007,0.0,0.022917651,3.95
3.7175740389614074,-0.35344447319047456,3.95,386.47926869265996,4.5584913692792535,0.8760000000000008,0.022926025679232562,0.8760000000000007,0.0,0.022917651,3.95
3.7179650225554233,-0.3507073899415751,3.95,386.920183648061,4.557829742190345,0.8770000000000008,0.0229260248122955,0.8770000000000007,0.0,0.022917651,3.95
3.7183563476756674,-0.3479646557919073,3.95,387.3674949674997,4.55716383577025,0.8780000000000007,0.022926023939985603,0.8780000000000007,0.0,0.022917651,3.95
3.718747960197407,-0.3452173221749614,3.95,387.82106773673604,4.556494480886481,0.8790000000000007,0.022926023056518384,0.8790000000000007,0.0,0.022917651,3.95
3.7191398491881897,-0.3424656168200375,3.95,388.2809456870073,4.555821860395444,0.8800000000000007,0.022926022160346823,0.8800000000000007,0.0,0.022917651,3.95
3.719532095005198,-0.33970877492204987,3.95,388.74745333949426,4.555145529583329,0.8810000000000008,0.022926021406778567,0.8810000000000007,0.0,0.022917651,3.95
3.719924765419239,-0.336946101737637,3.95,389.2208999008461,4.554465063293612,0.8820000000000007,0.022926020949941072,0.8820000000000007,0.0,0.022917651,3.95
3.7203177159547174,-0.3341788562249416,3.95,389.7009902979342,4.553781145050903,0.8830000000000007,0.022926020493968458,0.8830000000000007,0.0,0.022917651,3.95
3.720710950808732,-0.3314069425241323,3.95,390.18784391955455,4.553093695730033,0.8840000000000007,0.022926020034774792,0.8840000000000007,0.0,0.022917651,3.95
3.7211043829136163,-0.3286284901072065,3.95,390.6816418553272,4.552400489989194,0.8850000000000008,0.022926019053094368,0.8850000000000007,0.0,0.022917651,3.95
3.7214981325802676,-0.32584513162423717,3.95,391.18248526431734,4.551703648207534,0.8860000000000007,0.022926018062308626,0.8860000000000007,0.0,0.022917651,3.95
3.721892205700921,-0.3230567760450888,3.95,391.69050487252343,4.551003102919742,0.8870000000000007,0.022926017062248623,0.8870000000000007,0.0,0.022917651,3.95
3.722286897620429,-0.3202615707587395,3.95,392.2062845634705,4.550298197519842,0.8880000000000007,0.022926016071229443,0.8880000000000007,0.0,0.022917651,3.95
3.72268198584319,-0.31746077401750966,3.95,392.7296152115069,4.549589289565995,0.8890000000000007,0.022926015071185395,0.8890000000000007,0.0,0.022917651,3.95
3.723077407870175,-0.31465470224967457,3.95,393.2605308311854,4.5488764421133006,0.8900000000000007,0.02292601405713135,0.8900000000000007,0.0,0.022917651,3.95
3.7234732116405653,-0.3118417813934737,3.95,393.7996160381502,4.548158258912542,0.8910000000000007,0.02292601302702476,0.8910000000000007,0.0,0.022917651,3.95
3.7238693736334034,-0.30902291235081664,3.95,394.3467256778224,4.547435555655272,0.8920000000000008,0.02292601198185003,0.8920000000000007,0.0,0.022917651,3.95
3.72426588595148,-0.3061984944088131,3.95,394.90186021281534,4.546708704706971,0.8930000000000007,0.022926010921945184,0.8930000000000007,0.0,0.022917651,3.95
3.7246628604106586,-0.3033664946557712,3.95,395.46552322585126,4.5459761259915465,0.8940000000000008,0.02292600984411647,0.8940000000000007,0.0,0.022917651,3.95
3.725060227635066,-0.30052822527440987,3.95,396.03762627381406,4.54523884990618,0.8950000000000008,0.022926008750214735,0.8950000000000007,0.0,0.022917651,3.95
3.7254579698274926,-0.2976840331041723,3.95,396.6182496512091,4.544497150750361,0.8960000000000007,0.022926007640635016,0.8960000000000007,0.0,0.022917651,3.95
3.7258560922897197,-0.29483176728363486,3.95,397.20808956005965,4.543748903998797,0.8970000000000007,0.022926006812894428,0.8970000000000007,0.0,0.022917651,3.95
3.72625460791194,-0.2919732868657267,3.95,397.80681616648656,4.542996015540868,0.8980000000000008,0.02292600598481781,0.8980000000000007,0.0,0.022917651,3.95
3.7266535667189826,-0.2891078706823962,3.95,398.4147424666358,4.542237963075345,0.8990000000000008,0.022926005162038406,0.8990000000000007,0.0,0.022917651,3.95
3.7270530562003925,-0.28623420901397106,3.95,399.0323322997079,4.541473784732402,0.9000000000000007,0.022926004366247376,0.9000000000000007,0.0,0.022917651,3.95
3.7273612781246706,-0.28386334373601524,3.95,399.29998238778415,4.540793382264404,0.9010000000000007,0.022926004298125958,0.9010000000000007,0.0,0.022917651,3.95
3.7276695304290137,-0.2814906188523255,3.95,399.57058063782256,4.540111241700112,0.9020000000000007,0.022926004226916964,0.9020000000000007,0.0,0.022917651,3.95
3.7279778371685706,-0.27911512421417267,3.95,399.8443811700459,4.539426550458527,0.9030000000000008,0.02292600401167635,0.9030000000000007,0.0,0.022917651,3.95
3.728286186698808,-0.27673726654012243,3.95,400.12131385431746,4.538739667908573,0.9040000000000008,0.022926003723180044,0.9040000000000007,0.0,0.022917651,3.95
3.728594567077578,-0.27435748097881396,3.95,400.40129865476393,4.538050980713101,0.9050000000000007,0.022926003434260135,0.9050000000000007,0.0,0.022917651,3.95
3.7289029786428713,-0.27197574640730116,3.95,400.6843690119745,4.537360469099466,0.9060000000000007,0.022926003144911986,0.9060000000000007,0.0,0.022917651,3.95
3.729211171091181,-0.26959181093124396,3.95,400.9706680122252,4.5366668789476305,0.9070000000000008,0.022926002855199506,0.9070000000000007,0.0,0.022917651,3.95
3.729518805177211,-0.2672053347603706,3.95,401.26037525685194,4.535968512235644,0.9080000000000008,0.022926002565301504,0.9080000000000007,0.0,0.022917651,3.95
3.7298264827678564,-0.26481684549751655,3.95,401.553262483461,4.535268306522547,0.9090000000000007,0.022926002275098945,0.9090000000000007,0.0,0.022917651,3.95
3.7301342043517214,-0.2624263205335343,3.95,401.8493654066059,4.534566241154417,0.9100000000000008,0.022926001984588388,0.9100000000000007,0.0,0.022917651,3.95
3.7304419851681208,-0.26003365737404205,3.95,402.1487438080111,4.533862274641638,0.9110000000000007,0.02292600169375891,0.9110000000000007,0.0,0.022917651,3.95
3.730750067899582,-0.25763750803534574,3.95,402.45183419017224,4.533156030450024,0.9120000000000007,0.02292600140246988,0.9120000000000007,0.0,0.022917651,3.95
3.731058190371265,-0.2552392497456095,3.95,402.7582665686315,4.532447836233695,0.9130000000000007,0.02292600111083747,0.9130000000000007,0.0,0.022917651,3.95
3.7313663530338825,-0.2528388585862025,3.95,403.06807884658076,4.531737669876482,0.9140000000000007,0.022926000818857793,0.9140000000000007,0.0,0.022917651,3.95
3.731674556344989,-0.25043631027542396,3.95,403.3813095025585,4.531025508926503,0.9150000000000007,0.022926000526526897,0.9150000000000007,0.0,0.022917651,3.95
3.7319824167174205,-0.2480299162757521,3.95,403.6983579998878,4.530308133620408,0.9160000000000007,0.022926000233118204,0.9160000000000007,0.0,0.022917651,3.95
3.732290310934344,-0.24562124885036796,3.95,404.0189196395347,4.529588620393273,0.9170000000000009,0.022925999939229568,0.9170000000000007,0.0,0.022917651,3.95
3.732598255549454,-0.24321035106229127,3.95,404.34302005823946,4.528867078394954,0.9180000000000008,0.022925999644883708,0.9180000000000007,0.0,0.022917651,3.95
3.7329062511478446,-0.2407971970183888,3.95,404.6707003390414,4.528143484072668,0.9190000000000007,0.022925999350075315,0.9190000000000007,0.0,0.022917651,3.95
3.733214476690722,-0.23838039575194817,3.95,405.0024285719,4.527417154239568,0.9200000000000008,0.02292599908598783,0.9200000000000007,0.0,0.022917651,3.95
3.7335227546953598,-0.23596126676084228,3.95,405.3378297407884,4.526688706524403,0.9210000000000009,0.022925998821157416,0.9210000000000007,0.0,0.022917651,3.95
3.733831085061228,-0.23353978813554332,3.95,405.67694532690336,4.52595811864793,0.9220000000000007,0.022925998555449273,0.9220000000000007,0.0,0.022917651,3.95
3.7341394729262243,-0.2311156847762163,3.95,406.01990442527654,4.525225138089005,0.9230000000000007,0.022925998339348982,0.9230000000000007,0.0,0.022917651,3.95
3.734447938369694,-0.22868791050114257,3.95,406.36711249299594,4.524488807371463,0.9240000000000009,0.02292599837841219,0.9240000000000007,0.0,0.022917651,3.95
3.73475645935311,-0.22625771190814517,3.95,406.7181825694239,4.523750274526143,0.9250000000000009,0.022925998410682477,0.9250000000000007,0.0,0.022917651,3.95
3.7350650365375837,-0.2238250601397665,3.95,407.07316062532686,4.52300951334039,0.9260000000000008,0.022925998436078985,0.9260000000000007,0.0,0.022917651,3.95
3.7353736262602215,-0.22138923572787225,3.95,407.4323188408024,4.522265622989408,0.9270000000000007,0.022925998304719187,0.9270000000000007,0.0,0.022917651,3.95
3.7356822196547825,-0.21895005950694416,3.95,407.79575873350166,4.52151838744149,0.9280000000000008,0.02292599798993332,0.9280000000000007,0.0,0.022917651,3.95
3.735990870941892,-0.21650833416686477,3.95,408.1632584497226,4.52076883438183,0.9290000000000008,0.022925997674713903,0.9290000000000007,0.0,0.022917651,3.95
3.736299580822006,-0.21406402886524517,3.95,408.5348671102199,4.520016935770312,0.9300000000000007,0.022925997359055678,0.9300000000000007,0.0,0.022917651,3.95
3.7366085131744704,-0.2116154206313467,3.95,408.91108692548073,4.519261632359407,0.9310000000000008,0.022925997041717897,0.9310000000000007,0.0,0.022917651,3.95
3.7369175311593104,-0.20916387629449493,3.95,409.29160191134457,4.518503736858516,0.9320000000000008,0.022925996723621545,0.9320000000000007,0.0,0.022917651,3.95
3.737226608121291,-0.20670964501175423,3.95,409.67638895958544,4.517743390440954,0.9330000000000007,0.022925996404958206,0.9330000000000007,0.0,0.022917651,3.95
3.7375357427797287,-0.2042520838791615,3.95,410.06571890369605,4.516979944819268,0.9340000000000008,0.022925996084970358,0.9340000000000007,0.0,0.022917651,3.95
3.7378449335941073,-0.20179076143782934,3.95,410.45979490639587,4.516212961994623,0.9350000000000008,0.022925995763331947,0.9350000000000007,0.0,0.022917651,3.95
3.73815418416158,-0.19932664756131732,3.95,410.85831514012824,4.515443426565333,0.9360000000000007,0.02292599544135083,0.9360000000000007,0.0,0.022917651,3.95
3.7384634954308726,-0.19685970045271328,3.95,411.26133734202267,4.514671300531471,0.9370000000000007,0.022925995119022977,0.9370000000000007,0.0,0.022917651,3.95
3.738772919935317,-0.19438804751517436,3.95,411.66957853674904,4.513894922631542,0.9380000000000008,0.0229259947962727,0.9380000000000007,0.0,0.022917651,3.95
3.739082403484623,-0.19191349702671887,3.95,412.08244680215944,4.513115883341541,0.9390000000000008,0.0229259944728991,0.9390000000000007,0.0,0.022917651,3.95
3.7393919468190524,-0.18943601265997662,3.95,412.5000001490757,4.5123341492949125,0.9400000000000007,0.022925994148894374,0.9400000000000007,0.0,0.022917651,3.95
3.7397016805667316,-0.18695405106822574,3.95,412.92276664650876,4.511548697764501,0.9410000000000008,0.022925993823489716,0.9410000000000007,0.0,0.022917651,3.95
3.7400115220793895,-0.18446852759627416,3.95,413.3505204021274,4.510760114768465,0.942000000000001,0.0229259934973918,0.9420000000000007,0.0,0.022917651,3.95
3.740321424562296,-0.18197995345332144,3.95,413.78315305110283,4.509968725038679,0.9430000000000007,0.022925993170909043,0.9430000000000007,0.0,0.022917651,3.95
3.740631357498758,-0.1794875330942487,3.95,414.22102674569646,4.509173612277045,0.9440000000000007,0.022925992952505275,0.9440000000000007,0.0,0.022917651,3.95
3.740941331790407,-0.17699138075873466,3.95,414.6641467576895,4.5083749339973895,0.9450000000000008,0.022925992814220555,0.9450000000000007,0.0,0.022917651,3.95
3.7412513736735766,-0.17449204436408972,3.95,415.11234516513,4.507573342022878,0.9460000000000008,0.022925992669991836,0.9460000000000007,0.0,0.022917651,3.95
3.741561442331191,-0.17198856229329793,3.95,415.56607112146366,4.506767708867641,0.9470000000000007,0.022925992492977363,0.9470000000000007,0.0,0.022917651,3.95
3.74187152744235,-0.16948080814249958,3.95,416.02543829606856,4.5059578664692035,0.9480000000000007,0.02292599228214306,0.9480000000000007,0.0,0.022917651,3.95
3.742181672530749,-0.16696974025016362,3.95,416.49010173001057,4.505144950038394,0.9490000000000008,0.022925992067062348,0.9490000000000007,0.0,0.022917651,3.95
3.7424918696445175,-0.164454228515761,3.95,416.96056931494513,4.50432779935516,0.9500000000000007,0.0229259917864481,0.9500000000000007,0.0,0.022917651,3.95
3.74280211203135,-0.16193416334278968,3.95,417.43695342722873,4.50350627834952,0.9510000000000007,0.022925991438922023,0.9510000000000007,0.0,0.022917651,3.95
3.743112407273342,-0.1594106599184717,3.95,417.91886261653735,4.5026815308886,0.9520000000000008,0.022925991090619983,0.9520000000000007,0.0,0.022917651,3.95
3.743422266338301,-0.15688263079180106,3.95,418.40709452879,4.501850512891048,0.9530000000000007,0.02292599074143918,0.9530000000000007,0.0,0.022917651,3.95
3.7437317839308912,-0.1543503043220271,3.95,418.9015505897309,4.501013831147795,0.9540000000000007,0.022925990391674804,0.9540000000000007,0.0,0.022917651,3.95
3.7440413125856433,-0.15181440426706122,3.95,419.4017745583383,4.500173619784932,0.9550000000000008,0.022925990041464665,0.9550000000000007,0.0,0.022917651,3.95
3.7443509739939445,-0.14927339456333397,3.95,419.9085321844504,4.499328830933462,0.9560000000000007,0.022925989687836348,0.9560000000000007,0.0,0.022917651,3.95
3.7446606889376692,-0.14672820653922738,3.95,420.421468218774,4.4984800784711645,0.9570000000000007,0.022925989332542994,0.9570000000000007,0.0,0.022917651,3.95
3.74497041445579,-0.1441793212673451,3.95,420.94041871451384,4.497627671173811,0.9580000000000007,0.022925988976601565,0.9580000000000007,0.0,0.022917651,3.95
3.745280021939037,-0.14162465691968915,3.95,421.4662129276946,4.496769014140471,0.9590000000000007,0.02292598862563033,0.9590000000000007,0.0,0.022917651,3.95
3.7455896324727393,-0.13906613592327335,3.95,421.9982109170169,4.495906512811087,0.9600000000000009,0.022925988274009722,0.9600000000000007,0.0,0.022917651,3.95
3.7458992539355354,-0.1365031025329881,3.95,422.53670566390343,4.495039540903724,0.9610000000000007,0.022925987920200706,0.9610000000000007,0.0,0.022917651,3.95
3.746208895811441,-0.13393458114329254,3.95,423.08211021690244,4.494167157696866,0.962000000000001,0.022925987562293183,0.9620000000000007,0.0,0.022917651,3.95
3.7465185467281357,-0.13136206633000433,3.95,423.6339732594865,4.493290817040021,0.9630000000000007,0.022925987203728952,0.9630000000000007,0.0,0.022917651,3.95
3.7468281873132248,-0.1287840138827021,3.95,424.1931027025596,4.492408904268266,0.9640000000000007,0.02292598698723808,0.9640000000000007,0.0,0.022917651,3.95
3.747137820315757,-0.12620115868058066,3.95,424.7592242935027,4.491522161841341,0.9650000000000006,0.022925986829714345,0.9650000000000007,0.0,0.022917651,3.95
3.7474474107315516,-0.12361385707489092,3.95,425.3321837868407,4.490630801367445,0.9660000000000007,0.02292598664108828,0.9660000000000007,0.0,0.022917651,3.95
3.7477567259724154,-0.12102035349265829,3.95,425.91262682651785,4.489732128677035,0.9670000000000007,0.022925986308647794,0.9670000000000007,0.0,0.022917651,3.95
3.74806606250481,-0.11842259025492097,3.95,426.5000181301065,4.488829281539153,0.9680000000000007,0.02292598597317239,0.9680000000000007,0.0,0.022917651,3.95
3.748375395317235,-0.11581945714148843,3.95,427.0948715719597,4.487921050349309,0.9690000000000009,0.02292598560914107,0.9690000000000007,0.0,0.022917651,3.95
3.7486847462603206,-0.11321131962097052,3.95,427.6971169125313,4.487007887412669,0.9700000000000008,0.022925985230129363,0.9700000000000008,0.0,0.022917651,3.95
3.748994070291555,-0.11059826327509606,3.95,428.3068621268391,4.486089700293973,0.9710000000000008,0.022925984849253445,0.9710000000000008,0.0,0.022917651,3.95
3.7493032090686964,-0.10797914700966968,3.95,428.92481874837347,4.485164721445518,0.9720000000000008,0.02292598446272561,0.9720000000000008,0.0,0.022917651,3.95
3.749612381566871,-0.10535540877098014,3.95,429.5502701202371,4.484235255753731,0.9730000000000008,0.02292598407545649,0.9730000000000008,0.0,0.022917651,3.95
3.7499215591651587,-0.10272524887821154,3.95,430.18446522454843,4.483299377916669,0.9740000000000008,0.022925983695841968,0.9740000000000008,0.0,0.022917651,3.95
3.750230758160815,-0.10009006931754895,3.95,430.82658144438903,4.482358564098542,0.9750000000000008,0.022925983317111348,0.9750000000000008,0.0,0.022917651,3.95
3.7505401354359025,-0.097448383086031,3.95,431.4770958986801,4.481411962860838,0.9760000000000009,0.02292598293315697,0.9760000000000008,0.0,0.022917651,3.95
3.750849669187551,-0.09480037863162859,3.95,432.136047707203,4.480459674451661,0.9770000000000008,0.022925982544491998,0.9770000000000008,0.0,0.022917651,3.95
3.7511592554160593,-0.09214661651745545,3.95,432.80342143804944,4.479501833908887,0.9780000000000008,0.022925982154854616,0.9780000000000008,0.0,0.022917651,3.95
3.751468924617035,-0.08948590566515632,3.95,433.47981100534633,4.478537365849811,0.9790000000000008,0.02292598176410538,0.9790000000000008,0.0,0.022917651,3.95
3.7517785918588715,-0.08681987008214039,3.95,434.16468007011093,4.477567566489704,0.9800000000000008,0.022925981373256743,0.9800000000000008,0.0,0.022917651,3.95
3.752088002189981,-0.084146850528968,3.95,434.8591756692436,4.476589769512263,0.9810000000000008,0.022925980988820385,0.9810000000000008,0.0,0.022917651,3.95
3.752397432904375,-0.08146857165764733,3.95,435.5622825909775,4.475606795077767,0.9820000000000008,0.022925980603714563,0.9820000000000008,0.0,0.022917651,3.95
3.7527068861260093,-0.07878293766400056,3.95,436.27532844203074,4.474616548440682,0.9830000000000009,0.02292598032978864,0.9830000000000008,0.0,0.022917651,3.95
3.7530163616377172,-0.07609180722542505,3.95,436.997313422412,4.47362089409787,0.9840000000000008,0.022925980046677834,0.9840000000000008,0.0,0.022917651,3.95
3.753325967014766,-0.07339268694241623,3.95,437.72940535781606,4.472617772478972,0.9850000000000008,0.02292597966965473,0.9850000000000008,0.0,0.022917651,3.95
3.7536356193060363,-0.07068760426413297,3.95,438.4708464477503,4.471608876708689,0.9860000000000009,0.022925979275894508,0.9860000000000008,0.0,0.022917651,3.95
3.7539451254588654,-0.06797478242700496,3.95,439.2226617653479,4.470591659193543,0.9870000000000008,0.022925978863220925,0.9870000000000008,0.0,0.022917651,3.95
3.754254621005102,-0.06525572056103282,3.95,439.9841983393231,4.46956815969418,0.9880000000000008,0.02292597844594167,0.9880000000000008,0.0,0.022917651,3.95
3.7545641903769713,-0.06252884047847192,3.95,440.7564786662755,4.468537123783496,0.9890000000000008,0.02292597803658724,0.9890000000000008,0.0,0.022917651,3.95
3.7548738051074024,-0.0597955584469519,3.95,441.53881503767093,4.467499864282109,0.9900000000000009,0.022925977628423962,0.9900000000000008,0.0,0.022917651,3.95
3.7551834477661563,-0.05705386925533369,3.95,442.33240116209424,4.466454324813995,0.9910000000000008,0.022925977211065526,0.9910000000000008,0.0,0.022917651,3.95
3.7554931235349533,-0.0543056659690614,3.95,443.1363257161567,4.46540240614649,0.9920000000000008,0.022925976791390308,0.9920000000000008,0.0,0.022917651,3.95
3.7558027045078792,-0.05154858662670409,3.95,443.95198182253904,4.464341224686958,0.9930000000000008,0.022925976368047045,0.9930000000000008,0.0,0.022917651,3.95
3.756112305021943,-0.048784806262225644,3.95,444.7783379473179,4.463273419292946,0.9940000000000008,0.022925975944699313,0.9940000000000008,0.0,0.022917651,3.95
3.7564218526607926,-0.04601239253422904,3.95,445.616803181583,4.462196760910607,0.9950000000000008,0.02292597553017491,0.9950000000000008,0.0,0.022917651,3.95
3.756731383395401,-0.04323271930421496,3.95,446.4665402491896,4.461112777637501,0.9960000000000008,0.022925975113172077,0.9960000000000008,0.0,0.022917651,3.95
3.757040814648992,-0.040444386283359425,3.95,447.3285143662883,4.460019743676449,0.9970000000000009,0.022925974690552017,0.9970000000000008,0.0,0.022917651,3.95
3.757350310301249,-0.03764758001754119,3.95,448.2024262573531,4.458918502221969,0.9980000000000008,0.02292597426499482,0.9980000000000008,0.0,0.022917651,3.95
3.757659885835595,-0.03484194243518282,3.95,449.0885803563767,4.457808758199848,0.9990000000000008,0.022925973836186678,0.9990000000000008,0.0,0.022917651,3.95
3.757969515767332,-0.032027186788853995,3.95,449.98754118123463,4.456690100837285,1.0000000000000009,0.02292597340635055,1.0000000000000009,0.0,0.022917651,3.95
3.758212728643987,-0.029754620971498814,3.95,450.5305847402597,4.4558043124734095,1.0010000000000008,0.022925973387368064,1.0010000000000008,0.0,0.022917651,3.95
3.758455837915311,-0.027479089165426036,3.95,451.07897207633255,4.454915141393949,1.002000000000001,0.022925973368289537,1.002000000000001,0.0,0.022917651,3.95
3.7586988252199416,-0.02520035013584234,3.95,451.63292263245967,4.454022272026266,1.0030000000000008,0.022925973349115225,1.0030000000000008,0.0,0.022917651,3.95
3.7589417541945593,-0.022919254980511762,3.95,452.19186549067837,4.453126813301591,1.004000000000001,0.022925973329838808,1.004000000000001,0.0,0.022917651,3.95
3.7591844867509985,-0.020634857546761077,3.95,452.7566980086464,4.45222727349276,1.005000000000001,0.02292597331156411,1.0050000000000008,0.0,0.022917651,3.95
3.759427114895878,-0.01834774444030632,3.95,453.3269149510414,4.45132460242394,1.006000000000001,0.022925973293533883,1.006000000000001,0.0,0.022917651,3.95
3.759669652567485,-0.016057966114684376,3.95,453.90241974266326,4.450418903584573,1.0070000000000008,0.02292597327554433,1.0070000000000008,0.0,0.022917651,3.95
3.759911899943746,-0.013764035424150245,3.95,454.4841345148624,4.449507888137035,1.008000000000001,0.022925973258637888,1.008000000000001,0.0,0.022917651,3.95
3.7601540840911474,-0.011467633013155678,3.95,455.0711298868666,4.448594148246772,1.009000000000001,0.022925973241580532,1.0090000000000008,0.0,0.022917651,3.95
3.7603951202198993,-0.009167632319944342,3.95,455.6640902875153,4.447672215776908,1.0100000000000011,0.022925973224586622,1.010000000000001,0.0,0.022917651,3.95
3.760635189822185,-0.006864182278293956,3.95,456.26297540137006,4.446742965892868,1.0110000000000008,0.022925973207690353,1.0110000000000008,0.0,0.022917651,3.95
3.7608752250920197,-0.004558203702302246,3.95,456.8672963497971,4.445811050222026,1.012000000000001,0.022925973190726832,1.012000000000001,0.0,0.022917651,3.95
3.761115366436264,-0.0022486968048262067,3.95,457.4783321248136,4.444876047994226,1.0130000000000008,0.022925973174027395,1.0130000000000008,0.0,0.022917651,3.95
3.7613554713099697,6.341543331815679e-05,3.95,458.09493143737427,4.443938294449232,1.0140000000000011,0.022925973157311576,1.014000000000001,0.0,0.022917651,3.95
3.7615953527119736,0.0023792505799251455,3.95,458.71783404900543,4.442995912225622,1.0150000000000008,0.02292597313879079,1.0150000000000008,0.0,0.022917651,3.95
3.761835007980821,0.004698840486930468,3.95,459.3471247692905,4.442048858841493,1.016000000000001,0.02292597311837113,1.016000000000001,0.0,0.022917651,3.95
3.7620746147703588,0.007021199489982149,3.95,459.9822310134894,4.441098843454894,1.0170000000000008,0.02292597309783023,1.0170000000000008,0.0,0.022917651,3.95
3.762313970464376,0.009348345694580531,3.95,460.62448191868253,4.440143057454472,1.0180000000000011,0.02292597307710266,1.018000000000001,0.0,0.022917651,3.95
3.7625532834663904,0.011678213820675017,3.95,461.2726304284327,4.439184378690386,1.019000000000001,0.02292597305625587,1.0190000000000008,0.0,0.022917651,3.95
3.762792509916275,0.014011968178302303,3.95,461.92766545608504,4.438221456711434,1.020000000000001,0.022925973035282095,1.020000000000001,0.0,0.022917651,3.95
3.763031670814925,0.0163491386824132,3.95,462.58926708856524,4.437254850474098,1.021000000000001,0.022925973014183094,1.0210000000000008,0.0,0.022917651,3.95
3.7632707851410334,0.018689589301526206,3.95,463.25741434236954,4.436284779064374,1.022000000000001,0.022925972993303786,1.022000000000001,0.0,0.022917651,3.95
3.7635098405658747,0.021034124755213667,3.95,463.93291395486705,4.43531038984237,1.023000000000001,0.022925972973187613,1.0230000000000008,0.0,0.022917651,3.95
3.7637488505240797,0.023381497928073487,3.95,464.61468125607706,4.43433298079222,1.024000000000001,0.022925972952922063,1.024000000000001,0.0,0.022917651,3.95
3.763987671672483,0.0257337317237815,3.95,465.30418258850017,4.4333499593351435,1.0250000000000008,0.022925972933841333,1.0250000000000008,0.0,0.022917651,3.95
3.7642264342887,0.028088976087813328,3.95,466.000170255011,4.432363693347002,1.026000000000001,0.02292597291464539,1.026000000000001,0.0,0.022917651,3.95
3.7644650435451696,0.030448552642285142,3.95,466.7036831397631,4.431372482050559,1.0270000000000008,0.022925972895282903,1.0270000000000008,0.0,0.022917651,3.95
3.7647035510263973,0.032811781873505426,3.95,467.41427329914524,4.430377211132194,1.0280000000000011,0.022925972875743574,1.028000000000001,0.0,0.022917651,3.95
3.7649419975335716,0.035178987583690494,3.95,468.1322405414719,4.429377718248792,1.0290000000000008,0.02292597285599717,1.0290000000000008,0.0,0.022917651,3.95
3.7651803798657184,0.037550484466361576,3.95,468.85789892626326,4.428373675430955,1.030000000000001,0.022925972836036156,1.030000000000001,0.0,0.022917651,3.95
3.765418698440997,0.03992555489146777,3.95,469.59080536400273,4.427365804150689,1.0310000000000006,0.022925972815634327,1.0310000000000008,0.0,0.022917651,3.95
3.7656569337555967,0.042305355569835404,3.95,470.33201974554817,4.426352869978965,1.032000000000001,0.022925972794318104,1.032000000000001,0.0,0.022917651,3.95
3.7658950928112187,0.04468842432913665,3.95,471.08036532559737,4.4253363637147265,1.0330000000000008,0.022925972773055775,1.0330000000000008,0.0,0.022917651,3.95
3.766132934798753,0.04707658770501506,3.95,471.83743022637776,4.424313505968749,1.034000000000001,0.022925972752959614,1.034000000000001,0.0,0.022917651,3.95
3.766370712616412,0.04946793365911599,3.95,472.6016762267226,4.423287208938225,1.0350000000000008,0.022925972732908875,1.0350000000000008,0.0,0.022917651,3.95
3.766608181212795,0.05186442322278067,3.95,473.37483834803726,4.422254518216509,1.036000000000001,0.022925972710037507,1.036000000000001,0.0,0.022917651,3.95
3.7668455675929313,0.05426427495551228,3.95,474.1554532818164,4.421218135749636,1.037000000000001,0.02292597268687356,1.0370000000000008,0.0,0.022917651,3.95
3.7670827471431085,0.056668743848020516,3.95,474.94511072488905,4.420176307814831,1.038000000000001,0.022925972664847676,1.038000000000001,0.0,0.022917651,3.95
3.7673198386269107,0.05907675530286023,3.95,475.7425818125444,4.419130584983135,1.0390000000000008,0.02292597264284751,1.0390000000000008,0.0,0.022917651,3.95
3.767556799783544,0.061490050431833955,3.95,476.5493683758431,4.41807906224279,1.040000000000001,0.022925972618277238,1.040000000000001,0.0,0.022917651,3.95
3.767793671982529,0.06390720358910747,3.95,477.3643207855368,4.417023326855858,1.041000000000001,0.022925972593006032,1.0410000000000008,0.0,0.022917651,3.95
3.7680303417802725,0.06633000941770355,3.95,478.1887301466011,4.4159611301295,1.0420000000000011,0.022925972568795864,1.042000000000001,0.0,0.022917651,3.95
3.7682668976126257,0.06875688372833662,3.95,479.0215516217699,4.414894409286717,1.0430000000000008,0.02292597254476093,1.0430000000000008,0.0,0.022917651,3.95
3.768503249650607,0.07118854512974271,3.95,479.8639860021831,4.413822080473098,1.044000000000001,0.022925972521006064,1.044000000000001,0.0,0.022917651,3.95
3.7687394880708514,0.07362407247019635,3.95,480.7149939103719,4.412745429893374,1.045000000000001,0.02292597249719028,1.0450000000000008,0.0,0.022917651,3.95
3.7689753410711844,0.0760644648812537,3.95,481.576095140494,4.41166237625082,1.0460000000000012,0.02292597247465738,1.046000000000001,0.0,0.022917651,3.95
3.7692110444330913,0.07850871387416569,3.95,482.4459381079904,4.410574868175975,1.0470000000000008,0.022925972452175696,1.0470000000000008,0.0,0.022917651,3.95
3.7694466821690695,0.0809593471389601,3.95,483.32637574366055,4.409480706682442,1.048000000000001,0.02292597242499064,1.048000000000001,0.0,0.022917651,3.95
3.7696822196608735,0.08341394837831881,3.95,484.21568182483094,4.408382175594244,1.0490000000000008,0.02292597239734783,1.0490000000000008,0.0,0.022917651,3.95
3.7699173503560246,0.08587429579257334,3.95,485.116009486939,4.407276286996607,1.0500000000000012,0.022925972372210304,1.050000000000001,0.0,0.022917651,3.95
3.7701523322695163,0.08833867260131421,3.95,486.0255643389541,4.406165771988085,1.0510000000000008,0.022925972348356735,1.0510000000000008,0.0,0.022917651,3.95
3.770386937795393,0.09080845438342343,3.95,486.94610951268845,4.4050483350049054,1.052000000000001,0.022925972332423748,1.052000000000001,0.0,0.022917651,3.95
3.77062136801603,0.09328278871075883,3.95,487.8764889417074,4.403925644975241,1.053000000000001,0.02292597231418717,1.0530000000000008,0.0,0.022917651,3.95
3.7708555414324176,0.09576258136170687,3.95,488.8176733996566,4.402796471029946,1.054000000000001,0.02292597229063208,1.054000000000001,0.0,0.022917651,3.95
3.771089509731663,0.09824753092798878,3.95,489.7694246582602,4.401661323987684,1.0550000000000006,0.022925972263886808,1.0550000000000008,0.0,0.022917651,3.95
3.7713232762454956,0.10073763908486212,3.95,490.73183961348684,4.400520215339418,1.056000000000001,0.022925972234218994,1.056000000000001,0.0,0.022917651,3.95
3.771556827870945,0.10323369595787067,3.95,491.7058675482605,4.399372288125312,1.0570000000000008,0.022925972207805997,1.0570000000000008,0.0,0.022917651,3.95
3.7717902192252595,0.10573449478690047,3.95,492.69040405242015,4.398218974221675,1.058000000000001,0.022925972182424613,1.058000000000001,0.0,0.022917651,3.95
3.7720232044058273,0.10824117095627987,3.95,493.687340142855,4.397058174662358,1.0590000000000008,0.022925972157862594,1.0590000000000008,0.0,0.022917651,3.95
3.772255957934568,0.11075254861751949,3.95,494.6950436068717,4.395891743550243,1.060000000000001,0.022925972131934348,1.060000000000001,0.0,0.022917651,3.95
3.7724882970058196,0.11326976310734169,3.95,495.71495576471295,4.394717805659219,1.061000000000001,0.02292597210243812,1.0610000000000008,0.0,0.022917651,3.95
3.77272035417168,0.11579230408212382,3.95,496.74673489003794,4.393537417589525,1.062000000000001,0.0229259720742879,1.062000000000001,0.0,0.022917651,3.95
3.7729521521238483,0.11832001812111562,3.95,497.7902923267256,4.392350823314629,1.0630000000000006,0.022925972047159196,1.0630000000000008,0.0,0.022917651,3.95
3.773183253057061,0.12085400433951254,3.95,498.84685878817226,4.391155162457325,1.064000000000001,0.02292597202128654,1.064000000000001,0.0,0.022917651,3.95
3.773413861962929,0.12339303396493473,3.95,499.9151448601134,4.389952490868149,1.0650000000000008,0.02292597199466798,1.0650000000000008,0.0,0.022917651,3.95
3.7736433685747732,0.12593800361194007,3.95,500.9964826589381,4.388739478334117,1.0660000000000012,0.022925971965250806,1.066000000000001,0.0,0.022917651,3.95
3.773872383350161,0.12848848416394756,3.95,502.0905507792812,4.387518984529015,1.0670000000000008,0.022925971936154362,1.0670000000000008,0.0,0.022917651,3.95
3.7741010070868617,0.13104424731937145,3.95,503.1971078482105,4.3862916412578565,1.0680000000000007,0.022925971907227685,1.068000000000001,0.0,0.022917651,3.95
3.774329257315194,0.13360707001925629,3.95,504.31813483128843,4.385055746582542,1.0690000000000008,0.02292597187961366,1.0690000000000008,0.0,0.022917651,3.95
3.774557232380392,0.13617560764587727,3.95,505.4521147878557,4.38381303881622,1.070000000000001,0.0229259718535936,1.070000000000001,0.0,0.022917651,3.95
3.774784838239357,0.13875052834398047,3.95,506.5999311505578,4.382562475069287,1.0710000000000006,0.022925971830691,1.0710000000000008,0.0,0.022917651,3.95
3.775011726237495,0.14133103489529092,3.95,507.76263199673355,4.381303448033211,1.072000000000001,0.022925971807402305,1.072000000000001,0.0,0.022917651,3.95
3.775237725434135,0.1439170869268191,3.95,508.939143886651,4.380035317196362,1.0730000000000008,0.02292597178279269,1.0730000000000008,0.0,0.022917651,3.95
3.775461801566116,0.14650976275895353,3.95,510.1307099892371,4.378752866125062,1.0740000000000012,0.022925971754982136,1.074000000000001,0.0,0.022917651,3.95
3.7756854390649015,0.14910914081768661,3.95,511.3373567885039,4.37746196929721,1.0750000000000008,0.022925971723572892,1.0750000000000008,0.0,0.022917651,3.95
3.775908659722136,0.15171458527630094,3.95,512.5584897663255,4.3761633400483415,1.0760000000000007,0.0229259716918954,1.076000000000001,0.0,0.022917651,3.95
3.776131258906126,0.15432678730323332,3.95,513.7953565578854,4.374855456682596,1.0770000000000008,0.022925971663416426,1.0770000000000008,0.0,0.022917651,3.95
3.776353361197158,0.15694577079953748,3.95,515.048116491789,4.373538807086102,1.078000000000001,0.02292597163199139,1.078000000000001,0.0,0.022917651,3.95
3.7765750149569994,0.15957106040885197,3.95,516.3163138969985,4.37221405936827,1.0790000000000008,0.022925971600328266,1.0790000000000008,0.0,0.022917651,3.95
3.7767961133888264,0.16220320398472612,3.95,517.6010465758359,4.370880239311103,1.080000000000001,0.02292597157056606,1.080000000000001,0.0,0.022917651,3.95
3.777016509280656,0.1648421357936525,3.95,518.9028073171914,4.369536818363286,1.0810000000000008,0.022925971539608795,1.0810000000000008,0.0,0.022917651,3.95
3.7772363332846415,0.1674872053299627,3.95,520.2209146152842,4.368184969187487,1.082000000000001,0.022925971508071182,1.082000000000001,0.0,0.022917651,3.95
3.7774555628468014,0.17013845229438743,3.95,521.5557951872163,4.366824561268644,1.083000000000001,0.02292597147608904,1.0830000000000009,0.0,0.022917651,3.95
3.777674155133412,0.17279723258971727,3.95,522.9092897064338,4.365454086648906,1.084000000000001,0.022925971445684135,1.084000000000001,0.0,0.022917651,3.95
3.777892162976669,0.17546291743500314,3.95,524.2800852764999,4.3640743591380815,1.0850000000000009,0.022925971413213852,1.0850000000000009,0.0,0.022917651,3.95
3.7781095372461726,0.17813555946540355,3.95,525.6685437782013,4.362685134198666,1.086000000000001,0.02292597138002343,1.086000000000001,0.0,0.022917651,3.95
3.778326112200133,0.1808155205291872,3.95,527.0757284742103,4.361285401101839,1.0870000000000006,0.022925971348824542,1.0870000000000009,0.0,0.022917651,3.95
3.7785419578397965,0.1835024981481282,3.95,528.5023303446786,4.359875733793568,1.0880000000000012,0.022925971315480118,1.088000000000001,0.0,0.022917651,3.95
3.7787571022797377,0.1861962642988843,3.95,529.9478506708531,4.358456467248504,1.0890000000000009,0.022925971288976606,1.0890000000000009,0.0,0.022917651,3.95
3.7789715170839404,0.18889695641732546,3.95,531.4126869731365,4.35702735316876,1.090000000000001,0.022925971268184443,1.090000000000001,0.0,0.022917651,3.95
3.7791851439842796,0.19160510477397968,3.95,532.8979039027095,4.35558764198199,1.091000000000001,0.02292597124100432,1.0910000000000009,0.0,0.022917651,3.95
3.7793980069538136,0.19432013615159843,3.95,534.4041404800726,4.354138004054098,1.0920000000000012,0.022925971208300634,1.092000000000001,0.0,0.022917651,3.95
3.7796101137959957,0.1970424691459709,3.95,535.9309206211495,4.352678020894188,1.093000000000001,0.022925971174302083,1.0930000000000009,0.0,0.022917651,3.95
3.779821309251832,0.19977196395547478,3.95,537.4787822731098,4.351207222537425,1.094000000000001,0.02292597114036269,1.094000000000001,0.0,0.022917651,3.95
3.7800313900082925,0.20250808433289902,3.95,539.04829627237,4.3497253619251355,1.095000000000001,0.0229259711069773,1.0950000000000009,0.0,0.022917651,3.95
3.780240470149221,0.20525208292816138,3.95,540.641140050587,4.348231607096167,1.096000000000001,0.022925971072806653,1.096000000000001,0.0,0.022917651,3.95
3.7804486551766754,0.20800399238672176,3.95,542.2566066871199,4.34672636685613,1.0970000000000009,0.02292597103841733,1.0970000000000009,0.0,0.022917651,3.95
3.7806558523136027,0.21076321111829976,3.95,543.8950912565901,4.345209864287842,1.098000000000001,0.022925971003691748,1.098000000000001,0.0,0.022917651,3.95
3.7808620399752515,0.2135294849064339,3.95,545.5571400465138,4.343682269966702,1.099000000000001,0.022925970968877,1.0990000000000009,0.0,0.022917651,3.95
3.781067241859796,0.2163028077726129,3.95,547.2433451262033,4.342143691585493,1.1000000000000012,0.022925970933926423,1.100000000000001,0.0,0.022917651,3.95
3.781100893393586,0.21835711652391035,3.95,548.3163835474896,4.340601872893157,1.1010000000000009,0.022925970911961243,1.1010000000000009,0.0,0.022917651,3.95
3.781136186556849,0.22041400362705052,3.95,549.3841950989769,4.339064041003111,1.102000000000001,0.022925970889878737,1.102000000000001,0.0,0.022917651,3.95
3.7811732072599584,0.22247333083735055,3.95,550.4461697544814,4.337530679180119,1.103000000000001,0.022925970867678468,1.1030000000000009,0.0,0.022917651,3.95
3.7812119618897557,0.22453510717606434,3.95,551.5022859345764,4.336001803950345,1.1040000000000014,0.022925970845359998,1.104000000000001,0.0,0.022917651,3.95
3.7812524568646015,0.2265993417089684,3.95,552.5525219533284,4.3344774319215125,1.105000000000001,0.022925970822922893,1.1050000000000009,0.0,0.022917651,3.95
3.781294519536097,0.22866629888923343,3.95,553.5986360986113,4.332956611373629,1.1060000000000008,0.022925970800492593,1.106000000000001,0.0,0.022917651,3.95
3.781338327163526,0.230735674418864,3.95,554.6388810915515,4.3314403523304215,1.1070000000000009,0.022925970777986596,1.1070000000000009,0.0,0.022917651,3.95
3.7813838876016765,0.23280747394922607,3.95,555.673218936191,4.329928680526788,1.108000000000001,0.02292597075540359,1.108000000000001,0.0,0.022917651,3.95
3.7814312069992475,0.23488170598349054,3.95,556.7016289107955,4.328421612054341,1.1090000000000009,0.022925970732743307,1.1090000000000009,0.0,0.022917651,3.95
3.781480201943075,0.23695843021903537,3.95,557.724730643664,4.326918753231587,1.1100000000000012,0.022925970710068428,1.110000000000001,0.0,0.022917651,3.95
3.781530806646837,0.23903764649594367,3.95,558.7429890708005,4.325419840913358,1.1110000000000009,0.022925970687448463,1.1110000000000009,0.0,0.022917651,3.95
3.7815831788646674,0.24111925275070523,3.95,559.7552848968392,4.323925608791684,1.112000000000001,0.02292597066478538,1.112000000000001,0.0,0.022917651,3.95
3.7816373242649046,0.24320325664787137,3.95,560.7615989999837,4.322436071875748,1.1130000000000009,0.02292597064207904,1.1130000000000009,0.0,0.022917651,3.95
3.78169324854015,0.24528966588480355,3.95,561.7619121765887,4.320951245238978,1.114000000000001,0.022925970619329303,1.114000000000001,0.0,0.022917651,3.95
3.7817507688578083,0.24737885962228953,3.95,562.7576020395912,4.319470019008608,1.115000000000001,0.02292597059678717,1.1150000000000009,0.0,0.022917651,3.95
3.781810014351087,0.2494705393986503,3.95,563.7476745640616,4.317993207574596,1.116000000000001,0.022925970574311214,1.116000000000001,0.0,0.022917651,3.95
3.781871042005483,0.25156460220684385,3.95,564.7317208572957,4.316521141691138,1.1170000000000009,0.022925970551835265,1.1170000000000009,0.0,0.022917651,3.95
3.7819338569527323,0.2536610549088177,3.95,565.7097235667454,4.315053835023055,1.118000000000001,0.022925970529359314,1.118000000000001,0.0,0.022917651,3.95
3.7819983965746693,0.25576026296725485,3.95,566.6817817165269,4.313590671030277,1.119000000000001,0.02292597050663565,1.1190000000000009,0.0,0.022917651,3.95
3.7820644720641425,0.25786322060463956,3.95,567.6481372570686,4.312129898778094,1.1200000000000012,0.022925970482946895,1.120000000000001,0.0,0.022917651,3.95
3.782132319372497,0.2599686785639457,3.95,568.6083310294173,4.310673713560057,1.121000000000001,0.02292597045913669,1.1210000000000009,0.0,0.022917651,3.95
3.782201941598098,0.26207664121746865,3.95,569.5623522585349,4.309222123397476,1.122000000000001,0.02292597043520483,1.122000000000001,0.0,0.022917651,3.95
3.782273341846542,0.26418711294770225,3.95,570.5101901442449,4.30777513633038,1.123000000000001,0.0229259704111511,1.1230000000000009,0.0,0.022917651,3.95
3.7823463358156193,0.26629824579342765,3.95,571.4543856142284,4.30633386758381,1.1240000000000012,0.022925970387911613,1.124000000000001,0.0,0.022917651,3.95
3.7824210188114304,0.26841067406563973,3.95,572.3939012505853,4.304898061854149,1.1250000000000009,0.022925970365161003,1.1250000000000009,0.0,0.022917651,3.95
3.782497498626302,0.2705253672718798,3.95,573.3273607401884,4.303467178325607,1.126000000000001,0.022925970342410378,1.126000000000001,0.0,0.022917651,3.95
3.7825757795480737,0.27264233081707295,3.95,574.2547496309506,4.3020412287442795,1.127000000000001,0.022925970319659768,1.127000000000001,0.0,0.022917651,3.95
3.7826558195238573,0.2747615163473691,3.95,575.176335950798,4.300620092120777,1.128000000000001,0.02292597029669804,1.128000000000001,0.0,0.022917651,3.95
3.7827373313110946,0.27688255194467104,3.95,576.0938508498039,4.299202984680822,1.129000000000001,0.022925970272179394,1.129000000000001,0.0,0.022917651,3.95
3.782820636632798,0.27900578066547854,3.95,577.005319766775,4.297790858323072,1.130000000000001,0.02292597024753678,1.130000000000001,0.0,0.022917651,3.95
3.7829057392694807,0.28113120713257994,3.95,577.9107299576494,4.296383723546934,1.131000000000001,0.022925970222769924,1.131000000000001,0.0,0.022917651,3.95
3.782992643012288,0.28325883598176693,3.95,578.8100686425244,4.294981590881341,1.132000000000001,0.022925970197878582,1.132000000000001,0.0,0.022917651,3.95
3.7830811258619548,0.2853883812067036,3.95,579.7047820145955,4.293583861066798,1.1330000000000007,0.022925970173330645,1.133000000000001,0.0,0.022917651,3.95
3.7831712554692687,0.2875199012960879,3.95,580.5943910685702,4.292190745205581,1.134000000000001,0.022925970149086306,1.134000000000001,0.0,0.022917651,3.95
3.783263175038698,0.28965357345850884,3.95,581.4779674685175,4.290802637155826,1.135000000000001,0.022925970124877838,1.135000000000001,0.0,0.022917651,3.95
3.7833568877137296,0.29178940147338656,3.95,582.3555006200356,4.289419545712132,1.136000000000001,0.022925970100705295,1.136000000000001,0.0,0.022917651,3.95
3.783452301977535,0.29392725580852114,3.95,583.2272180438589,4.288041234438885,1.137000000000001,0.022925970076421023,1.137000000000001,0.0,0.022917651,3.95
3.783548637862089,0.29606601176865865,3.95,584.0950470852048,4.286665708887876,1.138000000000001,0.022925970050870367,1.138000000000001,0.0,0.022917651,3.95
3.7836467266903937,0.298206818521076,3.95,584.9568678711661,4.285295144236506,1.1390000000000011,0.02292597002540147,1.139000000000001,0.0,0.022917651,3.95
3.7837465710833458,0.30034967913199745,3.95,585.8126714185555,4.283929547902022,1.140000000000001,0.02292597000001444,1.140000000000001,0.0,0.022917651,3.95
3.783848173667072,0.3024945966737609,3.95,586.662448726267,4.282568927316459,1.141000000000001,0.022925969974709418,1.141000000000001,0.0,0.022917651,3.95
3.7839512271979983,0.3046393247381748,3.95,587.507463223964,4.28121429987672,1.142000000000001,0.022925969950933836,1.142000000000001,0.0,0.022917651,3.95
3.7840558149632124,0.3067843807084201,3.95,588.3473449613039,4.279865481443494,1.143000000000001,0.02292596992818322,1.143000000000001,0.0,0.022917651,3.95
3.784162151940021,0.3089312907001284,3.95,589.1812052228798,4.278521805857887,1.144000000000001,0.0229259699054326,1.144000000000001,0.0,0.022917651,3.95
3.7842702407297146,0.31108005747045386,3.95,590.0090350540263,4.277183280767937,1.145000000000001,0.022925969882681987,1.145000000000001,0.0,0.022917651,3.95
3.784380020009576,0.31323086770895725,3.95,590.8309730608187,4.275849473979842,1.146000000000001,0.022925969859806123,1.146000000000001,0.0,0.022917651,3.95
3.784490890114298,0.3153853751377296,3.95,591.6483959595637,4.274516331175285,1.147000000000001,0.022925969835658287,1.147000000000001,0.0,0.022917651,3.95
3.784603456775345,0.3175417725795631,3.95,592.4599005433734,4.273188084538988,1.148000000000001,0.02292596981145101,1.148000000000001,0.0,0.022917651,3.95
3.784717720168542,0.3197000602303337,3.95,593.2654861988859,4.271864734578377,1.1490000000000007,0.02292596978718429,1.149000000000001,0.0,0.022917651,3.95
3.784833680469742,0.3218602382859464,3.95,594.0651523126553,4.270546281800953,1.150000000000001,0.02292596976285812,1.150000000000001,0.0,0.022917651,3.95
3.7849507516519987,0.32402176577210934,3.95,594.8602429084546,4.269230924800952,1.151000000000001,0.022925969738470598,1.151000000000001,0.0,0.022917651,3.95
3.785068897855674,0.32618458064064865,3.95,595.6508296297219,4.267918582161422,1.152000000000001,0.022925969714022217,1.152000000000001,0.0,0.022917651,3.95
3.7851886805099553,0.328349191482016,3.95,596.4356223125784,4.266610989307625,1.153000000000001,0.022925969689515043,1.153000000000001,0.0,0.022917651,3.95
3.7853100985455637,0.3305155971226977,3.95,597.2146247429333,4.265308143135979,1.154000000000001,0.022925969664949107,1.154000000000001,0.0,0.022917651,3.95
3.785433150894149,0.33268379639020007,3.95,597.9878407033978,4.264010040545609,1.1550000000000011,0.02292596964032445,1.155000000000001,0.0,0.022917651,3.95
3.785556745032212,0.33485689754227416,3.95,598.7563967525814,4.262709201101295,1.156000000000001,0.022925969617043865,1.156000000000001,0.0,0.022917651,3.95
3.785681699746298,0.3370324209943808,3.95,599.5194963640774,4.261411381375173,1.157000000000001,0.022925969594018582,1.157000000000001,0.0,0.022917651,3.95
3.7858082086444944,0.3392097920995125,3.95,600.2769511022324,4.260117930844616,1.1580000000000013,0.0229259695709933,1.158000000000001,0.0,0.022917651,3.95
3.7859362689222316,0.34138900752352697,3.95,601.0287711533772,4.258828841625287,1.1590000000000011,0.022925969547968016,1.159000000000001,0.0,0.022917651,3.95
3.786065556502,0.3435706402536724,3.95,601.7748247712535,4.257542244509816,1.1600000000000013,0.022925969524942733,1.160000000000001,0.0,0.022917651,3.95
3.786190298566241,0.3457648717260705,3.95,602.5127670882154,4.256224868307775,1.1610000000000011,0.02292596950191745,1.161000000000001,0.0,0.022917651,3.95
3.786316295597457,0.3479611305838003,3.95,603.2453583145086,4.2549104845850945,1.162000000000001,0.022925969478892166,1.162000000000001,0.0,0.022917651,3.95
3.7864435414521824,0.35015940690215863,3.95,603.9726246454397,4.2535990786926305,1.1630000000000011,0.02292596945586688,1.163000000000001,0.0,0.022917651,3.95
3.786572030026985,0.3523596908211185,3.95,604.694592105615,4.252290636076694,1.164000000000001,0.022925969432841597,1.164000000000001,0.0,0.022917651,3.95
3.7867017552581403,0.35456197254479876,3.95,605.4112865503275,4.250985142278284,1.165000000000001,0.02292596940981631,1.165000000000001,0.0,0.022917651,3.95
3.786826088128078,0.3566895867224128,3.95,606.1357308991886,4.249732744535361,1.166000000000001,0.02292596938679103,1.166000000000001,0.0,0.022917651,3.95
3.786950510692098,0.35880437226974105,3.95,606.8567767436734,4.248493533823782,1.167000000000001,0.022925969363765744,1.167000000000001,0.0,0.022917651,3.95
3.787076099265406,0.36091865286442504,3.95,607.5722796056319,4.247259492056773,1.1680000000000013,0.02292596934074046,1.168000000000001,0.0,0.022917651,3.95
3.7872028547752055,0.36303242810492686,3.95,608.282235077299,4.246030623344663,1.169000000000001,0.022925969317715178,1.169000000000001,0.0,0.022917651,3.95
3.7873342261568252,0.36516337620760786,3.95,608.9853262112811,4.244803045675624,1.170000000000001,0.02292596929367397,1.170000000000001,0.0,0.022917651,3.95
3.7874768494022857,0.36734573602075965,3.95,609.6791924294175,4.243569065080534,1.1710000000000012,0.022925969266649786,1.171000000000001,0.0,0.022917651,3.95
3.7876209396578875,0.3695294752306729,3.95,610.3676638864574,4.242339573155411,1.172000000000001,0.022925969239518153,1.172000000000001,0.0,0.022917651,3.95
3.787766494316622,0.3717145913860353,3.95,611.0507501693742,4.241114561923491,1.173000000000001,0.02292596921227926,1.173000000000001,0.0,0.022917651,3.95
3.787913510777654,0.37390108204134115,3.95,611.7284608424384,4.239894023426893,1.174000000000001,0.02292596918493331,1.174000000000001,0.0,0.022917651,3.95
3.7880613533258822,0.3760874996352741,3.95,612.4027113354128,4.238676862426425,1.175000000000001,0.02292596915896348,1.175000000000001,0.0,0.022917651,3.95
3.788209460975302,0.37827256294127315,3.95,613.0751817967654,4.237462116241317,1.176000000000001,0.02292596913566353,1.176000000000001,0.0,0.022917651,3.95
3.7883589677468996,0.3804588623937462,3.95,613.7424555617959,4.236251730405737,1.1770000000000012,0.02292596911236358,1.177000000000001,0.0,0.022917651,3.95
3.78850987068024,0.382646395377103,3.95,614.4045436263158,4.2350456956935165,1.178000000000001,0.02292596908906363,1.178000000000001,0.0,0.022917651,3.95
3.788662166823233,0.3848351592831254,3.95,615.0614569551362,4.233844002904503,1.1790000000000012,0.02292596906576368,1.179000000000001,0.0,0.022917651,3.95
3.7888155344073238,0.38702400338641463,3.95,615.7149225904473,4.232646515109425,1.180000000000001,0.02292596904246373,1.180000000000001,0.0,0.022917651,3.95
3.788969715960341,0.38921200751814183,3.95,616.3662997629943,4.23145312210814,1.181000000000001,0.02292596901916378,1.181000000000001,0.0,0.022917651,3.95
3.789125254989812,0.39140113709933794,3.95,617.0126476257452,4.23026403349714,1.182000000000001,0.022925968995863827,1.182000000000001,0.0,0.022917651,3.95
3.7892821483245136,0.39359138950082156,3.95,617.6539779277504,4.229079239220872,1.183000000000001,0.02292596897256388,1.183000000000001,0.0,0.022917651,3.95
3.789440392803095,0.3957827621015964,3.95,618.2903023814928,4.227898729255076,1.184000000000001,0.022925968949263926,1.184000000000001,0.0,0.022917651,3.95
3.7895994121472305,0.39797546347437374,3.95,618.9232900568446,4.226719989409282,1.185000000000001,0.02292596892596398,1.185000000000001,0.0,0.022917651,3.95
3.7897583660092558,0.4001697695669828,3.95,619.5553771992625,4.225539381710206,1.1860000000000008,0.02292596890266403,1.186000000000001,0.0,0.022917651,3.95
3.789918595298576,0.402365165516104,3.95,620.1826911290585,4.224362785898202,1.1870000000000012,0.022925968879364076,1.187000000000001,0.0,0.022917651,3.95
3.790080096187402,0.4045616480508816,3.95,620.8052461715088,4.223190189932864,1.188000000000001,0.022925968856064127,1.188000000000001,0.0,0.022917651,3.95
3.7902428648632487,0.40675921391353315,3.95,621.4230565946224,4.222021581821929,1.189000000000001,0.02292596883276418,1.189000000000001,0.0,0.022917651,3.95
3.790405762033573,0.40895769787022695,3.95,622.0365953335371,4.220852569954547,1.190000000000001,0.022925968809464226,1.190000000000001,0.0,0.022917651,3.95
3.7905526791964723,0.41115481427842826,3.95,622.652257088043,4.219621010524504,1.191000000000001,0.022925968786164277,1.191000000000001,0.0,0.022917651,3.95
3.7907005333534314,0.413352988023207,3.95,623.2631053449574,4.218392141749396,1.1920000000000013,0.02292596876286433,1.192000000000001,0.0,0.022917651,3.95
3.790849323101225,0.4155522175211154,3.95,623.8691473128802,4.217165959599749,1.1930000000000012,0.022925968739564376,1.193000000000001,0.0,0.022917651,3.95
3.7909990470394304,0.4177525011918678,3.95,624.4703901860258,4.215942460054133,1.194000000000001,0.022925968716264428,1.194000000000001,0.0,0.022917651,3.95
3.791149949359561,0.4199528405460535,3.95,625.0667833933276,4.2147236183000825,1.1950000000000012,0.022925968692962446,1.195000000000001,0.0,0.022917651,3.95
3.7913115763759113,0.42211451179156506,3.95,625.6560764984007,4.213586340755661,1.196000000000001,0.022925968669597317,1.196000000000001,0.0,0.022917651,3.95
3.7914743523363694,0.42427641106693675,3.95,626.2405162350925,4.2124534309296315,1.197000000000001,0.022925968646265026,1.197000000000001,0.0,0.022917651,3.95
3.7916382755412243,0.4264385380348293,3.95,626.8201097833264,4.2113248823605245,1.198000000000001,0.022925968622965528,1.198000000000001,0.0,0.022917651,3.95
3.7918033442941153,0.42860089235856647,3.95,627.3948643088701,4.210200688599614,1.199000000000001,0.022925968599698778,1.199000000000001,0.0,0.022917651,3.95
3.791969556902022,0.4307634737021371,3.95,627.9647869633712,4.209080843210876,1.200000000000001,0.022925968576464725,1.200000000000001,0.0,0.022917651,3.95
3.79197973779696,0.4326086495968695,3.95,628.7724520538832,4.207624011965119,1.201000000000001,0.022925968557010106,1.201000000000001,0.0,0.022917651,3.95
3.791988950765261,0.43445317563336905,3.95,629.5832153009911,4.206163958889315,1.202000000000001,0.022925968537555488,1.202000000000001,0.0,0.022917651,3.95
3.7919971856394694,0.4362970449852861,3.95,630.3971092488654,4.204700650140181,1.203000000000001,0.022925968518100873,1.203000000000001,0.0,0.022917651,3.95
3.7920044321092257,0.4381402507303283,3.95,631.2141668990859,4.203234051398766,1.2040000000000013,0.022925968498646254,1.204000000000001,0.0,0.022917651,3.95
3.792013473619582,0.4399713965064858,3.95,632.0337404997518,4.201786691991972,1.2050000000000012,0.022925968479191636,1.205000000000001,0.0,0.022917651,3.95
3.7920292839961505,0.44177005806816305,3.95,632.8546421486858,4.200398889957151,1.206000000000001,0.02292596845973702,1.206000000000001,0.0,0.022917651,3.95
3.7920438980521727,0.44356859405845583,3.95,633.6788428859581,4.1990064281926145,1.207000000000001,0.022925968440282406,1.207000000000001,0.0,0.022917651,3.95
3.7920573024401114,0.44536700307634514,3.95,634.5063795200205,4.197609254709021,1.2080000000000013,0.022925968420827794,1.208000000000001,0.0,0.022917651,3.95
3.7920694836131252,0.4471652836998907,3.95,635.337289408938,4.1962073167407326,1.2090000000000012,0.022925968401373172,1.209000000000001,0.0,0.022917651,3.95
3.7920675274460294,0.44896159675449904,3.95,636.1753528604602,4.194750800495263,1.2100000000000013,0.022925968381918554,1.210000000000001,0.0,0.022917651,3.95
3.7920575534294825,0.4507567855724179,3.95,637.0186630748138,4.193263338974425,1.211000000000001,0.022925968362463935,1.211000000000001,0.0,0.022917651,3.95
3.7920465964728534,0.4525518463393828,3.95,637.8651815641238,4.1917720737099335,1.2120000000000013,0.022925968343009317,1.212000000000001,0.0,0.022917651,3.95
3.7920346435350902,0.4543467773564904,3.95,638.7149508938376,4.190276954236024,1.213000000000001,0.022925968323554702,1.213000000000001,0.0,0.022917651,3.95
3.7920216813434187,0.45614157689465257,3.95,639.5680143857242,4.188777929190231,1.2140000000000013,0.022925968304100083,1.214000000000001,0.0,0.022917651,3.95
3.7920049965489127,0.45793633626628616,3.95,640.4324486820746,4.187264053143003,1.2150000000000007,0.022925968284645465,1.215000000000001,0.0,0.022917651,3.95
3.7919872732611806,0.45973089213026264,3.95,641.3002931682767,4.185746226642043,1.2160000000000013,0.02292596826519085,1.216000000000001,0.0,0.022917651,3.95
3.791968499410255,0.4615252417369902,3.95,642.1715879736752,4.184224404157661,1.2170000000000007,0.022925968245736235,1.217000000000001,0.0,0.022917651,3.95
3.7919486611253945,0.4633193823632246,3.95,643.0463786533492,4.182698532930293,1.2180000000000013,0.022925968226281616,1.218000000000001,0.0,0.022917651,3.95
3.7919268819421554,0.4651104186253974,3.95,643.9288603165743,4.181168000809819,1.219000000000001,0.022925968206827,1.219000000000001,0.0,0.022917651,3.95
3.7919035147535083,0.4668996049756141,3.95,644.8172806355662,4.179632965636696,1.2200000000000013,0.022925968187372386,1.220000000000001,0.0,0.022917651,3.95
3.7918790322549647,0.46868857908859374,3.95,645.7093355033137,4.178093681467128,1.2210000000000008,0.022925968167917768,1.221000000000001,0.0,0.022917651,3.95
3.7918534194759403,0.4704773381155183,3.95,646.605073705652,4.176550091267672,1.2220000000000013,0.02292596814846315,1.222000000000001,0.0,0.022917651,3.95
3.791825376111176,0.47226299016358664,3.95,647.508500477916,4.174999886163385,1.223000000000001,0.022925968131527183,1.223000000000001,0.0,0.022917651,3.95
3.7917947852525793,0.47404531040751247,3.95,648.420004367031,4.173442823459112,1.2240000000000013,0.0229259681172632,1.224000000000001,0.0,0.022917651,3.95
3.791763032562714,0.47582744845659847,3.95,649.3353324889181,4.171881295729616,1.225000000000001,0.022925968102908045,1.225000000000001,0.0,0.022917651,3.95
3.7917301023251335,0.4776094018462403,3.95,650.2545365751376,4.170315242575141,1.2260000000000013,0.02292596808846048,1.226000000000001,0.0,0.022917651,3.95
3.7917038835958707,0.47943526700346806,3.95,651.1805637739305,4.168732123707753,1.227000000000001,0.022925968071240727,1.227000000000001,0.0,0.022917651,3.95
3.7916835330121503,0.48130033131789973,3.95,652.1135884909119,4.167133278079399,1.2280000000000013,0.02292596805151144,1.228000000000001,0.0,0.022917651,3.95
3.7916616114847725,0.4831631381124837,3.95,653.0510765214466,4.165530406021107,1.2290000000000008,0.022925968031782155,1.229000000000001,0.0,0.022917651,3.95
3.7916381018132013,0.4850236626692443,3.95,653.9930767351292,4.1639234634467925,1.2300000000000009,0.02292596801205287,1.230000000000001,0.0,0.022917651,3.95
3.7916091483120984,0.48677579108257535,3.95,654.9361265608676,4.162403141784945,1.231000000000001,0.02292596799232359,1.231000000000001,0.0,0.022917651,3.95
3.7915785049544697,0.48851926362283404,3.95,655.8830697677733,4.1608847166849445,1.232000000000001,0.022925967972594302,1.232000000000001,0.0,0.022917651,3.95
3.7915464778718326,0.4902629753580414,3.95,656.8342477869803,4.1593605175952755,1.233000000000001,0.02292596795286502,1.233000000000001,0.0,0.022917651,3.95
3.7915130444485223,0.49200693019761177,3.95,657.7897298324584,4.1578304501455765,1.2340000000000009,0.022925967933135737,1.234000000000001,0.0,0.022917651,3.95
3.791465522488548,0.4937649207431932,3.95,658.764755956554,4.156229992277504,1.235000000000001,0.022925967913406453,1.235000000000001,0.0,0.022917651,3.95
3.791415196594032,0.4955246802218349,3.95,659.7465079073652,4.154616549758935,1.236000000000001,0.022925967893677172,1.236000000000001,0.0,0.022917651,3.95
3.7913634831942478,0.49728464904888503,3.95,660.7333743260943,4.152997347968672,1.237000000000001,0.022925967873947885,1.237000000000001,0.0,0.022917651,3.95
3.7913086593515453,0.499042297781843,3.95,661.7285420812707,4.151368023456236,1.2380000000000009,0.022925967855167952,1.238000000000001,0.0,0.022917651,3.95
3.791249503544039,0.5007953441982737,3.95,662.734282811076,4.149725971379977,1.239000000000001,0.022925967837961036,1.239000000000001,0.0,0.022917651,3.95
3.791188882847464,0.5025478504508686,3.95,663.7453963362021,4.148078599750659,1.240000000000001,0.0229259678206947,1.240000000000001,0.0,0.022917651,3.95
3.791126568675307,0.5042995859339219,3.95,664.7625744797404,4.14642522533401,1.2410000000000012,0.022925967803454895,1.241000000000001,0.0,0.022917651,3.95
3.791059803913458,0.5060476219160842,3.95,665.7940613513681,4.144757755276822,1.2420000000000009,0.022925967787435404,1.242000000000001,0.0,0.022917651,3.95
3.7909915574626813,0.5077951759132218,3.95,666.8311364687319,4.143084840494864,1.243000000000001,0.022925967771430328,1.243000000000001,0.0,0.022917651,3.95
3.790921808747469,0.5095422412322392,3.95,667.8738774331338,4.141406405379839,1.244000000000001,0.022925967755439862,1.244000000000001,0.0,0.022917651,3.95
3.790846350144746,0.5112880556122504,3.95,668.934688902395,4.1397063758363535,1.2450000000000012,0.022925967738240804,1.245000000000001,0.0,0.022917651,3.95
3.7907689934306283,0.5130331740572527,3.95,670.0024236109138,4.137999449258274,1.2460000000000009,0.02292596772106995,1.246000000000001,0.0,0.022917651,3.95
3.790690079673966,0.514777648069618,3.95,671.0760974105644,4.136286938921347,1.247000000000001,0.022925967704039475,1.247000000000001,0.0,0.022917651,3.95
3.7906084461648017,0.5165124979034841,3.95,672.1602455800909,4.134573181028627,1.248000000000001,0.02292596768439243,1.248000000000001,0.0,0.022917651,3.95
3.7905251832743234,0.5182465812025534,3.95,673.2506681463975,4.132853672529069,1.2490000000000012,0.02292596766466315,1.249000000000001,0.0,0.022917651,3.95
3.7904400116009875,0.5199795198007426,3.95,674.3480546294189,4.131127672847265,1.250000000000001,0.022925967644933865,1.250000000000001,0.0,0.022917651,3.95
3.7903506759900853,0.521706330459143,3.95,675.4582054400769,4.12939113739913,1.251000000000001,0.02292596762520458,1.251000000000001,0.0,0.022917651,3.95
3.790259723886409,0.5234326653027663,3.95,676.5747361203137,4.127648611704466,1.2520000000000011,0.0229259676054753,1.2520000000000011,0.0,0.022917651,3.95
3.79016649758921,0.5251564608827632,3.95,677.7005533822442,4.125899529820753,1.2530000000000012,0.022925967587323105,1.253000000000001,0.0,0.022917651,3.95
3.790070335903549,0.5268755492458598,3.95,678.8386044205473,4.124143416364439,1.2540000000000011,0.02292596757225216,1.2540000000000011,0.0,0.022917651,3.95
3.7899725082153486,0.5285940524957305,3.95,679.9832608825238,4.122381223917715,1.255000000000001,0.022925967557017864,1.255000000000001,0.0,0.022917651,3.95
3.789869556260453,0.5303090507145564,3.95,681.1366653009388,4.120602040582609,1.2560000000000011,0.022925967538643496,1.2560000000000011,0.0,0.022917651,3.95
3.7897628993155457,0.5320219277201063,3.95,682.2978639685007,4.1188101591979525,1.2570000000000012,0.022925967518639546,1.257000000000001,0.0,0.022917651,3.95
3.789654387942941,0.5337331914745546,3.95,683.4665170605399,4.117012473233987,1.2580000000000013,0.022925967499138878,1.2580000000000011,0.0,0.022917651,3.95
3.78954437367947,0.5354354631345017,3.95,684.6475994081936,4.115217766466154,1.259000000000001,0.022925967483609984,1.259000000000001,0.0,0.022917651,3.95
3.789432307226369,0.5371374195117385,3.95,685.8356573298712,4.1134151663293,1.2600000000000011,0.022925967467908395,1.2600000000000011,0.0,0.022917651,3.95
3.7893153762363814,0.5388380108924493,3.95,687.0372480272689,4.111594471078933,1.2610000000000012,0.022925967449335748,1.261000000000001,0.0,0.022917651,3.95
3.78919466639903,0.540537473115368,3.95,688.250017191026,4.109759788146684,1.2620000000000011,0.02292596742905713,1.2620000000000011,0.0,0.022917651,3.95
3.7890713476071913,0.542235341627779,3.95,689.472028343309,4.107916262946082,1.263000000000001,0.02292596740916122,1.263000000000001,0.0,0.022917651,3.95
3.7889442757243144,0.5439293671429074,3.95,690.7074446112673,4.1060615686461555,1.2640000000000011,0.022925967390402858,1.2640000000000011,0.0,0.022917651,3.95
3.7888150872221535,0.545622829465915,3.95,691.9503137099152,4.104198971276024,1.2650000000000012,0.02292596737157418,1.265000000000001,0.0,0.022917651,3.95
3.788681986102653,0.5473215546714185,3.95,693.2242856451403,4.1023154599237355,1.2660000000000011,0.022925967353828725,1.2660000000000011,0.0,0.022917651,3.95
3.788546634176417,0.5490204922851779,3.95,694.5077825740036,4.1004227327996885,1.2670000000000012,0.022925967336012605,1.267000000000001,0.0,0.022917651,3.95
3.7884068262789685,0.5507029749328606,3.95,695.8128521971236,4.098528642419779,1.2680000000000011,0.022925967325441596,1.2680000000000011,0.0,0.022917651,3.95
3.788263906934696,0.5523787478951466,3.95,697.1316742083568,4.096628818117274,1.2690000000000012,0.02292596731768888,1.269000000000001,0.0,0.022917651,3.95
3.788117976712265,0.5540513328664981,3.95,698.4645758880085,4.094720133302484,1.2700000000000011,0.022925967302795648,1.2700000000000011,0.0,0.022917651,3.95
3.787969234754515,0.5557214343443169,3.95,699.8102525217635,4.09280268120573,1.2710000000000012,0.022925967282670823,1.271000000000001,0.0,0.022917651,3.95
3.7878174838685656,0.5573883423630167,3.95,701.1689508409446,4.0908763904367635,1.2720000000000011,0.02292596726392473,1.2720000000000011,0.0,0.022917651,3.95
3.7876626726103644,0.5590519112507221,3.95,702.5409487641218,4.088941201393598,1.273000000000001,0.02292596724649809,1.273000000000001,0.0,0.022917651,3.95
3.7875048546601637,0.5607128629536865,3.95,703.9260287059095,4.086996601142577,1.2740000000000014,0.022925967229054583,1.2740000000000011,0.0,0.022917651,3.95
3.787343861004379,0.5623707954349865,3.95,705.3251476470232,4.085042315099461,1.2750000000000012,0.022925967211615512,1.275000000000001,0.0,0.022917651,3.95
3.787180216913721,0.5640258274597871,3.95,706.7366512375509,4.083080328094309,1.2760000000000011,0.022925967192570458,1.2760000000000011,0.0,0.022917651,3.95
3.787013844324999,0.5656775536080165,3.95,708.1611996893013,4.081110733639316,1.2770000000000008,0.022925967171822208,1.277000000000001,0.0,0.022917651,3.95
3.786847376608404,0.5673267191248942,3.95,709.5972189136805,4.079143319811472,1.2780000000000014,0.02292596715873508,1.2780000000000011,0.0,0.022917651,3.95
3.7866804041184507,0.5689733239922221,3.95,711.0448562979932,4.077176447732361,1.279000000000001,0.02292596715309828,1.279000000000001,0.0,0.022917651,3.95
3.7865066632646562,0.5706136340433837,3.95,712.5107835514508,4.0751887968239195,1.2800000000000011,0.022925967141003187,1.2800000000000011,0.0,0.022917651,3.95
3.78632732944817,0.5722493655025028,3.95,713.9931667896745,4.0731833523975,1.281000000000001,0.022925967123544787,1.281000000000001,0.0,0.022917651,3.95
3.7861391972882834,0.5738859943909722,3.95,715.4931326190994,4.071141808979904,1.2820000000000011,0.02292596710309109,1.2820000000000011,0.0,0.022917651,3.95
3.7859459068499817,0.5755224839764762,3.95,717.0065899946096,4.069079768436704,1.283000000000001,0.022925967081483898,1.283000000000001,0.0,0.022917651,3.95
3.785745839765585,0.5771546821532022,3.95,718.5354435705683,4.066994929639697,1.2840000000000011,0.022925967076861977,1.2840000000000011,0.0,0.022917651,3.95
3.7855421538373237,0.5787875597539797,3.95,720.0859145356484,4.064894934931842,1.285000000000001,0.022925967069469148,1.285000000000001,0.0,0.022917651,3.95
3.785333640541419,0.5804247540201376,3.95,721.6807379547912,4.062771307152681,1.2860000000000011,0.022925967050479737,1.2860000000000011,0.0,0.022917651,3.95
3.785121147775408,0.5820513668165022,3.95,723.3016351206279,4.060642343779668,1.2870000000000013,0.022925967030776744,1.287000000000001,0.0,0.022917651,3.95
3.7849049605240626,0.5836701239355118,3.95,724.9450217827116,4.0585064587674005,1.2880000000000011,0.022925967010514983,1.2880000000000011,0.0,0.022917651,3.95
3.7846860556877058,0.5852877887149834,3.95,726.6083710536252,4.056360800590461,1.289000000000001,0.0229259670046942,1.289000000000001,0.0,0.022917651,3.95
3.7844641972815833,0.586904880951204,3.95,728.2877329725819,4.054203896893775,1.2900000000000011,0.022925966999453175,1.2900000000000011,0.0,0.022917651,3.95
3.7842393579991462,0.5885216652952753,3.95,729.984778742162,4.052035370319081,1.2910000000000008,0.022925966993723863,1.291000000000001,0.0,0.022917651,3.95
3.784012246952238,0.5901380336193237,3.95,731.7000452176607,4.04985817160307,1.2920000000000011,0.022925966978229538,1.2920000000000011,0.0,0.022917651,3.95
3.783782407603578,0.5917543624839112,3.95,733.4320133511587,4.047670102218339,1.293000000000001,0.022925966963215933,1.293000000000001,0.0,0.022917651,3.95
3.7835499222207942,0.5933718729222446,3.95,735.1831659837595,4.045470277026174,1.2940000000000011,0.022925966957812047,1.2940000000000011,0.0,0.022917651,3.95
3.7833148489119783,0.5949921597257256,3.95,736.9576969604801,4.043257326904586,1.295000000000001,0.02292596694168741,1.295000000000001,0.0,0.022917651,3.95
3.7830774140287526,0.5966142884357999,3.95,738.7507342081886,4.041033086784926,1.2960000000000012,0.02292596692340016,1.2960000000000012,0.0,0.022917651,3.95
3.782838427398381,0.5982407430755656,3.95,740.5620776457318,4.038798300924493,1.297000000000001,0.022925966918047293,1.297000000000001,0.0,0.022917651,3.95
3.782599792812089,0.5998744702353201,3.95,742.4143244297438,4.03655765430128,1.2980000000000012,0.022925966912311715,1.2980000000000012,0.0,0.022917651,3.95
3.7823594356470696,0.6015111167063496,3.95,744.3020018324999,4.034307199950044,1.299000000000001,0.022925966906323505,1.299000000000001,0.0,0.022917651,3.95
3.7821142546030657,0.6031436957846535,3.95,746.2474864891932,4.032041519155717,1.3000000000000012,0.022925966900163488,1.3000000000000012,0.0,0.022917651,3.95
3.7819458084418036,0.6046436397685497,3.95,747.791220307018,4.030189640063339,1.301000000000001,0.022925966929797186,1.301000000000001,0.0,0.022917651,3.95
3.7817765318938688,0.6061502586892439,3.95,749.3426023740016,4.028327765342398,1.3020000000000012,0.022925966958713476,1.3020000000000012,0.0,0.022917651,3.95
3.7816007283071986,0.6076619576431136,3.95,750.9034483123656,4.026434691735413,1.3030000000000013,0.0229259669898813,1.303000000000001,0.0,0.022917651,3.95
3.781421402440639,0.6091759787461213,3.95,752.4725883686725,4.024525202659745,1.3040000000000014,0.022925967022074435,1.3040000000000012,0.0,0.022917651,3.95
3.7812431954018333,0.6107082951447165,3.95,754.0563049434563,4.022601910764655,1.305000000000001,0.022925967052414876,1.305000000000001,0.0,0.022917651,3.95
3.7810641452809066,0.6122445223679156,3.95,755.6487878552904,4.020671337923228,1.3060000000000012,0.022925967082253317,1.3060000000000012,0.0,0.022917651,3.95
3.7808889996384054,0.6138048372226922,3.95,757.2547827512391,4.018732285494939,1.307000000000001,0.0229259671115979,1.307000000000001,0.0,0.022917651,3.95
3.780713324431506,0.6153699480016532,3.95,758.8690347984117,4.016786319356144,1.3080000000000014,0.022925967142852298,1.3080000000000012,0.0,0.022917651,3.95
3.7805401048692135,0.616955086089711,3.95,760.4937128418861,4.01483015068531,1.309000000000001,0.022925967183555416,1.309000000000001,0.0,0.022917651,3.95
3.780367717236042,0.6185554361430471,3.95,762.1422779302885,4.012862098724848,1.3100000000000014,0.02292596722106415,1.3100000000000012,0.0,0.022917651,3.95
3.7801989342742313,0.6201881754509984,3.95,763.8336412370262,4.010876078204564,1.3110000000000013,0.022925967251611588,1.311000000000001,0.0,0.022917651,3.95
3.7800327867375074,0.6218418135169486,3.95,765.5434308696664,4.008879694112598,1.3120000000000012,0.022925967280662207,1.3120000000000012,0.0,0.022917651,3.95
3.7798708245019186,0.6235239044059022,3.95,767.2760760316634,4.006871589795022,1.313000000000001,0.02292596730780699,1.313000000000001,0.0,0.022917651,3.95
3.7797138220943958,0.6252383815218322,3.95,769.0237089257952,4.004850945287317,1.3140000000000014,0.022925967334540973,1.3140000000000012,0.0,0.022917651,3.95
3.7795618249269483,0.6269856196561574,3.95,770.7870770275813,4.002817567228013,1.315000000000001,0.022925967360868507,1.315000000000001,0.0,0.022917651,3.95
3.7794163045307174,0.6287789209766496,3.95,772.5679328102799,4.000764036359115,1.3160000000000014,0.02292596738682091,1.3160000000000012,0.0,0.022917651,3.95
3.779276280023116,0.6306128493732618,3.95,774.3656396391779,3.998691864950909,1.317000000000001,0.022925967412421356,1.317000000000001,0.0,0.022917651,3.95
3.7791464844370917,0.6325142026402546,3.95,776.1920185372283,3.9965931799269447,1.3180000000000014,0.022925967431623492,1.3180000000000012,0.0,0.022917651,3.95
3.779025115847265,0.6344727764541708,3.95,778.0439090679071,3.99447097860118,1.319000000000001,0.02292596744559572,1.319000000000001,0.0,0.022917651,3.95
3.7789190048920434,0.6365247931015883,3.95,779.9467905391294,3.9923163599822376,1.3200000000000014,0.02292596745956202,1.3200000000000012,0.0,0.022917651,3.95
3.7788261287905085,0.6386590115838869,3.95,781.8945673522948,3.9901324744422224,1.3210000000000013,0.02292596747352331,1.321000000000001,0.0,0.022917651,3.95
3.7787537726448557,0.6409116900957581,3.95,783.8698812648977,3.987912215843587,1.3220000000000012,0.022925967487484593,1.3220000000000012,0.0,0.022917651,3.95
3.778698720642733,0.6432655359761403,3.95,785.8708351775185,3.985660012735006,1.323000000000001,0.022925967501445873,1.323000000000001,0.0,0.022917651,3.95
3.7786762926419564,0.64579912122573,3.95,787.9116283801621,3.983358560498058,1.3240000000000014,0.02292596751540716,1.3240000000000012,0.0,0.022917651,3.95
3.7786720835078955,0.6484366429022452,3.95,789.9869537019838,3.981026045096818,1.325000000000001,0.022925967529368443,1.325000000000001,0.0,0.022917651,3.95
3.7787312471544827,0.651414483818933,3.95,792.3136878838282,3.978606718242331,1.3260000000000012,0.022925967543329727,1.3260000000000012,0.0,0.022917651,3.95
3.7788435620531255,0.6546520375937313,3.95,794.8981529809298,3.976140266568368,1.327000000000001,0.022925967557291014,1.327000000000001,0.0,0.022917651,3.95
3.779027282371659,0.658247130031613,3.95,797.7981212456895,3.9736019049599633,1.3280000000000012,0.022925967571252294,1.3280000000000012,0.0,0.022917651,3.95
3.7793045569179613,0.6623082721161276,3.95,801.0969732951994,3.9709716966126094,1.329000000000001,0.022925967585213574,1.329000000000001,0.0,0.022917651,3.95
3.7797114303684776,0.6670073173633333,3.95,804.9275464672386,3.968221994414659,1.330000000000001,0.022925967599174858,1.3300000000000012,0.0,0.022917651,3.95
3.7803119205729008,0.6726815157715271,3.95,809.5356533694121,3.965271615876513,1.331000000000001,0.022925967613136145,1.331000000000001,0.0,0.022917651,3.95
3.78118149741647,0.6797222665672907,3.95,815.2556742253387,3.9620310175477935,1.3320000000000014,0.022925967627097428,1.3320000000000012,0.0,0.022917651,3.95
3.7824424882762573,0.6889328560520649,3.95,822.6603551224393,3.958186235997254,1.3330000000000013,0.02292596764105871,1.333000000000001,0.0,0.022917651,3.95
3.7844989676912935,0.7022860400586836,3.95,833.3019244544664,3.953380808019021,1.3340000000000012,0.022925967655019995,1.3340000000000012,0.0,0.022917651,3.95
3.7883186903093495,0.7260351781379798,3.95,851.8645463461763,3.9452324032110875,1.335000000000001,0.02292596766898128,1.335000000000001,0.0,0.022917651,3.95
3.7962959869375745,0.7964536411211252,3.95,877.375585945245,3.907044988705931,1.3360000000000014,0.022925967682942566,1.3360000000000012,0.0,0.022917651,3.95
3.7866047758807384,0.8003712953877604,3.95,882.2917136508078,3.8646843315967745,1.337000000000001,0.022925967696903846,1.337000000000001,0.0,0.022917651,3.95
3.783251305196913,0.8030631223190298,3.95,887.0310609861027,3.8489004727175087,1.3380000000000014,0.022925967710865133,1.3380000000000012,0.0,0.022917651,3.95
3.780805584672482,0.804643147584228,3.95,891.8640836109578,3.8378594131306816,1.3390000000000009,0.022925967742992753,1.339000000000001,0.0,0.022917651,3.95
3.778472751720621,0.8055419719727984,3.95,896.8094956948902,3.8279511074815282,1.3400000000000012,0.02292596790845142,1.3400000000000012,0.0,0.022917651,3.95
3.776120678528448,0.8057521264509668,3.95,901.8700244301806,3.8186544956819586,1.341000000000001,0.022925968333797783,1.341000000000001,0.0,0.022917651,3.95
3.77358094971216,0.8052212282241511,3.95,907.0009436970486,3.8093483313521923,1.3420000000000014,0.022925969194274344,1.3420000000000012,0.0,0.022917651,3.95
3.7707908288245844,0.8036923148532583,3.95,912.1666239182936,3.8000386187572928,1.343000000000001,0.022925970942822525,1.343000000000001,0.0,0.022917651,3.95
3.76763234798797,0.8008141520557344,3.95,917.3413276686725,3.7906046858064992,1.3440000000000012,0.02292597591529652,1.3440000000000012,0.0,0.022917651,3.95
3.764006101189957,0.7960405837882403,3.95,922.4801503939993,3.781195119276717,1.345000000000001,0.022925985237744785,1.345000000000001,0.0,0.022917651,3.95
3.7598628523077147,0.7889212590491067,3.95,927.5558905918391,3.7720632902384343,1.3460000000000012,0.02292601182948712,1.3460000000000012,0.0,0.022917651,3.95
3.755148554341645,0.7788505884496616,3.95,932.5271945549916,3.763598627779486,1.347000000000001,0.022926089742681923,1.347000000000001,0.0,0.022917651,3.95
3.7498893213398996,0.7655712234903027,3.95,937.3504780159552,3.756162904436748,1.3480000000000012,0.022926325168527766,1.3480000000000012,0.0,0.022917651,3.95
3.7441820217625414,0.7492512564353117,3.95,941.9704991516998,3.749975510379154,1.349000000000001,0.022927147256302842,1.349000000000001,0.0,0.022917651,3.95
3.738315276806221,0.7312689691947337,3.95,946.3337503165618,3.744812676636648,1.3500000000000012,0.0229301926596212,1.3500000000000012,0.0,0.022917651,3.95
3.7325873328910615,0.7137276403938937,3.95,950.4409051304598,3.7397640750946266,1.3510000000000013,0.022940623180443907,1.351000000000001,0.0,0.022917651,3.95
3.7271019833360772,0.6980170893008985,3.95,954.3822144514326,3.733855075484994,1.3520000000000014,0.02296295434940342,1.3520000000000012,0.0,0.022917651,3.95
3.722063825244237,0.685286867482098,3.95,958.2131316071569,3.726754499217392,1.3530000000000013,0.022997146044807314,1.353000000000001,0.0,0.022917651,3.95
3.7176230741599876,0.6764711412792463,3.95,961.9494782640162,3.718129082839184,1.3540000000000014,0.02304530819246015,1.3540000000000012,0.0,0.022917651,3.95
3.7137924391051165,0.6717003777145645,3.95,965.6166184183136,3.7078991490523343,1.355000000000001,0.023108530738513045,1.355000000000001,0.0,0.022917651,3.95
3.7104172552722376,0.6704383887912991,3.95,969.2649789009699,3.6959822523957753,1.3560000000000012,0.023193993228613548,1.3560000000000012,0.0,0.022917651,3.95
3.7073923275346012,0.6723554719160129,3.95,972.9485913816095,3.682287288251359,1.3570000000000009,0.023307868076198498,1.357000000000001,0.0,0.022917651,3.95
3.704619491727763,0.6770577941579254,3.95,976.7174812353685,3.6668154792885734,1.3580000000000014,0.02344927062448311,1.3580000000000012,0.0,0.022917651,3.95
3.7020805427599623,0.6846996572879095,3.95,980.6129848310775,3.649339664469119,1.3590000000000013,0.02362931448280202,1.359000000000001,0.0,0.022917651,3.95
3.699807084628742,0.69521690851427,3.95,984.6545424270793,3.6300504345747298,1.3600000000000012,0.023847569454822796,1.3600000000000012,0.0,0.022917651,3.95
3.6978382100124905,0.7082507151478479,3.95,988.8575066404514,3.6094629883908538,1.361000000000001,0.024098284685002105,1.361000000000001,0.0,0.022917651,3.95
3.696207439124088,0.7231924911239481,3.95,993.2548518246391,3.588319960888101,1.3620000000000014,0.024397579469007138,1.3620000000000012,0.0,0.022917651,3.95
3.6948878756441017,0.7391626410510158,3.95,997.8611011766594,3.5673934072127946,1.3630000000000013,0.024733205101007526,1.363000000000001,0.0,0.022917651,3.95
3.6937868559835514,0.7554536796907397,3.95,1002.6983991543224,3.5470201320034063,1.3640000000000012,0.02508696302154812,1.3640000000000012,0.0,0.022917651,3.95
3.692836605013019,0.7721488855202053,3.95,1007.7788089111637,3.526845766344487,1.365000000000001,0.025437699136317757,1.365000000000001,0.0,0.022917651,3.95
3.6918268948905677,0.7906482200669946,3.95,1013.1011378920425,3.5046294334326222,1.3660000000000012,0.025912752171425902,1.3660000000000012,0.0,0.022917651,3.95
3.690738221942271,0.8119987197588258,3.95,1018.7217328987634,3.479246097152603,1.367000000000001,0.02651629047434432,1.367000000000001,0.0,0.022917651,3.95
3.6897187905385893,0.8344025854543138,3.95,1024.7100129913865,3.4530863573520056,1.3680000000000012,0.027177302397985863,1.3680000000000012,0.0,0.022917651,3.95
3.6888041251648627,0.8569007851097188,3.95,1031.0993237623793,3.427251338856613,1.3690000000000013,0.02785091135335562,1.369000000000001,0.0,0.022917651,3.95
3.6879188280099267,0.8802283047380326,3.95,1037.910357967254,3.4007044827585258,1.3700000000000014,0.028577278955133987,1.3700000000000012,0.0,0.022917651,3.95
3.6870349589098472,0.9045649686839129,3.95,1045.1934010960358,3.3731541958393354,1.371000000000001,0.0293044647797065,1.371000000000001,0.0,0.022917651,3.95
3.686138353561402,0.9300677858894485,3.95,1052.9869305750105,3.3443867868671355,1.3720000000000014,0.030011440090200153,1.3720000000000012,0.0,0.022917651,3.95
3.6851966523780058,0.9567425569891878,3.95,1061.361302850375,3.314267063417753,1.3730000000000013,0.030705570868201793,1.373000000000001,0.0,0.022917651,3.95
3.684212498564416,0.9848529681247886,3.95,1070.375052809563,3.282541875077213,1.3740000000000012,0.03134761142896498,1.3740000000000012,0.0,0.022917651,3.95
3.6831311130371125,1.0145009506346498,3.95,1080.1054476524264,3.2488901987867362,1.375000000000001,0.03199225441591051,1.375000000000001,0.0,0.022917651,3.95
3.681956064888659,1.045937219892758,3.95,1090.6586706008807,3.2130755785752063,1.3760000000000012,0.03255786335340374,1.3760000000000012,0.0,0.022917651,3.95
3.6806717815796026,1.0794121534034293,3.95,1102.1408458039016,3.1747853704019464,1.3770000000000011,0.03306841283794433,1.3770000000000011,0.0,0.022917651,3.95
3.679232362968695,1.1152964378057242,3.95,1114.733850325672,3.13346525318219,1.3780000000000012,0.033468817498377774,1.3780000000000012,0.0,0.022917651,3.95
3.6776403808103457,1.153981478193572,3.95,1128.6273087362824,3.08873413473749,1.3790000000000011,0.03385308570192662,1.3790000000000011,0.0,0.022917651,3.95
3.67585878020292,1.1958918027754033,3.95,1144.0658137614505,3.0400192572499782,1.3800000000000012,0.03416493338139904,1.3800000000000012,0.0,0.022917651,3.95
3.67383437512851,1.241690082607904,3.95,1161.366547093922,2.986445196706877,1.3810000000000011,0.03438847520974438,1.3810000000000011,0.0,0.022917651,3.95
3.6714820089570575,1.2920957083558888,3.95,1180.9478689905077,2.9269519545822105,1.3820000000000012,0.03456417477529315,1.3820000000000012,0.0,0.022917651,3.95
3.6687289841634447,1.3483441941779704,3.95,1203.627399256682,2.860013232226739,1.3830000000000011,0.03466624836024022,1.3830000000000011,0.0,0.022917651,3.95
3.6655580454306618,1.411403509710703,3.95,1232.140944026699,2.7845919973608115,1.3840000000000012,0.03468911715645116,1.3840000000000012,0.0,0.022917651,3.95
3.662004839874259,1.4791737728236816,3.95,1269.2078798141974,2.7029307552429254,1.3850000000000011,0.03468443616162628,1.3850000000000011,0.0,0.022917651,3.95
3.6574006396453496,1.5626453496923942,3.95,1317.4489354375935,2.6013642223336677,1.3860000000000012,0.0346797551668014,1.3860000000000012,0.0,0.022917651,3.95
3.651828485905007,1.659541060007948,3.95,1383.8586400836234,2.4825017283947255,1.3870000000000011,0.03467507417197653,1.3870000000000011,0.0,0.022917651,3.95
3.6472413085675703,1.7381684892177574,3.95,1477.014262821514,2.3858474566789813,1.3880000000000012,0.03467039317715165,1.3880000000000012,0.0,0.022917651,3.95
3.6462344290534814,1.761222792502645,3.95,1594.9690392983955,2.3590874719187367,1.3890000000000013,0.034665712182326766,1.3890000000000011,0.0,0.022917651,3.95
3.6368801295703923,1.9079530018805742,3.95,1772.8581768105373,2.1752619171543413,1.3900000000000015,0.03466103118750189,1.3900000000000012,0.0,0.022917651,3.95
3.6234513910251414,2.1069657125994032,3.95,2081.4643944301906,1.9228561064593472,1.3910000000000013,0.034656350192677016,1.3910000000000011,0.0,0.022917651,3.95
3.6007210500153075,2.42207847155808,3.95,2776.8582737426404,1.517143831296012,1.3920000000000015,0.034651669197852134,1.3920000000000012,0.0,0.022917651,3.95
3.5362133287704567,3.140235340647373,3.95,6398.716678852064,0.5412779246437192,1.3930000000000011,0.03464698820302726,1.3930000000000011,0.0,0.022917651,3.95
