log_Teff,LogL_lsun,Age_gyr,Step,Log_g,Mass_msun,feh,Mass_input,Metallicity_input,Z_used,Age_input
3.540621515680529,-1.9008907428230049,0.125,259.3780424332538,4.933282894238481,0.30000000000000016,0.024577263348646898,0.30000000000000016,0.03,0.024556705477197936,0.125
3.5407915419572107,-1.8985536262583607,0.125,259.35014062740936,4.932875270659532,0.30100000000000016,0.024577298687022686,0.30100000000000016,0.03,0.024556705477197936,0.125
3.5409616628642446,-1.8962170304604853,0.125,259.32203840321347,4.932468546357535,0.3020000000000001,0.024577331297891077,0.30200000000000016,0.03,0.024556705477197936,0.125
3.5411318785969237,-1.8938809565041073,0.125,259.2937353470545,4.932062723188364,0.3030000000000001,0.024577361175623202,0.30300000000000016,0.03,0.024556705477197936,0.125
3.541302189351077,-1.8915454054669139,0.125,259.2652310441819,4.931657803013007,0.30400000000000016,0.02457738831457469,0.30400000000000016,0.03,0.024556705477197936,0.125
3.541472595323075,-1.8892103784295617,0.125,259.2365250787022,4.931253787697574,0.3050000000000001,0.024577412709085613,0.30500000000000016,0.03,0.024556705477197936,0.125
3.541643096709829,-1.8868758764756874,0.125,259.2076170335753,4.930850679113323,0.30600000000000016,0.024577434353480452,0.30600000000000016,0.03,0.024556705477197936,0.125
3.5418136937087943,-1.8845419006919177,0.125,259.1785064906102,4.930448479136682,0.30700000000000016,0.024577453242068014,0.30700000000000016,0.03,0.024556705477197936,0.125
3.5419843865179708,-1.8822084521678797,0.125,259.1491930304615,4.93004718964925,0.30800000000000016,0.02457746936914139,0.30800000000000016,0.03,0.024556705477197936,0.125
3.5421551753359046,-1.879875531996211,0.125,259.11967623262467,4.929646812537828,0.30900000000000016,0.024577482728977907,0.30900000000000016,0.03,0.024556705477197936,0.125
3.5423260603616917,-1.8775431412725703,0.125,259.089955675433,4.92924734969444,0.3100000000000001,0.024577493315839083,0.31000000000000016,0.03,0.024556705477197936,0.125
3.54249704179498,-1.8752112810956478,0.125,259.0600309360527,4.9288488030163355,0.31100000000000005,0.02457750112397054,0.31100000000000017,0.03,0.024556705477197936,0.125
3.5426681198359686,-1.8728799525671767,0.125,259.02990159047954,4.928451174406023,0.31200000000000017,0.024577506147601968,0.31200000000000017,0.03,0.024556705477197936,0.125
3.5428392946854124,-1.8705491567919408,0.125,258.9995672135343,4.928054465771283,0.3130000000000002,0.024577508380947074,0.31300000000000017,0.03,0.024556705477197936,0.125
3.5430105665446208,-1.8682188948777891,0.125,258.9690273788588,4.927658679025181,0.31400000000000017,0.024577507818203528,0.31400000000000017,0.03,0.024556705477197936,0.125
3.543181935615465,-1.8658891679356433,0.125,258.93828165891216,4.927263816086095,0.3150000000000001,0.024577504453552886,0.31500000000000017,0.03,0.024556705477197936,0.125
3.5433534021003736,-1.86355997707951,0.125,258.90732962496634,4.926869878877725,0.3160000000000001,0.024577498281160563,0.31600000000000017,0.03,0.024556705477197936,0.125
3.543524966202341,-1.8612313234264906,0.125,258.876170847102,4.926476869329121,0.31700000000000017,0.024577489295175756,0.31700000000000017,0.03,0.024556705477197936,0.125
3.543696628124921,-1.8589032080967922,0.125,258.84480489420463,4.926084789374692,0.31800000000000017,0.024577477489731395,0.31800000000000017,0.03,0.024556705477197936,0.125
3.5438683880722404,-1.8565756322137397,0.125,258.8132313339602,4.925693640954233,0.3190000000000001,0.024577462858944094,0.3190000000000002,0.03,0.024556705477197936,0.125
3.544040246248988,-1.8542485969037847,0.125,258.78144973285094,4.925303426012933,0.3200000000000002,0.024577445396914078,0.3200000000000002,0.03,0.024556705477197936,0.125
3.544212202860427,-1.8519221032965172,0.125,258.7494596561514,4.92491414650141,0.3210000000000002,0.024577425097725134,0.3210000000000002,0.03,0.024556705477197936,0.125
3.544384417868886,-1.8495772889423368,0.125,258.72976370356537,4.924507579554,0.3220000000000002,0.024577370679252364,0.3220000000000002,0.03,0.024556705477197936,0.125
3.5445568222935098,-1.8472201928808127,0.125,258.71801166707127,4.924089488374954,0.3230000000000002,0.024577293179841243,0.3230000000000002,0.03,0.024556705477197936,0.125
3.544729303147218,-1.844863639184649,0.125,258.7056148009796,4.923672245269834,0.3240000000000001,0.024577214117942857,0.3240000000000002,0.03,0.024556705477197936,0.125
3.544901860616693,-1.8425076291785967,0.125,258.692571530266,4.923255852310098,0.3250000000000001,0.024577133489740766,0.3250000000000002,0.03,0.024556705477197936,0.125
3.5450744948892248,-1.8401521641917247,0.125,258.678880274772,4.922840311573954,0.3260000000000002,0.02457705129140609,0.3260000000000002,0.03,0.024556705477197936,0.125
3.545247206152713,-1.8377972455574374,0.125,258.6645394491851,4.922425625146394,0.3270000000000002,0.024576967519097447,0.3270000000000002,0.03,0.024556705477197936,0.125
3.5454199945956733,-1.8354428746134932,0.125,258.6495474630171,4.922011795119211,0.3280000000000002,0.02457688216896093,0.3280000000000002,0.03,0.024556705477197936,0.125
3.5455928604072353,-1.8330890527020203,0.125,258.6339027205828,4.921598823591035,0.3290000000000002,0.024576795237130033,0.3290000000000002,0.03,0.024556705477197936,0.125
3.5457658037771482,-1.8307357811695362,0.125,258.61760362097954,4.92118671266736,0.3300000000000002,0.024576706719725606,0.3300000000000002,0.03,0.024556705477197936,0.125
3.54593882489578,-1.8283830613669645,0.125,258.60064855806496,4.920775464460569,0.3310000000000002,0.0245766166128558,0.3310000000000002,0.03,0.024556705477197936,0.125
3.546111923954126,-1.826030894649655,0.125,258.58303592043603,4.920365081089963,0.3320000000000002,0.024576524912616023,0.3320000000000002,0.03,0.024556705477197936,0.125
3.5462851011438032,-1.8236792823773993,0.125,258.56476409140754,4.919955564681793,0.33300000000000013,0.024576431615088892,0.3330000000000002,0.03,0.024556705477197936,0.125
3.546458356657062,-1.8213282259144505,0.125,258.5458314489904,4.919546917369283,0.33400000000000013,0.02457633671634416,0.3340000000000002,0.03,0.024556705477197936,0.125
3.54663169068678,-1.818977726629541,0.125,258.52623636586947,4.919139141292664,0.3350000000000002,0.024576240212438673,0.3350000000000002,0.03,0.024556705477197936,0.125
3.5468051034264705,-1.8166277858959015,0.125,258.5059772093822,4.9187322385991985,0.3360000000000002,0.024576142099416328,0.3360000000000002,0.03,0.024556705477197936,0.125
3.5469785950702826,-1.8142784050912786,0.125,258.48505234149644,4.91832621144321,0.33700000000000013,0.024576042373308005,0.3370000000000002,0.03,0.024556705477197936,0.125
3.5471521658130056,-1.8119295855979547,0.125,258.46346011878836,4.9179210619861164,0.3380000000000002,0.024575941030131526,0.3380000000000002,0.03,0.024556705477197936,0.125
3.547325815850069,-1.8095813288027636,0.125,258.4411988924201,4.9175167923964525,0.3390000000000002,0.024575838065891586,0.3390000000000002,0.03,0.024556705477197936,0.125
3.5474995453775477,-1.8072336360971146,0.125,258.41826700811794,4.9171134048499034,0.3400000000000002,0.02457573347657972,0.3400000000000002,0.03,0.024556705477197936,0.125
3.547673354592163,-1.804886508877006,0.125,258.39466280614903,4.916710901529335,0.3410000000000002,0.02457562725817422,0.3410000000000002,0.03,0.024556705477197936,0.125
3.547847243691286,-1.802539948543047,0.125,258.37038462129976,4.916309284624822,0.34200000000000014,0.024575519406640108,0.3420000000000002,0.03,0.024556705477197936,0.125
3.5480212128729405,-1.8001939565004765,0.125,258.34543078285265,4.915908556333675,0.34300000000000014,0.024575409917929066,0.3430000000000002,0.03,0.024556705477197936,0.125
3.5481952623358044,-1.7978485341591801,0.125,258.3197996145635,4.915508718860476,0.3440000000000002,0.024575298787979385,0.3440000000000002,0.03,0.024556705477197936,0.125
3.548369392279215,-1.7955036829337132,0.125,258.29348943463884,4.915109774417103,0.34500000000000014,0.024575186012715917,0.3450000000000002,0.03,0.024556705477197936,0.125
3.5485436029031674,-1.7931594042433172,0.125,258.2664985557127,4.914711725222764,0.34600000000000014,0.024575071588049988,0.3460000000000002,0.03,0.024556705477197936,0.125
3.5487178944083233,-1.7908156995119398,0.125,258.23882528482375,4.914314573504029,0.3470000000000002,0.024574955509879395,0.3470000000000002,0.03,0.024556705477197936,0.125
3.5488922669960083,-1.788472570168254,0.125,258.2104679233915,4.913918321494851,0.34800000000000014,0.0245748377740883,0.3480000000000002,0.03,0.024556705477197936,0.125
3.549066720868217,-1.7861300176456796,0.125,258.18142476719396,4.913522971436611,0.3490000000000002,0.024574718376547205,0.3490000000000002,0.03,0.024556705477197936,0.125
3.549241256227615,-1.783788043382401,0.125,258.15169410634337,4.913128525578137,0.3500000000000002,0.024574597313112876,0.3500000000000002,0.03,0.024556705477197936,0.125
3.549415873277543,-1.781446648821387,0.125,258.1212742252628,4.912734986175735,0.3510000000000002,0.024574474579628296,0.3510000000000002,0.03,0.024556705477197936,0.125
3.5495902178701466,-1.7790845180994168,0.125,258.08382862112387,4.912319620867162,0.35200000000000015,0.024574352461407413,0.3520000000000002,0.03,0.024556705477197936,0.125
3.5497645109836515,-1.776715654690539,0.125,258.04385013185885,4.911897316984423,0.35300000000000015,0.02457422940711271,0.3530000000000002,0.03,0.024556705477197936,0.125
3.549938876204243,-1.7743475866289158,0.125,258.0036236899296,4.911476096874655,0.35400000000000026,0.024574104594997495,0.3540000000000002,0.03,0.024556705477197936,0.125
3.5501133138358205,-1.7719803172665902,0.125,257.96314825032357,4.911055965105494,0.35500000000000015,0.024573978017653333,0.3550000000000002,0.03,0.024556705477197936,0.125
3.550287824183995,-1.769613849974468,0.125,257.92242276214745,4.910636926270271,0.35600000000000015,0.024573849667630078,0.3560000000000002,0.03,0.024556705477197936,0.125
3.550462407556098,-1.7672481881424504,0.125,257.8814461685859,4.91021898498821,0.35700000000000015,0.024573719537435607,0.3570000000000002,0.03,0.024556705477197936,0.125
3.5506370642611977,-1.7648833351795696,0.125,257.84021740685995,4.909802145904593,0.3580000000000002,0.02457358761953552,0.3580000000000002,0.03,0.024556705477197936,0.125
3.5508117946101065,-1.762519294514122,0.125,257.79873540818437,4.909386413690962,0.3590000000000002,0.02457345390635284,0.3590000000000002,0.03,0.024556705477197936,0.125
3.550986598915395,-1.7601560695938052,0.125,257.75699909772567,4.908971793045291,0.3600000000000002,0.024573318390267704,0.3600000000000002,0.03,0.024556705477197936,0.125
3.5511614774914095,-1.7577936638858564,0.125,257.7150073945591,4.9085582886921815,0.36100000000000015,0.024573181063617073,0.3610000000000002,0.03,0.024556705477197936,0.125
3.5513364306542767,-1.7554320808771893,0.125,257.6727592116253,4.908145905383043,0.3620000000000002,0.02457304191869441,0.3620000000000002,0.03,0.024556705477197936,0.125
3.55151145872192,-1.7530713240745355,0.125,257.630253455687,4.907734647896296,0.36300000000000027,0.024572900947749384,0.3630000000000002,0.03,0.024556705477197936,0.125
3.5516865620140736,-1.7507113970045836,0.125,257.5874890272847,4.907324521037549,0.3640000000000002,0.024572758142987563,0.3640000000000002,0.03,0.024556705477197936,0.125
3.551861740852294,-1.7483523032141242,0.125,257.54446482069255,4.906915529639807,0.3650000000000002,0.024572613496570077,0.3650000000000002,0.03,0.024556705477197936,0.125
3.552036995559972,-1.7459940462701902,0.125,257.5011797238739,4.906507678563655,0.36600000000000016,0.024572467000613323,0.3660000000000002,0.03,0.024556705477197936,0.125
3.552212326462347,-1.7436366297602033,0.125,257.45763261843575,4.906100972697464,0.3670000000000002,0.02457231864718862,0.3670000000000002,0.03,0.024556705477197936,0.125
3.5523877338865204,-1.7412800572921197,0.125,257.4138223795834,4.905695416957581,0.36800000000000016,0.024572168428321942,0.3680000000000002,0.03,0.024556705477197936,0.125
3.55256321816147,-1.738924332494577,0.125,257.3697478760747,4.905291016288539,0.3690000000000002,0.02457201633599351,0.3690000000000002,0.03,0.024556705477197936,0.125
3.5527387796180587,-1.7365694590170415,0.125,257.32540797017396,4.9048877756632505,0.37000000000000016,0.024571862362137535,0.3700000000000002,0.03,0.024556705477197936,0.125
3.5529144185890544,-1.7342154405299615,0.125,257.2808015176046,4.90448570008322,0.37100000000000016,0.024571706498641856,0.3710000000000002,0.03,0.024556705477197936,0.125
3.5530901354091404,-1.7318622807249129,0.125,257.23592736750294,4.904084794578742,0.3720000000000002,0.02457154873734761,0.3720000000000002,0.03,0.024556705477197936,0.125
3.5532659304149266,-1.7295099833147554,0.125,257.1907843623702,4.90368506420911,0.37300000000000016,0.02457138907004889,0.3730000000000002,0.03,0.024556705477197936,0.125
3.553441803944971,-1.7271585520337855,0.125,257.1453713380248,4.903286514062832,0.3740000000000002,0.024571227488492425,0.3740000000000002,0.03,0.024556705477197936,0.125
3.5536177563397855,-1.7248079906378908,0.125,257.09968712355385,4.9028891492578355,0.37500000000000017,0.024571063984377205,0.3750000000000002,0.03,0.024556705477197936,0.125
3.553793787941854,-1.7224583029047058,0.125,257.05373054126477,4.902492974941682,0.3760000000000002,0.02457089854935418,0.3760000000000002,0.03,0.024556705477197936,0.125
3.553969899095648,-1.7201094926337697,0.125,257.00750040663587,4.9020979962917774,0.3770000000000002,0.024570731175025874,0.3770000000000002,0.03,0.024556705477197936,0.125
3.5541460901476385,-1.717761563646688,0.125,256.9609955282669,4.901704218515602,0.3780000000000002,0.02457056185294604,0.3780000000000002,0.03,0.024556705477197936,0.125
3.5543223614463115,-1.7154145197872885,0.125,256.914214707829,4.901311646850911,0.37900000000000017,0.02457039057461932,0.3790000000000002,0.03,0.024556705477197936,0.125
3.554498713342182,-1.7130683649217864,0.125,256.86715674001437,4.900920286565972,0.3800000000000002,0.02457021733150088,0.3800000000000002,0.03,0.024556705477197936,0.125
3.5546751461878094,-1.7107231029389458,0.125,256.8198204124851,4.900530142959774,0.38100000000000017,0.024570042114996048,0.3810000000000002,0.03,0.024556705477197936,0.125
3.5548516603378144,-1.708378737750246,0.125,256.7722045058224,4.900141221362258,0.38200000000000023,0.024569864916459946,0.38200000000000023,0.03,0.024556705477197936,0.125
3.5550278547111938,-1.7060151203171132,0.125,256.7234238659365,4.899731768499675,0.38300000000000023,0.024569686151303834,0.38300000000000023,0.03,0.024556705477197936,0.125
3.5552036773391307,-1.7036303638112869,0.125,256.6737745954203,4.8992996896861785,0.38400000000000023,0.02456950576031005,0.38400000000000023,0.03,0.024556705477197936,0.125
3.5553795583189087,-1.7012463093600667,0.125,256.62434889357667,4.898868546345276,0.38500000000000023,0.02456932324367285,0.38500000000000023,0.03,0.024556705477197936,0.125
3.555555497882276,-1.6988629597516818,0.125,256.57514764831456,4.898438342192216,0.38600000000000023,0.024569138592950186,0.38600000000000023,0.03,0.024556705477197936,0.125
3.555731496262206,-1.6964803177891452,0.125,256.52617175225106,4.898009080961958,0.38700000000000023,0.024568951799655247,0.38700000000000023,0.03,0.024556705477197936,0.125
3.5559075536929114,-1.6940983862903523,0.125,256.4774221027424,4.897580766409284,0.3880000000000002,0.024568762855256172,0.38800000000000023,0.03,0.024556705477197936,0.125
3.556083670409848,-1.6917171680881797,0.125,256.42889960191576,4.897153402308943,0.38900000000000023,0.024568571751175706,0.38900000000000023,0.03,0.024556705477197936,0.125
3.556259846649727,-1.6893366660305844,0.125,256.3806051567006,4.896726992455773,0.3900000000000002,0.024568378478790977,0.39000000000000024,0.03,0.024556705477197936,0.125
3.5564360826505204,-1.686956882980707,0.125,256.3325396788612,4.89630154066485,0.39100000000000024,0.024568183029433106,0.39100000000000024,0.03,0.024556705477197936,0.125
3.55661237865147,-1.684577821816968,0.125,256.28470408502847,4.895877050771605,0.39200000000000024,0.02456798539438697,0.39200000000000024,0.03,0.024556705477197936,0.125
3.5567887348930975,-1.6821994854331748,0.125,256.23709929673265,4.895453526631975,0.39300000000000024,0.024567785564890865,0.39300000000000024,0.03,0.024556705477197936,0.125
3.5569651516172107,-1.6798218767386217,0.125,256.18972624043596,4.895030972122533,0.3940000000000002,0.02456758353213617,0.39400000000000024,0.03,0.024556705477197936,0.125
3.5571416290669147,-1.6774449986581956,0.125,256.1425858475659,4.894609391140625,0.39500000000000024,0.02456737928726707,0.39500000000000024,0.03,0.024556705477197936,0.125
3.557318167486618,-1.675068854132478,0.125,256.0956790545483,4.894188787604513,0.39600000000000024,0.02456717282138024,0.39600000000000024,0.03,0.024556705477197936,0.125
3.557494767122043,-1.6726934461178533,0.125,256.049006802841,4.893769165453516,0.39700000000000024,0.024566964125524494,0.39700000000000024,0.03,0.024556705477197936,0.125
3.5576714282202326,-1.6703187775866126,0.125,256.0025700389677,4.893350528648147,0.3980000000000002,0.024566753190700476,0.39800000000000024,0.03,0.024556705477197936,0.125
3.557848151029565,-1.667944851527063,0.125,255.956369714552,4.892932881170262,0.3990000000000002,0.02456654000786036,0.39900000000000024,0.03,0.024556705477197936,0.125
3.558024935799755,-1.6655716709436343,0.125,255.91040678635196,4.892516227023198,0.4000000000000002,0.024566324567907496,0.40000000000000024,0.03,0.024556705477197936,0.125
3.5582797545126588,-1.6629021192187792,0.125,255.94025277135427,4.891835050326205,0.40100000000000025,0.02456631439689353,0.40100000000000025,0.03,0.024556705477197936,0.125
3.5585345730123117,-1.6602325396533677,0.125,255.97012472593698,4.8911538449355145,0.40200000000000025,0.02456630422467074,0.40200000000000025,0.03,0.024556705477197936,0.125
3.5587893913010613,-1.6575629325535624,0.125,256.00002236451377,4.890472611166671,0.40300000000000025,0.02456629405125242,0.40300000000000025,0.03,0.024556705477197936,0.125
3.5590442093812156,-1.6548932982210507,0.125,256.0299454056703,4.889791349330607,0.40400000000000025,0.024566283876651673,0.40400000000000025,0.03,0.024556705477197936,0.125
3.559299027255054,-1.6522236369531305,0.125,256.05989357208875,4.889110059733729,0.4050000000000002,0.024566273700881398,0.40500000000000025,0.03,0.024556705477197936,0.125
3.5595538449248187,-1.649553949042787,0.125,256.08986659047304,4.888428742677999,0.40600000000000025,0.024566263523954326,0.40600000000000025,0.03,0.024556705477197936,0.125
3.559808662392724,-1.6468842347787722,0.125,256.11986419147667,4.887747398461024,0.4070000000000003,0.02456625334588299,0.40700000000000025,0.03,0.024556705477197936,0.125
3.560063479660948,-1.6442144944456805,0.125,256.14988610963104,4.887066027376115,0.40800000000000025,0.024566243166679744,0.40800000000000025,0.03,0.024556705477197936,0.125
3.560318296731639,-1.6415447283240219,0.125,256.1799320832766,4.886384629712378,0.4090000000000002,0.02456623298635677,0.40900000000000025,0.03,0.024556705477197936,0.125
3.5605731136069156,-1.6388749366902984,0.125,256.2100018544941,4.885703205754788,0.4100000000000002,0.024566222804926086,0.41000000000000025,0.03,0.024556705477197936,0.125
3.5608279302888657,-1.6362051198170713,0.125,256.24009516903857,4.885021755784259,0.4110000000000003,0.024566212622399504,0.41100000000000025,0.03,0.024556705477197936,0.125
3.5610827467795474,-1.6335352779730343,0.125,256.27021177627375,4.884340280077718,0.41200000000000025,0.024566202438788706,0.41200000000000025,0.03,0.024556705477197936,0.125
3.56133756308099,-1.6308654114230798,0.125,256.3003514291084,4.883658778908176,0.41300000000000026,0.02456619225410519,0.41300000000000026,0.03,0.024556705477197936,0.125
3.5615923791951927,-1.6281955204283678,0.125,256.3305138839339,4.882977252544795,0.4140000000000002,0.024566182068360295,0.41400000000000026,0.03,0.024556705477197936,0.125
3.561847195124128,-1.6255256052463893,0.125,256.3606989005632,4.882295701252957,0.41500000000000026,0.024566171881565197,0.41500000000000026,0.03,0.024556705477197936,0.125
3.5621020108697428,-1.6228556661310325,0.125,256.39090624217056,4.88161412529433,0.4160000000000003,0.024566161693730933,0.41600000000000026,0.03,0.024556705477197936,0.125
3.562356826433952,-1.6201857033326434,0.125,256.42113567523336,4.880932524926932,0.41700000000000026,0.024566151504868353,0.41700000000000026,0.03,0.024556705477197936,0.125
3.5626116418186475,-1.6175157170980896,0.125,256.4513869694746,4.880250900405194,0.4180000000000002,0.02456614131498819,0.41800000000000026,0.03,0.024556705477197936,0.125
3.5628664570256943,-1.6148457076708194,0.125,256.4816598978066,4.879569251980027,0.4190000000000002,0.024566131124101016,0.41900000000000026,0.03,0.024556705477197936,0.125
3.5631212720569314,-1.6121756752909209,0.125,256.51195423627615,4.878887579898875,0.4200000000000003,0.024566120932217245,0.42000000000000026,0.03,0.024556705477197936,0.125
3.5633760869141717,-1.609505620195179,0.125,256.5422697640104,4.878205884405778,0.42100000000000026,0.024566110739347162,0.42100000000000026,0.03,0.024556705477197936,0.125
3.563630901599205,-1.6068355426171341,0.125,256.5726062631644,4.877524165741435,0.4220000000000002,0.024566100545500912,0.42200000000000026,0.03,0.024556705477197936,0.125
3.5638857161137953,-1.6041654427871348,0.125,256.60296351886893,4.876842424143251,0.4230000000000002,0.024566090350688494,0.42300000000000026,0.03,0.024556705477197936,0.125
3.5641405304596825,-1.6014953209323954,0.125,256.6333413191804,4.876160659845406,0.42400000000000027,0.024566080154919772,0.42400000000000027,0.03,0.024556705477197936,0.125
3.5643953446385845,-1.598825177277045,0.125,256.6637394550306,4.875478873078895,0.4250000000000003,0.02456606995820447,0.42500000000000027,0.03,0.024556705477197936,0.125
3.564650158652194,-1.596155012042184,0.125,256.6941577201789,4.8747970640715925,0.4260000000000003,0.02456605976055221,0.42600000000000027,0.03,0.024556705477197936,0.125
3.5649049725021817,-1.5934848254459308,0.125,256.7245959111638,4.874115233048304,0.4270000000000002,0.02456604956197244,0.42700000000000027,0.03,0.024556705477197936,0.125
3.5651597861901965,-1.5908146177034772,0.125,256.7550538272568,4.873433380230814,0.42800000000000027,0.024566039362474514,0.42800000000000027,0.03,0.024556705477197936,0.125
3.565414599717864,-1.5881443890271307,0.125,256.7855312704165,4.872751505837938,0.42900000000000027,0.02456602916206765,0.42900000000000027,0.03,0.024556705477197936,0.125
3.565669413086789,-1.5854741396263694,0.125,256.8160280452438,4.872069610085569,0.43000000000000027,0.024566018960760945,0.43000000000000027,0.03,0.024556705477197936,0.125
3.5659242262985544,-1.5828038697078834,0.125,256.8465439589378,4.871387693186734,0.4310000000000002,0.024566008758563365,0.43100000000000027,0.03,0.024556705477197936,0.125
3.566179039354723,-1.580133579475625,0.125,256.8770788212531,4.8707057553516355,0.4320000000000002,0.024565998555483776,0.4320000000000003,0.03,0.024556705477197936,0.125
3.5664338522568366,-1.5774632691308517,0.125,256.9076324444575,4.870023796787698,0.4330000000000003,0.02456598835153091,0.4330000000000003,0.03,0.024556705477197936,0.125
3.5666886650064153,-1.57479293887217,0.125,256.93820464329025,4.869341817699612,0.43400000000000033,0.024565978146713394,0.4340000000000003,0.03,0.024556705477197936,0.125
3.5669434776049616,-1.5721225888955825,0.125,256.9687952349222,4.868659818289388,0.4350000000000002,0.024565967941039733,0.4350000000000003,0.03,0.024556705477197936,0.125
3.5671982900539554,-1.5694522193945262,0.125,256.9994040389154,4.867977798756391,0.4360000000000002,0.024565957734518327,0.4360000000000003,0.03,0.024556705477197936,0.125
3.567453102354862,-1.5667818305599168,0.125,257.0300308771844,4.867295759297387,0.4370000000000003,0.02456594752715747,0.4370000000000003,0.03,0.024556705477197936,0.125
3.567707914509121,-1.5641114225801882,0.125,257.0606755739582,4.866613700106583,0.4380000000000003,0.02456593731896534,0.4380000000000003,0.03,0.024556705477197936,0.125
3.56796272651816,-1.5614409956413347,0.125,257.09133795574246,4.865931621375673,0.4390000000000003,0.02456592710995002,0.4390000000000003,0.03,0.024556705477197936,0.125
3.5682175383833847,-1.558770549926948,0.125,257.122017851283,4.865249523293876,0.4400000000000002,0.02456591690011947,0.4400000000000003,0.03,0.024556705477197936,0.125
3.568472350106182,-1.5561000856182583,0.125,257.15271509152967,4.864567406047976,0.4410000000000003,0.024565906689481568,0.4410000000000003,0.03,0.024556705477197936,0.125
3.568727161687924,-1.5534296028941692,0.125,257.18342950960084,4.863885269822357,0.4420000000000003,0.024565896478044077,0.4420000000000003,0.03,0.024556705477197936,0.125
3.568981973129962,-1.550759101931298,0.125,257.214160940749,4.863203114799051,0.4430000000000002,0.024565886265814664,0.4430000000000003,0.03,0.024556705477197936,0.125
3.569236784433633,-1.5480885829040099,0.125,257.2449092223268,4.862520941157764,0.44400000000000023,0.02456587605280091,0.4440000000000003,0.03,0.024556705477197936,0.125
3.569491595600254,-1.5454180459844546,0.125,257.2756741937533,4.861838749075922,0.44500000000000023,0.024565865839010277,0.4450000000000003,0.03,0.024556705477197936,0.125
3.5697464066311286,-1.5427474913426018,0.125,257.3064556964815,4.861156538728703,0.4460000000000003,0.024565855624450156,0.4460000000000003,0.03,0.024556705477197936,0.125
3.570001217527541,-1.5400769191462746,0.125,257.33725357396656,4.8604743102890735,0.4470000000000003,0.02456584540912782,0.4470000000000003,0.03,0.024556705477197936,0.125
3.570256028290761,-1.5374063295611842,0.125,257.36806767163364,4.859792063927823,0.4480000000000003,0.02456583519305048,0.4480000000000003,0.03,0.024556705477197936,0.125
3.5705108389220417,-1.5347357227509626,0.125,257.39889783684754,4.859109799813595,0.4490000000000003,0.02456582497622523,0.4490000000000003,0.03,0.024556705477197936,0.125
3.5707656494226208,-1.5320650988771944,0.125,257.42974391888197,4.858427518112929,0.4500000000000003,0.024565814758659092,0.4500000000000003,0.03,0.024556705477197936,0.125
3.571020459793721,-1.5293944580994507,0.125,257.4606057688903,4.857745218990285,0.4510000000000003,0.024565804540358994,0.4510000000000003,0.03,0.024556705477197936,0.125
3.5712752700365495,-1.526723800575318,0.125,257.4914832398758,4.857062902608079,0.45200000000000023,0.02456579432133177,0.4520000000000003,0.03,0.024556705477197936,0.125
3.571530080152298,-1.5240531264604311,0.125,257.52237618666334,4.8563805691267135,0.45300000000000024,0.024565784101584186,0.4530000000000003,0.03,0.024556705477197936,0.125
3.5717848901421427,-1.521382435908501,0.125,257.5532844658712,4.85569821870461,0.45400000000000024,0.024565773881122913,0.4540000000000003,0.03,0.024556705477197936,0.125
3.572039700007249,-1.518711729071347,0.125,257.5842079358834,4.8550158514982416,0.4550000000000003,0.024565763659954543,0.4550000000000003,0.03,0.024556705477197936,0.125
3.572294509748764,-1.5160410060989233,0.125,257.61514645682263,4.854333467662157,0.4560000000000003,0.02456575343808559,0.4560000000000003,0.03,0.024556705477197936,0.125
3.5725493193678224,-1.51337026713935,0.125,257.6460998905236,4.853651067349015,0.4570000000000003,0.024565743215522483,0.4570000000000003,0.03,0.024556705477197936,0.125
3.572804128865544,-1.5106995123389382,0.125,257.6770681005071,4.85296865070961,0.45800000000000024,0.024565732992271574,0.4580000000000003,0.03,0.024556705477197936,0.125
3.5730589382430384,-1.5080287418422202,0.125,257.70805095195414,4.852286217892905,0.4590000000000003,0.02456572276833914,0.4590000000000003,0.03,0.024556705477197936,0.125
3.573313747501397,-1.5053579557919754,0.125,257.73904831168085,4.8516037690460525,0.46000000000000024,0.02456571254373138,0.4600000000000003,0.03,0.024556705477197936,0.125
3.5735685566417006,-1.502687154329256,0.125,257.7700600481139,4.8509213043144275,0.4610000000000003,0.024565702318454414,0.4610000000000003,0.03,0.024556705477197936,0.125
3.5738233656650165,-1.500016337593414,0.125,257.8010860312661,4.850238823841653,0.46200000000000024,0.024565692092514302,0.4620000000000003,0.03,0.024556705477197936,0.125
3.5740781745724006,-1.4973455057221268,0.125,257.83212613271246,4.849556327769625,0.4630000000000003,0.02456568186591701,0.4630000000000003,0.03,0.024556705477197936,0.125
3.574332983364894,-1.4946746588514221,0.125,257.86318022556713,4.848873816238541,0.4640000000000003,0.02456567163866846,0.4640000000000003,0.03,0.024556705477197936,0.125
3.574587792043525,-1.4920037971157016,0.125,257.89424818446,4.848191289386919,0.4650000000000003,0.02456566141077447,0.4650000000000003,0.03,0.024556705477197936,0.125
3.574842600609313,-1.4893329206477675,0.125,257.9253298855145,4.847508747351631,0.4660000000000003,0.024565651182240814,0.4660000000000003,0.03,0.024556705477197936,0.125
3.5750974090632606,-1.4866620295788429,0.125,257.95642520632515,4.846826190267923,0.4670000000000002,0.0245656409530732,0.4670000000000003,0.03,0.024556705477197936,0.125
3.5753522174063637,-1.4839911240385988,0.125,257.98753402593604,4.84614361826944,0.4680000000000003,0.024565630723277235,0.4680000000000003,0.03,0.024556705477197936,0.125
3.5756070256396018,-1.481320204155174,0.125,258.01865622481915,4.845461031488244,0.4690000000000003,0.024565620492858504,0.4690000000000003,0.03,0.024556705477197936,0.125
3.575861833763946,-1.4786492700552,0.125,258.0497916848536,4.844778430054849,0.4700000000000003,0.024565610261822503,0.4700000000000003,0.03,0.024556705477197936,0.125
3.576116641780354,-1.475978321863821,0.125,258.08094028930475,4.844095814098235,0.47100000000000025,0.024565600030174647,0.4710000000000003,0.03,0.024556705477197936,0.125
3.5763714496897743,-1.4733073597047175,0.125,258.1121019228043,4.843413183745873,0.4720000000000003,0.02456558979792033,0.4720000000000003,0.03,0.024556705477197936,0.125
3.576626257493142,-1.470636383700126,0.125,258.14327647132984,4.842730539123743,0.4730000000000003,0.024565579565064846,0.4730000000000003,0.03,0.024556705477197936,0.125
3.576881065191383,-1.467965393970862,0.125,258.1744638221858,4.842047880356364,0.4740000000000003,0.02456556933161344,0.4740000000000003,0.03,0.024556705477197936,0.125
3.577135872785412,-1.465294390636338,0.125,258.20566386398394,4.841365207566807,0.47500000000000026,0.024565559097571306,0.4750000000000003,0.03,0.024556705477197936,0.125
3.577390680276133,-1.4626233738145866,0.125,258.23687648662434,4.840682520876722,0.4760000000000003,0.02456554886294356,0.4760000000000003,0.03,0.024556705477197936,0.125
3.5776454876644403,-1.4599523436222779,0.125,258.26810158127705,4.839999820406356,0.4770000000000003,0.02456553862773527,0.4770000000000003,0.03,0.024556705477197936,0.125
3.5779002949512164,-1.457281300174741,0.125,258.2993390403638,4.83931710627457,0.4780000000000003,0.02456552839195145,0.4780000000000003,0.03,0.024556705477197936,0.125
3.578155102137335,-1.4546102435859818,0.125,258.33058875753983,4.838634378598864,0.47900000000000026,0.02456551815559704,0.4790000000000003,0.03,0.024556705477197936,0.125
3.5784099092236583,-1.4519391739687033,0.125,258.36185062767674,4.837951637495395,0.48000000000000026,0.02456550791867694,0.4800000000000003,0.03,0.024556705477197936,0.125
3.578664716211042,-1.4492680914343228,0.125,258.39312454684455,4.837268883078994,0.4810000000000003,0.024565497681195984,0.4810000000000003,0.03,0.024556705477197936,0.125
3.578919523100328,-1.446596996092991,0.125,258.4244104122951,4.836586115463188,0.4820000000000003,0.024565487443158954,0.4820000000000003,0.03,0.024556705477197936,0.125
3.579174329892351,-1.4439258880536094,0.125,258.4557081224452,4.835903334760214,0.4830000000000003,0.024565477204570585,0.4830000000000003,0.03,0.024556705477197936,0.125
3.579429136587935,-1.441254767423849,0.125,258.4870175768599,4.8352205410810445,0.48400000000000026,0.024565466965435552,0.4840000000000003,0.03,0.024556705477197936,0.125
3.5796839431878964,-1.4385836343101663,0.125,258.51833867623697,4.834537734535398,0.4850000000000003,0.024565456725758467,0.4850000000000003,0.03,0.024556705477197936,0.125
3.5799387496930417,-1.4359124888178214,0.125,258.54967132239017,4.8338549152317585,0.4860000000000003,0.024565446485543905,0.4860000000000003,0.03,0.024556705477197936,0.125
3.580193556104167,-1.4332413310508936,0.125,258.5810154182341,4.833172083277397,0.4870000000000003,0.024565436244796394,0.4870000000000003,0.03,0.024556705477197936,0.125
3.580448362422061,-1.4305701611122996,0.125,258.6123708677688,4.832489238778381,0.48800000000000027,0.024565426003520394,0.4880000000000003,0.03,0.024556705477197936,0.125
3.5807031686475033,-1.4278989791038088,0.125,258.64373757606444,4.831806381839602,0.4890000000000003,0.02456541576172032,0.4890000000000003,0.03,0.024556705477197936,0.125
3.5809579747812657,-1.4252277851260586,0.125,258.6751154492466,4.831123512564778,0.4900000000000003,0.024565405519400552,0.4900000000000003,0.03,0.024556705477197936,0.125
3.581212780824109,-1.4225565792785706,0.125,258.7065043944816,4.830440631056483,0.4910000000000003,0.024565395276565403,0.4910000000000003,0.03,0.024556705477197936,0.125
3.5814675867767876,-1.4198853616597664,0.125,258.737904319962,4.829757737416152,0.49200000000000027,0.024565385033219145,0.4920000000000003,0.03,0.024556705477197936,0.125
3.581722392640047,-1.417214132366983,0.125,258.7693151348927,4.829074831744108,0.49300000000000027,0.024565374789366014,0.4930000000000003,0.03,0.024556705477197936,0.125
3.581977198414626,-1.4145428914964862,0.125,258.8007367494768,4.828391914139564,0.4940000000000003,0.024565364545010186,0.4940000000000003,0.03,0.024556705477197936,0.125
3.5822320041012516,-1.4118716391434867,0.125,258.832169074902,4.827708984700649,0.49500000000000033,0.02456535430015579,0.49500000000000033,0.03,0.024556705477197936,0.125
3.5824868097006464,-1.4092003754021547,0.125,258.86361202332716,4.82702604352442,0.4960000000000003,0.024565344054806922,0.49600000000000033,0.03,0.024556705477197936,0.125
3.582741615213523,-1.4065291003656322,0.125,258.89506550786916,4.826343090706872,0.4970000000000003,0.02456533380896762,0.49700000000000033,0.03,0.024556705477197936,0.125
3.5829964206405887,-1.4038578141260496,0.125,258.9265294425897,4.825660126342959,0.49800000000000033,0.02456532356264188,0.49800000000000033,0.03,0.024556705477197936,0.125
3.5832512259825395,-1.4011865167745368,0.125,258.9580037424824,4.824977150526605,0.49900000000000033,0.024565313315833677,0.49900000000000033,0.03,0.024556705477197936,0.125
3.5835060312400673,-1.3985152084012389,0.125,258.98948832346065,4.824294163350714,0.5000000000000003,0.024565303068546908,0.5000000000000003,0.03,0.024556705477197936,0.125
3.5838190709097932,-1.395829584571475,0.125,259.23320965069354,4.823652510715915,0.5010000000000003,0.024565301198315844,0.5010000000000003,0.03,0.024556705477197936,0.125
3.584131839261159,-1.3931453561616864,0.125,259.4767422088056,4.823011168228429,0.5020000000000003,0.02456529932725754,0.5020000000000003,0.03,0.024556705477197936,0.125
3.5844443301103053,-1.3904625549761376,0.125,259.7200816953911,4.8223701429571015,0.5030000000000003,0.024565297455353158,0.5030000000000003,0.03,0.024556705477197936,0.125
3.584756537084011,-1.3877812137929975,0.125,259.9632236762967,4.82172944218724,0.5040000000000002,0.024565295582583264,0.5040000000000003,0.03,0.024556705477197936,0.125
3.5850684536123922,-1.3851013664019078,0.125,260.20616358053945,4.821089073428959,0.5050000000000003,0.02456529370892782,0.5050000000000003,0.03,0.024556705477197936,0.125
3.5853800729212506,-1.3824230476432973,0.125,260.4488966949884,4.820449044425923,0.5060000000000003,0.024565291834366176,0.5060000000000003,0.03,0.024556705477197936,0.125
3.585691388024077,-1.3797462934495526,0.125,260.69141815879493,4.8198093631645,0.5070000000000003,0.024565289958877037,0.5070000000000003,0.03,0.024556705477197936,0.125
3.5860023917136634,-1.3770711408881338,0.125,260.93372295756075,4.819170037883336,0.5080000000000003,0.02456528808243842,0.5080000000000003,0.03,0.024556705477197936,0.125
3.58631307655332,-1.3743976282067505,0.125,261.17580591722594,4.818531077083402,0.5090000000000003,0.02456528620502765,0.5090000000000003,0.03,0.024556705477197936,0.125
3.5866234348676667,-1.371725794880715,0.125,261.4176616976632,4.817892489538516,0.5100000000000003,0.024565284326621334,0.5100000000000003,0.03,0.024556705477197936,0.125
3.586933458732983,-1.3690556816625927,0.125,261.6592847859619,4.8172542843063795,0.5110000000000003,0.0245652824471953,0.5110000000000003,0.03,0.024556705477197936,0.125
3.5872431399670783,-1.3663873306342795,0.125,261.90066948938244,4.816616470740156,0.5120000000000003,0.024565280566724614,0.5120000000000003,0.03,0.024556705477197936,0.125
3.5875524701186694,-1.363720785261651,0.125,262.1418099279638,4.815979058500608,0.5130000000000003,0.024565278685183507,0.5130000000000003,0.03,0.024556705477197936,0.125
3.5878614404562246,-1.3610560904519302,0.125,262.3827000267627,4.815342057568858,0.5140000000000005,0.02456527680254535,0.5140000000000003,0.03,0.024556705477197936,0.125
3.5881700419562503,-1.3583932926139302,0.125,262.62333350770444,4.814705478259768,0.5150000000000003,0.024565274918782635,0.5150000000000003,0.03,0.024556705477197936,0.125
3.588478265290985,-1.355732439721346,0.125,262.86370388102097,4.814069331236018,0.5160000000000002,0.024565273033866925,0.5160000000000003,0.03,0.024556705477197936,0.125
3.5887861008154665,-1.353073581379274,0.125,263.1038044362518,4.813433627522881,0.5170000000000003,0.02456527114776881,0.5170000000000003,0.03,0.024556705477197936,0.125
3.5890935385539318,-1.350416768894153,0.125,263.34362823278303,4.812798378523771,0.5180000000000003,0.024565269260457875,0.5180000000000003,0.03,0.024556705477197936,0.125
3.589400568185513,-1.3477620553473364,0.125,263.58316808989446,4.8121635960366005,0.5190000000000003,0.024565267371902656,0.5190000000000003,0.03,0.024556705477197936,0.125
3.589707179029182,-1.3451094956725136,0.125,263.8224165762862,4.81152929227098,0.5200000000000005,0.02456526548207058,0.5200000000000004,0.03,0.024556705477197936,0.125
3.5900133600279047,-1.3424591467372204,0.125,264.0613659990522,4.81089547986634,0.5210000000000004,0.024565263590927935,0.5210000000000004,0.03,0.024556705477197936,0.125
3.5903190997319476,-1.339811067428693,0.125,264.3000083920663,4.810262171911011,0.5220000000000004,0.024565261698439828,0.5220000000000004,0.03,0.024556705477197936,0.125
3.5906243862812857,-1.3371653187443329,0.125,264.53833550374384,4.809629381962332,0.5230000000000004,0.024565259804570076,0.5230000000000004,0.03,0.024556705477197936,0.125
3.5909292073870596,-1.3345219638870833,0.125,264.77633878413985,4.8089971240678455,0.5240000000000004,0.024565257909281223,0.5240000000000004,0.03,0.024556705477197936,0.125
3.591233550312018,-1.3318810683660234,0.125,265.0140093713407,4.80836541278766,0.5250000000000004,0.02456525601253444,0.5250000000000004,0.03,0.024556705477197936,0.125
3.5915364768295035,-1.3292443035314832,0.125,265.249248593317,4.807732166588772,0.5260000000000005,0.024565254114524076,0.5260000000000004,0.03,0.024556705477197936,0.125
3.591830799418421,-1.3266241659009614,0.125,265.46586328643656,4.80708113208173,0.5270000000000004,0.024565252217050536,0.5270000000000004,0.03,0.024556705477197936,0.125
3.5921246165786695,-1.3240066546830063,0.125,265.6821850279207,4.806430702268164,0.5280000000000004,0.024565250318035376,0.5280000000000004,0.03,0.024556705477197936,0.125
3.592417915512357,-1.3213918363806445,0.125,265.8982063999819,4.805780892459435,0.5290000000000004,0.024565248417439546,0.5290000000000004,0.03,0.024556705477197936,0.125
3.5927106829858473,-1.3187797797612333,0.125,266.11391973226785,4.80513171848823,0.5300000000000004,0.024565246515222686,0.5300000000000004,0.03,0.024556705477197936,0.125
3.5930029053110473,-1.3161705559536592,0.125,266.32931709101985,4.804483196730946,0.5310000000000004,0.024565244611343046,0.5310000000000004,0.03,0.024556705477197936,0.125
3.593294568325732,-1.3135642385505857,0.125,266.54439026766784,4.803835344131227,0.5320000000000005,0.02456524270575743,0.5320000000000004,0.03,0.024556705477197936,0.125
3.5935856573728406,-1.310960903716062,0.125,266.7591307668281,4.803188178224747,0.5330000000000004,0.024565240798421123,0.5330000000000004,0.03,0.024556705477197936,0.125
3.5938761572786655,-1.3083606302988215,0.125,266.9735297936656,4.802541717165281,0.5340000000000003,0.024565238889287865,0.5340000000000004,0.03,0.024556705477197936,0.125
3.5941660523298955,-1.3057634999516219,0.125,267.1875782405827,4.801895979752198,0.5350000000000004,0.0245652369783097,0.5350000000000004,0.03,0.024556705477197936,0.125
3.5944553262494043,-1.303169597257008,0.125,267.40126667319146,4.801250985459401,0.5360000000000004,0.024565235065437,0.5360000000000004,0.03,0.024556705477197936,0.125
3.5947439621707415,-1.300579009859909,0.125,267.6145853155239,4.8006067544658695,0.5370000000000004,0.02456523315061832,0.5370000000000004,0.03,0.024556705477197936,0.125
3.595031942611213,-1.2979918286074978,0.125,267.82752403443175,4.799963307687848,0.5380000000000004,0.024565231233800323,0.5380000000000004,0.03,0.024556705477197936,0.125
3.595319249443481,-1.2954081476967885,0.125,268.04007232312347,4.7993206668128385,0.5390000000000004,0.024565229314927727,0.5390000000000004,0.03,0.024556705477197936,0.125
3.5956058638655697,-1.2928280648304717,0.125,268.2522192837822,4.798678854335467,0.5400000000000003,0.02456522739394318,0.5400000000000004,0.03,0.024556705477197936,0.125
3.5958917663691916,-1.2902516813815348,0.125,268.46395360920417,4.798037893595399,0.5410000000000004,0.02456522547078718,0.5410000000000004,0.03,0.024556705477197936,0.125
3.596176936706262,-1.2876791025672405,0.125,268.67526356339255,4.7973978088173865,0.5420000000000003,0.024565223545397967,0.5420000000000004,0.03,0.024556705477197936,0.125
3.596461353853499,-1.2851104376331024,0.125,268.8861369610373,4.796758625153627,0.5430000000000004,0.02456522161771142,0.5430000000000004,0.03,0.024556705477197936,0.125
3.5967449959749636,-1.2825458000475227,0.125,269.09656114580457,4.796120368728577,0.5440000000000004,0.024565219687660927,0.5440000000000004,0.03,0.024556705477197936,0.125
3.597027840382411,-1.279985307707831,0.125,269.3065229673553,4.795483066686393,0.5450000000000004,0.0245652177551773,0.5450000000000004,0.03,0.024556705477197936,0.125
3.5973098634932974,-1.2774290831584996,0.125,269.5160087570055,4.794846747241162,0.5460000000000003,0.0245652158201886,0.5460000000000004,0.03,0.024556705477197936,0.125
3.5975910407862783,-1.2748772538223951,0.125,269.72500430193224,4.794211439730156,0.5470000000000004,0.02456521388262003,0.5470000000000004,0.03,0.024556705477197936,0.125
3.5978713467540193,-1.2723299522459717,0.125,269.9334948178243,4.793577174670279,0.5480000000000004,0.024565211942393795,0.5480000000000004,0.03,0.024556705477197936,0.125
3.598150754853142,-1.2697873163594078,0.125,270.14146491986656,4.792943983817956,0.5490000000000004,0.024565209999428933,0.5490000000000004,0.03,0.024556705477197936,0.125
3.598429237451076,-1.2672494897527524,0.125,270.34889859193896,4.79231190023272,0.5500000000000004,0.02456520805364116,0.5500000000000004,0.03,0.024556705477197936,0.125
3.598706765769616,-1.2647166219692463,0.125,270.5557791538984,4.791680958344735,0.5510000000000003,0.0245652061049427,0.5510000000000004,0.03,0.024556705477197936,0.125
3.5989833098249266,-1.2621888688170726,0.125,270.7620892268066,4.79105119402658,0.5520000000000003,0.024565204153242096,0.5520000000000004,0.03,0.024556705477197936,0.125
3.5992588383637374,-1.2596663927009102,0.125,270.9678106959481,4.790422644669582,0.5530000000000004,0.02456520219844402,0.5530000000000004,0.03,0.024556705477197936,0.125
3.5995333187954457,-1.2571493629747632,0.125,271.17292467147564,4.7897953492650505,0.5540000000000004,0.024565200240449066,0.5540000000000004,0.03,0.024556705477197936,0.125
3.5998067171198116,-1.2546379563176846,0.125,271.3774114465014,4.789169348490779,0.5550000000000004,0.024565198279153527,0.5550000000000004,0.03,0.024556705477197936,0.125
3.600078601677256,-1.252130573935032,0.125,271.57928523167647,4.788541316935964,0.5560000000000004,0.024565196314947763,0.5560000000000004,0.03,0.024556705477197936,0.125
3.60034540008683,-1.249609883040164,0.125,271.76039808331916,4.787879632509415,0.5570000000000003,0.024565194351585332,0.5570000000000004,0.03,0.024556705477197936,0.125
3.60061127549673,-1.2470935307892,0.125,271.9410292267945,4.787218594738694,0.5580000000000003,0.024565192383182125,0.5580000000000004,0.03,0.024556705477197936,0.125
3.600876204345562,-1.244581627934615,0.125,272.121166365548,4.786558220130973,0.5590000000000004,0.024565190409609472,0.5590000000000004,0.03,0.024556705477197936,0.125
3.6011401622631163,-1.2420742890308007,0.125,272.3007967809081,4.7858985257600795,0.5600000000000004,0.024565188430734276,0.5600000000000004,0.03,0.024556705477197936,0.125
3.601403124035357,-1.2395716325986224,0.125,272.4799073138164,4.785239529291028,0.5610000000000004,0.02456518644641884,0.5610000000000004,0.03,0.024556705477197936,0.125
3.6016650635675846,-1.2370737812985892,0.125,272.6584843456007,4.7845812490058295,0.5620000000000004,0.024565184456520645,0.5620000000000004,0.03,0.024556705477197936,0.125
3.601925953845647,-1.2345808621131842,0.125,272.83651377773157,4.783923703830666,0.5630000000000004,0.024565182460892163,0.5630000000000004,0.03,0.024556705477197936,0.125
3.6021857668950803,-1.23209300653891,0.125,273.01398101049966,4.783266913364514,0.5640000000000003,0.02456518045938062,0.5640000000000004,0.03,0.024556705477197936,0.125
3.602444473738059,-1.2296103507886724,0.125,273.190870920546,4.782610897909308,0.5650000000000004,0.02456517845182776,0.5650000000000004,0.03,0.024556705477197936,0.125
3.602702044348004,-1.2271330360051482,0.125,273.3671678371724,4.781955678501746,0.5660000000000004,0.024565176438069592,0.5660000000000004,0.03,0.024556705477197936,0.125
3.602958447601697,-1.2246612084858406,0.125,273.54285551735336,4.781301276946828,0.5670000000000004,0.02456517441793615,0.5670000000000004,0.03,0.024556705477197936,0.125
3.603213651228766,-1.2221950199205809,0.125,273.71791711936805,4.780647715853258,0.5680000000000004,0.02456517239125119,0.5680000000000004,0.03,0.024556705477197936,0.125
3.6034676217583286,-1.2197346276422798,0.125,273.892335174959,4.779995018670814,0.5690000000000003,0.024565170357831925,0.5690000000000004,0.03,0.024556705477197936,0.125
3.6037203244626554,-1.2172801948918062,0.125,274.06609155992396,4.779343209729832,0.5700000000000004,0.024565168317488686,0.5700000000000004,0.03,0.024556705477197936,0.125
3.6039717232976027,-1.2148318910979226,0.125,274.2391674630352,4.778692314282925,0.5710000000000004,0.024565166270024637,0.5710000000000004,0.03,0.024556705477197936,0.125
3.60422178083965,-1.2123898921732945,0.125,274.4115433531743,4.778042358549106,0.5720000000000004,0.024565164215235396,0.5720000000000004,0.03,0.024556705477197936,0.125
3.6044704582192737,-1.209954380827652,0.125,274.5831989445627,4.777393369760453,0.5730000000000004,0.02456516215290867,0.5730000000000004,0.03,0.024556705477197936,0.125
3.604717715050427,-1.2075255468992814,0.125,274.7541131599572,4.776745376211536,0.5740000000000004,0.024565160082823917,0.5740000000000004,0.03,0.024556705477197936,0.125
3.604963509355851,-1.2051035877061063,0.125,274.92426409167035,4.77609840731172,0.5750000000000003,0.024565158004751887,0.5750000000000004,0.03,0.024556705477197936,0.125
3.6052103203518198,-1.2026507611680615,0.125,275.08487424065265,4.775424637919197,0.5760000000000004,0.0245651559387648,0.5760000000000004,0.03,0.024556705477197936,0.125
3.6054575278528227,-1.2001798178941976,0.125,275.2396194425818,4.774734337861686,0.5770000000000003,0.024565153875634557,0.5770000000000004,0.03,0.024556705477197936,0.125
3.605703618771057,-1.1977141388936128,0.125,275.3940440286062,4.77404483574893,0.5780000000000003,0.02456515180213164,0.5780000000000004,0.03,0.024556705477197936,0.125
3.605948565452815,-1.1952538545432678,0.125,275.54814005823243,4.773356151343122,0.5790000000000004,0.02456514971799915,0.5790000000000004,0.03,0.024556705477197936,0.125
3.6061923393236115,-1.1927990995612494,0.125,275.7018993265747,4.77266830506448,0.5800000000000004,0.024565147622971656,0.5800000000000004,0.03,0.024556705477197936,0.125
3.606434910849541,-1.190350013188965,0.125,275.85531335325817,4.771981318018851,0.5810000000000003,0.024565145516774786,0.5810000000000004,0.03,0.024556705477197936,0.125
3.606676249496665,-1.187906739382597,0.125,276.00837337075916,4.771295212026737,0.5820000000000004,0.024565143399124894,0.5820000000000004,0.03,0.024556705477197936,0.125
3.6069163236883273,-1.1854694270143615,0.125,276.161070312147,4.770610009653797,0.5830000000000004,0.024565141269728644,0.5830000000000004,0.03,0.024556705477197936,0.125
3.607155100760257,-1.1830382300841644,0.125,276.31339479819377,4.7699257342429355,0.5840000000000004,0.0245651391282826,0.5840000000000004,0.03,0.024556705477197936,0.125
3.60739254691334,-1.18061330794229,0.125,276.46533712381137,4.769242409948048,0.5850000000000005,0.024565136974472768,0.5850000000000004,0.03,0.024556705477197936,0.125
3.6076286271638964,-1.1781948255237942,0.125,276.61688724377626,4.76856006176956,0.5860000000000003,0.024565134807974173,0.5860000000000004,0.03,0.024556705477197936,0.125
3.6078633052913345,-1.1757829535953321,0.125,276.76803475769646,4.767878715591833,0.5870000000000003,0.024565132628450337,0.5870000000000004,0.03,0.024556705477197936,0.125
3.6080965437829886,-1.1733778690151884,0.125,276.91876889417466,4.767198398222585,0.5880000000000004,0.02456513043555277,0.5880000000000004,0.03,0.024556705477197936,0.125
3.6083283037759935,-1.1709797550073502,0.125,277.0690784941161,4.766519137434425,0.5890000000000004,0.02456512822892046,0.5890000000000004,0.03,0.024556705477197936,0.125
3.608558544995981,-1.1685888014505112,0.125,277.21895199312695,4.765840962008669,0.5900000000000003,0.024565126008179273,0.5900000000000004,0.03,0.024556705477197936,0.125
3.6087872256924136,-1.1662052051829634,0.125,277.3683774029453,4.765163901781548,0.5910000000000004,0.02456512377294135,0.5910000000000004,0.03,0.024556705477197936,0.125
3.609021332277596,-1.1637726275632552,0.125,277.51354393420394,4.764459563395,0.5920000000000004,0.024565121542824087,0.5920000000000004,0.03,0.024556705477197936,0.125
3.609266928484426,-1.1612437194520797,0.125,277.6516612992008,4.763704852344384,0.5930000000000004,0.024565119330517738,0.5930000000000004,0.03,0.024556705477197936,0.125
3.6095116415189143,-1.1587186590933265,0.125,277.78964432339797,4.76295045635028,0.5940000000000004,0.024565117098418448,0.5940000000000004,0.03,0.024556705477197936,0.125
3.6097554528951186,-1.1561975270254483,0.125,277.9274901948684,4.7621963820072315,0.5950000000000004,0.024565114846111933,0.5950000000000004,0.03,0.024556705477197936,0.125
3.6099983436075567,-1.15368040605039,0.125,278.0651960226569,4.761442636095115,0.5960000000000003,0.02456511257317226,0.5960000000000004,0.03,0.024556705477197936,0.125
3.6102402941128284,-1.151167381313668,0.125,278.20275883398455,4.760689225585701,0.5970000000000004,0.024565110279161428,0.5970000000000004,0.03,0.024556705477197936,0.125
3.6104812843104477,-1.1486585403878762,0.125,278.34017557133353,4.759936157649493,0.5980000000000004,0.024565107963628978,0.5980000000000004,0.03,0.024556705477197936,0.125
3.6107212935228516,-1.1461539733597848,0.125,278.47744308940554,4.759183439662855,0.5990000000000003,0.02456510562611149,0.5990000000000004,0.03,0.024556705477197936,0.125
3.6109603004745408,-1.1436537729212217,0.125,278.6145581519492,4.7584310792154545,0.6000000000000003,0.024565103266132152,0.6000000000000004,0.03,0.024556705477197936,0.125
3.611256385027604,-1.1411764466314325,0.125,278.69144105000146,4.757807558432802,0.6010000000000004,0.024565102907129845,0.6010000000000004,0.03,0.024556705477197936,0.125
3.6115520201574802,-1.1387015369171118,0.125,278.76863396738236,4.757184656529857,0.6020000000000004,0.024565102546455955,0.6020000000000004,0.03,0.024556705477197936,0.125
3.611847201497512,-1.1362290672580373,0.125,278.846139916282,4.756562379519739,0.6030000000000004,0.024565102184094252,0.6030000000000004,0.03,0.024556705477197936,0.125
3.612141924624289,-1.1337590614391504,0.125,278.92396194803985,4.755940733493721,0.6040000000000004,0.02456510182002827,0.6040000000000004,0.03,0.024556705477197936,0.125
3.612436185056723,-1.1312915435555329,0.125,279.0021031537823,4.7553197246225,0.6050000000000004,0.024565101454241345,0.6050000000000004,0.03,0.024556705477197936,0.125
3.612729978255104,-1.128826538017476,0.125,279.08056666507423,4.7546993591575,0.6060000000000003,0.024565101086716598,0.6060000000000004,0.03,0.024556705477197936,0.125
3.6130232996201403,-1.126364069555655,0.125,279.15935565458176,4.754079643432189,0.6070000000000004,0.024565100717436922,0.6070000000000004,0.03,0.024556705477197936,0.125
3.6133161444919724,-1.1239041632263986,0.125,279.23847333674865,4.753460583863443,0.6080000000000004,0.024565100346384976,0.6080000000000004,0.03,0.024556705477197936,0.125
3.6136085081491824,-1.1214468444170718,0.125,279.3179229684871,4.7528421869529085,0.6090000000000003,0.024565099973543215,0.6090000000000004,0.03,0.024556705477197936,0.125
3.6139003858077636,-1.1189921388515556,0.125,279.39770784988036,4.752224459288414,0.6100000000000004,0.024565099598893823,0.6100000000000004,0.03,0.024556705477197936,0.125
3.6142018121614545,-1.1164735091959288,0.125,279.47422253507307,4.751581002342634,0.6110000000000005,0.024565099207815376,0.6110000000000004,0.03,0.024556705477197936,0.125
3.6145356334265806,-1.1137399213799024,0.125,279.5393428775311,4.750852166993985,0.6120000000000004,0.02456509876689176,0.6120000000000004,0.03,0.024556705477197936,0.125
3.6148696940853875,-1.1110048431501696,0.125,279.6046788141567,4.750122798823562,0.6130000000000004,0.02456509832281412,0.6130000000000004,0.03,0.024556705477197936,0.125
3.6152039915734515,-1.1082682904722776,0.125,279.6702280354712,4.749392903539037,0.6140000000000004,0.024565097875616247,0.6140000000000004,0.03,0.024556705477197936,0.125
3.615538523362847,-1.1055302790845496,0.125,279.73598826486466,4.748662486766847,0.6150000000000003,0.02456509742533144,0.6150000000000004,0.03,0.024556705477197936,0.125
3.6158732869614987,-1.1027908245021159,0.125,279.80195725801275,4.747931554053641,0.6160000000000004,0.024565096971992547,0.6160000000000004,0.03,0.024556705477197936,0.125
3.616208279912548,-1.100049942020853,0.125,279.8681328023072,4.74720011086768,0.6170000000000004,0.024565096515631917,0.6170000000000004,0.03,0.024556705477197936,0.125
3.6165434997937314,-1.0973076467212464,0.125,279.9345127162967,4.746468162600231,0.6180000000000004,0.024565096056281478,0.6180000000000004,0.03,0.024556705477197936,0.125
3.6168789442167775,-1.0945639534721658,0.125,280.0010948491412,4.745735714566901,0.6190000000000004,0.024565095593972693,0.6190000000000004,0.03,0.024556705477197936,0.125
3.61721461082681,-1.0918188769345656,0.125,280.06787708007664,4.74500277200897,0.6200000000000004,0.024565095128736582,0.6200000000000004,0.03,0.024556705477197936,0.125
3.6175504973017665,-1.0890724315651061,0.125,280.13485731789024,4.744269340094684,0.6210000000000004,0.02456509466060374,0.6210000000000004,0.03,0.024556705477197936,0.125
3.61788660135183,-1.0863246316196986,0.125,280.20203350040873,4.743535423920519,0.6220000000000006,0.024565094189604345,0.6220000000000004,0.03,0.024556705477197936,0.125
3.6182229207188694,-1.0835754911569804,0.125,280.2694035939956,4.742801028512429,0.6230000000000003,0.024565093715768135,0.6230000000000004,0.03,0.024556705477197936,0.125
3.618559453175897,-1.0808250240417112,0.125,280.33696559305884,4.742066158827055,0.6240000000000004,0.02456509323912446,0.6240000000000004,0.03,0.024556705477197936,0.125
3.6188961965265256,-1.0780732439481087,0.125,280.40471751956954,4.741330819752918,0.6250000000000004,0.024565092759702256,0.6250000000000004,0.03,0.024556705477197936,0.125
3.619233148604455,-1.0753201643631067,0.125,280.47265742259,4.7405950161115875,0.6260000000000004,0.02456509227753005,0.6260000000000004,0.03,0.024556705477197936,0.125
3.6195703072729497,-1.072565798589553,0.125,280.5407833778113,4.739858752658821,0.6270000000000004,0.024565091792636017,0.6270000000000004,0.03,0.024556705477197936,0.125
3.6199076704243422,-1.0698101597493377,0.125,280.60909348710084,4.739122034085687,0.6280000000000004,0.02456509130504791,0.6280000000000004,0.03,0.024556705477197936,0.125
3.6202452359795383,-1.0670532607864602,0.125,280.6775858780583,4.738384865019652,0.6290000000000004,0.024565090814793123,0.6290000000000004,0.03,0.024556705477197936,0.125
3.6205830018875313,-1.0642951144700354,0.125,280.7462587035816,4.737647250025667,0.6300000000000003,0.024565090321898683,0.6300000000000004,0.03,0.024556705477197936,0.125
3.6209209661249373,-1.0615357333972344,0.125,280.81511014144036,4.736909193607209,0.6310000000000004,0.024565089826391245,0.6310000000000004,0.03,0.024556705477197936,0.125
3.621259126695522,-1.0587751299961707,0.125,280.88413839385964,4.736170700207321,0.6320000000000003,0.024565089328297113,0.6320000000000005,0.03,0.024556705477197936,0.125
3.6215974816297543,-1.0560133165287269,0.125,280.95334168711025,4.7354317742096175,0.6330000000000005,0.02456508882764222,0.6330000000000005,0.03,0.024556705477197936,0.125
3.6219360289843574,-1.0532503050933228,0.125,281.0227182711082,4.734692419939273,0.6340000000000003,0.024565088324452197,0.6340000000000005,0.03,0.024556705477197936,0.125
3.6222747668418758,-1.0504861076276328,0.125,281.09226641902245,4.733952641663997,0.6350000000000005,0.024565087818752284,0.6350000000000005,0.03,0.024556705477197936,0.125
3.622613693310244,-1.0477207359112453,0.125,281.1619844268895,4.733212443594984,0.6360000000000005,0.024565087310567415,0.6360000000000005,0.03,0.024556705477197936,0.125
3.6229528065223726,-1.0449542015682711,0.125,281.23187061323625,4.732471829887845,0.6370000000000006,0.024565086799922187,0.6370000000000005,0.03,0.024556705477197936,0.125
3.623292104635729,-1.0421865160698989,0.125,281.3019233187103,4.7317308046435205,0.6380000000000005,0.024565086286840884,0.6380000000000005,0.03,0.024556705477197936,0.125
3.623631585831947,-1.0394176907369055,0.125,281.3721409057172,4.730989371909181,0.6390000000000005,0.02456508577134746,0.6390000000000005,0.03,0.024556705477197936,0.125
3.6239712483164217,-1.036647736742108,0.125,281.44252175806514,4.730247535679098,0.6400000000000005,0.024565085253465548,0.6400000000000005,0.03,0.024556705477197936,0.125
3.6243110903179288,-1.033876665112778,0.125,281.51306428061645,4.729505299895515,0.6410000000000003,0.024565084733218494,0.6410000000000005,0.03,0.024556705477197936,0.125
3.6246511100882395,-1.031104486733,0.125,281.58376689894556,4.728762668449483,0.6420000000000005,0.02456508421062933,0.6420000000000005,0.03,0.024556705477197936,0.125
3.624991305901756,-1.0283312123459898,0.125,281.6546280590043,4.728019645181693,0.6430000000000005,0.02456508368572079,0.6430000000000005,0.03,0.024556705477197936,0.125
3.625331676055138,-1.0255568525563665,0.125,281.7256462267931,4.727276233883289,0.6440000000000003,0.02456508315851532,0.6440000000000005,0.03,0.024556705477197936,0.125
3.6256722188669523,-1.0227814178323797,0.125,281.7968198880389,4.726532438296664,0.6450000000000005,0.024565082629035066,0.6450000000000005,0.03,0.024556705477197936,0.125
3.6260129326773174,-1.020004918508094,0.125,281.86814754787866,4.725788262116235,0.6460000000000005,0.024565082097301898,0.6460000000000005,0.03,0.024556705477197936,0.125
3.62635381584756,-1.0172273647855337,0.125,281.93962773054983,4.72504370898922,0.6470000000000005,0.024565081563337407,0.6470000000000005,0.03,0.024556705477197936,0.125
3.62669486675988,-1.0144487667367827,0.125,282.011258979086,4.72429878251638,0.6480000000000004,0.024565081027162906,0.6480000000000005,0.03,0.024556705477197936,0.125
3.627036083817015,-1.0116691343060493,0.125,282.08303985501857,4.723553486252764,0.6490000000000005,0.024565080488799445,0.6490000000000005,0.03,0.024556705477197936,0.125
3.6273774654419184,-1.0088884773116873,0.125,282.1549689380844,4.722807823708424,0.6500000000000005,0.024565079948267798,0.6500000000000005,0.03,0.024556705477197936,0.125
3.6277190100774397,-1.006106805448181,0.125,282.2270448259384,4.722061798349132,0.6510000000000005,0.024565079405588476,0.6510000000000005,0.03,0.024556705477197936,0.125
3.6280607161860123,-1.003324128288094,0.125,282.2992661338718,4.721315413597072,0.6520000000000005,0.02456507886078174,0.6520000000000005,0.03,0.024556705477197936,0.125
3.628402582249346,-1.0005404552839774,0.125,282.3716314945362,4.720568672831524,0.6530000000000005,0.024565078313867596,0.6530000000000005,0.03,0.024556705477197936,0.125
3.628744606768124,-0.9977557957702461,0.125,282.44413955767186,4.719821579389534,0.6540000000000004,0.024565077764865793,0.6540000000000005,0.03,0.024556705477197936,0.125
3.629086788261712,-0.9949701589650195,0.125,282.5167889898419,4.719074136566573,0.6550000000000004,0.024565077213795843,0.6550000000000005,0.03,0.024556705477197936,0.125
3.629429125267864,-0.9921835539719249,0.125,282.58957847417116,4.718326347617181,0.6560000000000005,0.02456507666067701,0.6560000000000005,0.03,0.024556705477197936,0.125
3.62977161634244,-0.9893959897818712,0.125,282.66250671008936,4.7175782157556005,0.6570000000000005,0.02456507610552832,0.6570000000000005,0.03,0.024556705477197936,0.125
3.6301142600591247,-0.986607475274787,0.125,282.7355724130801,4.716829744156398,0.6580000000000004,0.02456507554836856,0.6580000000000005,0.03,0.024556705477197936,0.125
3.630457055009156,-0.9838180192213286,0.125,282.80877431443383,4.71608093595508,0.6590000000000004,0.0245650749892163,0.6590000000000005,0.03,0.024556705477197936,0.125
3.6307999998010527,-0.981027630284555,0.125,282.88211116100507,4.715331794248682,0.6600000000000005,0.024565074428089865,0.6600000000000005,0.03,0.024556705477197936,0.125
3.631143093060353,-0.9782363170215731,0.125,282.9555817149749,4.714582322096363,0.6610000000000006,0.024565073865007368,0.6610000000000005,0.03,0.024556705477197936,0.125
3.6314863334293515,-0.9754440878851526,0.125,283.02918475361713,4.71383252251998,0.6620000000000004,0.02456507329998669,0.6620000000000005,0.03,0.024556705477197936,0.125
3.6318297195668534,-0.9726509512253114,0.125,283.10291906906906,4.713082398504661,0.6630000000000005,0.02456507273304551,0.6630000000000005,0.03,0.024556705477197936,0.125
3.63217325014791,-0.9698569152908721,0.125,283.17678346810635,4.712331952999353,0.6640000000000005,0.024565072164201278,0.6640000000000005,0.03,0.024556705477197936,0.125
3.632516923863587,-0.9670619882309902,0.125,283.2507767719216,4.711581188917372,0.6650000000000005,0.02456507159347125,0.6650000000000005,0.03,0.024556705477197936,0.125
3.6328607394207157,-0.9642661780966553,0.125,283.32489781590795,4.710830109136942,0.6660000000000004,0.02456507102087245,0.6660000000000005,0.03,0.024556705477197936,0.125
3.6332046955416577,-0.9614694928421641,0.125,283.399145449445,4.710078716501715,0.6670000000000005,0.024565070446421713,0.6670000000000005,0.03,0.024556705477197936,0.125
3.633548790964075,-0.958671940326569,0.125,283.47351853569035,4.7093270138213015,0.6680000000000005,0.024565069870135677,0.6680000000000005,0.03,0.024556705477197936,0.125
3.633893024440699,-0.9558735283150975,0.125,283.54801595137343,4.70857500387176,0.6690000000000004,0.024565069292030776,0.6690000000000005,0.03,0.024556705477197936,0.125
3.634237394739106,-0.9530742644805502,0.125,283.6226365865936,4.707822689396113,0.6700000000000005,0.024565068712123234,0.6700000000000005,0.03,0.024556705477197936,0.125
3.634581900641499,-0.95027415640467,0.125,283.6973793446221,4.707070073104827,0.6710000000000004,0.02456506813042911,0.6710000000000005,0.03,0.024556705477197936,0.125
3.634926540944491,-0.9474732115794907,0.125,283.7722431417071,4.7063171576763,0.6720000000000005,0.02456506754696425,0.6720000000000005,0.03,0.024556705477197936,0.125
3.635271314458891,-0.944671437408658,0.125,283.8472269068821,4.705563945757327,0.6730000000000004,0.024565066961744327,0.6730000000000005,0.03,0.024556705477197936,0.125
3.635616220009496,-0.9418688412087314,0.125,283.9223295817784,4.704810439963575,0.6740000000000005,0.02456506637478482,0.6740000000000005,0.03,0.024556705477197936,0.125
3.635961256434887,-0.9390654302104583,0.125,283.9975501204399,4.70405664288003,0.6750000000000004,0.024565065786101035,0.6750000000000005,0.03,0.024556705477197936,0.125
3.636306422587227,-0.9362612115600307,0.125,284.07288748914215,4.703302557061449,0.6760000000000005,0.02456506519570809,0.6760000000000005,0.03,0.024556705477197936,0.125
3.6366517173320605,-0.9334561923203163,0.125,284.14834066621376,4.7025481850328035,0.6770000000000005,0.024565064603620936,0.6770000000000005,0.03,0.024556705477197936,0.125
3.6369971395481233,-0.9306503794720695,0.125,284.2239086418612,4.701793529289707,0.6780000000000005,0.02456506400985434,0.6780000000000005,0.03,0.024556705477197936,0.125
3.637342688127149,-0.9278437799151216,0.125,284.2995904179971,4.701038592298845,0.6790000000000005,0.024565063414422914,0.6790000000000005,0.03,0.024556705477197936,0.125
3.63768836197368,-0.9250364004695499,0.125,284.3753850080703,4.700283376498389,0.6800000000000004,0.02456506281734108,0.6800000000000005,0.03,0.024556705477197936,0.125
3.6380341600048878,-0.922228247876827,0.125,284.4512914369007,4.699527884298409,0.6810000000000005,0.024565062218623108,0.6810000000000005,0.03,0.024556705477197936,0.125
3.6383800811503835,-0.9194193288009492,0.125,284.5273087405152,4.6987721180812825,0.6820000000000005,0.024565061618283097,0.6820000000000005,0.03,0.024556705477197936,0.125
3.638726124352048,-0.916609649829547,0.125,284.6034359659871,4.69801608020208,0.6830000000000005,0.024565061016335,0.6830000000000005,0.03,0.024556705477197936,0.125
3.6390722885638507,-0.9137992174749754,0.125,284.6796721712789,4.697259772988962,0.6840000000000005,0.02456506041279258,0.6840000000000005,0.03,0.024556705477197936,0.125
3.639418572751682,-0.9109880381753869,0.125,284.75601642508684,4.6965031987435655,0.6850000000000005,0.024565059807669477,0.6850000000000005,0.03,0.024556705477197936,0.125
3.6397649758931796,-0.9081761182957843,0.125,284.83246780668816,4.695746359741373,0.6860000000000005,0.024565059200979154,0.6860000000000005,0.03,0.024556705477197936,0.125
3.6401114969775663,-0.9053634641290569,0.125,284.9090254057919,4.6949892582320905,0.6870000000000005,0.02456505859273493,0.6870000000000005,0.03,0.024556705477197936,0.125
3.640458135005481,-0.9025500818969995,0.125,284.9856883223912,4.69423189644,0.6880000000000005,0.024565057982949962,0.6880000000000005,0.03,0.024556705477197936,0.125
3.6408048889888254,-0.8997359777513131,0.125,285.0624556666183,4.693474276564334,0.6890000000000004,0.024565057371637288,0.6890000000000005,0.03,0.024556705477197936,0.125
3.6411517579505994,-0.8969211577745891,0.125,285.1393265586028,4.692716400779613,0.6900000000000005,0.024565056758809767,0.6900000000000005,0.03,0.024556705477197936,0.125
3.6414987409247472,-0.8941056279812771,0.125,285.2163001283309,4.691958271235997,0.6910000000000005,0.024565056144480124,0.6910000000000005,0.03,0.024556705477197936,0.125
3.6418458369560063,-0.891289394318637,0.125,285.2933755155083,4.691199890059629,0.6920000000000004,0.02456505552866095,0.6920000000000005,0.03,0.024556705477197936,0.125
3.6421930450997575,-0.8884724626676737,0.125,285.3705518694245,4.690441259352963,0.6930000000000005,0.024565054911364695,0.6930000000000005,0.03,0.024556705477197936,0.125
3.642540364421873,-0.8856548388440583,0.125,285.44782834882017,4.689682381195096,0.6940000000000005,0.024565054292603652,0.6940000000000005,0.03,0.024556705477197936,0.125
3.642887793998576,-0.8828365285990317,0.125,285.5252041217557,4.688923257642094,0.6950000000000005,0.024565053672390008,0.6950000000000005,0.03,0.024556705477197936,0.125
3.6432353329162943,-0.8800175376202954,0.125,285.60267836548286,4.688163890727304,0.6960000000000004,0.024565053050735787,0.6960000000000005,0.03,0.024556705477197936,0.125
3.643582980271522,-0.8771978715328858,0.125,285.6802502663182,4.687404282461674,0.6970000000000005,0.0245650524276529,0.6970000000000005,0.03,0.024556705477197936,0.125
3.6439307351706796,-0.8743775359000352,0.125,285.7579190195183,4.686644434834055,0.6980000000000004,0.024565051803153118,0.6980000000000005,0.03,0.024556705477197936,0.125
3.644278596729979,-0.8715565362240183,0.125,285.8356838291577,4.685884349811507,0.6990000000000005,0.024565051177248085,0.6990000000000005,0.03,0.024556705477197936,0.125
3.6446265640752897,-0.868734877946985,0.125,285.91354390800814,4.68512402933959,0.7000000000000004,0.024565050549949317,0.7000000000000005,0.03,0.024556705477197936,0.125
3.6450084295585365,-0.8661046610884751,0.125,286.0345992150907,4.684601193874602,0.7010000000000005,0.0245650503692526,0.7010000000000005,0.03,0.024556705477197936,0.125
3.6453903392555773,-0.8634744231125977,0.125,286.15600558267107,4.684078514144111,0.7020000000000005,0.024565050188615507,0.7020000000000005,0.03,0.024556705477197936,0.125
3.6457722934058028,-0.860844163905016,0.125,286.27776491151974,4.683555990991315,0.7030000000000004,0.024565050008038387,0.7030000000000005,0.03,0.024556705477197936,0.125
3.646154292250334,-0.8582138833505659,0.125,286.3998791161541,4.68303362526552,0.7040000000000005,0.024565049827521543,0.7040000000000005,0.03,0.024556705477197936,0.125
3.6465400799251264,-0.8555791023182973,0.125,286.5123341103404,4.682521914199518,0.7050000000000005,0.024565049650563723,0.7050000000000005,0.03,0.024556705477197936,0.125
3.6469294964802987,-0.8529399501354967,0.125,286.61524948676106,4.6820203473323,0.7060000000000005,0.024565049476719197,0.7060000000000005,0.03,0.024556705477197936,0.125
3.6473188997926544,-0.8503007634544894,0.125,286.7182684067998,4.681518692999746,0.7070000000000004,0.024565049302485396,0.7070000000000005,0.03,0.024556705477197936,0.125
3.6477082897550206,-0.8476615419960831,0.125,286.8213917084304,4.681016950494002,0.7080000000000005,0.024565049127859187,0.7080000000000005,0.03,0.024556705477197936,0.125
3.6480976662590625,-0.8450222854780646,0.125,286.92462023869314,4.680515119099558,0.7090000000000005,0.02456504895283737,0.7090000000000005,0.03,0.024556705477197936,0.125
3.6484870291952722,-0.8423829936151589,0.125,287.0279548538182,4.680013198093136,0.7100000000000006,0.024565048777416738,0.7100000000000005,0.03,0.024556705477197936,0.125
3.648876378452951,-0.8397436661189874,0.125,287.1313964193503,4.679511186743597,0.7110000000000006,0.024565048601594027,0.7110000000000005,0.03,0.024556705477197936,0.125
3.64926571392019,-0.8371043026980265,0.125,287.2349458102758,4.679009084311821,0.7120000000000004,0.024565048425365953,0.7120000000000005,0.03,0.024556705477197936,0.125
3.64965503548386,-0.8344649030575632,0.125,287.3386039111516,4.678506890050607,0.7130000000000004,0.024565048248729196,0.7130000000000005,0.03,0.024556705477197936,0.125
3.6500443430295872,-0.8318254668996521,0.125,287.44237161623687,4.678004603204554,0.7140000000000004,0.024565048071680383,0.7140000000000005,0.03,0.024556705477197936,0.125
3.6504336364417416,-0.8291859939230709,0.125,287.5462498296257,4.677502223009958,0.7150000000000005,0.02456504789421612,0.7150000000000005,0.03,0.024556705477197936,0.125
3.650822915603418,-0.8265464838232758,0.125,287.65023946538344,4.67699974869469,0.7160000000000004,0.024565047716332975,0.7160000000000005,0.03,0.024556705477197936,0.125
3.6512121803964197,-0.823906936292354,0.125,287.75434144768406,4.67649717947808,0.7170000000000005,0.024565047538027473,0.7170000000000005,0.03,0.024556705477197936,0.125
3.651601430701236,-0.8212673510189796,0.125,287.8585567109504,4.675994514570804,0.7180000000000005,0.02456504735929609,0.7180000000000005,0.03,0.024556705477197936,0.125
3.651990666397029,-0.8186277276883626,0.125,287.96288619999655,4.67549175317476,0.7190000000000005,0.024565047180135285,0.7190000000000005,0.03,0.024556705477197936,0.125
3.6523798873616142,-0.815988065982204,0.125,288.0673308701729,4.674988894482943,0.7200000000000005,0.02456504700054146,0.7200000000000005,0.03,0.024556705477197936,0.125
3.6527690934714387,-0.8133483655786446,0.125,288.1718916875134,4.674485937679324,0.7210000000000004,0.024565046820510993,0.7210000000000005,0.03,0.024556705477197936,0.125
3.6531582846015658,-0.8107086261522168,0.125,288.27656962888494,4.673982881938727,0.7220000000000005,0.024565046640040195,0.7220000000000005,0.03,0.024556705477197936,0.125
3.6535474606256524,-0.8080688473737914,0.125,288.38136568214037,4.673479726426692,0.7230000000000005,0.02456504645912537,0.7230000000000005,0.03,0.024556705477197936,0.125
3.6539366214159323,-0.8054290289105288,0.125,288.4862808462724,4.672976470299349,0.7240000000000006,0.02456504627776275,0.7240000000000005,0.03,0.024556705477197936,0.125
3.654325766843192,-0.8027891704258246,0.125,288.5913161315719,4.672473112703289,0.7250000000000004,0.024565046095948544,0.7250000000000005,0.03,0.024556705477197936,0.125
3.6547148967767558,-0.8001492715792572,0.125,288.69647255978776,4.671969652775415,0.7260000000000004,0.024565045913678907,0.7260000000000005,0.03,0.024556705477197936,0.125
3.655104011084458,-0.7975093320265331,0.125,288.80175116428984,4.671466089642825,0.7270000000000005,0.024565045730949954,0.7270000000000005,0.03,0.024556705477197936,0.125
3.6554931096326277,-0.7948693514194314,0.125,288.90715299023435,4.67096242242265,0.7280000000000004,0.02456504554775776,0.7280000000000005,0.03,0.024556705477197936,0.125
3.655882192286065,-0.7922293294057481,0.125,289.01267909473285,4.6704586502219305,0.7290000000000005,0.024565045364098346,0.7290000000000005,0.03,0.024556705477197936,0.125
3.656271258908018,-0.7895892656292398,0.125,289.11833054702345,4.669954772137459,0.7300000000000003,0.024565045179967694,0.7300000000000005,0.03,0.024556705477197936,0.125
3.656660309360163,-0.7869491597295639,0.125,289.2241084286451,4.669450787255636,0.7310000000000004,0.02456504499536174,0.7310000000000005,0.03,0.024556705477197936,0.125
3.6570493435025786,-0.7843090113422201,0.125,289.3300138336152,4.668946694652327,0.7320000000000004,0.024565044810276365,0.7320000000000005,0.03,0.024556705477197936,0.125
3.6574383611937256,-0.7816688200984914,0.125,289.43604786861,4.668442493392698,0.7330000000000004,0.024565044624707415,0.7330000000000005,0.03,0.024556705477197936,0.125
3.657827362290423,-0.7790285856253814,0.125,289.5422116531482,4.667938182531071,0.7340000000000004,0.024565044438650676,0.7340000000000005,0.03,0.024556705477197936,0.125
3.658216346647821,-0.7763883075455525,0.125,289.6485063197777,4.66743376111076,0.7350000000000004,0.024565044252101906,0.7350000000000005,0.03,0.024556705477197936,0.125
3.6586053141193817,-0.7737479854772633,0.125,289.7549330142659,4.666929228163912,0.7360000000000005,0.024565044065056774,0.7360000000000005,0.03,0.024556705477197936,0.125
3.658994264556849,-0.771107619034303,0.125,289.86149289579294,4.666424582711346,0.7370000000000005,0.024565043877510934,0.7370000000000005,0.03,0.024556705477197936,0.125
3.659383197810229,-0.7684672078259267,0.125,289.9681871371488,4.6659198237623825,0.7380000000000005,0.02456504368945998,0.7380000000000005,0.03,0.024556705477197936,0.125
3.6597721137277603,-0.7658267514567884,0.125,290.07501692493327,4.665414950314676,0.7390000000000004,0.02456504350089944,0.7390000000000005,0.03,0.024556705477197936,0.125
3.6601610121558896,-0.7631862495268728,0.125,290.1819834597602,4.664909961354048,0.7400000000000005,0.024565043311824814,0.7400000000000005,0.03,0.024556705477197936,0.125
3.6605498929392426,-0.7605457016314263,0.125,290.28908795646464,4.664404855854299,0.7410000000000004,0.024565043122231525,0.7410000000000005,0.03,0.024556705477197936,0.125
3.6609387559206024,-0.7579051073608873,0.125,290.3963316443143,4.663899632777044,0.7420000000000005,0.024565042932114957,0.7420000000000005,0.03,0.024556705477197936,0.125
3.6613276009408753,-0.7552644663008132,0.125,290.5037157672244,4.663394291071523,0.7430000000000005,0.02456504274147043,0.7430000000000005,0.03,0.024556705477197936,0.125
3.661716427839071,-0.752623778031809,0.125,290.61124158397655,4.6628888296744195,0.7440000000000005,0.02456504255029321,0.7440000000000005,0.03,0.024556705477197936,0.125
3.6621052364522644,-0.749983042129452,0.125,290.71891036844136,4.66238324750967,0.7450000000000006,0.024565042358578513,0.7450000000000006,0.03,0.024556705477197936,0.125
3.662494026615574,-0.7473422581642166,0.125,290.8267234098054,4.661877543488271,0.7460000000000007,0.024565042166321494,0.7460000000000006,0.03,0.024556705477197936,0.125
3.66288279816213,-0.7447014257013974,0.125,290.934682012802,4.661371716508091,0.7470000000000006,0.024565041973517235,0.7470000000000006,0.03,0.024556705477197936,0.125
3.6632715509230436,-0.7420605443010314,0.125,291.04278749794634,4.6608657654536625,0.7480000000000006,0.024565041780160786,0.7480000000000006,0.03,0.024556705477197936,0.125
3.663660284727377,-0.739419613517817,0.125,291.15104120177466,4.66035968919599,0.7490000000000004,0.02456504158624712,0.7490000000000006,0.03,0.024556705477197936,0.125
3.6640489994021133,-0.7367786329010341,0.125,291.259444477088,4.659853486592333,0.7500000000000006,0.02456504139177115,0.7500000000000006,0.03,0.024556705477197936,0.125
3.664437694772121,-0.7341376019944603,0.125,291.36799869320055,4.659347156486005,0.7510000000000004,0.024565041196727724,0.7510000000000006,0.03,0.024556705477197936,0.125
3.6648263706601276,-0.731496520336288,0.125,291.47670523619246,4.658840697706158,0.7520000000000006,0.02456504100111163,0.7520000000000006,0.03,0.024556705477197936,0.125
3.66521502688668,-0.728855387459037,0.125,291.58556550916654,4.658334109067563,0.7530000000000004,0.0245650408049176,0.7530000000000006,0.03,0.024556705477197936,0.125
3.665603663270118,-0.7262142028894689,0.125,291.6945809325115,4.657827389370389,0.7540000000000004,0.02456504060814029,0.7540000000000006,0.03,0.024556705477197936,0.125
3.665992279626533,-0.723572966148497,0.125,291.8037529441678,4.657320537399981,0.7550000000000006,0.0245650404107743,0.7550000000000006,0.03,0.024556705477197936,0.125
3.6663808757697405,-0.7209316767510958,0.125,291.9130829999006,4.656813551926623,0.7560000000000007,0.02456504021281415,0.7560000000000006,0.03,0.024556705477197936,0.125
3.6667694515112363,-0.7182903342062088,0.125,292.0225725735759,4.656306431705313,0.7570000000000005,0.024565040014254302,0.7570000000000006,0.03,0.024556705477197936,0.125
3.6671580066601703,-0.7156489380166553,0.125,292.1322231574438,4.655799175475517,0.7580000000000005,0.024565039815089142,0.7580000000000006,0.03,0.024556705477197936,0.125
3.6675465410233,-0.713007487679033,0.125,292.24203626242496,4.6552917819609325,0.7590000000000005,0.024565039615313,0.7590000000000006,0.03,0.024556705477197936,0.125
3.6679350544049596,-0.7103659826836216,0.125,292.3520134184043,4.654784249869233,0.7600000000000006,0.024565039414920106,0.7600000000000006,0.03,0.024556705477197936,0.125
3.6683235466070196,-0.7077244225142834,0.125,292.46215617452896,4.6542765778918245,0.7610000000000007,0.024565039213904655,0.7610000000000006,0.03,0.024556705477197936,0.125
3.668712017428847,-0.7050828066483605,0.125,292.5724660995128,4.653768764703583,0.7620000000000005,0.024565039012260745,0.7620000000000006,0.03,0.024556705477197936,0.125
3.6691004666672686,-0.7024411345565741,0.125,292.6829447819461,4.653260808962597,0.7630000000000006,0.024565038809982398,0.7630000000000006,0.03,0.024556705477197936,0.125
3.6694888941165265,-0.699799405702917,0.125,292.7935938306115,4.652752709309892,0.7640000000000005,0.024565038607063567,0.7640000000000006,0.03,0.024556705477197936,0.125
3.6698772995682405,-0.6971576195445471,0.125,292.90441487480547,4.652244464369173,0.7650000000000006,0.02456503840349813,0.7650000000000006,0.03,0.024556705477197936,0.125
3.670265682811364,-0.6945157755316784,0.125,293.01540956466687,4.651736072746533,0.7660000000000005,0.024565038199279885,0.7660000000000006,0.03,0.024556705477197936,0.125
3.6706540436321435,-0.6918738731074697,0.125,293.12657957151094,4.65122753303018,0.7670000000000006,0.024565037994402537,0.7670000000000006,0.03,0.024556705477197936,0.125
3.6710423818140714,-0.6892319117079104,0.125,293.2379265881703,4.650718843790146,0.7680000000000006,0.02456503778885974,0.7680000000000006,0.03,0.024556705477197936,0.125
3.6714306971378456,-0.6865898907617052,0.125,293.34945232934206,4.650210003577989,0.7690000000000007,0.024565037582645034,0.7690000000000006,0.03,0.024556705477197936,0.125
3.671818989381321,-0.6839478096901561,0.125,293.46115853194215,4.649701010926505,0.7700000000000005,0.0245650373757519,0.7700000000000006,0.03,0.024556705477197936,0.125
3.6722072583194647,-0.6813056679070421,0.125,293.57304695546657,4.649191864349413,0.7710000000000006,0.02456503716817371,0.7710000000000006,0.03,0.024556705477197936,0.125
3.6725955037243097,-0.678663464818496,0.125,293.6851193823592,4.648682562341046,0.7720000000000005,0.02456503695990377,0.7720000000000006,0.03,0.024556705477197936,0.125
3.672983725364906,-0.6760211998228809,0.125,293.7973776183871,4.6481731033760365,0.7730000000000005,0.02456503675093529,0.7730000000000006,0.03,0.024556705477197936,0.125
3.67337192300727,-0.6733788723106605,0.125,293.9098234930236,4.6476634859089945,0.7740000000000007,0.024565036541261395,0.7740000000000006,0.03,0.024556705477197936,0.125
3.673760096414338,-0.6707364816642707,0.125,294.02245885983825,4.64715370837417,0.7750000000000006,0.024565036330875117,0.7750000000000006,0.03,0.024556705477197936,0.125
3.674148245345914,-0.6680940272579866,0.125,294.13528559689524,4.646643769185129,0.7760000000000006,0.024565036119769394,0.7760000000000006,0.03,0.024556705477197936,0.125
3.6745363695586155,-0.6654515084577867,0.125,294.2483056071588,4.646133666734397,0.7770000000000005,0.024565035907937068,0.7770000000000006,0.03,0.024556705477197936,0.125
3.674924468805824,-0.6628089246212157,0.125,294.3615208189077,4.645623399393122,0.7780000000000006,0.0245650356953709,0.7780000000000006,0.03,0.024556705477197936,0.125
3.675312542837627,-0.660166275097243,0.125,294.47493318615733,4.645112965510705,0.7790000000000005,0.02456503548206353,0.7790000000000006,0.03,0.024556705477197936,0.125
3.675700591400769,-0.6575235592261205,0.125,294.588544689091,4.6446023634144495,0.7800000000000005,0.02456503526800752,0.7800000000000006,0.03,0.024556705477197936,0.125
3.6760886142385893,-0.6548807763392342,0.125,294.70235733449863,4.644091591409177,0.7810000000000005,0.024565035053195333,0.7810000000000006,0.03,0.024556705477197936,0.125
3.676476611090966,-0.6522379257589569,0.125,294.8163731562259,4.6435806477768615,0.7820000000000006,0.024565034837619314,0.7820000000000006,0.03,0.024556705477197936,0.125
3.67686458169426,-0.6495950067984937,0.125,294.9305942156311,4.643069530776231,0.7830000000000005,0.024565034621271714,0.7830000000000006,0.03,0.024556705477197936,0.125
3.6772525257812534,-0.6469520187617285,0.125,295.0450226020528,4.64255823864238,0.7840000000000005,0.024565034404144676,0.7840000000000006,0.03,0.024556705477197936,0.125
3.6776404430810885,-0.6443089609430636,0.125,295.15966043328524,4.642046769586366,0.7850000000000005,0.02456503418623025,0.7850000000000006,0.03,0.024556705477197936,0.125
3.678028333319207,-0.641665832627259,0.125,295.27450985606504,4.6415351217947975,0.7860000000000006,0.024565033967520352,0.7860000000000006,0.03,0.024556705477197936,0.125
3.6784161962172846,-0.6390226330892661,0.125,295.389573046567,4.641023293429419,0.7870000000000006,0.024565033748006806,0.7870000000000006,0.03,0.024556705477197936,0.125
3.678804031493166,-0.6363793615940598,0.125,295.50485221091077,4.640511282626677,0.7880000000000006,0.024565033527681322,0.7880000000000006,0.03,0.024556705477197936,0.125
3.6791918388608025,-0.633736017396466,0.125,295.62034958567745,4.6399990874972845,0.7890000000000005,0.024565033306535488,0.7890000000000006,0.03,0.024556705477197936,0.125
3.679579618030181,-0.6310925997409855,0.125,295.7360674384372,4.639486706125785,0.7900000000000005,0.02456503308456078,0.7900000000000006,0.03,0.024556705477197936,0.125
3.6799673687072563,-0.6284491078616151,0.125,295.8520080682877,4.638974136570082,0.7910000000000006,0.024565032861748555,0.7910000000000006,0.03,0.024556705477197936,0.125
3.680355090593879,-0.6258055409816641,0.125,295.9681738064043,4.6384613768609855,0.7920000000000005,0.024565032638090047,0.7920000000000006,0.03,0.024556705477197936,0.125
3.6807427833877284,-0.623161898313567,0.125,296.0845670166012,4.6379484250017375,0.7930000000000006,0.024565032413576368,0.7930000000000006,0.03,0.024556705477197936,0.125
3.681130446782233,-0.6205181790586937,0.125,296.20119009590485,4.63743527896752,0.7940000000000005,0.02456503218819851,0.7940000000000006,0.03,0.024556705477197936,0.125
3.6815180804665006,-0.6178743824071526,0.125,296.31804547513894,4.63692193670497,0.7950000000000006,0.02456503196194734,0.7950000000000006,0.03,0.024556705477197936,0.125
3.681905684125239,-0.6152305075375929,0.125,296.4351356195226,4.636408396131666,0.7960000000000005,0.024565031734813576,0.7960000000000006,0.03,0.024556705477197936,0.125
3.682293257438681,-0.6125865536170008,0.125,296.5524630292807,4.635894655135622,0.7970000000000006,0.024565031506787828,0.7970000000000006,0.03,0.024556705477197936,0.125
3.6826808000824993,-0.6099425198004914,0.125,296.6700302402675,4.635380711574749,0.7980000000000005,0.024565031277860562,0.7980000000000006,0.03,0.024556705477197936,0.125
3.6830683117277303,-0.6072984052310971,0.125,296.7878398246035,4.634866563276329,0.7990000000000006,0.02456503104802211,0.7990000000000006,0.03,0.024556705477197936,0.125
3.6834557920406885,-0.6046542090395503,0.125,296.90589439132583,4.634352208036453,0.8000000000000005,0.02456503081726266,0.8000000000000006,0.03,0.024556705477197936,0.125
3.6838081613990075,-0.6022796747514241,0.125,296.9321832118319,4.63389867644985,0.8010000000000006,0.024565030809052427,0.8010000000000006,0.03,0.024556705477197936,0.125
3.684160505864173,-0.5999051087775065,0.125,296.95854796618653,4.633445013602917,0.8020000000000006,0.024565030800830244,0.8020000000000006,0.03,0.024556705477197936,0.125
3.6845128250567245,-0.5975305106347905,0.125,296.9849898118989,4.632991217494769,0.8030000000000006,0.02456503079259593,0.8030000000000006,0.03,0.024556705477197936,0.125
3.684865118589446,-0.5951558798304016,0.125,297.0115099301244,4.632537286083646,0.8040000000000005,0.0245650307843493,0.8040000000000006,0.03,0.024556705477197936,0.125
3.6852173860671735,-0.5927812158613452,0.125,297.0381095262721,4.632083217285859,0.8050000000000006,0.024565030776090156,0.8050000000000006,0.03,0.024556705477197936,0.125
3.6855696270865845,-0.590406518214245,0.125,297.0647898306295,4.631629008974715,0.8060000000000005,0.02456503076781831,0.8060000000000006,0.03,0.024556705477197936,0.125
3.6859218412359906,-0.5880317863650734,0.125,297.0915520990088,4.6311746589794005,0.8070000000000006,0.024565030759533566,0.8070000000000006,0.03,0.024556705477197936,0.125
3.686274028095118,-0.5856570197788752,0.125,297.1183976134116,4.6307201650838286,0.8080000000000006,0.024565030751235714,0.8080000000000006,0.03,0.024556705477197936,0.125
3.6866261872348804,-0.5832822179094801,0.125,297.14532768271545,4.630265525025456,0.8090000000000006,0.02456503074292456,0.8090000000000006,0.03,0.024556705477197936,0.125
3.6869783182171507,-0.5809073801992073,0.125,297.1723436433817,4.629810736494055,0.8100000000000006,0.024565030734599886,0.8100000000000006,0.03,0.024556705477197936,0.125
3.687330420594518,-0.5785325060785609,0.125,297.1994468601861,4.629355797130457,0.8110000000000005,0.024565030726261476,0.8110000000000006,0.03,0.024556705477197936,0.125
3.6876824939100437,-0.5761575949659159,0.125,297.22663872697257,4.628900704525242,0.8120000000000006,0.024565030717909116,0.8120000000000006,0.03,0.024556705477197936,0.125
3.688034537697003,-0.5737826462671924,0.125,297.25392066743143,4.628445456217399,0.8130000000000005,0.024565030709542576,0.8130000000000006,0.03,0.024556705477197936,0.125
3.6883865514786263,-0.5714076593755217,0.125,297.2812941359024,4.627990049692937,0.8140000000000006,0.02456503070116163,0.8140000000000006,0.03,0.024556705477197936,0.125
3.6887385347678197,-0.5690326336708992,0.125,297.3087606182035,4.627534482383448,0.8150000000000005,0.024565030692766048,0.8150000000000006,0.03,0.024556705477197936,0.125
3.6890904870668937,-0.5666575685198273,0.125,297.33632163248825,4.627078751664632,0.8160000000000006,0.024565030684355584,0.8160000000000006,0.03,0.024556705477197936,0.125
3.6894424078672663,-0.5642824632749472,0.125,297.3639787301292,4.626622854854762,0.8170000000000006,0.024565030675929998,0.8170000000000006,0.03,0.024556705477197936,0.125
3.6897942966491666,-0.5619073172746567,0.125,297.3917334966321,4.626166789213114,0.8180000000000006,0.024565030667489045,0.8180000000000006,0.03,0.024556705477197936,0.125
3.690146152881323,-0.5595321298427165,0.125,297.4195875525795,4.625710551938322,0.8190000000000006,0.02456503065903246,0.8190000000000006,0.03,0.024556705477197936,0.125
3.6904979760206484,-0.5571569002878433,0.125,297.4475425546063,4.625254140166706,0.8200000000000005,0.024565030650559982,0.8200000000000006,0.03,0.024556705477197936,0.125
3.6908497655119015,-0.5547816279032894,0.125,297.4756001964081,4.624797550970517,0.8210000000000006,0.024565030642071353,0.8210000000000006,0.03,0.024556705477197936,0.125
3.6912015207873536,-0.5524063119664078,0.125,297.50376220978296,4.624340781356151,0.8220000000000006,0.024565030633566298,0.8220000000000006,0.03,0.024556705477197936,0.125
3.6915532412664303,-0.5500309517382015,0.125,297.5320303657093,4.623883828262261,0.8230000000000006,0.024565030625044535,0.8230000000000006,0.03,0.024556705477197936,0.125
3.6919049263553476,-0.54765554646286,0.125,297.5604064754601,4.623426688557859,0.8240000000000005,0.024565030616505786,0.8240000000000006,0.03,0.024556705477197936,0.125
3.692256575446734,-0.5452800953672773,0.125,297.5888923917554,4.622969359040307,0.8250000000000006,0.024565030607949748,0.8250000000000006,0.03,0.024556705477197936,0.125
3.692608187919241,-0.5429045976605552,0.125,297.6174900099549,4.622511836433259,0.8260000000000006,0.024565030599376127,0.8260000000000006,0.03,0.024556705477197936,0.125
3.692959763137135,-0.5405290525334874,0.125,297.6462012692911,4.622054117384532,0.8270000000000006,0.024565030590784628,0.8270000000000006,0.03,0.024556705477197936,0.125
3.693311300449881,-0.5381534591580276,0.125,297.6750281541472,4.621596198463889,0.8280000000000005,0.024565030582174924,0.8280000000000006,0.03,0.024556705477197936,0.125
3.693662799191712,-0.5357778166867379,0.125,297.7039726953777,4.6211380761607685,0.8290000000000005,0.024565030573546705,0.8290000000000006,0.03,0.024556705477197936,0.125
3.694014258681176,-0.5334021242522172,0.125,297.73303697167745,4.620679746881908,0.8300000000000006,0.02456503056489964,0.8300000000000006,0.03,0.024556705477197936,0.125
3.694366435132502,-0.5310277638158454,0.125,297.75617167546227,4.620225617332252,0.8310000000000006,0.0245650305620863,0.8310000000000006,0.03,0.024556705477197936,0.125
3.694719177898297,-0.5286543411652074,0.125,297.77477275859303,4.619774690740785,0.8320000000000006,0.024565030563554274,0.8320000000000006,0.03,0.024556705477197936,0.125
3.6950719184974616,-0.5262807832672233,0.125,297.7934390421521,4.619323620237483,0.8330000000000005,0.024565030564797682,0.8330000000000006,0.03,0.024556705477197936,0.125
3.6954246568993296,-0.5239070882076607,0.125,297.81217144895805,4.618872403785478,0.8340000000000005,0.02456503056581334,0.8340000000000006,0.03,0.024556705477197936,0.125
3.6957773930726554,-0.5215332540359913,0.125,297.8309709193274,4.6184210393092835,0.8350000000000006,0.024565030566598003,0.8350000000000006,0.03,0.024556705477197936,0.125
3.696130126985595,-0.5191592787645272,0.125,297.8498384114901,4.617969524693872,0.8360000000000006,0.024565030567148382,0.8360000000000006,0.03,0.024556705477197936,0.125
3.696482858605698,-0.5167851603675311,0.125,297.8687749020196,4.617517857783729,0.8370000000000006,0.024565030567461107,0.8370000000000006,0.03,0.024556705477197936,0.125
3.696835587899888,-0.5144108967803022,0.125,297.88778138627265,4.617066036381881,0.8380000000000005,0.024565030567532745,0.8380000000000006,0.03,0.024556705477197936,0.125
3.6971883148344493,-0.5120364858982345,0.125,297.90685887884393,4.616614058248896,0.8390000000000007,0.024565030567359817,0.8390000000000006,0.03,0.024556705477197936,0.125
3.6975410393750123,-0.5096619255758476,0.125,297.92600841403254,4.616161921101839,0.8400000000000006,0.02456503056693874,0.8400000000000006,0.03,0.024556705477197936,0.125
3.6978937614865353,-0.5072872136257908,0.125,297.945231046323,4.615709622613232,0.8410000000000007,0.024565030566265897,0.8410000000000006,0.03,0.024556705477197936,0.125
3.698246481133291,-0.5049123478178151,0.125,297.96452785087996,4.615257160409948,0.8420000000000006,0.02456503056533758,0.8420000000000006,0.03,0.024556705477197936,0.125
3.6985991982788478,-0.5025373258777178,0.125,297.9838999240577,4.614804532072089,0.8430000000000007,0.02456503056415001,0.8430000000000006,0.03,0.024556705477197936,0.125
3.698951912886051,-0.5001621454862536,0.125,298.0033483839247,4.614351735131829,0.8440000000000006,0.024565030562699344,0.8440000000000006,0.03,0.024556705477197936,0.125
3.6993046249170067,-0.4977868042780136,0.125,298.0228743708038,4.6138987670722225,0.8450000000000008,0.02456503056098164,0.8450000000000006,0.03,0.024556705477197936,0.125
3.6996573343330645,-0.49541129984027193,0.125,298.04247904782903,4.613445625325974,0.8460000000000006,0.02456503055899291,0.8460000000000006,0.03,0.024556705477197936,0.125
3.7000100410947963,-0.493035629711796,0.125,298.0621636015184,4.6129923072741725,0.8470000000000005,0.02456503055672905,0.8470000000000006,0.03,0.024556705477197936,0.125
3.7003627451619767,-0.49065979138162125,0.125,298.08192924236494,4.612538810244994,0.8480000000000006,0.024565030554185904,0.8480000000000006,0.03,0.024556705477197936,0.125
3.7007154464935637,-0.48828378228778907,0.125,298.1017772054449,4.61208513151235,0.8490000000000005,0.024565030551359213,0.8490000000000006,0.03,0.024556705477197936,0.125
3.7010681450476777,-0.48590759981604564,0.125,298.12170875104533,4.611631268294506,0.8500000000000006,0.024565030548244635,0.8500000000000006,0.03,0.024556705477197936,0.125
3.701420840781579,-0.4835312412985002,0.125,298.1417251653106,4.611177217752655,0.8510000000000006,0.02456503054483774,0.8510000000000006,0.03,0.024556705477197936,0.125
3.701773533651649,-0.48115470401224314,0.125,298.16182776090886,4.610722976989448,0.8520000000000006,0.024565030541134007,0.8520000000000006,0.03,0.024556705477197936,0.125
3.702126223613361,-0.4787779851779199,0.125,298.1820178777193,4.610268543047474,0.8530000000000006,0.024565030537128826,0.8530000000000006,0.03,0.024556705477197936,0.125
3.702478910621264,-0.47640108195826064,0.125,298.202296883541,4.609813912907695,0.8540000000000006,0.02456503053281748,0.8540000000000006,0.03,0.024556705477197936,0.125
3.702831594628953,-0.4740239914565644,0.125,298.222666174824,4.6093590834878375,0.8550000000000008,0.024565030528195156,0.8550000000000006,0.03,0.024556705477197936,0.125
3.7031842755890456,-0.4716467107151339,0.125,298.2431271774234,4.608904051640718,0.8560000000000006,0.024565030523256953,0.8560000000000006,0.03,0.024556705477197936,0.125
3.7035369534531593,-0.4692692367136626,0.125,298.2636813473772,4.608448814152543,0.8570000000000007,0.024565030517997848,0.8570000000000007,0.03,0.024556705477197936,0.125
3.703889628171878,-0.4668915663675684,0.125,298.2843301717097,4.6079933677411145,0.8580000000000007,0.02456503051241272,0.8580000000000007,0.03,0.024556705477197936,0.125
3.7042422996947306,-0.46451369652627494,0.125,298.3050751692598,4.60753770905402,0.8590000000000007,0.024565030506496346,0.8590000000000007,0.03,0.024556705477197936,0.125
3.70459496797016,-0.46213562397143715,0.125,298.3259178915363,4.607081834666735,0.8600000000000007,0.02456503050024337,0.8600000000000007,0.03,0.024556705477197936,0.125
3.7049476329454953,-0.4597573454151096,0.125,298.3468599236015,4.606625741080673,0.8610000000000007,0.02456503049364834,0.8610000000000007,0.03,0.024556705477197936,0.125
3.7053002945669173,-0.45737885749785423,0.125,298.36790288498304,4.606169424721176,0.8620000000000007,0.024565030486705674,0.8620000000000007,0.03,0.024556705477197936,0.125
3.7056529527794333,-0.45500015678678696,0.125,298.3890484306153,4.605712881935439,0.8630000000000005,0.02456503047940967,0.8630000000000007,0.03,0.024556705477197936,0.125
3.7060056075268397,-0.4526212397735594,0.125,298.41029825181306,4.6052561089903525,0.8640000000000008,0.024565030471754512,0.8640000000000007,0.03,0.024556705477197936,0.125
3.7063582587516906,-0.45024210287227373,0.125,298.43165407727616,4.604799102070292,0.8650000000000005,0.02456503046373424,0.8650000000000007,0.03,0.024556705477197936,0.125
3.7067109063952657,-0.4478627424173282,0.125,298.4531176741285,4.604341857274822,0.8660000000000007,0.02456503045534276,0.8660000000000007,0.03,0.024556705477197936,0.125
3.707063550397529,-0.44548315466119,0.125,298.4746908489914,4.603884370616328,0.8670000000000005,0.024565030446573866,0.8670000000000007,0.03,0.024556705477197936,0.125
3.7074161906970975,-0.44310333577209354,0.125,298.4963754490933,4.603426638017567,0.8680000000000007,0.02456503043742118,0.8680000000000007,0.03,0.024556705477197936,0.125
3.707768827231199,-0.4407232818316605,0.125,298.51817336341725,4.602968655309129,0.8690000000000007,0.024565030427878207,0.8690000000000007,0.03,0.024556705477197936,0.125
3.708121459935635,-0.4383429888324386,0.125,298.5400865238875,4.602510418226836,0.8700000000000007,0.024565030417938283,0.8700000000000007,0.03,0.024556705477197936,0.125
3.70847408874474,-0.4359624526753558,0.125,298.5621169065963,4.602051922409007,0.8710000000000007,0.024565030407594612,0.8710000000000007,0.03,0.024556705477197936,0.125
3.7088267135913373,-0.4335816691670879,0.125,298.58426653307356,4.601593163393679,0.8720000000000007,0.024565030396840222,0.8720000000000007,0.03,0.024556705477197936,0.125
3.7091793344066972,-0.43120063401733205,0.125,298.6065374716005,4.601134136615693,0.8730000000000007,0.02456503038566799,0.8730000000000007,0.03,0.024556705477197936,0.125
3.709531951120492,-0.4288193428359893,0.125,298.6289318385689,4.600674837403704,0.8740000000000007,0.024565030374070634,0.8740000000000007,0.03,0.024556705477197936,0.125
3.7098845636607476,-0.42643779113024394,0.125,298.65145179988815,4.600215260977069,0.8750000000000007,0.024565030362040684,0.8750000000000007,0.03,0.024556705477197936,0.125
3.7102371719537963,-0.42405597430154274,0.125,298.6740995724419,4.599755402442633,0.8760000000000007,0.024565030349570513,0.8760000000000007,0.03,0.024556705477197936,0.125
3.710589775924225,-0.42167388764246555,0.125,298.69687742559665,4.599295256791397,0.8770000000000006,0.0245650303366523,0.8770000000000007,0.03,0.024556705477197936,0.125
3.7109423754948283,-0.4192915263334847,0.125,298.71978768276443,4.598834818895077,0.8780000000000007,0.024565030323278045,0.8780000000000007,0.03,0.024556705477197936,0.125
3.711294970586548,-0.4169088854396075,0.125,298.74283272302046,4.598374083502524,0.8790000000000007,0.024565030309439552,0.8790000000000007,0.03,0.024556705477197936,0.125
3.7116475611184208,-0.4145259599068974,0.125,298.7660149827809,4.597913045236027,0.8800000000000007,0.02456503029512843,0.8800000000000007,0.03,0.024556705477197936,0.125
3.71200014700752,-0.41214274455886907,0.125,298.78933695754074,4.597451698587473,0.8810000000000006,0.024565030280336075,0.8810000000000007,0.03,0.024556705477197936,0.125
3.7123527281688977,-0.4097592340927513,0.125,298.8128012036752,4.596990037914375,0.8820000000000007,0.0245650302650537,0.8820000000000007,0.03,0.024556705477197936,0.125
3.712705304515519,-0.40737542307561203,0.125,298.8364103403075,4.596528057435743,0.8830000000000007,0.024565030249272268,0.8830000000000007,0.03,0.024556705477197936,0.125
3.7130578759582007,-0.4049913059403401,0.125,298.86016705124683,4.596065751227817,0.8840000000000007,0.024565030232982545,0.8840000000000007,0.03,0.024556705477197936,0.125
3.713410442405542,-0.4026068769814773,0.125,298.8840740869966,4.595603113219624,0.8850000000000007,0.024565030216175048,0.8850000000000007,0.03,0.024556705477197936,0.125
3.713763003763857,-0.4002221303508939,0.125,298.9081342668401,4.595140137188376,0.8860000000000006,0.024565030198840074,0.8860000000000007,0.03,0.024556705477197936,0.125
3.7141155599371034,-0.39783706005330083,0.125,298.93235048100337,4.594676816754705,0.8870000000000007,0.024565030180967666,0.8870000000000007,0.03,0.024556705477197936,0.125
3.714468110826806,-0.39545165994159215,0.125,298.95672569290105,4.594213145377697,0.8880000000000007,0.024565030162547616,0.8880000000000007,0.03,0.024556705477197936,0.125
3.71482065633198,-0.39306592371200805,0.125,298.9812629414675,4.593749116349746,0.8890000000000007,0.024565030143569457,0.8890000000000007,0.03,0.024556705477197936,0.125
3.7151731963490495,-0.39067984489911356,0.125,299.00596534357817,4.593284722791215,0.8900000000000006,0.024565030124022457,0.8900000000000007,0.03,0.024556705477197936,0.125
3.7155257307717675,-0.388293416870581,0.125,299.03083609656477,4.592819957644884,0.8910000000000007,0.024565030103895595,0.8910000000000007,0.03,0.024556705477197936,0.125
3.715878259491125,-0.3859066328217708,0.125,299.0558784808274,4.592354813670181,0.8920000000000007,0.024565030083177584,0.8920000000000007,0.03,0.024556705477197936,0.125
3.7162307823952627,-0.3835194857700983,0.125,299.08109586255046,4.591889283437187,0.8930000000000007,0.024565030061856816,0.8930000000000007,0.03,0.024556705477197936,0.125
3.7165832993693764,-0.38113196854917925,0.125,299.1064916965249,4.5914233593204115,0.8940000000000006,0.024565030039921405,0.8940000000000007,0.03,0.024556705477197936,0.125
3.7169358102956207,-0.37874407380274183,0.125,299.13206952908354,4.59095703349231,0.8950000000000006,0.02456503001735913,0.8950000000000007,0.03,0.024556705477197936,0.125
3.7172883150530063,-0.3763557939782956,0.125,299.1578330011524,4.590490297916549,0.8960000000000007,0.024565029994157446,0.8960000000000007,0.03,0.024556705477197936,0.125
3.7176408135172956,-0.37396712132054505,0.125,299.18378585142676,4.590023144340998,0.8970000000000007,0.024565029970303486,0.8970000000000007,0.03,0.024556705477197936,0.125
3.7179933055608916,-0.37157804786453663,0.125,299.2099319196742,4.5895555642904355,0.8980000000000007,0.024565029945784016,0.8980000000000007,0.03,0.024556705477197936,0.125
3.718345791052724,-0.36918856542852496,0.125,299.2362751501738,4.589087549058961,0.8990000000000006,0.024565029920585447,0.8990000000000007,0.03,0.024556705477197936,0.125
3.7186982698581326,-0.3667986656065476,0.125,299.2628195952965,4.588619089702092,0.9000000000000007,0.024565029894693835,0.9000000000000007,0.03,0.024556705477197936,0.125
3.7189821281299307,-0.3646756171063373,0.125,299.278977218209,4.588089049251645,0.9010000000000007,0.02456502983458619,0.9010000000000007,0.03,0.024556705477197936,0.125
3.7192660248915232,-0.3625523085130577,0.125,299.29523206897534,4.587558902665144,0.9020000000000007,0.024565029774466562,0.9020000000000007,0.03,0.024556705477197936,0.125
3.719549960901405,-0.36042873470121906,0.125,299.31158606360367,4.587028647851035,0.9030000000000007,0.0245650297143347,0.9030000000000007,0.03,0.024556705477197936,0.125
3.7198339369381306,-0.3583048904097675,0.125,299.32804116877827,4.586498282662441,0.9040000000000007,0.024565029654190378,0.9040000000000007,0.03,0.024556705477197936,0.125
3.7201179538009854,-0.35618077023757433,0.125,299.3445994035461,4.585967804895325,0.9050000000000007,0.024565029594033335,0.9050000000000007,0.03,0.024556705477197936,0.125
3.7204020123106765,-0.3540563686387421,0.125,299.36126284107183,4.5854372122865765,0.9060000000000007,0.02456502953386333,0.9060000000000007,0.03,0.024556705477197936,0.125
3.7206861133100584,-0.3519316799177224,0.125,299.37803361046224,4.584906502512017,0.9070000000000008,0.02456502947368008,0.9070000000000007,0.03,0.024556705477197936,0.125
3.720970257664883,-0.3498066982242327,0.125,299.3949138986668,4.584375673184323,0.9080000000000007,0.02456502941348333,0.9080000000000007,0.03,0.024556705477197936,0.125
3.721254446264584,-0.34768141754796694,0.125,299.4119059524551,4.583844721850871,0.9090000000000007,0.0245650293532728,0.9090000000000007,0.03,0.024556705477197936,0.125
3.7215386800230914,-0.34555583171308546,0.125,299.4290120804761,4.583313645991491,0.9100000000000007,0.0245650292930482,0.9100000000000007,0.03,0.024556705477197936,0.125
3.72182295987968,-0.34342993437247726,0.125,299.44623465540366,4.58278244301612,0.9110000000000007,0.02456502923280925,0.9110000000000007,0.03,0.024556705477197936,0.125
3.7221072867998566,-0.34130371900178114,0.125,299.46357611617094,4.582251110262365,0.9120000000000008,0.02456502917255564,0.9120000000000007,0.03,0.024556705477197936,0.125
3.722393896252268,-0.33918089679330954,0.125,299.47152904532896,4.581732300806416,0.9130000000000007,0.024565029119554223,0.9130000000000007,0.03,0.024556705477197936,0.125
3.722680553986092,-0.3370578696863292,0.125,299.479505791641,4.581213479574455,0.9140000000000007,0.02456502906655322,0.9140000000000007,0.03,0.024556705477197936,0.125
3.722967243801584,-0.3349346039757985,0.125,299.4875807258427,4.580694548062301,0.9150000000000007,0.024565029013496015,0.9150000000000007,0.03,0.024556705477197936,0.125
3.723253966520242,-0.3328110935519193,0.125,299.49575636218106,4.580175503446067,0.9160000000000007,0.024565028960381187,0.9160000000000007,0.03,0.024556705477197936,0.125
3.7235407229918542,-0.33068733209449713,0.125,299.50403530148276,4.579656342804619,0.9170000000000007,0.024565028907207236,0.9170000000000007,0.03,0.024556705477197936,0.125
3.7238275140957255,-0.3285633130638058,0.125,299.5124202349146,4.579137063115364,0.9180000000000007,0.02456502885397263,0.9180000000000007,0.03,0.024556705477197936,0.125
3.724114340741971,-0.3264390296909727,0.125,299.52091394793945,4.578617661249795,0.9190000000000007,0.024565028800675768,0.9190000000000007,0.03,0.024556705477197936,0.125
3.7244012038728775,-0.3243144749678528,0.125,299.5295193244832,4.578098133968816,0.9200000000000007,0.024565028747315004,0.9200000000000007,0.03,0.024556705477197936,0.125
3.724688104464337,-0.3221896416363626,0.125,299.5382393513241,4.577578477917813,0.9210000000000007,0.024565028693888626,0.9210000000000007,0.03,0.024556705477197936,0.125
3.724975043527361,-0.32006452217723735,0.125,299.5470771227194,4.577058689621457,0.9220000000000006,0.024565028640394868,0.9220000000000007,0.03,0.024556705477197936,0.125
3.725262022109669,-0.3179391087981764,0.125,299.5560358452832,4.576538765478225,0.9230000000000007,0.024565028586831884,0.9230000000000007,0.03,0.024556705477197936,0.125
3.725549041297376,-0.3158133934213363,0.125,299.56511884313386,4.576018701754616,0.9240000000000008,0.02456502853319779,0.9240000000000007,0.03,0.024556705477197936,0.125
3.725836102216764,-0.31368736767013095,0.125,299.5743295633253,4.5754984945790556,0.9250000000000008,0.024565028479490596,0.9250000000000007,0.03,0.024556705477197936,0.125
3.726123206036156,-0.31156102285529197,0.125,299.5836715815835,4.5749781399354505,0.9260000000000007,0.024565028425708263,0.9260000000000007,0.03,0.024556705477197936,0.125
3.7264103539678985,-0.3094343499601417,0.125,299.5931486083669,4.574457633656381,0.9270000000000007,0.024565028371848666,0.9270000000000007,0.03,0.024556705477197936,0.125
3.726697547270453,-0.3073073396250254,0.125,299.60276449527277,4.57393697141591,0.9280000000000006,0.024565028317909604,0.9280000000000007,0.03,0.024556705477197936,0.125
3.72698478725061,-0.30517998213084696,0.125,299.612523241812,4.573416148721966,0.9290000000000007,0.02456502826388878,0.9290000000000007,0.03,0.024556705477197936,0.125
3.7272720752658297,-0.3030522673816472,0.125,299.6224290025788,4.572895160908296,0.9300000000000006,0.024565028209783832,0.9300000000000007,0.03,0.024556705477197936,0.125
3.727559412726728,-0.30092418488615885,0.125,299.63248609484094,4.572374003125941,0.9310000000000007,0.024565028155592267,0.9310000000000007,0.03,0.024556705477197936,0.125
3.727846801099695,-0.29879572373826685,0.125,299.64269900658024,4.571852670334204,0.9320000000000006,0.024565028101311535,0.9320000000000007,0.03,0.024556705477197936,0.125
3.7281342419096872,-0.29666687259629915,0.125,299.65307240501505,4.571331157291076,0.9330000000000008,0.024565028046938962,0.9330000000000007,0.03,0.024556705477197936,0.125
3.7284217367431745,-0.2945376196610635,0.125,299.66361114563796,4.570809458543087,0.9340000000000007,0.024565027992471764,0.9340000000000007,0.03,0.024556705477197936,0.125
3.72870928725128,-0.2924079526525425,0.125,299.67432028180633,4.5702875684145345,0.9350000000000006,0.02456502793790705,0.9350000000000007,0.03,0.024556705477197936,0.125
3.7289968951531014,-0.29027785878514895,0.125,299.6852050749248,4.569765480996049,0.9360000000000006,0.024565027883241813,0.9360000000000007,0.03,0.024556705477197936,0.125
3.729284562239249,-0.28814732474143684,0.125,299.6962710052635,4.569243190132437,0.9370000000000007,0.024565027828472908,0.9370000000000007,0.03,0.024556705477197936,0.125
3.729572290375601,-0.28601633664415604,0.125,299.7075237834579,4.568720689409773,0.9380000000000007,0.024565027773597075,0.9380000000000007,0.03,0.024556705477197936,0.125
3.7298600815073026,-0.2838848800265247,0.125,299.71896936274214,4.568197972141651,0.9390000000000006,0.02456502771861091,0.9390000000000007,0.03,0.024556705477197936,0.125
3.7301479376630193,-0.281752939800588,0.125,299.7306139519696,4.567675031354573,0.9400000000000006,0.02456502766351085,0.9400000000000007,0.03,0.024556705477197936,0.125
3.730435860959468,-0.2796205002235167,0.125,299.74246402948125,4.567151859772355,0.9410000000000007,0.024565027608293193,0.9410000000000007,0.03,0.024556705477197936,0.125
3.7307238536062473,-0.27748754486168675,0.125,299.75452635788747,4.56662844979954,0.9420000000000007,0.024565027552954068,0.9420000000000007,0.03,0.024556705477197936,0.125
3.731011917910988,-0.2753540565523697,0.125,299.7668079998331,4.566104793503688,0.9430000000000007,0.02456502749748943,0.9430000000000007,0.03,0.024556705477197936,0.125
3.731300056284852,-0.2732200173628439,0.125,299.7793163348231,4.5655808825964685,0.9440000000000005,0.024565027441895065,0.9440000000000007,0.03,0.024556705477197936,0.125
3.7315882712484023,-0.27108540854672325,0.125,299.7920590771941,4.5650567084134925,0.9450000000000007,0.02456502738616655,0.9450000000000007,0.03,0.024556705477197936,0.125
3.731876565437879,-0.2689502104972793,0.125,299.80504429532243,4.5645322618927215,0.9460000000000007,0.02456502733029927,0.9460000000000007,0.03,0.024556705477197936,0.125
3.7321649416119156,-0.2668144026975138,0.125,299.8182804321705,4.564007533551404,0.9470000000000007,0.024565027274288394,0.9470000000000007,0.03,0.024556705477197936,0.125
3.732453402658722,-0.2646779636667115,0.125,299.8317763272803,4.563482513461367,0.9480000000000007,0.02456502721812886,0.9480000000000007,0.03,0.024556705477197936,0.125
3.732741951603784,-0.26254087090318473,0.125,299.84554124033474,4.562957191222552,0.9490000000000007,0.02456502716181537,0.9490000000000007,0.03,0.024556705477197936,0.125
3.733030591618118,-0.2604031008228849,0.125,299.8595848764197,4.562431555934648,0.9500000000000006,0.024565027105342373,0.9500000000000007,0.03,0.024556705477197936,0.125
3.7333193260271247,-0.2582646286935322,0.125,299.8739174131306,4.561905596166638,0.9510000000000007,0.024565027048704044,0.9510000000000007,0.03,0.024556705477197936,0.125
3.7336081583201057,-0.2561254285638747,0.125,299.8885495296825,4.5613792999241145,0.9520000000000007,0.02456502699189427,0.9520000000000007,0.03,0.024556705477197936,0.125
3.733897092160482,-0.2539854731876528,0.125,299.9034924382002,4.560852654614124,0.9530000000000007,0.02456502693490663,0.9530000000000007,0.03,0.024556705477197936,0.125
3.7341861313967954,-0.25184473394179974,0.125,299.91875791737874,4.56032564700737,0.9540000000000006,0.024565026877734392,0.9540000000000007,0.03,0.024556705477197936,0.125
3.7344752800745513,-0.24970318073836353,0.125,299.93435834872946,4.559798263197499,0.9550000000000007,0.024565026820370466,0.9550000000000007,0.03,0.024556705477197936,0.125
3.734764542448979,-0.24756078192957864,0.125,299.9503067556432,4.559270488557229,0.9560000000000007,0.0245650267628074,0.9560000000000007,0.03,0.024556705477197936,0.125
3.735053922998804,-0.24541750420545957,0.125,299.9666168455321,4.558742307691015,0.9570000000000007,0.024565026705037348,0.9570000000000007,0.03,0.024556705477197936,0.125
3.735343426441116,-0.2432733124832188,0.125,299.98330305533506,4.55821370438394,0.9580000000000006,0.024565026647052044,0.9580000000000007,0.03,0.024556705477197936,0.125
3.73563305774744,-0.24112816978773774,0.125,300.0003806007051,4.557684661546473,0.9590000000000007,0.024565026588842784,0.9590000000000007,0.03,0.024556705477197936,0.125
3.7359228221611263,-0.23898203712223492,0.125,300.0178655292312,4.557155161154687,0.9600000000000007,0.02456502653040039,0.9600000000000007,0.03,0.024556705477197936,0.125
3.736212725216183,-0.23683487332817935,0.125,300.03577477808517,4.556625184185517,0.9610000000000007,0.024565026471715164,0.9610000000000007,0.03,0.024556705477197936,0.125
3.7365027727577043,-0.2346866349333927,0.125,300.054126236529,4.556094710546556,0.9620000000000007,0.024565026412776865,0.9620000000000007,0.03,0.024556705477197936,0.125
3.7367929709640357,-0.2325372759871603,0.125,300.07293881376876,4.555563718999837,0.9630000000000006,0.024565026353574677,0.9630000000000007,0.03,0.024556705477197936,0.125
3.737083326370874,-0.23038674788103708,0.125,300.09223251269486,4.5550321870790205,0.9640000000000006,0.02456502629409715,0.9640000000000007,0.03,0.024556705477197936,0.125
3.7373738458974755,-0.22823499915387865,0.125,300.1120285101136,4.5545000909992766,0.9650000000000007,0.024565026234332165,0.9650000000000007,0.03,0.024556705477197936,0.125
3.737664536875215,-0.22608197527945342,0.125,300.1323492441471,4.553967405559122,0.9660000000000006,0.02456502617426688,0.9660000000000007,0.03,0.024556705477197936,0.125
3.737956185171627,-0.22392994118803586,0.125,300.14879084342317,4.553439539175594,0.9670000000000005,0.024565026113286814,0.9670000000000007,0.03,0.024556705477197936,0.125
3.7382488834842666,-0.22177918616616607,0.125,300.1608066831538,4.552917151944291,0.9680000000000007,0.02456502605132284,0.9680000000000007,0.03,0.024556705477197936,0.125
3.7385417613490075,-0.2196270559276449,0.125,300.17339332824696,4.55239410770924,0.9690000000000006,0.024565025989042418,0.9690000000000007,0.03,0.024556705477197936,0.125
3.7388348279142996,-0.217473480403116,0.125,300.18657986209433,4.551870372995115,0.9700000000000008,0.024565025926429448,0.9700000000000008,0.03,0.024556705477197936,0.125
3.7391280929608333,-0.21531838468079428,0.125,300.20039737801375,4.551345912013134,0.9710000000000006,0.024565025863466684,0.9710000000000008,0.03,0.024556705477197936,0.125
3.739421566957117,-0.21316168858079232,0.125,300.2148791559324,4.550820686457708,0.9720000000000006,0.024565025800135674,0.9720000000000008,0.03,0.024556705477197936,0.125
3.7397152611210216,-0.21100330618373933,0.125,300.2300608580401,4.550294655281235,0.9730000000000008,0.024565025736416654,0.9730000000000008,0.03,0.024556705477197936,0.125
3.740009187488056,-0.2088431453078649,0.125,300.2459807458348,4.549767774444273,0.9740000000000008,0.02456502567228841,0.9740000000000008,0.03,0.024556705477197936,0.125
3.74030335898724,-0.20668110692785033,0.125,300.26267992133694,4.549239996637911,0.9750000000000006,0.024565025607728153,0.9750000000000008,0.03,0.024556705477197936,0.125
3.7405977895255917,-0.20451708452774,0.125,300.280202595674,4.548711270974616,0.9760000000000006,0.024565025542711384,0.9760000000000008,0.03,0.024556705477197936,0.125
3.740892494082386,-0.20235096337901498,0.125,300.29859638872733,4.54818154264334,0.9770000000000008,0.024565025477211695,0.9770000000000008,0.03,0.024556705477197936,0.125
3.7411874888145236,-0.20018261973353343,0.125,300.31791266411517,4.547650752523948,0.9780000000000008,0.024565025411200613,0.9780000000000008,0.03,0.024556705477197936,0.125
3.7414827911745774,-0.19801191991938935,0.125,300.33820690447044,4.54711883675527,0.9790000000000006,0.024565025344647388,0.9790000000000008,0.03,0.024556705477197936,0.125
3.741778420043336,-0.1958387193257879,0.125,300.35953913278456,4.546585726250133,0.9800000000000006,0.024565025277518738,0.9800000000000008,0.03,0.024556705477197936,0.125
3.7420743958789444,-0.19366286126071025,0.125,300.38197438655146,4.546051346149608,0.9810000000000008,0.02456502520977861,0.9810000000000008,0.03,0.024556705477197936,0.125
3.742370740885139,-0.19148417566237402,0.125,300.40558325259633,4.545515615207421,0.9820000000000008,0.02456502514138787,0.9820000000000008,0.03,0.024556705477197936,0.125
3.7426674792014896,-0.1893024776421819,0.125,300.43044247184764,4.544978445093854,0.9830000000000008,0.024565025072303983,0.9830000000000008,0.03,0.024556705477197936,0.125
3.742964637119063,-0.18711756583287498,0.125,300.45663562496253,4.5444397396065765,0.9840000000000007,0.02456502500248061,0.9840000000000008,0.03,0.024556705477197936,0.125
3.743262243325587,-0.1849292205108161,0.125,300.48425391170224,4.543899393773583,0.9850000000000008,0.024565024931867196,0.9850000000000008,0.03,0.024556705477197936,0.125
3.7435603291849144,-0.1827372014555299,0.125,300.5133970393642,4.543357292830589,0.9860000000000008,0.024565024860408468,0.9860000000000008,0.03,0.024556705477197936,0.125
3.743858929056523,-0.18054124550258316,0.125,300.5441742384972,4.542813311051939,0.9870000000000008,0.02456502478804386,0.9870000000000008,0.03,0.024556705477197936,0.125
3.7441581171668714,-0.17834184340666293,0.125,300.5760438643954,4.542268236192372,0.9880000000000007,0.024565024714175,0.9880000000000008,0.03,0.024556705477197936,0.125
3.7444583680434316,-0.17614947939448022,0.125,300.60003607293714,4.54173445186093,0.9890000000000008,0.024565024632201605,0.9890000000000008,0.03,0.024556705477197936,0.125
3.744759158199357,-0.1739532344375262,0.125,300.6253357748118,4.54119894379547,0.9900000000000008,0.02456502455008873,0.9900000000000008,0.03,0.024556705477197936,0.125
3.7450605262586856,-0.17175283057640736,0.125,300.6520366147566,4.540661588539442,0.9910000000000008,0.024565024467826383,0.9910000000000008,0.03,0.024556705477197936,0.125
3.7453625146240888,-0.16954796265867264,0.125,300.6802413988714,4.540122250558407,0.9920000000000007,0.024565024385403603,0.9920000000000008,0.03,0.024556705477197936,0.125
3.7456651699505352,-0.1673382949300359,0.125,300.7100632430381,4.5395807807260296,0.9930000000000007,0.024565024302808318,0.9930000000000008,0.03,0.024556705477197936,0.125
3.745968543692046,-0.16512345709964463,0.125,300.7416268985349,4.539037014576443,0.9940000000000008,0.024565024220027227,0.9940000000000008,0.03,0.024556705477197936,0.125
3.7462726927350367,-0.1629030397822192,0.125,300.7750702875831,4.538490770279868,0.9950000000000008,0.02456502413704561,0.9950000000000008,0.03,0.024556705477197936,0.125
3.7465776801346737,-0.16067658919881214,0.125,300.8105462886656,4.537941846288934,0.9960000000000007,0.024565024053847157,0.9960000000000008,0.03,0.024556705477197936,0.125
3.7468835759743517,-0.15844360099157453,0.125,300.84822482033655,4.537390018591495,0.9970000000000007,0.02456502397041375,0.9970000000000008,0.03,0.024556705477197936,0.125
3.747190458372979,-0.15620351297475693,0.125,300.8882952834153,4.536835037490952,0.9980000000000008,0.024565023886725185,0.9980000000000008,0.03,0.024556705477197936,0.125
3.7474984146706225,-0.15395569660220249,0.125,300.93096943559436,4.536276623816521,0.9990000000000008,0.024565023802758854,0.9990000000000008,0.03,0.024556705477197936,0.125
3.7478066267768604,-0.15170933143987858,0.125,300.9709235274822,4.535720683449,1.0000000000000009,0.024565023719513218,1.0000000000000009,0.03,0.024556705477197936,0.125
3.748037099562658,-0.1497826061468839,0.125,301.10548412439084,4.535129776341882,1.0010000000000008,0.0245650237349244,1.0010000000000008,0.03,0.024556705477197936,0.125
3.7482676927193115,-0.1478552061140431,0.125,301.24021447604196,4.534538675975141,1.002000000000001,0.024565023750333044,1.002000000000001,0.03,0.024556705477197936,0.125
3.7484984092306304,-0.1459271146155941,0.125,301.3751187903947,4.533947377558167,1.0030000000000008,0.024565023765739085,1.0030000000000008,0.03,0.024556705477197936,0.125
3.7487292521798636,-0.14399831436835928,0.125,301.5102014156452,4.533355876140699,1.004000000000001,0.02456502378114244,1.004000000000001,0.03,0.024556705477197936,0.125
3.7489602247538767,-0.14206878750833304,0.125,301.6454668461179,4.532764166606109,1.0050000000000008,0.024565023796543066,1.0050000000000008,0.03,0.024556705477197936,0.125
3.7491913302475433,-0.1401385155660719,0.125,301.78091972845635,4.532172243664361,1.006000000000001,0.024565023811940874,1.006000000000001,0.03,0.024556705477197936,0.125
3.74942257206836,-0.1382074794408299,0.125,301.916564868131,4.531580101844603,1.0070000000000006,0.02456502382733581,1.0070000000000008,0.03,0.024556705477197936,0.125
3.7496539537412987,-0.13627565937334948,0.125,302.0524072362836,4.530987735487371,1.008000000000001,0.024565023842727792,1.008000000000001,0.03,0.024556705477197936,0.125
3.7498854789139107,-0.1343430349172399,0.125,302.18845197692923,4.530395138736388,1.0090000000000008,0.024565023858116732,1.0090000000000008,0.03,0.024556705477197936,0.125
3.750117151361709,-0.13240958490884283,0.125,302.3247044145368,4.52980230552994,1.0100000000000007,0.02456502387350256,1.010000000000001,0.03,0.024556705477197936,0.125
3.750348974993821,-0.13047528743550504,0.125,302.46117006201166,4.529209229591784,1.0110000000000008,0.024565023888885193,1.0110000000000008,0.03,0.024556705477197936,0.125
3.7505809538589583,-0.12854011980214475,0.125,302.59785462910645,4.5286159044215735,1.012000000000001,0.02456502390426455,1.012000000000001,0.03,0.024556705477197936,0.125
3.7508130921516982,-0.12660405849601827,0.125,302.73476403128615,4.528022323284767,1.0130000000000008,0.024565023919640532,1.0130000000000008,0.03,0.024556705477197936,0.125
3.7510453942191173,-0.12466707914955828,0.125,302.87190439907636,4.527428479201981,1.0140000000000007,0.024565023935013055,1.014000000000001,0.03,0.024556705477197936,0.125
3.7512778645677796,-0.12272915650117372,0.125,303.0092820879267,4.526834364937768,1.0150000000000008,0.024565023950382018,1.0150000000000008,0.03,0.024556705477197936,0.125
3.751510507871126,-0.12079026435386549,0.125,303.14690368862136,4.5262399729887575,1.016000000000001,0.024565023965747328,1.016000000000001,0.03,0.024556705477197936,0.125
3.7517433289772604,-0.11885037553152938,0.125,303.28477603827344,4.525645295571147,1.0170000000000008,0.024565023981108876,1.0170000000000008,0.03,0.024556705477197936,0.125
3.7519763329171996,-0.1169094618327786,0.125,303.42290623194214,4.5250503246074665,1.018000000000001,0.02456502399646657,1.018000000000001,0.03,0.024556705477197936,0.125
3.7522095249135665,-0.11496749398213553,0.125,303.56130163491235,4.524455051712606,1.0190000000000008,0.02456502401182028,1.0190000000000008,0.03,0.024556705477197936,0.125
3.752442484832508,-0.11302851670743998,0.125,303.69785515910837,4.523861840585656,1.0200000000000011,0.02456502402727955,1.020000000000001,0.03,0.024556705477197936,0.125
3.7526753009204445,-0.11109165328515473,0.125,303.83303294617366,4.523270167600707,1.0210000000000008,0.02456502404281964,1.0210000000000008,0.03,0.024556705477197936,0.125
3.752908307696679,-0.1091537072260524,0.125,303.9684909393245,4.522678174731444,1.022000000000001,0.024565024058354742,1.022000000000001,0.03,0.024556705477197936,0.125
3.753141510986712,-0.10721464545573886,0.125,304.10423769881504,4.522085852205453,1.0230000000000008,0.024565024073884698,1.0230000000000008,0.03,0.024556705477197936,0.125
3.753374916855772,-0.1052744335387342,0.125,304.24028213717355,4.521493189848153,1.024000000000001,0.024565024089409353,1.024000000000001,0.03,0.024556705477197936,0.125
3.7536085316212873,-0.1033330356077338,0.125,304.37663353751026,4.520900177061914,1.0250000000000008,0.02456502410492854,1.0250000000000008,0.03,0.024556705477197936,0.125
3.7538423618661154,-0.10139041428840394,0.125,304.51330157298196,4.520306802803823,1.026000000000001,0.024565024120442074,1.026000000000001,0.03,0.024556705477197936,0.125
3.754076414452646,-0.09944653061939464,0.125,304.65029632749435,4.519713055562057,1.0270000000000008,0.024565024135949794,1.0270000000000008,0.03,0.024556705477197936,0.125
3.754310696537788,-0.09750134396719587,0.125,304.7876283177381,4.519118923330721,1.0280000000000007,0.024565024151451505,1.028000000000001,0.03,0.024556705477197936,0.125
3.7545452155889474,-0.09555481193546003,0.125,304.92530851665873,4.51852439358306,1.0290000000000006,0.024565024166947013,1.0290000000000008,0.03,0.024556705477197936,0.125
3.754779979401047,-0.09360689026835194,0.125,305.0633483784706,4.5179294532429,1.030000000000001,0.024565024182436113,1.030000000000001,0.03,0.024556705477197936,0.125
3.75501499611468,-0.09165753274747651,0.125,305.20175986533457,4.517334088654195,1.0310000000000008,0.02456502419791859,1.0310000000000008,0.03,0.024556705477197936,0.125
3.755250274235489,-0.08970669108186662,0.125,305.34055547583046,4.5167382855485165,1.0320000000000007,0.02456502421339422,1.032000000000001,0.03,0.024556705477197936,0.125
3.755485822654862,-0.08775431479049399,0.125,305.479748275366,4.516142029010349,1.0330000000000006,0.024565024228862777,1.0330000000000008,0.03,0.024556705477197936,0.125
3.755721650672044,-0.08580035107668905,0.125,305.61935192867884,4.515545303439977,1.034000000000001,0.024565024244324014,1.034000000000001,0.03,0.024556705477197936,0.125
3.7559577680178005,-0.08384474469382665,0.125,305.75938073459974,4.5149480925138015,1.0350000000000008,0.02456502425977767,1.0350000000000008,0.03,0.024556705477197936,0.125
3.756193761608872,-0.08189065122021302,0.125,305.89884192102414,4.514351899856227,1.0360000000000007,0.02456502427517837,1.036000000000001,0.03,0.024556705477197936,0.125
3.7564291997330956,-0.07994133092857679,0.125,306.0367136465376,4.513758259268279,1.0370000000000008,0.024565024290481508,1.0370000000000008,0.03,0.024556705477197936,0.125
3.7566649353442014,-0.07799030976177718,0.125,306.17502476609445,4.513164107743371,1.038000000000001,0.02456502430577803,1.038000000000001,0.03,0.024556705477197936,0.125
3.7569009796620634,-0.07603752357040498,0.125,306.3137918516743,4.512569426011242,1.0390000000000008,0.024565024321067688,1.0390000000000008,0.03,0.024556705477197936,0.125
3.7571373444779614,-0.07408290493807196,0.125,306.45303231922856,4.511974193820247,1.040000000000001,0.024565024336350223,1.040000000000001,0.03,0.024556705477197936,0.125
3.757374042191418,-0.07212638297075791,0.125,306.5927644830998,4.51137838987407,1.0410000000000008,0.02456502435162536,1.0410000000000008,0.03,0.024556705477197936,0.125
3.757611085849934,-0.07016788306963799,0.125,306.7330076147078,4.510781991763482,1.0420000000000011,0.0245650243668928,1.042000000000001,0.03,0.024556705477197936,0.125
3.7578484891918777,-0.06820732668587436,0.125,306.8737820058953,4.510184975892687,1.0430000000000008,0.02456502438215224,1.0430000000000008,0.03,0.024556705477197936,0.125
3.7580862666928256,-0.06624463105566306,0.125,307.0151090373746,4.5095873173997285,1.044000000000001,0.024565024397403365,1.044000000000001,0.03,0.024556705477197936,0.125
3.758324433615678,-0.06427970891367243,0.125,307.15701125275615,4.508988990070406,1.0450000000000008,0.02456502441264584,1.0450000000000008,0.03,0.024556705477197936,0.125
3.758563006064932,-0.062312468182772446,0.125,307.29951243870164,4.508389966245069,1.0460000000000007,0.024565024427879292,1.046000000000001,0.03,0.024556705477197936,0.125
3.7588020010454963,-0.06034281163775045,0.125,307.44263771179845,4.507790216717605,1.0470000000000006,0.02456502444310335,1.0470000000000008,0.03,0.024556705477197936,0.125
3.7590414365265112,-0.05837063654041693,0.125,307.58641361282355,4.507189710625818,1.048000000000001,0.024565024458317614,1.048000000000001,0.03,0.024556705477197936,0.125
3.7592807743961965,-0.0564003280806792,0.125,307.7294141588011,4.506590680763408,1.0490000000000008,0.024565024473228315,1.0490000000000008,0.03,0.024556705477197936,0.125
3.7595199354469995,-0.05443257508589074,0.125,307.87136150517534,4.505993499142996,1.050000000000001,0.024565024487803965,1.050000000000001,0.03,0.024556705477197936,0.125
3.75975955235682,-0.05246232405080479,0.125,308.01386370912286,4.505395642916545,1.0510000000000006,0.024565024502374976,1.0510000000000008,0.03,0.024556705477197936,0.125
3.759999645034794,-0.050489465876284306,0.125,308.1569450034322,4.504797082621385,1.052000000000001,0.02456502451694115,1.052000000000001,0.03,0.024556705477197936,0.125
3.7602402345665307,-0.048513885016295506,0.125,308.3006310528583,4.504197787053837,1.0530000000000008,0.024565024531502264,1.0530000000000008,0.03,0.024556705477197936,0.125
3.7604813433023168,-0.0465354589945628,0.125,308.4449490614815,4.50359772313868,1.054000000000001,0.024565024546058092,1.054000000000001,0.03,0.024556705477197936,0.125
3.7607229949533716,-0.04455405787708395,0.125,308.58992788987115,4.5029968557867,1.0550000000000006,0.024565024560608394,1.0550000000000008,0.03,0.024556705477197936,0.125
3.7609652146970425,-0.04256954369571433,0.125,308.7355981831172,4.502395147739037,1.056000000000001,0.02456502457515292,1.056000000000001,0.03,0.024556705477197936,0.125
3.7612080292918932,-0.040581769817457314,0.125,308.881992510922,4.501792559396845,1.0570000000000008,0.02456502458969139,1.0570000000000008,0.03,0.024556705477197936,0.125
3.761451467203822,-0.03859058025338362,0.125,309.0291455211008,4.501189048634677,1.058000000000001,0.024565024604223516,1.058000000000001,0.03,0.024556705477197936,0.125
3.7616949327968343,-0.03659976262685287,0.125,309.17677701106226,4.5005860202929115,1.0590000000000008,0.024565024618736397,1.0590000000000008,0.03,0.024556705477197936,0.125
3.7619377212344207,-0.03461376060664551,0.125,309.3245228265436,4.499985098429164,1.060000000000001,0.024565024633216158,1.060000000000001,0.03,0.024556705477197936,0.125
3.762181195507649,-0.03262397447278228,0.125,309.4730814745926,4.499383135803511,1.0610000000000008,0.024565024647689875,1.0610000000000008,0.03,0.024556705477197936,0.125
3.762425392410872,-0.030630201211587042,0.125,309.62249656281256,4.498780076580184,1.062000000000001,0.02456502466215722,1.062000000000001,0.03,0.024556705477197936,0.125
3.762670351418338,-0.028632223023003764,0.125,309.7728148749407,4.498175860856648,1.0630000000000008,0.02456502467661785,1.0630000000000008,0.03,0.024556705477197936,0.125
3.7629161149326995,-0.02662980594942913,0.125,309.9240866653764,4.497570424286485,1.064000000000001,0.024565024691071392,1.064000000000001,0.03,0.024556705477197936,0.125
3.7631627285617064,-0.024622698349088968,0.125,310.0763659871024,4.496963697659518,1.0650000000000008,0.02456502470551744,1.0650000000000008,0.03,0.024556705477197936,0.125
3.763410241426858,-0.022610629192983775,0.125,310.2297110575025,4.496355606433415,1.066000000000001,0.024565024719955565,1.066000000000001,0.03,0.024556705477197936,0.125
3.7636586009634034,-0.02059393403460428,0.125,310.38414269637116,4.495746275945513,1.0670000000000008,0.024565024734383642,1.0670000000000008,0.03,0.024556705477197936,0.125
3.763905380333313,-0.018587051502331246,0.125,310.53869893818455,4.49514043844281,1.0680000000000007,0.024565024748763428,1.068000000000001,0.03,0.024556705477197936,0.125
3.7641531810021664,-0.016574510387604036,0.125,310.69442261216955,4.494533027544581,1.0690000000000006,0.02456502476313555,1.0690000000000008,0.03,0.024556705477197936,0.125
3.7644020706368058,-0.01455593577727163,0.125,310.85139106732254,4.493923939004457,1.070000000000001,0.0245650247774995,1.070000000000001,0.03,0.024556705477197936,0.125
3.764652123016822,-0.012530918890038639,0.125,311.0096886400369,4.493313059158871,1.0710000000000008,0.02456502479185473,1.0710000000000008,0.03,0.024556705477197936,0.125
3.7649034187407593,-0.01049901316370581,0.125,311.16940746135117,4.492700263839099,1.072000000000001,0.02456502480620064,1.072000000000001,0.03,0.024556705477197936,0.125
3.765156046032531,-0.008459729787143322,0.125,311.3306483787555,4.4920854171289015,1.0730000000000006,0.02456502482053655,1.0730000000000008,0.03,0.024556705477197936,0.125
3.7654090759399907,-0.006418543325253611,0.125,311.49231381904906,4.491470277682564,1.074000000000001,0.024565024834855734,1.074000000000001,0.03,0.024556705477197936,0.125
3.765660139353351,-0.004389329213734698,0.125,311.65150985634625,4.490859244283461,1.0750000000000008,0.02456502484914383,1.0750000000000008,0.03,0.024556705477197936,0.125
3.7659125674757683,-0.0023525734595391005,0.125,311.81208584975684,4.490246128090271,1.076000000000001,0.024565024863419535,1.076000000000001,0.03,0.024556705477197936,0.125
3.7661664624639464,-0.00030771152521788905,0.125,311.9741450973205,4.489630773193291,1.0770000000000006,0.024565024877681935,1.0770000000000008,0.03,0.024556705477197936,0.125
3.7664219369315766,0.0017458789139670114,0.125,312.1378014708903,4.489013007723561,1.078000000000001,0.02456502489193,1.078000000000001,0.03,0.024556705477197936,0.125
3.7666791153224697,0.003808885558267416,0.125,312.3031808046124,4.488392641757206,1.0790000000000008,0.024565024906162594,1.0790000000000008,0.03,0.024556705477197936,0.125
3.7669367312847934,0.005873999467185415,0.125,312.4692187524203,4.487771918443208,1.080000000000001,0.024565024920367093,1.080000000000001,0.03,0.024556705477197936,0.125
3.7671940451946897,0.007936961101206884,0.125,312.6351909955993,4.4871521386449595,1.0810000000000008,0.02456502493453696,1.0810000000000008,0.03,0.024556705477197936,0.125
3.7674533726593586,0.010011054694417694,0.125,312.8030479573392,4.486529281180529,1.082000000000001,0.024565024948689108,1.082000000000001,0.03,0.024556705477197936,0.125
3.767714895479914,0.012097285336233016,0.125,312.9729598063088,4.485903068171633,1.0830000000000006,0.024565024962821935,1.0830000000000009,0.03,0.024556705477197936,0.125
3.7679788180226996,0.014196782868172716,0.125,313.1451178325809,4.485273187249626,1.084000000000001,0.02456502497693365,1.084000000000001,0.03,0.024556705477197936,0.125
3.768243476675182,0.016299715132201346,0.125,313.3188580321191,4.484642816758512,1.0850000000000009,0.024565024991007038,1.0850000000000009,0.03,0.024556705477197936,0.125
3.7685094245419095,0.01840929490458768,0.125,313.4944801504094,4.484010956190383,1.0860000000000007,0.024565025005045003,1.086000000000001,0.03,0.024556705477197936,0.125
3.7687785956311353,0.02053677941296473,0.125,313.67299950819654,4.483374083801111,1.0870000000000009,0.024565025019058884,1.0870000000000009,0.03,0.024556705477197936,0.125
3.769051364745944,0.02268425065765617,0.125,313.8547530025767,4.4827316168056,1.088000000000001,0.024565025033045872,1.088000000000001,0.03,0.024556705477197936,0.125
3.7693238123884734,0.0248309940710942,0.125,314.0357017741282,4.482088590601686,1.0890000000000009,0.024565025046997813,1.0890000000000009,0.03,0.024556705477197936,0.125
3.769596804128723,0.026981668675111717,0.125,314.2165760229374,4.48144380868825,1.0900000000000007,0.02456502506091043,1.090000000000001,0.03,0.024556705477197936,0.125
3.7698735724914934,0.029153548873410932,0.125,314.40056765916125,4.480792927553492,1.0910000000000006,0.024565025074782514,1.0910000000000009,0.03,0.024556705477197936,0.125
3.770153375846775,0.03134269346704393,0.125,314.5868894213806,4.480136921643757,1.092000000000001,0.024565025088604624,1.092000000000001,0.03,0.024556705477197936,0.125
3.770429918041353,0.03351511543338778,0.125,314.76921020622115,4.479484592125284,1.0930000000000009,0.024565025102349307,1.0930000000000009,0.03,0.024556705477197936,0.125
3.770710550022796,0.03571088702045611,0.125,314.95448656454437,4.478825271804495,1.0940000000000007,0.024565025116041757,1.094000000000001,0.03,0.024556705477197936,0.125
3.7709957545990176,0.037932759837190466,0.125,315.1430726916579,4.478158140270014,1.0950000000000006,0.024565025129676586,1.0950000000000009,0.03,0.024556705477197936,0.125
3.771285752750596,0.0401816727829354,0.125,315.33547895532365,4.477483142843022,1.096000000000001,0.024565025143302704,1.096000000000001,0.03,0.024556705477197936,0.125
3.771581693367742,0.042464657222470115,0.125,315.53202270077196,4.476797843164954,1.0970000000000009,0.024565025156829776,1.0970000000000009,0.03,0.024556705477197936,0.125
3.77187229695842,0.044724996878485274,0.125,315.7240811725282,4.476113842539616,1.098000000000001,0.02456502517026983,1.098000000000001,0.03,0.024556705477197936,0.125
3.7721554128943495,0.046951592168962844,0.125,315.9098903735143,4.475433638789767,1.0990000000000009,0.0245650251835673,1.0990000000000009,0.03,0.024556705477197936,0.125
3.772442651042697,0.04920357847595573,0.125,316.0981858633863,4.474744533204725,1.100000000000001,0.02456502519666414,1.100000000000001,0.03,0.024556705477197936,0.125
3.77265299348033,0.05105295760317473,0.125,316.11834898859246,4.474114409616196,1.1010000000000009,0.024565025176584803,1.1010000000000009,0.03,0.024556705477197936,0.125
3.772863328096363,0.052902312924184416,0.125,316.13853843726895,4.473484278547712,1.102000000000001,0.02456502515650547,1.102000000000001,0.03,0.024556705477197936,0.125
3.773073655061201,0.05475164495763361,0.125,316.1587536359244,4.472854140162237,1.1030000000000009,0.024565025136426125,1.1030000000000009,0.03,0.024556705477197936,0.125
3.7732839745403344,0.056600954207215406,0.125,316.1789940276062,4.472223994618027,1.104000000000001,0.024565025116346784,1.104000000000001,0.03,0.024556705477197936,0.125
3.7734942866945116,0.05845024116219927,0.125,316.1992590713089,4.471593842068815,1.1050000000000009,0.024565025096267446,1.1050000000000009,0.03,0.024556705477197936,0.125
3.7737045916799152,0.06029950629794683,0.125,316.2195482414069,4.47096368266396,1.1060000000000008,0.02456502507618811,1.106000000000001,0.03,0.024556705477197936,0.125
3.7739148896483194,0.062148750076399376,0.125,316.2398610271129,4.470333516548605,1.1070000000000007,0.024565025056108768,1.1070000000000009,0.03,0.024556705477197936,0.125
3.77412518074724,0.06399797294655131,0.125,316.26019693195656,4.469703343863824,1.1080000000000008,0.024565025036029434,1.108000000000001,0.03,0.024556705477197936,0.125
3.7743354651200893,0.06584717534489742,0.125,316.28055547328756,4.4690731647467645,1.1090000000000009,0.024565025015950093,1.1090000000000009,0.03,0.024556705477197936,0.125
3.7745457429063154,0.067696357695868,0.125,316.30093618179734,4.468442979330785,1.110000000000001,0.02456502499587076,1.110000000000001,0.03,0.024556705477197936,0.125
3.7747560142415373,0.06954552041223964,0.125,316.32133860106137,4.4678127877455776,1.1110000000000009,0.02456502497579142,1.1110000000000009,0.03,0.024556705477197936,0.125
3.7749662792576757,0.07139466389553566,0.125,316.3417622871006,4.467182590117304,1.1120000000000008,0.024565024955712077,1.112000000000001,0.03,0.024556705477197936,0.125
3.7751765380830804,0.07324378853640379,0.125,316.36220680795924,4.466552386568706,1.1130000000000007,0.02456502493563274,1.1130000000000009,0.03,0.024556705477197936,0.125
3.775386790842647,0.07509289471498516,0.125,316.3826717433012,4.465922177219223,1.1140000000000008,0.0245650249155534,1.114000000000001,0.03,0.024556705477197936,0.125
3.7755970376579344,0.07694198280126188,0.125,316.40315668402155,4.465291962185107,1.1150000000000007,0.024565024895474064,1.1150000000000009,0.03,0.024556705477197936,0.125
3.775807278647276,0.0787910531553975,0.125,316.4236612318741,4.464661741579521,1.116000000000001,0.024565024875394727,1.116000000000001,0.03,0.024556705477197936,0.125
3.776017513925883,0.08064010612805714,0.125,316.44418499911365,4.464031515512643,1.1170000000000009,0.02456502485531539,1.1170000000000009,0.03,0.024556705477197936,0.125
3.7762277436059506,0.082489142060722,0.125,316.4647276081518,4.463401284091767,1.1180000000000008,0.024565024835236052,1.118000000000001,0.03,0.024556705477197936,0.125
3.7764379677967517,0.08433816128598469,0.125,316.4852886912267,4.462771047421397,1.1190000000000009,0.024565024815156718,1.1190000000000009,0.03,0.024556705477197936,0.125
3.776648186604738,0.08618716412783992,0.125,316.50586789008565,4.4621408056033305,1.120000000000001,0.02456502479507737,1.120000000000001,0.03,0.024556705477197936,0.125
3.776858400133622,0.08803615090195717,0.125,316.5264648556793,4.461510558736751,1.1210000000000007,0.024565024774998032,1.1210000000000009,0.03,0.024556705477197936,0.125
3.777068608484471,0.08988512191594972,0.125,316.54707924786845,4.4608803069183125,1.1220000000000008,0.024565024754918695,1.122000000000001,0.03,0.024556705477197936,0.125
3.777278811755789,0.09173407746962677,0.125,316.56771073514113,4.460250050242215,1.1230000000000009,0.024565024734839357,1.1230000000000009,0.03,0.024556705477197936,0.125
3.7774890100435967,0.09358301785524262,0.125,316.5883589943413,4.459619788800285,1.124000000000001,0.024565024714760023,1.124000000000001,0.03,0.024556705477197936,0.125
3.7776992034415087,0.09543194335772981,0.125,316.6090237104067,4.4589895226820495,1.1250000000000009,0.024565024694680682,1.1250000000000009,0.03,0.024556705477197936,0.125
3.777909392040812,0.0972808542549304,0.125,316.6297045761172,4.458359251974808,1.126000000000001,0.02456502467460134,1.126000000000001,0.03,0.024556705477197936,0.125
3.778119470129652,0.09912927354009966,0.125,316.6504240271735,4.4577290308359885,1.127000000000001,0.024565024654522004,1.127000000000001,0.03,0.024556705477197936,0.125
3.778329514011581,0.10097754647453873,0.125,316.6711669854548,4.45709881921907,1.128000000000001,0.024565024634442666,1.128000000000001,0.03,0.024556705477197936,0.125
3.7785395496761445,0.10282579022273261,0.125,316.6919276239325,4.456468603918147,1.1290000000000007,0.024565024614363322,1.129000000000001,0.03,0.024556705477197936,0.125
3.778749577336892,0.10467400554315404,0.125,316.7127054831458,4.455838385028958,1.130000000000001,0.024565024594283988,1.130000000000001,0.03,0.024556705477197936,0.125
3.7789595972000334,0.10652219316821876,0.125,316.73350011941744,4.455208162643951,1.131000000000001,0.024565024574204647,1.131000000000001,0.03,0.024556705477197936,0.125
3.7791696094647573,0.10837035380539843,0.125,316.754311104182,4.454577936852426,1.132000000000001,0.02456502455412531,1.132000000000001,0.03,0.024556705477197936,0.125
3.7793796143235237,0.11021848813827023,0.125,316.7751380233471,4.4539477077406655,1.1330000000000007,0.024565024534045972,1.133000000000001,0.03,0.024556705477197936,0.125
3.7795896119623484,0.11206659682752045,0.125,316.7959804766885,4.453317475392066,1.134000000000001,0.024565024513966634,1.134000000000001,0.03,0.024556705477197936,0.125
3.7797996025610696,0.11391468051189146,0.125,316.81683807727364,4.4526872398872515,1.135000000000001,0.024565024493887297,1.135000000000001,0.03,0.024556705477197936,0.125
3.7800095862936014,0.11576273980908859,0.125,316.83771045091487,4.452057001304191,1.1360000000000012,0.024565024473807963,1.136000000000001,0.03,0.024556705477197936,0.125
3.7802195633281745,0.11761077531663572,0.125,316.8585972356485,4.451426759718306,1.137000000000001,0.024565024453728622,1.137000000000001,0.03,0.024556705477197936,0.125
3.7804295338275735,0.11945878761269617,0.125,316.87949808124034,4.4507965152025735,1.138000000000001,0.02456502443364928,1.138000000000001,0.03,0.024556705477197936,0.125
3.7806394979493443,0.12130677725684733,0.125,316.90041264871365,4.450166267827628,1.1390000000000007,0.024565024413569943,1.139000000000001,0.03,0.024556705477197936,0.125
3.780849455846013,0.12315474479082461,0.125,316.9213406099012,4.449536017661848,1.140000000000001,0.024565024393490606,1.140000000000001,0.03,0.024556705477197936,0.125
3.7810594076652784,0.12500269073922388,0.125,316.94228164701724,4.4489057647714505,1.1410000000000007,0.024565024373411265,1.141000000000001,0.03,0.024556705477197936,0.125
3.7812693535502073,0.1268506156101771,0.125,316.9632354522504,4.448275509220575,1.142000000000001,0.024565024353331924,1.142000000000001,0.03,0.024556705477197936,0.125
3.781479293639405,0.12869851989599002,0.125,316.9842017273753,4.447645251071361,1.143000000000001,0.02456502433325259,1.143000000000001,0.03,0.024556705477197936,0.125
3.781689228067198,0.13054640407375662,0.125,317.00518018338244,4.447014990384028,1.1440000000000008,0.02456502431317325,1.144000000000001,0.03,0.024556705477197936,0.125
3.7818991569637928,0.13239426860593925,0.125,317.0261705401249,4.4463847272169525,1.1450000000000007,0.024565024293093908,1.145000000000001,0.03,0.024556705477197936,0.125
3.7821090804554327,0.13424211394092808,0.125,317.04717252598107,4.445754461626731,1.1460000000000008,0.02456502427301457,1.146000000000001,0.03,0.024556705477197936,0.125
3.7823189986645485,0.1360899405135695,0.125,317.0681858775331,4.44512419366825,1.147000000000001,0.024565024252935233,1.147000000000001,0.03,0.024556705477197936,0.125
3.7825289117099006,0.1379377487456765,0.125,317.08921033925895,4.444493923394756,1.1480000000000008,0.024565024232855896,1.148000000000001,0.03,0.024556705477197936,0.125
3.7827388197067173,0.13978553904651037,0.125,317.1102456632394,4.443863650857903,1.149000000000001,0.024565024212776558,1.149000000000001,0.03,0.024556705477197936,0.125
3.782948722766823,0.14163331181324731,0.125,317.13129160887695,4.443233376107829,1.150000000000001,0.024565024192697217,1.150000000000001,0.03,0.024556705477197936,0.125
3.7831586209987633,0.14348106743141792,0.125,317.15234794262756,4.442603099193192,1.1510000000000007,0.02456502417261788,1.151000000000001,0.03,0.024556705477197936,0.125
3.783368514507925,0.14532880627533423,0.125,317.1734144377441,4.441972820161244,1.152000000000001,0.024565024152538542,1.152000000000001,0.03,0.024556705477197936,0.125
3.7835784033966506,0.1471765287084915,0.125,317.19449087403103,4.441342539057865,1.153000000000001,0.0245650241324592,1.153000000000001,0.03,0.024556705477197936,0.125
3.783788287764346,0.1490242350839595,0.125,317.2155770376094,4.440712255927619,1.154000000000001,0.024565024112379864,1.154000000000001,0.03,0.024556705477197936,0.125
3.7839981677075873,0.15087192574475028,0.125,317.2366727206917,4.440081970813805,1.155000000000001,0.024565024092300526,1.155000000000001,0.03,0.024556705477197936,0.125
3.784208043320218,0.15271960102417703,0.125,317.2577777213666,4.439451683758493,1.1560000000000008,0.024565024072221185,1.156000000000001,0.03,0.024556705477197936,0.125
3.7844179146934454,0.15456726124619125,0.125,317.2788918433931,4.4388213948025745,1.157000000000001,0.02456502405214185,1.157000000000001,0.03,0.024556705477197936,0.125
3.784627781915935,0.15641490672571243,0.125,317.30001489600255,4.438191103985801,1.1580000000000008,0.02456502403206251,1.158000000000001,0.03,0.024556705477197936,0.125
3.784837645073897,0.15826253776893726,0.125,317.32114669370907,4.437560811346821,1.1590000000000007,0.024565024011983173,1.159000000000001,0.03,0.024556705477197936,0.125
3.7850475042511706,0.16011015467364295,0.125,317.3422870561284,4.436930516923219,1.1600000000000013,0.024565023991903835,1.160000000000001,0.03,0.024556705477197936,0.125
3.785257359529303,0.16195775772947138,0.125,317.363435807803,4.436300220751559,1.161000000000001,0.024565023971824494,1.161000000000001,0.03,0.024556705477197936,0.125
3.7854672109876315,0.1638053472182081,0.125,317.3845927780357,4.435669922867406,1.1620000000000013,0.02456502395174516,1.162000000000001,0.03,0.024556705477197936,0.125
3.7856770587033544,0.16565292341404406,0.125,317.40575780072925,4.43503962330537,1.163000000000001,0.02456502393166582,1.163000000000001,0.03,0.024556705477197936,0.125
3.7858869027516047,0.16750048658383243,0.125,317.4269307142318,4.4344093220991345,1.164000000000001,0.024565023911586478,1.164000000000001,0.03,0.024556705477197936,0.125
3.7860967432055146,0.16934803698732975,0.125,317.4481113611898,4.433779019281485,1.165000000000001,0.02456502389150714,1.165000000000001,0.03,0.024556705477197936,0.125
3.7863065801362885,0.17119557487743317,0.125,317.4692995884058,4.433148714884348,1.166000000000001,0.024565023871427803,1.166000000000001,0.03,0.024556705477197936,0.125
3.7865164136132607,0.1730431005004023,0.125,317.4904952467023,4.432518408938803,1.167000000000001,0.024565023851348462,1.167000000000001,0.03,0.024556705477197936,0.125
3.7867262437039573,0.17489061409607873,0.125,317.51169819079064,4.431888101475126,1.168000000000001,0.024565023831269128,1.168000000000001,0.03,0.024556705477197936,0.125
3.786936070474158,0.17673811589809055,0.125,317.5329082791451,4.431257792522806,1.169000000000001,0.02456502381118979,1.169000000000001,0.03,0.024556705477197936,0.125
3.7871458939879465,0.1785856061340554,0.125,317.55412537388173,4.430627482110572,1.1700000000000008,0.02456502379111045,1.170000000000001,0.03,0.024556705477197936,0.125
3.7873557143077705,0.1804330850257696,0.125,317.5753493406424,4.4299971702664225,1.171000000000001,0.024565023771031112,1.171000000000001,0.03,0.024556705477197936,0.125
3.7875655314944896,0.1822805527893957,0.125,317.59658004848205,4.429366857017642,1.172000000000001,0.02456502375095177,1.172000000000001,0.03,0.024556705477197936,0.125
3.787775345607429,0.1841280096356378,0.125,317.617817369762,4.428736542390825,1.173000000000001,0.02456502373087243,1.173000000000001,0.03,0.024556705477197936,0.125
3.7879851567044223,0.18597545576991528,0.125,317.6390611800456,4.428106226411901,1.174000000000001,0.024565023710793096,1.174000000000001,0.03,0.024556705477197936,0.125
3.788194964841864,0.18782289139252464,0.125,317.6603113579981,4.427475909106154,1.175000000000001,0.024565023690713755,1.175000000000001,0.03,0.024556705477197936,0.125
3.7884047700747496,0.18967031669880122,0.125,317.68156778529163,4.426845590498237,1.176000000000001,0.02456502367063442,1.176000000000001,0.03,0.024556705477197936,0.125
3.7886145724567224,0.19151773187926877,0.125,317.70283034651175,4.426215270612202,1.1770000000000007,0.02456502365055508,1.177000000000001,0.03,0.024556705477197936,0.125
3.7888243720401102,0.19336513711978984,0.125,317.72409892906876,4.425584949471505,1.178000000000001,0.02456502363047574,1.178000000000001,0.03,0.024556705477197936,0.125
3.7890341688759714,0.1952125326017044,0.125,317.74537342311163,4.424954627099039,1.179000000000001,0.024565023610396402,1.179000000000001,0.03,0.024556705477197936,0.125
3.7892439630141257,0.19705991850196936,0.125,317.76665372144527,4.42432430351714,1.180000000000001,0.024565023590317064,1.180000000000001,0.03,0.024556705477197936,0.125
3.7894537545031985,0.19890729499328758,0.125,317.78793971945066,4.423693978747605,1.181000000000001,0.024565023570237723,1.181000000000001,0.03,0.024556705477197936,0.125
3.7896635433906534,0.20075466224423763,0.125,317.80923131500833,4.423063652811713,1.1820000000000008,0.024565023550158386,1.182000000000001,0.03,0.024556705477197936,0.125
3.7898733297228255,0.2026020204193934,0.125,317.83052840842373,4.42243332573024,1.183000000000001,0.02456502353007905,1.183000000000001,0.03,0.024556705477197936,0.125
3.7900831135449566,0.204449369679445,0.125,317.8518309023556,4.421802997523466,1.184000000000001,0.024565023509999707,1.184000000000001,0.03,0.024556705477197936,0.125
3.7902928949012273,0.20629671018131004,0.125,317.8731387017473,4.4211726682112005,1.185000000000001,0.024565023489920373,1.185000000000001,0.03,0.024556705477197936,0.125
3.790502673834787,0.20814404207824652,0.125,317.89445171376,4.420542337812785,1.186000000000001,0.024565023469841036,1.186000000000001,0.03,0.024556705477197936,0.125
3.790712450387785,0.2099913655199557,0.125,317.91576984770853,4.419912006347118,1.187000000000001,0.024565023449761695,1.187000000000001,0.03,0.024556705477197936,0.125
3.790922224601396,0.2118386806526881,0.125,317.93709301499894,4.419281673832658,1.188000000000001,0.024565023429682357,1.188000000000001,0.03,0.024556705477197936,0.125
3.7911319965158534,0.21368598761933888,0.125,317.95842112906877,4.418651340287444,1.1890000000000007,0.02456502340960302,1.189000000000001,0.03,0.024556705477197936,0.125
3.791341766170472,0.21553328655954704,0.125,317.9797541053294,4.4180210057290985,1.190000000000001,0.02456502338952368,1.190000000000001,0.03,0.024556705477197936,0.125
3.791551533603676,0.21738057760978413,0.125,318.0010918611097,4.417390670174852,1.191000000000001,0.02456502336944434,1.191000000000001,0.03,0.024556705477197936,0.125
3.791761298853023,0.21922786090344693,0.125,318.0224343156021,4.416760333641538,1.192000000000001,0.024565023349365,1.192000000000001,0.03,0.024556705477197936,0.125
3.791971061955227,0.22107513657094033,0.125,318.04378138981053,4.416129996145619,1.193000000000001,0.024565023329285663,1.193000000000001,0.03,0.024556705477197936,0.125
3.792180822946187,0.22292240473976402,0.125,318.0651330065,4.415499657703189,1.194000000000001,0.02456502330920633,1.194000000000001,0.03,0.024556705477197936,0.125
3.7923905818610035,0.22476966553458944,0.125,318.0864890901473,4.414869318329983,1.195000000000001,0.02456502328912699,1.195000000000001,0.03,0.024556705477197936,0.125
3.7926003387340037,0.2266169190773414,0.125,318.1078495668946,4.414238978041391,1.196000000000001,0.02456502326904765,1.196000000000001,0.03,0.024556705477197936,0.125
3.7928100935987636,0.2284641654872698,0.125,318.12921436450307,4.413608636852466,1.1970000000000007,0.024565023248968313,1.197000000000001,0.03,0.024556705477197936,0.125
3.7930198464881264,0.2303114048810259,0.125,318.15058341230935,4.412978294777932,1.198000000000001,0.024565023228888972,1.198000000000001,0.03,0.024556705477197936,0.125
3.793229597434221,0.23215863737272943,0.125,318.17195664118225,4.412347951832193,1.199000000000001,0.02456502320880963,1.199000000000001,0.03,0.024556705477197936,0.125
3.793439346468486,0.2340058630740401,0.125,318.193333983482,4.4117176080293445,1.200000000000001,0.024565023188730294,1.200000000000001,0.03,0.024556705477197936,0.125
3.7936284722193427,0.23567562861289593,0.125,318.1630018133792,4.411151966626432,1.201000000000001,0.024565023169533885,1.201000000000001,0.03,0.024556705477197936,0.125
3.7938176378694526,0.23734548231142735,0.125,318.1324366308617,4.410586396669057,1.202000000000001,0.02456502315033748,1.202000000000001,0.03,0.024556705477197936,0.125
3.794006843153136,0.23901542358259864,0.125,318.10163998750596,4.41002089768148,1.203000000000001,0.024565023131141075,1.203000000000001,0.03,0.024556705477197936,0.125
3.7941960878070673,0.24068545184457593,0.125,318.0706134211426,4.409455469192178,1.204000000000001,0.02456502311194467,1.204000000000001,0.03,0.024556705477197936,0.125
3.794385371570246,0.24235556652066684,0.125,318.0393584560097,4.4088901107337914,1.205000000000001,0.024565023092748262,1.205000000000001,0.03,0.024556705477197936,0.125
3.7945746941839755,0.24402576703926648,0.125,318.0078766029021,4.408324821843087,1.206000000000001,0.024565023073551854,1.206000000000001,0.03,0.024556705477197936,0.125
3.794762434182586,0.24568872301439487,0.125,317.9763521687876,4.407760446818583,1.207000000000001,0.024565023054355446,1.207000000000001,0.03,0.024556705477197936,0.125
3.794949764604251,0.2473497092511216,0.125,317.9446113556867,4.407196403158475,1.2080000000000013,0.024565023035159044,1.208000000000001,0.03,0.024556705477197936,0.125
3.795137204464424,0.24901107021323282,0.125,317.91259394581385,4.406632422531276,1.209000000000001,0.02456502301596264,1.209000000000001,0.03,0.024556705477197936,0.125
3.795324751976412,0.25067279978295565,0.125,317.88030445489306,4.406068503907905,1.210000000000001,0.024565022996766227,1.210000000000001,0.03,0.024556705477197936,0.125
3.7955124053922007,0.25233489197496695,0.125,317.84774730088213,4.4055046462815675,1.211000000000001,0.024565022977569823,1.211000000000001,0.03,0.024556705477197936,0.125
3.7957001630014195,0.25399734093283066,0.125,317.81492680660403,4.404940848667148,1.2120000000000013,0.024565022958373414,1.212000000000001,0.03,0.024556705477197936,0.125
3.795888023130329,0.2556601409255445,0.125,317.7818472022938,4.404377110100626,1.213000000000001,0.024565022939177006,1.213000000000001,0.03,0.024556705477197936,0.125
3.7960759841408493,0.25732328634420276,0.125,317.7485126280646,4.403813429638525,1.2140000000000009,0.024565022919980604,1.214000000000001,0.03,0.024556705477197936,0.125
3.796264044429613,0.25898677169875844,0.125,317.7149271362948,4.403249806357358,1.215000000000001,0.0245650229007842,1.215000000000001,0.03,0.024556705477197936,0.125
3.7964522024270515,0.26065059161489507,0.125,317.6810946939395,4.402686239353106,1.216000000000001,0.024565022881587784,1.216000000000001,0.03,0.024556705477197936,0.125
3.7966404565965073,0.2623147408309897,0.125,317.64701918477004,4.402122727740709,1.2170000000000007,0.024565022862391383,1.217000000000001,0.03,0.024556705477197936,0.125
3.7968288054333805,0.2639792141951777,0.125,317.6127044115429,4.401559270653564,1.218000000000001,0.024565022843194978,1.218000000000001,0.03,0.024556705477197936,0.125
3.7970172474642907,0.2656440066625028,0.125,317.57815409810075,4.400995867243054,1.219000000000001,0.024565022823998566,1.219000000000001,0.03,0.024556705477197936,0.125
3.7972057812462774,0.2673091132921607,0.125,317.5433718914095,4.400432516678084,1.220000000000001,0.024565022804802168,1.220000000000001,0.03,0.024556705477197936,0.125
3.797394405366015,0.26897452924482296,0.125,317.5083613635315,4.399869218144625,1.221000000000001,0.02456502278560576,1.221000000000001,0.03,0.024556705477197936,0.125
3.797583118439058,0.2706402497800474,0.125,317.4731260135391,4.399305970845282,1.222000000000001,0.02456502276640935,1.222000000000001,0.03,0.024556705477197936,0.125
3.7977719191091057,0.2723062702537624,0.125,317.4376692693692,4.398742773998873,1.223000000000001,0.024565022747212943,1.223000000000001,0.03,0.024556705477197936,0.125
3.7979608060472914,0.2739725861158336,0.125,317.4019944896219,4.3981796268400135,1.224000000000001,0.024565022728016535,1.224000000000001,0.03,0.024556705477197936,0.125
3.7981497779514926,0.2756391929076973,0.125,317.36610496530494,4.3976165286187285,1.225000000000001,0.02456502270882013,1.225000000000001,0.03,0.024556705477197936,0.125
3.7983388335456607,0.2773060862600715,0.125,317.3300039215251,4.397053478600052,1.226000000000001,0.02456502268962372,1.226000000000001,0.03,0.024556705477197936,0.125
3.798527971579172,0.2789732618907299,0.125,317.2936945191302,4.39649047606367,1.227000000000001,0.02456502267042732,1.227000000000001,0.03,0.024556705477197936,0.125
3.7987171908261974,0.28064071560234627,0.125,317.25717985630104,4.395927520303543,1.228000000000001,0.02456502265123091,1.228000000000001,0.03,0.024556705477197936,0.125
3.7989064900850926,0.2823084432803988,0.125,317.2204629700971,4.395364610627568,1.229000000000001,0.0245650226320345,1.229000000000001,0.03,0.024556705477197936,0.125
3.7990958681778007,0.2839764408911407,0.125,317.1835468379563,4.394801746357221,1.230000000000001,0.024565022612838095,1.230000000000001,0.03,0.024556705477197936,0.125
3.7992853239492805,0.2856447044796248,0.125,317.1464343791508,4.394238926827239,1.231000000000001,0.02456502259364169,1.231000000000001,0.03,0.024556705477197936,0.125
3.7994748562669454,0.28731323016779176,0.125,317.1091284562005,4.3936761513852876,1.2320000000000009,0.024565022574445282,1.232000000000001,0.03,0.024556705477197936,0.125
3.7996644640201196,0.28898201415260755,0.125,317.0716318762459,4.393113419391658,1.233000000000001,0.02456502255524888,1.233000000000001,0.03,0.024556705477197936,0.125
3.7998541461195114,0.29065105270426084,0.125,317.03394739238024,4.392550730218952,1.2340000000000009,0.024565022536052465,1.234000000000001,0.03,0.024556705477197936,0.125
3.8000439014967027,0.29232034216440617,0.125,316.99607770494447,4.391988083251799,1.2350000000000008,0.024565022516856064,1.235000000000001,0.03,0.024556705477197936,0.125
3.8002337291036477,0.29398987894446393,0.125,316.95802546278463,4.391425477886558,1.2360000000000009,0.024565022497659662,1.236000000000001,0.03,0.024556705477197936,0.125
3.8004236279121937,0.29565965952396134,0.125,316.91979326447336,4.390862913531049,1.2370000000000008,0.02456502247846325,1.237000000000001,0.03,0.024556705477197936,0.125
3.8006135969136086,0.2973296804489278,0.125,316.8813836594972,4.390300389604274,1.238000000000001,0.024565022459266846,1.238000000000001,0.03,0.024556705477197936,0.125
3.8008036351181245,0.2989999383303293,0.125,316.8427991494098,4.389737905536163,1.2390000000000008,0.024565022440070437,1.239000000000001,0.03,0.024556705477197936,0.125
3.8009937415544988,0.30067042984255166,0.125,316.8040421889539,4.3891754607673095,1.2400000000000009,0.02456502242087403,1.240000000000001,0.03,0.024556705477197936,0.125
3.8011839152695743,0.3023411517219219,0.125,316.7651151871499,4.38861305474873,1.241000000000001,0.024565022401677628,1.241000000000001,0.03,0.024556705477197936,0.125
3.8013741553278657,0.30401210076527496,0.125,316.726020508357,4.3880506869416145,1.2420000000000013,0.02456502238248122,1.242000000000001,0.03,0.024556705477197936,0.125
3.801564460811154,0.3056832738285557,0.125,316.686760473302,4.3874883568171,1.2430000000000008,0.024565022363284814,1.243000000000001,0.03,0.024556705477197936,0.125
3.8017548308180853,0.30735466782546395,0.125,316.6473373600822,4.386926063856037,1.2440000000000013,0.02456502234408841,1.244000000000001,0.03,0.024556705477197936,0.125
3.8019452644637863,0.30902627972613206,0.125,316.6077534051392,4.386363807548769,1.245000000000001,0.024565022324892,1.245000000000001,0.03,0.024556705477197936,0.125
3.8021357608794926,0.31069810655584323,0.125,316.5680108042068,4.385801587394916,1.246000000000001,0.024565022305695593,1.246000000000001,0.03,0.024556705477197936,0.125
3.802326319212178,0.31237014539378005,0.125,316.5281117132332,4.385239402903164,1.2470000000000008,0.024565022286499184,1.247000000000001,0.03,0.024556705477197936,0.125
3.8025169386242066,0.31404239337181195,0.125,316.48805824927774,4.384677253591062,1.248000000000001,0.024565022267302776,1.248000000000001,0.03,0.024556705477197936,0.125
3.8027076182929815,0.3157148476733093,0.125,316.447852491384,4.384115138984823,1.249000000000001,0.02456502224810637,1.249000000000001,0.03,0.024556705477197936,0.125
3.802897896269907,0.3173857215998505,0.125,316.40738557152275,4.383552998100256,1.2500000000000013,0.024565022228909966,1.250000000000001,0.03,0.024556705477197936,0.125
3.8030877543194026,0.3190549399233219,0.125,316.3666530068136,4.382990833229516,1.2510000000000012,0.024565022209713558,1.251000000000001,0.03,0.024556705477197936,0.125
3.8032777125724047,0.3207245136023033,0.125,316.325782248611,4.38242871381206,1.2520000000000011,0.02456502219051715,1.2520000000000011,0.03,0.024556705477197936,0.125
3.80346776899065,0.3223944354084264,0.125,316.28477610794044,4.381866638923314,1.2530000000000008,0.024565022171320748,1.253000000000001,0.03,0.024556705477197936,0.125
3.8036579215907858,0.32406469830804874,0.125,316.2436373201014,4.3813046076636075,1.2540000000000011,0.02456502215212434,1.2540000000000011,0.03,0.024556705477197936,0.125
3.803848168442529,0.3257352954557382,0.125,316.20236854719997,4.380742619157346,1.255000000000001,0.02456502213292793,1.255000000000001,0.03,0.024556705477197936,0.125
3.804038507666907,0.3274062201880222,0.125,316.1609723805808,4.3801806725522106,1.2560000000000011,0.024565022113731527,1.2560000000000011,0.03,0.024556705477197936,0.125
3.804228937434562,0.329077466017379,0.125,316.1194513431632,4.3796187670183855,1.2570000000000008,0.02456502209453512,1.257000000000001,0.03,0.024556705477197936,0.125
3.8044194559641253,0.33074902662647077,0.125,316.0778078916842,4.379056901747825,1.2580000000000011,0.024565022075338713,1.2580000000000011,0.03,0.024556705477197936,0.125
3.8046100615206515,0.33242089586259704,0.125,316.03604441885494,4.378495075953541,1.259000000000001,0.024565022056142305,1.259000000000001,0.03,0.024556705477197936,0.125
3.804800752414119,0.33409306773236863,0.125,315.99416325543274,4.377933288868923,1.2600000000000011,0.0245650220369459,1.2600000000000011,0.03,0.024556705477197936,0.125
3.8049915269979837,0.33576553639658224,0.125,315.9521666722136,4.377371539747084,1.261000000000001,0.02456502201774949,1.261000000000001,0.03,0.024556705477197936,0.125
3.805182383667789,0.3374382961652957,0.125,315.91005688194775,4.3768098278602245,1.2620000000000011,0.024565021998553087,1.2620000000000011,0.03,0.024556705477197936,0.125
3.805373320859832,0.3391113414930875,0.125,315.86783604118307,4.376248152499034,1.263000000000001,0.02456502197935668,1.263000000000001,0.03,0.024556705477197936,0.125
3.8055643370498755,0.34078466697449916,0.125,315.82550625203766,4.375686512972106,1.2640000000000011,0.024565021960160274,1.2640000000000011,0.03,0.024556705477197936,0.125
3.805755430751913,0.34245826733964463,0.125,315.7830695639067,4.375124908605371,1.265000000000001,0.02456502194096387,1.265000000000001,0.03,0.024556705477197936,0.125
3.8059466005169744,0.3441321374499895,0.125,315.7405279751047,4.374563338741563,1.2660000000000011,0.02456502192176746,1.2660000000000011,0.03,0.024556705477197936,0.125
3.8061378449319805,0.34580627229428085,0.125,315.6978834344477,4.374001802739698,1.267000000000001,0.024565021902571052,1.267000000000001,0.03,0.024556705477197936,0.125
3.8063291626186424,0.34748066698463365,0.125,315.65513784277573,4.373440299974565,1.2680000000000011,0.024565021883374644,1.2680000000000011,0.03,0.024556705477197936,0.125
3.8065205522323913,0.34915531675275446,0.125,315.61229305442066,4.37287882983626,1.269000000000001,0.02456502186417824,1.269000000000001,0.03,0.024556705477197936,0.125
3.8067120124613574,0.35083021694630917,0.125,315.5693508786195,4.372317391729703,1.270000000000001,0.024565021844981834,1.2700000000000011,0.03,0.024556705477197936,0.125
3.80690354202538,0.3525053630254164,0.125,315.5263130808776,4.371755985074202,1.271000000000001,0.02456502182578543,1.271000000000001,0.03,0.024556705477197936,0.125
3.8070951396750567,0.3541807505592733,0.125,315.4831813842813,4.371194609303016,1.2720000000000011,0.02456502180658902,1.2720000000000011,0.03,0.024556705477197936,0.125
3.8072868041908245,0.3558563752228956,0.125,315.4399574707645,4.370633263862938,1.2730000000000008,0.024565021787392612,1.273000000000001,0.03,0.024556705477197936,0.125
3.8074785343820743,0.3575322327939811,0.125,315.3966429823304,4.370071948213898,1.274000000000001,0.024565021768196207,1.2740000000000011,0.03,0.024556705477197936,0.125
3.807670329086296,0.35920831914987705,0.125,315.3532395222288,4.369510661828569,1.2750000000000008,0.0245650217489998,1.275000000000001,0.03,0.024556705477197936,0.125
3.807862187168256,0.3608846302646602,0.125,315.30974865609335,4.368949404191999,1.2760000000000011,0.024565021729803394,1.2760000000000011,0.03,0.024556705477197936,0.125
3.8080541075192,0.36256116220631424,0.125,315.26617191303757,4.368388174801244,1.277000000000001,0.02456502171060699,1.277000000000001,0.03,0.024556705477197936,0.125
3.808246089056088,0.3642379111340096,0.125,315.2225107867143,4.3678269731650285,1.2780000000000011,0.02456502169141058,1.2780000000000011,0.03,0.024556705477197936,0.125
3.8084381307208486,0.3659148732954737,0.125,315.1787667363371,4.367265798803401,1.2790000000000008,0.024565021672214173,1.279000000000001,0.03,0.024556705477197936,0.125
3.80863023147967,0.3675920450244547,0.125,315.13494118766755,4.366704651247415,1.2800000000000011,0.024565021653017768,1.2800000000000011,0.03,0.024556705477197936,0.125
3.808822390322303,0.36926942273826874,0.125,315.0910355339681,4.3661435300388085,1.281000000000001,0.024565021633821363,1.281000000000001,0.03,0.024556705477197936,0.125
3.809014606261396,0.37094700293543476,0.125,315.0470511369231,4.365582434729712,1.282000000000001,0.02456502161462495,1.2820000000000011,0.03,0.024556705477197936,0.125
3.8092068783318505,0.37262478219338424,0.125,315.00298932752804,4.365021364882347,1.283000000000001,0.024565021595428546,1.283000000000001,0.03,0.024556705477197936,0.125
3.8093992055901955,0.3743027571662531,0.125,314.9588514069496,4.364460320068745,1.2840000000000011,0.02456502157623214,1.2840000000000011,0.03,0.024556705477197936,0.125
3.8095915871139865,0.3759809245827424,0.125,314.91463864735636,4.363899299870478,1.285000000000001,0.02456502155703573,1.285000000000001,0.03,0.024556705477197936,0.125
3.809784022001225,0.37765928124405523,0.125,314.87035229272226,4.363338303878388,1.2860000000000011,0.024565021537839328,1.2860000000000011,0.03,0.024556705477197936,0.125
3.8099765093697897,0.37933782402189664,0.125,314.8259935596036,4.362777331692339,1.287000000000001,0.024565021518642923,1.287000000000001,0.03,0.024556705477197936,0.125
3.810169048356898,0.38101654985654443,0.125,314.7815636378898,4.362216382920963,1.2880000000000011,0.024565021499446515,1.2880000000000011,0.03,0.024556705477197936,0.125
3.8103616381185748,0.3826954557549778,0.125,314.73706369153035,4.361655457181424,1.289000000000001,0.02456502148025011,1.289000000000001,0.03,0.024556705477197936,0.125
3.810554277829144,0.3843745387890727,0.125,314.69249485923797,4.361094554099189,1.290000000000001,0.024565021461053705,1.2900000000000011,0.03,0.024556705477197936,0.125
3.8107469666807368,0.3860537960938491,0.125,314.6478582551688,4.360533673307801,1.291000000000001,0.024565021441857293,1.291000000000001,0.03,0.024556705477197936,0.125
3.8109397038828106,0.3877332248657811,0.125,314.6031549695805,4.35997281444866,1.292000000000001,0.02456502142266089,1.2920000000000011,0.03,0.024556705477197936,0.125
3.8111324886616917,0.38941282236115515,0.125,314.55838606947015,4.359411977170821,1.2930000000000008,0.024565021403464483,1.293000000000001,0.03,0.024556705477197936,0.125
3.811325320260124,0.39109258589448626,0.125,314.51355259919086,4.3588511611307865,1.294000000000001,0.024565021384268075,1.2940000000000011,0.03,0.024556705477197936,0.125
3.8115181979368358,0.39277251283697856,0.125,314.4686555810497,4.358290365992307,1.295000000000001,0.024565021365071667,1.295000000000001,0.03,0.024556705477197936,0.125
3.811711120966125,0.39445260061504,0.125,314.4236960158858,4.357729591426198,1.2960000000000012,0.024565021345875262,1.2960000000000012,0.03,0.024556705477197936,0.125
3.8119040886374447,0.39613284670883836,0.125,314.37867488363156,4.357168837110147,1.2970000000000008,0.024565021326678857,1.297000000000001,0.03,0.024556705477197936,0.125
3.8120971002550186,0.3978132486509073,0.125,314.3335931438552,4.356608102728545,1.2980000000000012,0.02456502130748245,1.2980000000000012,0.03,0.024556705477197936,0.125
3.81229015513745,0.3994938040247904,0.125,314.2884517362874,4.3560473879723025,1.299000000000001,0.02456502128828604,1.299000000000001,0.03,0.024556705477197936,0.125
3.812483252617359,0.40117451046373254,0.125,314.2432515813312,4.355486692538691,1.300000000000001,0.024565021269089635,1.3000000000000012,0.03,0.024556705477197936,0.125
3.8126735362571913,0.40269304162332936,0.125,314.30390043225555,4.35505114273697,1.301000000000001,0.02456502128740311,1.301000000000001,0.03,0.024556705477197936,0.125
3.8128638371081354,0.40421149218376207,0.125,314.36429562806524,4.354615742388807,1.3020000000000014,0.024565021305716587,1.3020000000000012,0.03,0.024556705477197936,0.125
3.8130541551631136,0.4057298621781696,0.125,314.4244372730546,4.3541804914327535,1.3030000000000008,0.02456502132403006,1.303000000000001,0.03,0.024556705477197936,0.125
3.8132444904150535,0.40724815163967426,0.125,314.48432547146086,4.35374538980739,1.3040000000000014,0.024565021342343535,1.3040000000000012,0.03,0.024556705477197936,0.125
3.8134348428568856,0.4087663606013784,0.125,314.5439603274643,4.353310437451334,1.3050000000000013,0.024565021360657007,1.305000000000001,0.03,0.024556705477197936,0.125
3.8136252124815453,0.4102844890963681,0.125,314.6033419451877,4.352875634303237,1.3060000000000012,0.024565021378970483,1.3060000000000012,0.03,0.024556705477197936,0.125
3.813815599281972,0.41180253715770987,0.125,314.6624704286972,4.352440980301784,1.3070000000000008,0.02456502139728396,1.307000000000001,0.03,0.024556705477197936,0.125
3.8140060032511083,0.41332050481845317,0.125,314.72134588200186,4.352006475385692,1.3080000000000012,0.024565021415597434,1.3080000000000012,0.03,0.024556705477197936,0.125
3.81419559323811,0.414834510116446,0.125,314.7799539079123,4.351572676946754,1.3090000000000013,0.024565021433910907,1.309000000000001,0.03,0.024556705477197936,0.125
3.814384272219893,0.4163440866742921,0.125,314.8382640300529,4.351139663259481,1.3100000000000012,0.024565021452224382,1.3100000000000012,0.03,0.024556705477197936,0.125
3.814573015312268,0.41785378515650395,0.125,314.89628445969726,4.350706784078653,1.311000000000001,0.02456502147053786,1.311000000000001,0.03,0.024556705477197936,0.125
3.8147618220428066,0.41936360466462175,0.125,314.95401733158866,4.3502740384130885,1.3120000000000012,0.024565021488851334,1.3120000000000012,0.03,0.024556705477197936,0.125
3.814950691943706,0.4208735443089906,0.125,315.01146475954727,4.349841425281328,1.3130000000000008,0.02456502150716481,1.313000000000001,0.03,0.024556705477197936,0.125
3.8151396245517417,0.42238360320865515,0.125,315.068628836726,4.349408943711501,1.314000000000001,0.024565021525478282,1.3140000000000012,0.03,0.024556705477197936,0.125
3.815328619408205,0.4238937804912512,0.125,315.1255116358622,4.348976592741225,1.315000000000001,0.024565021543791754,1.315000000000001,0.03,0.024556705477197936,0.125
3.815517676058849,0.4254040752929037,0.125,315.1821152095257,4.348544371417471,1.316000000000001,0.02456502156210523,1.3160000000000012,0.03,0.024556705477197936,0.125
3.815706794053838,0.42691448675812105,0.125,315.23844159036435,4.348112278796468,1.317000000000001,0.024565021580418702,1.317000000000001,0.03,0.024556705477197936,0.125
3.815895972947692,0.42842501403969674,0.125,315.2944927913444,4.347680313943579,1.3180000000000012,0.02456502159873218,1.3180000000000012,0.03,0.024556705477197936,0.125
3.816085212299232,0.42993565629860586,0.125,315.35027080598826,4.347248475933196,1.319000000000001,0.024565021617045654,1.319000000000001,0.03,0.024556705477197936,0.125
3.816274511671532,0.4314464127039099,0.125,315.4057776086089,4.346816763848632,1.3200000000000012,0.024565021635359126,1.3200000000000012,0.03,0.024556705477197936,0.125
3.8164638706318645,0.4329572824326566,0.125,315.46101515454063,4.346385176782009,1.321000000000001,0.02456502165367261,1.321000000000001,0.03,0.024556705477197936,0.125
3.8166532887516533,0.43446826466978705,0.125,315.51598538036654,4.345953713834158,1.322000000000001,0.024565021671986077,1.3220000000000012,0.03,0.024556705477197936,0.125
3.8168427656064225,0.43597935860803855,0.125,315.5706902041426,4.345522374114508,1.323000000000001,0.024565021690299553,1.323000000000001,0.03,0.024556705477197936,0.125
3.8170323007757463,0.4374905634478541,0.125,315.625131525619,4.345091156740994,1.3240000000000012,0.02456502170861303,1.3240000000000012,0.03,0.024556705477197936,0.125
3.8172218938432008,0.4390018783972882,0.125,315.67931122645774,4.344660060839943,1.3250000000000008,0.024565021726926504,1.325000000000001,0.03,0.024556705477197936,0.125
3.817411544396321,0.44051330267191946,0.125,315.73323117044754,4.344229085545987,1.326000000000001,0.02456502174523998,1.3260000000000012,0.03,0.024556705477197936,0.125
3.817601252026546,0.442024835494758,0.125,315.78689320371564,4.343798230001952,1.327000000000001,0.024565021763553452,1.327000000000001,0.03,0.024556705477197936,0.125
3.817791016329182,0.4435364760961611,0.125,315.8402991549362,4.343367493358771,1.328000000000001,0.024565021781866925,1.3280000000000012,0.03,0.024556705477197936,0.125
3.817980836903349,0.4450482237137433,0.125,315.8934508355362,4.3429368747753845,1.3290000000000006,0.024565021800180404,1.329000000000001,0.03,0.024556705477197936,0.125
3.818170713351941,0.44656007759229444,0.125,315.94635003989873,4.342506373418649,1.330000000000001,0.024565021818493876,1.3300000000000012,0.03,0.024556705477197936,0.125
3.8183606452815764,0.4480720369836919,0.125,315.99899854556224,4.342075988463237,1.3310000000000008,0.02456502183680735,1.331000000000001,0.03,0.024556705477197936,0.125
3.8185506323025624,0.44958410114682107,0.125,316.0513981134182,4.341645719091556,1.3320000000000014,0.024565021855120828,1.3320000000000012,0.03,0.024556705477197936,0.125
3.818740674028843,0.4510962693474901,0.125,316.1035504879054,4.3412155644936465,1.333000000000001,0.024565021873434303,1.333000000000001,0.03,0.024556705477197936,0.125
3.8189307700779636,0.4526085408583529,0.125,316.15545739720176,4.340785523867105,1.3340000000000012,0.024565021891747772,1.3340000000000012,0.03,0.024556705477197936,0.125
3.819120920071024,0.45412091495882567,0.125,316.2071205534131,4.340355596416984,1.335000000000001,0.024565021910061248,1.335000000000001,0.03,0.024556705477197936,0.125
3.8193111236326436,0.4556333909350125,0.125,316.25854165276,4.33992578135572,1.3360000000000014,0.024565021928374727,1.3360000000000012,0.03,0.024556705477197936,0.125
3.8195013803909115,0.4571459680796238,0.125,316.3097223757609,4.339496077903031,1.337000000000001,0.0245650219466882,1.337000000000001,0.03,0.024556705477197936,0.125
3.819691689977356,0.4586586456919042,0.125,316.3606643874143,4.33906648528585,1.3380000000000012,0.024565021965001675,1.3380000000000012,0.03,0.024556705477197936,0.125
3.8198820520268977,0.46017142307755343,0.125,316.4113693373767,4.338637002738224,1.3390000000000009,0.02456502198331515,1.339000000000001,0.03,0.024556705477197936,0.125
3.820072466177814,0.46168429954865564,0.125,316.46183886013927,4.338207629501251,1.3400000000000012,0.024565022001628623,1.3400000000000012,0.03,0.024556705477197936,0.125
3.820262932071701,0.4631972744236027,0.125,316.5120745752015,4.337778364822981,1.3410000000000009,0.024565022019942095,1.341000000000001,0.03,0.024556705477197936,0.125
3.820453449353435,0.46471034702702596,0.125,316.5620780872433,4.3373492079583515,1.3420000000000012,0.02456502203825557,1.3420000000000012,0.03,0.024556705477197936,0.125
3.820644017671133,0.466223516689721,0.125,316.6118509862934,4.336920158169099,1.343000000000001,0.024565022056569047,1.343000000000001,0.03,0.024556705477197936,0.125
3.820834636676116,0.4677367827485809,0.125,316.66139484789625,4.336491214723685,1.3440000000000007,0.02456502207488252,1.3440000000000012,0.03,0.024556705477197936,0.125
3.821025306022879,0.46925014454652425,0.125,316.71071123327704,4.336062376897223,1.345000000000001,0.024565022093196,1.345000000000001,0.03,0.024556705477197936,0.125
3.821216025369046,0.4707636014324291,0.125,316.75980168950394,4.335633643971396,1.346000000000001,0.024565022111509474,1.3460000000000012,0.03,0.024556705477197936,0.125
3.82140679437534,0.4722771527610637,0.125,316.8086677496476,4.335205015234387,1.347000000000001,0.024565022129822943,1.347000000000001,0.03,0.024556705477197936,0.125
3.8215964778781606,0.47378850242624715,0.125,316.85730224369496,4.3347742464752,1.3480000000000012,0.02456502214813642,1.3480000000000012,0.03,0.024556705477197936,0.125
3.821786252982239,0.47530005699636135,0.125,316.90571942482586,4.3343436392117205,1.349000000000001,0.024565022166449894,1.349000000000001,0.03,0.024556705477197936,0.125
3.821976123576571,0.4768118241530837,0.125,316.9539219993691,4.3339132013168635,1.3500000000000012,0.02456502218476337,1.3500000000000012,0.03,0.024556705477197936,0.125
3.822166088496357,0.47832380130325886,0.125,317.0019125851193,4.333482930724651,1.351000000000001,0.024565022203076846,1.351000000000001,0.03,0.024556705477197936,0.125
3.822356146595664,0.4798359858957371,0.125,317.04969375746765,4.333052825402573,1.3520000000000012,0.024565022221390318,1.3520000000000012,0.03,0.024556705477197936,0.125
3.822546296747046,0.4813483754205252,0.125,317.09726805025633,4.332622883350907,1.353000000000001,0.024565022239703794,1.353000000000001,0.03,0.024556705477197936,0.125
3.8227365378411737,0.4828609674079622,0.125,317.1446379566137,4.332193102602064,1.3540000000000012,0.02456502225801727,1.3540000000000012,0.03,0.024556705477197936,0.125
3.82292686878647,0.4843737594279097,0.125,317.1918059297681,4.331763481219944,1.355000000000001,0.024565022276330742,1.355000000000001,0.03,0.024556705477197936,0.125
3.823117288508761,0.4858867490889675,0.125,317.23877438384363,4.331334017299306,1.356000000000001,0.024565022294644218,1.3560000000000012,0.03,0.024556705477197936,0.125
3.8233077959509227,0.48739993403770177,0.125,317.28554569463546,4.3309047089651616,1.357000000000001,0.024565022312957693,1.357000000000001,0.03,0.024556705477197936,0.125
3.8234983900725514,0.4889133119578972,0.125,317.33212220036796,4.330475554372171,1.358000000000001,0.02456502233127117,1.3580000000000012,0.03,0.024556705477197936,0.125
3.8236890698496313,0.4904268805698219,0.125,317.37850620243427,4.330046551704064,1.3590000000000009,0.02456502234958464,1.359000000000001,0.03,0.024556705477197936,0.125
3.8238798342742126,0.491940637629514,0.125,317.42469996611885,4.329617699173068,1.3600000000000012,0.024565022367898117,1.3600000000000012,0.03,0.024556705477197936,0.125
3.8240706823540984,0.4934545809280806,0.125,317.4707057213027,4.329188995019346,1.361000000000001,0.02456502238621159,1.361000000000001,0.03,0.024556705477197936,0.125
3.8242616131125398,0.49496870829101786,0.125,317.5165256631521,4.328760437510463,1.362000000000001,0.024565022404525065,1.3620000000000012,0.03,0.024556705477197936,0.125
3.8244526255879325,0.49648301757754165,0.125,317.5621619527921,4.328332024940849,1.3630000000000009,0.02456502242283854,1.363000000000001,0.03,0.024556705477197936,0.125
3.8246437188335287,0.49799750667993925,0.125,317.60761671796365,4.3279037556312785,1.3640000000000014,0.024565022441152017,1.3640000000000012,0.03,0.024556705477197936,0.125
3.824834891917148,0.4995121735229304,0.125,317.65289205366525,4.327475627928369,1.365000000000001,0.024565022459465492,1.365000000000001,0.03,0.024556705477197936,0.125
3.8250261439208995,0.5010270160630486,0.125,317.69799002278086,4.32704764020408,1.366000000000001,0.02456502247777896,1.3660000000000012,0.03,0.024556705477197936,0.125
3.8252174739409104,0.5025420322880313,0.125,317.742912656693,4.326619790855236,1.367000000000001,0.024565022496092437,1.367000000000001,0.03,0.024556705477197936,0.125
3.8254088810870575,0.5040572202162286,0.125,317.7876619558813,4.326192078303048,1.3680000000000012,0.02456502251440592,1.3680000000000012,0.03,0.024556705477197936,0.125
3.825600364482707,0.5055725778960218,0.125,317.8322398905083,4.325764500992652,1.3690000000000009,0.02456502253271939,1.369000000000001,0.03,0.024556705477197936,0.125
3.82579192326446,0.507088103405258,0.125,317.8766484009913,4.3253370573926615,1.3700000000000012,0.024565022551032864,1.3700000000000012,0.03,0.024556705477197936,0.125
3.8259835565819063,0.5086037948506946,0.125,317.92088939856217,4.3249097459947246,1.371000000000001,0.02456502256934634,1.371000000000001,0.03,0.024556705477197936,0.125
3.8261752635973756,0.5101196503674594,0.125,317.96496476581314,4.324482565313087,1.3720000000000012,0.024565022587659816,1.3720000000000012,0.03,0.024556705477197936,0.125
3.8263670434857056,0.5116356681185195,0.125,318.00887635723217,4.324055513884177,1.3730000000000009,0.024565022605973288,1.373000000000001,0.03,0.024556705477197936,0.125
3.826558895434004,0.5131518462941655,0.125,318.0526259997246,4.323628590266193,1.3740000000000012,0.02456502262428676,1.3740000000000012,0.03,0.024556705477197936,0.125
3.8267508186414285,0.5146681831115038,0.125,318.0962154931248,4.323201793038698,1.3750000000000009,0.024565022642600236,1.375000000000001,0.03,0.024556705477197936,0.125
3.8269428123189546,0.5161846768139629,0.125,318.1396466106952,4.32277512080222,1.3760000000000012,0.02456502266091371,1.3760000000000012,0.03,0.024556705477197936,0.125
3.827134875689167,0.5177013256708083,0.125,318.18292109961527,4.32234857217788,1.3770000000000011,0.024565022679227187,1.3770000000000011,0.03,0.024556705477197936,0.125
3.8273270079860433,0.5192181279766709,0.125,318.2260406814589,4.321922145807,1.378000000000001,0.024565022697540663,1.3780000000000012,0.03,0.024556705477197936,0.125
3.8275192084547465,0.5207350820510819,0.125,318.2690070526621,4.321495840350747,1.3790000000000011,0.024565022715854135,1.3790000000000011,0.03,0.024556705477197936,0.125
3.82771147635142,0.5222521862380218,0.125,318.3118218849801,4.32106965448976,1.3800000000000012,0.024565022734167608,1.3800000000000012,0.03,0.024556705477197936,0.125
3.8279038109429915,0.523769438905476,0.125,318.3544868259342,4.320643586923809,1.381000000000001,0.024565022752481087,1.3810000000000011,0.03,0.024556705477197936,0.125
3.8280962115069754,0.5252868384450028,0.125,318.39700349925005,4.3202176363714395,1.382000000000001,0.024565022770794562,1.3820000000000012,0.03,0.024556705477197936,0.125
3.8282886773312867,0.5268043832713076,0.125,318.4393735052851,4.319791801569645,1.3830000000000011,0.02456502278910803,1.3830000000000011,0.03,0.024556705477197936,0.125
3.828481207714048,0.5283220718218301,0.125,318.4815984214474,4.319366081273522,1.3840000000000012,0.02456502280742151,1.3840000000000012,0.03,0.024556705477197936,0.125
3.828673801963414,0.5298399025563358,0.125,318.5236798026061,4.318940474255961,1.385000000000001,0.024565022825734986,1.3850000000000011,0.03,0.024556705477197936,0.125
3.828866459397388,0.5313578739565211,0.125,318.565619181492,4.318514979307325,1.386000000000001,0.024565022844048455,1.3860000000000012,0.03,0.024556705477197936,0.125
3.8290591793436497,0.5328759845256225,0.125,318.6074180690906,4.318089595235136,1.387000000000001,0.024565022862361934,1.3870000000000011,0.03,0.024556705477197936,0.125
3.8292519611393834,0.5343942327880372,0.125,318.6490779550258,4.317664320863774,1.3880000000000012,0.024565022880675406,1.3880000000000012,0.03,0.024556705477197936,0.125
3.8294448041311107,0.535912617288949,0.125,318.69060030793696,4.317239155034183,1.3890000000000011,0.024565022898988882,1.3890000000000011,0.03,0.024556705477197936,0.125
3.829637707674528,0.5374311365939661,0.125,318.7319865758461,4.316814096603574,1.390000000000001,0.024565022917302358,1.3900000000000012,0.03,0.024556705477197936,0.125
3.829830671134344,0.5389497892887605,0.125,318.7732381865193,4.316389144445149,1.3910000000000013,0.024565022935615834,1.3910000000000011,0.03,0.024556705477197936,0.125
3.8300236938841214,0.5404685739787218,0.125,318.8143565478189,4.315964297447815,1.3920000000000012,0.024565022953929306,1.3920000000000012,0.03,0.024556705477197936,0.125
3.8302167753061287,0.541987489288612,0.125,318.8553430480498,4.315539554515913,1.3930000000000011,0.024565022972242785,1.3930000000000011,0.03,0.024556705477197936,0.125
3.8304089819584743,0.5435031432681772,0.125,318.89610208283125,4.315114573537125,1.3940000000000015,0.024565022990556254,1.3940000000000012,0.03,0.024556705477197936,0.125
3.8306012741861935,0.5450189889121337,0.125,318.9367599401932,4.314689743201165,1.3950000000000011,0.02456502300886973,1.3950000000000011,0.03,0.024556705477197936,0.125
3.8307936549350012,0.5465350386594992,0.125,318.97731865952835,4.314265062853143,1.3960000000000012,0.024565023027183205,1.3960000000000012,0.03,0.024556705477197936,0.125
3.8309861228625324,0.5480512894151757,0.125,319.0177797442009,4.313840530218587,1.3970000000000011,0.02456502304549668,1.3970000000000011,0.03,0.024556705477197936,0.125
3.831178676653428,0.5495677381463326,0.125,319.0581446673314,4.313416143068782,1.3980000000000012,0.024565023063810153,1.3980000000000012,0.03,0.024556705477197936,0.125
3.831371315018656,0.551084381880846,0.125,319.09841487255306,4.312991899219628,1.3990000000000011,0.02456502308212363,1.3990000000000011,0.03,0.024556705477197936,0.125
3.831564036694858,0.5526012177057883,0.125,319.1385917747463,4.312567796530521,1.4000000000000012,0.024565023100437105,1.4000000000000012,0.03,0.024556705477197936,0.125
3.83179158412177,0.5539718388495565,0.125,319.19604417192966,4.312406997574766,1.4010000000000011,0.02456502310014279,1.4010000000000011,0.03,0.024556705477197936,0.125
3.832019196244665,0.5553425486068811,0.125,319.25364017541926,4.312246368788531,1.4020000000000012,0.024565023099848482,1.4020000000000012,0.03,0.024556705477197936,0.125
3.832246873328942,0.5567133473412789,0.125,319.31138037432686,4.3120859108698975,1.403000000000001,0.024565023099554172,1.4030000000000011,0.03,0.024556705477197936,0.125
3.8324746156414546,0.5580842354182574,0.125,319.3692653609907,4.31192562452077,1.404000000000001,0.02456502309925986,1.4040000000000012,0.03,0.024556705477197936,0.125
3.8327024234505216,0.5594552132053289,0.125,319.42729573099797,4.311765510446902,1.405000000000001,0.02456502309896555,1.4050000000000011,0.03,0.024556705477197936,0.125
3.832930297025933,0.5608262810720243,0.125,319.4854720832068,4.311605569357925,1.4060000000000008,0.02456502309867124,1.4060000000000012,0.03,0.024556705477197936,0.125
3.8331582366389645,0.5621974393899067,0.125,319.54379501976894,4.3114458019673725,1.4070000000000011,0.02456502309837693,1.4070000000000011,0.03,0.024556705477197936,0.125
3.833385711615363,0.563567097682571,0.125,319.6022871853625,4.311285675935131,1.4080000000000013,0.024565023098082624,1.4080000000000013,0.03,0.024556705477197936,0.125
3.833612790628653,0.564935580880667,0.125,319.6609539253611,4.311125141053968,1.409000000000001,0.024565023097788307,1.4090000000000011,0.03,0.024556705477197936,0.125
3.833839893617881,0.5663041816653903,0.125,319.7197803061628,4.310964584497391,1.410000000000001,0.024565023097494,1.4100000000000013,0.03,0.024556705477197936,0.125
3.834067020622369,0.5676729002295909,0.125,319.7787665895898,4.310804006229855,1.4110000000000011,0.024565023097199688,1.4110000000000011,0.03,0.024556705477197936,0.125
3.834294171681527,0.569041736766542,0.125,319.83791303803736,4.31064340621573,1.4120000000000013,0.024565023096905374,1.4120000000000013,0.03,0.024556705477197936,0.125
3.8345213468348476,0.5704106914699382,0.125,319.897219914475,4.310482784419311,1.413000000000001,0.024565023096611068,1.4130000000000011,0.03,0.024556705477197936,0.125
3.8347485461219137,0.5717797645339004,0.125,319.9566874824487,4.310322140804817,1.4140000000000015,0.02456502309631676,1.4140000000000013,0.03,0.024556705477197936,0.125
3.8349757695823916,0.5731489561529729,0.125,320.0163160060813,4.3101614753363835,1.4150000000000011,0.024565023096022442,1.4150000000000011,0.03,0.024556705477197936,0.125
3.8352030172560374,0.5745182665221283,0.125,320.07610575007556,4.310000787978073,1.4160000000000013,0.024565023095728136,1.4160000000000013,0.03,0.024556705477197936,0.125
3.8354302891826917,0.5758876958367655,0.125,320.13605697971434,4.309840078693863,1.417000000000001,0.024565023095433822,1.4170000000000011,0.03,0.024556705477197936,0.125
3.835657585402285,0.5772572442927139,0.125,320.1961699608634,4.309679347447659,1.4180000000000015,0.024565023095139513,1.4180000000000013,0.03,0.024556705477197936,0.125
3.8358849059548343,0.5786269120862312,0.125,320.25644495997193,4.30951859420328,1.4190000000000011,0.024565023094845203,1.4190000000000011,0.03,0.024556705477197936,0.125
3.836112250880444,0.5799966994140082,0.125,320.3168822440751,4.309357818924472,1.420000000000001,0.024565023094550893,1.4200000000000013,0.03,0.024556705477197936,0.125
3.836339620219308,0.5813666064731665,0.125,320.37748208079483,4.309197021574897,1.4210000000000012,0.02456502309425658,1.4210000000000012,0.03,0.024556705477197936,0.125
3.8365670140117083,0.582736633461263,0.125,320.4382447383421,4.309036202118138,1.4220000000000013,0.02456502309396227,1.4220000000000013,0.03,0.024556705477197936,0.125
3.8367944322980154,0.5841067805762882,0.125,320.4991704855183,4.308875360517698,1.423000000000001,0.02456502309366796,1.4230000000000012,0.03,0.024556705477197936,0.125
3.8370218751186878,0.5854770480166692,0.125,320.5602595917164,4.308714496737001,1.424000000000001,0.024565023093373647,1.4240000000000013,0.03,0.024556705477197936,0.125
3.8372493425142737,0.5868474359812701,0.125,320.62151232692355,4.308553610739389,1.425000000000001,0.02456502309307934,1.4250000000000012,0.03,0.024556705477197936,0.125
3.837476834525413,0.588217944669394,0.125,320.68292896172187,4.308392702488122,1.426000000000001,0.024565023092785028,1.4260000000000013,0.03,0.024556705477197936,0.125
3.8377043511928317,0.5895885742807829,0.125,320.74450976729065,4.308231771946383,1.427000000000001,0.024565023092490715,1.4270000000000012,0.03,0.024556705477197936,0.125
3.837931892557346,0.5909593250156205,0.125,320.8062550154074,4.308070819077268,1.428000000000001,0.024565023092196405,1.4280000000000013,0.03,0.024556705477197936,0.125
3.8381594586598657,0.5923301970745318,0.125,320.86816497845,4.307909843843798,1.429000000000001,0.024565023091902095,1.4290000000000012,0.03,0.024556705477197936,0.125
3.8383870495413888,0.5937011906585861,0.125,320.93023992939845,4.307748846208905,1.430000000000001,0.024565023091607782,1.4300000000000013,0.03,0.024556705477197936,0.125
3.838614665243002,0.595072305969296,0.125,320.9924801418359,4.307587826135446,1.4310000000000012,0.024565023091313472,1.4310000000000012,0.03,0.024556705477197936,0.125
3.8388423058058856,0.5964435432086209,0.125,321.0548858899509,4.30742678358619,1.4320000000000013,0.024565023091019163,1.4320000000000013,0.03,0.024556705477197936,0.125
3.839069971271311,0.5978149025789669,0.125,321.11745744853897,4.307265718523829,1.433000000000001,0.02456502309072485,1.4330000000000012,0.03,0.024556705477197936,0.125
3.8392976616806402,0.5991863842831883,0.125,321.1801950930041,4.307104630910969,1.4340000000000013,0.02456502309043054,1.4340000000000013,0.03,0.024556705477197936,0.125
3.8395253770753253,0.6005579885245885,0.125,321.24309909936034,4.306943520710133,1.435000000000001,0.02456502309013623,1.4350000000000012,0.03,0.024556705477197936,0.125
3.839753117496914,0.6019297155069229,0.125,321.3061697442341,4.306782387883762,1.4360000000000013,0.024565023089841924,1.4360000000000013,0.03,0.024556705477197936,0.125
3.8399808829870423,0.6033015654343972,0.125,321.3694073048651,4.306621232394215,1.4370000000000014,0.02456502308954761,1.4370000000000012,0.03,0.024556705477197936,0.125
3.840208673587441,0.6046735385116716,0.125,321.4328120591085,4.306460054203763,1.4380000000000015,0.024565023089253298,1.4380000000000013,0.03,0.024556705477197936,0.125
3.8404364893399334,0.6060456349438601,0.125,321.4963842854365,4.306298853274598,1.439000000000001,0.02456502308895899,1.4390000000000012,0.03,0.024556705477197936,0.125
3.8406643302864354,0.6074178549365333,0.125,321.56012426294,4.306137629568825,1.440000000000001,0.024565023088664678,1.4400000000000013,0.03,0.024556705477197936,0.125
3.840892196468955,0.6087901986957175,0.125,321.62403227133063,4.30597638304847,1.4410000000000012,0.02456502308837037,1.4410000000000012,0.03,0.024556705477197936,0.125
3.8411200879295953,0.6101626664278988,0.125,321.68810859094185,4.305815113675464,1.4420000000000015,0.02456502308807606,1.4420000000000013,0.03,0.024556705477197936,0.125
3.8413480047105515,0.6115352583400213,0.125,321.7523535027314,4.305653821411663,1.4430000000000012,0.024565023087781752,1.4430000000000012,0.03,0.024556705477197936,0.125
3.841575946854115,0.6129079746394919,0.125,321.8167672882825,4.305492506218834,1.4440000000000013,0.02456502308748744,1.4440000000000013,0.03,0.024556705477197936,0.125
3.841803914402669,0.6142808155341772,0.125,321.8813502298058,4.305331168058661,1.4450000000000012,0.024565023087193126,1.4450000000000012,0.03,0.024556705477197936,0.125
3.842031907398693,0.6156537812324099,0.125,321.94610261014117,4.305169806892739,1.4460000000000013,0.02456502308689882,1.4460000000000013,0.03,0.024556705477197936,0.125
3.842259925884761,0.6170268719429849,0.125,322.0110247127595,4.305008422682581,1.4470000000000014,0.024565023086604507,1.4470000000000012,0.03,0.024556705477197936,0.125
3.842487969903541,0.6184000878751652,0.125,322.07611682176406,4.304847015389613,1.4480000000000013,0.024565023086310193,1.4480000000000013,0.03,0.024556705477197936,0.125
3.842716039497796,0.6197734292386795,0.125,322.14137922189286,4.304685584975172,1.449000000000001,0.024565023086015884,1.4490000000000012,0.03,0.024556705477197936,0.125
3.842944134710387,0.6211468962437264,0.125,322.2068121985201,4.3045241314005125,1.4500000000000013,0.024565023085721574,1.4500000000000013,0.03,0.024556705477197936,0.125
3.8431722555842676,0.6225204891009735,0.125,322.2724160376577,4.304362654626802,1.451000000000001,0.02456502308542726,1.4510000000000012,0.03,0.024556705477197936,0.125
3.843400402162491,0.62389420802156,0.125,322.3381910259577,4.304201154615117,1.452000000000001,0.024565023085132948,1.4520000000000013,0.03,0.024556705477197936,0.125
3.843628574488203,0.6252680532170978,0.125,322.4041374507136,4.304039631326452,1.4530000000000012,0.02456502308483864,1.4530000000000012,0.03,0.024556705477197936,0.125
3.8438567726046493,0.6266420248996727,0.125,322.47025559986224,4.303878084721713,1.4540000000000013,0.024565023084544328,1.4540000000000013,0.03,0.024556705477197936,0.125
3.8440849965551704,0.6280161232818448,0.125,322.53654576198545,4.303716514761716,1.4550000000000012,0.024565023084250022,1.4550000000000012,0.03,0.024556705477197936,0.125
3.844313246383205,0.6293903485766523,0.125,322.60300822631234,4.30355492140719,1.4560000000000013,0.02456502308395571,1.4560000000000013,0.03,0.024556705477197936,0.125
3.8445415221322894,0.6307647009976101,0.125,322.66964328272076,4.303393304618777,1.4570000000000012,0.0245650230836614,1.4570000000000012,0.03,0.024556705477197936,0.125
3.8447698238460557,0.6321391807587129,0.125,322.73645122173895,4.303231664357031,1.4580000000000013,0.02456502308336709,1.4580000000000013,0.03,0.024556705477197936,0.125
3.8449981515682365,0.6335137880744355,0.125,322.8034323345478,4.303070000582416,1.459000000000001,0.024565023083072776,1.4590000000000012,0.03,0.024556705477197936,0.125
3.845226505342661,0.6348885231597351,0.125,322.87058691298233,4.302908313255307,1.460000000000001,0.024565023082778466,1.4600000000000013,0.03,0.024556705477197936,0.125
3.8454548852132584,0.6362633862300517,0.125,322.9379152495339,4.302746602335993,1.4610000000000012,0.024565023082484157,1.4610000000000012,0.03,0.024556705477197936,0.125
3.845683291224055,0.6376383775013106,0.125,323.0054176373515,4.302584867784669,1.462000000000001,0.024565023082189844,1.4620000000000013,0.03,0.024556705477197936,0.125
3.8459117234191766,0.6390134971899221,0.125,323.07309437024423,4.302423109561444,1.463000000000001,0.024565023081895537,1.4630000000000012,0.03,0.024556705477197936,0.125
3.8461401818428502,0.6403887455127849,0.125,323.1409457426826,4.302261327626335,1.464000000000001,0.02456502308160122,1.4640000000000013,0.03,0.024556705477197936,0.125
3.8463686665394006,0.6417641226872858,0.125,323.2089720498008,4.302099521939271,1.4650000000000014,0.02456502308130691,1.4650000000000012,0.03,0.024556705477197936,0.125
3.846596591412538,0.6431393297703135,0.125,323.2777253909772,4.301935646934119,1.4660000000000013,0.0245650230810126,1.4660000000000013,0.03,0.024556705477197936,0.125
3.8468245080846817,0.6445146395561223,0.125,323.34667497127236,4.301771636411681,1.4670000000000012,0.024565023080718295,1.4670000000000012,0.03,0.024556705477197936,0.125
3.847052436961322,0.645890062368855,0.125,323.41580148902295,4.301607561673892,1.4680000000000013,0.024565023080423982,1.4680000000000013,0.03,0.024556705477197936,0.125
3.847280378049619,0.6472655982748169,0.125,323.4851050480272,4.301443422683083,1.469000000000001,0.024565023080129672,1.4690000000000012,0.03,0.024556705477197936,0.125
3.847508331356738,0.648641247340366,0.125,323.55458575216403,4.301279219401552,1.4700000000000013,0.024565023079835362,1.4700000000000013,0.03,0.024556705477197936,0.125
3.8477362968898494,0.6500170096319113,0.125,323.62424370539384,4.301114951791567,1.471000000000001,0.02456502307954105,1.4710000000000012,0.03,0.024556705477197936,0.125
3.8479642746561304,0.6513928852159149,0.125,323.6940790117587,4.300950619815373,1.4720000000000015,0.02456502307924674,1.4720000000000013,0.03,0.024556705477197936,0.125
3.848192264662762,0.6527688741588893,0.125,323.7640917753815,4.300786223435177,1.473000000000001,0.02456502307895243,1.4730000000000012,0.03,0.024556705477197936,0.125
3.8484202669169316,0.6541449765274013,0.125,323.8342821004672,4.300621762613161,1.474000000000001,0.024565023078658117,1.4740000000000013,0.03,0.024556705477197936,0.125
3.848648281425833,0.6555211923880675,0.125,323.90465009130213,4.300457237311477,1.475000000000001,0.024565023078363807,1.4750000000000012,0.03,0.024556705477197936,0.125
3.8488763081966657,0.6568975218075587,0.125,323.9751958522544,4.300292647492249,1.476000000000001,0.024565023078069497,1.4760000000000013,0.03,0.024556705477197936,0.125
3.8491043472366337,0.6582739648525964,0.125,324.0459194877737,4.300127993117566,1.4770000000000012,0.024565023077775187,1.4770000000000012,0.03,0.024556705477197936,0.125
3.8493323985529475,0.6596505215899553,0.125,324.1168211023918,4.299963274149493,1.4780000000000013,0.024565023077480874,1.4780000000000013,0.03,0.024556705477197936,0.125
3.8495604621528225,0.6610271920864618,0.125,324.1879008007222,4.299798490550061,1.4790000000000012,0.024565023077186564,1.4790000000000012,0.03,0.024556705477197936,0.125
3.8497885380434806,0.6624039764089955,0.125,324.25915868746057,4.299633642281276,1.4800000000000013,0.02456502307689225,1.4800000000000013,0.03,0.024556705477197936,0.125
3.8500166262321485,0.6637808746244874,0.125,324.3305948673844,4.29946872930511,1.4810000000000012,0.02456502307659794,1.4810000000000012,0.03,0.024556705477197936,0.125
3.8502447267260598,0.665157886799922,0.125,324.40220944535366,4.299303751583505,1.482000000000001,0.024565023076303632,1.4820000000000013,0.03,0.024556705477197936,0.125
3.8504728395324532,0.6665350130023358,0.125,324.47400252631047,4.299138709078377,1.4830000000000012,0.024565023076009322,1.4830000000000012,0.03,0.024556705477197936,0.125
3.850700964658571,0.6679122532988175,0.125,324.54597421527905,4.298973601751608,1.4840000000000013,0.02456502307571501,1.4840000000000013,0.03,0.024556705477197936,0.125
3.850929102111665,0.6692896077565093,0.125,324.61812461736633,4.298808429565053,1.4850000000000012,0.0245650230754207,1.4850000000000012,0.03,0.024556705477197936,0.125
3.8511572518989907,0.6706670764426058,0.125,324.6904538377616,4.298643192480536,1.486000000000001,0.024565023075126393,1.4860000000000013,0.03,0.024556705477197936,0.125
3.851385414027808,0.6720446594243539,0.125,324.7629619817366,4.298477890459851,1.4870000000000012,0.02456502307483208,1.4870000000000012,0.03,0.024556705477197936,0.125
3.8516135885053853,0.6734223567690538,0.125,324.8356491546461,4.298312523464761,1.488000000000001,0.02456502307453777,1.4880000000000013,0.03,0.024556705477197936,0.125
3.8518417753389946,0.6748001685440582,0.125,324.9085154619271,4.298147091457001,1.4890000000000012,0.02456502307424346,1.4890000000000012,0.03,0.024556705477197936,0.125
3.8520699745359144,0.6761780948167734,0.125,324.98156100909966,4.297981594398275,1.490000000000001,0.024565023073949147,1.4900000000000013,0.03,0.024556705477197936,0.125
3.8522981861034284,0.6775561356546574,0.125,325.0547859017668,4.297816032250257,1.4910000000000012,0.024565023073654838,1.4910000000000012,0.03,0.024556705477197936,0.125
3.8525264100488275,0.6789342911252225,0.125,325.12819024561446,4.297650404974589,1.492000000000001,0.024565023073360528,1.4920000000000013,0.03,0.024556705477197936,0.125
3.852754646379406,0.6803125612960331,0.125,325.20177414641154,4.297484712532888,1.493000000000001,0.024565023073066218,1.4930000000000012,0.03,0.024556705477197936,0.125
3.8529828951024663,0.6816909462347075,0.125,325.27553771001016,4.297318954886734,1.4940000000000013,0.024565023072771905,1.4940000000000013,0.03,0.024556705477197936,0.125
3.8532111562253144,0.6830694460089162,0.125,325.3494810423457,4.297153131997681,1.4950000000000012,0.024565023072477595,1.4950000000000012,0.03,0.024556705477197936,0.125
3.853439429755263,0.6844480606863842,0.125,325.42360424943666,4.296987243827253,1.4960000000000013,0.024565023072183285,1.4960000000000013,0.03,0.024556705477197936,0.125
3.853667715699632,0.6858267903348881,0.125,325.49790743738515,4.2968212903369425,1.497000000000001,0.024565023071888972,1.4970000000000012,0.03,0.024556705477197936,0.125
3.8538960140657452,0.6872056350222598,0.125,325.57239071237666,4.296655271488213,1.4980000000000013,0.024565023071594663,1.4980000000000013,0.03,0.024556705477197936,0.125
3.854124324860932,0.6885845948163826,0.125,325.6470541806802,4.296489187242492,1.499000000000001,0.024565023071300353,1.4990000000000012,0.03,0.024556705477197936,0.125
3.854352648092528,0.6899636697851945,0.125,325.7218979486484,4.296323037561188,1.5000000000000013,0.02456502307100604,1.5000000000000013,0.03,0.024556705477197936,0.125
3.8545930983061156,0.6912087880359499,0.125,325.90435544355347,4.2963200074939625,1.5010000000000012,0.02456502307130035,1.5010000000000012,0.03,0.024556705477197936,0.125
3.8548340418870066,0.6924538256824176,0.125,326.085704262561,4.296319031477288,1.5020000000000011,0.02456502307159466,1.5020000000000013,0.03,0.024556705477197936,0.125
3.855075478499183,0.693698782779494,0.125,326.2659451607547,4.296320108112217,1.5030000000000012,0.024565023071888972,1.5030000000000012,0.03,0.024556705477197936,0.125
3.855317407806935,0.694943659382027,0.125,326.4450788925323,4.296323236001071,1.5040000000000013,0.024565023072183282,1.5040000000000013,0.03,0.024556705477197936,0.125
3.8555598294748545,0.6961884555448131,0.125,326.6231062116072,4.2963284137474425,1.505000000000001,0.02456502307247759,1.5050000000000012,0.03,0.024556705477197936,0.125
3.8558027431678394,0.6974331713226005,0.125,326.80002787100847,4.296335639956188,1.506000000000001,0.024565023072771905,1.5060000000000013,0.03,0.024556705477197936,0.125
3.856046148551092,0.6986778067700871,0.125,326.97584462308225,4.2963449132334315,1.507000000000001,0.024565023073066215,1.5070000000000012,0.03,0.024556705477197936,0.125
3.856290045290117,0.6999223619419213,0.125,327.1505572194924,4.296356232186563,1.5080000000000016,0.02456502307336053,1.5080000000000013,0.03,0.024556705477197936,0.125
3.8565339651847306,0.7011664412642542,0.125,327.3244440599631,4.296368119401578,1.509000000000001,0.024565023073654838,1.5090000000000012,0.03,0.024556705477197936,0.125
3.856775812855662,0.7024082204988363,0.125,327.49872573510135,4.296374016781367,1.5100000000000016,0.02456502307394915,1.5100000000000013,0.03,0.024556705477197936,0.125
3.857018217403215,0.7036498847752632,0.125,327.6718258813001,4.296382256663847,1.5110000000000015,0.02456502307424346,1.5110000000000012,0.03,0.024556705477197936,0.125
3.8572611779890478,0.704891434266598,0.125,327.8437462772751,4.296392835522533,1.5120000000000011,0.02456502307453777,1.5120000000000013,0.03,0.024556705477197936,0.125
3.8575046937765,0.7061328691455543,0.125,328.0144886981735,4.2964057498380095,1.513000000000001,0.024565023074832083,1.5130000000000012,0.03,0.024556705477197936,0.125
3.85774876393059,0.7073741895845018,0.125,328.1840549155831,4.296420996097926,1.5140000000000013,0.024565023075126393,1.5140000000000013,0.03,0.024556705477197936,0.125
3.857993387618008,0.7086153957554628,0.125,328.3524466975405,4.296438570796963,1.5150000000000012,0.024565023075420696,1.5150000000000012,0.03,0.024556705477197936,0.125
3.8582385640071157,0.7098564878301163,0.125,328.51966580854116,4.296458470436831,1.5160000000000013,0.02456502307571501,1.5160000000000013,0.03,0.024556705477197936,0.125
3.8584842922679377,0.7110974659797966,0.125,328.68571400954704,4.296480691526238,1.517000000000001,0.024565023076009322,1.5170000000000012,0.03,0.024556705477197936,0.125
3.8587305715721616,0.7123383303754962,0.125,328.8505930579966,4.296505230580885,1.5180000000000013,0.024565023076303632,1.5180000000000013,0.03,0.024556705477197936,0.125
3.8589774010931306,0.7135790811878644,0.125,329.0143047078125,4.296532084123437,1.5190000000000012,0.02456502307659794,1.5190000000000012,0.03,0.024556705477197936,0.125
3.8592247800058397,0.71481971858721,0.125,329.17685070941127,4.296561248683514,1.5200000000000014,0.024565023076892255,1.5200000000000014,0.03,0.024556705477197936,0.125
3.8594727074869346,0.7160602427435014,0.125,329.3382328097116,4.296592720797671,1.5210000000000012,0.024565023077186564,1.5210000000000012,0.03,0.024556705477197936,0.125
3.859721182714705,0.717300653826368,0.125,329.4984527521433,4.296626497009379,1.5220000000000014,0.024565023077480874,1.5220000000000014,0.03,0.024556705477197936,0.125
3.859968762403838,0.7185399539482011,0.125,329.6572933436885,4.29665780212675,1.523000000000001,0.024565023077775187,1.5230000000000012,0.03,0.024556705477197936,0.125
3.8602093440764915,0.7197738803411878,0.125,329.81377651517954,4.29666648925642,1.524000000000001,0.024565023078069494,1.5240000000000014,0.03,0.024556705477197936,0.125
3.860450781912711,0.72100784086954,0.125,329.969063408695,4.29667856690941,1.525000000000001,0.02456502307836381,1.5250000000000012,0.03,0.024556705477197936,0.125
3.8606930691044847,0.7222418352618213,0.125,330.12316353675914,4.296694008125068,1.5260000000000011,0.02456502307865812,1.5260000000000014,0.03,0.024556705477197936,0.125
3.8609361989157867,0.7234758632494651,0.125,330.2760863113078,4.296712786227829,1.5270000000000012,0.024565023078952426,1.5270000000000012,0.03,0.024556705477197936,0.125
3.8611801646816355,0.7247099245667379,0.125,330.42784104501413,4.296734874823462,1.5280000000000014,0.02456502307924674,1.5280000000000014,0.03,0.024556705477197936,0.125
3.8614249598071564,0.7259440189507009,0.125,330.57843695259436,4.296760247795375,1.529000000000001,0.02456502307954105,1.5290000000000012,0.03,0.024556705477197936,0.125
3.8616705777666605,0.7271781461411744,0.125,330.72788315209164,4.296788879300959,1.5300000000000011,0.02456502307983536,1.5300000000000014,0.03,0.024556705477197936,0.125
3.8619170121027437,0.7284123058807002,0.125,330.8761886661408,4.2968207437680235,1.5310000000000015,0.02456502308012967,1.5310000000000012,0.03,0.024556705477197936,0.125
3.862164256425393,0.7296464979145078,0.125,331.0233624232132,4.296855815891249,1.5320000000000011,0.024565023080423982,1.5320000000000014,0.03,0.024556705477197936,0.125
3.862412304411111,0.7308807219904784,0.125,331.1694132588416,4.296894070628734,1.533000000000001,0.02456502308071829,1.5330000000000013,0.03,0.024556705477197936,0.125
3.8626611498020504,0.7321149778591111,0.125,331.31434991682653,4.296935483198561,1.5340000000000014,0.024565023081012598,1.5340000000000014,0.03,0.024556705477197936,0.125
3.862910786405168,0.7333492652734874,0.125,331.45818105042355,4.296980029075439,1.5350000000000013,0.02456502308130691,1.5350000000000013,0.03,0.024556705477197936,0.125
3.8631564730405046,0.7345816246029275,0.125,331.5989472153253,4.29701070335923,1.5360000000000014,0.024565023081601224,1.5360000000000014,0.03,0.024556705477197936,0.125
3.8633972136962282,0.7358115679766334,0.125,331.7361081887685,4.297024009937194,1.5370000000000013,0.024565023081895537,1.5370000000000013,0.03,0.024556705477197936,0.125
3.863639322481133,0.7370416847994438,0.125,331.8722639631049,4.297042615595929,1.5380000000000011,0.024565023082189844,1.5380000000000014,0.03,0.024556705477197936,0.125
3.8638827703942233,0.7382719713946609,0.125,332.0074358460985,4.297066408007874,1.539000000000001,0.024565023082484157,1.5390000000000013,0.03,0.024556705477197936,0.125
3.864127529248424,0.7395024241887755,0.125,332.14164454750875,4.297095277997955,1.5400000000000014,0.024565023082778463,1.5400000000000014,0.03,0.024556705477197936,0.125
3.864373571642216,0.740733039707869,0.125,332.2749101999231,4.297129119433759,1.5410000000000013,0.024565023083072776,1.5410000000000013,0.03,0.024556705477197936,0.125
3.864620870932465,0.7419638145741705,0.125,332.407252378725,4.29716782912027,1.5420000000000016,0.02456502308336709,1.5420000000000014,0.03,0.024556705477197936,0.125
3.8648694012083697,0.7431947455027513,0.125,332.5386901212378,4.297211306698946,1.5430000000000013,0.024565023083661403,1.5430000000000013,0.03,0.024556705477197936,0.125
3.86511913726646,0.7444258292983591,0.125,332.6692419450864,4.297259454550931,1.5440000000000014,0.02456502308395571,1.5440000000000014,0.03,0.024556705477197936,0.125
3.8653700545866343,0.7456570628523763,0.125,332.7989258658102,4.297312177704196,1.5450000000000013,0.024565023084250022,1.5450000000000013,0.03,0.024556705477197936,0.125
3.86562212930915,0.7468884431399057,0.125,332.9277594137655,4.297369383744437,1.5460000000000014,0.024565023084544335,1.5460000000000014,0.03,0.024556705477197936,0.125
3.865875338212543,0.7481199672169683,0.125,333.05575965035007,4.297430982729549,1.547000000000001,0.02456502308483864,1.5470000000000013,0.03,0.024556705477197936,0.125
3.8661217387651328,0.7493429554087015,0.125,333.1702560426932,4.297473883214938,1.5480000000000014,0.024565023085132948,1.5480000000000014,0.03,0.024556705477197936,0.125
3.866369297123407,0.750565813846312,0.125,333.2838915600169,4.297521544628277,1.5490000000000013,0.02456502308542726,1.5490000000000013,0.03,0.024556705477197936,0.125
3.8666185052018296,0.751789122056573,0.125,333.3975488828505,4.297575355167287,1.5500000000000014,0.024565023085721574,1.5500000000000014,0.03,0.024556705477197936,0.125
3.866869302331463,0.7530128634989636,0.125,333.51122720929004,4.297635088696075,1.5510000000000013,0.02456502308601588,1.5510000000000013,0.03,0.024556705477197936,0.125
3.8671216307821648,0.7542370224341858,0.125,333.62492577627575,4.2977005300327615,1.5520000000000012,0.024565023086310193,1.5520000000000014,0.03,0.024556705477197936,0.125
3.86737543558678,0.7554615838762283,0.125,333.7386438572681,4.297771474294142,1.5530000000000013,0.024565023086604507,1.5530000000000013,0.03,0.024556705477197936,0.125
3.8676306643777942,0.7566865335478368,0.125,333.85238076008886,4.297847726286847,1.5540000000000014,0.024565023086898813,1.5540000000000014,0.03,0.024556705477197936,0.125
3.8678872672354427,0.7579118578390993,0.125,333.96613582491347,4.297929099941202,1.555000000000001,0.024565023087193126,1.5550000000000013,0.03,0.024556705477197936,0.125
3.868145196546353,0.7591375437689097,0.125,334.07990842240247,4.298015417784304,1.5560000000000012,0.02456502308748744,1.5560000000000014,0.03,0.024556705477197936,0.125
3.8684044068718593,0.7603635789490643,0.125,334.19369795196127,4.298106510449209,1.5570000000000013,0.02456502308778175,1.5570000000000013,0.03,0.024556705477197936,0.125
3.8686648548252474,0.7615899515507949,0.125,334.3075038401169,4.298202216217363,1.5580000000000012,0.02456502308807606,1.5580000000000014,0.03,0.024556705477197936,0.125
3.8689256095914315,0.7628190976265483,0.125,334.42050242323955,4.29829637648878,1.559000000000001,0.024565023088370365,1.5590000000000013,0.03,0.024556705477197936,0.125
3.869186830282315,0.7640507522699536,0.125,334.53298926017476,4.298389892515869,1.5600000000000014,0.024565023088664678,1.5600000000000014,0.03,0.024556705477197936,0.125
3.869449323773382,0.765282634491206,0.125,334.645783440152,4.298488272121449,1.5610000000000013,0.02456502308895899,1.5610000000000013,0.03,0.024556705477197936,0.125
3.869713038219523,0.7665147350203527,0.125,334.7588724441339,4.298591317196849,1.5620000000000014,0.024565023089253298,1.5620000000000014,0.03,0.024556705477197936,0.125
3.8699779245536616,0.7677470450841547,0.125,334.872244423894,4.298698840248712,1.563000000000001,0.02456502308954761,1.5630000000000013,0.03,0.024556705477197936,0.125
3.87024393630314,0.7689795563732582,0.125,334.9858881576805,4.298810663697385,1.5640000000000012,0.024565023089841917,1.5640000000000014,0.03,0.024556705477197936,0.125
3.8705110294204847,0.7702122610119341,0.125,335.09979300935044,4.298926619230235,1.5650000000000013,0.024565023090136234,1.5650000000000013,0.03,0.024556705477197936,0.125
3.870779162127242,0.7714451515301567,0.125,335.2139488906612,4.299046547204932,1.5660000000000012,0.024565023090430543,1.5660000000000014,0.03,0.024556705477197936,0.125
3.8710482947697336,0.772678220837811,0.125,335.32834622643963,4.29917029609826,1.5670000000000013,0.024565023090724853,1.5670000000000013,0.03,0.024556705477197936,0.125
3.871318389685672,0.7739114622008462,0.125,335.44297592237393,4.299297721996435,1.5680000000000014,0.024565023091019163,1.5680000000000014,0.03,0.024556705477197936,0.125
3.8715894110807056,0.7751448692191981,0.125,335.55782933520203,4.29942868812336,1.569000000000001,0.024565023091313476,1.5690000000000013,0.03,0.024556705477197936,0.125
3.8718613249140277,0.7763784358063399,0.125,335.67289824509123,4.299563064403523,1.5700000000000014,0.024565023091607786,1.5700000000000014,0.03,0.024556705477197936,0.125
3.8721340987922965,0.777612156170312,0.125,335.78817483002166,4.299700727056651,1.5710000000000013,0.024565023091902095,1.5710000000000013,0.03,0.024556705477197936,0.125
3.8724077018711633,0.7788460247961163,0.125,335.9036516420088,4.299841558221418,1.5720000000000014,0.02456502309219641,1.5720000000000014,0.03,0.024556705477197936,0.125
3.872682104763775,0.7800800364293562,0.125,336.0193215850098,4.299985445605834,1.573000000000001,0.02456502309249072,1.5730000000000013,0.03,0.024556705477197936,0.125
3.8729568910019316,0.7813147411724978,0.125,336.13536207817816,4.300130173180366,1.5740000000000012,0.024565023092785028,1.5740000000000014,0.03,0.024556705477197936,0.125
3.8732320187747606,0.7825501607676629,0.125,336.251765769393,4.300275551964997,1.575000000000001,0.024565023093079338,1.5750000000000013,0.03,0.024556705477197936,0.125
3.8735078519128914,0.7837857349970853,0.125,336.36833916876003,4.300423597558368,1.5760000000000014,0.02456502309337365,1.5760000000000014,0.03,0.024556705477197936,0.125
3.873784366015578,0.7850214585114913,0.125,336.4850764055546,4.3005742177073945,1.577000000000001,0.02456502309366796,1.5770000000000013,0.03,0.024556705477197936,0.125
3.8740615377947067,0.7862573262055274,0.125,336.6019718767469,4.300727324365581,1.5780000000000012,0.02456502309396227,1.5780000000000014,0.03,0.024556705477197936,0.125
3.8743393450120935,0.787493333204009,0.125,336.7190202319163,4.300882833455947,1.5790000000000013,0.02456502309425658,1.5790000000000013,0.03,0.024556705477197936,0.125
3.874617766420974,0.788729474849099,0.125,336.83621635917393,4.301040664649823,1.5800000000000012,0.02456502309455089,1.5800000000000014,0.03,0.024556705477197936,0.125
3.874896781711363,0.7899657466883241,0.125,336.95355537201584,4.301200741160263,1.5810000000000015,0.024565023094845203,1.5810000000000013,0.03,0.024556705477197936,0.125
3.8751763714589877,0.7912021444633838,0.125,337.07103259703797,4.301362989548984,1.5820000000000014,0.024565023095139513,1.5820000000000014,0.03,0.024556705477197936,0.125
3.8754565170775317,0.7924386640996774,0.125,337.1886435624441,4.301527339545788,1.5830000000000013,0.024565023095433826,1.5830000000000013,0.03,0.024556705477197936,0.125
3.8757372007739197,0.7936753016965054,0.125,337.3063839872901,4.3016937238795485,1.5840000000000012,0.024565023095728132,1.5840000000000014,0.03,0.024556705477197936,0.125
3.8760184055064593,0.7949120535178883,0.125,337.4242497714105,4.301862078119906,1.5850000000000013,0.024565023096022445,1.5850000000000013,0.03,0.024556705477197936,0.125
3.876300114945582,0.7961489159839649,0.125,337.5422369859748,4.302032340528872,1.5860000000000012,0.024565023096316755,1.5860000000000014,0.03,0.024556705477197936,0.125
3.8765823134370385,0.797385885662919,0.125,337.66034186463105,4.302204451921665,1.5870000000000013,0.024565023096611065,1.5870000000000013,0.03,0.024556705477197936,0.125
3.8768649859673374,0.7986229592634075,0.125,337.77856079519216,4.302378355536061,1.5880000000000012,0.024565023096905378,1.5880000000000014,0.03,0.024556705477197936,0.125
3.8771481181313026,0.7998601336274436,0.125,337.89689031182814,4.3025539969097055,1.5890000000000013,0.024565023097199688,1.5890000000000013,0.03,0.024556705477197936,0.125
3.8774316961015654,0.8010974057237121,0.125,338.01532708772794,4.302731323764796,1.5900000000000012,0.024565023097493997,1.5900000000000014,0.03,0.024556705477197936,0.125
3.8777157065998846,0.8023347726412797,0.125,338.13386792819824,4.302910285899644,1.591000000000001,0.02456502309778831,1.5910000000000013,0.03,0.024556705477197936,0.125
3.878000136870152,0.8035722315836797,0.125,338.25250976416936,4.303090835086621,1.5920000000000014,0.02456502309808262,1.5920000000000014,0.03,0.024556705477197936,0.125
3.878284974652985,0.8048097798633382,0.125,338.3712496460808,4.303272924976076,1.593000000000001,0.024565023098376933,1.5930000000000013,0.03,0.024556705477197936,0.125
3.878570208161772,0.8060474148963271,0.125,338.4900847381201,4.303456511005801,1.5940000000000014,0.02456502309867124,1.5940000000000014,0.03,0.024556705477197936,0.125
3.878855826060108,0.8072851341974133,0.125,338.6090123127919,4.303641550315697,1.595000000000001,0.02456502309896555,1.5950000000000013,0.03,0.024556705477197936,0.125
3.8791418174404964,0.8085229353753932,0.125,338.72802974579514,4.303828001667269,1.5960000000000014,0.024565023099259863,1.5960000000000014,0.03,0.024556705477197936,0.125
3.879428171804259,0.8097608161286856,0.125,338.8471345111886,4.304015825367656,1.597000000000001,0.024565023099554172,1.5970000000000013,0.03,0.024556705477197936,0.125
3.879714099655433,0.8109989209988268,0.125,338.96719005784576,4.304201718926108,1.5980000000000014,0.024565023099848482,1.5980000000000014,0.03,0.024556705477197936,0.125
3.879999789004384,0.8122372388888127,0.125,339.0879651885654,4.304386445481101,1.5990000000000013,0.02456502310014279,1.5990000000000013,0.03,0.024556705477197936,0.125
3.880285805065846,0.813475666127631,0.125,339.20881655027796,4.304572369539494,1.6000000000000012,0.024565023100437105,1.6000000000000014,0.03,0.024556705477197936,0.125
3.880520286018741,0.814614345549649,0.125,339.3295450427459,4.304634903589771,1.6010000000000013,0.02456502304284788,1.6010000000000013,0.03,0.024556705477197936,0.125
3.880754837904641,0.8157529757093716,0.125,339.45011603737197,4.304697770634667,1.6020000000000014,0.02456502298525866,1.6020000000000014,0.03,0.024556705477197936,0.125
3.880989460956875,0.8168915564447552,0.125,339.57052901608114,4.304760971769539,1.603000000000001,0.024565022927669447,1.6030000000000013,0.03,0.024556705477197936,0.125
3.881224155409794,0.8180300875930443,0.125,339.690783458524,4.304824508094553,1.6040000000000016,0.024565022870080225,1.6040000000000014,0.03,0.024556705477197936,0.125
3.881458921498781,0.8191685689907678,0.125,339.8108788420635,4.304888380714708,1.605000000000001,0.024565022812491,1.6050000000000013,0.03,0.024556705477197936,0.125
3.881693759460254,0.8203070004737364,0.125,339.93081464176345,4.304952590739866,1.6060000000000012,0.024565022754901786,1.6060000000000014,0.03,0.024556705477197936,0.125
3.8819286695316735,0.8214453818770363,0.125,340.0505903303745,4.305017139284782,1.6070000000000013,0.024565022697312564,1.6070000000000013,0.03,0.024556705477197936,0.125
3.882163651951544,0.8225837130350269,0.125,340.17020537832263,4.305082027469124,1.6080000000000014,0.024565022639723346,1.6080000000000014,0.03,0.024556705477197936,0.125
3.8823987069594272,0.8237219937813363,0.125,340.2896592536955,4.305147256417503,1.6090000000000015,0.024565022582134124,1.6090000000000013,0.03,0.024556705477197936,0.125
3.8826338347959406,0.8248602239488572,0.125,340.40895142222996,4.305212827259502,1.6100000000000012,0.024565022524544906,1.6100000000000014,0.03,0.024556705477197936,0.125
3.8828690357027673,0.825998403369743,0.125,340.5280813472989,4.3052787411297,1.6110000000000013,0.02456502246695568,1.6110000000000013,0.03,0.024556705477197936,0.125
3.883104309922661,0.8271365318754036,0.125,340.647048489898,4.305344999167703,1.6120000000000012,0.02456502240936646,1.6120000000000014,0.03,0.024556705477197936,0.125
3.883339657699453,0.8282746092965012,0.125,340.76585230863293,4.3054116025181735,1.613000000000001,0.02456502235177724,1.6130000000000013,0.03,0.024556705477197936,0.125
3.8835750792780543,0.8294126354629463,0.125,340.88449225970584,4.305478552330849,1.6140000000000014,0.024565022294188023,1.6140000000000014,0.03,0.024556705477197936,0.125
3.8838105749044676,0.8305506102038935,0.125,341.00296779690206,4.305545849760583,1.615000000000001,0.024565022236598802,1.6150000000000013,0.03,0.024556705477197936,0.125
3.884046144825788,0.8316885333477372,0.125,341.12127837157664,4.305613495967364,1.6160000000000014,0.024565022179009584,1.6160000000000014,0.03,0.024556705477197936,0.125
3.884281789290211,0.832826404722107,0.125,341.2394234326405,4.305681492116348,1.617000000000001,0.024565022121420362,1.6170000000000013,0.03,0.024556705477197936,0.125
3.8845175085470407,0.8339642241538652,0.125,341.3574024265478,4.305749839377889,1.6180000000000014,0.02456502206383114,1.6180000000000014,0.03,0.024556705477197936,0.125
3.8847533028466934,0.8351019914690994,0.125,341.475214797281,4.305818538927562,1.6190000000000013,0.024565022006241923,1.6190000000000013,0.03,0.024556705477197936,0.125
3.8849891724407035,0.8362397064931214,0.125,341.5928599863379,4.305887591946196,1.6200000000000017,0.024565021948652704,1.6200000000000014,0.03,0.024556705477197936,0.125
3.8852251175817307,0.8373773690504602,0.125,341.71033743271715,4.305956999619909,1.621000000000001,0.024565021891063486,1.6210000000000013,0.03,0.024556705477197936,0.125
3.885461138523569,0.8385149789648603,0.125,341.82764657290505,4.306026763140122,1.6220000000000012,0.02456502183347426,1.6220000000000014,0.03,0.024556705477197936,0.125
3.8856972355211488,0.8396525360592743,0.125,341.9447868408605,4.306096883703609,1.6230000000000013,0.024565021775885036,1.6230000000000013,0.03,0.024556705477197936,0.125
3.8859334088305433,0.8407900401558612,0.125,342.06175766800175,4.30616736251251,1.6240000000000014,0.024565021718295818,1.6240000000000014,0.03,0.024556705477197936,0.125
3.886169658708979,0.8419274910759795,0.125,342.1785584831911,4.30623820077437,1.625000000000001,0.0245650216607066,1.6250000000000013,0.03,0.024556705477197936,0.125
3.88640598541484,0.8430648886401857,0.125,342.2951887127218,4.306309399702166,1.6260000000000012,0.024565021603117385,1.6260000000000014,0.03,0.024556705477197936,0.125
3.8866423892076716,0.844202232668226,0.125,342.4116477803023,4.306380960514339,1.6270000000000013,0.02456502154552816,1.6270000000000013,0.03,0.024556705477197936,0.125
3.8868788703481916,0.8453395229790355,0.125,342.5279351070426,4.306452884434828,1.6280000000000012,0.024565021487938942,1.6280000000000014,0.03,0.024556705477197936,0.125
3.8871154290982948,0.8464767593907302,0.125,342.64405011143907,4.306525172693091,1.6290000000000011,0.02456502143034972,1.6290000000000013,0.03,0.024556705477197936,0.125
3.8873520657210587,0.8476139417206059,0.125,342.7599922093601,4.3065978265241505,1.6300000000000014,0.024565021372760495,1.6300000000000014,0.03,0.024556705477197936,0.125
3.8875887804807525,0.8487510697851298,0.125,342.8757608140307,4.306670847168609,1.631000000000001,0.02456502131517128,1.6310000000000013,0.03,0.024556705477197936,0.125
3.887825573642841,0.8498881433999395,0.125,342.9913553360181,4.306744235872694,1.6320000000000014,0.024565021257582066,1.6320000000000014,0.03,0.024556705477197936,0.125
3.888062445473993,0.8510251623798347,0.125,343.1067751832162,4.306817993888285,1.6330000000000011,0.02456502119999284,1.6330000000000013,0.03,0.024556705477197936,0.125
3.88829939624209,0.8521621265387761,0.125,343.2220197608309,4.306892122472944,1.6340000000000017,0.02456502114240362,1.6340000000000015,0.03,0.024556705477197936,0.125
3.888536426216229,0.8532990356898772,0.125,343.3370884713641,4.306966622889947,1.6350000000000013,0.0245650210848144,1.6350000000000013,0.03,0.024556705477197936,0.125
3.8887735356667332,0.8544358896454024,0.125,343.4519807145994,4.307041496408323,1.6360000000000015,0.02456502102722518,1.6360000000000015,0.03,0.024556705477197936,0.125
3.8890107248651544,0.8555726882167592,0.125,343.56669588758524,4.307116744302878,1.6370000000000013,0.02456502096963596,1.6370000000000013,0.03,0.024556705477197936,0.125
3.8892479940842875,0.8567094312144969,0.125,343.6812333846208,4.307192367854236,1.6380000000000015,0.024565020912046744,1.6380000000000015,0.03,0.024556705477197936,0.125
3.8894853435981687,0.8578461184482983,0.125,343.7955925972389,4.307268368348864,1.6390000000000016,0.02456502085445752,1.6390000000000013,0.03,0.024556705477197936,0.125
3.8897227736820885,0.8589827497269766,0.125,343.90977291419136,4.307344747079115,1.6400000000000012,0.0245650207968683,1.6400000000000015,0.03,0.024556705477197936,0.125
3.8899602846125982,0.8601193248584702,0.125,344.02377372143224,4.307421505343254,1.6410000000000013,0.02456502073927908,1.6410000000000013,0.03,0.024556705477197936,0.125
3.890197876667516,0.8612558436498375,0.125,344.13759440210237,4.307498644445493,1.6420000000000015,0.024565020681689857,1.6420000000000015,0.03,0.024556705477197936,0.125
3.890435550125933,0.8623923059072516,0.125,344.2512343365128,4.30757616569603,1.6430000000000013,0.02456502062410064,1.6430000000000013,0.03,0.024556705477197936,0.125
3.8906733052682227,0.8635287114359957,0.125,344.36469290212904,4.3076540704110755,1.6440000000000012,0.024565020566511418,1.6440000000000015,0.03,0.024556705477197936,0.125
3.8909111423760487,0.8646650600404577,0.125,344.47796947355425,4.307732359912896,1.6450000000000011,0.024565020508922196,1.6450000000000014,0.03,0.024556705477197936,0.125
3.8911490617323703,0.8658013515241253,0.125,344.59106342251295,4.3078110355298405,1.6460000000000012,0.024565020451332978,1.6460000000000015,0.03,0.024556705477197936,0.125
3.89138706362145,0.86693758568958,0.125,344.70397411783443,4.307890098596381,1.6470000000000014,0.02456502039374376,1.6470000000000014,0.03,0.024556705477197936,0.125
3.8916251483288624,0.8680737623384936,0.125,344.8167009254363,4.307969550453147,1.6480000000000015,0.024565020336154538,1.6480000000000015,0.03,0.024556705477197936,0.125
3.8918633161415013,0.8692098812716205,0.125,344.929243208307,4.308049392446959,1.6490000000000014,0.02456502027856532,1.6490000000000014,0.03,0.024556705477197936,0.125
3.892101567347587,0.8703459422887951,0.125,345.0416003264898,4.308129625930865,1.6500000000000012,0.0245650202209761,1.6500000000000015,0.03,0.024556705477197936,0.125
3.8923399022366736,0.8714819451889242,0.125,345.15377163706484,4.308210252264176,1.6510000000000011,0.024565020163386877,1.6510000000000014,0.03,0.024556705477197936,0.125
3.8925783210996587,0.8726178897699829,0.125,345.2657564941328,4.308291272812507,1.6520000000000015,0.024565020105797655,1.6520000000000015,0.03,0.024556705477197936,0.125
3.892816824228788,0.8737537758290086,0.125,345.37755424879674,4.308372688947808,1.6530000000000014,0.024565020048208437,1.6530000000000014,0.03,0.024556705477197936,0.125
3.893055411917666,0.8748896031620966,0.125,345.4891642491457,4.3084545020483995,1.6540000000000015,0.02456501999061922,1.6540000000000015,0.03,0.024556705477197936,0.125
3.8932940844612625,0.8760253715643923,0.125,345.6005858402361,4.308536713499018,1.6550000000000011,0.02456501993303,1.6550000000000014,0.03,0.024556705477197936,0.125
3.8935328421559214,0.8771610808300891,0.125,345.71181836407516,4.308619324690845,1.6560000000000012,0.024565019875440776,1.6560000000000015,0.03,0.024556705477197936,0.125
3.8937716852993662,0.8782967307524194,0.125,345.822861159602,4.308702337021546,1.6570000000000014,0.024565019817851558,1.6570000000000014,0.03,0.024556705477197936,0.125
3.8940106141907123,0.8794323211236512,0.125,345.93371356267096,4.308785751895314,1.6580000000000013,0.02456501976026234,1.6580000000000015,0.03,0.024556705477197936,0.125
3.8942496291304707,0.8805678517350817,0.125,346.04437490603243,4.3088695707229006,1.6590000000000011,0.024565019702673118,1.6590000000000014,0.03,0.024556705477197936,0.125
3.8944887304205604,0.8817033223770322,0.125,346.1548445193157,4.308953794921659,1.6600000000000015,0.024565019645083896,1.6600000000000015,0.03,0.024556705477197936,0.125
3.8947279183643126,0.8828387328388407,0.125,346.26512172900976,4.3090384259155785,1.6610000000000011,0.02456501958749468,1.6610000000000014,0.03,0.024556705477197936,0.125
3.8949671932664827,0.8839740829088589,0.125,346.3752058584457,4.309123465135327,1.6620000000000015,0.024565019529905453,1.6620000000000015,0.03,0.024556705477197936,0.125
3.8952065554332553,0.8851093723744436,0.125,346.4850962277776,4.30920891401829,1.6630000000000011,0.02456501947231624,1.6630000000000014,0.03,0.024556705477197936,0.125
3.8954460051722553,0.8862446010219529,0.125,346.5947921539644,4.3092947740086105,1.6640000000000017,0.024565019414727017,1.6640000000000015,0.03,0.024556705477197936,0.125
3.895685542792554,0.887379768636739,0.125,346.70429295075036,4.30938104655722,1.6650000000000011,0.024565019357137792,1.6650000000000014,0.03,0.024556705477197936,0.125
3.895925168604679,0.8885148750031434,0.125,346.8135979286469,4.309467733121896,1.6660000000000013,0.024565019299548577,1.6660000000000015,0.03,0.024556705477197936,0.125
3.8961648829206244,0.88964991990449,0.125,346.922706394913,4.309554835167287,1.6670000000000014,0.024565019241959356,1.6670000000000014,0.03,0.024556705477197936,0.125
3.8964046860538555,0.8907849031230795,0.125,347.0316176535365,4.309642354164954,1.6680000000000013,0.02456501918437013,1.6680000000000015,0.03,0.024556705477197936,0.125
3.8966445783193215,0.8919198244401831,0.125,347.14033100521397,4.309730291593422,1.6690000000000014,0.024565019126780913,1.6690000000000014,0.03,0.024556705477197936,0.125
3.8968845600334605,0.8930546836360371,0.125,347.2488457473323,4.309818648938216,1.6700000000000013,0.024565019069191698,1.6700000000000015,0.03,0.024556705477197936,0.125
3.8971246315142123,0.894189480489836,0.125,347.35716117394816,4.309907427691895,1.6710000000000012,0.024565019011602476,1.6710000000000014,0.03,0.024556705477197936,0.125
3.897364793081023,0.8953242147797269,0.125,347.46527657576877,4.309996629354101,1.6720000000000015,0.024565018954013258,1.6720000000000015,0.03,0.024556705477197936,0.125
3.897605045054858,0.896458886282802,0.125,347.5731912401317,4.3100862554316075,1.6730000000000014,0.024565018896424037,1.6730000000000014,0.03,0.024556705477197936,0.125
3.8978453877582093,0.8975934947750951,0.125,347.68090445098534,4.310176307438344,1.6740000000000013,0.024565018838834815,1.6740000000000015,0.03,0.024556705477197936,0.125
3.898085207178848,0.898727505161901,0.125,347.78878248553485,4.310264864094279,1.6750000000000012,0.024565018781245597,1.6750000000000014,0.03,0.024556705477197936,0.125
3.898324997124805,0.8998613680099569,0.125,347.8965556593557,4.310353450307559,1.6760000000000013,0.024565018723656375,1.6760000000000015,0.03,0.024556705477197936,0.125
3.8985648941965834,0.9009952041850606,0.125,348.0041447677645,4.310442491684874,1.6770000000000012,0.024565018666067154,1.6770000000000014,0.03,0.024556705477197936,0.125
3.8988048985162984,0.9021290136568075,0.125,348.1115496009389,4.310531988745079,1.6780000000000013,0.024565018608477936,1.6780000000000015,0.03,0.024556705477197936,0.125
3.899045010206253,0.9032627963947454,0.125,348.2187699487372,4.310621942007822,1.6790000000000016,0.024565018550888714,1.6790000000000014,0.03,0.024556705477197936,0.125
3.899285229388934,0.9043965523683765,0.125,348.32580560069823,4.310712351993539,1.6800000000000013,0.024565018493299496,1.6800000000000015,0.03,0.024556705477197936,0.125
3.8995255561870166,0.9055302815471561,0.125,348.4326563460405,4.310803219223458,1.6810000000000014,0.024565018435710274,1.6810000000000014,0.03,0.024556705477197936,0.125
3.8997659907233615,0.9066639839004939,0.125,348.53932197366186,4.3108945442196,1.6820000000000015,0.024565018378121056,1.6820000000000015,0.03,0.024556705477197936,0.125
3.9000065331210187,0.9077976593977518,0.125,348.64580227213844,4.310986327504786,1.6830000000000014,0.024565018320531835,1.6830000000000014,0.03,0.024556705477197936,0.125
3.9002471835032226,0.9089313080082464,0.125,348.75209702972444,4.311078569602623,1.6840000000000013,0.024565018262942613,1.6840000000000015,0.03,0.024556705477197936,0.125
3.900487941993397,0.9100649297012461,0.125,348.85820603435116,4.311171271037527,1.6850000000000014,0.02456501820535339,1.6850000000000014,0.03,0.024556705477197936,0.125
3.900728808715153,0.9111985244459737,0.125,348.96412907362696,4.311264432334708,1.6860000000000013,0.024565018147764173,1.6860000000000015,0.03,0.024556705477197936,0.125
3.900969783792293,0.9123320922116042,0.125,349.069865934836,4.311358054020176,1.6870000000000014,0.024565018090174952,1.6870000000000014,0.03,0.024556705477197936,0.125
3.901210867348804,0.913465632967266,0.125,349.1754164049379,4.311452136620747,1.6880000000000015,0.024565018032585734,1.6880000000000015,0.03,0.024556705477197936,0.125
3.9014520595088658,0.9145991466820401,0.125,349.2807802705672,4.311546680664038,1.6890000000000014,0.024565017974996516,1.6890000000000014,0.03,0.024556705477197936,0.125
3.901693360396846,0.9157326333249609,0.125,349.3859573180328,4.311641686678475,1.6900000000000015,0.024565017917407294,1.6900000000000015,0.03,0.024556705477197936,0.125
3.901934770137302,0.9168660928650146,0.125,349.49094733331674,4.311737155193287,1.6910000000000016,0.024565017859818072,1.6910000000000014,0.03,0.024556705477197936,0.125
3.902176288854983,0.9179995252711408,0.125,349.59575010207453,4.311833086738514,1.6920000000000015,0.024565017802228854,1.6920000000000015,0.03,0.024556705477197936,0.125
3.9024179166748265,0.9191329305122309,0.125,349.7003654096338,4.311929481845007,1.6930000000000012,0.024565017744639636,1.6930000000000014,0.03,0.024556705477197936,0.125
3.902659653721965,0.9202663085571298,0.125,349.8047930409939,4.312026341044428,1.6940000000000017,0.02456501768705041,1.6940000000000015,0.03,0.024556705477197936,0.125
3.9029015001217178,0.921399659374633,0.125,349.9090327808252,4.312123664869252,1.6950000000000014,0.024565017629461193,1.6950000000000014,0.03,0.024556705477197936,0.125
3.9031434559995994,0.9225329829334904,0.125,350.0130844134689,4.312221453852768,1.6960000000000013,0.02456501757187197,1.6960000000000015,0.03,0.024556705477197936,0.125
3.903385521481315,0.9236662792024022,0.125,350.11694772293544,4.312319708529082,1.6970000000000012,0.02456501751428275,1.6970000000000014,0.03,0.024556705477197936,0.125
3.9036276966927628,0.9247995481500221,0.125,350.220622492905,4.312418429433122,1.6980000000000015,0.024565017456693535,1.6980000000000015,0.03,0.024556705477197936,0.125
3.9038699817600326,0.9259327897449542,0.125,350.3241085067261,4.312517617100628,1.6990000000000014,0.024565017399104314,1.6990000000000014,0.03,0.024556705477197936,0.125
3.9041123768094095,0.9270660039557562,0.125,350.42740554741505,4.3126172720681675,1.7000000000000013,0.024565017341515092,1.7000000000000015,0.03,0.024556705477197936,0.125
3.904319200566226,0.9281094898404372,0.125,350.5143840313821,4.312649316777991,1.7010000000000014,0.024565017417123476,1.7010000000000014,0.03,0.024556705477197936,0.125
3.9045260597680826,0.9291529519755913,0.125,350.60128344285374,4.3126815270233125,1.7020000000000015,0.024565017492731864,1.7020000000000015,0.03,0.024556705477197936,0.125
3.904732954626502,0.9301963902194906,0.125,350.68810330995694,4.312713903791985,1.7030000000000014,0.024565017568340244,1.7030000000000014,0.03,0.024556705477197936,0.125
3.9049398853546915,0.9312398044292779,0.125,350.7748431570569,4.312746448079732,1.7040000000000015,0.02456501764394863,1.7040000000000015,0.03,0.024556705477197936,0.125
3.9051468521675634,0.9322831944609539,0.125,350.8615025047191,4.312779160890233,1.7050000000000014,0.02456501771955701,1.7050000000000014,0.03,0.024556705477197936,0.125
3.905353855281748,0.9333265601693678,0.125,350.94808086967134,4.3128120432352,1.706000000000001,0.024565017795165397,1.7060000000000015,0.03,0.024556705477197936,0.125
3.905560894915615,0.9343699014082034,0.125,351.03457776476546,4.312845096134463,1.7070000000000012,0.02456501787077378,1.7070000000000014,0.03,0.024556705477197936,0.125
3.90576797128929,0.9354132180299698,0.125,351.12099269893787,4.312878320616045,1.7080000000000015,0.024565017946382165,1.7080000000000015,0.03,0.024556705477197936,0.125
3.9059750846246666,0.9364565098859868,0.125,351.20732517717073,4.312911717716249,1.7090000000000014,0.02456501802199055,1.7090000000000014,0.03,0.024556705477197936,0.125
3.9061822351454345,0.9374997768263764,0.125,351.2935747004517,4.312945288479739,1.7100000000000013,0.024565018097598933,1.7100000000000015,0.03,0.024556705477197936,0.125
3.9063894230770893,0.9385430187000472,0.125,351.3797407657339,4.3129790339596275,1.7110000000000016,0.024565018173207318,1.7110000000000014,0.03,0.024556705477197936,0.125
3.906596648646953,0.9395862353546844,0.125,351.46582286589467,4.313012955217557,1.7120000000000015,0.0245650182488157,1.7120000000000015,0.03,0.024556705477197936,0.125
3.906803912084194,0.9406294266367364,0.125,351.5518204896943,4.313047053323789,1.7130000000000012,0.024565018324424086,1.7130000000000014,0.03,0.024556705477197936,0.125
3.907011213619845,0.941672592391403,0.125,351.63773312173464,4.313081329357294,1.7140000000000015,0.024565018400032466,1.7140000000000015,0.03,0.024556705477197936,0.125
3.907218553486823,0.9427157324626212,0.125,351.72356024241583,4.313115784405833,1.7150000000000012,0.024565018475640858,1.7150000000000014,0.03,0.024556705477197936,0.125
3.9074259319199443,0.9437588466930545,0.125,351.8093013278943,4.313150419566059,1.7160000000000015,0.024565018551249238,1.7160000000000015,0.03,0.024556705477197936,0.125
3.9076333491559496,0.9448019349240774,0.125,351.8949558500386,4.31318523594359,1.7170000000000014,0.024565018626857622,1.7170000000000014,0.03,0.024556705477197936,0.125
3.907840805433521,0.9458449969957645,0.125,351.98052327638635,4.313220234653123,1.7180000000000013,0.024565018702466006,1.7180000000000015,0.03,0.024556705477197936,0.125
3.908048300993302,0.9468880327468752,0.125,352.06600307009865,4.313255416818509,1.7190000000000016,0.024565018778074394,1.7190000000000014,0.03,0.024556705477197936,0.125
3.9082558360779167,0.9479310420148418,0.125,352.15139468991566,4.313290783572857,1.7200000000000015,0.024565018853682778,1.7200000000000015,0.03,0.024556705477197936,0.125
3.908463410931994,0.9489740246357543,0.125,352.2366975901114,4.313326336058625,1.7210000000000014,0.02456501892929116,1.7210000000000014,0.03,0.024556705477197936,0.125
3.9086710258021826,0.9500169804443482,0.125,352.3219112204465,4.313362075427721,1.7220000000000015,0.02456501900489954,1.7220000000000015,0.03,0.024556705477197936,0.125
3.908878680937177,0.9510599092739885,0.125,352.4070350261224,4.313398002841593,1.7230000000000016,0.024565019080507927,1.7230000000000014,0.03,0.024556705477197936,0.125
3.9090863765877364,0.9521028109566573,0.125,352.4920684477336,4.3134341194713395,1.7240000000000013,0.02456501915611631,1.7240000000000015,0.03,0.024556705477197936,0.125
3.909294113006707,0.9531456853229381,0.125,352.5770109212197,4.313470426497802,1.7250000000000014,0.024565019231724695,1.7250000000000014,0.03,0.024556705477197936,0.125
3.909501890449043,0.9541885322020025,0.125,352.66186187781716,4.313506925111666,1.7260000000000013,0.02456501930733308,1.7260000000000015,0.03,0.024556705477197936,0.125
3.9097097091718283,0.9552313514215935,0.125,352.74662074400993,4.3135436165135665,1.7270000000000016,0.02456501938294146,1.7270000000000014,0.03,0.024556705477197936,0.125
3.909917569434298,0.9562741428080133,0.125,352.83128694147985,4.313580501914192,1.7280000000000013,0.02456501945854985,1.7280000000000015,0.03,0.024556705477197936,0.125
3.9101254714978673,0.9573169061861051,0.125,352.91585988705623,4.313617582534392,1.7290000000000014,0.024565019534158232,1.7290000000000014,0.03,0.024556705477197936,0.125
3.9103334156261442,0.9583596413792405,0.125,353.0003389926649,4.313654859605278,1.7300000000000013,0.024565019609766616,1.7300000000000015,0.03,0.024556705477197936,0.125
3.9105414020849616,0.959402348209302,0.125,353.08472366527633,4.313692334368336,1.7310000000000014,0.024565019685374997,1.7310000000000014,0.03,0.024556705477197936,0.125
3.910749431142394,0.960445026496669,0.125,353.16901330685374,4.313730008075537,1.7320000000000015,0.02456501976098338,1.7320000000000015,0.03,0.024556705477197936,0.125
3.9109575030687873,0.9614876760601996,0.125,353.2532073142996,4.313767881989443,1.7330000000000012,0.024565019836591765,1.7330000000000014,0.03,0.024556705477197936,0.125
3.9111656181367778,0.9625302967172175,0.125,353.3373050794027,4.313805957383322,1.7340000000000013,0.024565019912200153,1.7340000000000015,0.03,0.024556705477197936,0.125
3.9113737766213186,0.9635728882834926,0.125,353.42130598878305,4.313844235541266,1.7350000000000012,0.024565019987808537,1.7350000000000014,0.03,0.024556705477197936,0.125
3.9115819787997057,0.9646154505732273,0.125,353.5052094238375,4.313882717758297,1.7360000000000013,0.024565020063416917,1.7360000000000015,0.03,0.024556705477197936,0.125
3.9117902249516003,0.965657983399037,0.125,353.5890147606836,4.313921405340491,1.7370000000000014,0.024565020139025305,1.7370000000000014,0.03,0.024556705477197936,0.125
3.911998515359056,0.9667004865719359,0.125,353.67272137010355,4.313960299605096,1.7380000000000013,0.024565020214633686,1.7380000000000015,0.03,0.024556705477197936,0.125
3.9122068503065424,0.9677429599013172,0.125,353.75632861748625,4.313999401880643,1.7390000000000012,0.024565020290242073,1.7390000000000014,0.03,0.024556705477197936,0.125
3.9124152300809745,0.9687854031949384,0.125,353.8398358627707,4.314038713507084,1.7400000000000013,0.024565020365850454,1.7400000000000015,0.03,0.024556705477197936,0.125
3.9126236549717355,0.9698278162589008,0.125,353.9232424603862,4.314078235835893,1.7410000000000014,0.02456502044145884,1.7410000000000014,0.03,0.024556705477197936,0.125
3.912832125270705,0.9708701988976346,0.125,354.0065477591934,4.314117970230211,1.7420000000000018,0.024565020517067226,1.7420000000000015,0.03,0.024556705477197936,0.125
3.9130406412722856,0.9719125509138775,0.125,354.089751102424,4.314157918064957,1.7430000000000012,0.02456502059267561,1.7430000000000014,0.03,0.024556705477197936,0.125
3.913249203273432,0.9729548721086606,0.125,354.1728518276202,4.314198080726964,1.7440000000000015,0.024565020668283994,1.7440000000000015,0.03,0.024556705477197936,0.125
3.9134578115736747,0.9739971622812855,0.125,354.25584926657234,4.314238459615107,1.7450000000000014,0.024565020743892378,1.7450000000000014,0.03,0.024556705477197936,0.125
3.913666466475151,0.9750394212293086,0.125,354.3387427452567,4.314279056140429,1.7460000000000013,0.02456502081950076,1.7460000000000016,0.03,0.024556705477197936,0.125
3.9138751682826354,0.9760816487485208,0.125,354.42153158377226,4.31431987172628,1.7470000000000014,0.024565020895109146,1.7470000000000014,0.03,0.024556705477197936,0.125
3.9140839173035626,0.9771238446329282,0.125,354.5042150962761,4.314360907808448,1.7480000000000016,0.024565020970717527,1.7480000000000016,0.03,0.024556705477197936,0.125
3.9142927138480617,0.9781660086747326,0.125,354.5867925909185,4.314402165835296,1.7490000000000014,0.024565021046325915,1.7490000000000014,0.03,0.024556705477197936,0.125
3.9145015582289826,0.9792081406643127,0.125,354.6692633697773,4.3144436472679,1.7500000000000013,0.024565021121934295,1.7500000000000016,0.03,0.024556705477197936,0.125
3.914710450761928,0.9802502403902019,0.125,354.75162672879065,4.314485353580189,1.7510000000000012,0.024565021197542683,1.7510000000000014,0.03,0.024556705477197936,0.125
3.914919391765284,0.9812923076390708,0.125,354.8338819576899,4.314527286259084,1.7520000000000016,0.024565021273151064,1.7520000000000016,0.03,0.024556705477197936,0.125
3.915128381560248,0.9823343421957038,0.125,354.91602833993056,4.314569446804647,1.7530000000000014,0.02456502134875945,1.7530000000000014,0.03,0.024556705477197936,0.125
3.9153374204708635,0.9833763438429806,0.125,354.99806515262316,4.314611836730222,1.7540000000000013,0.024565021424367832,1.7540000000000016,0.03,0.024556705477197936,0.125
3.9155465088240473,0.9844183123618528,0.125,355.0799916664626,4.314654457562583,1.7550000000000012,0.02456502149997622,1.7550000000000014,0.03,0.024556705477197936,0.125
3.915755646949626,0.985460247531325,0.125,355.1618071456571,4.314697310842084,1.7560000000000013,0.0245650215755846,1.7560000000000016,0.03,0.024556705477197936,0.125
3.9159648351803673,0.9865021491284307,0.125,355.2435108478557,4.314740398122813,1.7570000000000014,0.024565021651192984,1.7570000000000014,0.03,0.024556705477197936,0.125
3.916174073852009,0.9875440169282121,0.125,355.325102024075,4.314783720972739,1.7580000000000013,0.02456502172680137,1.7580000000000016,0.03,0.024556705477197936,0.125
3.916383363303297,0.9885858507036965,0.125,355.4065799186253,4.314827280973871,1.7590000000000012,0.024565021802409753,1.7590000000000015,0.03,0.024556705477197936,0.125
3.9165927038760167,0.989627650225875,0.125,355.48794376903476,4.314871079722417,1.7600000000000013,0.024565021878018137,1.7600000000000016,0.03,0.024556705477197936,0.125
3.9168020959150285,0.9906694152636775,0.125,355.5691928059736,4.314915118828945,1.7610000000000015,0.02456502195362652,1.7610000000000015,0.03,0.024556705477197936,0.125
3.9170115397683007,0.9917111455839529,0.125,355.65032625317673,4.314959399918535,1.7620000000000013,0.024565022029234905,1.7620000000000016,0.03,0.024556705477197936,0.125
3.9172210357869455,0.9927528409514413,0.125,355.7313433273653,4.315003924630957,1.7630000000000012,0.024565022104843293,1.7630000000000015,0.03,0.024556705477197936,0.125
3.917430584325255,0.9937945011287542,0.125,355.8122432381674,4.315048694620824,1.7640000000000016,0.024565022180451673,1.7640000000000016,0.03,0.024556705477197936,0.125
3.9176401857407384,0.9948361258763475,0.125,355.8930251880377,4.315093711557771,1.7650000000000015,0.02456502225606006,1.7650000000000015,0.03,0.024556705477197936,0.125
3.9178498403941537,0.9958777149524984,0.125,355.9736883721756,4.31513897712662,1.7660000000000013,0.02456502233166844,1.7660000000000016,0.03,0.024556705477197936,0.125
3.9180595486495515,0.9969192681132799,0.125,356.0542319784428,4.3151844930275525,1.7670000000000012,0.024565022407276822,1.7670000000000015,0.03,0.024556705477197936,0.125
3.918269310874307,0.9979607851125364,0.125,356.1346551872791,4.315230260976292,1.7680000000000013,0.024565022482885213,1.7680000000000016,0.03,0.024556705477197936,0.125
3.918479127439162,0.9990022657018571,0.125,356.2149571716183,4.315276282704269,1.7690000000000015,0.024565022558493597,1.7690000000000015,0.03,0.024556705477197936,0.125
3.9186889987182596,1.0000437096305514,0.125,356.2951370968009,4.315322559958817,1.7700000000000014,0.024565022634101978,1.7700000000000016,0.03,0.024556705477197936,0.125
3.9188989250891875,1.0010851166456212,0.125,356.3751941204876,4.315369094503341,1.7710000000000012,0.024565022709710366,1.7710000000000015,0.03,0.024556705477197936,0.125
3.919108906933016,1.0021264864917356,0.125,356.4551273925705,4.315415888117516,1.7720000000000014,0.02456502278531875,1.7720000000000016,0.03,0.024556705477197936,0.125
3.9193189446343357,1.003167818911203,0.125,356.53493605508316,4.31546294259746,1.7730000000000015,0.024565022860927134,1.7730000000000015,0.03,0.024556705477197936,0.125
3.9195290385813024,1.004209113643945,0.125,356.61461924211005,4.315510259755941,1.7740000000000014,0.024565022936535518,1.7740000000000016,0.03,0.024556705477197936,0.125
3.9197391891656768,1.0052503704274671,0.125,356.6941760796937,4.315557841422556,1.7750000000000012,0.0245650230121439,1.7750000000000015,0.03,0.024556705477197936,0.125
3.919949396782865,1.0062915889968318,0.125,356.7736056857417,4.315605689443935,1.7760000000000014,0.024565023087752283,1.7760000000000016,0.03,0.024556705477197936,0.125
3.920159661831964,1.0073327690846294,0.125,356.8529071699311,4.315653805683938,1.7770000000000015,0.024565023163360664,1.7770000000000015,0.03,0.024556705477197936,0.125
3.920369984715802,1.0083739104209497,0.125,356.93207963361306,4.315702192023855,1.7780000000000014,0.02456502323896905,1.7780000000000016,0.03,0.024556705477197936,0.125
3.9205803658409826,1.0094150127333514,0.125,357.0111221697147,4.315750850362612,1.7790000000000012,0.02456502331457744,1.7790000000000015,0.03,0.024556705477197936,0.125
3.920790805617932,1.0104560757468353,0.125,357.0900338626403,4.315799782616975,1.7800000000000014,0.02456502339018582,1.7800000000000016,0.03,0.024556705477197936,0.125
3.92100130446094,1.0114970991838101,0.125,357.168813788171,4.315848990721765,1.7810000000000012,0.024565023465794204,1.7810000000000015,0.03,0.024556705477197936,0.125
3.9212118627882075,1.0125380827640655,0.125,357.247461013363,4.315898476630066,1.7820000000000014,0.024565023541402588,1.7820000000000016,0.03,0.024556705477197936,0.125
3.9214224810218945,1.013579026204739,0.125,357.32597459644444,4.315948242313447,1.7830000000000015,0.024565023617010972,1.7830000000000015,0.03,0.024556705477197936,0.125
3.921633159588163,1.014619929220285,0.125,357.40435358671044,4.315998289762171,1.7840000000000014,0.024565023692619356,1.7840000000000016,0.03,0.024556705477197936,0.125
3.9218438989172277,1.0156607915224434,0.125,357.48259702441766,4.316048620985431,1.7850000000000013,0.02456502376822774,1.7850000000000015,0.03,0.024556705477197936,0.125
3.9220545837553096,1.0167016794782093,0.125,357.56098899523,4.316098708560879,1.7860000000000014,0.02456502384383612,1.7860000000000016,0.03,0.024556705477197936,0.125
3.9222652731383487,1.0177425646399259,0.125,357.63940240297796,4.316148817084796,1.7870000000000015,0.02456502391944451,1.7870000000000015,0.03,0.024556705477197936,0.125
3.922476033747979,1.018783409811931,0.125,357.7176772042887,4.31619925049898,1.7880000000000016,0.024565023995052893,1.7880000000000016,0.03,0.024556705477197936,0.125
3.922686866172019,1.0198242146641971,0.125,357.79581225526925,4.316250011484687,1.7890000000000013,0.024565024070661277,1.7890000000000015,0.03,0.024556705477197936,0.125
3.922897771004775,1.0208649788630555,0.125,357.87380639940443,4.316301102752761,1.7900000000000014,0.02456502414626966,1.7900000000000016,0.03,0.024556705477197936,0.125
3.9231087488471292,1.0219057020711444,0.125,357.9516584673831,4.316352527044044,1.7910000000000015,0.024565024221878045,1.7910000000000015,0.03,0.024556705477197936,0.125
3.92331980030663,1.0229463839473598,0.125,358.0293672769198,4.316404287129781,1.7920000000000016,0.024565024297486426,1.7920000000000016,0.03,0.024556705477197936,0.125
3.9235309259975857,1.023987024146802,0.125,358.1069316325751,4.316456385812057,1.7930000000000013,0.024565024373094813,1.7930000000000015,0.03,0.024556705477197936,0.125
3.9237421265411583,1.0250276223207246,0.125,358.1843503255716,4.316508825924218,1.7940000000000016,0.024565024448703197,1.7940000000000016,0.03,0.024556705477197936,0.125
3.9239534025654597,1.0260681781164764,0.125,358.26162213360755,4.316561610331308,1.7950000000000015,0.02456502452431158,1.7950000000000015,0.03,0.024556705477197936,0.125
3.9241647547056497,1.0271086911774523,0.125,358.3387458206675,4.316614741930523,1.7960000000000014,0.024565024599919962,1.7960000000000016,0.03,0.024556705477197936,0.125
3.9243761836040343,1.0281491611430336,0.125,358.41572013682884,4.31666822365165,1.7970000000000013,0.02456502467552835,1.7970000000000015,0.03,0.024556705477197936,0.125
3.9245876899101666,1.0291895876485329,0.125,358.49254381806605,4.316722058457535,1.7980000000000014,0.024565024751136734,1.7980000000000016,0.03,0.024556705477197936,0.125
3.9247992742809488,1.0302299703251363,0.125,358.56921558605114,4.31677624934455,1.7990000000000015,0.024565024826745115,1.7990000000000015,0.03,0.024556705477197936,0.125
3.9250109373807374,1.0312703087998454,0.125,358.64573414795075,4.316830799343066,1.8000000000000016,0.024565024902353502,1.8000000000000016,0.03,0.024556705477197936,0.125
3.9251953343114896,1.032238007663958,0.125,358.656486601811,4.316835499039127,1.8010000000000015,0.024565024864843618,1.8010000000000015,0.03,0.024556705477197936,0.125
3.9253797782060764,1.0332056568546388,0.125,358.66713746883073,4.316840436263783,1.8020000000000014,0.024565024827333744,1.8020000000000016,0.03,0.024556705477197936,0.125
3.9255642692761654,1.0341732561480064,0.125,358.67768629115164,4.316845612087594,1.8030000000000015,0.024565024789823857,1.8030000000000015,0.03,0.024556705477197936,0.125
3.9257488077347014,1.0351408053188327,0.125,358.6881326081596,4.31685102758756,1.8040000000000016,0.024565024752313976,1.8040000000000016,0.03,0.024556705477197936,0.125
3.925933393795908,1.0361083041405301,0.125,358.6984759564641,4.31685668384717,1.8050000000000015,0.024565024714804096,1.8050000000000015,0.03,0.024556705477197936,0.125
3.926118027675307,1.0370757523851457,0.125,358.7087158698774,4.316862581956457,1.8060000000000012,0.024565024677294215,1.8060000000000016,0.03,0.024556705477197936,0.125
3.9263027095897214,1.0380431498233464,0.125,358.71885187939336,4.316868723012045,1.8070000000000013,0.024565024639784334,1.8070000000000015,0.03,0.024556705477197936,0.125
3.926487439757286,1.0390104962244116,0.125,358.72888351316584,4.316875108117196,1.8080000000000016,0.02456502460227445,1.8080000000000016,0.03,0.024556705477197936,0.125
3.9266722183974587,1.0399777913562207,0.125,358.73881029648766,4.31688173838186,1.8090000000000015,0.024565024564764573,1.8090000000000015,0.03,0.024556705477197936,0.125
3.92685704573103,1.0409450349852447,0.125,358.74863175176836,4.316888614922733,1.8100000000000014,0.024565024527254693,1.8100000000000016,0.03,0.024556705477197936,0.125
3.9270419219801362,1.0419122268765326,0.125,358.75834739851274,4.316895738863299,1.8110000000000015,0.024565024489744812,1.8110000000000015,0.03,0.024556705477197936,0.125
3.9272268473682628,1.0428793667937037,0.125,358.76795675329834,4.316903111333888,1.8120000000000014,0.024565024452234924,1.8120000000000016,0.03,0.024556705477197936,0.125
3.9274118221202614,1.0438464544989339,0.125,358.77745932975347,4.316910733471729,1.8130000000000015,0.024565024414725047,1.8130000000000015,0.03,0.024556705477197936,0.125
3.9275968464623565,1.0448134897529464,0.125,358.7868546385342,4.316918606420993,1.8140000000000014,0.024565024377215163,1.8140000000000016,0.03,0.024556705477197936,0.125
3.9277819206221576,1.0457804723149997,0.125,358.79614218730245,4.316926731332859,1.815000000000001,0.024565024339705283,1.8150000000000015,0.03,0.024556705477197936,0.125
3.927967044828669,1.0467474019428775,0.125,358.8053214807022,4.31693510936556,1.8160000000000016,0.024565024302195402,1.8160000000000016,0.03,0.024556705477197936,0.125
3.9281522193122993,1.0477142783928761,0.125,358.81439202033647,4.3169437416844385,1.8170000000000013,0.02456502426468552,1.8170000000000015,0.03,0.024556705477197936,0.125
3.928337444304877,1.0486811014197939,0.125,358.8233533047447,4.316952629462001,1.8180000000000016,0.02456502422717564,1.8180000000000016,0.03,0.024556705477197936,0.125
3.928522720039654,1.0496478707769188,0.125,358.8322048293782,4.316961773877975,1.8190000000000015,0.02456502418966576,1.8190000000000015,0.03,0.024556705477197936,0.125
3.928708046751325,1.0506145862160179,0.125,358.840946086577,4.316971176119361,1.8200000000000016,0.024565024152155876,1.8200000000000016,0.03,0.024556705477197936,0.125
3.9288934246760294,1.051581247487325,0.125,358.84957656554525,4.316980837380496,1.8210000000000015,0.024565024114645995,1.8210000000000015,0.03,0.024556705477197936,0.125
3.929078854051373,1.0525478543395284,0.125,358.8580957523277,4.316990758863097,1.8220000000000014,0.024565024077136118,1.8220000000000016,0.03,0.024556705477197936,0.125
3.9292643351164283,1.0535144065197597,0.125,358.8665031297848,4.317000941776334,1.8230000000000013,0.02456502403962623,1.8230000000000015,0.03,0.024556705477197936,0.125
3.929449868111755,1.054480903773582,0.125,358.8747981775679,4.317011387336876,1.8240000000000016,0.02456502400211635,1.8240000000000016,0.03,0.024556705477197936,0.125
3.9296354532794044,1.055447345844976,0.125,358.88298037209444,4.317022096768955,1.825000000000001,0.024565023964606473,1.8250000000000015,0.03,0.024556705477197936,0.125
3.9298210908629403,1.0564137324763296,0.125,358.89104918652305,4.317033071304424,1.8260000000000016,0.024565023927096592,1.8260000000000016,0.03,0.024556705477197936,0.125
3.9300067811074375,1.057380063408424,0.125,358.89900409072766,4.317044312182812,1.8270000000000013,0.024565023889586708,1.8270000000000015,0.03,0.024556705477197936,0.125
3.9301925242595064,1.0583463383804232,0.125,358.9068445512723,4.31705582065139,1.8280000000000016,0.024565023852076828,1.8280000000000016,0.03,0.024556705477197936,0.125
3.930378320567298,1.0593125571298576,0.125,358.9145700313849,4.31706759796523,1.8290000000000013,0.024565023814566943,1.8290000000000015,0.03,0.024556705477197936,0.125
3.9305641702805176,1.0602787193926169,0.125,358.9221799909317,4.317079645387264,1.8300000000000014,0.024565023777057066,1.8300000000000016,0.03,0.024556705477197936,0.125
3.930750073650436,1.0612448249029307,0.125,358.92967388638993,4.3170919641883465,1.8310000000000013,0.024565023739547186,1.8310000000000015,0.03,0.024556705477197936,0.125
3.9309360309299053,1.0622108733933613,0.125,358.93705117082243,4.317104555647319,1.8320000000000016,0.0245650237020373,1.8320000000000016,0.03,0.024556705477197936,0.125
3.931122042373365,1.063176864594786,0.125,358.94431129384935,4.317117421051066,1.8330000000000013,0.024565023664527418,1.8330000000000015,0.03,0.024556705477197936,0.125
3.9313081082368626,1.0641427982363874,0.125,358.9514537016226,4.317130561694588,1.8340000000000016,0.02456502362701754,1.8340000000000016,0.03,0.024556705477197936,0.125
3.931494228778058,1.065108674045637,0.125,358.9584778367972,4.3171439788810595,1.8350000000000013,0.024565023589507663,1.8350000000000015,0.03,0.024556705477197936,0.125
3.931680404256244,1.066074491748285,0.125,358.96538313850436,4.317157673921894,1.8360000000000016,0.024565023551997783,1.8360000000000016,0.03,0.024556705477197936,0.125
3.9318666349323528,1.0670402510683425,0.125,358.97216904232323,4.31717164813681,1.8370000000000015,0.0245650235144879,1.8370000000000015,0.03,0.024556705477197936,0.125
3.9320529210689723,1.0680059517280727,0.125,358.97883498025294,4.3171859028538995,1.8380000000000016,0.024565023476978018,1.8380000000000016,0.03,0.024556705477197936,0.125
3.9322392629303593,1.0689715934479713,0.125,358.98538038068415,4.317200439409686,1.8390000000000017,0.024565023439468134,1.8390000000000015,0.03,0.024556705477197936,0.125
3.932425660782451,1.069937175946758,0.125,358.99180466837,4.317215259149204,1.8400000000000016,0.024565023401958253,1.8400000000000016,0.03,0.024556705477197936,0.125
3.932612114892881,1.0709026989413584,0.125,358.99810726439796,4.317230363426057,1.8410000000000015,0.024565023364448373,1.8410000000000015,0.03,0.024556705477197936,0.125
3.93279862553099,1.0718681621468922,0.125,359.0042875861596,4.3172457536024895,1.8420000000000014,0.024565023326938492,1.8420000000000016,0.03,0.024556705477197936,0.125
3.932985192967842,1.0728335652766563,0.125,359.0103450473216,4.317261431049455,1.8430000000000015,0.024565023289428608,1.8430000000000015,0.03,0.024556705477197936,0.125
3.933171817476234,1.0737989080421124,0.125,359.0162790577959,4.317277397146688,1.8440000000000014,0.024565023251918727,1.8440000000000016,0.03,0.024556705477197936,0.125
3.933358499330718,1.0747641901528722,0.125,359.02208902370967,4.317293653282773,1.8450000000000013,0.024565023214408847,1.8450000000000015,0.03,0.024556705477197936,0.125
3.933545238807604,1.0757294113166802,0.125,359.0277743473745,4.317310200855212,1.8460000000000014,0.024565023176898966,1.8460000000000016,0.03,0.024556705477197936,0.125
3.9337320361849843,1.0766945712394018,0.125,359.033334427256,4.317327041270506,1.8470000000000015,0.024565023139389082,1.8470000000000015,0.03,0.024556705477197936,0.125
3.9339188917427417,1.0776596696250058,0.125,359.0387686579431,4.317344175944213,1.8480000000000014,0.024565023101879205,1.8480000000000016,0.03,0.024556705477197936,0.125
3.934105805762565,1.0786247061755494,0.125,359.04407643011615,4.317361606301035,1.8490000000000013,0.02456502306436932,1.8490000000000015,0.03,0.024556705477197936,0.125
3.934292778527966,1.079589680591165,0.125,359.04925713051574,4.317379333774886,1.8500000000000016,0.024565023026859444,1.8500000000000016,0.03,0.024556705477197936,0.125
3.934479810324293,1.0805545925700413,0.125,359.0543101419108,4.317397359808964,1.8510000000000013,0.02456502298934956,1.8510000000000015,0.03,0.024556705477197936,0.125
3.934666901438743,1.0815194418084104,0.125,359.0592348430662,4.317415685855829,1.8520000000000014,0.024565022951839675,1.8520000000000016,0.03,0.024556705477197936,0.125
3.934854052160382,1.0824842280005296,0.125,359.0640306087104,4.317434313377482,1.8530000000000015,0.024565022914329798,1.8530000000000015,0.03,0.024556705477197936,0.125
3.935041262780154,1.0834489508386675,0.125,359.0686968095025,4.317453243845436,1.8540000000000016,0.024565022876819914,1.8540000000000016,0.03,0.024556705477197936,0.125
3.9352285335909034,1.0844136100130854,0.125,359.07323281199933,4.317472478740796,1.8550000000000013,0.024565022839310037,1.8550000000000015,0.03,0.024556705477197936,0.125
3.9354158648873834,1.0853782052120238,0.125,359.0776379786215,4.317492019554344,1.8560000000000014,0.024565022801800153,1.8560000000000016,0.03,0.024556705477197936,0.125
3.935603256966275,1.0863427361216824,0.125,359.0819116676198,4.317511867786599,1.8570000000000015,0.024565022764290272,1.8570000000000015,0.03,0.024556705477197936,0.125
3.9357907101262057,1.0873072024262072,0.125,359.0860532330415,4.317532024947923,1.8580000000000014,0.02456502272678039,1.8580000000000017,0.03,0.024556705477197936,0.125
3.9359782246677595,1.08827160380767,0.125,359.09006202469504,4.31755249255858,1.8590000000000013,0.02456502268927051,1.8590000000000015,0.03,0.024556705477197936,0.125
3.9361658008934977,1.089235939946055,0.125,359.09393738811616,4.317573272148827,1.8600000000000017,0.02456502265176063,1.8600000000000017,0.03,0.024556705477197936,0.125
3.9363534391079713,1.0902002105192377,0.125,359.0976786645317,4.317594365258997,1.8610000000000018,0.024565022614250746,1.8610000000000015,0.03,0.024556705477197936,0.125
3.936541139617742,1.0911644152029711,0.125,359.1012851908249,4.317615773439577,1.8620000000000014,0.024565022576740866,1.8620000000000017,0.03,0.024556705477197936,0.125
3.9367289027313936,1.0921285536708656,0.125,359.10475629949934,4.3176374982512975,1.8630000000000015,0.024565022539230985,1.8630000000000015,0.03,0.024556705477197936,0.125
3.9369167287595546,1.0930926255943734,0.125,359.1080913186424,4.31765954126521,1.8640000000000017,0.024565022501721108,1.8640000000000017,0.03,0.024556705477197936,0.125
3.9371046180149087,1.0940566306427684,0.125,359.1112895718891,4.317681904062784,1.8650000000000015,0.024565022464211224,1.8650000000000015,0.03,0.024556705477197936,0.125
3.9372925708122164,1.0950205684831293,0.125,359.1143503783848,4.317704588235977,1.8660000000000017,0.024565022426701347,1.8660000000000017,0.03,0.024556705477197936,0.125
3.9374805874683334,1.0959844387803228,0.125,359.11727305274843,4.317727595387339,1.8670000000000015,0.024565022389191463,1.8670000000000015,0.03,0.024556705477197936,0.125
3.9376686683022206,1.0969482411969815,0.125,359.1200569050339,4.3177509271300885,1.8680000000000014,0.024565022351681582,1.8680000000000017,0.03,0.024556705477197936,0.125
3.9378568136349696,1.0979119753934894,0.125,359.122701240693,4.3177745850882046,1.8690000000000015,0.0245650223141717,1.8690000000000015,0.03,0.024556705477197936,0.125
3.9380450237898184,1.0988756410279599,0.125,359.1252053605365,4.317798570896523,1.8700000000000017,0.024565022276661817,1.8700000000000017,0.03,0.024556705477197936,0.125
3.938233299092168,1.0998392377562187,0.125,359.12756856069507,4.317822886200815,1.8710000000000018,0.02456502223915194,1.8710000000000016,0.03,0.024556705477197936,0.125
3.9384216398695977,1.1008027652317842,0.125,359.1297901325807,4.317847532657892,1.8720000000000014,0.02456502220164206,1.8720000000000017,0.03,0.024556705477197936,0.125
3.9386100464518914,1.1017662231058467,0.125,359.1318693628465,4.317872511935687,1.8730000000000016,0.024565022164132172,1.8730000000000016,0.03,0.024556705477197936,0.125
3.9387985191710495,1.102729611027252,0.125,359.1338055333469,4.317897825713358,1.8740000000000017,0.02456502212662229,1.8740000000000017,0.03,0.024556705477197936,0.125
3.9389870583613082,1.1036929286424777,0.125,359.13559792109754,4.317923475681371,1.8750000000000013,0.02456502208911241,1.8750000000000016,0.03,0.024556705477197936,0.125
3.9391756643591624,1.104656175595617,0.125,359.13724579823383,4.317949463541611,1.8760000000000017,0.024565022051602527,1.8760000000000017,0.03,0.024556705477197936,0.125
3.9393643375033798,1.1056193515283557,0.125,359.13874843197027,4.31797579100746,1.8770000000000016,0.02456502201409265,1.8770000000000016,0.03,0.024556705477197936,0.125
3.939553078135023,1.1065824560799533,0.125,359.14010508455823,4.318002459803913,1.8780000000000014,0.02456502197658277,1.8780000000000017,0.03,0.024556705477197936,0.125
3.9397418627672214,1.1075457451045834,0.125,359.14154547930013,4.318029120135302,1.8790000000000016,0.024565021939072885,1.8790000000000016,0.03,0.024556705477197936,0.125
3.939930684279432,1.1085093410887181,0.125,359.1431776894783,4.31805562104044,1.8800000000000014,0.024565021901563004,1.8800000000000017,0.03,0.024556705477197936,0.125
3.940119580060117,1.109472864230918,0.125,359.1446588841219,4.318082491867709,1.8810000000000013,0.024565021864053124,1.8810000000000016,0.03,0.024556705477197936,0.125
3.9403085505481674,1.1104363141007214,0.125,359.1459881708001,4.318109734803173,1.8820000000000017,0.024565021826543243,1.8820000000000017,0.03,0.024556705477197936,0.125
3.9404975961859408,1.1113996902642687,0.125,359.14716465003664,4.318137352050158,1.8830000000000016,0.024565021789033362,1.8830000000000016,0.03,0.024556705477197936,0.125
3.9406867174192914,1.1123629922842677,0.125,359.1481874152398,4.318165345829418,1.8840000000000017,0.024565021751523478,1.8840000000000017,0.03,0.024556705477197936,0.125
3.94087591469761,1.11332621971996,0.125,359.1490555526322,4.318193718379307,1.8850000000000016,0.024565021714013598,1.8850000000000016,0.03,0.024556705477197936,0.125
3.9410651884738566,1.114289372127088,0.125,359.1497681411791,4.318222471955959,1.8860000000000017,0.024565021676503717,1.8860000000000017,0.03,0.024556705477197936,0.125
3.9412545392045932,1.1152524490578564,0.125,359.15032425251644,4.31825160883346,1.8870000000000016,0.024565021638993836,1.8870000000000016,0.03,0.024556705477197936,0.125
3.941443967350024,1.1162154500609018,0.125,359.1507229508778,4.31828113130403,1.8880000000000015,0.024565021601483956,1.8880000000000017,0.03,0.024556705477197936,0.125
3.9416334733740306,1.1171783746812531,0.125,359.1509632930204,4.318311041678203,1.8890000000000013,0.024565021563974075,1.8890000000000016,0.03,0.024556705477197936,0.125
3.941823057744207,1.1181412224602978,0.125,359.15104432815025,4.318341342285006,1.890000000000002,0.02456502152646419,1.8900000000000017,0.03,0.024556705477197936,0.125
3.9420127209318974,1.1191039929357438,0.125,359.15096509784655,4.318372035472154,1.8910000000000016,0.02456502148895431,1.8910000000000016,0.03,0.024556705477197936,0.125
3.942202463412237,1.1200666856415842,0.125,359.15072463598494,4.318403123606228,1.8920000000000017,0.02456502145144443,1.8920000000000017,0.03,0.024556705477197936,0.125
3.9423922856641855,1.1210293001080576,0.125,359.15032196866014,4.318434609072875,1.8930000000000016,0.02456502141393455,1.8930000000000016,0.03,0.024556705477197936,0.125
3.9425821881705696,1.1219918358616134,0.125,359.14975611410716,4.318466494276986,1.8940000000000017,0.02456502137642467,1.8940000000000017,0.03,0.024556705477197936,0.125
3.9427721714181176,1.122954292424869,0.125,359.149026082622,4.318498781642906,1.8950000000000016,0.024565021338914788,1.8950000000000016,0.03,0.024556705477197936,0.125
3.9429622358975047,1.123916669316577,0.125,359.1481308764815,4.31853147361462,1.8960000000000015,0.024565021301404904,1.8960000000000017,0.03,0.024556705477197936,0.125
3.9431523821033885,1.1248789660515794,0.125,359.1470694898614,4.3185645726559585,1.8970000000000014,0.024565021263895023,1.8970000000000016,0.03,0.024556705477197936,0.125
3.943342610534451,1.1258411821407739,0.125,359.1458409087546,4.318598081250797,1.8980000000000017,0.024565021226385143,1.8980000000000017,0.03,0.024556705477197936,0.125
3.9435329216934405,1.1268033170910685,0.125,359.14444411088704,4.31863200190326,1.8990000000000014,0.024565021188875262,1.8990000000000016,0.03,0.024556705477197936,0.125
3.943723316087212,1.1277653704053443,0.125,359.14287806563397,4.318666337137929,1.9000000000000017,0.02456502115136538,1.9000000000000017,0.03,0.024556705477197936,0.125
3.943894684340047,1.128670210303434,0.125,359.12997161410175,4.31866973413216,1.9010000000000016,0.02456502107546268,1.9010000000000016,0.03,0.024556705477197936,0.125
3.944065939765287,1.1295750723237301,0.125,359.11725555865917,4.318672657696735,1.9020000000000017,0.02456502099955999,1.9020000000000017,0.03,0.024556705477197936,0.125
3.9442370816558627,1.130479956604868,0.125,359.1047310924812,4.318675104864761,1.9030000000000014,0.024565020923657293,1.9030000000000016,0.03,0.024556705477197936,0.125
3.944408109298784,1.1313848632866443,0.125,359.0923994187333,4.3186770726445065,1.9040000000000017,0.0245650208477546,1.9040000000000017,0.03,0.024556705477197936,0.125
3.944579021975082,1.132289792510028,0.125,359.0802617506766,4.318678558019133,1.9050000000000014,0.024565020771851902,1.9050000000000016,0.03,0.024556705477197936,0.125
3.9447498189597376,1.1331947444171737,0.125,359.0683193117735,4.3186795579464405,1.9060000000000012,0.024565020695949204,1.9060000000000017,0.03,0.024556705477197936,0.125
3.944920499521626,1.1340997191514344,0.125,359.05657333579614,4.318680069358591,1.9070000000000016,0.02456502062004651,1.9070000000000016,0.03,0.024556705477197936,0.125
3.9450910629234497,1.135004716857373,0.125,359.045025066934,4.318680089161844,1.908000000000002,0.02456502054414382,1.9080000000000017,0.03,0.024556705477197936,0.125
3.9452615084216665,1.135909737680775,0.125,359.03367575990467,4.318679614236277,1.9090000000000014,0.024565020468241123,1.9090000000000016,0.03,0.024556705477197936,0.125
3.9454318352664357,1.1368147817686634,0.125,359.02252668006577,4.318678641435517,1.9100000000000017,0.024565020392338426,1.9100000000000017,0.03,0.024556705477197936,0.125
3.9456020427015415,1.13771984926931,0.125,359.0115791035272,4.318677167586448,1.9110000000000016,0.024565020316435735,1.9110000000000016,0.03,0.024556705477197936,0.125
3.9457721818013503,1.1386261086400618,0.125,359.00173708751043,4.318674228588408,1.9120000000000017,0.024565020240533034,1.9120000000000017,0.03,0.024556705477197936,0.125
3.945942217278907,1.1395326352995063,0.125,358.99227242854505,4.318670607811732,1.9130000000000014,0.02456502016463034,1.9130000000000016,0.03,0.024556705477197936,0.125
3.94611213955357,1.1404392166004134,0.125,358.9830205769353,4.318666479568834,1.9140000000000015,0.024565020088727643,1.9140000000000017,0.03,0.024556705477197936,0.125
3.9462819479439886,1.1413458528716611,0.125,358.9739828135374,4.318661840805346,1.9150000000000016,0.02456502001282495,1.9150000000000016,0.03,0.024556705477197936,0.125
3.946451641763332,1.1422525444447735,0.125,358.9651604295076,4.318656688442345,1.9160000000000015,0.024565019936922255,1.9160000000000017,0.03,0.024556705477197936,0.125
3.946621220319233,1.143159291653945,0.125,358.95655472640544,4.3186510193760945,1.9170000000000014,0.024565019861019555,1.9170000000000016,0.03,0.024556705477197936,0.125
3.9467906829137407,1.1440660948360697,0.125,358.94816701629907,4.318644830477803,1.918000000000002,0.024565019785116868,1.9180000000000017,0.03,0.024556705477197936,0.125
3.946960028843252,1.1449729543307645,0.125,358.93999862187115,4.318638118593363,1.9190000000000018,0.024565019709214167,1.9190000000000016,0.03,0.024556705477197936,0.125
3.94712925739846,1.1458798704804025,0.125,358.9320508765268,4.318630880543102,1.9200000000000017,0.024565019633311473,1.9200000000000017,0.03,0.024556705477197936,0.125
3.9472983678643017,1.1467868436301356,0.125,358.9243251245022,4.318623113121516,1.9210000000000014,0.02456501955740878,1.9210000000000016,0.03,0.024556705477197936,0.125
3.9474673595198886,1.1476938741279261,0.125,358.9168227209748,4.318614813097015,1.9220000000000015,0.024565019481506082,1.9220000000000017,0.03,0.024556705477197936,0.125
3.9476362316384543,1.1486009623245736,0.125,358.9095450321751,4.3186059772116465,1.9230000000000016,0.024565019405603385,1.9230000000000016,0.03,0.024556705477197936,0.125
3.947804983487292,1.1495081085737457,0.125,358.90249343549925,4.318596602180833,1.9240000000000015,0.024565019329700687,1.9240000000000017,0.03,0.024556705477197936,0.125
3.947973614327697,1.1504153132320056,0.125,358.8956693196236,4.3185866846931,1.9250000000000016,0.024565019253797997,1.9250000000000016,0.03,0.024556705477197936,0.125
3.948142123414899,1.1513225766588429,0.125,358.88907408462035,4.318576221409798,1.9260000000000017,0.0245650191778953,1.9260000000000017,0.03,0.024556705477197936,0.125
3.9483105099980063,1.1522298992167024,0.125,358.88270914207453,4.318565208964823,1.9270000000000016,0.024565019101992606,1.9270000000000016,0.03,0.024556705477197936,0.125
3.9484787733199376,1.1531372812710168,0.125,358.87657591520275,4.31855364396433,1.9280000000000017,0.024565019026089912,1.9280000000000017,0.03,0.024556705477197936,0.125
3.9486469126173627,1.154044723190235,0.125,358.8706758389732,4.31854152298646,1.9290000000000016,0.024565018950187218,1.9290000000000016,0.03,0.024556705477197936,0.125
3.9488149271206336,1.1549522253458564,0.125,358.8650103602274,4.318528842581034,1.9300000000000013,0.02456501887428452,1.9300000000000017,0.03,0.024556705477197936,0.125
3.9489828160537224,1.1558597881124577,0.125,358.85958093780283,4.318515599269266,1.9310000000000014,0.024565018798381823,1.9310000000000016,0.03,0.024556705477197936,0.125
3.9491505786341508,1.1567674118677307,0.125,358.8543890426576,4.318501789543471,1.9320000000000015,0.024565018722479126,1.9320000000000017,0.03,0.024556705477197936,0.125
3.949318214072929,1.1576750969925091,0.125,358.84943615799716,4.318487409866756,1.9330000000000014,0.024565018646576432,1.9330000000000016,0.03,0.024556705477197936,0.125
3.949485721574483,1.158582843870807,0.125,358.8447237794014,4.318472456672722,1.9340000000000017,0.02456501857067374,1.9340000000000017,0.03,0.024556705477197936,0.125
3.949653100336587,1.1594906528898459,0.125,358.840253414954,4.318456926365148,1.9350000000000012,0.024565018494771045,1.9350000000000016,0.03,0.024556705477197936,0.125
3.9498203495502953,1.1603985244400938,0.125,358.83602658537393,4.3184408153176905,1.9360000000000017,0.02456501841886835,1.9360000000000017,0.03,0.024556705477197936,0.125
3.949987468399869,1.1613064589152962,0.125,358.8320448241472,4.318424119873554,1.9370000000000016,0.02456501834296565,1.9370000000000016,0.03,0.024556705477197936,0.125
3.950154456062707,1.162214456712511,0.125,358.8283096776622,4.31840683634518,1.938000000000002,0.024565018267062956,1.9380000000000017,0.03,0.024556705477197936,0.125
3.9503213117092724,1.1631225182321436,0.125,358.82482270534445,4.318388961013919,1.9390000000000014,0.024565018191160262,1.9390000000000016,0.03,0.024556705477197936,0.125
3.9504880345030204,1.164030643877984,0.125,358.8215854797953,4.318370490129703,1.9400000000000015,0.02456501811525757,1.9400000000000017,0.03,0.024556705477197936,0.125
3.950654623600322,1.164938834057239,0.125,358.8185995869311,4.318351419910713,1.9410000000000018,0.024565018039354868,1.9410000000000016,0.03,0.024556705477197936,0.125
3.9508210781503923,1.1658470891805717,0.125,358.81586662612386,4.318331746543043,1.9420000000000015,0.024565017963452174,1.9420000000000017,0.03,0.024556705477197936,0.125
3.9509873972952088,1.1667554096621358,0.125,358.8133882103452,4.318311466180356,1.9430000000000016,0.02456501788754948,1.9430000000000016,0.03,0.024556705477197936,0.125
3.9511535801694415,1.1676637959196159,0.125,358.8111659663103,4.3182905749435445,1.9440000000000017,0.024565017811646786,1.9440000000000017,0.03,0.024556705477197936,0.125
3.9513196259003704,1.1685722483742609,0.125,358.80920153462546,4.318269068920372,1.9450000000000018,0.024565017735744092,1.9450000000000016,0.03,0.024556705477197936,0.125
3.951485533607805,1.1694807674509264,0.125,358.8074965699357,4.3182469441651286,1.9460000000000015,0.024565017659841395,1.9460000000000017,0.03,0.024556705477197936,0.125
3.9516513024040103,1.1703893535781105,0.125,358.8060527410763,4.318224196698261,1.9470000000000016,0.024565017583938697,1.9470000000000016,0.03,0.024556705477197936,0.125
3.9518170438519777,1.1712984999595073,0.125,358.8051255192367,4.318200779716408,1.9480000000000017,0.024565017508036,1.9480000000000017,0.03,0.024556705477197936,0.125
3.9519830003826883,1.1722092489171798,0.125,358.8052460236497,4.3181766209453425,1.9490000000000016,0.024565017432133306,1.9490000000000016,0.03,0.024556705477197936,0.125
3.9521488300753025,1.1731200913875615,0.125,358.8056340330514,4.318151861316609,1.9500000000000017,0.02456501735623061,1.9500000000000017,0.03,0.024556705477197936,0.125
3.952314532185514,1.174031027919399,0.125,358.8062911172029,4.3181264973042826,1.9510000000000016,0.024565017280327915,1.9510000000000016,0.03,0.024556705477197936,0.125
3.9524801059631836,1.1749420590657425,0.125,358.8072188581715,4.318100525354794,1.9520000000000017,0.02456501720442522,1.9520000000000017,0.03,0.024556705477197936,0.125
3.9526455506522766,1.175853185383984,0.125,358.80841885045174,4.318073941886662,1.9530000000000014,0.024565017128522524,1.9530000000000016,0.03,0.024556705477197936,0.125
3.9528108654908114,1.1767644074359052,0.125,358.8098927010872,4.318046743290217,1.954000000000002,0.02456501705261983,1.9540000000000017,0.03,0.024556705477197936,0.125
3.9529760497107933,1.177675725787715,0.125,358.81164202979465,4.318018925927324,1.9550000000000014,0.024565016976717133,1.9550000000000016,0.03,0.024556705477197936,0.125
3.953141102538163,1.1785871410100985,0.125,358.81366846908884,4.317990486131102,1.9560000000000017,0.02456501690081444,1.9560000000000017,0.03,0.024556705477197936,0.125
3.9533060231927313,1.1794986536782581,0.125,358.8159736644094,4.317961420205638,1.9570000000000016,0.02456501682491174,1.9570000000000016,0.03,0.024556705477197936,0.125
3.953470810888121,1.1804102643719594,0.125,358.81855927424914,4.317931724425701,1.9580000000000017,0.024565016749009048,1.9580000000000017,0.03,0.024556705477197936,0.125
3.9536354648317014,1.1813219736755753,0.125,358.82142697028337,4.31790139503645,1.9590000000000016,0.02456501667310635,1.9590000000000016,0.03,0.024556705477197936,0.125
3.953799984224533,1.1822337821781346,0.125,358.82457843750126,4.317870428253136,1.9600000000000015,0.024565016597203657,1.9600000000000017,0.03,0.024556705477197936,0.125
3.9539643682612984,1.1831456904733655,0.125,358.8280153743389,4.3178388202608105,1.9610000000000016,0.024565016521300963,1.9610000000000016,0.03,0.024556705477197936,0.125
3.95412861613024,1.184057699159744,0.125,358.8317394928134,4.317806567214015,1.9620000000000017,0.024565016445398262,1.9620000000000017,0.03,0.024556705477197936,0.125
3.954292727013097,1.1849698088405418,0.125,358.83575251865915,4.317773665236486,1.9630000000000016,0.024565016369495568,1.9630000000000016,0.03,0.024556705477197936,0.125
3.9544567000850392,1.1858820201238731,0.125,358.84005619146507,4.317740110420834,1.9640000000000013,0.024565016293592874,1.9640000000000017,0.03,0.024556705477197936,0.125
3.954620534514602,1.1867943336227451,0.125,358.8446522648146,4.31770589882824,1.9650000000000016,0.024565016217690184,1.9650000000000016,0.03,0.024556705477197936,0.125
3.954784229463617,1.1877067499551048,0.125,358.84954250642596,4.317671026488136,1.9660000000000017,0.024565016141787487,1.9660000000000017,0.03,0.024556705477197936,0.125
3.9549477840871465,1.188619269743892,0.125,358.8547286982955,4.31763548939788,1.9670000000000014,0.024565016065884793,1.9670000000000016,0.03,0.024556705477197936,0.125
3.9551111975334146,1.189531893617087,0.125,358.86021263684165,4.317599283522439,1.9680000000000015,0.0245650159899821,1.9680000000000017,0.03,0.024556705477197936,0.125
3.955274468943739,1.1904446222077631,0.125,358.8659961330515,4.317562404794055,1.9690000000000014,0.0245650159140794,1.9690000000000016,0.03,0.024556705477197936,0.125
3.955437597452457,1.191357456154139,0.125,358.87208101262854,4.317524849111915,1.9700000000000017,0.024565015838176704,1.9700000000000017,0.03,0.024556705477197936,0.125
3.9556005821868583,1.1922703960996281,0.125,358.87846911614247,4.317486612341814,1.9710000000000014,0.02456501576227401,1.9710000000000016,0.03,0.024556705477197936,0.125
3.955763422267112,1.1931834426928967,0.125,358.885162299181,4.317447690315816,1.9720000000000018,0.02456501568637131,1.9720000000000018,0.03,0.024556705477197936,0.125
3.9559261168061934,1.1940965965879113,0.125,358.89216243250314,4.317408078831902,1.9730000000000016,0.024565015610468616,1.9730000000000016,0.03,0.024556705477197936,0.125
3.9560886649098115,1.1950098584439992,0.125,358.8994714021947,4.317367773653635,1.9740000000000018,0.024565015534565922,1.9740000000000018,0.03,0.024556705477197936,0.125
3.9562510656763306,1.1959232289258985,0.125,358.90709110982556,4.317326770509795,1.9750000000000014,0.024565015458663228,1.9750000000000016,0.03,0.024556705477197936,0.125
3.9564133181967023,1.1968367087038168,0.125,358.91502347260865,4.317285065094022,1.9760000000000018,0.024565015382760527,1.9760000000000018,0.03,0.024556705477197936,0.125
3.9565754215543802,1.1977502984534858,0.125,358.9232704235615,4.317242653064459,1.9770000000000016,0.024565015306857837,1.9770000000000016,0.03,0.024556705477197936,0.125
3.956737374825249,1.19866399885622,0.125,358.93183391166934,4.317199530043384,1.9780000000000015,0.024565015230955136,1.9780000000000018,0.03,0.024556705477197936,0.125
3.956899177077544,1.1995778105989723,0.125,358.94071590205004,4.317155691616836,1.9790000000000014,0.024565015155052446,1.9790000000000016,0.03,0.024556705477197936,0.125
3.957060902782466,1.2004921457497395,0.125,358.9501537458117,4.317111023494995,1.9800000000000018,0.02456501507914975,1.9800000000000018,0.03,0.024556705477197936,0.125
3.9572228115148835,1.2014083983854862,0.125,358.9609355813402,4.317065169553461,1.9810000000000016,0.024565015003247054,1.9810000000000016,0.03,0.024556705477197936,0.125
3.9573845808589723,1.2023247960427015,0.125,358.97204114330276,4.31701861306229,1.9820000000000015,0.024565014927344357,1.9820000000000018,0.03,0.024556705477197936,0.125
3.957546210007805,1.2032413395609212,0.125,358.98347230576866,4.316971349954388,1.9830000000000017,0.024565014851441663,1.9830000000000017,0.03,0.024556705477197936,0.125
3.9577076981482144,1.2041580297861758,0.125,358.9952309573007,4.3169233761312,1.9840000000000018,0.02456501477553897,1.9840000000000018,0.03,0.024556705477197936,0.125
3.9578690444607343,1.2050748675710499,0.125,359.0073190010952,4.316874687462421,1.9850000000000017,0.024565014699636276,1.9850000000000017,0.03,0.024556705477197936,0.125
3.958030248119533,1.205991853774748,0.125,359.01973835512473,4.316825279785674,1.9860000000000015,0.024565014623733575,1.9860000000000018,0.03,0.024556705477197936,0.125
3.9581913082923577,1.206908989263158,0.125,359.0324909522811,4.316775148906208,1.9870000000000017,0.02456501454783088,1.9870000000000017,0.03,0.024556705477197936,0.125
3.9583522241404676,1.2078262749089161,0.125,359.0455787405208,4.316724290596574,1.9880000000000018,0.024565014471928184,1.9880000000000018,0.03,0.024556705477197936,0.125
3.9585129948185727,1.2087437115914743,0.125,359.0590036830126,4.316672700596313,1.9890000000000014,0.02456501439602549,1.9890000000000017,0.03,0.024556705477197936,0.125
3.9586736194747694,1.2096613001971646,0.125,359.0727677582856,4.316620374611633,1.9900000000000015,0.024565014320122796,1.9900000000000018,0.03,0.024556705477197936,0.125
3.9588340972504743,1.2105790416192677,0.125,359.08687296038033,4.316567308315072,1.9910000000000017,0.024565014244220102,1.9910000000000017,0.03,0.024556705477197936,0.125
3.9589944272803597,1.2114969367580817,0.125,359.1013212990006,4.316513497345182,1.9920000000000018,0.024565014168317405,1.9920000000000018,0.03,0.024556705477197936,0.125
3.9591546086922884,1.2124149865209903,0.125,359.11611479966786,4.316458937306186,1.9930000000000014,0.02456501409241471,1.9930000000000017,0.03,0.024556705477197936,0.125
3.9593146406072455,1.2133331918225332,0.125,359.13125550387747,4.3164036237676395,1.9940000000000018,0.024565014016512014,1.9940000000000018,0.03,0.024556705477197936,0.125
3.959474522139268,1.2142515535844758,0.125,359.1467454692555,4.316347552264091,1.9950000000000017,0.02456501394060932,1.9950000000000017,0.03,0.024556705477197936,0.125
3.9596342523953814,1.2151700727358827,0.125,359.1625867697194,4.316290718294734,1.9960000000000018,0.024565013864706622,1.9960000000000018,0.03,0.024556705477197936,0.125
3.959793830475526,1.2160887502131874,0.125,359.178781495639,4.31623311732306,1.9970000000000014,0.02456501378880393,1.9970000000000017,0.03,0.024556705477197936,0.125
3.9599532554724868,1.2170075869602683,0.125,359.19533175400005,4.316174744776496,1.9980000000000018,0.02456501371290123,1.9980000000000018,0.03,0.024556705477197936,0.125
3.960112526471824,1.21792658392852,0.125,359.2122396685697,4.3161155960460516,1.9990000000000017,0.024565013636998537,1.9990000000000017,0.03,0.024556705477197936,0.125
3.9602716425518003,1.218845742076931,0.125,359.2295073800638,4.316055666485957,2.0000000000000018,0.02456501356109584,2.0000000000000018,0.03,0.024556705477197936,0.125
3.96042361898075,1.2197061377187428,0.125,359.1934939641869,4.316015069556171,2.0010000000000017,0.02456501356109584,2.0010000000000017,0.03,0.024556705477197936,0.125
3.960575572545881,1.2205665712761988,0.125,359.15753731685413,4.315974343255877,2.002000000000001,0.02456501356109584,2.0020000000000016,0.03,0.024556705477197936,0.125
3.9607275031248177,1.2214270429522387,0.125,359.12163774191305,4.315933486892632,2.003000000000002,0.02456501356109584,2.003000000000002,0.03,0.024556705477197936,0.125
3.9608794105943104,1.222287552951252,0.125,359.0857955453838,4.315892499769045,2.004000000000002,0.02456501356109584,2.004000000000002,0.03,0.024556705477197936,0.125
3.961031294830224,1.2231481014790935,0.125,359.05001103547795,4.3158513811827275,2.0050000000000017,0.02456501356109584,2.0050000000000017,0.03,0.024556705477197936,0.125
3.9611831557075328,1.224008688743094,0.125,359.0142845226186,4.315810130426251,2.006000000000001,0.02456501356109584,2.0060000000000016,0.03,0.024556705477197936,0.125
3.9613349931003157,1.224869314952076,0.125,358.9786163194602,4.315768746787107,2.007000000000002,0.02456501356109584,2.007000000000002,0.03,0.024556705477197936,0.125
3.961486806881742,1.2257299803163637,0.125,358.9430067409084,4.315727229547652,2.008000000000002,0.024565013561095844,2.008000000000002,0.03,0.024556705477197936,0.125
3.9616385969240664,1.2265906850477994,0.125,358.90745610414064,4.315685577985065,2.0090000000000017,0.024565013561095844,2.0090000000000017,0.03,0.024556705477197936,0.125
3.9617903630986224,1.2274514293597567,0.125,358.87196472862644,4.315643791371306,2.0100000000000016,0.02456501356109584,2.0100000000000016,0.03,0.024556705477197936,0.125
3.961942105275809,1.2283122134671547,0.125,358.8365329361482,4.315601868973059,2.011000000000002,0.024565013561095844,2.011000000000002,0.03,0.024556705477197936,0.125
3.962093823325088,1.2291730375864687,0.125,358.8011610508223,4.315559810051691,2.012000000000002,0.02456501356109584,2.012000000000002,0.03,0.024556705477197936,0.125
3.96224551711497,1.2300339019357491,0.125,358.7658493991202,4.315517613863204,2.0130000000000017,0.02456501356109584,2.0130000000000017,0.03,0.024556705477197936,0.125
3.9623971865130105,1.230894806734634,0.125,358.7305983098898,4.315475279658181,2.014000000000001,0.02456501356109584,2.0140000000000016,0.03,0.024556705477197936,0.125
3.962548831385799,1.2317557522043614,0.125,358.69540811437724,4.315432806681743,2.015000000000002,0.024565013561095844,2.015000000000002,0.03,0.024556705477197936,0.125
3.9627004515989483,1.2326167385677866,0.125,358.6602791462488,4.315390194173493,2.016000000000002,0.02456501356109584,2.016000000000002,0.03,0.024556705477197936,0.125
3.96285204701709,1.233477766049396,0.125,358.62521174161265,4.31534744136747,2.0170000000000012,0.02456501356109584,2.0170000000000017,0.03,0.024556705477197936,0.125
3.9630036175038637,1.2343388348753226,0.125,358.59020623904206,4.315304547492096,2.0180000000000016,0.02456501356109584,2.0180000000000016,0.03,0.024556705477197936,0.125
3.963155162921902,1.2351999452733597,0.125,358.5552629795971,4.3152615117701245,2.019000000000002,0.024565013561095844,2.019000000000002,0.03,0.024556705477197936,0.125
3.963306683132833,1.2360610974729773,0.125,358.5203823068482,4.3152183334185885,2.0200000000000014,0.02456501356109584,2.020000000000002,0.03,0.024556705477197936,0.125
3.963458177997261,1.2369222917053382,0.125,358.485564566899,4.3151750116487495,2.0210000000000017,0.024565013561095844,2.0210000000000017,0.03,0.024556705477197936,0.125
3.963609647374761,1.237783528203312,0.125,358.45081010840977,4.31513154566604,2.0220000000000016,0.024565013561095847,2.0220000000000016,0.03,0.024556705477197936,0.125
3.96376109112387,1.2386448072014922,0.125,358.4161192826211,4.315087934670015,2.023000000000002,0.024565013561095844,2.023000000000002,0.03,0.024556705477197936,0.125
3.963912509102073,1.2395061289362101,0.125,358.3814924433776,4.315044177854293,2.024000000000002,0.02456501356109584,2.024000000000002,0.03,0.024556705477197936,0.125
3.964063901165802,1.2403674936455549,0.125,358.3469299471527,4.315000274406504,2.0250000000000017,0.02456501356109584,2.0250000000000017,0.03,0.024556705477197936,0.125
3.9642152671704145,1.241228901569386,0.125,358.31243215307217,4.31495622350823,2.0260000000000016,0.02456501356109584,2.0260000000000016,0.03,0.024556705477197936,0.125
3.9643666069701933,1.2420903529493517,0.125,358.2779994229397,4.314912024334953,2.027000000000002,0.024565013561095844,2.027000000000002,0.03,0.024556705477197936,0.125
3.9645179204183316,1.2429518480289048,0.125,358.24363212126127,4.314867676055995,2.0280000000000014,0.02456501356109584,2.028000000000002,0.03,0.024556705477197936,0.125
3.9646692073669247,1.2438133870533212,0.125,358.209330615271,4.314823177834464,2.0290000000000017,0.024565013561095844,2.0290000000000017,0.03,0.024556705477197936,0.125
3.9648204676669567,1.2446749702697144,0.125,358.17509527495633,4.31477852882719,2.0300000000000016,0.024565013561095837,2.0300000000000016,0.03,0.024556705477197936,0.125
3.9649717011682952,1.245536597927055,0.125,358.1409264730837,4.31473372818467,2.031000000000002,0.02456501356109584,2.031000000000002,0.03,0.024556705477197936,0.125
3.9651229077196763,1.246398270276187,0.125,358.1068245852253,4.31468877505101,2.032000000000002,0.02456501356109584,2.032000000000002,0.03,0.024556705477197936,0.125
3.9652740871686962,1.2472599875698465,0.125,358.0727899897849,4.3146436685638605,2.0330000000000017,0.02456501356109584,2.0330000000000017,0.03,0.024556705477197936,0.125
3.9654252393617995,1.2481217500626778,0.125,358.03882306802524,4.314598407854358,2.0340000000000016,0.02456501356109584,2.0340000000000016,0.03,0.024556705477197936,0.125
3.965576364144268,1.2489835580112532,0.125,358.0049242040943,4.314552992047062,2.0350000000000015,0.02456501356109584,2.035000000000002,0.03,0.024556705477197936,0.125
3.9657274613602116,1.2498454116740898,0.125,357.97109378505337,4.314507420259894,2.036000000000002,0.02456501356109584,2.036000000000002,0.03,0.024556705477197936,0.125
3.965878530852554,1.2507073113116698,0.125,357.93733220090405,4.314461691604075,2.0370000000000017,0.02456501356109584,2.0370000000000017,0.03,0.024556705477197936,0.125
3.966029572463026,1.2515692571864576,0.125,357.9036398446168,4.314415805184061,2.0380000000000016,0.02456501356109584,2.0380000000000016,0.03,0.024556705477197936,0.125
3.966180620264136,1.2524313783454284,0.125,357.87009293917185,4.314369768239196,2.0390000000000015,0.02456501356109584,2.039000000000002,0.03,0.024556705477197936,0.125
3.9663317336108013,1.2532938968057625,0.125,357.83682104036455,4.3143235961665525,2.040000000000002,0.02456501356109584,2.040000000000002,0.03,0.024556705477197936,0.125
3.966482820588339,1.2541564663801192,0.125,357.8036197303375,4.31427726750534,2.0410000000000017,0.02456501356109584,2.0410000000000017,0.03,0.024556705477197936,0.125
3.966633881051369,1.2550190873503029,0.125,357.770489398264,4.314230781392246,2.0420000000000016,0.02456501356109584,2.0420000000000016,0.03,0.024556705477197936,0.125
3.966784914853441,1.2558817600001932,0.125,357.73743043618356,4.314184136957601,2.043000000000002,0.02456501356109584,2.043000000000002,0.03,0.024556705477197936,0.125
3.966935921847025,1.256744484615764,0.125,357.7044432390283,4.314137333325318,2.044000000000002,0.02456501356109584,2.044000000000002,0.03,0.024556705477197936,0.125
3.9670869018835,1.2576072614851033,0.125,357.67152820464946,4.3140903696128365,2.0450000000000017,0.02456501356109584,2.0450000000000017,0.03,0.024556705477197936,0.125
3.967237854813143,1.2584700908984325,0.125,357.6386857338443,4.314043244931059,2.046000000000001,0.02456501356109584,2.0460000000000016,0.03,0.024556705477197936,0.125
3.9673887804851233,1.2593329731481264,0.125,357.6059162303841,4.313995958384292,2.047000000000002,0.02456501356109584,2.047000000000002,0.03,0.024556705477197936,0.125
3.9675396787474857,1.2601959085287326,0.125,357.5732201010412,4.313948509070182,2.048000000000002,0.02456501356109584,2.048000000000002,0.03,0.024556705477197936,0.125
3.9676905494471444,1.2610588973369925,0.125,357.54059775561694,4.3139008960796605,2.0490000000000017,0.02456501356109584,2.0490000000000017,0.03,0.024556705477197936,0.125
3.967841392429874,1.2619219398718602,0.125,357.50804960697036,4.313853118496872,2.0500000000000016,0.02456501356109584,2.0500000000000016,0.03,0.024556705477197936,0.125
3.9679922075402914,1.2627850364345274,0.125,357.47557607104596,4.31380517539912,2.0510000000000015,0.02456501356109584,2.051000000000002,0.03,0.024556705477197936,0.125
3.9681429946218554,1.2636481873284375,0.125,357.44317756690367,4.313757065856792,2.052000000000002,0.02456501356109584,2.052000000000002,0.03,0.024556705477197936,0.125
3.9682937535168468,1.264511392859313,0.125,357.410854516747,4.313708788933307,2.0530000000000013,0.02456501356109584,2.0530000000000017,0.03,0.024556705477197936,0.125
3.968444484066361,1.2653746533351735,0.125,357.3786073459535,4.313660343685041,2.0540000000000016,0.02456501356109584,2.0540000000000016,0.03,0.024556705477197936,0.125
3.968595186110298,1.266237969066359,0.125,357.34643648310384,4.313611729161265,2.055000000000002,0.02456501356109584,2.055000000000002,0.03,0.024556705477197936,0.125
3.9687458594873495,1.2671013403655502,0.125,357.3143423600127,4.313562944404075,2.056000000000002,0.02456501356109584,2.056000000000002,0.03,0.024556705477197936,0.125
3.968896504034987,1.267964767547792,0.125,357.2823254117587,4.313513988448326,2.0570000000000017,0.02456501356109584,2.0570000000000017,0.03,0.024556705477197936,0.125
3.9690471195894528,1.2688282509305149,0.125,357.2503860767157,4.313464860321566,2.058000000000001,0.02456501356109584,2.0580000000000016,0.03,0.024556705477197936,0.125
3.969197705985744,1.2696917908335594,0.125,357.218524796584,4.3134155590439605,2.059000000000002,0.02456501356109584,2.059000000000002,0.03,0.024556705477197936,0.125
3.9693482630576056,1.2705553875791955,0.125,357.1867420164222,4.3133660836282255,2.0600000000000014,0.02456501356109584,2.060000000000002,0.03,0.024556705477197936,0.125
3.969498790637515,1.2714190414921493,0.125,357.1550381846784,4.313316433079563,2.0610000000000017,0.02456501356109584,2.0610000000000017,0.03,0.024556705477197936,0.125
3.9696492885566714,1.272282752899625,0.125,357.12341375322336,4.313266606395575,2.0620000000000016,0.02456501356109584,2.0620000000000016,0.03,0.024556705477197936,0.125
3.9697997566449845,1.2731465221313283,0.125,357.0918691773827,4.313216602566205,2.063000000000002,0.02456501356109584,2.063000000000002,0.03,0.024556705477197936,0.125
3.969950194731058,1.2740103495194903,0.125,357.0604049159703,4.313166420573655,2.0640000000000014,0.02456501356109584,2.064000000000002,0.03,0.024556705477197936,0.125
3.970100602642184,1.2748742353988929,0.125,357.0290214313216,4.3131160593923195,2.0650000000000017,0.024565013561095844,2.0650000000000017,0.03,0.024556705477197936,0.125
3.970250980204323,1.2757381801068923,0.125,356.99771918932737,4.313065517988701,2.0660000000000016,0.02456501356109584,2.0660000000000016,0.03,0.024556705477197936,0.125
3.9704013272420973,1.2766021839834445,0.125,356.9664986594682,4.31301479532134,2.067000000000002,0.024565013561095844,2.067000000000002,0.03,0.024556705477197936,0.125
3.9705516435787716,1.2774662473711278,0.125,356.93536031484894,4.31296389034074,2.068000000000002,0.02456501356109584,2.068000000000002,0.03,0.024556705477197936,0.125
3.9707019290362484,1.278330370615173,0.125,356.9043046322339,4.312912801989284,2.0690000000000017,0.024565013561095844,2.0690000000000017,0.03,0.024556705477197936,0.125
3.9708521834350465,1.279194554063485,0.125,356.87333209208214,4.31286152920116,2.0700000000000016,0.02456501356109584,2.0700000000000016,0.03,0.024556705477197936,0.125
3.971002406594292,1.2800587980666702,0.125,356.8424431785832,4.312810070902279,2.071000000000002,0.024565013561095844,2.071000000000002,0.03,0.024556705477197936,0.125
3.971152598331705,1.2809231029780628,0.125,356.811638379694,4.312758426010199,2.072000000000002,0.02456501356109584,2.072000000000002,0.03,0.024556705477197936,0.125
3.971302758463582,1.2817874691537507,0.125,356.7809181871747,4.312706593434035,2.0730000000000017,0.02456501356109584,2.0730000000000017,0.03,0.024556705477197936,0.125
3.9714528868047867,1.2826518969526044,0.125,356.7502830966266,4.3126545720743845,2.0740000000000016,0.02456501356109584,2.0740000000000016,0.03,0.024556705477197936,0.125
3.9716029831687347,1.283516386736302,0.125,356.7197336075291,4.312602360823243,2.075000000000002,0.02456501356109584,2.075000000000002,0.03,0.024556705477197936,0.125
3.9717530473673768,1.2843809388693563,0.125,356.68927022327824,4.312549958563918,2.076000000000002,0.02456501356109584,2.076000000000002,0.03,0.024556705477197936,0.125
3.971903079211187,1.2852455537191456,0.125,356.6588934512247,4.312497364170938,2.0770000000000017,0.02456501356109584,2.0770000000000017,0.03,0.024556705477197936,0.125
3.972053078509149,1.2861102316559394,0.125,356.6286038027129,4.312444576509981,2.0780000000000016,0.02456501356109584,2.0780000000000016,0.03,0.024556705477197936,0.125
3.972203045068736,1.2869749730529279,0.125,356.5984017931205,4.312391594437774,2.079000000000002,0.02456501356109584,2.079000000000002,0.03,0.024556705477197936,0.125
3.972352978695904,1.2878397782862496,0.125,356.5682879418982,4.312338416802008,2.080000000000002,0.02456501356109584,2.080000000000002,0.03,0.024556705477197936,0.125
3.9725028791950696,1.2887046477350226,0.125,356.53826277260976,4.312285042441248,2.0810000000000017,0.024565013561095844,2.0810000000000017,0.03,0.024556705477197936,0.125
3.9726527463691,1.2895695817813728,0.125,356.5083268129733,4.312231470184848,2.082000000000001,0.02456501356109584,2.0820000000000016,0.03,0.024556705477197936,0.125
3.9728025800192928,1.290434580810464,0.125,356.478480594902,4.312177698852856,2.083000000000002,0.02456501356109584,2.083000000000002,0.03,0.024556705477197936,0.125
3.972952379945363,1.2912996452105272,0.125,356.4487246545464,4.312123727255913,2.084000000000002,0.02456501356109584,2.084000000000002,0.03,0.024556705477197936,0.125
3.9731021459454285,1.2921647753728933,0.125,356.4190595323365,4.312069554195176,2.0850000000000017,0.024565013561095844,2.0850000000000017,0.03,0.024556705477197936,0.125
3.9732518778159918,1.2930299716920228,0.125,356.3894857730242,4.312015178462209,2.0860000000000016,0.02456501356109584,2.0860000000000016,0.03,0.024556705477197936,0.125
3.973401575351926,1.2938952345655375,0.125,356.3600039257272,4.311960598838893,2.087000000000002,0.024565013561095844,2.087000000000002,0.03,0.024556705477197936,0.125
3.9735512383464537,1.2947605643942506,0.125,356.33061454397233,4.311905814097327,2.088000000000002,0.02456501356109584,2.088000000000002,0.03,0.024556705477197936,0.125
3.9737008665911366,1.2956259615822014,0.125,356.3013181857402,4.311850822999731,2.0890000000000017,0.02456501356109584,2.0890000000000017,0.03,0.024556705477197936,0.125
3.973850459875855,1.2964914265366871,0.125,356.27211541350977,4.311795624298347,2.0900000000000016,0.02456501356109584,2.0900000000000016,0.03,0.024556705477197936,0.125
3.9740000179887924,1.2973569596682948,0.125,356.24300679430416,4.311740216735338,2.091000000000002,0.02456501356109584,2.091000000000002,0.03,0.024556705477197936,0.125
3.9741495407164167,1.2982225613909337,0.125,356.21399289973647,4.311684599042677,2.092000000000002,0.02456501356109584,2.092000000000002,0.03,0.024556705477197936,0.125
3.9742990278434642,1.2990882321218726,0.125,356.18507430605587,4.311628769942062,2.0930000000000017,0.024565013561095844,2.0930000000000017,0.03,0.024556705477197936,0.125
3.974448479152923,1.299953972281771,0.125,356.15625159419574,4.311572728144797,2.0940000000000016,0.02456501356109584,2.0940000000000016,0.03,0.024556705477197936,0.125
3.9745978944260103,1.3008197822947138,0.125,356.12752534982013,4.3115164723516886,2.095000000000002,0.02456501356109584,2.095000000000002,0.03,0.024556705477197936,0.125
3.9747472734421616,1.3016856625882467,0.125,356.098896163373,4.311460001252945,2.096000000000002,0.02456501356109584,2.096000000000002,0.03,0.024556705477197936,0.125
3.9748966159790067,1.3025516135934125,0.125,356.0703646301266,4.311403313528059,2.0970000000000018,0.024565013561095844,2.0970000000000018,0.03,0.024556705477197936,0.125
3.9750459218123537,1.303417635744786,0.125,356.041931350231,4.311346407845707,2.0980000000000016,0.02456501356109584,2.0980000000000016,0.03,0.024556705477197936,0.125
3.9751951907161693,1.3042837294805099,0.125,356.0135969287641,4.3112892828636316,2.099000000000002,0.024565013561095844,2.099000000000002,0.03,0.024556705477197936,0.125
3.975344422462562,1.3051498952423315,0.125,355.9853619757828,4.31123193722853,2.100000000000002,0.02456501356109584,2.100000000000002,0.03,0.024556705477197936,0.125
3.9754865617141477,1.3059647588876757,0.125,356.08757122134466,4.311187664673385,2.1010000000000018,0.02456501359831141,2.1010000000000018,0.03,0.024556705477197936,0.125
3.9756286325223917,1.306779771264774,0.125,356.1899568983489,4.311142969605543,2.102000000000001,0.024565013635526982,2.1020000000000016,0.03,0.024556705477197936,0.125
3.97577063456111,1.3075949330824486,0.125,356.2925198476283,4.311097850011404,2.103000000000002,0.024565013672742553,2.103000000000002,0.03,0.024556705477197936,0.125
3.9759125675020406,1.3084102450540323,0.125,356.3952609153666,4.311052303864551,2.104000000000002,0.024565013709958124,2.104000000000002,0.03,0.024556705477197936,0.125
3.9760544310148287,1.3092257078974052,0.125,356.4981809531422,4.311006329125652,2.1050000000000018,0.024565013747173698,2.1050000000000018,0.03,0.024556705477197936,0.125
3.9761962247670115,1.310041322335033,0.125,356.6012808179703,4.310959923742349,2.106000000000001,0.024565013784389265,2.1060000000000016,0.03,0.024556705477197936,0.125
3.976337948424,1.310857089093999,0.125,356.7045613723469,4.310913085649167,2.107000000000002,0.02456501382160484,2.107000000000002,0.03,0.024556705477197936,0.125
3.976479601649062,1.311673008906045,0.125,356.8080234842925,4.3108658127673944,2.108000000000002,0.024565013858820414,2.108000000000002,0.03,0.024556705477197936,0.125
3.9766211841033026,1.312489082507606,0.125,356.91166802739616,4.310818103004987,2.1090000000000018,0.024565013896035985,2.1090000000000018,0.03,0.024556705477197936,0.125
3.9767626954456525,1.3133053106398518,0.125,357.0154958808608,4.310769954256456,2.1100000000000017,0.024565013933251556,2.1100000000000017,0.03,0.024556705477197936,0.125
3.976904135332845,1.3141216940487197,0.125,357.11950792954775,4.310721364402762,2.111000000000002,0.024565013970467127,2.111000000000002,0.03,0.024556705477197936,0.125
3.977045503419403,1.314938233484957,0.125,357.2237050640228,4.3106723313112045,2.112000000000002,0.024565014007682694,2.112000000000002,0.03,0.024556705477197936,0.125
3.977186799357616,1.3157549297041589,0.125,357.328088180602,4.310622852835313,2.1130000000000018,0.024565014044898265,2.1130000000000018,0.03,0.024556705477197936,0.125
3.977328022797527,1.316571783466806,0.125,357.4326581813982,4.310572926814737,2.1140000000000017,0.024565014082113836,2.1140000000000017,0.03,0.024556705477197936,0.125
3.97746917338691,1.3173887955383068,0.125,357.5374159743682,4.310522551075127,2.115000000000002,0.02456501411932941,2.115000000000002,0.03,0.024556705477197936,0.125
3.977610342938106,1.3182061905343279,0.125,357.6425442063112,4.3104718680892455,2.116000000000002,0.024565014156544978,2.116000000000002,0.03,0.024556705477197936,0.125
3.977751710299085,1.3190243861867703,0.125,357.7484164941326,4.3104211751976775,2.1170000000000018,0.024565014193760552,2.1170000000000018,0.03,0.024556705477197936,0.125
3.9778929851640186,1.3198426680383109,0.125,357.85447402919726,4.310370026136512,2.1180000000000017,0.024565014230976123,2.1180000000000017,0.03,0.024556705477197936,0.125
3.9780341670292527,1.3206610365583142,0.125,357.9607178202009,4.310318418421844,2.119000000000002,0.024565014268191698,2.119000000000002,0.03,0.024556705477197936,0.125
3.978175255387471,1.32147949221956,0.125,358.06714888317606,4.3102663495517035,2.120000000000002,0.024565014305407265,2.120000000000002,0.03,0.024556705477197936,0.125
3.978316249727661,1.3222980354982727,0.125,358.17376824155866,4.310213817005887,2.1210000000000018,0.024565014342622843,2.1210000000000018,0.03,0.024556705477197936,0.125
3.9784571495350787,1.323116666874153,0.125,358.2805769262557,4.310160818245799,2.1220000000000017,0.02456501437983841,2.1220000000000017,0.03,0.024556705477197936,0.125
3.978597954291216,1.323935386830411,0.125,358.3875759757137,4.310107350714272,2.123000000000002,0.024565014417053985,2.123000000000002,0.03,0.024556705477197936,0.125
3.9787386634737656,1.3247541958537936,0.125,358.4947664359869,4.31005341183541,2.124000000000002,0.024565014454269552,2.124000000000002,0.03,0.024556705477197936,0.125
3.9788792765565875,1.325573094434625,0.125,358.60214936080826,4.309998999014402,2.1250000000000018,0.02456501449148512,2.1250000000000018,0.03,0.024556705477197936,0.125
3.9790197930096722,1.3263920830668319,0.125,358.70972581165915,4.309944109637362,2.126000000000002,0.024565014528700694,2.1260000000000017,0.03,0.024556705477197936,0.125
3.9791602122991048,1.3272111622479816,0.125,358.81749685784155,4.309888741071146,2.127000000000002,0.024565014565916265,2.127000000000002,0.03,0.024556705477197936,0.125
3.9793005338870295,1.328030332479312,0.125,358.92546357654896,4.30983289066317,2.128000000000002,0.024565014603131836,2.128000000000002,0.03,0.024556705477197936,0.125
3.979440757231615,1.3288495942657694,0.125,359.0336270529405,4.3097765557412435,2.129000000000002,0.024565014640347407,2.129000000000002,0.03,0.024556705477197936,0.125
3.9795808817870153,1.3296689481160395,0.125,359.1419883802143,4.309719733613376,2.1300000000000017,0.024565014677562974,2.1300000000000017,0.03,0.024556705477197936,0.125
3.979720907003333,1.330488394542584,0.125,359.2505486596818,4.309662421567598,2.131000000000002,0.024565014714778552,2.131000000000002,0.03,0.024556705477197936,0.125
3.9798608323265814,1.3313079340616738,0.125,359.35930900084344,4.309604616871775,2.132000000000002,0.02456501475199412,2.132000000000002,0.03,0.024556705477197936,0.125
3.980000657198648,1.3321275671934276,0.125,359.46827052146483,4.30954631677342,2.1330000000000013,0.02456501478920969,2.133000000000002,0.03,0.024556705477197936,0.125
3.980140381057254,1.3329472944618448,0.125,359.5774343476541,4.309487518499502,2.1340000000000017,0.024565014826425258,2.1340000000000017,0.03,0.024556705477197936,0.125
3.980280003335917,1.3337671163948435,0.125,359.68680161393934,4.309428219256255,2.1350000000000016,0.024565014863640836,2.135000000000002,0.03,0.024556705477197936,0.125
3.9804195234639104,1.3345870335242953,0.125,359.79637346334795,4.309368416228988,2.1360000000000015,0.024565014900856406,2.136000000000002,0.03,0.024556705477197936,0.125
3.980558940866224,1.3354070463860659,0.125,359.90615104748616,4.309308106581878,2.1370000000000013,0.024565014938071977,2.137000000000002,0.03,0.024556705477197936,0.125
3.9806982549635235,1.3362271555200482,0.125,360.0161355266196,4.309247287457785,2.1380000000000017,0.024565014975287548,2.1380000000000017,0.03,0.024556705477197936,0.125
3.9808374651721117,1.3370473614702039,0.125,360.1263280697552,4.3091859559780366,2.1390000000000016,0.02456501501250312,2.139000000000002,0.03,0.024556705477197936,0.125
3.9809765709038833,1.3378676647846002,0.125,360.2367298547231,4.30912410924224,2.140000000000002,0.02456501504971869,2.140000000000002,0.03,0.024556705477197936,0.125
3.9811155715662885,1.338688066015448,0.125,360.3473420682604,4.309061744328066,2.141000000000002,0.02456501508693426,2.141000000000002,0.03,0.024556705477197936,0.125
3.981254466562286,1.3395085657191437,0.125,360.4581659060957,4.3089988582910435,2.1420000000000017,0.024565015124149835,2.1420000000000017,0.03,0.024556705477197936,0.125
3.981393255290302,1.3403291644563056,0.125,360.5692025730341,4.30893544816435,2.1430000000000016,0.024565015161365406,2.143000000000002,0.03,0.024556705477197936,0.125
3.9815319371441893,1.3411498627918164,0.125,360.68045328304333,4.308871510958603,2.144000000000002,0.024565015198580977,2.144000000000002,0.03,0.024556705477197936,0.125
3.981670511513182,1.3419706612948628,0.125,360.79191925934157,4.30880704366164,2.145000000000002,0.024565015235796548,2.145000000000002,0.03,0.024556705477197936,0.125
3.981808977781849,1.3427915605389769,0.125,360.90360173448516,4.3087420432383,2.1460000000000017,0.024565015273012115,2.1460000000000017,0.03,0.024556705477197936,0.125
3.9819473353300556,1.3436125611020782,0.125,361.0155019504586,4.308676506630209,2.147000000000002,0.02456501531022769,2.147000000000002,0.03,0.024556705477197936,0.125
3.982085583532911,1.3444336635665144,0.125,361.1276211587638,4.308610430755557,2.148000000000002,0.02456501534744326,2.148000000000002,0.03,0.024556705477197936,0.125
3.982223721760728,1.345254868519105,0.125,361.23996062051253,4.308543812508865,2.1490000000000014,0.024565015384658835,2.149000000000002,0.03,0.024556705477197936,0.125
3.982361749378976,1.3460761765511837,0.125,361.352521606518,4.308476648760771,2.1500000000000017,0.024565015421874406,2.1500000000000017,0.03,0.024556705477197936,0.125
3.9825001859385307,1.3468992918990488,0.125,361.4660725084615,4.308409313777445,2.151000000000002,0.024565015459089973,2.151000000000002,0.03,0.024556705477197936,0.125
3.982638631601606,1.347722889488602,0.125,361.5800072538025,4.308341533036872,2.152000000000002,0.024565015496305544,2.152000000000002,0.03,0.024556705477197936,0.125
3.982776979312574,1.3485466193938942,0.125,361.69416818345024,4.3082732281798615,2.1530000000000014,0.024565015533521115,2.153000000000002,0.03,0.024556705477197936,0.125
3.9829152285526446,1.3493704823157215,0.125,361.80855649536477,4.308204396430488,2.1540000000000017,0.02456501557073669,2.1540000000000017,0.03,0.024556705477197936,0.125
3.9830533787993523,1.3501944789598366,0.125,361.9231733959805,4.3081350349931915,2.155000000000002,0.02456501560795226,2.155000000000002,0.03,0.024556705477197936,0.125
3.983191429526534,1.3510186100369939,0.125,362.0380201002819,4.308065141052596,2.156000000000002,0.02456501564516783,2.156000000000002,0.03,0.024556705477197936,0.125
3.9833293802042893,1.3518428762629946,0.125,362.1530978318792,4.307994711773344,2.1570000000000022,0.024565015682383402,2.157000000000002,0.03,0.024556705477197936,0.125
3.983467230298947,1.35266727835873,0.125,362.26840782308506,4.307923744299906,2.1580000000000017,0.024565015719598973,2.1580000000000017,0.03,0.024556705477197936,0.125
3.9836049792730384,1.3534918170502281,0.125,362.3839513149918,4.3078522357564095,2.159000000000002,0.024565015756814544,2.159000000000002,0.03,0.024556705477197936,0.125
3.9837426265852534,1.3543164930686984,0.125,362.4997295575503,4.30778018324646,2.160000000000002,0.024565015794030115,2.160000000000002,0.03,0.024556705477197936,0.125
3.9838801716904153,1.3551413071505787,0.125,362.61574380964873,4.307707583852949,2.1610000000000023,0.024565015831245686,2.161000000000002,0.03,0.024556705477197936,0.125
3.9840176140394403,1.355966260037582,0.125,362.7319953391926,4.307634434637871,2.1620000000000017,0.024565015868461257,2.1620000000000017,0.03,0.024556705477197936,0.125
3.984154953079304,1.3567913524767443,0.125,362.8484854231859,4.307560732642143,2.163000000000002,0.024565015905676828,2.163000000000002,0.03,0.024556705477197936,0.125
3.9842921882530096,1.3576165852204714,0.125,362.96521534781255,4.3074864748854065,2.164000000000002,0.0245650159428924,2.164000000000002,0.03,0.024556705477197936,0.125
3.9844293189995454,1.3584419590265873,0.125,363.0821864085195,4.30741165836584,2.1650000000000023,0.024565015980107976,2.165000000000002,0.03,0.024556705477197936,0.125
3.984566344753853,1.3592674746583842,0.125,363.1993999100994,4.307336280059964,2.1660000000000017,0.02456501601732354,2.1660000000000017,0.03,0.024556705477197936,0.125
3.984703264946791,1.3600931328846713,0.125,363.3168571667762,4.307260336922447,2.167000000000002,0.02456501605453912,2.167000000000002,0.03,0.024556705477197936,0.125
3.984840079005097,1.3609189344798232,0.125,363.43455950228946,4.3071838258859065,2.168000000000002,0.024565016091754686,2.168000000000002,0.03,0.024556705477197936,0.125
3.984976786351348,1.3617448802238332,0.125,363.5525082499814,4.307106743860711,2.1690000000000023,0.02456501612897026,2.169000000000002,0.03,0.024556705477197936,0.125
3.985113386403929,1.3625709709023626,0.125,363.67070475288347,4.307029087734772,2.1700000000000013,0.024565016166185824,2.1700000000000017,0.03,0.024556705477197936,0.125
3.9852498785769854,1.3633972073067924,0.125,363.7891503638054,4.30695085437335,2.171000000000002,0.024565016203401402,2.171000000000002,0.03,0.024556705477197936,0.125
3.985386262280393,1.3642235902342756,0.125,363.9078464454231,4.306872040618837,2.1720000000000015,0.02456501624061697,2.172000000000002,0.03,0.024556705477197936,0.125
3.9855225369197154,1.36505012048779,0.125,364.0267943703701,4.306792643290552,2.173000000000002,0.02456501627783254,2.173000000000002,0.03,0.024556705477197936,0.125
3.985658701896164,1.3658767988761913,0.125,364.14599552132773,4.306712659184536,2.1740000000000013,0.024565016315048115,2.1740000000000017,0.03,0.024556705477197936,0.125
3.985794756606558,1.3667036262142684,0.125,364.26545129111764,4.306632085073326,2.1750000000000016,0.024565016352263682,2.175000000000002,0.03,0.024556705477197936,0.125
3.9859307004432876,1.3675306033227947,0.125,364.3851630827949,4.306550917705752,2.1760000000000015,0.024565016389479256,2.176000000000002,0.03,0.024556705477197936,0.125
3.9860665327942666,1.368357731028586,0.125,364.505132309742,4.306469153806709,2.1770000000000014,0.024565016426694824,2.177000000000002,0.03,0.024556705477197936,0.125
3.986202253042899,1.3691850101645548,0.125,364.6253603957642,4.3063867900769415,2.1780000000000013,0.024565016463910398,2.1780000000000017,0.03,0.024556705477197936,0.125
3.986337860568031,1.370012441569769,0.125,364.7458487751857,4.306303823192822,2.1790000000000016,0.02456501650112597,2.179000000000002,0.03,0.024556705477197936,0.125
3.9864733547439126,1.3708400260895046,0.125,364.86659889294714,4.306220249806119,2.1800000000000015,0.02456501653834154,2.180000000000002,0.03,0.024556705477197936,0.125
3.9866087349401518,1.3716677645753061,0.125,364.9876122047036,4.306136066543773,2.181000000000002,0.024565016575557114,2.181000000000002,0.03,0.024556705477197936,0.125
3.986744658968955,1.3724972270222588,0.125,365.10976959944537,4.3060523335487355,2.1820000000000013,0.024565016612772682,2.1820000000000017,0.03,0.024556705477197936,0.125
3.9868805408772334,1.373326996976621,0.125,365.23227456300356,4.305968124439549,2.183000000000002,0.024565016649988253,2.183000000000002,0.03,0.024556705477197936,0.125
3.9870163187746037,1.3741569280496713,0.125,365.35504579440277,4.3058833381463435,2.1840000000000015,0.024565016687203827,2.184000000000002,0.03,0.024556705477197936,0.125
3.987151992123148,1.374987021074677,0.125,365.47808467071667,4.30579797168406,2.185000000000002,0.024565016724419398,2.185000000000002,0.03,0.024556705477197936,0.125
3.9872875603812297,1.3758172768906618,0.125,365.6013925785312,4.305712022047021,2.1860000000000013,0.02456501676163497,2.1860000000000017,0.03,0.024556705477197936,0.125
3.987423023003467,1.376647696342455,0.125,365.72497091402676,4.3056254862087515,2.187000000000002,0.02456501679885054,2.187000000000002,0.03,0.024556705477197936,0.125
3.9875583794406952,1.37747828028074,0.125,365.84882108306135,4.305538361121798,2.188000000000002,0.02456501683606611,2.188000000000002,0.03,0.024556705477197936,0.125
3.9876936291399394,1.3783090295621092,0.125,365.9729445012547,4.305450643717546,2.189000000000002,0.024565016873281678,2.189000000000002,0.03,0.024556705477197936,0.125
3.9878287715443745,1.3791399450491122,0.125,366.0973425940731,4.305362330906042,2.1900000000000013,0.024565016910497253,2.1900000000000017,0.03,0.024556705477197936,0.125
3.9879638060932994,1.3799710276103097,0.125,366.2220167969152,4.305273419575794,2.191000000000002,0.024565016947712823,2.191000000000002,0.03,0.024556705477197936,0.125
3.988098732222097,1.3808022781203222,0.125,366.3469685551984,4.305183906593597,2.192000000000002,0.024565016984928394,2.192000000000002,0.03,0.024556705477197936,0.125
3.988233549362203,1.3816336974598886,0.125,366.47219932444676,4.3050937888043395,2.193000000000002,0.02456501702214397,2.193000000000002,0.03,0.024556705477197936,0.125
3.9883682569410714,1.3824652865159153,0.125,366.5977105703793,4.305003063030807,2.1940000000000017,0.024565017059359536,2.1940000000000017,0.03,0.024556705477197936,0.125
3.988502854382137,1.3832970461815324,0.125,366.72350376899965,4.304911726073494,2.195000000000002,0.02456501709657511,2.195000000000002,0.03,0.024556705477197936,0.125
3.9886373411047837,1.3841289773561465,0.125,366.84958040668585,4.304819774710405,2.196000000000002,0.024565017133790678,2.196000000000002,0.03,0.024556705477197936,0.125
3.9887717165243073,1.3849610809454993,0.125,366.9759419802824,4.3047272056968575,2.197000000000002,0.024565017171006252,2.197000000000002,0.03,0.024556705477197936,0.125
3.9889059800518774,1.3857933578617196,0.125,367.10258999719196,4.3046340157652825,2.1980000000000017,0.024565017208221827,2.1980000000000017,0.03,0.024556705477197936,0.125
3.9890401310945043,1.386625809023383,0.125,367.22952597546913,4.304540201625017,2.199000000000002,0.024565017245437394,2.199000000000002,0.03,0.024556705477197936,0.125
3.989174169055,1.3874584353555655,0.125,367.35675144391365,4.304445759962112,2.200000000000002,0.024565017282652965,2.200000000000002,0.03,0.024556705477197936,0.125
3.9893038877553217,1.3882402913013445,0.125,367.3228626183932,4.304375830002718,2.201000000000002,0.02456501728265296,2.201000000000002,0.03,0.024556705477197936,0.125
3.9894335784076707,1.3890222293924908,0.125,367.28908694578234,4.304305705712431,2.2020000000000017,0.02456501728265297,2.2020000000000017,0.03,0.024556705477197936,0.125
3.989563240903969,1.3898042499455423,0.125,367.2554248621015,4.304235386342421,2.2030000000000016,0.024565017282652965,2.203000000000002,0.03,0.024556705477197936,0.125
3.9896928751355807,1.3905863532786624,0.125,367.2218768056138,4.304164871140009,2.204000000000002,0.02456501728265297,2.204000000000002,0.03,0.024556705477197936,0.125
3.98982248099331,1.391368539711656,0.125,367.18844321683997,4.304094159348633,2.205000000000002,0.02456501728265296,2.205000000000002,0.03,0.024556705477197936,0.125
3.9899520583673995,1.3921508095659763,0.125,367.155124538573,4.304023250207834,2.2060000000000013,0.024565017282652965,2.2060000000000017,0.03,0.024556705477197936,0.125
3.9900816071475242,1.392933163164737,0.125,367.1219212158925,4.303952142953225,2.207000000000002,0.024565017282652965,2.207000000000002,0.03,0.024556705477197936,0.125
3.9902111272227896,1.3937156008327216,0.125,367.0888336961795,4.3038808368164645,2.2080000000000024,0.02456501728265297,2.208000000000002,0.03,0.024556705477197936,0.125
3.9903406184817247,1.3944981228963969,0.125,367.0558624291316,4.303809331025233,2.2090000000000014,0.024565017282652965,2.209000000000002,0.03,0.024556705477197936,0.125
3.9904700808122833,1.3952807296839207,0.125,367.02300786677785,4.303737624803209,2.2100000000000017,0.02456501728265297,2.2100000000000017,0.03,0.024556705477197936,0.125
3.9905995141018358,1.396063421525156,0.125,366.99027046349363,4.303665717370038,2.211000000000001,0.02456501728265296,2.211000000000002,0.03,0.024556705477197936,0.125
3.9907289182371675,1.3968461987516783,0.125,366.9576506760165,4.303593607941312,2.212000000000002,0.024565017282652965,2.212000000000002,0.03,0.024556705477197936,0.125
3.9908582931044747,1.3976290616967904,0.125,366.9251489634609,4.3035212957285385,2.2130000000000023,0.024565017282652965,2.213000000000002,0.03,0.024556705477197936,0.125
3.9909876385893606,1.3984120106955316,0.125,366.89276578733404,4.303448779939117,2.2140000000000017,0.024565017282652965,2.2140000000000017,0.03,0.024556705477197936,0.125
3.9911169545768304,1.3991950460846898,0.125,366.8605016115512,4.30337605977631,2.215000000000002,0.024565017282652965,2.215000000000002,0.03,0.024556705477197936,0.125
3.9912462409512917,1.399978168202812,0.125,366.828356902452,4.303303134439221,2.216000000000002,0.02456501728265297,2.216000000000002,0.03,0.024556705477197936,0.125
3.9913754975965428,1.4007613773902174,0.125,366.7963321288157,4.303230003122755,2.217000000000002,0.024565017282652965,2.217000000000002,0.03,0.024556705477197936,0.125
3.9915047243957757,1.4015446739890067,0.125,366.7644277618774,4.303156665017604,2.2180000000000017,0.02456501728265296,2.2180000000000017,0.03,0.024556705477197936,0.125
3.9916339212315717,1.4023280583430775,0.125,366.7326442753441,4.303083119310219,2.219000000000002,0.02456501728265297,2.219000000000002,0.03,0.024556705477197936,0.125
3.9917630879858907,1.4031115307981303,0.125,366.70098214541105,4.303009365182771,2.220000000000002,0.024565017282652965,2.220000000000002,0.03,0.024556705477197936,0.125
3.9918922245400745,1.4038950917016864,0.125,366.6694418507779,4.302935401813133,2.221000000000002,0.024565017282652965,2.221000000000002,0.03,0.024556705477197936,0.125
3.99202133077484,1.4046787414030968,0.125,366.63802387266537,4.302861228374846,2.2220000000000013,0.024565017282652965,2.2220000000000018,0.03,0.024556705477197936,0.125
3.9921504065702758,1.405462480253555,0.125,366.60672869483176,4.302786844037097,2.223000000000002,0.024565017282652965,2.223000000000002,0.03,0.024556705477197936,0.125
3.9922795290181443,1.4062465896548635,0.125,366.575690898393,4.302712275918738,2.224000000000002,0.02456501728265297,2.224000000000002,0.03,0.024556705477197936,0.125
3.9924087827902595,1.4070313741206004,0.125,366.5450561026257,4.302637558349702,2.225000000000002,0.024565017282652965,2.225000000000002,0.03,0.024556705477197936,0.125
3.9925380082241055,1.4078162509557488,0.125,366.5145466051444,4.3025626350512445,2.2260000000000018,0.02456501728265297,2.2260000000000018,0.03,0.024556705477197936,0.125
3.9926672052121144,1.4086012205109375,0.125,366.4841628815719,4.302487505242436,2.227000000000002,0.024565017282652965,2.227000000000002,0.03,0.024556705477197936,0.125
3.992796373646169,1.4093862831385684,0.125,366.4539054099409,4.302412168138382,2.228000000000002,0.02456501728265297,2.228000000000002,0.03,0.024556705477197936,0.125
3.9929255134176063,1.410171439192835,0.125,366.4237746707099,4.302336622950213,2.229000000000002,0.024565017282652965,2.229000000000002,0.03,0.024556705477197936,0.125
3.9930546244172116,1.4109566890297283,0.125,366.39377114677853,4.302260868885044,2.2300000000000013,0.024565017282652965,2.2300000000000018,0.03,0.024556705477197936,0.125
3.9931837065352136,1.4117420330070511,0.125,366.3638953235025,4.302184905145965,2.2310000000000016,0.024565017282652965,2.231000000000002,0.03,0.024556705477197936,0.125
3.9933127596612805,1.412527471484428,0.125,366.33414768871006,4.302108730932001,2.232000000000002,0.024565017282652965,2.232000000000002,0.03,0.024556705477197936,0.125
3.993441783684521,1.4133130048233185,0.125,366.30452873271696,4.302032345438094,2.233000000000002,0.024565017282652965,2.233000000000002,0.03,0.024556705477197936,0.125
3.993570778493474,1.414098633387027,0.125,366.275038948343,4.301955747855072,2.2340000000000018,0.02456501728265296,2.2340000000000018,0.03,0.024556705477197936,0.125
3.993699743976112,1.4148843575407162,0.125,366.2456788309279,4.301878937369632,2.2350000000000017,0.02456501728265297,2.235000000000002,0.03,0.024556705477197936,0.125
3.9938286800198313,1.4156701776514178,0.125,366.21644887834697,4.3018019131643035,2.2360000000000015,0.024565017282652965,2.236000000000002,0.03,0.024556705477197936,0.125
3.9939575865114536,1.416456094088045,0.125,366.18734959102767,4.301724674417425,2.237000000000002,0.024565017282652965,2.237000000000002,0.03,0.024556705477197936,0.125
3.994086463337215,1.4172421072214045,0.125,366.1583814719663,4.301647220303116,2.2380000000000013,0.024565017282652965,2.2380000000000018,0.03,0.024556705477197936,0.125
3.994215310382773,1.4180282174242098,0.125,366.129545026744,4.3015695499912585,2.239000000000002,0.024565017282652965,2.239000000000002,0.03,0.024556705477197936,0.125
3.994344127533191,1.4188144250710895,0.125,366.10084076354343,4.3014916626474555,2.240000000000002,0.024565017282652965,2.240000000000002,0.03,0.024556705477197936,0.125
3.994472914672946,1.4196007305386056,0.125,366.07226919316594,4.301413557433014,2.241000000000002,0.024565017282652965,2.241000000000002,0.03,0.024556705477197936,0.125
3.9946016716859125,1.4203871342052607,0.125,366.0438308290479,4.301335233504915,2.2420000000000013,0.024565017282652965,2.2420000000000018,0.03,0.024556705477197936,0.125
3.9947303984553715,1.4211736364515148,0.125,366.01552618727845,4.301256690015782,2.2430000000000017,0.024565017282652965,2.243000000000002,0.03,0.024556705477197936,0.125
3.9948590948639957,1.421960237659793,0.125,365.9873557866154,4.301177926113858,2.244000000000002,0.024565017282652965,2.244000000000002,0.03,0.024556705477197936,0.125
3.9949877607938533,1.4227469382145035,0.125,365.95932014850433,4.301098940942972,2.2450000000000023,0.02456501728265297,2.245000000000002,0.03,0.024556705477197936,0.125
3.9951163961263956,1.4235337385020466,0.125,365.931419797094,4.301019733642514,2.2460000000000013,0.024565017282652965,2.2460000000000018,0.03,0.024556705477197936,0.125
3.9952450007424662,1.4243206389108298,0.125,365.90365525925563,4.300940303347407,2.247000000000002,0.024565017282652965,2.247000000000002,0.03,0.024556705477197936,0.125
3.9953735745222825,1.4251076398312796,0.125,365.8760270645993,4.300860649188076,2.2480000000000016,0.024565017282652965,2.248000000000002,0.03,0.024556705477197936,0.125
3.995502117345442,1.4258947416558552,0.125,365.8485357454929,4.300780770290414,2.249000000000002,0.024565017282652965,2.249000000000002,0.03,0.024556705477197936,0.125
3.995630629090914,1.4266819447790622,0.125,365.8211818370789,4.300700665775763,2.2500000000000013,0.024565017282652965,2.2500000000000018,0.03,0.024556705477197936,0.125
3.9957591096370333,1.427469249597465,0.125,365.7939658772935,4.300620334760876,2.251000000000002,0.024565017282652965,2.251000000000002,0.03,0.024556705477197936,0.125
3.995887558861502,1.4282566565097,0.125,365.7668884068843,4.300539776357891,2.252000000000002,0.024565017282652965,2.252000000000002,0.03,0.024556705477197936,0.125
3.996015976641382,1.429044165916491,0.125,365.7399499694288,4.300458989674297,2.2530000000000014,0.024565017282652965,2.253000000000002,0.03,0.024556705477197936,0.125
3.9961443628530886,1.429831778220661,0.125,365.71315111135317,4.300377973812909,2.254000000000002,0.024565017282652965,2.254000000000002,0.03,0.024556705477197936,0.125
3.996272717372391,1.430619493827147,0.125,365.6864923819505,4.300296727871832,2.2550000000000017,0.024565017282652965,2.255000000000002,0.03,0.024556705477197936,0.125
3.9964010400744048,1.4314073131430134,0.125,365.65997433340016,4.300215250944433,2.256000000000002,0.024565017282652965,2.256000000000002,0.03,0.024556705477197936,0.125
3.996529330833588,1.4321952365774655,0.125,365.6335975207862,4.300133542119311,2.2570000000000014,0.024565017282652965,2.257000000000002,0.03,0.024556705477197936,0.125
3.9966575895237386,1.4329832645418659,0.125,365.6073625021171,4.300051600480263,2.258000000000002,0.024565017282652965,2.258000000000002,0.03,0.024556705477197936,0.125
3.996785816017987,1.4337713974497455,0.125,365.5812698383444,4.29996942510625,2.2590000000000017,0.024565017282652965,2.259000000000002,0.03,0.024556705477197936,0.125
3.996914010188796,1.4345596357168195,0.125,365.55532009338265,4.299887015071373,2.260000000000002,0.024565017282652965,2.260000000000002,0.03,0.024556705477197936,0.125
3.997042171907951,1.4353479797610025,0.125,365.52951383412875,4.299804369444835,2.261000000000002,0.024565017282652965,2.261000000000002,0.03,0.024556705477197936,0.125
3.997170301046562,1.4361364300024222,0.125,365.5038516304818,4.299721487290908,2.262000000000002,0.024565017282652965,2.262000000000002,0.03,0.024556705477197936,0.125
3.997298397475052,1.4369249868634335,0.125,365.47833405536284,4.2996383676689005,2.263000000000002,0.024565017282652965,2.263000000000002,0.03,0.024556705477197936,0.125
3.9974264610631574,1.437713650768634,0.125,365.45296168473516,4.299555009633133,2.264000000000002,0.02456501728265297,2.264000000000002,0.03,0.024556705477197936,0.125
3.997554491679922,1.4385024221448792,0.125,365.42773509762424,4.299471412232889,2.265000000000002,0.024565017282652965,2.265000000000002,0.03,0.024556705477197936,0.125
3.9976824891936933,1.4392913014212976,0.125,365.40265487613846,4.299387574512401,2.266000000000002,0.024565017282652965,2.266000000000002,0.03,0.024556705477197936,0.125
3.997810453472116,1.4400802890293043,0.125,365.37772160548906,4.2993034955107925,2.267000000000002,0.024565017282652965,2.267000000000002,0.03,0.024556705477197936,0.125
3.997938384382128,1.440869385402618,0.125,365.3529358740117,4.299219174262071,2.2680000000000016,0.024565017282652965,2.268000000000002,0.03,0.024556705477197936,0.125
3.9980662817899555,1.4416585909772754,0.125,365.3282982731864,4.299134609795074,2.2690000000000015,0.02456501728265297,2.269000000000002,0.03,0.024556705477197936,0.125
3.998194145561112,1.4424479061916482,0.125,365.3038093976597,4.299049801133439,2.270000000000002,0.02456501728265296,2.270000000000002,0.03,0.024556705477197936,0.125
3.9983219755603843,1.4432373314864562,0.125,365.2794698452643,4.298964747295575,2.271000000000002,0.024565017282652965,2.271000000000002,0.03,0.024556705477197936,0.125
3.9984497716518397,1.4440268673047845,0.125,365.25528021704235,4.298879447294622,2.2720000000000016,0.024565017282652965,2.272000000000002,0.03,0.024556705477197936,0.125
3.9985775336988096,1.4448165140921003,0.125,365.23124111726526,4.298793900138415,2.2730000000000015,0.024565017282652965,2.273000000000002,0.03,0.024556705477197936,0.125
3.998705261563896,1.445606272296268,0.125,365.20735315345655,4.298708104829452,2.274000000000002,0.02456501728265297,2.274000000000002,0.03,0.024556705477197936,0.125
3.9988329551089548,1.4463961423675642,0.125,365.18361693641316,4.2986220603648535,2.275000000000002,0.024565017282652965,2.275000000000002,0.03,0.024556705477197936,0.125
3.9989606141950986,1.4471861247586957,0.125,365.16003308022795,4.298535765736329,2.276000000000002,0.024565017282652965,2.276000000000002,0.03,0.024556705477197936,0.125
3.999088238682691,1.4479762199248154,0.125,365.1366022023116,4.298449219930143,2.2770000000000015,0.024565017282652965,2.277000000000002,0.03,0.024556705477197936,0.125
3.999215828431338,1.4487664283235389,0.125,365.11332492341546,4.298362421927075,2.278000000000002,0.024565017282652965,2.278000000000002,0.03,0.024556705477197936,0.125
3.9993433832998866,1.449556750414961,0.125,365.09020186765355,4.2982753707023775,2.2790000000000017,0.024565017282652965,2.279000000000002,0.03,0.024556705477197936,0.125
3.9994709031464173,1.4503471866616717,0.125,365.067233662526,4.298188065225749,2.280000000000002,0.024565017282652965,2.280000000000002,0.03,0.024556705477197936,0.125
3.9995983878282386,1.4511377375287744,0.125,365.04442093894176,4.298100504461288,2.2810000000000015,0.02456501728265297,2.281000000000002,0.03,0.024556705477197936,0.125
3.999725837201886,1.4519284034839035,0.125,365.0217643312417,4.298012687367462,2.282000000000002,0.024565017282652965,2.282000000000002,0.03,0.024556705477197936,0.125
3.999853251123109,1.4527191849972398,0.125,364.99926447722186,4.297924612897059,2.2830000000000017,0.024565017282652965,2.283000000000002,0.03,0.024556705477197936,0.125
3.9999806294468736,1.4535100825415288,0.125,364.9769220181579,4.297836279997161,2.284000000000002,0.024565017282652965,2.284000000000002,0.03,0.024556705477197936,0.125
4.000107972027353,1.4543010965920984,0.125,364.9547375988275,4.297747687609093,2.2850000000000015,0.024565017282652965,2.285000000000002,0.03,0.024556705477197936,0.125
4.000235278717922,1.4550922276268758,0.125,364.9327118675352,4.297658834668396,2.286000000000002,0.02456501728265297,2.286000000000002,0.03,0.024556705477197936,0.125
4.000362764648627,1.455884172724048,0.125,364.9112318091654,4.297569884797638,2.287000000000002,0.024565017282652965,2.287000000000002,0.03,0.024556705477197936,0.125
4.000490264616099,1.4566763969802468,0.125,364.8900010284066,4.297480711954633,2.288000000000002,0.024565017282652965,2.288000000000002,0.03,0.024556705477197936,0.125
4.000617729354433,1.4574687418027128,0.125,364.868931943147,4.2973912776279635,2.289000000000002,0.024565017282652965,2.289000000000002,0.03,0.024556705477197936,0.125
4.000745158719417,1.4582612076849817,0.125,364.848025215284,4.29730158074725,2.290000000000002,0.024565017282652965,2.290000000000002,0.03,0.024556705477197936,0.125
4.000872552566055,1.4590537951232867,0.125,364.82728151033257,4.297211620236265,2.291000000000002,0.02456501728265297,2.291000000000002,0.03,0.024556705477197936,0.125
4.000999910748557,1.4598465046165758,0.125,364.80670149745004,4.29712139501289,2.292000000000002,0.024565017282652965,2.292000000000002,0.03,0.024556705477197936,0.125
4.001127233120328,1.4606393366665331,0.125,364.7862858494609,4.297030903989072,2.293000000000002,0.024565017282652965,2.293000000000002,0.03,0.024556705477197936,0.125
4.001254519533977,1.4614322917775953,0.125,364.7660352428821,4.2969401460707966,2.294000000000002,0.024565017282652965,2.294000000000002,0.03,0.024556705477197936,0.125
4.001381769841297,1.4622253704569712,0.125,364.74595035794846,4.29684912015803,2.295000000000002,0.024565017282652965,2.295000000000002,0.03,0.024556705477197936,0.125
4.001508983893268,1.4630185732146601,0.125,364.72603187863797,4.2967578251446845,2.296000000000002,0.024565017282652965,2.296000000000002,0.03,0.024556705477197936,0.125
4.001636161540047,1.4638119005634722,0.125,364.70628049269783,4.296666259918579,2.297000000000002,0.02456501728265297,2.297000000000002,0.03,0.024556705477197936,0.125
4.001763302630968,1.4646053530190482,0.125,364.6866968916705,4.296574423361397,2.298000000000002,0.024565017282652965,2.298000000000002,0.03,0.024556705477197936,0.125
4.001890407014528,1.4653989310998774,0.125,364.6672817709196,4.296482314348641,2.299000000000002,0.024565017282652965,2.299000000000002,0.03,0.024556705477197936,0.125
4.0020174745383885,1.4661926353273176,0.125,364.6480358296567,4.296389931749589,2.300000000000002,0.024565017282652965,2.300000000000002,0.03,0.024556705477197936,0.125
4.002139467528707,1.4669452573330803,0.125,364.65116629270517,4.296310115962428,2.301000000000002,0.024565017321340088,2.301000000000002,0.03,0.024556705477197936,0.125
4.0022614287496845,1.4676979747482133,0.125,364.6544080735015,4.29623007768369,2.3020000000000014,0.024565017360027218,2.302000000000002,0.03,0.024556705477197936,0.125
4.002383358078178,1.4684507879425377,0.125,364.6577616035302,4.296149816050961,2.303000000000002,0.024565017398714337,2.303000000000002,0.03,0.024556705477197936,0.125
4.002505255390406,1.4692036972877884,0.125,364.6612273165087,4.29606933019737,2.304000000000002,0.024565017437401464,2.304000000000002,0.03,0.024556705477197936,0.125
4.002627120561949,1.4699567031576266,0.125,364.6648056484018,4.295988619251548,2.3050000000000015,0.024565017476088583,2.305000000000002,0.03,0.024556705477197936,0.125
4.002748953467738,1.470709805927652,0.125,364.66849703743605,4.295907682337609,2.306000000000001,0.02456501751477571,2.306000000000002,0.03,0.024556705477197936,0.125
4.002870753982059,1.4714630059754166,0.125,364.6723019241148,4.295826518575119,2.307000000000002,0.024565017553462833,2.307000000000002,0.03,0.024556705477197936,0.125
4.00299252197854,1.4722163036804345,0.125,364.6762207512328,4.295745127079058,2.3080000000000025,0.02456501759214996,2.308000000000002,0.03,0.024556705477197936,0.125
4.003114257330151,1.4729696994241976,0.125,364.6802539638909,4.295663506959799,2.309000000000002,0.024565017630837085,2.309000000000002,0.03,0.024556705477197936,0.125
4.003235959909202,1.4737231935901876,0.125,364.6844020095117,4.295581657323077,2.310000000000002,0.02456501766952421,2.310000000000002,0.03,0.024556705477197936,0.125
4.003357629587334,1.4744767865638888,0.125,364.688665337854,4.295499577269956,2.311000000000002,0.024565017708211328,2.311000000000002,0.03,0.024556705477197936,0.125
4.0034792662355185,1.4752304787328003,0.125,364.69304440102854,4.295417265896799,2.3120000000000016,0.024565017746898458,2.312000000000002,0.03,0.024556705477197936,0.125
4.00360086972405,1.475984270486451,0.125,364.6975396535132,4.295334722295236,2.3130000000000015,0.02456501778558558,2.313000000000002,0.03,0.024556705477197936,0.125
4.0037224399225435,1.476738162216412,0.125,364.70215155216863,4.295251945552137,2.314000000000002,0.024565017824272704,2.314000000000002,0.03,0.024556705477197936,0.125
4.003843976699929,1.4774921543163098,0.125,364.70688055625374,4.29516893474958,2.315000000000002,0.02456501786295983,2.315000000000002,0.03,0.024556705477197936,0.125
4.0039654799244495,1.4782462471818392,0.125,364.7117271274416,4.295085688964814,2.316000000000002,0.024565017901646953,2.316000000000002,0.03,0.024556705477197936,0.125
4.004086949463652,1.4790004412107784,0.125,364.71669172983496,4.295002207270233,2.3170000000000015,0.02456501794033408,2.317000000000002,0.03,0.024556705477197936,0.125
4.004208385184387,1.4797547368030028,0.125,364.72177482998313,4.2949184887333445,2.318000000000002,0.0245650179790212,2.318000000000002,0.03,0.024556705477197936,0.125
4.004329786952803,1.4805091343604977,0.125,364.72697689689704,4.29483453241673,2.319000000000002,0.02456501801770833,2.319000000000002,0.03,0.024556705477197936,0.125
4.004451154634337,1.4812636342873704,0.125,364.7322984020661,4.29475033737802,2.320000000000002,0.02456501805639545,2.320000000000002,0.03,0.024556705477197936,0.125
4.00457248809372,1.4820182369898693,0.125,364.7377398194747,4.29466590266986,2.321000000000002,0.024565018095082575,2.321000000000002,0.03,0.024556705477197936,0.125
4.004693787194962,1.4827729428763945,0.125,364.74330162561836,4.294581227339876,2.322000000000002,0.024565018133769698,2.322000000000002,0.03,0.024556705477197936,0.125
4.004815051801353,1.4835277523575123,0.125,364.74898429952054,4.294496310430638,2.323000000000002,0.02456501817245682,2.323000000000002,0.03,0.024556705477197936,0.125
4.004936281775457,1.4842826658459694,0.125,364.7547883227494,4.294411150979633,2.324000000000002,0.024565018211143944,2.324000000000002,0.03,0.024556705477197936,0.125
4.005057476979106,1.4850376837567094,0.125,364.76071417943507,4.294325748019227,2.325000000000002,0.024565018249831067,2.325000000000002,0.03,0.024556705477197936,0.125
4.0051786372733975,1.485792806506886,0.125,364.766762356286,4.2942401005766335,2.326000000000002,0.024565018288518196,2.326000000000002,0.03,0.024556705477197936,0.125
4.005299762518686,1.4865480345158766,0.125,364.77293334260673,4.294154207673874,2.327000000000002,0.024565018327205316,2.327000000000002,0.03,0.024556705477197936,0.125
4.005420852574582,1.4873033682052996,0.125,364.77922763031484,4.294068068327749,2.3280000000000016,0.024565018365892446,2.328000000000002,0.03,0.024556705477197936,0.125
4.005541907299946,1.4880588079990276,0.125,364.785645713959,4.293981681549803,2.3290000000000015,0.024565018404579565,2.329000000000002,0.03,0.024556705477197936,0.125
4.00566292655288,1.4888143543232035,0.125,364.79218809073603,4.293895046346283,2.330000000000002,0.024565018443266688,2.330000000000002,0.03,0.024556705477197936,0.125
4.005783910190726,1.4895700076062548,0.125,364.7988552605085,4.293808161718111,2.331000000000002,0.024565018481953815,2.331000000000002,0.03,0.024556705477197936,0.125
4.005904858070061,1.4903257682789088,0.125,364.80564772582346,4.293721026660845,2.332000000000002,0.024565018520640934,2.332000000000002,0.03,0.024556705477197936,0.125
4.0060257700466915,1.4910816367742101,0.125,364.81256599192955,4.293633640164636,2.333000000000002,0.024565018559328064,2.333000000000002,0.03,0.024556705477197936,0.125
4.006146645975646,1.4918376135275342,0.125,364.8196105667958,4.293546001214206,2.334000000000002,0.024565018598015187,2.334000000000002,0.03,0.024556705477197936,0.125
4.006267485711171,1.4925936989766029,0.125,364.8267819611297,4.293458108788799,2.335000000000002,0.024565018636702317,2.335000000000002,0.03,0.024556705477197936,0.125
4.006388289106728,1.4933498935615022,0.125,364.8340806883958,4.29336996186215,2.336000000000002,0.024565018675389436,2.336000000000002,0.03,0.024556705477197936,0.125
4.006509056014985,1.4941061977246957,0.125,364.8415072648339,4.293281559402447,2.337000000000002,0.02456501871407656,2.337000000000002,0.03,0.024556705477197936,0.125
4.006629786287815,1.494862611911044,0.125,364.84906220947886,4.293192900372293,2.338000000000002,0.024565018752763686,2.338000000000002,0.03,0.024556705477197936,0.125
4.006750479776281,1.4956191365678173,0.125,364.85674604417824,4.293103983728664,2.3390000000000017,0.024565018791450805,2.339000000000002,0.03,0.024556705477197936,0.125
4.006871136330649,1.496375772144714,0.125,364.8645592936124,4.29301480842288,2.3400000000000016,0.02456501883013793,2.340000000000002,0.03,0.024556705477197936,0.125
4.006991755800361,1.4971325190938767,0.125,364.87250248531336,4.292925373400559,2.341000000000002,0.024565018868825058,2.341000000000002,0.03,0.024556705477197936,0.125
4.007112384925206,1.4978895811341797,0.125,364.88063058090256,4.292835661906716,2.3420000000000014,0.024565018907512184,2.342000000000002,0.03,0.024556705477197936,0.125
4.007233390362383,1.4986485400257517,0.125,364.8893724581655,4.292745558846872,2.343000000000002,0.024565018946199304,2.343000000000002,0.03,0.024556705477197936,0.125
4.007354354587262,1.4994075798093611,0.125,364.8982462573311,4.292655210038978,2.3440000000000025,0.02456501898488643,2.344000000000002,0.03,0.024556705477197936,0.125
4.00747527743334,1.5001667008118278,0.125,364.9072525113891,4.292564614490164,2.3450000000000024,0.024565019023573553,2.345000000000002,0.03,0.024556705477197936,0.125
4.007596158733211,1.5009259033617333,0.125,364.916391756204,4.292473771202205,2.346000000000002,0.024565019062260676,2.346000000000002,0.03,0.024556705477197936,0.125
4.00771699831857,1.5016851877894357,0.125,364.9256645305353,4.292382679171486,2.347000000000002,0.0245650191009478,2.347000000000002,0.03,0.024556705477197936,0.125
4.007837796020198,1.5024445544270784,0.125,364.93507137605593,4.29229133738896,2.348000000000002,0.024565019139634922,2.348000000000002,0.03,0.024556705477197936,0.125
4.007958551667959,1.5032040036086038,0.125,364.9446128373731,4.292199744840119,2.349000000000002,0.02456501917832205,2.349000000000002,0.03,0.024556705477197936,0.125
4.008079265090796,1.5039635356697658,0.125,364.9542894620472,4.292107900504949,2.3500000000000014,0.024565019217009175,2.350000000000002,0.03,0.024556705477197936,0.125
4.008199936116722,1.504723150948143,0.125,364.96410180061264,4.292015803357899,2.3510000000000018,0.024565019255696298,2.351000000000002,0.03,0.024556705477197936,0.125
4.0083205645728155,1.5054828497831467,0.125,364.97405040659766,4.29192345236784,2.3520000000000016,0.02456501929438342,2.352000000000002,0.03,0.024556705477197936,0.125
4.008441150285214,1.5062426325160392,0.125,364.98413583654474,4.291830846498027,2.3530000000000015,0.024565019333070544,2.353000000000002,0.03,0.024556705477197936,0.125
4.008561693079106,1.5070024994899431,0.125,364.99435865003124,4.291737984706066,2.354000000000002,0.02456501937175767,2.354000000000002,0.03,0.024556705477197936,0.125
4.008682192778724,1.5077624510498542,0.125,365.0047194096899,4.291644865943864,2.355000000000002,0.024565019410444797,2.355000000000002,0.03,0.024556705477197936,0.125
4.0088026492073405,1.5085224875426544,0.125,365.01521868123024,4.2915514891576025,2.356000000000002,0.02456501944913192,2.356000000000002,0.03,0.024556705477197936,0.125
4.008923062187264,1.5092826093171257,0.125,365.025857033459,4.2914578532876915,2.357000000000002,0.024565019487819043,2.357000000000002,0.03,0.024556705477197936,0.125
4.009043431539821,1.5100428167239621,0.125,365.03663503830165,4.2913639572687305,2.358000000000002,0.024565019526506165,2.358000000000002,0.03,0.024556705477197936,0.125
4.009163757085366,1.5108031101157833,0.125,365.04755327082387,4.29126980002947,2.359000000000002,0.02456501956519329,2.359000000000002,0.03,0.024556705477197936,0.125
4.009284038643257,1.5115634898471468,0.125,365.05861230925296,4.291175380492771,2.360000000000002,0.024565019603880415,2.360000000000002,0.03,0.024556705477197936,0.125
4.009404276031865,1.5123239562745636,0.125,365.06981273499986,4.291080697575564,2.361000000000002,0.024565019642567538,2.361000000000002,0.03,0.024556705477197936,0.125
4.0095244690685545,1.5130845097565089,0.125,365.0811551326807,4.290985750188811,2.362000000000002,0.024565019681254664,2.362000000000002,0.03,0.024556705477197936,0.125
4.009644617569684,1.5138451506534378,0.125,365.0926400901392,4.290890537237453,2.363000000000002,0.024565019719941787,2.363000000000002,0.03,0.024556705477197936,0.125
4.009764721350597,1.5146058793277972,0.125,365.10426819846896,4.2907950576203895,2.3640000000000017,0.024565019758628914,2.364000000000002,0.03,0.024556705477197936,0.125
4.0098847802256135,1.515366696144042,0.125,365.1160400520358,4.290699310230416,2.365000000000002,0.02456501979731604,2.365000000000002,0.03,0.024556705477197936,0.125
4.010004794008024,1.5161276014686456,0.125,365.12795624850065,4.290603293954191,2.366000000000002,0.024565019836003163,2.366000000000002,0.03,0.024556705477197936,0.125
4.010124762510085,1.5168885956701177,0.125,365.1400173888422,4.290507007672194,2.367000000000002,0.024565019874690286,2.367000000000002,0.03,0.024556705477197936,0.125
4.010244685543006,1.5176496791190157,0.125,365.1522240773801,4.2904104502586815,2.3680000000000025,0.02456501991337741,2.368000000000002,0.03,0.024556705477197936,0.125
4.010364562916947,1.5184108521879591,0.125,365.164576921798,4.290313620581641,2.369000000000002,0.024565019952064535,2.369000000000002,0.03,0.024556705477197936,0.125
4.010484394441011,1.5191721152516464,0.125,365.1770765331674,4.29021651750275,2.370000000000002,0.024565019990751658,2.370000000000002,0.03,0.024556705477197936,0.125
4.010604179923234,1.5199334686868666,0.125,365.1897235259709,4.290119139877332,2.371000000000002,0.024565020029438785,2.371000000000002,0.03,0.024556705477197936,0.125
4.010723919170579,1.5206949128725151,0.125,365.20251851812617,4.2900214865543145,2.372000000000002,0.024565020068125908,2.372000000000002,0.03,0.024556705477197936,0.125
4.010843611988927,1.521456448189608,0.125,365.21546213101004,4.289923556376174,2.373000000000002,0.02456502010681303,2.373000000000002,0.03,0.024556705477197936,0.125
4.010963258183073,1.5222180750212986,0.125,365.22855498948263,4.289825348178906,2.374000000000002,0.024565020145500154,2.374000000000002,0.03,0.024556705477197936,0.125
4.011082857556716,1.5229797937528902,0.125,365.2417977219119,4.289726860791965,2.3750000000000018,0.024565020184187276,2.375000000000002,0.03,0.024556705477197936,0.125
4.011202409912451,1.523741604771852,0.125,365.25519096019826,4.28962809303823,2.3760000000000017,0.0245650202228744,2.376000000000002,0.03,0.024556705477197936,0.125
4.011321915051759,1.524503508467835,0.125,365.2687353397994,4.289529043733951,2.3770000000000016,0.024565020261561522,2.377000000000002,0.03,0.024556705477197936,0.125
4.011441372775008,1.525265505232686,0.125,365.28243149975526,4.289429711688705,2.3780000000000014,0.02456502030024865,2.378000000000002,0.03,0.024556705477197936,0.125
4.011560782881433,1.526027595460466,0.125,365.2962800827138,4.289330095705348,2.3790000000000022,0.02456502033893577,2.3790000000000022,0.03,0.024556705477197936,0.125
4.011680145169137,1.5267897795474605,0.125,365.31028173495565,4.289230194579971,2.380000000000002,0.024565020377622895,2.380000000000002,0.03,0.024556705477197936,0.125
4.011799459435079,1.527552057892201,0.125,365.3244371064206,4.289130007101844,2.381000000000002,0.02456502041631002,2.381000000000002,0.03,0.024556705477197936,0.125
4.011918725475068,1.5283144308954784,0.125,365.3387468507331,4.289029532053378,2.382000000000002,0.024565020454997148,2.382000000000002,0.03,0.024556705477197936,0.125
4.012037943083754,1.529076898960358,0.125,365.35321162522865,4.288928768210069,2.3830000000000022,0.024565020493684267,2.3830000000000022,0.03,0.024556705477197936,0.125
4.012157112054615,1.529839462492197,0.125,365.36783209097996,4.288827714340449,2.384000000000002,0.024565020532371393,2.384000000000002,0.03,0.024556705477197936,0.125
4.012276232179958,1.5306021218986607,0.125,365.3826089128235,4.288726369206042,2.3850000000000016,0.024565020571058516,2.385000000000002,0.03,0.024556705477197936,0.125
4.012395303250906,1.5313648775897393,0.125,365.39754275938697,4.28862473156131,2.3860000000000015,0.024565020609745643,2.386000000000002,0.03,0.024556705477197936,0.125
4.012514325057387,1.532127729977764,0.125,365.4126343031152,4.288522800153601,2.387000000000002,0.024565020648432766,2.3870000000000022,0.03,0.024556705477197936,0.125
4.012633297388128,1.5328906794774222,0.125,365.42788422029855,4.288420573723101,2.3880000000000017,0.024565020687119892,2.388000000000002,0.03,0.024556705477197936,0.125
4.012752220030645,1.5336537265057772,0.125,365.4432931910999,4.288318051002782,2.3890000000000016,0.024565020725807015,2.389000000000002,0.03,0.024556705477197936,0.125
4.012871092771241,1.5344168714822841,0.125,365.4588618995823,4.288215230718352,2.3900000000000015,0.02456502076449414,2.390000000000002,0.03,0.024556705477197936,0.125
4.012989915394985,1.535180114828807,0.125,365.47459103373745,4.288112111588201,2.3910000000000022,0.024565020803181264,2.3910000000000022,0.03,0.024556705477197936,0.125
4.0131088191739375,1.5359439827817518,0.125,365.490965744747,4.288008692670066,2.392000000000002,0.024565020841868387,2.392000000000002,0.03,0.024556705477197936,0.125
4.013227722574187,1.5367081143995107,0.125,365.5076131941359,4.287905008629251,2.3930000000000016,0.02456502088055551,2.393000000000002,0.03,0.024556705477197936,0.125
4.013346596734178,1.5374723913866686,0.125,365.52442023685364,4.287801062268538,2.394000000000002,0.024565020919242633,2.394000000000002,0.03,0.024556705477197936,0.125
4.013465441554646,1.538236814236697,0.125,365.5413874146561,4.28769685269745,2.3950000000000022,0.02456502095792976,2.3950000000000022,0.03,0.024556705477197936,0.125
4.013584256935886,1.539001383445303,0.125,365.55851527175446,4.287592379021483,2.396000000000002,0.024565020996616883,2.396000000000002,0.03,0.024556705477197936,0.125
4.013703042777736,1.5397660995104434,0.125,365.5758043548283,4.28748764034207,2.3970000000000016,0.024565021035304006,2.397000000000002,0.03,0.024556705477197936,0.125
4.0138217989795795,1.540530962932336,0.125,365.59325521304027,4.287382635756567,2.398000000000002,0.024565021073991132,2.398000000000002,0.03,0.024556705477197936,0.125
4.013940525440342,1.5412959742134735,0.125,365.61086839804966,4.287277364358222,2.399000000000002,0.024565021112678255,2.3990000000000022,0.03,0.024556705477197936,0.125
4.014059222058491,1.5420611338586339,0.125,365.6286444640271,4.287171825236158,2.400000000000002,0.02456502115136538,2.400000000000002,0.03,0.024556705477197936,0.125
4.014174954889933,1.542786125156853,0.125,365.6233077648474,4.28708705313456,2.401000000000002,0.024565021151365378,2.401000000000002,0.03,0.024556705477197936,0.125
4.014290639890823,1.543511217178879,0.125,365.61813818272304,4.2870019889919515,2.402000000000002,0.02456502115136538,2.402000000000002,0.03,0.024556705477197936,0.125
4.014406276865906,1.544236410335893,0.125,365.61313639987054,4.286916631616144,2.403000000000002,0.02456502115136538,2.4030000000000022,0.03,0.024556705477197936,0.125
4.014521865618861,1.5449617050413171,0.125,365.60830310222474,4.2868309798084505,2.404000000000002,0.02456502115136538,2.404000000000002,0.03,0.024556705477197936,0.125
4.014637405952294,1.5456871017108302,0.125,365.6036389794642,4.286745032363641,2.4050000000000016,0.024565021151365378,2.405000000000002,0.03,0.024556705477197936,0.125
4.014752897667733,1.546412600762384,0.125,365.5991447250369,4.286658788069897,2.4060000000000015,0.024565021151365378,2.406000000000002,0.03,0.024556705477197936,0.125
4.014868340565622,1.5471382026162168,0.125,365.594821036186,4.286572245708774,2.4070000000000022,0.024565021151365378,2.4070000000000022,0.03,0.024556705477197936,0.125
4.014983734445309,1.547863907694869,0.125,365.59066861397565,4.286485404055141,2.408000000000002,0.02456502115136538,2.408000000000002,0.03,0.024556705477197936,0.125
4.015099079105039,1.5485897164232008,0.125,365.5866881633171,4.286398261877152,2.409000000000002,0.02456502115136538,2.409000000000002,0.03,0.024556705477197936,0.125
4.015214374341953,1.5493156292284076,0.125,365.58288039299583,4.286310817936187,2.4100000000000015,0.024565021151365385,2.410000000000002,0.03,0.024556705477197936,0.125
4.015329619952074,1.5500416465400353,0.125,365.5792460156974,4.286223070986809,2.4110000000000023,0.02456502115136538,2.4110000000000023,0.03,0.024556705477197936,0.125
4.015444815730298,1.5507677687899957,0.125,365.5757857480347,4.286135019776722,2.412000000000002,0.02456502115136538,2.412000000000002,0.03,0.024556705477197936,0.125
4.015559961470393,1.551493996412585,0.125,365.572500310575,4.286046663046719,2.4130000000000016,0.02456502115136538,2.413000000000002,0.03,0.024556705477197936,0.125
4.0156750569649855,1.5522203298444996,0.125,365.5693904278672,4.2859579995306305,2.414000000000002,0.024565021151365378,2.414000000000002,0.03,0.024556705477197936,0.125
4.015790102005556,1.5529467695248518,0.125,365.5664568284693,4.285869027955287,2.415000000000002,0.02456502115136538,2.4150000000000023,0.03,0.024556705477197936,0.125
4.0159050963824265,1.5536733158951863,0.125,365.5637002449765,4.2857797470404595,2.416000000000002,0.02456502115136538,2.416000000000002,0.03,0.024556705477197936,0.125
4.016020039884759,1.5543999693994983,0.125,365.5611214140487,4.285690155498816,2.4170000000000016,0.02456502115136538,2.417000000000002,0.03,0.024556705477197936,0.125
4.0161349323005435,1.5551267304842518,0.125,365.5587210764394,4.285600252035875,2.418000000000002,0.024565021151365385,2.418000000000002,0.03,0.024556705477197936,0.125
4.016249773416587,1.555853599598392,0.125,365.5564999770233,4.28551003534995,2.4190000000000023,0.024565021151365378,2.4190000000000023,0.03,0.024556705477197936,0.125
4.016364563018513,1.5565805771933674,0.125,365.55445886482573,4.2854195041321,2.420000000000002,0.02456502115136538,2.420000000000002,0.03,0.024556705477197936,0.125
4.0164793008907465,1.557307663723145,0.125,365.5525984930515,4.285328657066081,2.421000000000002,0.02456502115136538,2.421000000000002,0.03,0.024556705477197936,0.125
4.016593986816509,1.5580348596442284,0.125,365.5509196191136,4.2852374928282995,2.422000000000002,0.024565021151365378,2.422000000000002,0.03,0.024556705477197936,0.125
4.0167086205778055,1.5587621654156758,0.125,365.54942300466325,4.2851460100877485,2.4230000000000023,0.02456502115136538,2.4230000000000023,0.03,0.024556705477197936,0.125
4.016823201955425,1.5594895814991168,0.125,365.5481094156191,4.2850542075059685,2.424000000000002,0.024565021151365378,2.424000000000002,0.03,0.024556705477197936,0.125
4.016937730728926,1.5602171083587717,0.125,365.5469796221975,4.284962083736988,2.425000000000002,0.024565021151365378,2.425000000000002,0.03,0.024556705477197936,0.125
4.017052206676622,1.5609447464614696,0.125,365.54603439894254,4.284869637427272,2.426000000000002,0.02456502115136538,2.426000000000002,0.03,0.024556705477197936,0.125
4.017166629575586,1.5616724962766655,0.125,365.5452745247565,4.284776867215673,2.4270000000000023,0.024565021151365378,2.4270000000000023,0.03,0.024556705477197936,0.125
4.017280999201631,1.5624003582764596,0.125,365.54470078293053,4.284683771733368,2.428000000000002,0.024565021151365385,2.428000000000002,0.03,0.024556705477197936,0.125
4.017395315329309,1.5631283329356171,0.125,365.5443139611756,4.284590349603816,2.429000000000002,0.024565021151365385,2.429000000000002,0.03,0.024556705477197936,0.125
4.017509577731892,1.563856420731585,0.125,365.54411485165366,4.284496599442693,2.4300000000000015,0.024565021151365385,2.430000000000002,0.03,0.024556705477197936,0.125
4.017623786181374,1.5645846221445125,0.125,365.5441042510095,4.284402519857845,2.431000000000002,0.024565021151365385,2.4310000000000023,0.03,0.024556705477197936,0.125
4.0177379404484554,1.5653129376572692,0.125,365.5442829604019,4.284308109449227,2.432000000000002,0.024565021151365378,2.432000000000002,0.03,0.024556705477197936,0.125
4.017852040302537,1.5660413677554645,0.125,365.5446517855362,4.284213366808851,2.4330000000000016,0.024565021151365385,2.433000000000002,0.03,0.024556705477197936,0.125
4.017966085511704,1.5667699129274684,0.125,365.54521153669606,4.284118290520726,2.434000000000002,0.024565021151365385,2.434000000000002,0.03,0.024556705477197936,0.125
4.018080075842729,1.5674985736644298,0.125,365.54596302877655,4.284022879160804,2.4350000000000023,0.024565021151365385,2.4350000000000023,0.03,0.024556705477197936,0.125
4.018194011061049,1.568227350460296,0.125,365.5469070813169,4.283927131296922,2.4360000000000017,0.024565021151365385,2.436000000000002,0.03,0.024556705477197936,0.125
4.01830813458192,1.5689572157056653,0.125,365.5486128546694,4.283831047791129,2.437000000000002,0.02456502115136538,2.437000000000002,0.03,0.024556705477197936,0.125
4.0184222479926905,1.5696873642851672,0.125,365.5506110728876,4.2837346404329875,2.438000000000002,0.02456502115136538,2.438000000000002,0.03,0.024556705477197936,0.125
4.018536309487111,1.570417629559504,0.125,365.55280488529667,4.2836379087058996,2.4390000000000023,0.024565021151365378,2.4390000000000023,0.03,0.024556705477197936,0.125
4.01865031885399,1.5711480120033805,0.125,365.5551950875587,4.283540851290363,2.440000000000002,0.024565021151365378,2.440000000000002,0.03,0.024556705477197936,0.125
4.018764275880992,1.571878512094081,0.125,365.55778247965685,4.283443466859699,2.441000000000002,0.024565021151365385,2.441000000000002,0.03,0.024556705477197936,0.125
4.018878180354619,1.5726091303114846,0.125,365.5605678659251,4.283345754080019,2.442000000000002,0.024565021151365385,2.442000000000002,0.03,0.024556705477197936,0.125
4.0189920320602175,1.5733398671380847,0.125,365.56355205507833,4.28324771161017,2.4430000000000023,0.024565021151365378,2.4430000000000023,0.03,0.024556705477197936,0.125
4.01910583078196,1.574070723059005,0.125,365.5667358602413,4.283149338101684,2.444000000000002,0.02456502115136538,2.444000000000002,0.03,0.024556705477197936,0.125
4.0192195763028415,1.574801698562019,0.125,365.57012009897926,4.283050632198731,2.4450000000000025,0.024565021151365385,2.445000000000002,0.03,0.024556705477197936,0.125
4.019333268404668,1.5755327941375676,0.125,365.57370559332827,4.282951592538062,2.446000000000002,0.02456502115136538,2.446000000000002,0.03,0.024556705477197936,0.125
4.019446906868054,1.5762640102787773,0.125,365.5774931698258,4.282852217748968,2.447000000000002,0.02456502115136538,2.4470000000000023,0.03,0.024556705477197936,0.125
4.0195604914724115,1.5769953474814782,0.125,365.5814836595415,4.282752506453223,2.448000000000002,0.024565021151365378,2.448000000000002,0.03,0.024556705477197936,0.125
4.019674021995936,1.5777268062442231,0.125,365.5856778981083,4.282652457265031,2.4490000000000016,0.02456502115136538,2.449000000000002,0.03,0.024556705477197936,0.125
4.019787498215609,1.578458387068306,0.125,365.5900767257539,4.282552068790977,2.450000000000002,0.02456502115136538,2.450000000000002,0.03,0.024556705477197936,0.125
4.0199009199071805,1.579190090457782,0.125,365.59468098733214,4.282451339629976,2.451000000000002,0.02456502115136538,2.4510000000000023,0.03,0.024556705477197936,0.125
4.020014286845166,1.5799219169194838,0.125,365.59949153235533,4.282350268373216,2.4520000000000017,0.024565021151365378,2.452000000000002,0.03,0.024556705477197936,0.125
4.020127598802836,1.5806538669630434,0.125,365.6045092150259,4.282248853604107,2.4530000000000016,0.024565021151365378,2.453000000000002,0.03,0.024556705477197936,0.125
4.020240855552206,1.5813859411009106,0.125,365.6097348942692,4.282147093898226,2.4540000000000024,0.02456502115136538,2.454000000000002,0.03,0.024556705477197936,0.125
4.020354056864032,1.5821181398483721,0.125,365.6151694337658,4.282044987823265,2.455000000000002,0.02456502115136538,2.4550000000000023,0.03,0.024556705477197936,0.125
4.020467202507794,1.5828504637235707,0.125,365.62081370198496,4.281942533938976,2.456000000000002,0.02456502115136538,2.456000000000002,0.03,0.024556705477197936,0.125
4.020580292251698,1.583582913247527,0.125,365.6266685722173,4.281839730797112,2.4570000000000025,0.024565021151365378,2.457000000000002,0.03,0.024556705477197936,0.125
4.020693325862658,1.5843154889441575,0.125,365.6327349226088,4.281736576941377,2.4580000000000015,0.02456502115136538,2.458000000000002,0.03,0.024556705477197936,0.125
4.0208063031062915,1.585048191340297,0.125,365.63901363619414,4.281633070907365,2.4590000000000023,0.02456502115136538,2.4590000000000023,0.03,0.024556705477197936,0.125
4.020919223746908,1.5857810209657148,0.125,365.64550560093124,4.281529211222508,2.460000000000002,0.02456502115136538,2.460000000000002,0.03,0.024556705477197936,0.125
4.0210320875475025,1.5865139783531403,0.125,365.65221170973535,4.281424996406016,2.461000000000002,0.024565021151365378,2.461000000000002,0.03,0.024556705477197936,0.125
4.021144894269744,1.5872470640382796,0.125,365.6591328605134,4.281320424968818,2.462000000000002,0.024565021151365378,2.462000000000002,0.03,0.024556705477197936,0.125
4.021257643673969,1.5879802785598396,0.125,365.6662699561997,4.281215495413512,2.4630000000000023,0.02456502115136538,2.4630000000000023,0.03,0.024556705477197936,0.125
4.021370335519167,1.5887136224595453,0.125,365.6736239047904,4.281110206234296,2.4640000000000017,0.02456502115136538,2.464000000000002,0.03,0.024556705477197936,0.125
4.021482969562978,1.5894470962821645,0.125,365.6811956193795,4.281004555916916,2.465000000000002,0.024565021151365385,2.465000000000002,0.03,0.024556705477197936,0.125
4.021595545561678,1.5901807005755275,0.125,365.68898601819427,4.280898542938605,2.466000000000002,0.024565021151365385,2.466000000000002,0.03,0.024556705477197936,0.125
4.02170806327017,1.590914435890549,0.125,365.696996024632,4.2807921657680215,2.467000000000002,0.024565021151365385,2.4670000000000023,0.03,0.024556705477197936,0.125
4.021820522441976,1.591648302781249,0.125,365.7052265672958,4.280685422865192,2.468000000000002,0.024565021151365385,2.468000000000002,0.03,0.024556705477197936,0.125
4.021932922829226,1.5923823018047758,0.125,365.71367858003157,4.280578312681447,2.469000000000002,0.024565021151365385,2.469000000000002,0.03,0.024556705477197936,0.125
4.02204526418265,1.5931164335214285,0.125,365.72235300196513,4.280470833659362,2.470000000000002,0.024565021151365385,2.470000000000002,0.03,0.024556705477197936,0.125
4.022157546251564,1.593850698494678,0.125,365.7312507775396,4.280362984232694,2.4710000000000023,0.024565021151365385,2.4710000000000023,0.03,0.024556705477197936,0.125
4.022269768783867,1.5945850972911895,0.125,365.740372856553,4.280254762826321,2.472000000000002,0.024565021151365385,2.472000000000002,0.03,0.024556705477197936,0.125
4.02238193152602,1.5953196304808464,0.125,365.74972019419613,4.280146167856173,2.473000000000002,0.024565021151365385,2.473000000000002,0.03,0.024556705477197936,0.125
4.022494034223048,1.596054298636772,0.125,365.75929375109115,4.280037197729179,2.4740000000000015,0.02456502115136538,2.474000000000002,0.03,0.024556705477197936,0.125
4.022606076618524,1.5967891023353544,0.125,365.7690944933302,4.279927850843194,2.475000000000002,0.02456502115136538,2.4750000000000023,0.03,0.024556705477197936,0.125
4.022718058454553,1.5975240421562662,0.125,365.77912339251424,4.279818125586935,2.476000000000002,0.02456502115136538,2.476000000000002,0.03,0.024556705477197936,0.125
4.02283006424524,1.5982597817704933,0.125,365.7898692322135,4.27970769663269,2.4770000000000016,0.024565021151365378,2.477000000000002,0.03,0.024556705477197936,0.125
4.022942142114074,1.5989966701447265,0.125,365.8015772932743,4.279596407677744,2.478000000000002,0.024565021151365378,2.478000000000002,0.03,0.024556705477197936,0.125
4.02305415913379,1.599733656641478,0.125,365.8134698584554,4.279484777204226,2.4790000000000023,0.024565021151365378,2.4790000000000023,0.03,0.024556705477197936,0.125
4.023166115066451,1.6004707416444297,0.125,365.82554764921355,4.279372803876713,2.480000000000002,0.024565021151365378,2.480000000000002,0.03,0.024556705477197936,0.125
4.023278009672884,1.6012079255392682,0.125,365.837811390772,4.279260486352811,2.481000000000002,0.024565021151365378,2.481000000000002,0.03,0.024556705477197936,0.125
4.023389842712658,1.6019452087136965,0.125,365.85026181214494,4.279147823283111,2.482000000000002,0.02456502115136538,2.482000000000002,0.03,0.024556705477197936,0.125
4.023501613944088,1.6026825915574465,0.125,365.86289964616253,4.279034813311139,2.483000000000002,0.024565021151365378,2.4830000000000023,0.03,0.024556705477197936,0.125
4.023613323124223,1.6034200744622924,0.125,365.8757256294954,4.278921455073309,2.484000000000002,0.02456502115136538,2.484000000000002,0.03,0.024556705477197936,0.125
4.023724970008831,1.6041576578220642,0.125,365.88874050268,4.278807747198884,2.485000000000002,0.02456502115136538,2.485000000000002,0.03,0.024556705477197936,0.125
4.023836554352406,1.6048953420326622,0.125,365.90194501014463,4.278693688309922,2.4860000000000015,0.02456502115136538,2.486000000000002,0.03,0.024556705477197936,0.125
4.023948075908143,1.6056331274920692,0.125,365.91533990023413,4.27857927702123,2.4870000000000023,0.02456502115136538,2.4870000000000023,0.03,0.024556705477197936,0.125
4.024059534427939,1.6063710146003647,0.125,365.9289259252362,4.278464511940316,2.488000000000002,0.02456502115136538,2.488000000000002,0.03,0.024556705477197936,0.125
4.0241709296623815,1.6071090037597393,0.125,365.94270384140714,4.278349391667346,2.4890000000000017,0.02456502115136538,2.489000000000002,0.03,0.024556705477197936,0.125
4.024282261360741,1.6078470953745079,0.125,365.9566744089985,4.278233914795089,2.4900000000000015,0.02456502115136538,2.490000000000002,0.03,0.024556705477197936,0.125
4.024393529270964,1.6085852898511246,0.125,365.9708383922827,4.278118079908869,2.4910000000000023,0.02456502115136538,2.4910000000000023,0.03,0.024556705477197936,0.125
4.024504733139657,1.6093235875981946,0.125,365.9851965595807,4.278001885586517,2.4920000000000018,0.02456502115136538,2.492000000000002,0.03,0.024556705477197936,0.125
4.024615872712086,1.6100619890264922,0.125,365.9997496832878,4.277885330398326,2.4930000000000017,0.024565021151365378,2.493000000000002,0.03,0.024556705477197936,0.125
4.024726947732166,1.6108004945489722,0.125,366.0144985399014,4.277768412906991,2.494000000000002,0.024565021151365378,2.494000000000002,0.03,0.024556705477197936,0.125
4.024837957942444,1.6115391045807852,0.125,366.029443910048,4.277651131667568,2.4950000000000023,0.02456502115136538,2.4950000000000023,0.03,0.024556705477197936,0.125
4.024948903084103,1.6122778195392926,0.125,366.04458657851063,4.277533485227416,2.496000000000002,0.024565021151365378,2.496000000000002,0.03,0.024556705477197936,0.125
4.025059782896942,1.613016639844081,0.125,366.05992733425666,4.27741547212615,2.4970000000000017,0.02456502115136538,2.497000000000002,0.03,0.024556705477197936,0.125
4.025170597119371,1.6137555659169773,0.125,366.0754669704658,4.2772970908955905,2.498000000000002,0.02456502115136538,2.498000000000002,0.03,0.024556705477197936,0.125
4.025281345488404,1.6144945981820638,0.125,366.09120628455804,4.277178340059703,2.4990000000000023,0.024565021151365378,2.4990000000000023,0.03,0.024556705477197936,0.125
4.0253920277396436,1.6152337370656917,0.125,366.1071460782223,4.27705921813456,2.500000000000002,0.02456502115136538,2.500000000000002,0.03,0.024556705477197936,0.125
4.025500741563785,1.6159314586883053,0.125,366.1936366466175,4.27696668539419,2.501000000000002,0.024565021170267477,2.501000000000002,0.03,0.024556705477197936,0.125
4.02560942199438,1.6166293048141693,0.125,366.2802850966916,4.276873894570478,2.502000000000002,0.024565021189169572,2.502000000000002,0.03,0.024556705477197936,0.125
4.02571806892251,1.6173272758493953,0.125,366.3670919434312,4.276780844821596,2.5030000000000023,0.02456502120807167,2.5030000000000023,0.03,0.024556705477197936,0.125
4.0258266822387725,1.6180253722018614,0.125,366.4540577040648,4.276687535302047,2.504000000000002,0.024565021226973762,2.5040000000000022,0.03,0.024556705477197936,0.125
4.025935261833292,1.618723594281225,0.125,366.5411828980756,4.276593965162653,2.5050000000000017,0.024565021245875857,2.505000000000002,0.03,0.024556705477197936,0.125
4.026043807595714,1.6194219424989311,0.125,366.62846804721335,4.276500133550527,2.506000000000001,0.024565021264777956,2.506000000000002,0.03,0.024556705477197936,0.125
4.026152319415201,1.620120417268221,0.125,366.715913675507,4.276406039609061,2.507000000000002,0.02456502128368005,2.5070000000000023,0.03,0.024556705477197936,0.125
4.026260797180432,1.620819019004144,0.125,366.803520309277,4.276311682477896,2.5080000000000027,0.02456502130258215,2.5080000000000022,0.03,0.024556705477197936,0.125
4.026369240779594,1.6215177481235648,0.125,366.8912884771476,4.276217061292909,2.5090000000000017,0.02456502132148424,2.509000000000002,0.03,0.024556705477197936,0.125
4.026477650100392,1.622216605045177,0.125,366.97921871006014,4.2761221751861935,2.510000000000002,0.02456502134038634,2.510000000000002,0.03,0.024556705477197936,0.125
4.026586025030033,1.6229155901895098,0.125,367.06731154128505,4.276027023286028,2.511000000000003,0.024565021359288435,2.5110000000000023,0.03,0.024556705477197936,0.125
4.026694365455227,1.6236147039789397,0.125,367.15556750643515,4.275931604716869,2.5120000000000022,0.024565021378190534,2.5120000000000022,0.03,0.024556705477197936,0.125
4.026802671262191,1.6243139468377006,0.125,367.24398714347814,4.275835918599318,2.5130000000000017,0.02456502139709263,2.513000000000002,0.03,0.024556705477197936,0.125
4.026910942336639,1.6250133191918934,0.125,367.33257099274994,4.275739964050111,2.5140000000000016,0.024565021415994724,2.514000000000002,0.03,0.024556705477197936,0.125
4.027019208086752,1.6257129609771659,0.125,367.4214086799276,4.275643718701996,2.515000000000002,0.02456502143489682,2.5150000000000023,0.03,0.024556705477197936,0.125
4.027127630577096,1.6264136379614256,0.125,367.51098846365795,4.275547064696811,2.5160000000000027,0.024565021453798914,2.5160000000000022,0.03,0.024556705477197936,0.125
4.027236019257297,1.6271144499046375,0.125,367.6007349995681,4.27545014049169,2.517000000000002,0.02456502147270101,2.517000000000002,0.03,0.024556705477197936,0.125
4.027344374016203,1.6278153972504867,0.125,367.69064883586606,4.2753529451983345,2.518000000000002,0.024565021491603112,2.518000000000002,0.03,0.024556705477197936,0.125
4.027452694742173,1.6285164804446064,0.125,367.7807305231653,4.275255477924548,2.5190000000000023,0.024565021510505207,2.5190000000000023,0.03,0.024556705477197936,0.125
4.027560981323074,1.629217699934586,0.125,367.87098061449785,4.275157737774214,2.520000000000002,0.0245650215294073,2.5200000000000022,0.03,0.024556705477197936,0.125
4.027669233646285,1.6299190561699852,0.125,367.96139966532854,4.275059723847277,2.5210000000000017,0.024565021548309394,2.521000000000002,0.03,0.024556705477197936,0.125
4.027777451598684,1.6306205496023416,0.125,368.0519882335673,4.274961435239716,2.522000000000002,0.02456502156721149,2.522000000000002,0.03,0.024556705477197936,0.125
4.027885635066653,1.6313221806851839,0.125,368.14274687958334,4.274862871043527,2.5230000000000024,0.024565021586113588,2.5230000000000024,0.03,0.024556705477197936,0.125
4.027993783936071,1.6320239498740403,0.125,368.2336761662182,4.274764030346699,2.524000000000002,0.02456502160501568,2.5240000000000022,0.03,0.024556705477197936,0.125
4.028101898092315,1.6327258576264538,0.125,368.32477665879975,4.274664912233193,2.5250000000000017,0.024565021623917778,2.525000000000002,0.03,0.024556705477197936,0.125
4.028209977420254,1.6334279044019886,0.125,368.41604892515613,4.2745655157829185,2.526000000000002,0.024565021642819873,2.526000000000002,0.03,0.024556705477197936,0.125
4.028318021804247,1.6341300906622451,0.125,368.50749353562884,4.274465840071712,2.5270000000000024,0.024565021661721965,2.5270000000000024,0.03,0.024556705477197936,0.125
4.02842603112814,1.634832416870867,0.125,368.59911106308743,4.2743658841713135,2.5280000000000022,0.02456502168062407,2.5280000000000022,0.03,0.024556705477197936,0.125
4.028534005275266,1.6355348834935581,0.125,368.69090208294307,4.274265647149346,2.5290000000000017,0.024565021699526166,2.529000000000002,0.03,0.024556705477197936,0.125
4.028641944128438,1.6362374909980888,0.125,368.7828671731629,4.274165128069289,2.530000000000002,0.02456502171842826,2.530000000000002,0.03,0.024556705477197936,0.125
4.028749847569946,1.6369402398543107,0.125,368.87500691428414,4.274064325990459,2.5310000000000024,0.02456502173733036,2.5310000000000024,0.03,0.024556705477197936,0.125
4.0288577154815615,1.6376431305341659,0.125,368.9673218894283,4.273963239967984,2.5320000000000022,0.024565021756232448,2.5320000000000022,0.03,0.024556705477197936,0.125
4.028965547744523,1.6383461635117003,0.125,369.05981268431566,4.273861869052783,2.5330000000000017,0.024565021775134546,2.533000000000002,0.03,0.024556705477197936,0.125
4.029073344239544,1.6390493392630758,0.125,369.15247988728004,4.273760212291536,2.534000000000002,0.024565021794036645,2.534000000000002,0.03,0.024556705477197936,0.125
4.0291811048468,1.6397526582665791,0.125,369.2453240892828,4.2736582687266695,2.535000000000002,0.02456502181293874,2.5350000000000024,0.03,0.024556705477197936,0.125
4.029288829445938,1.640456121002638,0.125,369.3383458839279,4.273556037396326,2.5360000000000023,0.02456502183184084,2.5360000000000023,0.03,0.024556705477197936,0.125
4.029396517916057,1.6411597279538288,0.125,369.43154586747687,4.273453517334342,2.537000000000002,0.02456502185074293,2.537000000000002,0.03,0.024556705477197936,0.125
4.029504170135723,1.6418634796048919,0.125,369.5249246388632,4.273350707570227,2.538000000000002,0.024565021869645026,2.538000000000002,0.03,0.024556705477197936,0.125
4.029611785982951,1.642567376442742,0.125,369.61848279970786,4.2732476071291305,2.539000000000002,0.02456502188854712,2.5390000000000024,0.03,0.024556705477197936,0.125
4.029719365335211,1.6432714189564812,0.125,369.7122209543338,4.273144215031827,2.5400000000000023,0.02456502190744922,2.5400000000000023,0.03,0.024556705477197936,0.125
4.029826908069423,1.6439756076374108,0.125,369.80613970978175,4.273040530294689,2.541000000000002,0.024565021926351314,2.541000000000002,0.03,0.024556705477197936,0.125
4.029934414061949,1.6446799429790437,0.125,369.90023967582516,4.272936551929659,2.5420000000000016,0.02456502194525341,2.542000000000002,0.03,0.024556705477197936,0.125
4.030041883188598,1.645384425477118,0.125,369.99452146498544,4.272832278944224,2.543000000000003,0.024565021964155505,2.5430000000000024,0.03,0.024556705477197936,0.125
4.030149315324614,1.6460890556296062,0.125,370.088985692548,4.272727710341398,2.5440000000000023,0.0245650219830576,2.5440000000000023,0.03,0.024556705477197936,0.125
4.030256710344683,1.646793833936733,0.125,370.18363297657737,4.272622845119687,2.545000000000002,0.0245650220019597,2.545000000000002,0.03,0.024556705477197936,0.125
4.030364068122919,1.6474987609009828,0.125,370.27846393793294,4.272517682273071,2.546000000000002,0.024565022020861794,2.546000000000002,0.03,0.024556705477197936,0.125
4.030471388532872,1.6482038370271173,0.125,370.3734792002852,4.272412220790972,2.5470000000000024,0.02456502203976389,2.5470000000000024,0.03,0.024556705477197936,0.125
4.030578671447512,1.6489090628221836,0.125,370.4686793901312,4.272306459658238,2.548000000000002,0.024565022058665984,2.5480000000000023,0.03,0.024556705477197936,0.125
4.0306859167392375,1.6496144387955314,0.125,370.5640651368108,4.272200397855104,2.549000000000002,0.024565022077568083,2.549000000000002,0.03,0.024556705477197936,0.125
4.030793124279866,1.6503199654588225,0.125,370.65963707252274,4.272094034357177,2.5500000000000016,0.024565022096470178,2.550000000000002,0.03,0.024556705477197936,0.125
4.030900293940632,1.651025643326048,0.125,370.755395832341,4.2719873681354015,2.551000000000002,0.024565022115372273,2.5510000000000024,0.03,0.024556705477197936,0.125
4.031007425592183,1.6517314729135368,0.125,370.8513420542308,4.271880398156039,2.5520000000000023,0.024565022134274368,2.5520000000000023,0.03,0.024556705477197936,0.125
4.031114521641435,1.6524374687113215,0.125,370.947485807095,4.271773119562542,2.553000000000002,0.024565022153176463,2.553000000000002,0.03,0.024556705477197936,0.125
4.031221771295967,1.653144669892992,0.125,371.04452800550666,4.271665250445329,2.554000000000002,0.02456502217207856,2.554000000000002,0.03,0.024556705477197936,0.125
4.03132898473748,1.6538520282806703,0.125,371.1417610053876,4.2715570792724,2.555000000000002,0.024565022190980654,2.5550000000000024,0.03,0.024556705477197936,0.125
4.031436161844452,1.654559544401909,0.125,371.23918544703054,4.271448605030111,2.556000000000002,0.02456502220988275,2.5560000000000023,0.03,0.024556705477197936,0.125
4.031543302494813,1.6552672187866242,0.125,371.3368019735963,4.271339826700282,2.557000000000002,0.024565022228784848,2.557000000000002,0.03,0.024556705477197936,0.125
4.031650406565949,1.6559750519671086,0.125,371.43461123112996,4.271230743260167,2.558000000000002,0.024565022247686946,2.558000000000002,0.03,0.024556705477197936,0.125
4.031757473934693,1.656683044478044,0.125,371.53261386857696,4.271121353682427,2.5590000000000024,0.02456502226658904,2.5590000000000024,0.03,0.024556705477197936,0.125
4.0318645044773245,1.6573911968565151,0.125,371.6308105377995,4.271011656935107,2.560000000000002,0.024565022285491137,2.5600000000000023,0.03,0.024556705477197936,0.125
4.031971498069569,1.658099509642025,0.125,371.72920189359274,4.2709016519816085,2.561000000000002,0.02456502230439323,2.561000000000002,0.03,0.024556705477197936,0.125
4.032078454586588,1.6588079833765046,0.125,371.82778859370165,4.27079133778066,2.5620000000000016,0.024565022323295327,2.562000000000002,0.03,0.024556705477197936,0.125
4.032185373902986,1.6595166186043304,0.125,371.9265712988372,4.270680713286299,2.563000000000002,0.024565022342197422,2.5630000000000024,0.03,0.024556705477197936,0.125
4.032292255892794,1.6602254158723366,0.125,372.0255506726936,4.270569777447838,2.5640000000000023,0.024565022361099517,2.5640000000000023,0.03,0.024556705477197936,0.125
4.032399100429479,1.6609343757298283,0.125,372.1247273819649,4.270458529209841,2.565000000000002,0.024565022380001616,2.565000000000002,0.03,0.024556705477197936,0.125
4.032505907385934,1.6616434987285966,0.125,372.2241020963615,4.270346967512096,2.566000000000002,0.02456502239890371,2.566000000000002,0.03,0.024556705477197936,0.125
4.032612676634474,1.6623527854229323,0.125,372.32367548862834,4.270235091289591,2.5670000000000024,0.02456502241780581,2.5670000000000024,0.03,0.024556705477197936,0.125
4.032719408046841,1.6630622363696406,0.125,372.4234482345611,4.270122899472478,2.5680000000000023,0.024565022436707905,2.5680000000000023,0.03,0.024556705477197936,0.125
4.0328261014941855,1.6637718521280536,0.125,372.5234210130238,4.270010390986054,2.569000000000002,0.02456502245561,2.569000000000002,0.03,0.024556705477197936,0.125
4.03293275684708,1.6644816332600467,0.125,372.6235945059664,4.2698975647507345,2.570000000000002,0.024565022474512095,2.570000000000002,0.03,0.024556705477197936,0.125
4.033039373975505,1.6651915803300523,0.125,372.7239693984425,4.269784419682016,2.571000000000002,0.02456502249341419,2.5710000000000024,0.03,0.024556705477197936,0.125
4.03314595274885,1.6659016939050744,0.125,372.8245463786263,4.269670954690461,2.5720000000000023,0.02456502251231629,2.5720000000000023,0.03,0.024556705477197936,0.125
4.0332524930359055,1.6666119745547023,0.125,372.9253261378311,4.269557168681655,2.573000000000002,0.02456502253121838,2.573000000000002,0.03,0.024556705477197936,0.125
4.033358994704867,1.6673224228511279,0.125,373.02630937052714,4.269443060556193,2.574000000000002,0.02456502255012048,2.574000000000002,0.03,0.024556705477197936,0.125
4.033465457623325,1.6680330393691574,0.125,373.1274967743592,4.269328629209639,2.575000000000002,0.024565022569022578,2.5750000000000024,0.03,0.024556705477197936,0.125
4.033571881658263,1.6687438246862278,0.125,373.2288890501652,4.269213873532506,2.5760000000000023,0.024565022587924673,2.5760000000000023,0.03,0.024556705477197936,0.125
4.033678266676059,1.6694547793824235,0.125,373.33048690199416,4.26909879241022,2.5770000000000017,0.02456502260682676,2.577000000000002,0.03,0.024556705477197936,0.125
4.0337846125424734,1.670165904040488,0.125,373.4322910371251,4.268983384723095,2.578000000000002,0.02456502262572886,2.578000000000002,0.03,0.024556705477197936,0.125
4.033890919122655,1.6708771992458427,0.125,373.534302166085,4.268867649346305,2.5790000000000024,0.024565022644630955,2.5790000000000024,0.03,0.024556705477197936,0.125
4.033997186281127,1.671588665586599,0.125,373.6365210026677,4.268751585149849,2.5800000000000023,0.024565022663533054,2.5800000000000023,0.03,0.024556705477197936,0.125
4.034103413881793,1.672300303653577,0.125,373.73894826395286,4.268635190998529,2.581000000000002,0.02456502268243515,2.581000000000002,0.03,0.024556705477197936,0.125
4.034209601787927,1.6730121140403185,0.125,373.84158467032483,4.26851846575191,2.5820000000000016,0.024565022701337244,2.582000000000002,0.03,0.024556705477197936,0.125
4.034315749862176,1.6737240973431058,0.125,373.94443094549155,4.268401408264299,2.583000000000003,0.02456502272023934,2.5830000000000024,0.03,0.024556705477197936,0.125
4.0344218579665485,1.6744362541609716,0.125,374.04748781650363,4.268284017384709,2.5840000000000023,0.024565022739141438,2.5840000000000023,0.03,0.024556705477197936,0.125
4.034527925962415,1.6751485850957217,0.125,374.1507560137741,4.268166291956832,2.5850000000000017,0.024565022758043537,2.585000000000002,0.03,0.024556705477197936,0.125
4.034633953710508,1.6758610907519484,0.125,374.2542362710978,4.268048230819005,2.5860000000000016,0.024565022776945628,2.586000000000002,0.03,0.024556705477197936,0.125
4.034739941070911,1.676573771737045,0.125,374.3579293256704,4.2679298328041835,2.5870000000000024,0.024565022795847723,2.5870000000000024,0.03,0.024556705477197936,0.125
4.034845887903059,1.6772866286612236,0.125,374.4618359181087,4.2678110967399014,2.5880000000000023,0.024565022814749822,2.5880000000000023,0.03,0.024556705477197936,0.125
4.034951960807447,1.6780006977974824,0.125,374.5666737536517,4.267691652788969,2.5890000000000017,0.024565022833651917,2.589000000000002,0.03,0.024556705477197936,0.125
4.035058020256039,1.6787151043466577,0.125,374.6718362699892,4.267571817602637,2.5900000000000016,0.024565022852554012,2.590000000000002,0.03,0.024556705477197936,0.125
4.035164040963078,1.679429692012405,0.125,374.7772154881794,4.267451646328584,2.591000000000002,0.024565022871456108,2.5910000000000024,0.03,0.024556705477197936,0.125
4.035270022796042,1.6801444614142702,0.125,374.8828121494957,4.267331137817151,2.5920000000000023,0.024565022890358206,2.5920000000000023,0.03,0.024556705477197936,0.125
4.0353759656218005,1.6808594131746286,0.125,374.9886269985965,4.267210290913433,2.593000000000002,0.0245650229092603,2.593000000000002,0.03,0.024556705477197936,0.125
4.0354818693066195,1.6815745479187019,0.125,375.09466078354427,4.267089104457243,2.594000000000002,0.024565022928162396,2.594000000000002,0.03,0.024556705477197936,0.125
4.035587733716146,1.6822898662745718,0.125,375.2009142558251,4.266967577283084,2.5950000000000024,0.02456502294706449,2.5950000000000024,0.03,0.024556705477197936,0.125
4.035693558715417,1.6830053688731983,0.125,375.30738817036814,4.266845708220119,2.596000000000002,0.024565022965966587,2.5960000000000023,0.03,0.024556705477197936,0.125
4.035799344168849,1.683721056348436,0.125,375.4140832855656,4.266723496092141,2.5970000000000018,0.024565022984868685,2.597000000000002,0.03,0.024556705477197936,0.125
4.0359050899402344,1.6844369293370498,0.125,375.52100036329256,4.266600939717542,2.5980000000000016,0.02456502300377078,2.598000000000002,0.03,0.024556705477197936,0.125
4.03601079589274,1.6851529884787322,0.125,375.62814016892673,4.2664780379092795,2.5990000000000024,0.024565023022672872,2.5990000000000024,0.03,0.024556705477197936,0.125
4.036116461888906,1.6858692344161206,0.125,375.7355034713685,4.26635478947485,2.6000000000000023,0.02456502304157497,2.6000000000000023,0.03,0.024556705477197936,0.125
4.036219495974831,1.6865475267517642,0.125,375.66997407974975,4.266252537854694,2.601000000000002,0.02456502304157497,2.601000000000002,0.03,0.024556705477197936,0.125
4.036322508362094,1.6872259463304224,0.125,375.60455961010405,4.266150072194101,2.6020000000000016,0.02456502304157497,2.602000000000002,0.03,0.024556705477197936,0.125
4.036425498981286,1.6879044935591119,0.125,375.5392604300353,4.266047391808415,2.6030000000000024,0.024565023041574974,2.6030000000000024,0.03,0.024556705477197936,0.125
4.036528467762702,1.6885831688465853,0.125,375.4740769087171,4.265944496010057,2.604000000000002,0.02456502304157497,2.6040000000000023,0.03,0.024556705477197936,0.125
4.036631414636341,1.689261972603343,0.125,375.40900941690063,4.265841384108506,2.6050000000000018,0.024565023041574967,2.605000000000002,0.03,0.024556705477197936,0.125
4.036734339531899,1.6899409052416419,0.125,375.34405832692363,4.2657380554102895,2.6060000000000016,0.024565023041574974,2.606000000000002,0.03,0.024556705477197936,0.125
4.036837242378775,1.6906199671755051,0.125,375.2792240127186,4.265634509218964,2.6070000000000024,0.02456502304157497,2.6070000000000024,0.03,0.024556705477197936,0.125
4.036940123106063,1.69129915882073,0.125,375.2145068498214,4.265530744835101,2.6080000000000028,0.02456502304157497,2.6080000000000023,0.03,0.024556705477197936,0.125
4.03704298164255,1.691978480594899,0.125,375.14990721537976,4.265426761556265,2.609000000000002,0.02456502304157497,2.609000000000002,0.03,0.024556705477197936,0.125
4.037145817916724,1.6926579329173896,0.125,375.08542548816206,4.265322558677009,2.610000000000002,0.02456502304157497,2.610000000000002,0.03,0.024556705477197936,0.125
4.03724863185676,1.6933375162093829,0.125,375.0210620485662,4.265218135488847,2.611000000000002,0.02456502304157497,2.6110000000000024,0.03,0.024556705477197936,0.125
4.037351423390524,1.6940172308938735,0.125,374.9568172786279,4.265113491280242,2.6120000000000028,0.024565023041574974,2.6120000000000023,0.03,0.024556705477197936,0.125
4.037454192445572,1.6946970773956795,0.125,374.8926915620299,4.265008625336592,2.6130000000000018,0.02456502304157497,2.613000000000002,0.03,0.024556705477197936,0.125
4.037556938949149,1.6953770561414527,0.125,374.8286852841111,4.264903536940208,2.614000000000002,0.024565023041574974,2.614000000000002,0.03,0.024556705477197936,0.125
4.037659662828183,1.696057167559688,0.125,374.7647988318744,4.2647982253703045,2.615000000000002,0.024565023041574974,2.6150000000000024,0.03,0.024556705477197936,0.125
4.037762364009286,1.6967374120807333,0.125,374.7010325939973,4.264692689902974,2.6160000000000028,0.02456502304157497,2.6160000000000023,0.03,0.024556705477197936,0.125
4.037865042418756,1.6974177901367997,0.125,374.6373869608395,4.264586929811177,2.6170000000000018,0.02456502304157497,2.617000000000002,0.03,0.024556705477197936,0.125
4.037967697982567,1.6980983021619727,0.125,374.57386232445305,4.264480944364726,2.618000000000002,0.02456502304157497,2.618000000000002,0.03,0.024556705477197936,0.125
4.038070330626374,1.6987789485922196,0.125,374.51045907859077,4.264374732830258,2.6190000000000024,0.024565023041574978,2.6190000000000024,0.03,0.024556705477197936,0.125
4.038172940275507,1.6994597298654022,0.125,374.447177618716,4.26426829447123,2.6200000000000023,0.024565023041574974,2.6200000000000023,0.03,0.024556705477197936,0.125
4.038275526854976,1.7001406464212867,0.125,374.3840183420118,4.264161628547895,2.6210000000000018,0.02456502304157497,2.621000000000002,0.03,0.024556705477197936,0.125
4.038378090289461,1.700821698701553,0.125,374.32098164739006,4.264054734317287,2.622000000000002,0.02456502304157497,2.622000000000002,0.03,0.024556705477197936,0.125
4.038480630503313,1.701502887149807,0.125,374.2580679355012,4.263947611033199,2.6230000000000024,0.02456502304157497,2.6230000000000024,0.03,0.024556705477197936,0.125
4.038583147420554,1.7021842122115876,0.125,374.19527760874337,4.263840257946169,2.624000000000002,0.02456502304157497,2.6240000000000023,0.03,0.024556705477197936,0.125
4.038685640964877,1.7028656743343817,0.125,374.1326110712725,4.263732674303466,2.6250000000000018,0.024565023041574974,2.625000000000002,0.03,0.024556705477197936,0.125
4.038788111059637,1.703547273967632,0.125,374.0700687290113,4.263624859349064,2.626000000000002,0.02456502304157497,2.626000000000002,0.03,0.024556705477197936,0.125
4.038890557627856,1.7042290115627488,0.125,374.0076509896591,4.263516812323627,2.6270000000000024,0.024565023041574967,2.6270000000000024,0.03,0.024556705477197936,0.125
4.038992980592217,1.7049108875731185,0.125,373.9453582627019,4.263408532464497,2.6280000000000023,0.024565023041574974,2.6280000000000023,0.03,0.024556705477197936,0.125
4.039095379875065,1.705592902454119,0.125,373.88319095942194,4.263300019005663,2.629000000000002,0.02456502304157497,2.6290000000000022,0.03,0.024556705477197936,0.125
4.039197755398407,1.7062750566631266,0.125,373.82114949290747,4.263191271177758,2.6300000000000017,0.02456502304157497,2.630000000000002,0.03,0.024556705477197936,0.125
4.0393001070839,1.706957350659528,0.125,373.75923427806265,4.263082288208027,2.631000000000002,0.024565023041574974,2.6310000000000024,0.03,0.024556705477197936,0.125
4.039402434852862,1.707639784904732,0.125,373.697445731618,4.262973069320319,2.6320000000000023,0.02456502304157497,2.6320000000000023,0.03,0.024556705477197936,0.125
4.039504738626262,1.7083223598621808,0.125,373.6357842721398,4.262863613735057,2.633000000000002,0.02456502304157497,2.6330000000000022,0.03,0.024556705477197936,0.125
4.03960702407784,1.7090051365310346,0.125,373.57459958679607,4.26275388308438,2.634000000000002,0.02456502304157497,2.634000000000002,0.03,0.024556705477197936,0.125
4.039709288008253,1.7096880778897614,0.125,373.51382409109726,4.262643901607676,2.635000000000002,0.02456502304157497,2.6350000000000025,0.03,0.024556705477197936,0.125
4.0398115252542866,1.710371129524881,0.125,373.4531841256874,4.262533703116304,2.6360000000000023,0.02456502304157497,2.6360000000000023,0.03,0.024556705477197936,0.125
4.0399137357323545,1.7110542917818188,0.125,373.3926801150966,4.262423286930493,2.637000000000002,0.02456502304157497,2.6370000000000022,0.03,0.024556705477197936,0.125
4.040015919358522,1.7117375650074451,0.125,373.33231248563015,4.2623126523676325,2.638000000000002,0.02456502304157497,2.638000000000002,0.03,0.024556705477197936,0.125
4.040118076048505,1.7124209495500815,0.125,373.2720816653772,4.262201798742253,2.639000000000002,0.02456502304157497,2.6390000000000025,0.03,0.024556705477197936,0.125
4.040220205717662,1.7131044457595093,0.125,373.2119880842207,4.262090725366017,2.640000000000003,0.02456502304157497,2.6400000000000023,0.03,0.024556705477197936,0.125
4.0403223082810005,1.7137880539869754,0.125,373.1520321738465,4.2619794315476955,2.6410000000000022,0.02456502304157497,2.6410000000000022,0.03,0.024556705477197936,0.125
4.0404243836531695,1.7144717745852045,0.125,373.09221436775266,4.261867916593163,2.642000000000002,0.024565023041574974,2.642000000000002,0.03,0.024556705477197936,0.125
4.040526431748458,1.7151556079084007,0.125,373.0325351012594,4.261756179805371,2.6430000000000025,0.02456502304157497,2.6430000000000025,0.03,0.024556705477197936,0.125
4.040628452480798,1.7158395543122595,0.125,372.9729948115182,4.2616442204843406,2.6440000000000023,0.02456502304157497,2.6440000000000023,0.03,0.024556705477197936,0.125
4.040730445763756,1.716523614153974,0.125,372.9135939375218,4.261532037927146,2.6450000000000022,0.02456502304157497,2.6450000000000022,0.03,0.024556705477197936,0.125
4.040832411510533,1.717207787792244,0.125,372.85433292011385,4.261419631427898,2.6460000000000017,0.02456502304157497,2.646000000000002,0.03,0.024556705477197936,0.125
4.040934349633968,1.7178920755872833,0.125,372.7952122019984,4.261307000277724,2.6470000000000025,0.02456502304157497,2.6470000000000025,0.03,0.024556705477197936,0.125
4.0410362600465275,1.7185764779008263,0.125,372.7362322277501,4.261194143764762,2.6480000000000024,0.02456502304157497,2.6480000000000024,0.03,0.024556705477197936,0.125
4.041138142660312,1.7192609950961386,0.125,372.67739344382403,4.261081061174136,2.649000000000002,0.024565023041574974,2.6490000000000022,0.03,0.024556705477197936,0.125
4.041239997387045,1.7199456275380236,0.125,372.61869629856506,4.260967751787944,2.650000000000002,0.02456502304157497,2.650000000000002,0.03,0.024556705477197936,0.125
4.04134182413808,1.7206303755928307,0.125,372.56014124221883,4.26085421488524,2.6510000000000025,0.02456502304157497,2.6510000000000025,0.03,0.024556705477197936,0.125
4.04144362282439,1.7213152396284637,0.125,372.50172872694134,4.2607404497420225,2.6520000000000024,0.02456502304157497,2.6520000000000024,0.03,0.024556705477197936,0.125
4.041545393356576,1.7220002200143885,0.125,372.44345920680854,4.2606264556312095,2.653000000000002,0.02456502304157497,2.6530000000000022,0.03,0.024556705477197936,0.125
4.041647135644853,1.7226853171216436,0.125,372.3853331378279,4.260512231822633,2.654000000000002,0.02456502304157497,2.654000000000002,0.03,0.024556705477197936,0.125
4.041748849599057,1.7233705313228451,0.125,372.32735097794716,4.260397777583012,2.655000000000002,0.02456502304157497,2.6550000000000025,0.03,0.024556705477197936,0.125
4.041850535128639,1.7240558629921976,0.125,372.26951318706585,4.260283092175947,2.6560000000000024,0.02456502304157497,2.6560000000000024,0.03,0.024556705477197936,0.125
4.041952192142664,1.724741312505502,0.125,372.21182022704505,4.260168174861891,2.6570000000000022,0.02456502304157497,2.6570000000000022,0.03,0.024556705477197936,0.125
4.042053820549808,1.725426880240163,0.125,372.15427256171796,4.260053024898142,2.658000000000002,0.02456502304157497,2.658000000000002,0.03,0.024556705477197936,0.125
4.042155420258356,1.7261125665752006,0.125,372.09687065690065,4.2599376415388255,2.6590000000000025,0.02456502304157497,2.6590000000000025,0.03,0.024556705477197936,0.125
4.042256991176204,1.726798371891254,0.125,372.0396149804026,4.25982202403487,2.6600000000000024,0.024565023041574974,2.6600000000000024,0.03,0.024556705477197936,0.125
4.042358533210851,1.7274842965705957,0.125,371.9825060020371,4.259706171634,2.661000000000002,0.02456502304157497,2.6610000000000023,0.03,0.024556705477197936,0.125
4.0424600462693965,1.7281703409971347,0.125,371.92554419363233,4.25959008358071,2.6620000000000017,0.02456502304157497,2.662000000000002,0.03,0.024556705477197936,0.125
4.0425615302585465,1.7288565055564313,0.125,371.86873002904207,4.259473759116253,2.663000000000002,0.02456502304157497,2.6630000000000025,0.03,0.024556705477197936,0.125
4.042662985084602,1.7295427906357,0.125,371.81206398415645,4.259357197478622,2.664000000000002,0.02456502304157497,2.6640000000000024,0.03,0.024556705477197936,0.125
4.042764410653465,1.7302291966238228,0.125,371.7555465369131,4.259240397902533,2.6650000000000023,0.02456502304157497,2.6650000000000023,0.03,0.024556705477197936,0.125
4.042865806870628,1.7309157239113564,0.125,371.69917816730793,4.2591233596194,2.666000000000002,0.02456502304157497,2.666000000000002,0.03,0.024556705477197936,0.125
4.042967173641178,1.731602372890541,0.125,371.64295935740654,4.259006081857327,2.667000000000002,0.02456502304157497,2.6670000000000025,0.03,0.024556705477197936,0.125
4.043068510869792,1.7322891439553096,0.125,371.5868905913552,4.25888856384109,2.6680000000000024,0.02456502304157497,2.6680000000000024,0.03,0.024556705477197936,0.125
4.0431698184607345,1.7329760375012977,0.125,371.53097235539195,4.258770804792108,2.669000000000002,0.02456502304157497,2.6690000000000023,0.03,0.024556705477197936,0.125
4.0432710963178575,1.7336630539258528,0.125,371.4752051378583,4.258652803928437,2.670000000000002,0.02456502304157497,2.670000000000002,0.03,0.024556705477197936,0.125
4.043372344344595,1.7343501936280414,0.125,371.4195894292102,4.2585345604647475,2.671000000000002,0.02456502304157497,2.6710000000000025,0.03,0.024556705477197936,0.125
4.043473562443966,1.735037457008662,0.125,371.36412572202977,4.258416073612302,2.672000000000003,0.024565023041574974,2.6720000000000024,0.03,0.024556705477197936,0.125
4.0435747505185615,1.7357248444702496,0.125,371.30881451103664,4.258297342578942,2.673000000000002,0.02456502304157497,2.6730000000000023,0.03,0.024556705477197936,0.125
4.043675908470557,1.7364123564170906,0.125,371.2536562930997,4.258178366569069,2.674000000000002,0.02456502304157497,2.674000000000002,0.03,0.024556705477197936,0.125
4.043777036201696,1.7370999932552282,0.125,371.1986515672489,4.2580591447836245,2.675000000000002,0.024565023041574974,2.6750000000000025,0.03,0.024556705477197936,0.125
4.043878133613301,1.7377877553924745,0.125,371.1438008346866,4.257939676420069,2.6760000000000024,0.024565023041574974,2.6760000000000024,0.03,0.024556705477197936,0.125
4.04397920060626,1.7384756432384179,0.125,371.08910459879985,4.257819960672365,2.677000000000002,0.024565023041574967,2.6770000000000023,0.03,0.024556705477197936,0.125
4.044080237081026,1.7391636572044338,0.125,371.034563365172,4.257699996730959,2.6780000000000017,0.02456502304157497,2.678000000000002,0.03,0.024556705477197936,0.125
4.044181242937625,1.7398517977036965,0.125,370.9801776415948,4.257579783782763,2.6790000000000025,0.02456502304157497,2.6790000000000025,0.03,0.024556705477197936,0.125
4.044282218075638,1.7405400651511846,0.125,370.9259479380807,4.2574593210111304,2.6800000000000024,0.02456502304157497,2.6800000000000024,0.03,0.024556705477197936,0.125
4.044383162394212,1.741228459963695,0.125,370.87187476687444,4.257338607595842,2.6810000000000027,0.024565023041574974,2.6810000000000023,0.03,0.024556705477197936,0.125
4.0444841031640335,1.7419186451370352,0.125,370.8193443591504,4.257216089868586,2.682000000000002,0.02456502304157497,2.682000000000002,0.03,0.024556705477197936,0.125
4.044585014374509,1.7426090533214764,0.125,370.7670528583673,4.257093230901459,2.683000000000002,0.02456502304157497,2.6830000000000025,0.03,0.024556705477197936,0.125
4.044685894775539,1.7432996157843463,0.125,370.7149432113134,4.256970094416441,2.6840000000000024,0.02456502304157497,2.6840000000000024,0.03,0.024556705477197936,0.125
4.044786744258897,1.743990333067591,0.125,370.6630160568004,4.256846679438671,2.6850000000000023,0.024565023041574974,2.6850000000000023,0.03,0.024556705477197936,0.125
4.044887562715851,1.7446812057156977,0.125,370.61127203663574,4.256722984988722,2.6860000000000017,0.02456502304157497,2.686000000000002,0.03,0.024556705477197936,0.125
4.044988350037153,1.7453722342757105,0.125,370.55971179563977,4.256599010082565,2.687000000000002,0.02456502304157497,2.6870000000000025,0.03,0.024556705477197936,0.125
4.045089106113046,1.746063419297243,0.125,370.50833598166366,4.2564747537315455,2.6880000000000024,0.02456502304157497,2.6880000000000024,0.03,0.024556705477197936,0.125
4.045189830833256,1.7467547613324963,0.125,370.45714524560725,4.256350214942358,2.6890000000000023,0.024565023041574974,2.6890000000000023,0.03,0.024556705477197936,0.125
4.045290524086988,1.7474462609362733,0.125,370.4061402414369,4.256225392717019,2.6900000000000017,0.02456502304157497,2.690000000000002,0.03,0.024556705477197936,0.125
4.0453911857629254,1.748137918665994,0.125,370.3553216262038,4.256100286052833,2.691000000000002,0.02456502304157497,2.6910000000000025,0.03,0.024556705477197936,0.125
4.045491815749226,1.7488297350817088,0.125,370.3046900600618,4.2559748939423745,2.692000000000002,0.024565023041574974,2.6920000000000024,0.03,0.024556705477197936,0.125
4.045592413933517,1.7495217107461183,0.125,370.25424620628604,4.25584921537345,2.6930000000000023,0.02456502304157497,2.6930000000000023,0.03,0.024556705477197936,0.125
4.045692980202897,1.7502138462245855,0.125,370.20399073129124,4.25572324932908,2.694000000000002,0.02456502304157497,2.694000000000002,0.03,0.024556705477197936,0.125
4.045793514443928,1.750906142085154,0.125,370.1539243046505,4.25559699478746,2.6950000000000025,0.02456502304157497,2.6950000000000025,0.03,0.024556705477197936,0.125
4.045894016542632,1.7515985988985605,0.125,370.104047599114,4.2554704507219405,2.6960000000000024,0.02456502304157497,2.6960000000000024,0.03,0.024556705477197936,0.125
4.045994486384491,1.7522912172382545,0.125,370.0543612906275,4.255343616100995,2.697000000000002,0.02456502304157497,2.6970000000000023,0.03,0.024556705477197936,0.125
4.046094923854445,1.7529839976804131,0.125,370.004866058352,4.2552164898881895,2.698000000000002,0.024565023041574974,2.698000000000002,0.03,0.024556705477197936,0.125
4.0461953288368795,1.7536769408039565,0.125,369.95556258468207,4.255089071042155,2.6990000000000025,0.02456502304157497,2.6990000000000025,0.03,0.024556705477197936,0.125
4.0462957012156355,1.7543700471905643,0.125,369.9064515552663,4.254961358516558,2.7000000000000024,0.02456502304157497,2.7000000000000024,0.03,0.024556705477197936,0.125
4.046392221641637,1.755026947884228,0.125,369.95134147148144,4.254848482392536,2.7010000000000023,0.024565022965672277,2.7010000000000023,0.03,0.024556705477197936,0.125
4.046488710961895,1.7556839545679699,0.125,369.9963646795445,4.254735375840459,2.7020000000000017,0.02456502288976958,2.702000000000002,0.03,0.024556705477197936,0.125
4.046585169079279,1.7563410675727638,0.125,370.04152159568224,4.2546220381407815,2.7030000000000025,0.024565022813866893,2.7030000000000025,0.03,0.024556705477197936,0.125
4.04668159589625,1.75699828723096,0.125,370.0868126378562,4.2545084685709496,2.704000000000003,0.024565022737964196,2.7040000000000024,0.03,0.024556705477197936,0.125
4.046777991314862,1.757655613876297,0.125,370.13223822577174,4.254394666405399,2.7050000000000023,0.0245650226620615,2.7050000000000023,0.03,0.024556705477197936,0.125
4.0468743552367625,1.7583130478439077,0.125,370.1777987808874,4.2542806309155345,2.706000000000002,0.024565022586158808,2.706000000000002,0.03,0.024556705477197936,0.125
4.046970687563186,1.758970589470326,0.125,370.22349472642344,4.254166361369714,2.707000000000002,0.024565022510256117,2.7070000000000025,0.03,0.024556705477197936,0.125
4.047066988194954,1.7596282390934928,0.125,370.2693264873717,4.254051857033235,2.7080000000000024,0.02456502243435342,2.7080000000000024,0.03,0.024556705477197936,0.125
4.047163257032472,1.7602859970527664,0.125,370.31529449050447,4.253937117168314,2.7090000000000023,0.024565022358450726,2.7090000000000023,0.03,0.024556705477197936,0.125
4.047259493975728,1.7609438636889279,0.125,370.3613991643842,4.253822141034076,2.7100000000000017,0.02456502228254803,2.710000000000002,0.03,0.024556705477197936,0.125
4.047355698924293,1.76160183934419,0.125,370.4076409393724,4.253706927886534,2.7110000000000025,0.024565022206645335,2.7110000000000025,0.03,0.024556705477197936,0.125
4.0474518717773105,1.7622599243622017,0.125,370.45402024763973,4.253591476978572,2.7120000000000024,0.024565022130742645,2.7120000000000024,0.03,0.024556705477197936,0.125
4.047548012433504,1.7629181190880598,0.125,370.5005375231747,4.253475787559935,2.7130000000000027,0.02456502205483995,2.7130000000000023,0.03,0.024556705477197936,0.125
4.047644120791166,1.763576423868314,0.125,370.547193201794,4.2533598588772055,2.714000000000002,0.024565021978937257,2.714000000000002,0.03,0.024556705477197936,0.125
4.047740196748167,1.764234839050975,0.125,370.5939877211516,4.253243690173789,2.715000000000002,0.024565021903034563,2.7150000000000025,0.03,0.024556705477197936,0.125
4.04783624020194,1.764893364985522,0.125,370.640921520749,4.253127280689898,2.716000000000002,0.02456502182713187,2.7160000000000024,0.03,0.024556705477197936,0.125
4.047932251049488,1.7655520020229114,0.125,370.68799504194425,4.253010629662536,2.717000000000002,0.024565021751229172,2.7170000000000023,0.03,0.024556705477197936,0.125
4.048028229187376,1.7662107505155837,0.125,370.7352087279624,4.252893736325479,2.7180000000000017,0.024565021675326478,2.718000000000002,0.03,0.024556705477197936,0.125
4.0481241745117345,1.7668696108174724,0.125,370.78256302390514,4.252776599909257,2.7190000000000025,0.02456502159942378,2.7190000000000025,0.03,0.024556705477197936,0.125
4.048220086918253,1.767528583284009,0.125,370.8300583767608,4.252659219641142,2.720000000000002,0.024565021523521094,2.7200000000000024,0.03,0.024556705477197936,0.125
4.048315966302174,1.7681876682721356,0.125,370.87769523541397,4.252541594745122,2.7210000000000027,0.024565021447618397,2.7210000000000023,0.03,0.024556705477197936,0.125
4.048411812558299,1.7688468661403096,0.125,370.92547405065636,4.252423724441894,2.722000000000002,0.024565021371715703,2.722000000000002,0.03,0.024556705477197936,0.125
4.048507600276217,1.7695061659648779,0.125,370.97346777447314,4.252305518000453,2.723000000000002,0.024565021295813005,2.7230000000000025,0.03,0.024556705477197936,0.125
4.048602877264337,1.7701653789335678,0.125,371.0229835194393,4.25218535524408,2.7240000000000024,0.02456502121991031,2.7240000000000024,0.03,0.024556705477197936,0.125
4.04869813421444,1.7708247355029438,0.125,371.072625940754,4.252064968742927,2.7250000000000028,0.024565021144007625,2.7250000000000023,0.03,0.024556705477197936,0.125
4.048793371072219,1.7714842360621983,0.125,371.1223953817399,4.2519443578905864,2.726000000000002,0.02456502106810493,2.726000000000002,0.03,0.024556705477197936,0.125
4.04888858778317,1.77214388100193,0.125,371.17229218696184,4.25182352207847,2.727000000000003,0.024565020992202233,2.7270000000000025,0.03,0.024556705477197936,0.125
4.048983784292592,1.7728036707141526,0.125,371.2223167022317,4.2517024606957765,2.728000000000002,0.02456502091629954,2.7280000000000024,0.03,0.024556705477197936,0.125
4.049078960545585,1.7734636055922997,0.125,371.2724692746144,4.251581173129497,2.729000000000002,0.02456502084039684,2.7290000000000023,0.03,0.024556705477197936,0.125
4.049174116487048,1.7741236860312328,0.125,371.32275025243393,4.251459658764395,2.7300000000000018,0.02456502076449415,2.730000000000002,0.03,0.024556705477197936,0.125
4.049269252061686,1.7747839124272466,0.125,371.37315998527845,4.251337916983005,2.7310000000000025,0.024565020688591455,2.7310000000000025,0.03,0.024556705477197936,0.125
4.049364367213997,1.775444285178074,0.125,371.42369882400635,4.251215947165615,2.7320000000000024,0.02456502061268876,2.7320000000000024,0.03,0.024556705477197936,0.125
4.04945946188828,1.7761048046828958,0.125,371.47436712075194,4.25109374869026,2.7330000000000023,0.024565020536786074,2.7330000000000023,0.03,0.024556705477197936,0.125
4.049554536028629,1.776765471342346,0.125,371.5251652289312,4.2509713209327105,2.734000000000002,0.024565020460883373,2.734000000000002,0.03,0.024556705477197936,0.125
4.049649589578939,1.7774262855585177,0.125,371.57609350324793,4.250848663266467,2.735000000000002,0.02456502038498068,2.7350000000000025,0.03,0.024556705477197936,0.125
4.049744622482895,1.77808724773497,0.125,371.6271522996992,4.2507257750627385,2.736000000000002,0.024565020309077982,2.7360000000000024,0.03,0.024556705477197936,0.125
4.0498396346839804,1.7787483582767354,0.125,371.67834197558153,4.250602655690445,2.7370000000000023,0.02456502023317529,2.7370000000000023,0.03,0.024556705477197936,0.125
4.049934626125468,1.7794096175903256,0.125,371.7296628894967,4.250479304516197,2.7380000000000018,0.024565020157272598,2.738000000000002,0.03,0.024556705477197936,0.125
4.05002959675043,1.7800710260837402,0.125,371.78111540135774,4.250355720904291,2.7390000000000025,0.024565020081369904,2.7390000000000025,0.03,0.024556705477197936,0.125
4.050124546501722,1.7807325841664698,0.125,371.832699872395,4.250231904216695,2.7400000000000024,0.02456502000546721,2.7400000000000024,0.03,0.024556705477197936,0.125
4.050219475321995,1.7813942922495065,0.125,371.884416665162,4.250107853813044,2.7410000000000028,0.024565019929564516,2.7410000000000023,0.03,0.024556705477197936,0.125
4.050314383153692,1.782056150745349,0.125,371.9362661435417,4.2499835690506185,2.7420000000000018,0.024565019853661822,2.742000000000002,0.03,0.024556705477197936,0.125
4.050409269939038,1.782718160068011,0.125,371.9882486727527,4.249859049284346,2.7430000000000025,0.02456501977775913,2.7430000000000025,0.03,0.024556705477197936,0.125
4.050504135620052,1.7833803206330248,0.125,372.04036461935476,4.249734293866782,2.7440000000000024,0.024565019701856435,2.7440000000000024,0.03,0.024556705477197936,0.125
4.0505989801385365,1.7840426328574521,0.125,372.09261435125575,4.249609302148102,2.7450000000000023,0.02456501962595374,2.7450000000000023,0.03,0.024556705477197936,0.125
4.05069380343608,1.784705097159889,0.125,372.1449982377173,4.249484073476088,2.7460000000000018,0.024565019550051047,2.746000000000002,0.03,0.024556705477197936,0.125
4.050788605454057,1.785367713960474,0.125,372.1975166493614,4.249358607196122,2.747000000000002,0.024565019474148353,2.7470000000000026,0.03,0.024556705477197936,0.125
4.050883386133626,1.7860304836808938,0.125,372.25016995817623,4.249232902651173,2.748000000000002,0.024565019398245652,2.7480000000000024,0.03,0.024556705477197936,0.125
4.050978145415727,1.7866934067443914,0.125,372.3029585375231,4.249106959181781,2.7490000000000023,0.024565019322342962,2.7490000000000023,0.03,0.024556705477197936,0.125
4.0510728832410825,1.7873564835757743,0.125,372.35588276214213,4.248980776126056,2.750000000000002,0.024565019246440268,2.750000000000002,0.03,0.024556705477197936,0.125
4.051167599550197,1.788019714601419,0.125,372.408943008159,4.2488543528196585,2.7510000000000026,0.024565019170537574,2.7510000000000026,0.03,0.024556705477197936,0.125
4.051262294283351,1.7886831002492805,0.125,372.4621396530912,4.248727688595787,2.752000000000003,0.024565019094634884,2.7520000000000024,0.03,0.024556705477197936,0.125
4.051356967380609,1.7893466409488994,0.125,372.5154730758546,4.248600782785176,2.753000000000002,0.024565019018732186,2.7530000000000023,0.03,0.024556705477197936,0.125
4.051451618781811,1.7900103371314078,0.125,372.56894365677,4.248473634716076,2.7540000000000022,0.024565018942829493,2.7540000000000022,0.03,0.024556705477197936,0.125
4.051546248426571,1.7906741892295388,0.125,372.6225517775693,4.248346243714243,2.7550000000000026,0.024565018866926795,2.7550000000000026,0.03,0.024556705477197936,0.125
4.051640856254285,1.7913381976776317,0.125,372.67629782140244,4.248218609102931,2.7560000000000024,0.024565018791024105,2.7560000000000024,0.03,0.024556705477197936,0.125
4.051735442204118,1.7920023629116413,0.125,372.7301821728436,4.248090730202879,2.7570000000000023,0.02456501871512141,2.7570000000000023,0.03,0.024556705477197936,0.125
4.05183000621501,1.7926666853691449,0.125,372.78420521789843,4.247962606332296,2.7580000000000022,0.024565018639218714,2.7580000000000022,0.03,0.024556705477197936,0.125
4.051924548225674,1.7933311654893491,0.125,372.83836734401,4.247834236806851,2.7590000000000026,0.02456501856331602,2.7590000000000026,0.03,0.024556705477197936,0.125
4.052019068174595,1.7939958037130974,0.125,372.8926689400659,4.247705620939662,2.760000000000002,0.02456501848741333,2.7600000000000025,0.03,0.024556705477197936,0.125
4.052113552817984,1.7946611020622825,0.125,372.9475174987315,4.247576203905748,2.761000000000002,0.024565018411510632,2.7610000000000023,0.03,0.024556705477197936,0.125
4.0522080003521905,1.7953270705706614,0.125,373.0029222500781,4.2474459684608155,2.7620000000000022,0.024565018335607938,2.7620000000000022,0.03,0.024556705477197936,0.125
4.052302423597727,1.7959932001513383,0.125,373.0584703897016,4.247315474799298,2.7630000000000026,0.024565018259705244,2.7630000000000026,0.03,0.024556705477197936,0.125
4.052396822484002,1.796659491272441,0.125,373.1141623343349,4.247184722170733,2.7640000000000025,0.02456501818380255,2.7640000000000025,0.03,0.024556705477197936,0.125
4.05249119694015,1.7973259444039136,0.125,373.16999850232736,4.247053709821748,2.7650000000000023,0.024565018107899857,2.7650000000000023,0.03,0.024556705477197936,0.125
4.052585546895033,1.797992560017526,0.125,373.22597931365266,4.246922436996048,2.7660000000000022,0.024565018031997163,2.7660000000000022,0.03,0.024556705477197936,0.125
4.052679872277234,1.7986593385868794,0.125,373.28210518991665,4.246790902934395,2.767000000000002,0.02456501795609447,2.7670000000000026,0.03,0.024556705477197936,0.125
4.0527741730150595,1.7993262805874188,0.125,373.3383765543653,4.246659106874597,2.7680000000000025,0.024565017880191775,2.7680000000000025,0.03,0.024556705477197936,0.125
4.052868449036535,1.7999933864964406,0.125,373.3947938318927,4.246527048051499,2.769000000000002,0.02456501780428908,2.7690000000000023,0.03,0.024556705477197936,0.125
4.052962700269408,1.8006606567931012,0.125,373.451357449049,4.246394725696959,2.7700000000000022,0.024565017728386387,2.7700000000000022,0.03,0.024556705477197936,0.125
4.053056926641141,1.8013280919584265,0.125,373.5080678340487,4.24626213903984,2.7710000000000026,0.024565017652483694,2.7710000000000026,0.03,0.024556705477197936,0.125
4.053151128078918,1.801995692475321,0.125,373.56492541677835,4.246129287305992,2.7720000000000025,0.024565017576581,2.7720000000000025,0.03,0.024556705477197936,0.125
4.053245304509633,1.8026634588285766,0.125,373.62193062880533,4.245996169718241,2.773000000000002,0.024565017500678302,2.7730000000000024,0.03,0.024556705477197936,0.125
4.053339455859898,1.8033313915048834,0.125,373.67908390338573,4.245862785496371,2.774000000000002,0.024565017424775612,2.7740000000000022,0.03,0.024556705477197936,0.125
4.053433582056035,1.8039994909928363,0.125,373.7363856754725,4.245729133857108,2.775000000000002,0.024565017348872915,2.7750000000000026,0.03,0.024556705477197936,0.125
4.053527683024078,1.8046677577829466,0.125,373.79383638172374,4.245595214014109,2.7760000000000025,0.024565017272970224,2.7760000000000025,0.03,0.024556705477197936,0.125
4.053621758689771,1.8053361923676505,0.125,373.8514364605115,4.245461025177947,2.7770000000000024,0.02456501719706753,2.7770000000000024,0.03,0.024556705477197936,0.125
4.053715808978567,1.806004795241319,0.125,373.9091863519299,4.2453265665560895,2.7780000000000022,0.024565017121164837,2.7780000000000022,0.03,0.024556705477197936,0.125
4.053809833815623,1.8066735669002665,0.125,373.96708649780356,4.2451918373528885,2.7790000000000026,0.024565017045262143,2.7790000000000026,0.03,0.024556705477197936,0.125
4.053903833125805,1.807342507842761,0.125,374.02513734169605,4.245056836769567,2.7800000000000025,0.024565016969359445,2.7800000000000025,0.03,0.024556705477197936,0.125
4.05399780683368,1.8080116185690343,0.125,374.0833393289187,4.2449215640041995,2.781000000000002,0.02456501689345675,2.7810000000000024,0.03,0.024556705477197936,0.125
4.05409175486352,1.8086808995812902,0.125,374.1416929065393,4.2447860182516965,2.7820000000000022,0.02456501681755406,2.7820000000000022,0.03,0.024556705477197936,0.125
4.054185677139296,1.8093503513837164,0.125,374.20019852339004,4.244650198703791,2.7830000000000026,0.024565016741651364,2.7830000000000026,0.03,0.024556705477197936,0.125
4.05427957358468,1.810019974482491,0.125,374.25885663007716,4.2445141045490224,2.784000000000002,0.02456501666574867,2.7840000000000025,0.03,0.024556705477197936,0.125
4.0543734441230415,1.810689769385796,0.125,374.31766767898915,4.24437773497272,2.785000000000002,0.02456501658984598,2.7850000000000024,0.03,0.024556705477197936,0.125
4.054467288677446,1.811359736603825,0.125,374.3766321243059,4.244241089156988,2.7860000000000023,0.024565016513943282,2.7860000000000023,0.03,0.024556705477197936,0.125
4.054561107170656,1.8120298766487937,0.125,374.4357504220071,4.244104166280688,2.7870000000000026,0.02456501643804059,2.7870000000000026,0.03,0.024556705477197936,0.125
4.054654899525124,1.8127001900349495,0.125,374.49502302988174,4.243966965519425,2.7880000000000025,0.024565016362137895,2.7880000000000025,0.03,0.024556705477197936,0.125
4.0547486656629985,1.8133706772785825,0.125,374.5544504075367,4.243829486045527,2.789000000000002,0.0245650162862352,2.7890000000000024,0.03,0.024556705477197936,0.125
4.0548424055061165,1.8140413388980356,0.125,374.6140330164058,4.243691727028036,2.7900000000000023,0.024565016210332507,2.7900000000000023,0.03,0.024556705477197936,0.125
4.054936118976004,1.8147121754137137,0.125,374.67377131975934,4.243553687632686,2.791000000000002,0.02456501613442981,2.7910000000000026,0.03,0.024556705477197936,0.125
4.055029805993874,1.815383187348094,0.125,374.7336657827124,4.243415367021888,2.792000000000002,0.02456501605852712,2.7920000000000025,0.03,0.024556705477197936,0.125
4.0551234664806275,1.816054375225738,0.125,374.79371687223494,4.243276764354712,2.793000000000002,0.024565015982624422,2.7930000000000024,0.03,0.024556705477197936,0.125
4.055217100356848,1.8167257395733003,0.125,374.8539250571605,4.2431378787868725,2.7940000000000023,0.024565015906721728,2.7940000000000023,0.03,0.024556705477197936,0.125
4.055310707542801,1.8173972809195398,0.125,374.9142908081955,4.242998709470712,2.7950000000000026,0.024565015830819038,2.7950000000000026,0.03,0.024556705477197936,0.125
4.055404312803962,1.818069523040341,0.125,374.97531015211945,4.242858831452511,2.7960000000000025,0.02456501575491634,2.7960000000000025,0.03,0.024556705477197936,0.125
4.055497907451624,1.8187422200214851,0.125,375.0367519936973,4.242718455982357,2.7970000000000024,0.024565015679013646,2.7970000000000024,0.03,0.024556705477197936,0.125
4.055591478844606,1.8194150938757871,0.125,375.09835341933564,4.242577810605607,2.7980000000000023,0.024565015603110956,2.7980000000000023,0.03,0.024556705477197936,0.125
4.055685026917166,1.8200881451032684,0.125,375.1601148801798,4.2424368945592335,2.7990000000000026,0.02456501552720826,2.7990000000000026,0.03,0.024556705477197936,0.125
4.055778551603313,1.8207613742058366,0.125,375.22203682907696,4.2422957070773295,2.8000000000000025,0.024565015451305565,2.8000000000000025,0.03,0.024556705477197936,0.125
4.0558725250286916,1.8214019980200618,0.125,375.2510743030608,4.2421833765911865,2.8010000000000024,0.02456501545130557,2.8010000000000024,0.03,0.024556705477197936,0.125
4.05596647812943,1.8220427356367679,0.125,375.2802478891219,4.242070851006434,2.802000000000002,0.024565015451305565,2.8020000000000023,0.03,0.024556705477197936,0.125
4.056060410849904,1.8226835873674372,0.125,375.309557959805,4.241958129789081,2.8030000000000026,0.024565015451305565,2.8030000000000026,0.03,0.024556705477197936,0.125
4.056154323134278,1.8233245535246898,0.125,375.33900488901605,4.241845212403182,2.8040000000000025,0.024565015451305565,2.8040000000000025,0.03,0.024556705477197936,0.125
4.056248214926515,1.8239656344222892,0.125,375.3685890520276,4.241732098310833,2.805000000000002,0.024565015451305565,2.8050000000000024,0.03,0.024556705477197936,0.125
4.056342086170375,1.8246068303751468,0.125,375.3983108254856,4.241618786972164,2.8060000000000023,0.024565015451305558,2.8060000000000023,0.03,0.024556705477197936,0.125
4.056435936809408,1.8252481416993276,0.125,375.4281705874157,4.241505277845323,2.8070000000000026,0.024565015451305565,2.8070000000000026,0.03,0.024556705477197936,0.125
4.056529766786962,1.8258895687120553,0.125,375.4581687172294,4.241391570386475,2.8080000000000025,0.02456501545130557,2.8080000000000025,0.03,0.024556705477197936,0.125
4.056623576046172,1.8265311117317162,0.125,375.4883055957303,4.241277664049789,2.809000000000002,0.024565015451305565,2.8090000000000024,0.03,0.024556705477197936,0.125
4.056717364529966,1.8271727710778691,0.125,375.51858160512074,4.241163558287427,2.8100000000000023,0.024565015451305565,2.8100000000000023,0.03,0.024556705477197936,0.125
4.056811132181066,1.8278145470712455,0.125,375.5489971290081,4.24104925254954,2.8110000000000026,0.024565015451305565,2.8110000000000026,0.03,0.024556705477197936,0.125
4.056904878941976,1.8284564400337566,0.125,375.57955255241126,4.240934746284255,2.8120000000000025,0.02456501545130557,2.8120000000000025,0.03,0.024556705477197936,0.125
4.056998604754995,1.8290984502885002,0.125,375.61024826176714,4.240820038937664,2.813000000000003,0.024565015451305565,2.8130000000000024,0.03,0.024556705477197936,0.125
4.057092309562204,1.829740578159765,0.125,375.64108464493734,4.24070512995382,2.814000000000002,0.024565015451305565,2.8140000000000023,0.03,0.024556705477197936,0.125
4.057185993305475,1.8303828239730366,0.125,375.6720620912144,4.240590018774726,2.8150000000000026,0.02456501545130556,2.8150000000000026,0.03,0.024556705477197936,0.125
4.057279655926461,1.8310251880550017,0.125,375.7031809913287,4.240474704840318,2.8160000000000025,0.024565015451305565,2.8160000000000025,0.03,0.024556705477197936,0.125
4.0573732973666035,1.8316676707335557,0.125,375.7344417374548,4.240359187588468,2.817000000000002,0.024565015451305565,2.8170000000000024,0.03,0.024556705477197936,0.125
4.057466917567125,1.8323102723378066,0.125,375.76584472321883,4.240243466454965,2.8180000000000023,0.024565015451305572,2.8180000000000023,0.03,0.024556705477197936,0.125
4.057560516469029,1.8329529931980812,0.125,375.797390343704,4.240127540873509,2.819000000000003,0.024565015451305565,2.8190000000000026,0.03,0.024556705477197936,0.125
4.057654094013102,1.8335958336459308,0.125,375.8290789954586,4.2400114102757,2.8200000000000025,0.024565015451305565,2.8200000000000025,0.03,0.024556705477197936,0.125
4.057747650139912,1.8342387940141371,0.125,375.860911076502,4.239895074091032,2.8210000000000024,0.02456501545130557,2.8210000000000024,0.03,0.024556705477197936,0.125
4.057841184789803,1.834881874636718,0.125,375.8928869863318,4.239778531746876,2.822000000000002,0.024565015451305565,2.8220000000000023,0.03,0.024556705477197936,0.125
4.057934697902899,1.8355250758489325,0.125,375.92500712593056,4.239661782668479,2.8230000000000026,0.02456501545130557,2.8230000000000026,0.03,0.024556705477197936,0.125
4.058028189419105,1.836168397987286,0.125,375.9572718977726,4.239544826278945,2.824000000000002,0.02456501545130557,2.8240000000000025,0.03,0.024556705477197936,0.125
4.058121659278095,1.8368118413895398,0.125,375.9896817058317,4.239427661999233,2.8250000000000024,0.024565015451305565,2.8250000000000024,0.03,0.024556705477197936,0.125
4.058215107419323,1.8374554063947117,0.125,376.02223695558683,4.2393102892481425,2.8260000000000023,0.024565015451305565,2.8260000000000023,0.03,0.024556705477197936,0.125
4.058308533782014,1.8380990933430859,0.125,376.0549380540301,4.239192707442303,2.8270000000000026,0.024565015451305565,2.8270000000000026,0.03,0.024556705477197936,0.125
4.058401938305172,1.838742902576216,0.125,376.08778540967376,4.239074915996169,2.8280000000000025,0.024565015451305565,2.8280000000000025,0.03,0.024556705477197936,0.125
4.058495320927565,1.839386834436934,0.125,376.12077943255673,4.238956914322,2.829000000000002,0.024565015451305558,2.8290000000000024,0.03,0.024556705477197936,0.125
4.0585886815877386,1.8400308892693538,0.125,376.1539205342524,4.238838701829864,2.8300000000000023,0.024565015451305565,2.8300000000000023,0.03,0.024556705477197936,0.125
4.058682020224001,1.8406750674188777,0.125,376.18720912787546,4.238720277927614,2.831000000000002,0.024565015451305565,2.8310000000000026,0.03,0.024556705477197936,0.125
4.058775336774438,1.8413193692322032,0.125,376.22064562808913,4.238601642020885,2.832000000000002,0.02456501545130556,2.8320000000000025,0.03,0.024556705477197936,0.125
4.058868631176897,1.8419637950573284,0.125,376.25423045111256,4.238482793513084,2.833000000000002,0.024565015451305565,2.8330000000000024,0.03,0.024556705477197936,0.125
4.058961903368993,1.8426083452435589,0.125,376.2879640147279,4.238363731805374,2.8340000000000023,0.024565015451305565,2.8340000000000023,0.03,0.024556705477197936,0.125
4.059055153288107,1.8432530201415132,0.125,376.321846738288,4.238244456296669,2.835000000000002,0.024565015451305565,2.8350000000000026,0.03,0.024556705477197936,0.125
4.059148380871386,1.8438978201031284,0.125,376.3558790427236,4.23812496638362,2.8360000000000025,0.02456501545130557,2.8360000000000025,0.03,0.024556705477197936,0.125
4.059241586055737,1.8445427454816672,0.125,376.39006135055047,4.238005261460607,2.837000000000002,0.024565015451305565,2.8370000000000024,0.03,0.024556705477197936,0.125
4.059334768777831,1.845187796631725,0.125,376.4243940858776,4.237885340919727,2.8380000000000023,0.024565015451305565,2.8380000000000023,0.03,0.024556705477197936,0.125
4.0594279289741015,1.8458329739092347,0.125,376.45887767441394,4.23776520415078,2.839000000000002,0.024565015451305565,2.8390000000000026,0.03,0.024556705477197936,0.125
4.059521066580739,1.8464782776714728,0.125,376.4935125434764,4.237644850541267,2.840000000000002,0.024565015451305565,2.8400000000000025,0.03,0.024556705477197936,0.125
4.059614138650953,1.8471240534208753,0.125,376.5285837091691,4.237523762705762,2.8410000000000024,0.02456501545130557,2.8410000000000024,0.03,0.024556705477197936,0.125
4.059707147694103,1.8477702845531139,0.125,376.56407751578655,4.237401967291708,2.8420000000000023,0.024565015451305565,2.8420000000000023,0.03,0.024556705477197936,0.125
4.0598001344115495,1.84841664454245,0.125,376.59972482850577,4.2372799537213615,2.8430000000000026,0.02456501545130557,2.8430000000000026,0.03,0.024556705477197936,0.125
4.0598930987406066,1.8490631337506833,0.125,376.63552607833617,4.237157721382189,2.844000000000003,0.024565015451305565,2.8440000000000025,0.03,0.024556705477197936,0.125
4.059986040618355,1.8497097525409718,0.125,376.67148169790244,4.237035269659363,2.845000000000003,0.024565015451305565,2.8450000000000024,0.03,0.024556705477197936,0.125
4.060078959981637,1.850356501277833,0.125,376.70759212145157,4.23691259793575,2.8460000000000023,0.024565015451305565,2.8460000000000023,0.03,0.024556705477197936,0.125
4.060171856767062,1.8510033803271548,0.125,376.74385778486135,4.236789705591899,2.847000000000002,0.024565015451305565,2.8470000000000026,0.03,0.024556705477197936,0.125
4.060264730910995,1.8516503900561987,0.125,376.78027912564716,4.236666592006032,2.8480000000000025,0.024565015451305565,2.8480000000000025,0.03,0.024556705477197936,0.125
4.0603575823495675,1.8522975308336085,0.125,376.81685658297,4.236543256554032,2.8490000000000024,0.024565015451305565,2.8490000000000024,0.03,0.024556705477197936,0.125
4.060450411018667,1.8529448030294156,0.125,376.85359059764437,4.236419698609434,2.8500000000000023,0.024565015451305565,2.8500000000000023,0.03,0.024556705477197936,0.125
4.060543216853941,1.853592207015046,0.125,376.89048161214583,4.2362959175434085,2.8510000000000026,0.024565015451305565,2.8510000000000026,0.03,0.024556705477197936,0.125
4.060635999790793,1.8542397431633253,0.125,376.92753007061896,4.236171912724758,2.852000000000002,0.024565015451305565,2.8520000000000025,0.03,0.024556705477197936,0.125
4.060728759764384,1.8548874118484888,0.125,376.96473641888525,4.2360476835198995,2.8530000000000024,0.024565015451305565,2.8530000000000024,0.03,0.024556705477197936,0.125
4.060821496709629,1.855535213446185,0.125,377.0021011044509,4.235923229292855,2.854000000000002,0.024565015451305565,2.8540000000000023,0.03,0.024556705477197936,0.125
4.060914210561196,1.856183148333484,0.125,377.0396245765149,4.235798549405244,2.8550000000000026,0.024565015451305565,2.8550000000000026,0.03,0.024556705477197936,0.125
4.06100690125351,1.8568312168888819,0.125,377.0773072859769,4.235673643216266,2.856000000000002,0.024565015451305565,2.8560000000000025,0.03,0.024556705477197936,0.125
4.061099568720742,1.8574794194923112,0.125,377.11514968544566,4.235548510082695,2.8570000000000024,0.024565015451305565,2.8570000000000024,0.03,0.024556705477197936,0.125
4.061192212896816,1.8581277565251442,0.125,377.1531522292465,4.23542314935886,2.8580000000000023,0.024565015451305565,2.8580000000000023,0.03,0.024556705477197936,0.125
4.061284833715404,1.8587762283702023,0.125,377.1913153734301,4.235297560396644,2.8590000000000027,0.024565015451305565,2.8590000000000027,0.03,0.024556705477197936,0.125
4.0613774311099275,1.859424835411761,0.125,377.22963957578014,4.235171742545463,2.860000000000002,0.024565015451305565,2.8600000000000025,0.03,0.024556705477197936,0.125
4.061470005013553,1.8600735780355584,0.125,377.268125295822,4.23504569515226,2.8610000000000024,0.024565015451305565,2.8610000000000024,0.03,0.024556705477197936,0.125
4.0615625553591945,1.860722456628801,0.125,377.306772994831,4.234919417561489,2.8620000000000023,0.024565015451305565,2.8620000000000023,0.03,0.024556705477197936,0.125
4.0616550820795085,1.861371471580171,0.125,377.34558313584023,4.234792909115109,2.8630000000000027,0.024565015451305565,2.8630000000000027,0.03,0.024556705477197936,0.125
4.061747585106894,1.862020623279834,0.125,377.3845561836496,4.234666169152565,2.8640000000000025,0.02456501545130557,2.8640000000000025,0.03,0.024556705477197936,0.125
4.061840064373496,1.8626699121194454,0.125,377.4236926048337,4.234539197010783,2.8650000000000024,0.024565015451305565,2.8650000000000024,0.03,0.024556705477197936,0.125
4.061932519811194,1.8633193384921565,0.125,377.4629928677508,4.23441199202415,2.866000000000002,0.024565015451305565,2.8660000000000023,0.03,0.024556705477197936,0.125
4.062024951351611,1.863968902792625,0.125,377.5024574425511,4.2342845535245095,2.8670000000000027,0.024565015451305565,2.8670000000000027,0.03,0.024556705477197936,0.125
4.062117358926109,1.8646186054170186,0.125,377.54208680118523,4.234156880841146,2.8680000000000025,0.024565015451305565,2.8680000000000025,0.03,0.024556705477197936,0.125
4.062209742465783,1.8652684467630227,0.125,377.58188141741294,4.234028973300772,2.8690000000000024,0.024565015451305565,2.8690000000000024,0.03,0.024556705477197936,0.125
4.062302101901466,1.8659184272298515,0.125,377.62184176681205,4.233900830227516,2.8700000000000023,0.024565015451305565,2.8700000000000023,0.03,0.024556705477197936,0.125
4.062394437163724,1.8665685472182498,0.125,377.6619683267868,4.233772450942912,2.871000000000002,0.024565015451305565,2.8710000000000027,0.03,0.024556705477197936,0.125
4.062486748182862,1.8672188071305047,0.125,377.7022615765768,4.233643834765887,2.872000000000003,0.024565015451305565,2.8720000000000026,0.03,0.024556705477197936,0.125
4.062579034888906,1.86786920737045,0.125,377.74272199726585,4.233514981012744,2.873000000000002,0.024565015451305565,2.8730000000000024,0.03,0.024556705477197936,0.125
4.062671297211621,1.868519748343476,0.125,377.7833500717908,4.2333858889971525,2.8740000000000023,0.024565015451305565,2.8740000000000023,0.03,0.024556705477197936,0.125
4.062763535080498,1.8691704304565364,0.125,377.82414628495053,4.2332565580301385,2.875000000000002,0.024565015451305565,2.8750000000000027,0.03,0.024556705477197936,0.125
4.062855748424758,1.8698212541181536,0.125,377.8651111234148,4.233126987420068,2.8760000000000026,0.024565015451305565,2.8760000000000026,0.03,0.024556705477197936,0.125
4.062947937173343,1.87047221973843,0.125,377.90624507573347,4.232997176472634,2.877000000000002,0.024565015451305565,2.8770000000000024,0.03,0.024556705477197936,0.125
4.063040101254929,1.8711233277290529,0.125,377.9475486323455,4.232867124490848,2.8780000000000023,0.024565015451305565,2.8780000000000023,0.03,0.024556705477197936,0.125
4.063132240597909,1.8717745785033038,0.125,377.989022285588,4.232736830775017,2.8790000000000027,0.024565015451305565,2.8790000000000027,0.03,0.024556705477197936,0.125
4.063224355130401,1.8724259724760632,0.125,378.0306665297055,4.232606294622745,2.8800000000000026,0.024565015451305565,2.8800000000000026,0.03,0.024556705477197936,0.125
4.063316444780243,1.8730775100638233,0.125,378.0724818608593,4.232475515328909,2.8810000000000024,0.024565015451305565,2.8810000000000024,0.03,0.024556705477197936,0.125
4.063408509474995,1.8737291916846912,0.125,378.1144687771366,4.232344492185648,2.882000000000002,0.02456501545130557,2.8820000000000023,0.03,0.024556705477197936,0.125
4.063500549141936,1.8743810177583995,0.125,378.15662777855994,4.2322132244823525,2.8830000000000022,0.024565015451305565,2.8830000000000027,0.03,0.024556705477197936,0.125
4.0635925545238445,1.8750332550906124,0.125,378.19919802881543,4.232081408407231,2.884000000000002,0.024565015451305565,2.8840000000000026,0.03,0.024556705477197936,0.125
4.063684520663838,1.875686072044046,0.125,378.2423309951324,4.231948855782277,2.8850000000000025,0.024565015451305565,2.8850000000000025,0.03,0.024556705477197936,0.125
4.063776462860838,1.8763390350979832,0.125,378.28563862251116,4.231816061285931,2.8860000000000023,0.024565015451305565,2.8860000000000023,0.03,0.024556705477197936,0.125
4.063868381046734,1.8769921446680473,0.125,378.3291214078226,4.231683024230125,2.8870000000000027,0.02456501545130556,2.8870000000000027,0.03,0.024556705477197936,0.125
4.0639602751531525,1.8776454011714379,0.125,378.37277984982404,4.231549743924174,2.8880000000000026,0.024565015451305565,2.8880000000000026,0.03,0.024556705477197936,0.125
4.0640521451114635,1.8782988050269414,0.125,378.4166144491684,4.231416219674776,2.889000000000002,0.024565015451305565,2.8890000000000025,0.03,0.024556705477197936,0.125
4.064143990852776,1.878952356654937,0.125,378.46062570841275,4.231282450785986,2.890000000000002,0.024565015451305565,2.8900000000000023,0.03,0.024556705477197936,0.125
4.064235812307936,1.879606056477405,0.125,378.50481413202806,4.2311484365592085,2.8910000000000022,0.02456501545130556,2.8910000000000027,0.03,0.024556705477197936,0.125
4.064327609407524,1.8802599049179327,0.125,378.5491802264074,4.231014176293192,2.892000000000002,0.024565015451305565,2.8920000000000026,0.03,0.024556705477197936,0.125
4.064419382081859,1.8809139024017236,0.125,378.5937244998758,4.230879669284002,2.893000000000002,0.024565015451305565,2.8930000000000025,0.03,0.024556705477197936,0.125
4.064511130260992,1.881568049355606,0.125,378.63844746269933,4.230744914825023,2.894000000000003,0.024565015451305565,2.8940000000000023,0.03,0.024556705477197936,0.125
4.064602853874707,1.882222346208038,0.125,378.68334962709434,4.230609912206933,2.8950000000000027,0.024565015451305565,2.8950000000000027,0.03,0.024556705477197936,0.125
4.06469455285252,1.8828767933891173,0.125,378.7284315072365,4.230474660717701,2.896000000000002,0.024565015451305565,2.8960000000000026,0.03,0.024556705477197936,0.125
4.064786227123675,1.8835313913305889,0.125,378.77369361927066,4.2303391596425675,2.897000000000002,0.024565015451305565,2.8970000000000025,0.03,0.024556705477197936,0.125
4.064877876617149,1.8841861404658529,0.125,378.8191364813201,4.230203408264032,2.8980000000000024,0.02456501545130557,2.8980000000000024,0.03,0.024556705477197936,0.125
4.064969501261642,1.8848410412299716,0.125,378.8647606134957,4.230067405861843,2.8990000000000027,0.024565015451305565,2.8990000000000027,0.03,0.024556705477197936,0.125
4.06506110098558,1.885496094059678,0.125,378.910566537908,4.229931151712984,2.9000000000000026,0.024565015451305565,2.9000000000000026,0.03,0.024556705477197936,0.125
4.0651473525300394,1.886126264346588,0.125,379.6730278926499,4.229793220304712,2.9010000000000025,0.024565015399602562,2.9010000000000025,0.03,0.024556705477197936,0.125
4.065233592004251,1.8867565234545367,0.125,380.43592845923797,4.229655151794429,2.9020000000000015,0.02456501534789955,2.9020000000000024,0.03,0.024556705477197936,0.125
4.0653198193843645,1.8873868715590345,0.125,381.19926910555273,4.229516945911222,2.9030000000000027,0.024565015296196542,2.9030000000000027,0.03,0.024556705477197936,0.125
4.065406034646466,1.8880173088360537,0.125,381.96305070176163,4.229378602383464,2.9040000000000026,0.024565015244493532,2.9040000000000026,0.03,0.024556705477197936,0.125
4.065492237766579,1.8886478354620309,0.125,382.7272741203288,4.229240120938809,2.9050000000000025,0.024565015192790526,2.9050000000000025,0.03,0.024556705477197936,0.125
4.065578428720664,1.8892784516138692,0.125,383.4919402360212,4.229101501304199,2.9060000000000024,0.024565015141087512,2.9060000000000024,0.03,0.024556705477197936,0.125
4.065664607484617,1.8899091574689386,0.125,384.257049925917,4.228962743205848,2.9070000000000027,0.024565015089384506,2.9070000000000027,0.03,0.024556705477197936,0.125
4.065750774034271,1.8905399532050773,0.125,385.0226040694116,4.228823846369248,2.9080000000000026,0.024565015037681503,2.9080000000000026,0.03,0.024556705477197936,0.125
4.0658369283453935,1.8911708390005946,0.125,385.7886035482276,4.228684810519165,2.909000000000002,0.02456501498597849,2.9090000000000025,0.03,0.024556705477197936,0.125
4.0659230703936915,1.8918018150342715,0.125,386.5550492464214,4.228545635379637,2.9100000000000024,0.024565014934275486,2.9100000000000024,0.03,0.024556705477197936,0.125
4.066009200154803,1.8924328814853628,0.125,387.32194205039065,4.2284063206739715,2.9110000000000027,0.024565014882572473,2.9110000000000027,0.03,0.024556705477197936,0.125
4.066095317604305,1.8930640385335986,0.125,388.08928284888185,4.228266866124742,2.912000000000002,0.024565014830869467,2.9120000000000026,0.03,0.024556705477197936,0.125
4.066181422717709,1.8936952863591843,0.125,388.85707253299904,4.228127271453785,2.9130000000000025,0.02456501477916646,2.9130000000000025,0.03,0.024556705477197936,0.125
4.066267515470461,1.8943266251428055,0.125,389.6253119962113,4.227987536382202,2.9140000000000024,0.02456501472746345,2.9140000000000024,0.03,0.024556705477197936,0.125
4.06635359583794,1.8949580550656264,0.125,390.39400213436056,4.22784766063035,2.9150000000000027,0.02456501467576044,2.9150000000000027,0.03,0.024556705477197936,0.125
4.066439663795465,1.8955895763092927,0.125,391.16314384566823,4.227707643917848,2.916000000000002,0.02456501462405743,2.9160000000000026,0.03,0.024556705477197936,0.125
4.066525719318282,1.8962211890559333,0.125,391.9327380307456,4.227567485963562,2.917000000000002,0.024565014572354427,2.9170000000000025,0.03,0.024556705477197936,0.125
4.0666117623815765,1.896852893488162,0.125,392.70278559259987,4.227427186485617,2.918000000000002,0.02456501452065142,2.9180000000000024,0.03,0.024556705477197936,0.125
4.066697792960467,1.8974846897890794,0.125,393.473287436643,4.227286745201383,2.9190000000000027,0.02456501446894841,2.9190000000000027,0.03,0.024556705477197936,0.125
4.066783811030003,1.898116578142271,0.125,394.24424447069845,4.227146161827478,2.9200000000000026,0.024565014417245404,2.9200000000000026,0.03,0.024556705477197936,0.125
4.0668698165651715,1.898748558731816,0.125,395.0156576050114,4.227005436079766,2.9210000000000025,0.024565014365542395,2.9210000000000025,0.03,0.024556705477197936,0.125
4.066955809540891,1.8993806317422819,0.125,395.7875277522551,4.226864567673353,2.9220000000000024,0.024565014313839385,2.9220000000000024,0.03,0.024556705477197936,0.125
4.067041789932012,1.9000127973587302,0.125,396.55985582753954,4.226723556322582,2.923000000000003,0.024565014262136378,2.9230000000000027,0.03,0.024556705477197936,0.125
4.067127757713316,1.9006450557667152,0.125,397.332642748419,4.226582401741033,2.9240000000000026,0.02456501421043337,2.9240000000000026,0.03,0.024556705477197936,0.125
4.067213712859526,1.90127740715229,0.125,398.1058894349016,4.226441103641522,2.925000000000002,0.02456501415873036,2.9250000000000025,0.03,0.024556705477197936,0.125
4.067299655345284,1.9019098517020028,0.125,398.8795968094562,4.226299661736099,2.926000000000003,0.02456501410702735,2.9260000000000024,0.03,0.024556705477197936,0.125
4.067385585145177,1.9025423896029032,0.125,399.6537657970215,4.226158075736034,2.9270000000000023,0.024565014055324345,2.9270000000000027,0.03,0.024556705477197936,0.125
4.0674715022337145,1.90317502104254,0.125,400.42839732501284,4.226016345351835,2.9280000000000026,0.024565014003621335,2.9280000000000026,0.03,0.024556705477197936,0.125
4.067557406585342,1.9038077462089658,0.125,401.2034923233326,4.225874470293228,2.929000000000002,0.024565013951918322,2.9290000000000025,0.03,0.024556705477197936,0.125
4.0676432981744375,1.904440565290738,0.125,401.9790517243773,4.225732450269159,2.9300000000000024,0.024565013900215316,2.9300000000000024,0.03,0.024556705477197936,0.125
4.067729176975306,1.9050734784769192,0.125,402.75507646304635,4.2255902849877955,2.9310000000000023,0.02456501384851231,2.9310000000000027,0.03,0.024556705477197936,0.125
4.067815042962188,1.9057064859570803,0.125,403.5315674767491,4.2254479741565225,2.932000000000002,0.024565013796809303,2.9320000000000026,0.03,0.024556705477197936,0.125
4.0679008961092515,1.9063395879213012,0.125,404.3085257054158,4.225305517481936,2.9330000000000025,0.024565013745106296,2.9330000000000025,0.03,0.024556705477197936,0.125
4.067986736390596,1.9069727845601747,0.125,405.0859520915041,4.225162914669842,2.9340000000000024,0.024565013693403286,2.9340000000000024,0.03,0.024556705477197936,0.125
4.068072563780253,1.9076060760648044,0.125,405.8638475800086,4.2250201654252555,2.9350000000000027,0.024565013641700273,2.9350000000000027,0.03,0.024556705477197936,0.125
4.068158378252182,1.908239462626809,0.125,406.6422131184682,4.2248772694524,2.9360000000000026,0.02456501358999727,2.9360000000000026,0.03,0.024556705477197936,0.125
4.068244179780272,1.9088729444383257,0.125,407.42104965697575,4.224734226454701,2.937000000000002,0.02456501353829426,2.9370000000000025,0.03,0.024556705477197936,0.125
4.068329968338343,1.9095065216920066,0.125,408.20035814818675,4.224591036134778,2.9380000000000024,0.024565013486591254,2.9380000000000024,0.03,0.024556705477197936,0.125
4.068415743900144,1.9101401945810266,0.125,408.98013954732755,4.2244476981944565,2.9390000000000023,0.024565013434888244,2.9390000000000027,0.03,0.024556705477197936,0.125
4.068501506439354,1.9107739632990806,0.125,409.76039481220306,4.224304212334752,2.9400000000000026,0.024565013383185237,2.9400000000000026,0.03,0.024556705477197936,0.125
4.0685872403372425,1.911407912886317,0.125,410.54121374785296,4.22416043103958,2.9410000000000025,0.024565013331482234,2.9410000000000025,0.03,0.024556705477197936,0.125
4.068672893003339,1.912042330152942,0.125,411.3229001778857,4.224015857132655,2.942000000000002,0.024565013279779224,2.9420000000000024,0.03,0.024556705477197936,0.125
4.068758532624603,1.9126768445137579,0.125,412.10506869267203,4.223871133950974,2.9430000000000027,0.024565013228076214,2.9430000000000027,0.03,0.024556705477197936,0.125
4.068844159174792,1.9133114561640947,0.125,412.8877202620497,4.2237262611942334,2.9440000000000026,0.024565013176373204,2.9440000000000026,0.03,0.024556705477197936,0.125
4.068929772627594,1.9139461652998069,0.125,413.67085585846036,4.223581238561322,2.945000000000003,0.024565013124670194,2.9450000000000025,0.03,0.024556705477197936,0.125
4.069015372956622,1.9145809721172746,0.125,414.45447645695754,4.223436065750319,2.946000000000002,0.024565013072967188,2.9460000000000024,0.03,0.024556705477197936,0.125
4.069100960135423,1.9152158768134069,0.125,415.2385830352156,4.223290742458495,2.9470000000000023,0.02456501302126418,2.9470000000000027,0.03,0.024556705477197936,0.125
4.06918653413747,1.9158508795856408,0.125,416.02317657353746,4.223145268382304,2.9480000000000026,0.02456501296956117,2.9480000000000026,0.03,0.024556705477197936,0.125
4.069272094936166,1.9164859806319459,0.125,416.80825805486546,4.222999643217382,2.949000000000002,0.02456501291785816,2.9490000000000025,0.03,0.024556705477197936,0.125
4.069357642504841,1.9171211801508246,0.125,417.59382846478877,4.222853866658549,2.9500000000000024,0.024565012866155155,2.9500000000000024,0.03,0.024556705477197936,0.125
4.069443176816755,1.9177564783413148,0.125,418.3798887915532,4.2227079383997985,2.9510000000000023,0.02456501281445215,2.9510000000000027,0.03,0.024556705477197936,0.125
4.069528697845094,1.9183918754029894,0.125,419.1664400260684,4.222561858134305,2.9520000000000026,0.02456501276274914,2.9520000000000026,0.03,0.024556705477197936,0.125
4.069614205562972,1.9190273715359623,0.125,419.9534831619195,4.222415625554407,2.953000000000002,0.02456501271104613,2.9530000000000025,0.03,0.024556705477197936,0.125
4.069699699943429,1.9196629669408862,0.125,420.74101919537395,4.222269240351617,2.9540000000000024,0.024565012659343122,2.9540000000000024,0.03,0.024556705477197936,0.125
4.069785180959438,1.9202986618189561,0.125,421.52904912539213,4.222122702216613,2.9550000000000027,0.024565012607640116,2.9550000000000027,0.03,0.024556705477197936,0.125
4.069870648583892,1.9209344563719115,0.125,422.3175739536346,4.221976010839235,2.956000000000002,0.024565012555937106,2.9560000000000026,0.03,0.024556705477197936,0.125
4.069956102789615,1.9215703508020388,0.125,423.10659468447335,4.221829165908488,2.957000000000003,0.024565012504234096,2.9570000000000025,0.03,0.024556705477197936,0.125
4.070041543549356,1.9222063453121692,0.125,423.8961123249995,4.221682167112529,2.9580000000000024,0.024565012452531086,2.9580000000000024,0.03,0.024556705477197936,0.125
4.070126970835789,1.922842440105687,0.125,424.68612788503344,4.221535014138676,2.9590000000000027,0.024565012400828083,2.9590000000000027,0.03,0.024556705477197936,0.125
4.070212384621516,1.9234786353865247,0.125,425.4766423771327,4.221387706673394,2.960000000000002,0.024565012349125073,2.9600000000000026,0.03,0.024556705477197936,0.125
4.070297784879061,1.9241149313591708,0.125,426.267656816603,4.2212402444023,2.9610000000000025,0.024565012297422063,2.9610000000000025,0.03,0.024556705477197936,0.125
4.070383171580879,1.9247513282286675,0.125,427.05917222150646,4.221092627010157,2.9620000000000024,0.024565012245719057,2.9620000000000024,0.03,0.024556705477197936,0.125
4.070468544699346,1.925387826200615,0.125,427.8511896126717,4.220944854180872,2.9630000000000023,0.024565012194016047,2.9630000000000027,0.03,0.024556705477197936,0.125
4.070553904206764,1.9260244254811711,0.125,428.64371001370154,4.220796925597491,2.964000000000002,0.024565012142313044,2.9640000000000026,0.03,0.024556705477197936,0.125
4.070639250075362,1.9266611262770565,0.125,429.4367344509849,4.220648840942202,2.9650000000000025,0.024565012090610034,2.9650000000000025,0.03,0.024556705477197936,0.125
4.070724582277287,1.9272979287955527,0.125,430.2302639537044,4.220500599896319,2.9660000000000024,0.024565012038907024,2.9660000000000024,0.03,0.024556705477197936,0.125
4.070809900784617,1.9279348332445072,0.125,431.02429955384736,4.2203522021402975,2.9670000000000023,0.024565011987204018,2.9670000000000027,0.03,0.024556705477197936,0.125
4.070895205569351,1.9285718398323335,0.125,431.81884228621306,4.220203647353716,2.9680000000000026,0.024565011935501004,2.9680000000000026,0.03,0.024556705477197936,0.125
4.070980496603411,1.929208948768014,0.125,432.613893188425,4.220054935215281,2.9690000000000025,0.024565011883797998,2.9690000000000025,0.03,0.024556705477197936,0.125
4.071065773858644,1.9298461602611015,0.125,433.40945330093905,4.219906065402822,2.970000000000002,0.024565011832094988,2.9700000000000024,0.03,0.024556705477197936,0.125
4.071151037306818,1.9304834745217214,0.125,434.2055236670536,4.219757037593286,2.9710000000000023,0.024565011780391985,2.9710000000000027,0.03,0.024556705477197936,0.125
4.071236286919626,1.9311208917605733,0.125,435.0021053329183,4.21960785146274,2.9720000000000026,0.02456501172868897,2.9720000000000026,0.03,0.024556705477197936,0.125
4.071321522668681,1.9317584121889328,0.125,435.7991993475452,4.219458506686363,2.973000000000002,0.024565011676985965,2.9730000000000025,0.03,0.024556705477197936,0.125
4.071406744525522,1.9323960360186552,0.125,436.5968067628179,4.219309002938446,2.974000000000003,0.02456501162528296,2.9740000000000024,0.03,0.024556705477197936,0.125
4.071491952461607,1.9330337634621748,0.125,437.3949286335018,4.219159339892387,2.9750000000000028,0.024565011573579952,2.9750000000000028,0.03,0.024556705477197936,0.125
4.071577146448317,1.9336715947325085,0.125,438.1935660172523,4.219009517220687,2.9760000000000026,0.024565011521876942,2.9760000000000026,0.03,0.024556705477197936,0.125
4.071662326456952,1.9343095300432576,0.125,438.99271997462733,4.218859534594953,2.977000000000002,0.024565011470173932,2.9770000000000025,0.03,0.024556705477197936,0.125
4.071747492458738,1.93494756960861,0.125,439.79239156909534,4.218709391685888,2.9780000000000024,0.024565011418470926,2.9780000000000024,0.03,0.024556705477197936,0.125
4.071832644424819,1.9355857136433423,0.125,440.5925818670464,4.218559088163289,2.9790000000000028,0.024565011366767916,2.9790000000000028,0.03,0.024556705477197936,0.125
4.071917782326259,1.9362239623628197,0.125,441.3932919378009,4.218408623696047,2.980000000000002,0.02456501131506491,2.9800000000000026,0.03,0.024556705477197936,0.125
4.072002906134045,1.9368623159830018,0.125,442.19452285362115,4.218257997952144,2.981000000000002,0.0245650112633619,2.9810000000000025,0.03,0.024556705477197936,0.125
4.072088015819079,1.9375007747204411,0.125,442.99627568972096,4.218107210598644,2.982000000000002,0.024565011211658893,2.9820000000000024,0.03,0.024556705477197936,0.125
4.072173111352191,1.9381393387922887,0.125,443.7985515242757,4.217956261301699,2.9830000000000028,0.024565011159955887,2.9830000000000028,0.03,0.024556705477197936,0.125
4.072258192704123,1.938778008416291,0.125,444.60135143843155,4.217805149726536,2.9840000000000027,0.02456501110825288,2.9840000000000027,0.03,0.024556705477197936,0.125
4.072343259845541,1.9394167838107979,0.125,445.4046765163177,4.2176538755374615,2.985000000000002,0.024565011056549867,2.9850000000000025,0.03,0.024556705477197936,0.125
4.072428312747026,1.9400556651947605,0.125,446.2085278450553,4.2175024383978545,2.986000000000002,0.024565011004846857,2.9860000000000024,0.03,0.024556705477197936,0.125
4.072513351379083,1.9406946527877353,0.125,447.01290651476853,4.217350837970165,2.9870000000000023,0.02456501095314385,2.9870000000000028,0.03,0.024556705477197936,0.125
4.072598375712131,1.9413337468098844,0.125,447.8178136185934,4.21719907391591,2.9880000000000027,0.02456501090144084,2.9880000000000027,0.03,0.024556705477197936,0.125
4.07268338571651,1.9419729474819807,0.125,448.6232502526905,4.217047145895667,2.989000000000002,0.024565010849737834,2.9890000000000025,0.03,0.024556705477197936,0.125
4.072768381362475,1.9426122550254068,0.125,449.42921751625374,4.216895053569081,2.990000000000002,0.024565010798034827,2.9900000000000024,0.03,0.024556705477197936,0.125
4.072853362620202,1.9432516696621591,0.125,450.23571651152196,4.216742796594847,2.9910000000000023,0.024565010746331817,2.9910000000000028,0.03,0.024556705477197936,0.125
4.07293832945978,1.9438911916148485,0.125,451.0427483437877,4.2165903746307185,2.992000000000002,0.02456501069462881,2.9920000000000027,0.03,0.024556705477197936,0.125
4.07302328185122,1.9445308211067038,0.125,451.8503141214101,4.216437787333499,2.9930000000000025,0.024565010642925805,2.9930000000000025,0.03,0.024556705477197936,0.125
4.073108219764447,1.945170558361574,0.125,452.65841495582436,4.216285034359038,2.9940000000000024,0.024565010591222795,2.9940000000000024,0.03,0.024556705477197936,0.125
4.073193143169304,1.9458104036039285,0.125,453.4670519615524,4.216132115362233,2.9950000000000028,0.024565010539519788,2.9950000000000028,0.03,0.024556705477197936,0.125
4.073278052035546,1.9464503570588616,0.125,454.27622625621285,4.2159790299970155,2.996000000000002,0.024565010487816778,2.9960000000000027,0.03,0.024556705477197936,0.125
4.073362946332849,1.9470904189520928,0.125,455.0859389605337,4.215825777916361,2.997000000000002,0.02456501043611377,2.9970000000000026,0.03,0.024556705477197936,0.125
4.073447826030804,1.947730589509971,0.125,455.8961911983619,4.215672358772279,2.9980000000000024,0.024565010384410762,2.9980000000000024,0.03,0.024556705477197936,0.125
4.073532691098913,1.948370868959474,0.125,456.7069840966744,4.215518772215803,2.9990000000000023,0.024565010332707752,2.9990000000000028,0.03,0.024556705477197936,0.125
4.073617541506598,1.9490112575282135,0.125,457.5183187855861,4.2153650178970015,3.0000000000000027,0.024565010281004745,3.0000000000000027,0.03,0.024556705477197936,0.125
4.073700644641818,1.9496213314841113,0.125,457.5815901429899,4.215229760845174,3.0010000000000026,0.02456500986656394,3.0010000000000026,0.03,0.024556705477197936,0.125
4.073783718911136,1.9502315409233746,0.125,457.6450629939106,4.215094252858405,3.0020000000000024,0.02456500945212314,3.0020000000000024,0.03,0.024556705477197936,0.125
4.073866716345507,1.9508423279121305,0.125,457.7089911895567,4.214957859876667,3.003000000000003,0.024565009037682335,3.003000000000003,0.03,0.024556705477197936,0.125
4.0739495451320185,1.9514544381001468,0.125,457.77385561309563,4.214819468783273,3.0040000000000022,0.024565008623241534,3.0040000000000027,0.03,0.024556705477197936,0.125
4.074032331608653,1.9520666470505779,0.125,457.83898540414225,4.214680809683931,3.005000000000002,0.02456500820880073,3.0050000000000026,0.03,0.024556705477197936,0.125
4.074115075636266,1.9526789550882342,0.125,457.9043814354386,4.214541881697217,3.0060000000000024,0.02456500779435992,3.0060000000000024,0.03,0.024556705477197936,0.125
4.074197777075095,1.9532913625393522,0.125,457.9700445835578,4.214402683937848,3.0070000000000023,0.024565007379919124,3.007000000000003,0.03,0.024556705477197936,0.125
4.074280435784767,1.9539038697316016,0.125,458.03597572892545,4.2142632155166435,3.008000000000003,0.02456500696547832,3.0080000000000027,0.03,0.024556705477197936,0.125
4.07436305162429,1.9545164769940935,0.125,458.1021757558402,4.214123475540507,3.0090000000000026,0.024565006551037518,3.0090000000000026,0.03,0.024556705477197936,0.125
4.074445624452052,1.9551291846573895,0.125,458.168645552496,4.213983463112421,3.0100000000000025,0.024565006136596713,3.0100000000000025,0.03,0.024556705477197936,0.125
4.074528154125816,1.9557419930535083,0.125,458.2353860110029,4.213843177331403,3.0110000000000023,0.024565005722155912,3.011000000000003,0.03,0.024556705477197936,0.125
4.0746106405027165,1.9563549025159332,0.125,458.3023980274087,4.213702617292493,3.0120000000000027,0.024565005307715104,3.0120000000000027,0.03,0.024556705477197936,0.125
4.074693083439258,1.9569679133796223,0.125,458.36968250172083,4.213561782086739,3.013000000000002,0.024565004893274307,3.0130000000000026,0.03,0.024556705477197936,0.125
4.074775482791309,1.9575810259810156,0.125,458.43724033792836,4.213420670801162,3.0140000000000025,0.024565004478833502,3.0140000000000025,0.03,0.024556705477197936,0.125
4.0748578384141005,1.9581942406580428,0.125,458.50507244402394,4.2132792825187435,3.015000000000003,0.024565004064392697,3.015000000000003,0.03,0.024556705477197936,0.125
4.074940150162222,1.958807557750131,0.125,458.5731797320257,4.213137616318395,3.0160000000000022,0.0245650036499519,3.0160000000000027,0.03,0.024556705477197936,0.125
4.075022417889617,1.959420977598215,0.125,458.64156311800014,4.212995671274944,3.017000000000002,0.024565003235511095,3.0170000000000026,0.03,0.024556705477197936,0.125
4.075104641449581,1.960034500544745,0.125,458.71022352208433,4.212853446459105,3.018000000000002,0.024565002821070294,3.0180000000000025,0.03,0.024556705477197936,0.125
4.075186820694753,1.960648126933693,0.125,458.77916186850825,4.212710940937457,3.019000000000003,0.02456500240662949,3.019000000000003,0.03,0.024556705477197936,0.125
4.075268955477118,1.9612618571105631,0.125,458.8483790856181,4.212568153772423,3.0200000000000027,0.02456500199218869,3.0200000000000027,0.03,0.024556705477197936,0.125
4.075351045648006,1.9618756914224016,0.125,458.917876105899,4.21242508402225,3.021000000000002,0.024565001577747884,3.0210000000000026,0.03,0.024556705477197936,0.125
4.075433091058076,1.9624896302178017,0.125,458.98765386599797,4.212281730740976,3.0220000000000025,0.02456500116330708,3.0220000000000025,0.03,0.024556705477197936,0.125
4.075515091557325,1.9631036738469156,0.125,459.05771330674753,4.212138092978414,3.023000000000003,0.024565000748866278,3.023000000000003,0.03,0.024556705477197936,0.125
4.075597046995074,1.9637178226614609,0.125,459.1280553731886,4.2119941697801275,3.0240000000000027,0.024565000334425473,3.0240000000000027,0.03,0.024556705477197936,0.125
4.075678957219974,1.964332077014731,0.125,459.19868101459446,4.211849960187405,3.0250000000000026,0.02456499991998467,3.0250000000000026,0.03,0.024556705477197936,0.125
4.075760822079996,1.9649464372616026,0.125,459.2695911844943,4.211705463237236,3.026000000000002,0.024564999505543868,3.0260000000000025,0.03,0.024556705477197936,0.125
4.075842641422426,1.9655609037585464,0.125,459.34078684069715,4.211560677962289,3.027000000000003,0.024564999091103063,3.027000000000003,0.03,0.024556705477197936,0.125
4.0759244150938665,1.966175476863633,0.125,459.412268945316,4.211415603390886,3.0280000000000022,0.02456499867666226,3.0280000000000027,0.03,0.024556705477197936,0.125
4.07600614294023,1.9667901569365456,0.125,459.48403846479164,4.211270238546977,3.029000000000002,0.024564998262221454,3.0290000000000026,0.03,0.024556705477197936,0.125
4.076087824806735,1.9674049443385864,0.125,459.55609636991755,4.211124582450115,3.0300000000000025,0.024564997847780656,3.0300000000000025,0.03,0.024556705477197936,0.125
4.0761694605378995,1.9680198394326869,0.125,459.628443635864,4.210978634115433,3.031000000000002,0.024564997433339848,3.031000000000003,0.03,0.024556705477197936,0.125
4.076251049977544,1.9686348425834164,0.125,459.70108124220314,4.210832392553623,3.0320000000000022,0.02456499701889904,3.0320000000000027,0.03,0.024556705477197936,0.125
4.07633259296878,1.9692499541569912,0.125,459.7740101729334,4.2106858567709,3.033000000000002,0.024564996604458246,3.0330000000000026,0.03,0.024556705477197936,0.125
4.076414089354009,1.9698651745212863,0.125,459.8472314165048,4.2105390257689885,3.0340000000000025,0.02456499619001744,3.0340000000000025,0.03,0.024556705477197936,0.125
4.076495538974921,1.9704805040458409,0.125,459.9207459658442,4.210391898545088,3.0350000000000024,0.024564995775576637,3.035000000000003,0.03,0.024556705477197936,0.125
4.076576941672488,1.9710959431018698,0.125,459.99455481838044,4.210244474091852,3.0360000000000027,0.024564995361135836,3.0360000000000027,0.03,0.024556705477197936,0.125
4.076658297286957,1.9717114920622736,0.125,460.0686589760702,4.210096751397364,3.0370000000000026,0.024564994946695035,3.0370000000000026,0.03,0.024556705477197936,0.125
4.076739605657854,1.9723271513016476,0.125,460.14305944542355,4.209948729445105,3.0380000000000025,0.02456499453225423,3.0380000000000025,0.03,0.024556705477197936,0.125
4.0768208666239705,1.9729429211962912,0.125,460.2177572375296,4.2098004072139315,3.039000000000002,0.02456499411781343,3.039000000000003,0.03,0.024556705477197936,0.125
4.076902080023365,1.9735588021242179,0.125,460.29275336808314,4.209651783678052,3.0400000000000027,0.024564993703372624,3.0400000000000027,0.03,0.024556705477197936,0.125
4.076983245693361,1.974174794465164,0.125,460.3680488574102,4.2095028578069975,3.0410000000000026,0.024564993288931823,3.0410000000000026,0.03,0.024556705477197936,0.125
4.0770639368872486,1.9747907466126269,0.125,460.44535445046984,4.209352074784934,3.0420000000000025,0.024564992874491022,3.0420000000000025,0.03,0.024556705477197936,0.125
4.077144388377467,1.9754067623133928,0.125,460.5237397486156,4.209200269661174,3.043000000000003,0.024564992460050214,3.043000000000003,0.03,0.024556705477197936,0.125
4.077224806252107,1.9760229192341014,0.125,460.6023810844021,4.209048188851929,3.0440000000000027,0.024564992045609413,3.0440000000000027,0.03,0.024556705477197936,0.125
4.0773051904122966,1.9766392177901309,0.125,460.681279210926,4.208895831546314,3.045000000000003,0.02456499163116861,3.0450000000000026,0.03,0.024556705477197936,0.125
4.077385540758769,1.9772556583984882,0.125,460.7604348842401,4.208743196930253,3.0460000000000025,0.024564991216727807,3.0460000000000025,0.03,0.024556705477197936,0.125
4.077465857191876,1.9778722414778216,0.125,460.8398488633685,4.208590284186479,3.047000000000003,0.024564990802287003,3.047000000000003,0.03,0.024556705477197936,0.125
4.077546139611567,1.978488967448423,0.125,460.91952191032044,4.208437092494507,3.0480000000000027,0.0245649903878462,3.0480000000000027,0.03,0.024556705477197936,0.125
4.077626387917404,1.9791058367322414,0.125,460.9994547901057,4.208283621030624,3.0490000000000026,0.0245649899734054,3.0490000000000026,0.03,0.024556705477197936,0.125
4.077706602008554,1.9797228497528878,0.125,461.0796482707487,4.208129868967865,3.0500000000000025,0.024564989558964596,3.0500000000000025,0.03,0.024556705477197936,0.125
4.077786781783783,1.9803400069356445,0.125,461.160103123304,4.207975835476009,3.051000000000003,0.02456498914452379,3.051000000000003,0.03,0.024556705477197936,0.125
4.077866927141458,1.980957308707473,0.125,461.2408201218709,4.207821519721552,3.0520000000000027,0.02456498873008299,3.0520000000000027,0.03,0.024556705477197936,0.125
4.077947037979545,1.9815747554970227,0.125,461.3218000436085,4.207666920867699,3.0530000000000026,0.024564988315642182,3.0530000000000026,0.03,0.024556705477197936,0.125
4.078027114195605,1.9821923477346386,0.125,461.40304366875114,4.20751203807434,3.0540000000000025,0.02456498790120138,3.0540000000000025,0.03,0.024556705477197936,0.125
4.078107155686794,1.9828100858523716,0.125,461.484551780623,4.207356870498041,3.055000000000003,0.02456498748676058,3.055000000000003,0.03,0.024556705477197936,0.125
4.078187162349862,1.9834279702839834,0.125,461.566325165654,4.207201417292023,3.0560000000000027,0.024564987072319775,3.0560000000000027,0.03,0.024556705477197936,0.125
4.0782671340811465,1.9840460014649588,0.125,461.64836461339513,4.207045677606146,3.057000000000003,0.02456498665787897,3.0570000000000026,0.03,0.024556705477197936,0.125
4.078347070776574,1.9846641798325115,0.125,461.7306709165336,4.206889650586894,3.058000000000002,0.02456498624343817,3.0580000000000025,0.03,0.024556705477197936,0.125
4.078426972331659,1.9852825058255943,0.125,461.81324487090876,4.206733335377355,3.059000000000003,0.02456498582899737,3.059000000000003,0.03,0.024556705477197936,0.125
4.0785068386414975,1.9859009798849068,0.125,461.8960872755277,4.2065767311172095,3.0600000000000027,0.024564985414556564,3.0600000000000027,0.03,0.024556705477197936,0.125
4.078586669600769,1.9865196024529046,0.125,461.9791989325808,4.206419836942709,3.061000000000002,0.024564985000115763,3.0610000000000026,0.03,0.024556705477197936,0.125
4.078666465103732,1.9871383739738082,0.125,462.0625806474579,4.206262651986658,3.062000000000002,0.024564984585674958,3.0620000000000025,0.03,0.024556705477197936,0.125
4.078746225044225,1.987757294893611,0.125,462.14623322876434,4.2061051753784,3.063000000000003,0.024564984171234157,3.063000000000003,0.03,0.024556705477197936,0.125
4.078825949315658,1.9883763656600892,0.125,462.23015748833666,4.2059474062438005,3.0640000000000027,0.024564983756793356,3.0640000000000027,0.03,0.024556705477197936,0.125
4.078905637811021,1.9889955867228104,0.125,462.314354241259,4.205789343705227,3.0650000000000026,0.024564983342352548,3.0650000000000026,0.03,0.024556705477197936,0.125
4.078985290422868,1.989614958533141,0.125,462.3988243058793,4.205630986881533,3.066000000000002,0.024564982927911747,3.0660000000000025,0.03,0.024556705477197936,0.125
4.079064907043329,1.9902344815442592,0.125,462.4835685038256,4.205472334888041,3.067000000000003,0.024564982513470945,3.067000000000003,0.03,0.024556705477197936,0.125
4.079144487564099,1.9908541562111581,0.125,462.5685876600227,4.205313386836524,3.0680000000000023,0.024564982099030137,3.0680000000000027,0.03,0.024556705477197936,0.125
4.079224031876434,1.9914739829906611,0.125,462.6538826027081,4.205154141835184,3.069000000000002,0.024564981684589336,3.0690000000000026,0.03,0.024556705477197936,0.125
4.079303539871159,1.9920939623414269,0.125,462.73945416344975,4.204994598988641,3.070000000000002,0.02456498127014853,3.0700000000000025,0.03,0.024556705477197936,0.125
4.0793830114386544,1.9927140947239599,0.125,462.82530317716174,4.204834757397914,3.0710000000000024,0.024564980855707734,3.071000000000003,0.03,0.024556705477197936,0.125
4.079462446468864,1.9933343806006205,0.125,462.91143048212166,4.2046746161603945,3.0720000000000023,0.024564980441266926,3.0720000000000027,0.03,0.024556705477197936,0.125
4.079541844851285,1.9939548204356319,0.125,462.99783691998744,4.204514174369838,3.073000000000002,0.024564980026826125,3.0730000000000026,0.03,0.024556705477197936,0.125
4.0796212064749655,1.9945754146950931,0.125,463.08452333581437,4.204353431116343,3.074000000000002,0.024564979612385324,3.0740000000000025,0.03,0.024556705477197936,0.125
4.079700531228514,1.9951961638469857,0.125,463.1714905780725,4.204192385486328,3.0750000000000024,0.02456497919794452,3.075000000000003,0.03,0.024556705477197936,0.125
4.079779819000078,1.9958170683611838,0.125,463.2587394986636,4.204031036562517,3.0760000000000023,0.024564978783503714,3.0760000000000027,0.03,0.024556705477197936,0.125
4.079858916504483,1.9964386192150911,0.125,463.34700307943547,4.203868280017192,3.077000000000002,0.024564978369062913,3.0770000000000026,0.03,0.024556705477197936,0.125
4.079937889181878,1.997060609796975,0.125,463.43595803091944,4.2037045843233045,3.078000000000002,0.024564977954622112,3.0780000000000025,0.03,0.024556705477197936,0.125
4.080016823833781,1.9976827628933906,0.125,463.52518735913895,4.203540574021752,3.0790000000000024,0.024564977540181304,3.079000000000003,0.03,0.024556705477197936,0.125
4.080095720342707,1.9983050790064596,0.125,463.6146919118383,4.2033762481404855,3.0800000000000023,0.024564977125740507,3.0800000000000027,0.03,0.024556705477197936,0.125
4.0801745785906816,1.9989275586403752,0.125,463.70447254025794,4.2032116057034505,3.081000000000002,0.024564976711299702,3.0810000000000026,0.03,0.024556705477197936,0.125
4.080253398459246,1.999550202301413,0.125,463.7945300991522,4.203046645730563,3.082000000000002,0.0245649762968589,3.0820000000000025,0.03,0.024556705477197936,0.125
4.08033217982945,2.0001730104979396,0.125,463.88486544680774,4.20288136723769,3.083000000000003,0.024564975882418093,3.083000000000003,0.03,0.024556705477197936,0.125
4.080410922581856,2.0007959837404243,0.125,463.97547944506124,4.202715769236625,3.0840000000000027,0.024564975467977295,3.0840000000000027,0.03,0.024556705477197936,0.125
4.080489626596526,2.001419122541451,0.125,464.0663729593186,4.202549850735069,3.085000000000002,0.024564975053536487,3.0850000000000026,0.03,0.024556705477197936,0.125
4.080568291753028,2.0020424274157285,0.125,464.1575468585731,4.202383610736615,3.086000000000002,0.024564974639095682,3.0860000000000025,0.03,0.024556705477197936,0.125
4.080646917930432,2.0026658988801005,0.125,464.2490020154236,4.202217048240716,3.087000000000003,0.02456497422465488,3.087000000000003,0.03,0.024556705477197936,0.125
4.080725505007299,2.0032895374535578,0.125,464.3407393060938,4.202050162242672,3.0880000000000027,0.024564973810214077,3.0880000000000027,0.03,0.024556705477197936,0.125
4.0808040528616925,2.0039133436572496,0.125,464.4327596104506,4.201882951733601,3.089000000000002,0.024564973395773276,3.0890000000000026,0.03,0.024556705477197936,0.125
4.0808825613711655,2.0045373180144948,0.125,464.52506381202375,4.201715415700426,3.090000000000002,0.024564972981332475,3.0900000000000025,0.03,0.024556705477197936,0.125
4.08096103041276,2.0051614610507924,0.125,464.6176527980243,4.201547553125849,3.091000000000003,0.02456497256689167,3.091000000000003,0.03,0.024556705477197936,0.125
4.081039459863004,2.005785773293833,0.125,464.7105274593638,4.201379362988326,3.0920000000000027,0.02456497215245087,3.0920000000000027,0.03,0.024556705477197936,0.125
4.0811178495979155,2.0064102552735097,0.125,464.8036886906743,4.201210844262046,3.0930000000000026,0.024564971738010068,3.0930000000000026,0.03,0.024556705477197936,0.125
4.081196199492988,2.0070349075219336,0.125,464.8971373903267,4.201041995916915,3.094000000000002,0.024564971323569263,3.0940000000000025,0.03,0.024556705477197936,0.125
4.081274509423195,2.00765973057344,0.125,464.9908744604515,4.200872816918526,3.095000000000003,0.02456497090912846,3.095000000000003,0.03,0.024556705477197936,0.125
4.081352779262991,2.008284724964602,0.125,465.0849008069575,4.20070330622814,3.0960000000000027,0.024564970494687657,3.0960000000000027,0.03,0.024556705477197936,0.125
4.081431008886299,2.008909891234243,0.125,465.1792173395521,4.200533462802661,3.0970000000000026,0.024564970080246853,3.0970000000000026,0.03,0.024556705477197936,0.125
4.081509198166516,2.009535229923449,0.125,465.2738249717612,4.200363285594617,3.0980000000000025,0.02456496966580605,3.0980000000000025,0.03,0.024556705477197936,0.125
4.081587346976505,2.0101607415755787,0.125,465.36872462094925,4.200192773552133,3.099000000000003,0.024564969251365247,3.099000000000003,0.03,0.024556705477197936,0.125
4.081665455188595,2.0107864267362765,0.125,465.4639172083378,4.200021925618912,3.1000000000000023,0.024564968836924446,3.1000000000000028,0.03,0.024556705477197936,0.125
4.081742312689934,2.0113796048855472,0.125,465.1052645518292,4.199874060368239,3.101000000000003,0.024564968062100224,3.1010000000000026,0.03,0.024556705477197936,0.125
4.081819146725055,2.011972939419726,0.125,464.74684584119035,4.199725944871526,3.1020000000000025,0.024564967287276,3.1020000000000025,0.03,0.024556705477197936,0.125
4.081895957235088,2.0125664307311273,0.125,464.38866166330854,4.199577578500998,3.1030000000000024,0.024564966512451773,3.103000000000003,0.03,0.024556705477197936,0.125
4.08197274416097,2.013160079213378,0.125,464.03071260703615,4.199428960626771,3.1040000000000023,0.02456496573762755,3.1040000000000028,0.03,0.024556705477197936,0.125
4.082049507443436,2.0137538852614254,0.125,463.67299926319805,4.199280090616857,3.1050000000000026,0.02456496496280333,3.1050000000000026,0.03,0.024556705477197936,0.125
4.082126247023026,2.0143478492715405,0.125,463.3155222246003,4.199130967837145,3.106000000000002,0.024564964187979103,3.1060000000000025,0.03,0.024556705477197936,0.125
4.082202962840075,2.014941971641324,0.125,462.95828208603865,4.198981591651397,3.107000000000002,0.024564963413154884,3.107000000000003,0.03,0.024556705477197936,0.125
4.082279654834724,2.0155362527697127,0.125,462.601279444307,4.198831961421238,3.108000000000003,0.02456496263833066,3.1080000000000028,0.03,0.024556705477197936,0.125
4.082356322946906,2.0161306930569833,0.125,462.2445148982047,4.198682076506148,3.109000000000002,0.024564961863506436,3.1090000000000027,0.03,0.024556705477197936,0.125
4.082432821449669,2.0167256779421625,0.125,461.8886033896379,4.198530968533363,3.110000000000002,0.02456496108868221,3.1100000000000025,0.03,0.024556705477197936,0.125
4.0825092014975635,2.01732105795055,0.125,461.5333301424224,4.198378991602667,3.111000000000003,0.024564960313857992,3.111000000000003,0.03,0.024556705477197936,0.125
4.082585557028765,2.0179165814322584,0.125,461.1782994623323,4.198226773132827,3.112000000000003,0.024564959539033763,3.1120000000000028,0.03,0.024556705477197936,0.125
4.0826618879846395,2.0185122487304357,0.125,460.82351192951717,4.1980743125461535,3.113000000000002,0.024564958764209544,3.1130000000000027,0.03,0.024556705477197936,0.125
4.08273819430636,2.0191080601893234,0.125,460.46896812597834,4.197921609263113,3.1140000000000025,0.02456495798938532,3.1140000000000025,0.03,0.024556705477197936,0.125
4.082814475934917,2.019704016154262,0.125,460.11466863557587,4.197768662702318,3.1150000000000033,0.024564957214561096,3.115000000000003,0.03,0.024556705477197936,0.125
4.0828907328111095,2.020300116971696,0.125,459.76061404403674,4.197615472280524,3.1160000000000023,0.024564956439736878,3.1160000000000028,0.03,0.024556705477197936,0.125
4.0829669648755464,2.0208963629891796,0.125,459.4068049389613,4.197462037412621,3.117000000000002,0.024564955664912652,3.1170000000000027,0.03,0.024556705477197936,0.125
4.08304317206865,2.0214927545553785,0.125,459.0532419098313,4.197308357511627,3.1180000000000025,0.024564954890088433,3.1180000000000025,0.03,0.024556705477197936,0.125
4.083119354330648,2.022089292020075,0.125,458.69992554801695,4.197154431988675,3.1190000000000033,0.024564954115264208,3.119000000000003,0.03,0.024556705477197936,0.125
4.083195511601577,2.0226859757341744,0.125,458.3468564467859,4.197000260253013,3.1200000000000028,0.02456495334043999,3.1200000000000028,0.03,0.024556705477197936,0.125
4.083271643821283,2.0232828060497092,0.125,457.9940352013092,4.196845841711994,3.121000000000002,0.024564952565615764,3.1210000000000027,0.03,0.024556705477197936,0.125
4.08334775092942,2.023879783319839,0.125,457.64146240866927,4.196691175771064,3.1220000000000026,0.024564951790791538,3.1220000000000026,0.03,0.024556705477197936,0.125
4.083423832865441,2.024476907898863,0.125,457.2891386678684,4.196536261833758,3.1230000000000033,0.024564951015967316,3.123000000000003,0.03,0.024556705477197936,0.125
4.083499889568613,2.0250741801422163,0.125,456.9370645798359,4.196381099301696,3.1240000000000023,0.024564950241143094,3.1240000000000028,0.03,0.024556705477197936,0.125
4.083575920978002,2.0256716004064823,0.125,456.5852407474359,4.196225687574569,3.1250000000000027,0.02456494946631887,3.1250000000000027,0.03,0.024556705477197936,0.125
4.083651927032479,2.0262691690493893,0.125,456.23366777547494,4.196070026050132,3.1260000000000026,0.024564948691494642,3.1260000000000026,0.03,0.024556705477197936,0.125
4.083727907670717,2.026866886429822,0.125,455.8823462707102,4.195914114124197,3.1270000000000024,0.024564947916670424,3.127000000000003,0.03,0.024556705477197936,0.125
4.0838038628311955,2.027464752907824,0.125,455.53127684185733,4.195757951190632,3.1280000000000023,0.024564947141846198,3.128000000000003,0.03,0.024556705477197936,0.125
4.083879792452186,2.0280627688445985,0.125,455.18046009959806,4.195601536641343,3.1290000000000022,0.024564946367021976,3.1290000000000027,0.03,0.024556705477197936,0.125
4.083955696471773,2.0286609346025197,0.125,454.8298966565882,4.195444869866269,3.130000000000002,0.024564945592197754,3.1300000000000026,0.03,0.024556705477197936,0.125
4.084031574827829,2.0292592505451337,0.125,454.4795871274658,4.195287950253376,3.1310000000000024,0.024564944817373525,3.131000000000003,0.03,0.024556705477197936,0.125
4.084107427458033,2.029857717037162,0.125,454.12953212885935,4.195130777188651,3.1320000000000023,0.024564944042549303,3.132000000000003,0.03,0.024556705477197936,0.125
4.084183254299858,2.030456334444509,0.125,453.77973227939543,4.194973350056088,3.1330000000000022,0.024564943267725084,3.1330000000000027,0.03,0.024556705477197936,0.125
4.084259055290576,2.0310551031342667,0.125,453.4301881997067,4.194815668237685,3.134000000000002,0.024564942492900862,3.1340000000000026,0.03,0.024556705477197936,0.125
4.084334830367254,2.031654023474718,0.125,453.0809005124406,4.194657731113433,3.1350000000000025,0.024564941718076636,3.135000000000003,0.03,0.024556705477197936,0.125
4.0844105794667565,2.032253095835341,0.125,452.7318698422675,4.194499538061309,3.136000000000003,0.024564940943252414,3.136000000000003,0.03,0.024556705477197936,0.125
4.084486302525742,2.0328523205868163,0.125,452.38309681588817,4.194341088457268,3.1370000000000027,0.02456494016842819,3.1370000000000027,0.03,0.024556705477197936,0.125
4.084561999480661,2.033451698101031,0.125,452.0345820620427,4.194182381675234,3.1380000000000026,0.02456493939360397,3.1380000000000026,0.03,0.024556705477197936,0.125
4.084637670267761,2.0340512287510824,0.125,451.6863262115186,4.1940234170870925,3.1390000000000025,0.024564938618779744,3.139000000000003,0.03,0.024556705477197936,0.125
4.084713314823077,2.0346509129112844,0.125,451.3383298971595,4.193864194062683,3.140000000000003,0.024564937843955525,3.140000000000003,0.03,0.024556705477197936,0.125
4.084788933082439,2.0352507509571707,0.125,450.9905937538729,4.19370471196979,3.1410000000000027,0.024564937069131303,3.1410000000000027,0.03,0.024556705477197936,0.125
4.084864499747972,2.0358508047124446,0.125,450.6432006925961,4.193544807807186,3.1420000000000026,0.02456493629430708,3.1420000000000026,0.03,0.024556705477197936,0.125
4.084939742479543,2.036451741120666,0.125,450.29703956124604,4.193382725423711,3.143000000000003,0.024564935519482856,3.143000000000003,0.03,0.024556705477197936,0.125
4.085014958399288,2.037052839909298,0.125,449.95114241424795,4.193220373417715,3.144000000000003,0.02456493474465863,3.144000000000003,0.03,0.024556705477197936,0.125
4.085090147440399,2.037654101482967,0.125,449.6055099094048,4.193057751117344,3.1450000000000027,0.02456493396983441,3.1450000000000027,0.03,0.024556705477197936,0.125
4.0851653095358404,2.0382555262476396,0.125,449.26014270670674,4.192894857848511,3.146000000000003,0.024564933195010186,3.1460000000000026,0.03,0.024556705477197936,0.125
4.08524044461836,2.0388571146106376,0.125,448.91504146834046,4.192731692934888,3.147000000000003,0.02456493242018596,3.147000000000003,0.03,0.024556705477197936,0.125
4.085315552620477,2.0394588669806377,0.125,448.57020685869844,4.192568255697892,3.148000000000003,0.02456493164536174,3.148000000000003,0.03,0.024556705477197936,0.125
4.085390633474486,2.0400607837676783,0.125,448.22563954438766,4.192404545456679,3.1490000000000022,0.024564930870537516,3.1490000000000027,0.03,0.024556705477197936,0.125
4.085465687112458,2.0406628653831667,0.125,447.88134019423904,4.192240561528132,3.1500000000000026,0.024564930095713297,3.1500000000000026,0.03,0.024556705477197936,0.125
4.085540713466234,2.041265112239885,0.125,447.5373094793167,4.192076303226855,3.151000000000003,0.02456492932088907,3.151000000000003,0.03,0.024556705477197936,0.125
4.08561571246743,2.041867524751992,0.125,447.193548072928,4.19191176986516,3.152000000000003,0.024564928546064846,3.152000000000003,0.03,0.024556705477197936,0.125
4.085690684047432,2.042470103335034,0.125,446.8500566506317,4.191746960753062,3.1530000000000027,0.02456492777124062,3.1530000000000027,0.03,0.024556705477197936,0.125
4.085765628137397,2.0430728484059477,0.125,446.50683589024794,4.191581875198259,3.154000000000002,0.0245649269964164,3.1540000000000026,0.03,0.024556705477197936,0.125
4.085840544668249,2.0436757603830666,0.125,446.1638864718678,4.191416512506138,3.155000000000003,0.024564926221592176,3.155000000000003,0.03,0.024556705477197936,0.125
4.085915433570684,2.0442788396861267,0.125,445.8212090778632,4.191250871979753,3.156000000000003,0.024564925446767954,3.156000000000003,0.03,0.024556705477197936,0.125
4.085990294775165,2.0448820867362723,0.125,445.4788043928954,4.19108495291982,3.1570000000000027,0.02456492467194373,3.1570000000000027,0.03,0.024556705477197936,0.125
4.086065128211917,2.045485501956063,0.125,445.13667310392566,4.190918754624705,3.158000000000002,0.02456492389711951,3.1580000000000026,0.03,0.024556705477197936,0.125
4.086139933810935,2.0460890857694793,0.125,444.79481590022414,4.190752276390414,3.159000000000003,0.024564923122295287,3.159000000000003,0.03,0.024556705477197936,0.125
4.086214711501978,2.046692838601926,0.125,444.45323347338024,4.19058551751059,3.1600000000000024,0.024564922347471062,3.160000000000003,0.03,0.024556705477197936,0.125
4.086289461214568,2.047296760880242,0.125,444.111926517312,4.190418477276495,3.1610000000000027,0.024564921572646843,3.1610000000000027,0.03,0.024556705477197936,0.125
4.086364182877985,2.047900853032704,0.125,443.7708957282758,4.190251154976998,3.162000000000002,0.024564920797822618,3.1620000000000026,0.03,0.024556705477197936,0.125
4.086438876421279,2.048505115489035,0.125,443.4301418048765,4.190083549898575,3.163000000000003,0.024564920022998392,3.163000000000003,0.03,0.024556705477197936,0.125
4.086513541773254,2.049109548680405,0.125,443.0896654480774,4.189915661325293,3.164000000000002,0.024564919248174173,3.164000000000003,0.03,0.024556705477197936,0.125
4.086588178862476,2.0497141530394445,0.125,442.7494673612099,4.189747488538799,3.1650000000000027,0.024564918473349948,3.1650000000000027,0.03,0.024556705477197936,0.125
4.086662787617267,2.050318929000244,0.125,442.4095482499837,4.189579030818309,3.1660000000000026,0.024564917698525722,3.1660000000000026,0.03,0.024556705477197936,0.125
4.086737367965712,2.0509238769983655,0.125,442.06990882249653,4.189410287440602,3.167000000000003,0.024564916923701503,3.167000000000003,0.03,0.024556705477197936,0.125
4.086811919835647,2.0515289974708444,0.125,441.7305497892452,4.189241257680008,3.168000000000003,0.024564916148877278,3.168000000000003,0.03,0.024556705477197936,0.125
4.086886443154663,2.0521342908561984,0.125,441.3914718631345,4.189071940808394,3.1690000000000023,0.024564915374053052,3.1690000000000027,0.03,0.024556705477197936,0.125
4.08696093785011,2.0527397575944333,0.125,441.0526757594882,4.188902336095159,3.170000000000002,0.02456491459922883,3.1700000000000026,0.03,0.024556705477197936,0.125
4.087035403849089,2.053345398127048,0.125,440.71416219605914,4.18873244280722,3.1710000000000025,0.02456491382440461,3.171000000000003,0.03,0.024556705477197936,0.125
4.087109841078451,2.0539512128970445,0.125,440.37593189304,4.188562260209006,3.1720000000000033,0.024564913049580386,3.172000000000003,0.03,0.024556705477197936,0.125
4.0871841210324735,2.054557675541101,0.125,440.0386439734644,4.188390799972279,3.1730000000000023,0.024564912274756164,3.1730000000000027,0.03,0.024556705477197936,0.125
4.087258280537715,2.055164652819501,0.125,439.7021168118022,4.188218342816035,3.174000000000002,0.02456491149993194,3.1740000000000026,0.03,0.024556705477197936,0.125
4.087332412411285,2.0557718035368038,0.125,439.3658767494635,4.188045601682681,3.175000000000002,0.02456491072510772,3.175000000000003,0.03,0.024556705477197936,0.125
4.087406516584998,2.0563791281210038,0.125,439.02992449492507,4.18787257587145,3.1760000000000033,0.024564909950283494,3.176000000000003,0.03,0.024556705477197936,0.125
4.087480592990442,2.0569866270015065,0.125,438.6942607589957,4.1876992646792575,3.1770000000000023,0.02456490917545927,3.1770000000000027,0.03,0.024556705477197936,0.125
4.08755464155898,2.0575943006091326,0.125,438.35888625482767,4.18752566740071,3.178000000000002,0.02456490840063505,3.1780000000000026,0.03,0.024556705477197936,0.125
4.08762866222175,2.0582021493761244,0.125,438.02380169792497,4.187351783328084,3.179000000000003,0.024564907625810824,3.179000000000003,0.03,0.024556705477197936,0.125
4.087702654909661,2.0588101737361497,0.125,437.689007806154,4.18717761175132,3.180000000000003,0.024564906850986605,3.180000000000003,0.03,0.024556705477197936,0.125
4.087776619553393,2.0594183741243093,0.125,437.3545052997527,4.187003151958012,3.1810000000000023,0.02456490607616238,3.1810000000000027,0.03,0.024556705477197936,0.125
4.087850556083398,2.060026750977144,0.125,437.0202949013403,4.1868284032334,3.1820000000000026,0.02456490530133816,3.1820000000000026,0.03,0.024556705477197936,0.125
4.087924464429902,2.0606353047326382,0.125,436.6863773359277,4.186653364860357,3.183000000000003,0.024564904526513935,3.183000000000003,0.03,0.024556705477197936,0.125
4.087998344522889,2.061244035830227,0.125,436.3527533309272,4.186478036119382,3.184000000000003,0.024564903751689713,3.184000000000003,0.03,0.024556705477197936,0.125
4.0880721962921225,2.061852944710802,0.125,436.01942361616204,4.186302416288589,3.1850000000000023,0.024564902976865487,3.1850000000000027,0.03,0.024556705477197936,0.125
4.088146019667126,2.0624620318167186,0.125,435.6863889238769,4.186126504643695,3.186000000000002,0.024564902202041262,3.1860000000000026,0.03,0.024556705477197936,0.125
4.088219814577194,2.0630712975917995,0.125,435.3536499887474,4.185950300458016,3.187000000000003,0.02456490142721704,3.187000000000003,0.03,0.024556705477197936,0.125
4.088293580951379,2.063680742481343,0.125,435.02120754789115,4.185773803002448,3.1880000000000024,0.024564900652392817,3.188000000000003,0.03,0.024556705477197936,0.125
4.088367318718504,2.0642903669321275,0.125,434.6890623408767,4.185597011545466,3.1890000000000027,0.024564899877568595,3.1890000000000027,0.03,0.024556705477197936,0.125
4.0884410278071535,2.064900171392421,0.125,434.35721510973474,4.185419925353112,3.190000000000002,0.024564899102744373,3.1900000000000026,0.03,0.024556705477197936,0.125
4.088514708145672,2.065510156311982,0.125,434.02566659896746,4.185242543688977,3.191000000000003,0.02456489832792015,3.191000000000003,0.03,0.024556705477197936,0.125
4.088588359662166,2.06612032214207,0.125,433.6944175555601,4.1850648658142005,3.1920000000000024,0.024564897553095925,3.192000000000003,0.03,0.024556705477197936,0.125
4.088661982284505,2.0667306693354504,0.125,433.36346872898986,4.184886890987455,3.1930000000000027,0.024564896778271707,3.1930000000000027,0.03,0.024556705477197936,0.125
4.088735575940314,2.0673411983463996,0.125,433.0328208712373,4.1847086184649385,3.1940000000000026,0.02456489600344748,3.1940000000000026,0.03,0.024556705477197936,0.125
4.088809140556975,2.067951909630714,0.125,432.70247473679615,4.184530047500362,3.195000000000003,0.02456489522862326,3.195000000000003,0.03,0.024556705477197936,0.125
4.088882676061633,2.0685628036457135,0.125,432.3724310826847,4.184351177344941,3.1960000000000024,0.024564894453799037,3.196000000000003,0.03,0.024556705477197936,0.125
4.0889561823811835,2.0691738808502493,0.125,432.04269066845546,4.184172007247381,3.1970000000000027,0.02456489367897481,3.1970000000000027,0.03,0.024556705477197936,0.125
4.0890296594422795,2.0697851417047115,0.125,431.71325425620626,4.183992536453874,3.1980000000000026,0.02456489290415059,3.1980000000000026,0.03,0.024556705477197936,0.125
4.089103107171326,2.0703965866710328,0.125,431.38412261059034,4.183812764208081,3.199000000000003,0.024564892129326363,3.199000000000003,0.03,0.024556705477197936,0.125
4.0891765254944845,2.071008216212696,0.125,431.0552964988294,4.183632689751127,3.200000000000003,0.024564891354502145,3.200000000000003,0.03,0.024556705477197936,0.125
4.089251470898413,2.0715940701725533,0.125,431.06637936871476,4.183480256171951,3.201000000000003,0.024564890092571456,3.2010000000000027,0.03,0.024556705477197936,0.125
4.089326211154005,2.0721804727377875,0.125,431.07821034562687,4.183326454009962,3.2020000000000026,0.024564888830640765,3.2020000000000026,0.03,0.024556705477197936,0.125
4.089400779973879,2.07276733900147,0.125,431.0907368347924,4.18317150287643,3.203000000000003,0.024564887568710073,3.203000000000003,0.03,0.024556705477197936,0.125
4.089475327442101,2.073354358202784,0.125,431.10351610017796,4.183016313395768,3.2040000000000033,0.024564886306779384,3.204000000000003,0.03,0.024556705477197936,0.125
4.089549853507724,2.073941530706655,0.125,431.1165487449356,4.182860884999252,3.2050000000000023,0.024564885044848696,3.2050000000000027,0.03,0.024556705477197936,0.125
4.089624358119638,2.0745288568791724,0.125,431.12983537413754,4.182705217116352,3.2060000000000026,0.024564883782918007,3.2060000000000026,0.03,0.024556705477197936,0.125
4.089698841226571,2.0751163370875902,0.125,431.1433765947841,4.182549309174712,3.207000000000003,0.02456488252098732,3.207000000000003,0.03,0.024556705477197936,0.125
4.089773302777088,2.075703971700334,0.125,431.15717301581145,4.18239316060016,3.2080000000000033,0.024564881259056627,3.208000000000003,0.03,0.024556705477197936,0.125
4.089847742719587,2.076291761087005,0.125,431.17122524809923,4.182236770816684,3.2090000000000027,0.02456487999712594,3.2090000000000027,0.03,0.024556705477197936,0.125
4.089922161002304,2.076879705618385,0.125,431.1855339044782,4.182080139246436,3.210000000000002,0.02456487873519525,3.2100000000000026,0.03,0.024556705477197936,0.125
4.089996557573308,2.077467805666443,0.125,431.20009959973845,4.1819232653097185,3.2110000000000025,0.024564877473264562,3.211000000000003,0.03,0.024556705477197936,0.125
4.090070932380503,2.0780560616043346,0.125,431.21492295063695,4.181766148424983,3.212000000000003,0.02456487621133387,3.212000000000003,0.03,0.024556705477197936,0.125
4.090145285371626,2.078644473806413,0.125,431.23000457590507,4.181608788008815,3.2130000000000027,0.02456487494940318,3.2130000000000027,0.03,0.024556705477197936,0.125
4.090219616494245,2.0792330426482297,0.125,431.2453450962572,4.181451183475932,3.2140000000000026,0.024564873687472497,3.2140000000000026,0.03,0.024556705477197936,0.125
4.090293925695762,2.0798217685065423,0.125,431.26094513439836,4.181293334239176,3.215000000000002,0.024564872425541805,3.215000000000003,0.03,0.024556705477197936,0.125
4.090368212923409,2.080410651759314,0.125,431.2768053150319,4.181135239709502,3.216000000000003,0.024564871163611116,3.216000000000003,0.03,0.024556705477197936,0.125
4.090442478124247,2.080999692785726,0.125,431.2929262648681,4.180976899295974,3.2170000000000023,0.02456486990168042,3.2170000000000027,0.03,0.024556705477197936,0.125
4.090516721245171,2.0815888919661756,0.125,431.30930861263164,4.180818312405757,3.218000000000002,0.024564868639749732,3.2180000000000026,0.03,0.024556705477197936,0.125
4.090590942232902,2.0821782496822867,0.125,431.3259529890704,4.180659478444107,3.219000000000003,0.024564867377819044,3.219000000000003,0.03,0.024556705477197936,0.125
4.090665141033989,2.082767766316909,0.125,431.3428600269628,4.180500396814367,3.220000000000003,0.02456486611588836,3.220000000000003,0.03,0.024556705477197936,0.125
4.090739317594811,2.0833574422541274,0.125,431.3600303611267,4.180341066917955,3.2210000000000027,0.024564864853957667,3.2210000000000027,0.03,0.024556705477197936,0.125
4.090813471861572,2.0839472778792665,0.125,431.377464628427,4.180181488154361,3.2220000000000026,0.024564863592026982,3.2220000000000026,0.03,0.024556705477197936,0.125
4.090887603780304,2.084537273578893,0.125,431.3951634677845,4.180021659921135,3.2230000000000025,0.02456486233009629,3.223000000000003,0.03,0.024556705477197936,0.125
4.090961713296863,2.0851274297408224,0.125,431.41312752018365,4.179861581613881,3.224000000000003,0.024564861068165602,3.224000000000003,0.03,0.024556705477197936,0.125
4.091035800356933,2.0857177467541255,0.125,431.4313574286814,4.17970125262625,3.2250000000000023,0.024564859806234914,3.2250000000000028,0.03,0.024556705477197936,0.125
4.091109864906017,2.08630822500913,0.125,431.449853838415,4.17954067234993,3.2260000000000026,0.02456485854430422,3.2260000000000026,0.03,0.024556705477197936,0.125
4.091183906889448,2.0868988648974285,0.125,431.46861739661097,4.179379840174642,3.227000000000003,0.024564857282373533,3.227000000000003,0.03,0.024556705477197936,0.125
4.091257926252375,2.087489666811883,0.125,431.48764875259343,4.179218755488123,3.2280000000000024,0.02456485602044284,3.228000000000003,0.03,0.024556705477197936,0.125
4.0913319229397755,2.0880806311466293,0.125,431.50694855779227,4.179057417676131,3.2290000000000028,0.024564854758512153,3.2290000000000028,0.03,0.024556705477197936,0.125
4.091405896896444,2.088671758297082,0.125,431.5265174657519,4.178895826122427,3.230000000000002,0.02456485349658146,3.2300000000000026,0.03,0.024556705477197936,0.125
4.091479848066998,2.0892630486599426,0.125,431.5463561321404,4.178733980208772,3.231000000000003,0.024564852234650776,3.231000000000003,0.03,0.024556705477197936,0.125
4.091553776395874,2.0898545026331985,0.125,431.5664652147569,4.178571879314912,3.232000000000003,0.024564850972720084,3.232000000000003,0.03,0.024556705477197936,0.125
4.091627681827328,2.0904461206161358,0.125,431.58684537354156,4.178409522818581,3.2330000000000028,0.0245648497107894,3.2330000000000028,0.03,0.024556705477197936,0.125
4.091701564305432,2.0910379030093376,0.125,431.60749727058317,4.178246910095481,3.234000000000002,0.024564848448858714,3.2340000000000027,0.03,0.024556705477197936,0.125
4.091775260782926,2.091630044627928,0.125,431.6288817402759,4.178083194214355,3.235000000000003,0.024564847186928015,3.235000000000003,0.03,0.024556705477197936,0.125
4.091848713149264,2.0922225996139603,0.125,431.65115658908155,4.177918088625948,3.2360000000000024,0.02456484592499733,3.236000000000003,0.03,0.024556705477197936,0.125
4.091922137235717,2.0928153046240228,0.125,431.6737102596336,4.177752719905777,3.2370000000000028,0.02456484466306664,3.2370000000000028,0.03,0.024556705477197936,0.125
4.091995532971089,2.0934081600358003,0.125,431.6965434538634,4.177587087391405,3.238000000000002,0.02456484340113595,3.2380000000000027,0.03,0.024556705477197936,0.125
4.092068900283947,2.0940011662282467,0.125,431.7196568760612,4.177421190418179,3.239000000000003,0.024564842139205265,3.239000000000003,0.03,0.024556705477197936,0.125
4.0921422391026185,2.094594323581588,0.125,431.7430512328847,4.1772550283192,3.240000000000003,0.02456484087727457,3.240000000000003,0.03,0.024556705477197936,0.125
4.0922155493551875,2.0951876324773315,0.125,431.7667272333698,4.177088600425337,3.2410000000000028,0.024564839615343885,3.2410000000000028,0.03,0.024556705477197936,0.125
4.092288830969496,2.0957810932982697,0.125,431.79068558894033,4.176921906065199,3.242000000000002,0.024564838353413193,3.2420000000000027,0.03,0.024556705477197936,0.125
4.0923620838731445,2.0963747064284837,0.125,431.81492701341836,4.176754944565131,3.2430000000000025,0.0245648370914825,3.243000000000003,0.03,0.024556705477197936,0.125
4.092435307993488,2.096968472253353,0.125,431.8394522230339,4.176587715249205,3.244000000000003,0.024564835829551816,3.244000000000003,0.03,0.024556705477197936,0.125
4.092508503257637,2.0975623911595545,0.125,431.8642619364354,4.176420217439218,3.2450000000000028,0.024564834567621128,3.2450000000000028,0.03,0.024556705477197936,0.125
4.092581669592454,2.098156463535075,0.125,431.8893568746999,4.1762524504546645,3.2460000000000027,0.024564833305690436,3.2460000000000027,0.03,0.024556705477197936,0.125
4.092654806924558,2.0987506897692136,0.125,431.91473776134336,4.176084413612745,3.247000000000003,0.024564832043759748,3.247000000000003,0.03,0.024556705477197936,0.125
4.092727915180315,2.099345070252584,0.125,431.94040532233066,4.175916106228347,3.2480000000000024,0.024564830781829056,3.248000000000003,0.03,0.024556705477197936,0.125
4.092800994285843,2.099939605377128,0.125,431.96636028608634,4.1757475276140354,3.2490000000000028,0.024564829519898367,3.2490000000000028,0.03,0.024556705477197936,0.125
4.0928740441670115,2.1005342955361117,0.125,431.992603383505,4.175578677080044,3.2500000000000027,0.02456482825796768,3.2500000000000027,0.03,0.024556705477197936,0.125
4.092947064749437,2.101129141124139,0.125,432.01913534796137,4.175409553934268,3.2510000000000026,0.024564826996036994,3.251000000000003,0.03,0.024556705477197936,0.125
4.0930200559584815,2.1017241425371527,0.125,432.04595691532137,4.175240157482251,3.2520000000000024,0.024564825734106302,3.252000000000003,0.03,0.024556705477197936,0.125
4.093093017719256,2.1023193001724416,0.125,432.07306882395227,4.175070487027173,3.2530000000000023,0.02456482447217561,3.253000000000003,0.03,0.024556705477197936,0.125
4.093165949956617,2.1029146144286477,0.125,432.1004718147338,4.174900541869849,3.254000000000003,0.02456482321024492,3.2540000000000027,0.03,0.024556705477197936,0.125
4.093238852595163,2.1035100857057683,0.125,432.1281666310682,4.174730321308705,3.2550000000000034,0.024564821948314233,3.255000000000003,0.03,0.024556705477197936,0.125
4.093311725559236,2.104105714405165,0.125,432.1561540188917,4.174559824639785,3.2560000000000024,0.02456482068638354,3.256000000000003,0.03,0.024556705477197936,0.125
4.09338456877292,2.104701500929569,0.125,432.18443472668446,4.174389051156726,3.257000000000002,0.024564819424452856,3.257000000000003,0.03,0.024556705477197936,0.125
4.09345738216004,2.1052974456830853,0.125,432.2130095054826,4.174218000150754,3.2580000000000022,0.024564818162522165,3.2580000000000027,0.03,0.024556705477197936,0.125
4.093530165644164,2.1058935490712005,0.125,432.24187910888776,4.174046670910675,3.2590000000000026,0.024564816900591476,3.259000000000003,0.03,0.024556705477197936,0.125
4.09360291914859,2.1064898115007873,0.125,432.2710442930791,4.1738750627228605,3.260000000000003,0.024564815638660788,3.260000000000003,0.03,0.024556705477197936,0.125
4.093675642596364,2.107086233380111,0.125,432.3005058168239,4.173703174871242,3.2610000000000023,0.024564814376730096,3.261000000000003,0.03,0.024556705477197936,0.125
4.09374833591026,2.107682815118837,0.125,432.3302644414888,4.173531006637298,3.2620000000000027,0.02456481311479941,3.2620000000000027,0.03,0.024556705477197936,0.125
4.093820999012793,2.108279557128033,0.125,432.36032093105064,4.17335855730004,3.2630000000000026,0.02456481185286872,3.263000000000003,0.03,0.024556705477197936,0.125
4.093893631826209,2.108876459820179,0.125,432.39067605210806,4.1731858261360095,3.2640000000000025,0.024564810590938027,3.264000000000003,0.03,0.024556705477197936,0.125
4.093966234272485,2.1094735236091693,0.125,432.4213305738924,4.173012812419262,3.2650000000000023,0.024564809329007342,3.265000000000003,0.03,0.024556705477197936,0.125
4.094038672864697,2.110071132422701,0.125,432.452723790735,4.172838597889096,3.2660000000000027,0.02456480806707665,3.2660000000000027,0.03,0.024556705477197936,0.125
4.094110887702338,2.110669464000565,0.125,432.4850547706956,4.172662765019183,3.267000000000003,0.024564806805145962,3.267000000000003,0.03,0.024556705477197936,0.125
4.094183072047281,2.1112679652257795,0.125,432.5176894706089,4.1724866405274685,3.268000000000003,0.024564805543215273,3.268000000000003,0.03,0.024556705477197936,0.125
4.094255225820284,2.1118666365392027,0.125,432.550628679746,4.172310223656121,3.269000000000003,0.02456480428128458,3.269000000000003,0.03,0.024556705477197936,0.125
4.094327348941832,2.112465478383225,0.125,432.58387319011575,4.172133513644678,3.2700000000000027,0.024564803019353893,3.2700000000000027,0.03,0.024556705477197936,0.125
4.094399441332133,2.1130644912017673,0.125,432.6174237964756,4.171956509730044,3.2710000000000026,0.024564801757423205,3.271000000000003,0.03,0.024556705477197936,0.125
4.0944715029111185,2.113663675440298,0.125,432.65128129634434,4.171779211146464,3.2720000000000025,0.024564800495492516,3.272000000000003,0.03,0.024556705477197936,0.125
4.09454353359844,2.1142630315458315,0.125,432.6854464900132,4.171601617125525,3.2730000000000024,0.024564799233561828,3.273000000000003,0.03,0.024556705477197936,0.125
4.0946155333134735,2.114862559966938,0.125,432.71992018055886,4.171423726896142,3.2740000000000022,0.02456479797163114,3.2740000000000027,0.03,0.024556705477197936,0.125
4.094687501975308,2.1154622611537506,0.125,432.7547031738548,4.1712455396845405,3.2750000000000035,0.02456479670970045,3.275000000000003,0.03,0.024556705477197936,0.125
4.094759439502756,2.116062135557971,0.125,432.7897962785841,4.17106705471425,3.2760000000000025,0.024564795447769763,3.276000000000003,0.03,0.024556705477197936,0.125
4.0948313458143435,2.1166621836328763,0.125,432.8252003062511,4.170888271206091,3.2770000000000024,0.02456479418583907,3.277000000000003,0.03,0.024556705477197936,0.125
4.094903220828315,2.1172624058333294,0.125,432.8609160711943,4.170709188378164,3.2780000000000022,0.024564792923908382,3.2780000000000027,0.03,0.024556705477197936,0.125
4.094975064462625,2.1178628026157797,0.125,432.8969443905983,4.170529805445834,3.2790000000000026,0.024564791661977694,3.279000000000003,0.03,0.024556705477197936,0.125
4.095046876634943,2.1184633744382753,0.125,432.93328608450645,4.170350121621723,3.280000000000003,0.024564790400047002,3.280000000000003,0.03,0.024556705477197936,0.125
4.095118657262653,2.1190641217604678,0.125,432.96994197583336,4.170170136115696,3.281000000000003,0.024564789138116314,3.281000000000003,0.03,0.024556705477197936,0.125
4.095190406262845,2.1196650450436185,0.125,433.0069128903773,4.16998984813485,3.2820000000000027,0.02456478787618562,3.2820000000000027,0.03,0.024556705477197936,0.125
4.095262123552321,2.1202661447506075,0.125,433.0441996568332,4.169809256883497,3.2830000000000026,0.024564786614254937,3.283000000000003,0.03,0.024556705477197936,0.125
4.095333809047589,2.1208674213459404,0.125,433.0818031068049,4.169628361563159,3.2840000000000025,0.024564785352324245,3.284000000000003,0.03,0.024556705477197936,0.125
4.095405462664867,2.1214688752957533,0.125,433.1197240748184,4.169447161372554,3.2850000000000024,0.024564784090393556,3.285000000000003,0.03,0.024556705477197936,0.125
4.095477084320073,2.1220705070678236,0.125,433.15796339833446,4.169265655507581,3.2860000000000023,0.024564782828462868,3.2860000000000027,0.03,0.024556705477197936,0.125
4.095548673928835,2.122672317131573,0.125,433.19652191776123,4.169083843161304,3.287000000000003,0.024564781566532176,3.287000000000003,0.03,0.024556705477197936,0.125
4.09562023140648,2.1232743059580788,0.125,433.23540047646776,4.16890172352395,3.288000000000003,0.02456478030460149,3.288000000000003,0.03,0.024556705477197936,0.125
4.095691756668036,2.1238764740200775,0.125,433.2745999207969,4.16871929578289,3.289000000000003,0.0245647790426708,3.289000000000003,0.03,0.024556705477197936,0.125
4.095763249628234,2.1244788217919752,0.125,433.31412110007807,4.168536559122624,3.2900000000000027,0.02456477778074011,3.2900000000000027,0.03,0.024556705477197936,0.125
4.095834710201504,2.1250813497498537,0.125,433.3539648666411,4.168353512724774,3.2910000000000026,0.02456477651880942,3.291000000000003,0.03,0.024556705477197936,0.125
4.0959061383019675,2.125684058371478,0.125,433.39413207582857,4.16817015576807,3.2920000000000025,0.02456477525687873,3.292000000000003,0.03,0.024556705477197936,0.125
4.09597753384345,2.1262869481363023,0.125,433.4346235860101,4.167986487428331,3.293000000000003,0.024564773994948042,3.293000000000003,0.03,0.024556705477197936,0.125
4.0960488967394655,2.1268900195254807,0.125,433.4754402585952,4.1678025068784645,3.2940000000000027,0.024564772733017354,3.2940000000000027,0.03,0.024556705477197936,0.125
4.096120086065317,2.1274935266833044,0.125,433.5169641894022,4.167617396238587,3.295000000000003,0.024564771471086662,3.295000000000003,0.03,0.024556705477197936,0.125
4.096190960656292,2.1280977219890587,0.125,433.5595761533205,4.167430338431839,3.296000000000003,0.024564770209155973,3.296000000000003,0.03,0.024556705477197936,0.125
4.096261800211871,2.1287021009090883,0.125,433.6025186897433,4.167242956861886,3.2970000000000024,0.02456476894722528,3.297000000000003,0.03,0.024556705477197936,0.125
4.096332604636962,2.129306663941739,0.125,433.64579269587153,4.167055250650009,3.2980000000000027,0.024564767685294593,3.2980000000000027,0.03,0.024556705477197936,0.125
4.096403373836132,2.129911411587159,0.125,433.6893990721557,4.1668672189143035,3.299000000000003,0.024564766423363905,3.299000000000003,0.03,0.024556705477197936,0.125
4.096474107713603,2.13051634434731,0.125,433.7333387223124,4.166678860769672,3.300000000000003,0.024564765161433216,3.300000000000003,0.03,0.024556705477197936,0.125
4.096544110711396,2.13109590830453,0.125,434.2908217465889,4.166508957996315,3.3010000000000024,0.024564763533232302,3.301000000000003,0.03,0.024556705477197936,0.125
4.096614092126663,2.131675627405769,0.125,434.84853601837307,4.166338813776095,3.3020000000000023,0.024564761905031384,3.3020000000000027,0.03,0.024556705477197936,0.125
4.096684051912439,2.1322555019886362,0.125,435.40648204088194,4.166168427583599,3.303000000000003,0.02456476027683047,3.303000000000003,0.03,0.024556705477197936,0.125
4.096753990021618,2.1328355323917187,0.125,435.96466031879294,4.1659977988918895,3.3040000000000025,0.024564758648629555,3.304000000000003,0.03,0.024556705477197936,0.125
4.096823906406964,2.1334157189545895,0.125,436.523071358251,4.1658269271725,3.3050000000000024,0.024564757020428634,3.305000000000003,0.03,0.024556705477197936,0.125
4.096893801021102,2.1339960620178093,0.125,437.0817156668721,4.165655811895422,3.3060000000000023,0.024564755392227723,3.3060000000000027,0.03,0.024556705477197936,0.125
4.096963673816515,2.134576561922928,0.125,437.64059375375007,4.16548445252911,3.307000000000002,0.024564753764026802,3.307000000000003,0.03,0.024556705477197936,0.125
4.097033524745553,2.135157219012492,0.125,438.19970612946025,4.16531284854047,3.3080000000000034,0.02456475213582589,3.308000000000003,0.03,0.024556705477197936,0.125
4.0971033537604225,2.1357380336300436,0.125,438.7590533060664,4.165140999394851,3.309000000000003,0.024564750507624983,3.309000000000003,0.03,0.024556705477197936,0.125
4.0971731608131945,2.13631900612013,0.125,439.31863579712575,4.164968904556047,3.310000000000003,0.024564748879424066,3.3100000000000027,0.03,0.024556705477197936,0.125
4.097242945855798,2.1369001368283014,0.125,439.8784541176944,4.164796563486284,3.311000000000003,0.024564747251223144,3.311000000000003,0.03,0.024556705477197936,0.125
4.097312708840021,2.137481426101118,0.125,440.4385087843317,4.1646239756462196,3.312000000000003,0.02456474562302223,3.312000000000003,0.03,0.024556705477197936,0.125
4.097382449717512,2.138062874286153,0.125,440.99880031510787,4.164451140494934,3.3130000000000024,0.024564743994821312,3.313000000000003,0.03,0.024556705477197936,0.125
4.097452168439779,2.1386444817319963,0.125,441.55932922960784,4.164278057489924,3.3140000000000023,0.024564742366620398,3.3140000000000027,0.03,0.024556705477197936,0.125
4.097521864958184,2.139226248788258,0.125,442.12009604893774,4.164104726087102,3.3150000000000026,0.02456474073841948,3.315000000000003,0.03,0.024556705477197936,0.125
4.097591539223952,2.1398081758055723,0.125,442.68110129572926,4.163931145740783,3.3160000000000025,0.024564739110218566,3.316000000000003,0.03,0.024556705477197936,0.125
4.097661191188163,2.1403902631356004,0.125,443.24234549414666,4.163757315903685,3.3170000000000024,0.024564737482017648,3.317000000000003,0.03,0.024556705477197936,0.125
4.09773082080175,2.140972511131037,0.125,443.80382916989186,4.163583236026922,3.3180000000000027,0.024564735853816737,3.3180000000000027,0.03,0.024556705477197936,0.125
4.097800428015506,2.1415549201456106,0.125,444.36555285020984,4.16340890555999,3.319000000000003,0.024564734225615822,3.319000000000003,0.03,0.024556705477197936,0.125
4.097870012780078,2.1421374905340875,0.125,444.92751706389396,4.163234323950775,3.3200000000000034,0.0245647325974149,3.320000000000003,0.03,0.024556705477197936,0.125
4.097939575045968,2.14272022265228,0.125,445.489722341293,4.163059490645537,3.3210000000000033,0.02456473096921399,3.321000000000003,0.03,0.024556705477197936,0.125
4.098009114763534,2.1433031168570453,0.125,446.0521692143153,4.162884405088907,3.3220000000000027,0.024564729341013072,3.3220000000000027,0.03,0.024556705477197936,0.125
4.098078631882984,2.143886173506292,0.125,446.6148582164361,4.16270906672388,3.3230000000000035,0.024564727712812158,3.323000000000003,0.03,0.024556705477197936,0.125
4.098147980902227,2.1444696778092265,0.125,447.1782138433308,4.162532608675012,3.3240000000000025,0.024564726084611244,3.324000000000003,0.03,0.024556705477197936,0.125
4.09821706063212,2.1450538286890564,0.125,447.7425328519209,4.162354427462885,3.325000000000003,0.024564724456410326,3.325000000000003,0.03,0.024556705477197936,0.125
4.098286117082201,2.1456381448575153,0.125,448.3070992275254,4.16217598781801,3.3260000000000023,0.024564722828209408,3.3260000000000027,0.03,0.024556705477197936,0.125
4.0983551502007805,2.1462226266816167,0.125,448.87191351940896,4.16199728916655,3.3270000000000026,0.024564721200008497,3.327000000000003,0.03,0.024556705477197936,0.125
4.098424159936013,2.1468072745294613,0.125,449.4369762784629,4.161818330932969,3.3280000000000034,0.02456471957180758,3.328000000000003,0.03,0.024556705477197936,0.125
4.0984931462359,2.147392088770244,0.125,450.00228805721287,4.161639112540027,3.329000000000003,0.02456471794360666,3.329000000000003,0.03,0.024556705477197936,0.125
4.09856210904829,2.1479770697742517,0.125,450.567849409823,4.16145963340877,3.3300000000000027,0.024564716315405744,3.3300000000000027,0.03,0.024556705477197936,0.125
4.098631048320874,2.1485622179128727,0.125,451.133660892104,4.161279892958519,3.3310000000000026,0.02456471468720483,3.331000000000003,0.03,0.024556705477197936,0.125
4.098699964001188,2.149147533558598,0.125,451.69972306151703,4.161099890606881,3.3320000000000025,0.024564713059003915,3.332000000000003,0.03,0.024556705477197936,0.125
4.098768856036616,2.1497330170850266,0.125,452.26603647718184,4.160919625769721,3.333000000000003,0.024564711430802997,3.333000000000003,0.03,0.024556705477197936,0.125
4.0988377243743805,2.15031866886687,0.125,452.83260169988205,4.160739097861173,3.3340000000000027,0.024564709802602086,3.3340000000000027,0.03,0.024556705477197936,0.125
4.098906568961549,2.1509044892799554,0.125,453.3994192920713,4.160558306293618,3.3350000000000026,0.02456470817440117,3.335000000000003,0.03,0.024556705477197936,0.125
4.098975389745031,2.1514904787012283,0.125,453.96648981787934,4.160377250477693,3.336000000000003,0.024564706546200257,3.336000000000003,0.03,0.024556705477197936,0.125
4.099044186671579,2.152076637508762,0.125,454.5338138431188,4.160195929822273,3.337000000000003,0.024564704917999336,3.337000000000003,0.03,0.024556705477197936,0.125
4.099112959687783,2.1526629660817553,0.125,455.1013919352913,4.160014343734471,3.338000000000003,0.02456470328979842,3.3380000000000027,0.03,0.024556705477197936,0.125
4.099181708740077,2.153249464800541,0.125,455.66922466359364,4.159832491619627,3.3390000000000026,0.024564701661597507,3.339000000000003,0.03,0.024556705477197936,0.125
4.099250433774733,2.153836134046588,0.125,456.2373125989237,4.159650372881305,3.340000000000003,0.024564700033396593,3.340000000000003,0.03,0.024556705477197936,0.125
4.099319134737865,2.154422974202509,0.125,456.8056563138878,4.159467986921284,3.341000000000003,0.02456469840519568,3.341000000000003,0.03,0.024556705477197936,0.125
4.0993878115754185,2.155009985652058,0.125,457.37425638280627,4.1592853331395485,3.3420000000000023,0.024564696776994757,3.3420000000000027,0.03,0.024556705477197936,0.125
4.099456464233187,2.155597168780143,0.125,457.9431133817204,4.159102410934293,3.343000000000003,0.024564695148793846,3.343000000000003,0.03,0.024556705477197936,0.125
4.099525092656794,2.156184523972822,0.125,458.5122278883982,4.158919219701903,3.344000000000003,0.02456469352059293,3.344000000000003,0.03,0.024556705477197936,0.125
4.099593696791704,2.156772051617315,0.125,459.08160048234146,4.158735758836951,3.345000000000003,0.024564691892392014,3.345000000000003,0.03,0.024556705477197936,0.125
4.099662276583213,2.157359752102002,0.125,459.6512317447924,4.158552027732194,3.3460000000000027,0.0245646902641911,3.3460000000000027,0.03,0.024556705477197936,0.125
4.0997308319764585,2.157947625816432,0.125,460.22112225873997,4.1583680257785645,3.347000000000003,0.02456468863599018,3.347000000000003,0.03,0.024556705477197936,0.125
4.09979936291641,2.158535673151325,0.125,460.7912726089255,4.158183752365164,3.3480000000000025,0.024564687007789264,3.348000000000003,0.03,0.024556705477197936,0.125
4.09986786934787,2.159123894498577,0.125,461.3616833818512,4.157999206879251,3.3490000000000024,0.02456468537958835,3.349000000000003,0.03,0.024556705477197936,0.125
4.099936351215478,2.1597122902512624,0.125,461.93235516578517,4.157814388706245,3.350000000000002,0.024564683751387435,3.3500000000000028,0.03,0.024556705477197936,0.125
4.100004808463703,2.160300860803644,0.125,462.5032885507691,4.157629297229707,3.3510000000000026,0.024564682123186517,3.351000000000003,0.03,0.024556705477197936,0.125
4.100073003292347,2.160890080245117,0.125,463.0751801972334,4.157442506628509,3.352000000000003,0.024564680494985603,3.352000000000003,0.03,0.024556705477197936,0.125
4.100141015073642,2.1614797909759833,0.125,463.64779886215956,4.157254492196234,3.353000000000003,0.024564678866784685,3.353000000000003,0.03,0.024556705477197936,0.125
4.100209001705335,2.1620696787437437,0.125,464.2206828619247,4.1570662001359855,3.3540000000000028,0.02456467723858377,3.3540000000000028,0.03,0.024556705477197936,0.125
4.100276963130613,2.1626597439483324,0.125,464.7938327959326,4.156877629820586,3.3550000000000026,0.024564675610382856,3.355000000000003,0.03,0.024556705477197936,0.125
4.10034489929249,2.163249986990889,0.125,465.36724926539307,4.156688780620972,3.356000000000003,0.02456467398218194,3.356000000000003,0.03,0.024556705477197936,0.125
4.10041281013381,2.163840408273764,0.125,465.94093287333027,4.156499651906184,3.357000000000003,0.024564672353981024,3.357000000000003,0.03,0.024556705477197936,0.125
4.100480695597243,2.1644310082005216,0.125,466.51488422458834,4.15631024304335,3.3580000000000028,0.024564670725780106,3.3580000000000028,0.03,0.024556705477197936,0.125
4.100548555625285,2.165021787175946,0.125,467.0891039258395,4.156120553397695,3.359000000000003,0.024564669097579192,3.359000000000003,0.03,0.024556705477197936,0.125
4.100616390160259,2.1656127456060448,0.125,467.6635925855887,4.155930582332517,3.3600000000000025,0.024564667469378278,3.360000000000003,0.03,0.024556705477197936,0.125
4.100684199144316,2.1662038838980537,0.125,468.23835081418366,4.155740329209196,3.361000000000003,0.024564665841177363,3.361000000000003,0.03,0.024556705477197936,0.125
4.100751982519427,2.166795202460443,0.125,468.81337922381925,4.155549793387167,3.3620000000000023,0.024564664212976445,3.3620000000000028,0.03,0.024556705477197936,0.125
4.100819740227389,2.167386701702919,0.125,469.3886784285464,4.155358974223935,3.3630000000000027,0.024564662584775528,3.363000000000003,0.03,0.024556705477197936,0.125
4.100887472209827,2.167978382036432,0.125,469.9642490442769,4.155167871075051,3.364000000000003,0.024564660956574613,3.364000000000003,0.03,0.024556705477197936,0.125
4.10095517840818,2.168570243873178,0.125,470.5400916887929,4.15497648329411,3.3650000000000024,0.0245646593283737,3.365000000000003,0.03,0.024556705477197936,0.125
4.101022858763717,2.1691622876266066,0.125,471.11620698175244,4.154784810232745,3.366000000000003,0.024564657700172784,3.3660000000000028,0.03,0.024556705477197936,0.125
4.101090513217526,2.1697545137114225,0.125,471.6925955446975,4.154592851240618,3.3670000000000027,0.02456465607197187,3.367000000000003,0.03,0.024556705477197936,0.125
4.101158141710514,2.170346922543592,0.125,472.26925800105954,4.154400605665415,3.368000000000003,0.024564654443770956,3.368000000000003,0.03,0.024556705477197936,0.125
4.10122574418341,2.1709395145403496,0.125,472.84619497616904,4.154208072852829,3.369000000000003,0.024564652815570038,3.369000000000003,0.03,0.024556705477197936,0.125
4.101293320576762,2.171532290120198,0.125,473.42340709726096,4.15401525214657,3.3700000000000023,0.024564651187369124,3.3700000000000028,0.03,0.024556705477197936,0.125
4.101360870830935,2.172125249702919,0.125,474.0008949934829,4.1538221428883375,3.3710000000000027,0.024564649559168206,3.371000000000003,0.03,0.024556705477197936,0.125
4.101428394886117,2.1727183937095726,0.125,474.57865929590156,4.153628744417832,3.372000000000003,0.02456464793096729,3.372000000000003,0.03,0.024556705477197936,0.125
4.101495892682307,2.1733117225625054,0.125,475.1567006375109,4.153435056072727,3.3730000000000024,0.024564646302766377,3.373000000000003,0.03,0.024556705477197936,0.125
4.101563364159325,2.1739052366853553,0.125,475.7350196532393,4.153241077188679,3.3740000000000023,0.024564644674565456,3.3740000000000028,0.03,0.024556705477197936,0.125
4.101630809256806,2.1744989365030545,0.125,476.31361697995686,4.153046807099315,3.375000000000003,0.024564643046364545,3.375000000000003,0.03,0.024556705477197936,0.125
4.101698227914199,2.175092822441836,0.125,476.89249325648194,4.152852245136215,3.3760000000000026,0.024564641418163627,3.376000000000003,0.03,0.024556705477197936,0.125
4.101765620070769,2.1756868949292394,0.125,477.47164912359057,4.152657390628918,3.377000000000003,0.02456463978996271,3.377000000000003,0.03,0.024556705477197936,0.125
4.101832856271201,2.1762813554189337,0.125,478.05142587626744,4.152461524411379,3.3780000000000023,0.024564638161761795,3.378000000000003,0.03,0.024556705477197936,0.125
4.101899730658877,2.1768765229327047,0.125,478.6323674182864,4.152263504190718,3.379000000000003,0.02456463653356088,3.379000000000003,0.03,0.024556705477197936,0.125
4.1019665783845625,2.17747187647792,0.125,479.2135927205491,4.152065191270543,3.380000000000003,0.024564634905359962,3.380000000000003,0.03,0.024556705477197936,0.125
4.102033399387955,2.17806741647534,0.125,479.7951024248531,4.151866584988841,3.381000000000003,0.024564633277159048,3.381000000000003,0.03,0.024556705477197936,0.125
4.102100193608572,2.178663143346992,0.125,480.3768971749325,4.151667684681598,3.3820000000000023,0.024564631648958134,3.382000000000003,0.03,0.024556705477197936,0.125
4.102166960985743,2.179259057516178,0.125,480.9589776164656,4.151468489682795,3.383000000000003,0.024564630020757216,3.383000000000003,0.03,0.024556705477197936,0.125
4.102233701458618,2.1798551594074804,0.125,481.5413443970818,4.151268999324399,3.384000000000003,0.0245646283925563,3.384000000000003,0.03,0.024556705477197936,0.125
4.102300414966163,2.1804514494467653,0.125,482.12399816637003,4.151069212936358,3.3850000000000025,0.024564626764355387,3.385000000000003,0.03,0.024556705477197936,0.125
4.102367101447156,2.1810479280611887,0.125,482.7069395758854,4.150869129846591,3.386000000000003,0.024564625136154473,3.386000000000003,0.03,0.024556705477197936,0.125
4.102433760840194,2.1816445956792,0.125,483.2901692791572,4.150668749380983,3.387000000000003,0.024564623507953555,3.387000000000003,0.03,0.024556705477197936,0.125
4.102500393083684,2.182241452730547,0.125,483.873687931695,4.1504680708633686,3.3880000000000026,0.02456462187975264,3.388000000000003,0.03,0.024556705477197936,0.125
4.102566998115848,2.182838499646282,0.125,484.45749619099814,4.15026709361554,3.389000000000003,0.024564620251551726,3.389000000000003,0.03,0.024556705477197936,0.125
4.102633575874721,2.183435736858767,0.125,485.0415947165619,4.150065816957224,3.390000000000003,0.024564618623350805,3.390000000000003,0.03,0.024556705477197936,0.125
4.1027001262981475,2.184033164801676,0.125,485.62598416988595,4.149864240206082,3.3910000000000027,0.024564616995149894,3.391000000000003,0.03,0.024556705477197936,0.125
4.102766649323786,2.1846307839100025,0.125,486.2106652144805,4.149662362677701,3.392000000000003,0.024564615366948976,3.392000000000003,0.03,0.024556705477197936,0.125
4.102833144889101,2.1852285946200642,0.125,486.7956385158759,4.149460183685585,3.3930000000000025,0.02456461373874806,3.393000000000003,0.03,0.024556705477197936,0.125
4.102899612931371,2.1858265973695077,0.125,487.38090474162925,4.149257702541148,3.394000000000003,0.024564612110547144,3.394000000000003,0.03,0.024556705477197936,0.125
4.102966053387681,2.186424792597312,0.125,487.9664645613321,4.149054918553703,3.395000000000003,0.02456461048234623,3.395000000000003,0.03,0.024556705477197936,0.125
4.103032466194925,2.1870231807437968,0.125,488.55231864661795,4.148851831030457,3.3960000000000026,0.02456460885414531,3.396000000000003,0.03,0.024556705477197936,0.125
4.103098851289804,2.1876217622506244,0.125,489.13846767117116,4.148648439276505,3.397000000000003,0.024564607225944397,3.397000000000003,0.03,0.024556705477197936,0.125
4.103165208608825,2.1882205375608086,0.125,489.7249123107338,4.148444742594816,3.398000000000003,0.024564605597743483,3.398000000000003,0.03,0.024556705477197936,0.125
4.103231538088301,2.1888195071187146,0.125,490.3116532431141,4.148240740286229,3.3990000000000027,0.024564603969542565,3.399000000000003,0.03,0.024556705477197936,0.125
4.103297839664352,2.1894186713700687,0.125,490.8986911481918,4.1480364316494445,3.4000000000000026,0.02456460234134165,3.400000000000003,0.03,0.024556705477197936,0.125
4.10336403744588,2.1899891178269706,0.125,491.04021183285477,4.147856885905818,3.4010000000000025,0.02456454356964219,3.401000000000003,0.03,0.024556705477197936,0.125
4.1034302108555485,2.190559720880058,0.125,491.18196858792237,4.147677086078014,3.4020000000000024,0.02456448479794273,3.402000000000003,0.03,0.024556705477197936,0.125
4.103496359839128,2.1911304808777667,0.125,491.32396193866396,4.147497031600683,3.4030000000000027,0.02456442602624327,3.403000000000003,0.03,0.024556705477197936,0.125
4.103562110322926,2.1917021185573966,0.125,491.4670803098615,4.147314505803221,3.404000000000003,0.024564367256654184,3.404000000000003,0.03,0.024556705477197936,0.125
4.103627760185867,2.1922740613977827,0.125,491.6106223565662,4.147131272422084,3.4050000000000025,0.024564308488666232,3.405000000000003,0.03,0.024556705477197936,0.125
4.103693386255041,2.1928461617561825,0.125,491.7544066001056,4.146947786332876,3.406000000000003,0.024564249721957365,3.406000000000003,0.03,0.024556705477197936,0.125
4.103758988478928,2.193418419973678,0.125,491.89843356491775,4.146764046988403,3.407000000000003,0.02456419095653034,3.407000000000003,0.03,0.024556705477197936,0.125
4.103824566805857,2.1939908363923317,0.125,492.0427037769555,4.146580053839884,3.4080000000000035,0.02456413219238794,3.408000000000003,0.03,0.024556705477197936,0.125
4.103890121184006,2.194563411355199,0.125,492.18721776369256,4.146395806336951,3.409000000000003,0.024564073429532957,3.409000000000003,0.03,0.024556705477197936,0.125
4.1039556515614075,2.195136145206326,0.125,492.33197605412926,4.146211303927649,3.410000000000003,0.024564014667968176,3.410000000000003,0.03,0.024556705477197936,0.125
4.10402115788594,2.1957090382907563,0.125,492.4769791787972,4.146026546058421,3.4110000000000027,0.024563955907696396,3.411000000000003,0.03,0.024556705477197936,0.125
4.104086640105334,2.196282090954532,0.125,492.62222766976515,4.145841532174105,3.412000000000003,0.02456389714872044,3.412000000000003,0.03,0.024556705477197936,0.125
4.104152098167164,2.1968553035446994,0.125,492.767722060645,4.14565626171793,3.4130000000000025,0.024563838391043116,3.413000000000003,0.03,0.024556705477197936,0.125
4.1042175320188585,2.1974286764093125,0.125,492.9134628865969,4.1454707341315125,3.414000000000003,0.02456377963466725,3.414000000000003,0.03,0.024556705477197936,0.125
4.1042829416076865,2.1980022098974334,0.125,493.05945068433516,4.145284948854843,3.415000000000003,0.02456372087959568,3.415000000000003,0.03,0.024556705477197936,0.125
4.10434832688077,2.1985759043591413,0.125,493.20568599213357,4.1450989053262886,3.4160000000000026,0.02456366212583125,3.416000000000003,0.03,0.024556705477197936,0.125
4.104413687785073,2.1991497601455325,0.125,493.35216934983146,4.144912602982581,3.4170000000000025,0.02456360337337681,3.417000000000003,0.03,0.024556705477197936,0.125
4.104479024267409,2.199723777608726,0.125,493.4989012988394,4.144726041258813,3.4180000000000024,0.024563544622235218,3.418000000000003,0.03,0.024556705477197936,0.125
4.104544336274429,2.200297957101864,0.125,493.64588238214424,4.144539219588429,3.4190000000000036,0.02456348587240934,3.419000000000003,0.03,0.024556705477197936,0.125
4.104609623752638,2.200872298979119,0.125,493.7931131443155,4.144352137403229,3.420000000000003,0.024563427123902054,3.420000000000003,0.03,0.024556705477197936,0.125
4.104674886648379,2.201446803595698,0.125,493.9405941315114,4.14416479413335,3.421000000000003,0.024563368376716244,3.421000000000003,0.03,0.024556705477197936,0.125
4.104740124907841,2.2020214713078428,0.125,494.08832589148363,4.143977189207269,3.422000000000003,0.0245633096308548,3.422000000000003,0.03,0.024556705477197936,0.125
4.104805338477053,2.202596302472837,0.125,494.23630897358447,4.143789322051792,3.4230000000000036,0.024563250886320633,3.423000000000003,0.03,0.024556705477197936,0.125
4.10487052730189,2.203171297449007,0.125,494.3845439287711,4.14360119209205,3.4240000000000026,0.024563192143116638,3.424000000000003,0.03,0.024556705477197936,0.125
4.104935691328066,2.203746456595729,0.125,494.5330313096131,4.143412798751493,3.4250000000000034,0.024563133401245753,3.425000000000003,0.03,0.024556705477197936,0.125
4.1050008305011385,2.20432178027343,0.125,494.681771670297,4.143224141451883,3.426000000000003,0.02456307466071088,3.426000000000003,0.03,0.024556705477197936,0.125
4.1050659447665,2.204897268843594,0.125,494.83076556663326,4.143035219613286,3.427000000000003,0.024563015921514973,3.427000000000003,0.03,0.024556705477197936,0.125
4.105131034069392,2.205472922668764,0.125,494.98001355606124,4.142846032654071,3.4280000000000035,0.02456295718366097,3.428000000000003,0.03,0.024556705477197936,0.125
4.105196098354885,2.206048742112546,0.125,495.1295161976559,4.1426565799909,3.429000000000003,0.024562898447151822,3.429000000000003,0.03,0.024556705477197936,0.125
4.105261137567898,2.2066247275396145,0.125,495.2792740521338,4.142466861038721,3.430000000000003,0.02456283971199049,3.430000000000003,0.03,0.024556705477197936,0.125
4.105326136165241,2.2072009132212327,0.125,495.429338216911,4.142276779378325,3.4310000000000023,0.02456278097726098,3.431000000000003,0.03,0.024556705477197936,0.125
4.105390777416643,2.2077779894341556,0.125,495.5807376021124,4.142084378324726,3.432000000000002,0.024562722223580958,3.432000000000003,0.03,0.024556705477197936,0.125
4.105455389804116,2.208355234270669,0.125,495.73239629948887,4.1418916931913445,3.433000000000002,0.024562663469900936,3.433000000000003,0.03,0.024556705477197936,0.125
4.105519973260557,2.208932648122777,0.125,495.88431491187373,4.141698723317773,3.434000000000003,0.024562604716220914,3.434000000000003,0.03,0.024556705477197936,0.125
4.1055845277186584,2.2095102313837027,0.125,496.03649404397015,4.141505468041549,3.4350000000000027,0.0245625459625409,3.435000000000003,0.03,0.024556705477197936,0.125
4.1056490531109,2.2100879844478887,0.125,496.18893430235903,4.141311926698157,3.4360000000000026,0.024562487208860874,3.436000000000003,0.03,0.024556705477197936,0.125
4.105713549369557,2.2106659077110034,0.125,496.3416362955053,4.141118098621015,3.437000000000003,0.024562428455180852,3.437000000000003,0.03,0.024556705477197936,0.125
4.105778016426687,2.211244001569945,0.125,496.494600633766,4.140923983141469,3.4380000000000024,0.02456236970150083,3.438000000000003,0.03,0.024556705477197936,0.125
4.105842454214142,2.2118222664228466,0.125,496.64782792939775,4.140729579588785,3.439000000000003,0.024562310947820805,3.439000000000003,0.03,0.024556705477197936,0.125
4.105906862663558,2.2124007026690817,0.125,496.80131879656307,4.140534887290139,3.4400000000000026,0.024562252194140786,3.440000000000003,0.03,0.024556705477197936,0.125
4.105971241706364,2.212979310709269,0.125,496.9550738513393,4.140339905570613,3.441000000000003,0.024562193440460768,3.441000000000003,0.03,0.024556705477197936,0.125
4.106035591273765,2.2135580909452752,0.125,497.10909371172494,4.140144633753178,3.442000000000003,0.024562134686780746,3.442000000000003,0.03,0.024556705477197936,0.125
4.106099911296763,2.2141370437802226,0.125,497.2633789976477,4.139949071158698,3.443000000000003,0.024562075933100724,3.443000000000003,0.03,0.024556705477197936,0.125
4.106164201706133,2.2147161696184923,0.125,497.4179303309715,4.139753217105913,3.444000000000003,0.0245620171794207,3.444000000000003,0.03,0.024556705477197936,0.125
4.106228462432444,2.2152954688657296,0.125,497.5727483355049,4.139557070911431,3.4450000000000034,0.024561958425740677,3.445000000000003,0.03,0.024556705477197936,0.125
4.10629269340604,2.215874941928849,0.125,497.72783363700785,4.139360631889726,3.446000000000003,0.02456189967206066,3.446000000000003,0.03,0.024556705477197936,0.125
4.1063568945570506,2.216454589216039,0.125,497.88318686319985,4.139163899353123,3.4470000000000027,0.024561840918380637,3.447000000000003,0.03,0.024556705477197936,0.125
4.106421065815384,2.217034411136769,0.125,498.0388086437673,4.138966872611792,3.448000000000003,0.02456178216470061,3.448000000000003,0.03,0.024556705477197936,0.125
4.106485207110734,2.217614408101789,0.125,498.19469961037146,4.1387695509737386,3.449000000000003,0.024561723411020593,3.449000000000003,0.03,0.024556705477197936,0.125
4.106549318372568,2.218194580523141,0.125,498.3508603966561,4.138571933744801,3.450000000000003,0.024561664657340568,3.450000000000003,0.03,0.024556705477197936,0.125
4.106613399530133,2.218774928814161,0.125,498.5072916382553,4.138374020228633,3.451000000000003,0.02456160590366055,3.451000000000003,0.03,0.024556705477197936,0.125
4.106677450512454,2.219355453389482,0.125,498.66399397280117,4.1381758097267,3.4520000000000026,0.024561547149980524,3.452000000000003,0.03,0.024556705477197936,0.125
4.106741471248336,2.219936154665045,0.125,498.82096803993187,4.137977301538271,3.453000000000003,0.024561488396300506,3.453000000000003,0.03,0.024556705477197936,0.125
4.1068054616663545,2.2205170330580972,0.125,498.97821448129935,4.137778494960406,3.4540000000000024,0.024561429642620484,3.454000000000003,0.03,0.024556705477197936,0.125
4.106869421694863,2.221098088987203,0.125,499.1357339405776,4.137579389287954,3.4550000000000027,0.024561370888940462,3.455000000000003,0.03,0.024556705477197936,0.125
4.10693335126199,2.2216793228722453,0.125,499.29352706347,4.137379983813539,3.4560000000000026,0.02456131213526044,3.456000000000003,0.03,0.024556705477197936,0.125
4.106997250295633,2.222260735134433,0.125,499.451594497718,4.137180277827551,3.4570000000000025,0.024561253381580418,3.457000000000003,0.03,0.024556705477197936,0.125
4.107060788357964,2.222842830090034,0.125,499.61081902066593,4.136978444780823,3.4580000000000024,0.0245611946279004,3.458000000000003,0.03,0.024556705477197936,0.125
4.107124141209217,2.2234253407272386,0.125,499.7707407253673,4.136775454980078,3.459000000000003,0.024561135874220374,3.459000000000003,0.03,0.024556705477197936,0.125
4.107187465030909,2.224008029276843,0.125,499.9309447543832,4.136572171147913,3.4600000000000026,0.024561077120540356,3.460000000000003,0.03,0.024556705477197936,0.125
4.10725075975702,2.224590896143466,0.125,500.0914317497917,4.136368592615628,3.461000000000003,0.02456101836686033,3.461000000000003,0.03,0.024556705477197936,0.125
4.107314025321327,2.225173941732954,0.125,500.2522023556191,4.136164718712489,3.4620000000000024,0.024560959613180312,3.462000000000003,0.03,0.024556705477197936,0.125
4.10737726165741,2.2257571664523863,0.125,500.41325721784807,4.135960548765724,3.463000000000003,0.02456090085950029,3.463000000000003,0.03,0.024556705477197936,0.125
4.107440468698646,2.2263405707100783,0.125,500.5745969844241,4.135756082100526,3.4640000000000035,0.02456084210582027,3.464000000000003,0.03,0.024556705477197936,0.125
4.107503646378204,2.2269241549155883,0.125,500.7362223052636,4.135551318040022,3.465000000000003,0.02456078335214025,3.465000000000003,0.03,0.024556705477197936,0.125
4.107566794629059,2.227507919479722,0.125,500.89813383226135,4.135346255905289,3.4660000000000033,0.024560724598460225,3.466000000000003,0.03,0.024556705477197936,0.125
4.107629913383973,2.228091864814534,0.125,501.0603322192979,4.135140895015329,3.4670000000000027,0.024560665844780203,3.467000000000003,0.03,0.024556705477197936,0.125
4.107693002575509,2.228675991333337,0.125,501.2228181222469,4.134935234687076,3.4680000000000026,0.02456060709110018,3.468000000000003,0.03,0.024556705477197936,0.125
4.107756062136021,2.2292602994507043,0.125,501.38559219898343,4.13472927423537,3.4690000000000025,0.02456054833742016,3.469000000000003,0.03,0.024556705477197936,0.125
4.107819091997658,2.229844789582475,0.125,501.5486551093909,4.134523012972966,3.4700000000000024,0.02456048958374014,3.470000000000003,0.03,0.024556705477197936,0.125
4.1078820920923595,2.2304294621457585,0.125,501.71200751536895,4.134316450210518,3.4710000000000027,0.024560430830060116,3.471000000000003,0.03,0.024556705477197936,0.125
4.107945062351862,2.2310143175589396,0.125,501.87565008084147,4.1341095852565735,3.472000000000003,0.024560372076380094,3.472000000000003,0.03,0.024556705477197936,0.125
4.108008002707688,2.2315993562416843,0.125,502.0395834717636,4.1339024174175565,3.4730000000000025,0.024560313322700075,3.473000000000003,0.03,0.024556705477197936,0.125
4.10807091309115,2.232184578614943,0.125,502.2038083561304,4.133694945997778,3.4740000000000024,0.02456025456902005,3.474000000000003,0.03,0.024556705477197936,0.125
4.108133793433355,2.2327699851009557,0.125,502.3683254039845,4.133487170299407,3.475000000000003,0.02456019581534003,3.475000000000003,0.03,0.024556705477197936,0.125
4.108196643665193,2.2333555761232584,0.125,502.5331352874228,4.133279089622478,3.476000000000003,0.024560137061660006,3.476000000000003,0.03,0.024556705477197936,0.125
4.108259463717346,2.233941352106688,0.125,502.698238680606,4.1330707032648775,3.4770000000000025,0.024560078307979988,3.477000000000003,0.03,0.024556705477197936,0.125
4.1083222535202815,2.2345273134773844,0.125,502.8636362597655,4.132862010522328,3.4780000000000024,0.024560019554299966,3.478000000000003,0.03,0.024556705477197936,0.125
4.108385013004253,2.2351134606627996,0.125,503.02932870321183,4.132653010688396,3.479000000000003,0.024559960800619944,3.479000000000003,0.03,0.024556705477197936,0.125
4.108447742099299,2.235699794091699,0.125,503.1953166913422,4.132443703054467,3.480000000000003,0.02455990204693992,3.480000000000003,0.03,0.024556705477197936,0.125
4.1085104407352455,2.2362863141941696,0.125,503.3616009066489,4.132234086909752,3.481000000000003,0.0245598432932599,3.481000000000003,0.03,0.024556705477197936,0.125
4.108573108841698,2.236873021401622,0.125,503.52818203372726,4.132024161541263,3.4820000000000024,0.02455978453957988,3.482000000000003,0.03,0.024556705477197936,0.125
4.108635343774746,2.237460590221015,0.125,503.69644096871826,4.131811641967153,3.483000000000003,0.024559725785899857,3.483000000000003,0.03,0.024556705477197936,0.125
4.108697373311337,2.2380486328515796,0.125,503.8655310030923,4.131597827056385,3.484000000000003,0.024559667032219838,3.484000000000003,0.03,0.024556705477197936,0.125
4.108759369990827,2.2386368595035053,0.125,504.0348491675373,4.131383696716138,3.485000000000003,0.024559608278539813,3.485000000000003,0.03,0.024556705477197936,0.125
4.1088213337367,2.239225270605355,0.125,504.20439599333974,4.131169250211815,3.486000000000003,0.024559549524859794,3.486000000000003,0.03,0.024556705477197936,0.125
4.108883264472197,2.2398138665870237,0.125,504.37417201343726,4.130954486806539,3.4870000000000028,0.024559490771179773,3.487000000000003,0.03,0.024556705477197936,0.125
4.108945162120319,2.2404026478797423,0.125,504.54417776242445,4.130739405761137,3.4880000000000027,0.02455943201749975,3.488000000000003,0.03,0.024556705477197936,0.125
4.109007026603834,2.240991614916085,0.125,504.71441377656026,4.13052400633414,3.4890000000000025,0.024559373263819732,3.489000000000003,0.03,0.024556705477197936,0.125
4.109068857845261,2.241580768129973,0.125,504.88488059377386,4.130308287781768,3.490000000000003,0.024559314510139704,3.490000000000003,0.03,0.024556705477197936,0.125
4.109130655766885,2.2421701079566794,0.125,505.05557875367134,4.1300922493579195,3.4910000000000028,0.024559255756459685,3.491000000000003,0.03,0.024556705477197936,0.125
4.109192420290742,2.2427596348328365,0.125,505.226508797542,4.12987589031417,3.4920000000000027,0.024559197002779663,3.492000000000003,0.03,0.024556705477197936,0.125
4.10925415133863,2.243349349196439,0.125,505.39767126836534,4.129659209899754,3.4930000000000025,0.02455913824909964,3.493000000000003,0.03,0.024556705477197936,0.125
4.1093158488321,2.2439392514868506,0.125,505.5690667108174,4.129442207361564,3.494000000000003,0.02455907949541962,3.494000000000003,0.03,0.024556705477197936,0.125
4.109377512692459,2.244529342144808,0.125,505.74069567127736,4.129224881944135,3.495000000000003,0.024559020741739598,3.495000000000003,0.03,0.024556705477197936,0.125
4.109439142840766,2.2451196216124285,0.125,505.91255869783413,4.129007232889639,3.4960000000000027,0.024558961988059576,3.496000000000003,0.03,0.024556705477197936,0.125
4.109500739197833,2.2457100903332132,0.125,506.0846563402935,4.128789259437874,3.4970000000000026,0.024558903234379554,3.497000000000003,0.03,0.024556705477197936,0.125
4.1095623016842255,2.2463007487520534,0.125,506.25698915018444,4.128570960826256,3.498000000000003,0.024558844480699536,3.498000000000003,0.03,0.024556705477197936,0.125
4.109623830220258,2.2468915973152366,0.125,506.42955768076587,4.128352336289806,3.499000000000003,0.024558785727019514,3.499000000000003,0.03,0.024556705477197936,0.125
4.109685324725996,2.2474826364704494,0.125,506.6023624870334,4.128133385061148,3.500000000000003,0.02455872697333949,3.500000000000003,0.03,0.024556705477197936,0.125
4.1097479545906825,2.2480464451760858,0.125,506.7220906462419,4.127942440391154,3.501000000000003,0.024558719716702152,3.501000000000003,0.03,0.024556705477197936,0.125
4.1098105549255814,2.248610412873344,0.125,506.84212760215087,4.127751218601012,3.5020000000000024,0.02455871246006481,3.502000000000003,0.03,0.024556705477197936,0.125
4.10987312566003,2.249174539942683,0.125,506.96247409369334,4.127559719027589,3.5030000000000032,0.02455870520342747,3.5030000000000032,0.03,0.024556705477197936,0.125
4.109935666723141,2.249738826765774,0.125,507.08313086216236,4.127367941005634,3.5040000000000027,0.024558697946790133,3.504000000000003,0.03,0.024556705477197936,0.125
4.109998178043794,2.25030327372551,0.125,507.2040986512197,4.1271758838677695,3.5050000000000026,0.024558690690152787,3.505000000000003,0.03,0.024556705477197936,0.125
4.110060659550653,2.2508678812060094,0.125,507.32537820690567,4.126983546944486,3.506000000000003,0.024558683433515454,3.506000000000003,0.03,0.024556705477197936,0.125
4.110122980008029,2.251432906784264,0.125,507.4473933745029,4.126790147618135,3.5070000000000032,0.02455867617687811,3.5070000000000032,0.03,0.024556705477197936,0.125
4.110184958032787,2.251998703621319,0.125,507.5707229969774,4.126594607079588,3.508000000000003,0.02455866892024077,3.508000000000003,0.03,0.024556705477197936,0.125
4.110246903251559,2.252564663344055,0.125,507.69436515575524,4.126398772450437,3.5090000000000026,0.024558661663603435,3.509000000000003,0.03,0.024556705477197936,0.125
4.110308815582886,2.2531307863569348,0.125,507.81832062689716,4.126202643000426,3.510000000000003,0.024558654406966095,3.510000000000003,0.03,0.024556705477197936,0.125
4.110370694945038,2.2536970730657613,0.125,507.94259018903574,4.126006217996877,3.511000000000003,0.024558647150328752,3.5110000000000032,0.03,0.024556705477197936,0.125
4.110432541256012,2.2542635238776834,0.125,508.06717462338554,4.12580949670468,3.512000000000003,0.024558639893691416,3.512000000000003,0.03,0.024556705477197936,0.125
4.110494354433532,2.2548301392012,0.125,508.19207471375415,4.12561247838629,3.5130000000000026,0.024558632637054073,3.513000000000003,0.03,0.024556705477197936,0.125
4.110556134395056,2.255396919446168,0.125,508.31729124655277,4.125415162301709,3.514000000000003,0.024558625380416733,3.514000000000003,0.03,0.024556705477197936,0.125
4.110617881057759,2.2559638650238076,0.125,508.4428250108071,4.125217547708477,3.5150000000000032,0.024558618123779394,3.5150000000000032,0.03,0.024556705477197936,0.125
4.110679594338542,2.2565309763467054,0.125,508.568676798168,4.125019633861668,3.5160000000000027,0.024558610867142058,3.516000000000003,0.03,0.024556705477197936,0.125
4.110741274154035,2.2570982538288233,0.125,508.6948474029229,4.1248214200138715,3.5170000000000026,0.024558603610504715,3.517000000000003,0.03,0.024556705477197936,0.125
4.110802920420585,2.2576656978855034,0.125,508.8213376220063,4.1246229054151895,3.518000000000003,0.024558596353867375,3.518000000000003,0.03,0.024556705477197936,0.125
4.110864533054261,2.258233308933472,0.125,508.9481482550112,4.124424089313219,3.5190000000000037,0.02455858909723004,3.5190000000000032,0.03,0.024556705477197936,0.125
4.11092611197085,2.258801087390846,0.125,509.0752801041995,4.124224970953047,3.5200000000000027,0.024558581840592696,3.520000000000003,0.03,0.024556705477197936,0.125
4.110987657085861,2.2593690336771415,0.125,509.20273397451444,4.1240255495772375,3.5210000000000035,0.024558574583955356,3.521000000000003,0.03,0.024556705477197936,0.125
4.111049168314521,2.259937148213276,0.125,509.33051067359025,4.123825824425823,3.5220000000000034,0.024558567327318016,3.522000000000003,0.03,0.024556705477197936,0.125
4.1111106455717685,2.260505431421576,0.125,509.4586110117647,4.123625794736291,3.5230000000000037,0.024558560070680677,3.5230000000000032,0.03,0.024556705477197936,0.125
4.111172088772261,2.261073883725783,0.125,509.58703580208953,4.123425459743575,3.5240000000000027,0.024558552814043337,3.524000000000003,0.03,0.024556705477197936,0.125
4.11123349783037,2.261642505551058,0.125,509.71578586034224,4.123224818680046,3.5250000000000026,0.024558545557406,3.525000000000003,0.03,0.024556705477197936,0.125
4.111294872660178,2.26221129732399,0.125,509.8448620050377,4.123023870775496,3.5260000000000034,0.02455853830076866,3.526000000000003,0.03,0.024556705477197936,0.125
4.111356213175477,2.2627802594726005,0.125,509.97426505743925,4.122822615257132,3.527000000000003,0.02455853104413132,3.5270000000000032,0.03,0.024556705477197936,0.125
4.111417519289775,2.2633493924263473,0.125,510.1039958415703,4.122621051349564,3.5280000000000027,0.024558523787493982,3.528000000000003,0.03,0.024556705477197936,0.125
4.111478790916284,2.2639186966161344,0.125,510.23405518422607,4.122419178274794,3.5290000000000026,0.024558516530856635,3.529000000000003,0.03,0.024556705477197936,0.125
4.1115400279679255,2.2644881724743176,0.125,510.3644439149854,4.122216995252205,3.530000000000003,0.0245585092742193,3.530000000000003,0.03,0.024556705477197936,0.125
4.111601230357329,2.2650578204347074,0.125,510.4951628662221,4.122014501498548,3.531000000000003,0.02455850201758196,3.5310000000000032,0.03,0.024556705477197936,0.125
4.111662337293785,2.2656277442684942,0.125,510.62673696876567,4.1218113500816935,3.5320000000000027,0.024558494760944617,3.532000000000003,0.03,0.024556705477197936,0.125
4.111722935358871,2.266198647789675,0.125,510.7626864724579,4.121605183500559,3.533000000000002,0.024558487504307277,3.533000000000003,0.03,0.024556705477197936,0.125
4.111783498713487,2.266769723915634,0.125,510.89887834919875,4.1213987054461585,3.5340000000000025,0.02455848024766994,3.534000000000003,0.03,0.024556705477197936,0.125
4.111844027271184,2.267340973076244,0.125,511.0353132026185,4.121191915142765,3.5350000000000033,0.0245584729910326,3.5350000000000033,0.03,0.024556705477197936,0.125
4.111904520945229,2.267912395702806,0.125,511.1719916383536,4.120984811812075,3.536000000000003,0.02455846573439526,3.536000000000003,0.03,0.024556705477197936,0.125
4.1119649796486,2.268483992228055,0.125,511.3089142640552,4.1207773946731985,3.537000000000003,0.024558458477757922,3.537000000000003,0.03,0.024556705477197936,0.125
4.112025403293985,2.269055763086169,0.125,511.4460816893969,4.120569662942643,3.538000000000003,0.024558451221120582,3.538000000000003,0.03,0.024556705477197936,0.125
4.112085791793781,2.2696277087127688,0.125,511.583494526084,4.120361615834307,3.539000000000003,0.024558443964483243,3.5390000000000033,0.03,0.024556705477197936,0.125
4.112146145060093,2.2701998295449304,0.125,511.7211533878612,4.12015325255947,3.5400000000000027,0.024558436707845903,3.540000000000003,0.03,0.024556705477197936,0.125
4.112206463004733,2.270772126021188,0.125,511.8590588905216,4.1199445723267765,3.5410000000000035,0.024558429451208563,3.541000000000003,0.03,0.024556705477197936,0.125
4.112266745539216,2.271344598581541,0.125,511.9972116519151,4.1197355743422275,3.542000000000003,0.024558422194571224,3.542000000000003,0.03,0.024556705477197936,0.125
4.112326992574767,2.2719172476674574,0.125,512.1356122919569,4.119526257809171,3.5430000000000033,0.024558414937933887,3.5430000000000033,0.03,0.024556705477197936,0.125
4.112387204022308,2.2724900737218854,0.125,512.2742614326363,4.119316621928291,3.5440000000000036,0.024558407681296548,3.544000000000003,0.03,0.024556705477197936,0.125
4.112447379792466,2.2730630771892537,0.125,512.4131596980255,4.119106665897592,3.5450000000000035,0.024558400424659205,3.545000000000003,0.03,0.024556705477197936,0.125
4.1125075197955665,2.273636258515482,0.125,512.5523077142875,4.118896388912391,3.546000000000003,0.02455839316802187,3.546000000000003,0.03,0.024556705477197936,0.125
4.1125676239416356,2.2742096181479856,0.125,512.6917061096864,4.118685790165309,3.547000000000003,0.024558385911384525,3.5470000000000033,0.03,0.024556705477197936,0.125
4.112627692140398,2.27478315653568,0.125,512.8313555145944,4.118474868846255,3.5480000000000027,0.024558378654747186,3.548000000000003,0.03,0.024556705477197936,0.125
4.1126877243012725,2.275356874128992,0.125,512.9712565615024,4.118263624142417,3.5490000000000026,0.024558371398109846,3.549000000000003,0.03,0.024556705477197936,0.125
4.1127477203333775,2.2759307713798598,0.125,513.1114098850276,4.1180520552382465,3.550000000000003,0.024558364141472507,3.550000000000003,0.03,0.024556705477197936,0.125
4.1128076801455205,2.2765048487417445,0.125,513.2518161219228,4.117840161315456,3.5510000000000033,0.024558356884835167,3.5510000000000033,0.03,0.024556705477197936,0.125
4.112867603646206,2.277079106669634,0.125,513.3924759110861,4.117627941552997,3.552000000000003,0.024558349628197827,3.552000000000003,0.03,0.024556705477197936,0.125
4.112927490743628,2.27765354562005,0.125,513.5333898935688,4.117415395127056,3.553000000000003,0.024558342371560488,3.553000000000003,0.03,0.024556705477197936,0.125
4.1129873413456695,2.2782281660510533,0.125,513.6745587125852,4.1172025212110395,3.554000000000003,0.024558335114923148,3.554000000000003,0.03,0.024556705477197936,0.125
4.113047155359906,2.278802968422255,0.125,513.8159830135216,4.116989318975561,3.555000000000003,0.02455832785828581,3.5550000000000033,0.03,0.024556705477197936,0.125
4.113106765050757,2.2793781845573564,0.125,513.9581759338212,4.116774885687538,3.556000000000003,0.02455832060164847,3.556000000000003,0.03,0.024556705477197936,0.125
4.113165969118275,2.2799540965919247,0.125,514.1017438760563,4.116558134082353,3.557000000000003,0.02455831334501113,3.557000000000003,0.03,0.024556705477197936,0.125
4.113225136916509,2.2805301972186656,0.125,514.2455531516144,4.116341048827128,3.558000000000003,0.02455830608837379,3.558000000000003,0.03,0.024556705477197936,0.125
4.113284268354179,2.2811064869122344,0.125,514.3896043678916,4.116123629082127,3.5590000000000033,0.02455829883173645,3.5590000000000033,0.03,0.024556705477197936,0.125
4.113343363339692,2.28168296614888,0.125,514.5338981343231,4.115905874004781,3.5600000000000027,0.02455829157509911,3.560000000000003,0.03,0.024556705477197936,0.125
4.113402421781152,2.282259635406453,0.125,514.6784350623936,4.115687782749702,3.5610000000000035,0.02455828431846177,3.561000000000003,0.03,0.024556705477197936,0.125
4.113461443586349,2.282836495164411,0.125,514.8232157656446,4.115469354468648,3.562000000000003,0.02455827706182443,3.562000000000003,0.03,0.024556705477197936,0.125
4.113520428662766,2.2834135459038256,0.125,514.9682408596831,4.115250588310528,3.563000000000003,0.02455826980518709,3.5630000000000033,0.03,0.024556705477197936,0.125
4.113579376917576,2.28399078810739,0.125,515.1135109621911,4.115031483421378,3.564000000000003,0.02455826254854975,3.564000000000003,0.03,0.024556705477197936,0.125
4.113638288257633,2.284568222259426,0.125,515.2590266929337,4.114812038944354,3.5650000000000026,0.024558255291912412,3.565000000000003,0.03,0.024556705477197936,0.125
4.113697162589481,2.2851458488458896,0.125,515.4047886737682,4.1145922540197235,3.566000000000003,0.024558248035275072,3.566000000000003,0.03,0.024556705477197936,0.125
4.113755999819347,2.285723668354378,0.125,515.5507975286528,4.114372127784846,3.5670000000000033,0.024558240778637733,3.5670000000000033,0.03,0.024556705477197936,0.125
4.1138147998531425,2.286301681274139,0.125,515.6970538836551,4.114151659374166,3.568000000000003,0.024558233522000393,3.568000000000003,0.03,0.024556705477197936,0.125
4.113873562596457,2.286879888096074,0.125,515.843558366962,4.113930847919195,3.5690000000000026,0.024558226265363053,3.569000000000003,0.03,0.024556705477197936,0.125
4.1139322879545634,2.287458289312748,0.125,515.9903116088879,4.11370969254851,3.570000000000003,0.024558219008725714,3.570000000000003,0.03,0.024556705477197936,0.125
4.1139909758324125,2.2880368854183963,0.125,516.1373142418837,4.113488192387727,3.571000000000003,0.024558211752088374,3.5710000000000033,0.03,0.024556705477197936,0.125
4.1140496261346335,2.2886156769089303,0.125,516.2845669005463,4.1132663465595,3.572000000000003,0.024558204495451035,3.572000000000003,0.03,0.024556705477197936,0.125
4.11410823876553,2.2891946642819456,0.125,516.4320702216273,4.113044154183501,3.5730000000000026,0.024558197238813695,3.573000000000003,0.03,0.024556705477197936,0.125
4.11416681362908,2.289773848036728,0.125,516.5798248440425,4.1128216143764105,3.574000000000003,0.024558189982176352,3.574000000000003,0.03,0.024556705477197936,0.125
4.114225350628938,2.2903532286742636,0.125,516.7278314088809,4.112598726251908,3.5750000000000033,0.024558182725539016,3.5750000000000033,0.03,0.024556705477197936,0.125
4.114283849668427,2.290932806697242,0.125,516.8760905594137,4.112375488920648,3.576000000000003,0.024558175468901672,3.576000000000003,0.03,0.024556705477197936,0.125
4.114342310650543,2.2915125826100673,0.125,517.0246029411041,4.1121519014902645,3.5770000000000026,0.024558168212264333,3.577000000000003,0.03,0.024556705477197936,0.125
4.114400733477951,2.2920925569188615,0.125,517.1733692016168,4.111927963065341,3.5780000000000025,0.024558160955626997,3.578000000000003,0.03,0.024556705477197936,0.125
4.114458519866912,2.2926734798127892,0.125,517.3240672767095,4.111700530344201,3.5790000000000033,0.024558153698989657,3.5790000000000033,0.03,0.024556705477197936,0.125
4.114516082338763,2.2932548513812345,0.125,517.475522221395,4.111471753295226,3.580000000000003,0.024558146442352314,3.580000000000003,0.03,0.024556705477197936,0.125
4.11457363052944,2.2938364116570886,0.125,517.6271437143877,4.111242730419634,3.581000000000003,0.024558139185714974,3.581000000000003,0.03,0.024556705477197936,0.125
4.114631164414297,2.2944181609659573,0.125,517.7789320430599,4.111013461293262,3.5820000000000025,0.024558131929077638,3.582000000000003,0.03,0.024556705477197936,0.125
4.114688683968642,2.2950000996341977,0.125,517.9308874954457,4.1107839454909705,3.5830000000000033,0.024558124672440295,3.5830000000000033,0.03,0.024556705477197936,0.125
4.114746189167715,2.295582227988917,0.125,518.0830103602422,4.11055418258664,3.584000000000003,0.02455811741580296,3.584000000000003,0.03,0.024556705477197936,0.125
4.114803679986705,2.296164546357979,0.125,518.2353009268118,4.110324172153168,3.5850000000000026,0.024558110159165616,3.585000000000003,0.03,0.024556705477197936,0.125
4.114861156400743,2.29674705507,0.125,518.3877594851847,4.110093913762468,3.5860000000000025,0.024558102902528283,3.586000000000003,0.03,0.024556705477197936,0.125
4.114918618384904,2.297329754454357,0.125,518.5403863260598,4.109863406985467,3.5870000000000033,0.02455809564589094,3.5870000000000033,0.03,0.024556705477197936,0.125
4.114976065914199,2.297912644841187,0.125,518.693181740807,4.1096326513921015,3.588000000000003,0.0245580883892536,3.588000000000003,0.03,0.024556705477197936,0.125
4.115033498963589,2.2984957265613883,0.125,518.8461460214696,4.109401646551311,3.5890000000000026,0.024558081132616264,3.589000000000003,0.03,0.024556705477197936,0.125
4.115090917507974,2.2990789999466252,0.125,518.9992794607658,4.109170392031042,3.590000000000003,0.02455807387597892,3.590000000000003,0.03,0.024556705477197936,0.125
4.115148321522195,2.29966246532933,0.125,519.1525823520906,4.108938887398241,3.5910000000000033,0.024558066619341585,3.5910000000000033,0.03,0.024556705477197936,0.125
4.115205710981037,2.300246123042701,0.125,519.3060549895179,4.108707132218854,3.592000000000003,0.024558059362704242,3.592000000000003,0.03,0.024556705477197936,0.125
4.115263085859224,2.3008299734207105,0.125,519.4596976678025,4.10847512605782,3.5930000000000026,0.024558052106066902,3.593000000000003,0.03,0.024556705477197936,0.125
4.115320446131425,2.3014140167981045,0.125,519.6135106823823,4.108242868479069,3.594000000000003,0.024558044849429563,3.594000000000003,0.03,0.024556705477197936,0.125
4.115377791772245,2.3019982535104044,0.125,519.7674943293796,4.108010359045523,3.5950000000000033,0.024558037592792226,3.5950000000000033,0.03,0.024556705477197936,0.125
4.115435122756235,2.3025826838939083,0.125,519.9216489056037,4.10777759731909,3.596000000000003,0.024558030336154883,3.596000000000003,0.03,0.024556705477197936,0.125
4.115492439057885,2.303167308285697,0.125,520.0759747085523,4.107544582860658,3.5970000000000026,0.024558023079517544,3.597000000000003,0.03,0.024556705477197936,0.125
4.115549740651627,2.3037521270236336,0.125,520.2304720364147,4.107311315230102,3.598000000000003,0.024558015822880204,3.598000000000003,0.03,0.024556705477197936,0.125
4.115607027511829,2.3043371404463646,0.125,520.3851411880722,4.107077793986267,3.599000000000003,0.024558008566242864,3.5990000000000033,0.03,0.024556705477197936,0.125
4.1156641185310106,2.3049226150686937,0.125,520.5403857199217,4.1068430284056205,3.600000000000003,0.024558001309605525,3.600000000000003,0.03,0.024556705477197936,0.125
4.115718343030062,2.3054796993247053,0.125,520.705547319176,4.106621835397749,3.6010000000000026,0.024557997357358745,3.601000000000003,0.03,0.024556705477197936,0.125
4.115772546784063,2.3060369659477997,0.125,520.8709424454254,4.1064003770178665,3.602000000000003,0.024557993405111975,3.602000000000003,0.03,0.024556705477197936,0.125
4.115826729752078,2.306594415297824,0.125,521.0365715594671,4.106178652742335,3.603000000000003,0.024557989452865196,3.6030000000000033,0.03,0.024556705477197936,0.125
4.115880891893065,2.307152047735573,0.125,521.2024351233109,4.105956662046145,3.604000000000003,0.02455798550061842,3.604000000000003,0.03,0.024556705477197936,0.125
4.115935033165874,2.3077098636227937,0.125,521.3685336001846,4.105734404402897,3.6050000000000026,0.024557981548371646,3.605000000000003,0.03,0.024556705477197936,0.125
4.115989153529246,2.3082678633221843,0.125,521.5348674545365,4.105511879284812,3.6060000000000025,0.02455797759612487,3.606000000000003,0.03,0.024556705477197936,0.125
4.1160432529418145,2.3088260471974023,0.125,521.7014371520404,4.105289086162712,3.6070000000000024,0.02455797364387809,3.6070000000000033,0.03,0.024556705477197936,0.125
4.116097331362102,2.309384415613063,0.125,521.8682431595992,4.105066024506026,3.608000000000003,0.024557969691631324,3.608000000000003,0.03,0.024556705477197936,0.125
4.116151388748522,2.3099429689347457,0.125,522.0352859453488,4.104842693782779,3.6090000000000027,0.024557965739384548,3.609000000000003,0.03,0.024556705477197936,0.125
4.116205425059379,2.310501707528996,0.125,522.2025659786631,4.1046190934595925,3.610000000000003,0.024557961787137768,3.610000000000003,0.03,0.024556705477197936,0.125
4.116259440252867,2.31106063176333,0.125,522.3700837301568,4.104395223001674,3.611000000000003,0.024557957834890995,3.6110000000000033,0.03,0.024556705477197936,0.125
4.116313434287068,2.3116197420062337,0.125,522.5378396716902,4.1041710818728205,3.612000000000003,0.02455795388264422,3.612000000000003,0.03,0.024556705477197936,0.125
4.116367407119954,2.312179038627171,0.125,522.7058342763736,4.103946669535403,3.613000000000003,0.024557949930397446,3.613000000000003,0.03,0.024556705477197936,0.125
4.1164213587093865,2.3127385219965846,0.125,522.8740680185709,4.103721985450372,3.614000000000003,0.02455794597815067,3.614000000000003,0.03,0.024556705477197936,0.125
4.116475289013113,2.3132981924859006,0.125,523.0425413739039,4.103497029077247,3.615000000000003,0.02455794202590389,3.6150000000000033,0.03,0.024556705477197936,0.125
4.11652919798877,2.313858050467528,0.125,523.2112548192565,4.103271799874115,3.6160000000000028,0.024557938073657113,3.616000000000003,0.03,0.024556705477197936,0.125
4.116583085593884,2.314418096314868,0.125,523.380208832779,4.103046297297621,3.6170000000000027,0.02455793412141034,3.617000000000003,0.03,0.024556705477197936,0.125
4.116636951785865,2.3149783304023113,0.125,523.5494038938924,4.102820520802968,3.6180000000000034,0.024557930169163564,3.618000000000003,0.03,0.024556705477197936,0.125
4.116690796522009,2.3155387531052454,0.125,523.7188404832923,4.10259446984391,3.6190000000000033,0.02455792621691679,3.6190000000000033,0.03,0.024556705477197936,0.125
4.116744597337209,2.3160993937573706,0.125,523.8885661419139,4.102368025187841,3.620000000000003,0.024557922264670014,3.620000000000003,0.03,0.024556705477197936,0.125
4.116797719896975,2.3166610713242486,0.125,524.0599132298763,4.102137829462456,3.621000000000003,0.024557918312423235,3.621000000000003,0.03,0.024556705477197936,0.125
4.116850817933459,2.3172229413387395,0.125,524.2315107380483,4.101907343200212,3.622000000000003,0.02455791436017646,3.622000000000003,0.03,0.024556705477197936,0.125
4.116903891395916,2.317785004199037,0.125,524.4033591845738,4.101676565799961,3.623000000000003,0.024557910407929685,3.6230000000000033,0.03,0.024556705477197936,0.125
4.116956940233466,2.318347260304431,0.125,524.5754590890267,4.101445496658893,3.6240000000000028,0.024557906455682905,3.624000000000003,0.03,0.024556705477197936,0.125
4.1170099643950895,2.3189097100553187,0.125,524.7478109724168,4.101214135172536,3.6250000000000027,0.024557902503436136,3.625000000000003,0.03,0.024556705477197936,0.125
4.117062963829622,2.319472353853201,0.125,524.9204153571941,4.100982480734744,3.626000000000003,0.02455789855118936,3.626000000000003,0.03,0.024556705477197936,0.125
4.117115938485758,2.3200351921006925,0.125,525.0932727672537,4.100750532737693,3.627000000000003,0.024557894598942583,3.6270000000000033,0.03,0.024556705477197936,0.125
4.117168888312053,2.320598225201519,0.125,525.2663837279412,4.100518290571882,3.628000000000003,0.02455789064669581,3.6280000000000032,0.03,0.024556705477197936,0.125
4.117221813256917,2.321161453560526,0.125,525.4397487660575,4.100285753626117,3.6290000000000022,0.024557886694449034,3.629000000000003,0.03,0.024556705477197936,0.125
4.117274713268619,2.321724877583683,0.125,525.6133684098639,4.100052921287509,3.630000000000003,0.024557882742202254,3.630000000000003,0.03,0.024556705477197936,0.125
4.117327588295284,2.3222884976780844,0.125,525.7872431890873,4.099819792941472,3.631000000000003,0.02455787878995548,3.6310000000000033,0.03,0.024556705477197936,0.125
4.117380438284891,2.322852314251954,0.125,525.9613736349252,4.099586367971711,3.6320000000000032,0.02455787483770871,3.6320000000000032,0.03,0.024556705477197936,0.125
4.117433263185278,2.3234163277146496,0.125,526.1357602800499,4.099352645760223,3.6330000000000027,0.02455787088546193,3.633000000000003,0.03,0.024556705477197936,0.125
4.117486062944135,2.3239805384766683,0.125,526.3104036586155,4.099118625687281,3.634000000000003,0.024557866933215152,3.634000000000003,0.03,0.024556705477197936,0.125
4.117538837509008,2.324544946949649,0.125,526.4853043062618,4.0988843071314385,3.635000000000003,0.024557862980968383,3.6350000000000033,0.03,0.024556705477197936,0.125
4.117591586827296,2.3251095535463753,0.125,526.6604627601193,4.098649689469519,3.6360000000000032,0.024557859028721603,3.6360000000000032,0.03,0.024556705477197936,0.125
4.117644310846252,2.3256743586807818,0.125,526.8358795588149,4.098414772076608,3.6370000000000027,0.02455785507647483,3.637000000000003,0.03,0.024556705477197936,0.125
4.117697009512982,2.3262393627679563,0.125,527.0115552424772,4.098179554326048,3.638000000000003,0.024557851124228054,3.638000000000003,0.03,0.024556705477197936,0.125
4.1177496827744475,2.3268045662241446,0.125,527.1874903527415,4.097944035589439,3.6390000000000033,0.024557847171981277,3.6390000000000033,0.03,0.024556705477197936,0.125
4.117801565594838,2.327370469983538,0.125,527.3670264658564,4.097704654884134,3.6400000000000032,0.024557843219734504,3.6400000000000032,0.03,0.024556705477197936,0.125
4.117852892590721,2.327936899229767,0.125,527.5491393381095,4.097462525473527,3.641000000000003,0.024557839267487728,3.641000000000003,0.03,0.024556705477197936,0.125
4.117904166298974,2.328503520175719,0.125,527.7316345869486,4.097219991232474,3.6420000000000026,0.02455783531524095,3.642000000000003,0.03,0.024556705477197936,0.125
4.117955386572805,2.329070333349475,0.125,527.9145132657175,4.096977051045776,3.643000000000003,0.02455783136299418,3.6430000000000033,0.03,0.024556705477197936,0.125
4.1180065532648795,2.3296373392810565,0.125,528.0977764316312,4.096733703794139,3.6440000000000032,0.024557827410747402,3.6440000000000032,0.03,0.024556705477197936,0.125
4.118057666227326,2.330204538502437,0.125,528.2814251457963,4.096489948354144,3.6450000000000036,0.024557823458500626,3.645000000000003,0.03,0.024556705477197936,0.125
4.118108725311721,2.3307719315475466,0.125,528.4654604732268,4.0962457835982375,3.646000000000003,0.024557819506253853,3.646000000000003,0.03,0.024556705477197936,0.125
4.118159730369101,2.3313395189522863,0.125,528.6498834828635,4.096001208394711,3.6470000000000034,0.024557815554007073,3.6470000000000034,0.03,0.024556705477197936,0.125
4.118210681249948,2.3319073012545326,0.125,528.8346952475907,4.095756221607674,3.6480000000000032,0.0245578116017603,3.6480000000000032,0.03,0.024556705477197936,0.125
4.118261577804197,2.33247527899415,0.125,529.0198968442559,4.095510822097049,3.6490000000000027,0.02455780764951352,3.649000000000003,0.03,0.024556705477197936,0.125
4.118312419881221,2.333043452712998,0.125,529.205489353687,4.095265008718538,3.650000000000003,0.024557803697266747,3.650000000000003,0.03,0.024556705477197936,0.125
4.118363207329841,2.333611822954941,0.125,529.3914738607114,4.095018780323611,3.6510000000000034,0.024557799745019974,3.6510000000000034,0.03,0.024556705477197936,0.125
4.118413939998316,2.3341803902658578,0.125,529.5778514541738,4.094772135759482,3.652000000000003,0.024557795792773195,3.6520000000000032,0.03,0.024556705477197936,0.125
4.118464617734345,2.3347491551936517,0.125,529.7646232269558,4.094525073869097,3.653000000000003,0.02455779184052642,3.653000000000003,0.03,0.024556705477197936,0.125
4.118515240385058,2.335318118288257,0.125,529.9517902759939,4.094277593491102,3.6540000000000026,0.024557787888279645,3.654000000000003,0.03,0.024556705477197936,0.125
4.11856580779702,2.3358872801016517,0.125,530.1393537022984,4.094029693459836,3.6550000000000034,0.02455778393603287,3.6550000000000034,0.03,0.024556705477197936,0.125
4.1186163198162244,2.336456641187866,0.125,530.3273146109723,4.093781372605301,3.656000000000003,0.024557779983786096,3.6560000000000032,0.03,0.024556705477197936,0.125
4.1186667762880935,2.3370262021029906,0.125,530.515674111231,4.093532629753147,3.657000000000003,0.02455777603153932,3.657000000000003,0.03,0.024556705477197936,0.125
4.1187169092071,2.3375961732159687,0.125,530.706108231766,4.093282182723599,3.6580000000000026,0.024557772079292543,3.658000000000003,0.03,0.024556705477197936,0.125
4.118766054301353,2.3381670829911507,0.125,530.9028223859871,4.093026846484477,3.6590000000000034,0.024557768127045767,3.6590000000000034,0.03,0.024556705477197936,0.125
4.1188151730734495,2.338738183548273,0.125,531.0998372684161,4.09277121416562,3.660000000000003,0.02455776417479899,3.6600000000000033,0.03,0.024556705477197936,0.125
4.118864265472227,2.339309475258184,0.125,531.2971534636176,4.092515285191501,3.6610000000000027,0.024557760222552218,3.661000000000003,0.03,0.024556705477197936,0.125
4.118913331446386,2.3398809584926936,0.125,531.4947715576724,4.092259058985096,3.6620000000000026,0.02455775627030544,3.662000000000003,0.03,0.024556705477197936,0.125
4.1189623709444945,2.340452633624576,0.125,531.692692138182,4.092002534967887,3.663000000000003,0.024557752318058665,3.6630000000000034,0.03,0.024556705477197936,0.125
4.119011383914988,2.3410245010275736,0.125,531.8909157942743,4.091745712559853,3.6640000000000033,0.024557748365811892,3.6640000000000033,0.03,0.024556705477197936,0.125
4.119060370306167,2.3415965610763996,0.125,532.0894431166074,4.091488591179466,3.665000000000003,0.024557744413565112,3.665000000000003,0.03,0.024556705477197936,0.125
4.119109330066197,2.342168814146743,0.125,532.2882746973758,4.0912311702436845,3.666000000000003,0.02455774046131834,3.666000000000003,0.03,0.024556705477197936,0.125
4.119158263143111,2.3427412606152678,0.125,532.4874111303143,4.090973449167953,3.667000000000003,0.02455773650907156,3.6670000000000034,0.03,0.024556705477197936,0.125
4.119207169484805,2.343313900859622,0.125,532.6868530107039,4.09071542736619,3.6680000000000033,0.024557732556824786,3.6680000000000033,0.03,0.024556705477197936,0.125
4.119256049039039,2.343886735258434,0.125,532.8866009353764,4.09045710425079,3.669000000000003,0.02455772860457801,3.669000000000003,0.03,0.024556705477197936,0.125
4.119304901753436,2.3444597641913214,0.125,533.0866555027194,4.090198479232615,3.6700000000000026,0.024557724652331237,3.670000000000003,0.03,0.024556705477197936,0.125
4.1193537275754855,2.345032988038892,0.125,533.2870173126817,4.08993955172099,3.671000000000003,0.02455772070008446,3.6710000000000034,0.03,0.024556705477197936,0.125
4.1194025264525385,2.3456064071827463,0.125,533.4876869667781,4.089680321123698,3.6720000000000033,0.024557716747837688,3.6720000000000033,0.03,0.024556705477197936,0.125
4.119451298331805,2.3461800220054814,0.125,533.6886650680946,4.089420786846974,3.6730000000000027,0.02455771279559091,3.673000000000003,0.03,0.024556705477197936,0.125
4.119500043160364,2.3467538328906965,0.125,533.8899522212934,4.089160948295504,3.6740000000000026,0.02455770884334413,3.674000000000003,0.03,0.024556705477197936,0.125
4.1195487608851495,2.3473278402229916,0.125,534.0915490326186,4.088900804872414,3.6750000000000034,0.024557704891097362,3.6750000000000034,0.03,0.024556705477197936,0.125
4.11959689871733,2.3479028141726297,0.125,534.294598150975,4.0886373744153435,3.676000000000003,0.024557700938850582,3.6760000000000033,0.03,0.024556705477197936,0.125
4.1196448418716685,2.3484782460007025,0.125,534.498301941211,4.088372707129438,3.6770000000000027,0.02455769698660381,3.677000000000003,0.03,0.024556705477197936,0.125
4.1196927552589,2.3490539100055257,0.125,534.7023199179216,4.088107688612205,3.6780000000000026,0.024557693034357033,3.678000000000003,0.03,0.024556705477197936,0.125
4.119740638815443,2.3496298066830272,0.125,534.9066527522064,4.087842318113417,3.6790000000000034,0.024557689082110253,3.6790000000000034,0.03,0.024556705477197936,0.125
4.119788492477533,2.3502059365305463,0.125,535.111301117077,4.087576594880709,3.680000000000003,0.02455768512986348,3.6800000000000033,0.03,0.024556705477197936,0.125
4.119836316181224,2.3507823000468435,0.125,535.316265687465,4.087310518159569,3.681000000000003,0.024557681177616707,3.681000000000003,0.03,0.024556705477197936,0.125
4.119884109862389,2.351358897732101,0.125,535.5215471402281,4.087044087193335,3.682000000000003,0.02455767722536993,3.682000000000003,0.03,0.024556705477197936,0.125
4.119931873456718,2.35193573008793,0.125,535.7271461541574,4.08677730122318,3.6830000000000034,0.024557673273123155,3.6830000000000034,0.03,0.024556705477197936,0.125
4.119979606899715,2.3525127976173765,0.125,535.9330634099834,4.086510159488112,3.6840000000000033,0.02455766932087638,3.6840000000000033,0.03,0.024556705477197936,0.125
4.120027310126701,2.353090100824922,0.125,536.1392995903846,4.086242661224959,3.685000000000003,0.024557665368629605,3.685000000000003,0.03,0.024556705477197936,0.125
4.1200749830728105,2.3536676402164955,0.125,536.3458553799927,4.085974805668364,3.6860000000000026,0.02455766141638283,3.686000000000003,0.03,0.024556705477197936,0.125
4.1201226256729955,2.3542454162994746,0.125,536.5527314654009,4.085706592050784,3.6870000000000034,0.024557657464136053,3.6870000000000034,0.03,0.024556705477197936,0.125
4.120170237862019,2.354823429582689,0.125,536.7599285351703,4.085438019602468,3.6880000000000033,0.02455765351188928,3.6880000000000033,0.03,0.024556705477197936,0.125
4.120217819574455,2.3554016805764304,0.125,536.967447279837,4.085169087551462,3.6890000000000027,0.024557649559642503,3.689000000000003,0.03,0.024556705477197936,0.125
4.120265370744694,2.3559801697924536,0.125,537.1752883919188,4.0848997951235955,3.690000000000003,0.024557645607395727,3.690000000000003,0.03,0.024556705477197936,0.125
4.120312891306935,2.3565588977439846,0.125,537.3834525659241,4.084630141542472,3.6910000000000034,0.02455764165514895,3.6910000000000034,0.03,0.024556705477197936,0.125
4.12036038119519,2.3571378649457237,0.125,537.5919404983562,4.084360126029465,3.692000000000003,0.024557637702902174,3.6920000000000033,0.03,0.024556705477197936,0.125
4.1204071434970615,2.357717948216647,0.125,537.8022272259418,4.084086083140093,3.6930000000000027,0.0245576337506554,3.693000000000003,0.03,0.024556705477197936,0.125
4.120453851690448,2.3582982905558616,0.125,538.0128890007209,4.083811564700661,3.694000000000003,0.02455762979840862,3.694000000000003,0.03,0.024556705477197936,0.125
4.120500528686059,2.358878863383955,0.125,538.2238779079664,4.083536690965088,3.695000000000003,0.024557625846161852,3.6950000000000034,0.03,0.024556705477197936,0.125
4.120547174418187,2.359459667186386,0.125,538.4351946366879,4.0832614611850495,3.696000000000003,0.024557621893915072,3.6960000000000033,0.03,0.024556705477197936,0.125
4.120593788820936,2.360040702449977,0.125,538.6468398778313,4.082985874610112,3.6970000000000027,0.024557617941668296,3.697000000000003,0.03,0.024556705477197936,0.125
4.1206403718282285,2.36062196966292,0.125,538.8588143242861,4.082709930487734,3.698000000000003,0.02455761398942152,3.698000000000003,0.03,0.024556705477197936,0.125
4.120686923373799,2.361203469314779,0.125,539.0711186708911,4.0824336280632565,3.6990000000000034,0.024557610037174746,3.6990000000000034,0.03,0.024556705477197936,0.125
4.120733443391197,2.361785201896499,0.125,539.2837536144422,4.082156966579894,3.7000000000000033,0.024557606084927974,3.7000000000000033,0.03,0.024556705477197936,0.125
4.120784239234781,2.3623417938888136,0.125,539.4658432272041,4.081919375734003,3.701000000000003,0.024557604048175165,3.701000000000003,0.03,0.024556705477197936,0.125
4.120834999469327,2.362898549829871,0.125,539.64814810901,4.08168147853304,3.702000000000002,0.02455760201142236,3.702000000000003,0.03,0.024556705477197936,0.125
4.120885724018078,2.3634554700730668,0.125,539.8306687238788,4.081443274316645,3.7030000000000034,0.02455759997466956,3.7030000000000034,0.03,0.024556705477197936,0.125
4.120936412804059,2.3640125549728146,0.125,540.0134055371643,4.081204762422562,3.7040000000000037,0.024557597937916748,3.7040000000000033,0.03,0.024556705477197936,0.125
4.120987065750069,2.364569804884547,0.125,540.1963590155599,4.080965942186627,3.7050000000000027,0.02455759590116395,3.705000000000003,0.03,0.024556705477197936,0.125
4.121037682778687,2.3651272201647218,0.125,540.3795296271024,4.080726812942763,3.706000000000003,0.024557593864411146,3.706000000000003,0.03,0.024556705477197936,0.125
4.121088263812271,2.365684801170823,0.125,540.5629178411788,4.080487374022977,3.7070000000000034,0.02455759182765834,3.7070000000000034,0.03,0.024556705477197936,0.125
4.12113880877295,2.3662425482613645,0.125,540.7465241285288,4.080247624757342,3.7080000000000033,0.024557589790905533,3.7080000000000033,0.03,0.024556705477197936,0.125
4.121189317582633,2.366800461795899,0.125,540.9303489612518,4.080007564474001,3.709000000000003,0.02455758775415273,3.709000000000003,0.03,0.024556705477197936,0.125
4.121239649150749,2.3673587444693336,0.125,541.1148037542524,4.079766426455337,3.710000000000002,0.02455758573648984,3.710000000000003,0.03,0.024556705477197936,0.125
4.121289446831499,2.367917923953637,0.125,541.3009967812925,4.079522257254496,3.711000000000003,0.024557583785172712,3.7110000000000034,0.03,0.024556705477197936,0.125
4.121339209106166,2.368477295302425,0.125,541.4875196462242,4.079277754510527,3.7120000000000033,0.024557581832056193,3.7120000000000033,0.03,0.024556705477197936,0.125
4.12138893589613,2.3690368589417257,0.125,541.6743730814403,4.0790329174828095,3.7130000000000027,0.02455757987713627,3.713000000000003,0.03,0.024556705477197936,0.125
4.121438627122542,2.369596615298829,0.125,541.8615578215037,4.078787745428528,3.714000000000003,0.02455757792040894,3.714000000000003,0.03,0.024556705477197936,0.125
4.1214882827063155,2.3701565648022918,0.125,542.0490746031547,4.078542237602665,3.7150000000000034,0.024557575961870193,3.7150000000000034,0.03,0.024556705477197936,0.125
4.121537902568132,2.3707167078819427,0.125,542.2369241653201,4.078296393257997,3.7160000000000033,0.024557574001515987,3.7160000000000033,0.03,0.024556705477197936,0.125
4.121587486628437,2.371277044968888,0.125,542.425107249121,4.078050211645072,3.717000000000003,0.02455757203934229,3.717000000000003,0.03,0.024556705477197936,0.125
4.121637034807439,2.371837576495512,0.125,542.6136245978805,4.07780369201222,3.718000000000003,0.024557570075345033,3.718000000000003,0.03,0.024556705477197936,0.125
4.121686547025111,2.372398302895488,0.125,542.8024769571324,4.0775568336055334,3.7190000000000034,0.02455756810952016,3.7190000000000034,0.03,0.024556705477197936,0.125
4.1217360232011835,2.372959224603778,0.125,542.991665074629,4.0773096356688585,3.7200000000000037,0.024557566141863583,3.7200000000000033,0.03,0.024556705477197936,0.125
4.1217854632551525,2.3735203420566404,0.125,543.18118970035,4.07706209744379,3.7210000000000027,0.024557564172371215,3.721000000000003,0.03,0.024556705477197936,0.125
4.121834867106271,2.3740816556916324,0.125,543.37105158651,4.076814218169662,3.7220000000000026,0.024557562201038954,3.722000000000003,0.03,0.024556705477197936,0.125
4.121884234673556,2.3746431659476195,0.125,543.5612514875675,4.076565997083544,3.7230000000000034,0.024557560227862683,3.7230000000000034,0.03,0.024556705477197936,0.125
4.121933565875775,2.3752048732647726,0.125,543.7517901602326,4.076317433420224,3.724000000000003,0.02455755825283827,3.7240000000000033,0.03,0.024556705477197936,0.125
4.1219828606314595,2.3757667780845817,0.125,543.9426683634764,4.0760685264122065,3.7250000000000028,0.024557556275961585,3.725000000000003,0.03,0.024556705477197936,0.125
4.122032118858895,2.376328880849854,0.125,544.1338868585386,4.075819275289698,3.726000000000003,0.024557554297228463,3.726000000000003,0.03,0.024556705477197936,0.125
4.122081340476121,2.3768911820047225,0.125,544.3254464089357,4.075569679280604,3.7270000000000034,0.024557552316634746,3.7270000000000034,0.03,0.024556705477197936,0.125
4.1221305254009355,2.377453681994649,0.125,544.5173477804711,4.075319737610522,3.7280000000000033,0.02455755033417625,3.7280000000000033,0.03,0.024556705477197936,0.125
4.122179211859861,2.3780170160611798,0.125,544.7105776470183,4.075066968129102,3.729000000000003,0.024557548298480225,3.729000000000003,0.03,0.024556705477197936,0.125
4.122227691224291,2.37858077962056,0.125,544.9045136644642,4.074812940850661,3.730000000000002,0.024557546243707935,3.730000000000003,0.03,0.024556705477197936,0.125
4.122276132447716,2.379144740030886,0.125,545.0987955233988,4.074558564172878,3.731000000000004,0.024557544188935646,3.7310000000000034,0.03,0.024556705477197936,0.125
4.122324535444551,2.3797088977338885,0.125,545.2934239998878,4.0743038373117,3.7320000000000033,0.024557542134163356,3.7320000000000033,0.03,0.024556705477197936,0.125
4.122372900128947,2.380273253172623,0.125,545.4883998723205,4.074048759480733,3.733000000000003,0.024557540079391066,3.733000000000003,0.03,0.024556705477197936,0.125
4.1224212264148035,2.380837806791472,0.125,545.6837239214193,4.073793329891221,3.734000000000003,0.024557538024618776,3.734000000000003,0.03,0.024556705477197936,0.125
4.122469514215762,2.381402559036151,0.125,545.8793969302471,4.073537547752047,3.7350000000000034,0.02455753596984648,3.7350000000000034,0.03,0.024556705477197936,0.125
4.122517763445203,2.3819675103537112,0.125,546.0754196842173,4.073281412269717,3.736000000000003,0.024557533915074186,3.7360000000000033,0.03,0.024556705477197936,0.125
4.122565974016247,2.382532661192548,0.125,546.2717929711014,4.073024922648354,3.737000000000003,0.024557531860301896,3.737000000000003,0.03,0.024556705477197936,0.125
4.122614145841754,2.3830980120024052,0.125,546.468517581039,4.072768078089692,3.7380000000000027,0.024557529805529603,3.738000000000003,0.03,0.024556705477197936,0.125
4.122662278834322,2.3836635632343777,0.125,546.6655943065463,4.072510877793061,3.7390000000000034,0.024557527750757313,3.7390000000000034,0.03,0.024556705477197936,0.125
4.122710372906284,2.384229315340918,0.125,546.8630239425246,4.07225332095538,3.7400000000000033,0.02455752569598502,3.7400000000000033,0.03,0.024556705477197936,0.125
4.122758427969713,2.384795268775843,0.125,547.06080728627,4.071995406771153,3.7410000000000028,0.024557523641212727,3.741000000000003,0.03,0.024556705477197936,0.125
4.122806443936412,2.3853614239943375,0.125,547.2589451374819,4.071737134432453,3.7420000000000027,0.024557521586440437,3.742000000000003,0.03,0.024556705477197936,0.125
4.122854420717923,2.3859277814529585,0.125,547.4574382982725,4.071478503128917,3.743000000000003,0.024557519531668147,3.7430000000000034,0.03,0.024556705477197936,0.125
4.122902358225515,2.386494341609641,0.125,547.6562875731751,4.071219512047734,3.7440000000000038,0.02455751747689585,3.7440000000000033,0.03,0.024556705477197936,0.125
4.122950256370196,2.387061104923705,0.125,547.8554937691541,4.070960160373638,3.745000000000003,0.024557515422123564,3.745000000000003,0.03,0.024556705477197936,0.125
4.122998115062697,2.387628071855859,0.125,548.0550576956142,4.070700447288898,3.746000000000003,0.02455751336735127,3.746000000000003,0.03,0.024556705477197936,0.125
4.123045163211506,2.388196059684904,0.125,548.2563413952007,4.070436470797234,3.747000000000003,0.024557511312578977,3.7470000000000034,0.03,0.024556705477197936,0.125
4.123092157969279,2.3887642703720595,0.125,548.4580135691701,4.0701720578950535,3.748000000000003,0.024557509257806684,3.7480000000000033,0.03,0.024556705477197936,0.125
4.123139114439812,2.3893326883207258,0.125,548.6600482498147,4.069907284601108,3.7490000000000028,0.024557507203034394,3.749000000000003,0.03,0.024556705477197936,0.125
4.123186032538271,2.389901313990131,0.125,548.8624462403394,4.069642150116877,3.750000000000003,0.024557505148262104,3.750000000000003,0.03,0.024556705477197936,0.125
4.123232912179573,2.3904701478408623,0.125,549.0652083463242,4.069376653641482,3.7510000000000034,0.024557503093489808,3.7510000000000034,0.03,0.024556705477197936,0.125
4.123279753278382,2.3910391903348676,0.125,549.2683353757321,4.0691107943716744,3.7520000000000033,0.024557501038717518,3.7520000000000033,0.03,0.024556705477197936,0.125
4.123326555749109,2.391608441935465,0.125,549.4718281389185,4.068844571501825,3.7530000000000032,0.024557498983945228,3.7530000000000032,0.03,0.024556705477197936,0.125
4.123373319505912,2.392177903107344,0.125,549.67568744864,4.068577984223918,3.7540000000000027,0.024557496929172938,3.754000000000003,0.03,0.024556705477197936,0.125
4.123420044462696,2.392747574316572,0.125,549.8799141200631,4.0683110317275455,3.7550000000000034,0.02455749487440064,3.7550000000000034,0.03,0.024556705477197936,0.125
4.123466730533109,2.3933174560305996,0.125,550.084508970773,4.0680437131998906,3.756000000000003,0.02455749281962835,3.7560000000000033,0.03,0.024556705477197936,0.125
4.123513377630543,2.3938875487182663,0.125,550.2894728207833,4.067776027825724,3.7570000000000032,0.024557490764856058,3.7570000000000032,0.03,0.024556705477197936,0.125
4.123559985668132,2.394457852849804,0.125,550.4948064925441,4.067507974787394,3.758000000000003,0.024557488710083765,3.758000000000003,0.03,0.024556705477197936,0.125
4.1236065545587515,2.395028368896843,0.125,550.7005108109518,4.067239553264817,3.759000000000003,0.024557486655311475,3.7590000000000034,0.03,0.024556705477197936,0.125
4.123653084215019,2.3955990973324175,0.125,550.9065866033577,4.066970762435467,3.760000000000003,0.024557484600539185,3.7600000000000033,0.03,0.024556705477197936,0.125
4.123699574549292,2.396170038630971,0.125,551.1130346995773,4.066701601474372,3.761000000000003,0.024557482545766895,3.7610000000000032,0.03,0.024556705477197936,0.125
4.123746025473663,2.396741193268361,0.125,551.3198559319,4.0664320695540965,3.762000000000003,0.024557480490994602,3.762000000000003,0.03,0.024556705477197936,0.125
4.123792436899968,2.3973125617218636,0.125,551.5270511350969,4.066162165844741,3.763000000000004,0.02455747843622231,3.7630000000000035,0.03,0.024556705477197936,0.125
4.1238381243676745,2.3978848715069225,0.125,551.7359447831896,4.065888424018685,3.7640000000000033,0.024557476381450016,3.7640000000000033,0.03,0.024556705477197936,0.125
4.123883733548013,2.398457436457318,0.125,551.9452786742085,4.0656141138054345,3.7650000000000032,0.024557474326677722,3.7650000000000032,0.03,0.024556705477197936,0.125
4.123929296406287,2.3990302230131597,0.125,552.1549914451932,4.065339396670641,3.766000000000003,0.024557472271905436,3.766000000000003,0.03,0.024556705477197936,0.125
4.123974812831161,2.399603231707071,0.125,552.3650840067725,4.06506427163628,3.767000000000003,0.024557470217133143,3.7670000000000035,0.03,0.024556705477197936,0.125
4.124020282710947,2.4001764630733824,0.125,552.5755572724944,4.064788737721192,3.768000000000003,0.024557468162360853,3.7680000000000033,0.03,0.024556705477197936,0.125
4.124065705933592,2.4007499176481413,0.125,552.7864121588401,4.064512793941063,3.7690000000000032,0.024557466107588556,3.7690000000000032,0.03,0.024556705477197936,0.125
4.1241110823866896,2.401323595969115,0.125,552.9976495852349,4.06423643930842,3.7700000000000027,0.024557464052816266,3.770000000000003,0.03,0.024556705477197936,0.125
4.124156411957467,2.4018974985758006,0.125,553.2092704740595,4.063959672832615,3.771000000000003,0.024557461998043977,3.7710000000000035,0.03,0.024556705477197936,0.125
4.124201694532792,2.402471626009431,0.125,553.4212757506624,4.063682493519814,3.772000000000003,0.024557459943271683,3.7720000000000034,0.03,0.024556705477197936,0.125
4.124246929999167,2.403045978812983,0.125,553.6336663433725,4.063404900372981,3.773000000000003,0.02455745788849939,3.7730000000000032,0.03,0.024556705477197936,0.125
4.124292118242726,2.4036205575311813,0.125,553.8464431835097,4.063126892391866,3.7740000000000027,0.0245574558337271,3.774000000000003,0.03,0.024556705477197936,0.125
4.12433725914924,2.4041953627105084,0.125,554.059607205398,4.0628484685729935,3.775000000000003,0.024557453778954807,3.7750000000000035,0.03,0.024556705477197936,0.125
4.124382352604109,2.404770394899211,0.125,554.2731593463772,4.06256962790965,3.776000000000003,0.024557451724182514,3.7760000000000034,0.03,0.024556705477197936,0.125
4.124427398492363,2.405345654647306,0.125,554.4871005468152,4.062290369391873,3.777000000000003,0.024557449669410227,3.7770000000000032,0.03,0.024556705477197936,0.125
4.1244723966986605,2.4059211425065907,0.125,554.7014317501205,4.062010692006425,3.778000000000003,0.02455744761463793,3.778000000000003,0.03,0.024556705477197936,0.125
4.124517347107286,2.4064968590306455,0.125,554.916153902754,4.0617305947368,3.7790000000000035,0.02455744555986564,3.7790000000000035,0.03,0.024556705477197936,0.125
4.124561784647279,2.40707331355739,0.125,555.1321350637564,4.061447709052997,3.780000000000003,0.024557443505093347,3.7800000000000034,0.03,0.024556705477197936,0.125
4.124605858654782,2.407650348710844,0.125,555.3491118956819,4.061162789381209,3.7810000000000032,0.024557441450321058,3.7810000000000032,0.03,0.024556705477197936,0.125
4.124649893957061,2.408227610893085,0.125,555.5664830378852,4.060877487880077,3.782000000000003,0.024557439395548768,3.782000000000003,0.03,0.024556705477197936,0.125
4.1246938904703905,2.4088051005952162,0.125,555.7842493433276,4.0605918037236375,3.783000000000003,0.02455743734077647,3.7830000000000035,0.03,0.024556705477197936,0.125
4.124737848110804,2.409382818309756,0.125,556.0024116674322,4.060305736083546,3.784000000000003,0.02455743528600418,3.7840000000000034,0.03,0.024556705477197936,0.125
4.124781766794092,2.409960764530648,0.125,556.2209708680928,4.06001928412906,3.7850000000000033,0.02455743323123189,3.7850000000000033,0.03,0.024556705477197936,0.125
4.124825646435798,2.410538939753262,0.125,556.4399278056833,4.059732447027041,3.7860000000000036,0.024557431176459598,3.786000000000003,0.03,0.024556705477197936,0.125
4.124869486951225,2.4111173444744014,0.125,556.6592833430657,4.059445223941937,3.7870000000000035,0.024557429121687305,3.7870000000000035,0.03,0.024556705477197936,0.125
4.1249132882554305,2.4116959791923076,0.125,556.8790383456003,4.0591576140357795,3.7880000000000034,0.02455742706691501,3.7880000000000034,0.03,0.024556705477197936,0.125
4.124957050263225,2.4122748444066646,0.125,557.0991936811538,4.058869616468173,3.7890000000000033,0.02455742501214272,3.7890000000000033,0.03,0.024556705477197936,0.125
4.125000772889173,2.412853940618606,0.125,557.3197502201089,4.058581230396284,3.790000000000003,0.024557422957370435,3.790000000000003,0.03,0.024556705477197936,0.125
4.125044456047589,2.413433268330718,0.125,557.5407088353733,4.058292454974834,3.7910000000000035,0.02455742090259814,3.7910000000000035,0.03,0.024556705477197936,0.125
4.125088099652541,2.414012828047047,0.125,557.7620704023882,4.058003289356091,3.792000000000003,0.02455741884782585,3.7920000000000034,0.03,0.024556705477197936,0.125
4.125131703617849,2.414592620273103,0.125,557.983835799139,4.057713732689863,3.7930000000000033,0.024557416793053555,3.7930000000000033,0.03,0.024556705477197936,0.125
4.125175267857075,2.415172645515866,0.125,558.206005906163,4.057423784123481,3.794000000000003,0.024557414738281262,3.794000000000003,0.03,0.024556705477197936,0.125
4.125218792283539,2.415752904283791,0.125,558.42858160656,4.057133442801799,3.7950000000000035,0.024557412683508972,3.7950000000000035,0.03,0.024556705477197936,0.125
4.1252615133053885,2.4163341990387663,0.125,558.6529006801937,4.056838850932606,3.7960000000000034,0.02455741062873668,3.7960000000000034,0.03,0.024556705477197936,0.125
4.125304096161805,2.416915872615313,0.125,558.8778105894801,4.056543327432432,3.7970000000000033,0.02455740857396439,3.7970000000000033,0.03,0.024556705477197936,0.125
4.125346670534648,2.4174977923176773,0.125,559.1030856693116,4.056247523884625,3.798000000000003,0.0245574065191921,3.798000000000003,0.03,0.024556705477197936,0.125
4.125389236411642,2.418079958502059,0.125,559.328726448169,4.055951439883899,3.7990000000000035,0.024557404464419806,3.7990000000000035,0.03,0.024556705477197936,0.125
4.125431793780485,2.4186623715253415,0.125,559.5547334555539,4.055655075024181,3.8000000000000034,0.024557402409647513,3.8000000000000034,0.03,0.024556705477197936,0.125
4.125469919376586,2.4192160252099812,0.125,559.7334679244972,4.0553667338130905,3.801000000000003,0.024557401313373063,3.8010000000000033,0.03,0.024556705477197936,0.125
4.1255079952149725,2.4197698314830944,0.125,559.9124875560072,4.055078040992802,3.8020000000000027,0.02455740021709861,3.802000000000003,0.03,0.024556705477197936,0.125
4.125546021199464,2.420323790639628,0.125,560.0917929012884,4.054788995883669,3.8030000000000035,0.02455739912082416,3.8030000000000035,0.03,0.024556705477197936,0.125
4.125583997233635,2.4208779029752865,0.125,560.2713845129666,4.0544995978043,3.8040000000000034,0.024557398024549714,3.8040000000000034,0.03,0.024556705477197936,0.125
4.125621923220806,2.421432168786539,0.125,560.4512629450941,4.0542098460715374,3.8050000000000024,0.02455739692827526,3.8050000000000033,0.03,0.024556705477197936,0.125
4.1256597990640556,2.421986588370623,0.125,560.6314287531535,4.053919740000467,3.8060000000000027,0.024557395832000808,3.806000000000003,0.03,0.024556705477197936,0.125
4.125697624666205,2.4225411620255386,0.125,560.8118824940633,4.053629278904398,3.807000000000003,0.02455739473572636,3.8070000000000035,0.03,0.024556705477197936,0.125
4.1257353999298285,2.4230958900500608,0.125,560.9926247261815,4.053338462094871,3.808000000000004,0.024557393639451912,3.8080000000000034,0.03,0.024556705477197936,0.125
4.125773124757245,2.423650772743735,0.125,561.1736560093104,4.05304728888164,3.809000000000003,0.02455739254317746,3.8090000000000033,0.03,0.024556705477197936,0.125
4.125810799050523,2.424205810406885,0.125,561.3549769047027,4.052755758572673,3.8100000000000027,0.024557391446903012,3.810000000000003,0.03,0.024556705477197936,0.125
4.125848422711477,2.4247610033406093,0.125,561.536587975064,4.052463870474148,3.8110000000000035,0.024557390350628563,3.8110000000000035,0.03,0.024556705477197936,0.125
4.125885995641665,2.425316351846789,0.125,561.7184897845591,4.05217162389044,3.812000000000003,0.024557389254354106,3.8120000000000034,0.03,0.024556705477197936,0.125
4.125923517742394,2.4258718562280874,0.125,561.9006828988163,4.051879018124126,3.813000000000003,0.02455738815807966,3.8130000000000033,0.03,0.024556705477197936,0.125
4.125960988914709,2.426427516787954,0.125,562.0831678849319,4.051586052475965,3.814000000000003,0.024557387061805214,3.814000000000003,0.03,0.024556705477197936,0.125
4.125998409059403,2.4269833338306266,0.125,562.2659453114751,4.051292726244906,3.8150000000000035,0.024557385965530757,3.8150000000000035,0.03,0.024556705477197936,0.125
4.126035778077008,2.427539307661133,0.125,562.4490157484928,4.050999038728071,3.8160000000000034,0.024557384869256314,3.8160000000000034,0.03,0.024556705477197936,0.125
4.12607278728535,2.4280955941666527,0.125,562.6327821904748,4.050703599532516,3.817000000000003,0.02455738377298186,3.8170000000000033,0.03,0.024556705477197936,0.125
4.126109358227244,2.428652219141965,0.125,562.8173257051227,4.050406069054929,3.8180000000000027,0.024557382676707415,3.818000000000003,0.03,0.024556705477197936,0.125
4.126145857690595,2.4292089926684697,0.125,563.0021602990746,4.050108104086716,3.819000000000004,0.02455738158043296,3.8190000000000035,0.03,0.024556705477197936,0.125
4.126182285490227,2.429765915131018,0.125,563.187286726426,4.049809703502248,3.8200000000000034,0.024557380484158512,3.8200000000000034,0.03,0.024556705477197936,0.125
4.126218641440321,2.4303229869157903,0.125,563.3727057438804,4.049510866172002,3.8210000000000033,0.024557379387884062,3.8210000000000033,0.03,0.024556705477197936,0.125
4.126254925354416,2.430880208410303,0.125,563.5584181107586,4.0492115909625515,3.822000000000003,0.02455737829160961,3.822000000000003,0.03,0.024556705477197936,0.125
4.1262911370454,2.4314375800034154,0.125,563.7444245890118,4.048911876736537,3.823000000000003,0.024557377195335163,3.8230000000000035,0.03,0.024556705477197936,0.125
4.126327276325523,2.431995102085333,0.125,563.930725943232,4.048611722352665,3.824000000000003,0.02455737609906071,3.8240000000000034,0.03,0.024556705477197936,0.125
4.126363343006376,2.432552775047618,0.125,564.1173229406639,4.048311126665677,3.8250000000000033,0.024557375002786257,3.8250000000000033,0.03,0.024556705477197936,0.125
4.126399336898894,2.433110599283188,0.125,564.3042163512159,4.048010088526339,3.826000000000003,0.02455737390651181,3.826000000000003,0.03,0.024556705477197936,0.125
4.12643525781336,2.4336685751863296,0.125,564.4914069474727,4.0477086067814225,3.827000000000003,0.024557372810237357,3.8270000000000035,0.03,0.024556705477197936,0.125
4.126471105559397,2.4342267031527003,0.125,564.6788955047055,4.047406680273691,3.828000000000003,0.024557371713962904,3.8280000000000034,0.03,0.024556705477197936,0.125
4.126506879945961,2.4347849835793327,0.125,564.866682800885,4.047104307841877,3.829000000000003,0.024557370617688458,3.8290000000000033,0.03,0.024556705477197936,0.125
4.126542580781347,2.435343416864646,0.125,565.0547696166924,4.046801488320665,3.8300000000000027,0.02455736952141401,3.830000000000003,0.03,0.024556705477197936,0.125
4.1265782078731785,2.435902003408446,0.125,565.2431567355316,4.04649822054068,3.831000000000003,0.02455736842513955,3.8310000000000035,0.03,0.024556705477197936,0.125
4.126613761028409,2.4364607436119363,0.125,565.4318449435405,4.0461945033284605,3.832000000000003,0.024557367328865105,3.8320000000000034,0.03,0.024556705477197936,0.125
4.126649240053316,2.4370196378777207,0.125,565.6208350296039,4.045890335506449,3.833000000000003,0.02455736623259066,3.8330000000000033,0.03,0.024556705477197936,0.125
4.126684644753501,2.4375786866098106,0.125,565.8101277853647,4.04558571589297,3.8340000000000027,0.024557365136316206,3.834000000000003,0.03,0.024556705477197936,0.125
4.126719974933885,2.438137890213633,0.125,565.9997240052361,4.0452806433022115,3.835000000000003,0.024557364040041756,3.8350000000000035,0.03,0.024556705477197936,0.125
4.1267552303987065,2.438697249096032,0.125,566.1896244864137,4.044975116544208,3.8360000000000025,0.02455736294376731,3.8360000000000034,0.03,0.024556705477197936,0.125
4.126790410951516,2.4392567636652807,0.125,566.3798300288886,4.044669134424825,3.8370000000000037,0.024557361847492857,3.8370000000000033,0.03,0.024556705477197936,0.125
4.126825516395174,2.439816434331083,0.125,566.570341435458,4.0443626957457335,3.8380000000000027,0.024557360751218407,3.838000000000003,0.03,0.024556705477197936,0.125
4.126860546531853,2.4403762615045848,0.125,566.7611595117393,4.0440557993044015,3.8390000000000035,0.024557359654943958,3.8390000000000035,0.03,0.024556705477197936,0.125
4.1268951650098415,2.4409363343293182,0.125,566.9526081333847,4.0437470102381265,3.8400000000000034,0.024557358558669508,3.8400000000000034,0.03,0.024556705477197936,0.125
4.126929038509425,2.441496737647299,0.125,567.1450117246974,4.043434910149756,3.8410000000000033,0.024557357462395058,3.8410000000000033,0.03,0.024556705477197936,0.125
4.126962839200677,2.442057292613418,0.125,567.3377266052987,4.0431223672059105,3.842000000000003,0.02455735636612061,3.842000000000003,0.03,0.024556705477197936,0.125
4.126996566906173,2.442617999597234,0.125,567.5307535337819,4.0428093803273795,3.843000000000004,0.02455735526984616,3.8430000000000035,0.03,0.024556705477197936,0.125
4.127030221447901,2.4431788589695045,0.125,567.724093271207,4.0424959484314416,3.8440000000000034,0.02455735417357171,3.8440000000000034,0.03,0.024556705477197936,0.125
4.12706380264728,2.4437398711021965,0.125,567.9177465811115,4.042182070431848,3.8450000000000033,0.024557353077297256,3.8450000000000033,0.03,0.024556705477197936,0.125
4.127097310325139,2.4443010363684867,0.125,568.1117142295194,4.041867745238818,3.846000000000003,0.02455735198102281,3.846000000000003,0.03,0.024556705477197936,0.125
4.127130744301728,2.4448623551427704,0.125,568.3059969849522,4.041552971759014,3.847000000000003,0.024557350884748357,3.8470000000000035,0.03,0.024556705477197936,0.125
4.127164104396709,2.4454238278006613,0.125,568.5005956184381,4.041237748895534,3.848000000000003,0.024557349788473903,3.8480000000000034,0.03,0.024556705477197936,0.125
4.127197390429154,2.445985454719002,0.125,568.6955109035235,4.0409220755478925,3.8490000000000033,0.024557348692199457,3.8490000000000033,0.03,0.024556705477197936,0.125
4.127230602217545,2.446547236275866,0.125,568.8907436162823,4.040605950612008,3.850000000000003,0.024557347595925004,3.850000000000003,0.03,0.024556705477197936,0.125
4.127263739579772,2.4471091728505625,0.125,569.0862945353265,4.040289372980189,3.851000000000003,0.024557346499650554,3.8510000000000035,0.03,0.024556705477197936,0.125
4.127296802333126,2.4476712648236436,0.125,569.2821644418168,4.039972341541119,3.852000000000003,0.024557345403376105,3.8520000000000034,0.03,0.024556705477197936,0.125
4.1273297902943,2.4482335125769064,0.125,569.4783541194729,4.039654855179838,3.8530000000000033,0.024557344307101655,3.8530000000000033,0.03,0.024556705477197936,0.125
4.127362703279387,2.4487959164934017,0.125,569.6748643545837,4.039336912777733,3.854000000000003,0.024557343210827205,3.854000000000003,0.03,0.024556705477197936,0.125
4.127395541103877,2.449358476957435,0.125,569.8716959360185,4.03901851321252,3.855000000000003,0.024557342114552756,3.8550000000000035,0.03,0.024556705477197936,0.125
4.1274283035826524,2.4499211943545753,0.125,570.0688496552367,4.03869965535823,3.856000000000003,0.024557341018278306,3.8560000000000034,0.03,0.024556705477197936,0.125
4.12746099052999,2.45048406907166,0.125,570.2663263062994,4.038380338085194,3.8570000000000033,0.024557339922003853,3.8570000000000033,0.03,0.024556705477197936,0.125
4.127493601759549,2.4510471014967945,0.125,570.4641266858794,4.038060560260022,3.858000000000003,0.024557338825729403,3.858000000000003,0.03,0.024556705477197936,0.125
4.127526137084385,2.4516102920193665,0.125,570.6622515932722,4.037740320745601,3.859000000000003,0.024557337729454953,3.8590000000000035,0.03,0.024556705477197936,0.125
4.12755859631693,2.4521736410300448,0.125,570.8607018304068,4.037419618401065,3.860000000000003,0.024557336633180504,3.8600000000000034,0.03,0.024556705477197936,0.125
4.127590979269,2.4527371489207863,0.125,571.0594782018566,4.03709845208179,3.861000000000003,0.024557335536906054,3.8610000000000033,0.03,0.024556705477197936,0.125
4.127622812656513,2.453301103718572,0.125,571.2592003206806,4.036774640788354,3.862000000000003,0.024557334440631604,3.862000000000003,0.03,0.024556705477197936,0.125
4.127654265607732,2.453865418334726,0.125,571.4596640942743,4.036448948032388,3.863000000000003,0.024557333344357155,3.8630000000000035,0.03,0.024556705477197936,0.125
4.127685656602165,2.4544299032719192,0.125,571.6604575999679,4.03612283711101,3.8640000000000034,0.0245573322480827,3.8640000000000034,0.03,0.024556705477197936,0.125
4.127716985516438,2.4549945588693105,0.125,571.8615814943531,4.035796307191529,3.8650000000000033,0.02455733115180825,3.8650000000000033,0.03,0.024556705477197936,0.125
4.127748252226847,2.4555593854669593,0.125,572.0630364357661,4.035469357439047,3.866000000000003,0.024557330055533802,3.866000000000003,0.03,0.024556705477197936,0.125
4.127779456609365,2.4561243834058284,0.125,572.2648230842934,4.035141987016443,3.8670000000000035,0.02455732895925935,3.8670000000000035,0.03,0.024556705477197936,0.125
4.1278105985396305,2.4566895530277892,0.125,572.4669421017777,4.034814195084371,3.8680000000000034,0.024557327862984903,3.8680000000000034,0.03,0.024556705477197936,0.125
4.127841677892951,2.457254894675622,0.125,572.6693941518231,4.034485980801249,3.8690000000000033,0.024557326766710453,3.8690000000000033,0.03,0.024556705477197936,0.125
4.127872694544303,2.4578204086930207,0.125,572.8721798998023,4.034157343323253,3.8700000000000028,0.024557325670436,3.870000000000003,0.03,0.024556705477197936,0.125
4.12790364836833,2.4583860954245953,0.125,573.0753000128608,4.03382828180431,3.871000000000003,0.02455732457416155,3.8710000000000035,0.03,0.024556705477197936,0.125
4.12793453923934,2.4589519552158747,0.125,573.2787551599241,4.033498795396093,3.8720000000000034,0.024557323477887104,3.8720000000000034,0.03,0.024556705477197936,0.125
4.127965367031307,2.459517988413311,0.125,573.4825460117033,4.033168883248005,3.8730000000000033,0.02455732238161265,3.8730000000000033,0.03,0.024556705477197936,0.125
4.127996131617868,2.460084195364281,0.125,573.6866732407009,4.032838544507182,3.874000000000003,0.0245573212853382,3.874000000000003,0.03,0.024556705477197936,0.125
4.1280268328723215,2.4606505764170903,0.125,573.8911375212165,4.032507778318478,3.8750000000000036,0.02455732018906375,3.8750000000000036,0.03,0.024556705477197936,0.125
4.128057470667626,2.461217131920975,0.125,574.0959395293537,4.03217658382446,3.8760000000000034,0.024557319092789298,3.8760000000000034,0.03,0.024556705477197936,0.125
4.128088044876401,2.461783862226107,0.125,574.3010799430252,4.031844960165402,3.877000000000003,0.024557317996514852,3.8770000000000033,0.03,0.024556705477197936,0.125
4.128118555370928,2.4623507676835956,0.125,574.5065594419596,4.031512906479271,3.8780000000000032,0.024557316900240406,3.8780000000000032,0.03,0.024556705477197936,0.125
4.128149002023142,2.462917848645493,0.125,574.712378707707,4.031180421901731,3.8790000000000036,0.024557315803965953,3.8790000000000036,0.03,0.024556705477197936,0.125
4.128179384704636,2.463485105464791,0.125,574.918538423645,4.030847505566122,3.8800000000000034,0.024557314707691503,3.8800000000000034,0.03,0.024556705477197936,0.125
4.128209703286659,2.464052538495433,0.125,575.1250392749854,4.030514156603458,3.881000000000003,0.024557313611417046,3.8810000000000033,0.03,0.024556705477197936,0.125
4.128239957640113,2.4646201480923104,0.125,575.3318819487802,4.030180374142426,3.882000000000003,0.024557312515142597,3.8820000000000032,0.03,0.024556705477197936,0.125
4.128269439992304,2.4651885817645676,0.125,575.5432219852597,4.029842679911504,3.8830000000000036,0.024557311418868154,3.8830000000000036,0.03,0.024556705477197936,0.125
4.128298800396151,2.465757247102129,0.125,575.7551123066172,4.0295042662378115,3.8840000000000034,0.024557310322593697,3.8840000000000034,0.03,0.024556705477197936,0.125
4.128328093187459,2.466326094732064,0.125,575.9672286994461,4.0291653998124675,3.8850000000000033,0.024557309226319247,3.8850000000000033,0.03,0.024556705477197936,0.125
4.128357318225383,2.4668951250341085,0.125,576.1795716346807,4.028826079692333,3.886000000000003,0.0245573081300448,3.8860000000000032,0.03,0.024556705477197936,0.125
4.1283864753686865,2.467464338389057,0.125,576.3921415845635,4.028486304931654,3.8870000000000036,0.024557307033770348,3.8870000000000036,0.03,0.024556705477197936,0.125
4.128415564475741,2.468033735178759,0.125,576.6049390226513,4.02814607458204,3.888000000000003,0.0245573059374959,3.8880000000000035,0.03,0.024556705477197936,0.125
4.128444585404521,2.4686033157861287,0.125,576.817964423818,4.027805387692465,3.889000000000003,0.02455730484122145,3.8890000000000033,0.03,0.024556705477197936,0.125
4.128473538012611,2.469173080595148,0.125,577.0312182642612,4.027464243309251,3.8900000000000032,0.024557303744947,3.8900000000000032,0.03,0.024556705477197936,0.125
4.128502422157191,2.469743029990868,0.125,577.2447010215051,4.027122640476065,3.8910000000000036,0.02455730264867255,3.8910000000000036,0.03,0.024556705477197936,0.125
4.128531237695048,2.4703131643594123,0.125,577.4584131744056,4.026780578233907,3.8920000000000035,0.0245573015523981,3.8920000000000035,0.03,0.024556705477197936,0.125
4.128559984482569,2.470883484087984,0.125,577.6723552031555,4.026438055621094,3.893000000000003,0.02455730045612365,3.8930000000000033,0.03,0.024556705477197936,0.125
4.128588662375739,2.471453989564868,0.125,577.8865275892887,4.026095071673267,3.8940000000000032,0.0245572993598492,3.8940000000000032,0.03,0.024556705477197936,0.125
4.128617271230138,2.4720246811794326,0.125,578.1009308156852,4.025751625423362,3.895000000000003,0.02455729826357475,3.8950000000000036,0.03,0.024556705477197936,0.125
4.128645810900947,2.4725955593221367,0.125,578.3155653665749,4.025407715901617,3.8960000000000035,0.024557297167300297,3.8960000000000035,0.03,0.024556705477197936,0.125
4.128674281242937,2.473166624384531,0.125,578.5304317275436,4.025063342135552,3.897000000000003,0.02455729607102585,3.8970000000000034,0.03,0.024556705477197936,0.125
4.128702682110474,2.473737876759264,0.125,578.745530385537,4.024718503149966,3.8980000000000032,0.024557294974751395,3.8980000000000032,0.03,0.024556705477197936,0.125
4.128731013357519,2.474309316840084,0.125,578.9608618288655,4.024373197966923,3.899000000000003,0.02455729387847695,3.8990000000000036,0.03,0.024556705477197936,0.125
4.128759274837617,2.474880945021844,0.125,579.1764265472088,4.024027425605743,3.9000000000000035,0.0245572927822025,3.9000000000000035,0.03,0.024556705477197936,0.125
4.1287902640121885,2.4754284260094543,0.125,579.3060593885109,4.023713855033173,3.901000000000003,0.024557288342873653,3.9010000000000034,0.03,0.024556705477197936,0.125
4.12882091422243,2.4759796975327135,0.125,579.4421652595548,4.023395138080637,3.902000000000003,0.024557283903544808,3.9020000000000032,0.03,0.024556705477197936,0.125
4.1288512992560955,2.4765337456577754,0.125,579.5831305210002,4.023072583847444,3.9030000000000036,0.024557279464215962,3.9030000000000036,0.03,0.024556705477197936,0.125
4.128881638219809,2.4770878936618694,0.125,579.7244015940832,4.02274974546424,3.9040000000000035,0.024557275024887117,3.9040000000000035,0.03,0.024556705477197936,0.125
4.128911931041663,2.4776421417008923,0.125,579.8659789561308,4.022426622487508,3.9050000000000025,0.024557270585558275,3.9050000000000034,0.03,0.024556705477197936,0.125
4.128942177649599,2.4781964899310647,0.125,580.007863085463,4.022103214472811,3.906000000000003,0.02455726614622943,3.9060000000000032,0.03,0.024556705477197936,0.125
4.128972377971409,2.4787509385089352,0.125,580.1500544613972,4.021779520974781,3.9070000000000036,0.024557261706900584,3.9070000000000036,0.03,0.024556705477197936,0.125
4.129002531934734,2.4793054875913736,0.125,580.2925535642489,4.021455541547127,3.908000000000004,0.024557257267571745,3.9080000000000035,0.03,0.024556705477197936,0.125
4.129032639467066,2.479860137335581,0.125,580.4353608753361,4.021131275742621,3.909000000000003,0.024557252828242896,3.9090000000000034,0.03,0.024556705477197936,0.125
4.129062700495741,2.480414887899086,0.125,580.5784768769809,4.020806723113108,3.9100000000000033,0.02455724838891405,3.9100000000000033,0.03,0.024556705477197936,0.125
4.129092714947949,2.480969739439744,0.125,580.7219020525122,4.020481883209495,3.9110000000000036,0.024557243949585212,3.9110000000000036,0.03,0.024556705477197936,0.125
4.129122682750723,2.4815246921157423,0.125,580.8656368862681,4.02015675558175,3.9120000000000035,0.024557239510256366,3.9120000000000035,0.03,0.024556705477197936,0.125
4.129152603830949,2.4820797460855974,0.125,581.0096818635998,4.0198313397789,3.913000000000003,0.024557235070927518,3.9130000000000034,0.03,0.024556705477197936,0.125
4.1291824781153545,2.482634901508159,0.125,581.1540374708725,4.0195056353490335,3.914000000000003,0.02455723063159868,3.9140000000000033,0.03,0.024556705477197936,0.125
4.129212305530518,2.4831901585426057,0.125,581.2987041954693,4.019179641839287,3.9150000000000036,0.02455722619226983,3.9150000000000036,0.03,0.024556705477197936,0.125
4.12924208600286,2.4837455173484533,0.125,581.4436825257931,4.018853358795856,3.9160000000000026,0.024557221752940984,3.9160000000000035,0.03,0.024556705477197936,0.125
4.129271036619771,2.4843000650502844,0.125,581.5903873783938,4.018524568882119,3.917000000000003,0.024557217313612142,3.9170000000000034,0.03,0.024556705477197936,0.125
4.129299759135432,2.484854561969561,0.125,581.7377651911399,4.018194917672337,3.9180000000000037,0.0245572128742833,3.9180000000000033,0.03,0.024556705477197936,0.125
4.129328438675897,2.485409230534676,0.125,581.8854854376053,4.017864922900408,3.919000000000004,0.02455720843495445,3.9190000000000036,0.03,0.024556705477197936,0.125
4.129357075168738,2.4859640710348914,0.125,582.033548694872,4.017534583987352,3.920000000000003,0.024557203995625613,3.9200000000000035,0.03,0.024556705477197936,0.125
4.129385668541371,2.486519083760122,0.125,582.1819555413192,4.017203900352885,3.9210000000000034,0.024557199556296767,3.9210000000000034,0.03,0.024556705477197936,0.125
4.129414218721047,2.487074269000935,0.125,582.3307065566272,4.016872871415415,3.9220000000000033,0.024557195116967922,3.9220000000000033,0.03,0.024556705477197936,0.125
4.129442725634854,2.4876296270485505,0.125,582.4798023217812,4.01654149659204,3.923000000000003,0.024557190677639076,3.9230000000000036,0.03,0.024556705477197936,0.125
4.129471189209712,2.4881851581948444,0.125,582.6292434190748,4.01620977529855,3.9240000000000035,0.024557186238310227,3.9240000000000035,0.03,0.024556705477197936,0.125
4.129499609372381,2.488740862732351,0.125,582.7790304321134,4.015877706949417,3.925000000000003,0.024557181798981385,3.9250000000000034,0.03,0.024556705477197936,0.125
4.129527986049451,2.489296740954263,0.125,582.9291639458183,4.015545290957791,3.9260000000000033,0.024557177359652543,3.9260000000000033,0.03,0.024556705477197936,0.125
4.129556319167351,2.4898527931544354,0.125,583.0796445464307,4.015212526735498,3.927000000000003,0.024557172920323698,3.9270000000000036,0.03,0.024556705477197936,0.125
4.129584608652345,2.4904090196273874,0.125,583.2304728215145,4.01487941369304,3.9280000000000035,0.024557168480994852,3.9280000000000035,0.03,0.024556705477197936,0.125
4.129612854430522,2.4909654206683003,0.125,583.3816493599604,4.014545951239585,3.929000000000003,0.024557164041666003,3.9290000000000034,0.03,0.024556705477197936,0.125
4.129641056427813,2.4915219965730264,0.125,583.5331747519907,4.014212138782965,3.9300000000000033,0.024557159602337165,3.9300000000000033,0.03,0.024556705477197936,0.125
4.129668784713695,2.4920783243983538,0.125,583.6857661211893,4.013876677846487,3.9310000000000027,0.02455715516300832,3.9310000000000036,0.03,0.024556705477197936,0.125
4.129695919323978,2.4926343193266063,0.125,583.8396158053723,4.013539172965674,3.9320000000000026,0.024557150723679477,3.9320000000000035,0.03,0.024556705477197936,0.125
4.129723005691763,2.49319053167087,0.125,583.9938119626846,4.013201257733225,3.933000000000003,0.024557146284350632,3.9330000000000034,0.03,0.024556705477197936,0.125
4.129750043725964,2.493746961841651,0.125,584.148355247305,4.012862931374351,3.934000000000003,0.024557141845021786,3.9340000000000033,0.03,0.024556705477197936,0.125
4.129777033335263,2.4943036102504883,0.125,584.3032463150588,4.012524193112312,3.9350000000000036,0.02455713740569294,3.9350000000000036,0.03,0.024556705477197936,0.125
4.129803974428114,2.494860477309956,0.125,584.4584858234253,4.0121850421684115,3.9360000000000035,0.0245571329663641,3.9360000000000035,0.03,0.024556705477197936,0.125
4.129830866912741,2.4954175634336724,0.125,584.6140744315422,4.011845477761989,3.937000000000004,0.024557128527035253,3.9370000000000034,0.03,0.024556705477197936,0.125
4.129857710697131,2.495974869036297,0.125,584.7700128002105,4.011505499110411,3.938000000000003,0.02455712408770641,3.9380000000000033,0.03,0.024556705477197936,0.125
4.129884505689046,2.496532394533539,0.125,584.9263015918999,4.011165105429072,3.9390000000000036,0.024557119648377562,3.9390000000000036,0.03,0.024556705477197936,0.125
4.129911251796011,2.497090140342155,0.125,585.0829414707542,4.010824295931379,3.9400000000000035,0.02455711520904872,3.9400000000000035,0.03,0.024556705477197936,0.125
4.129937948925317,2.497648106879957,0.125,585.239933102597,4.010483069828756,3.9410000000000034,0.024557110769719878,3.9410000000000034,0.03,0.024556705477197936,0.125
4.12996459698402,2.498206294565815,0.125,585.3972771549355,4.010141426330623,3.942000000000003,0.024557106330391033,3.9420000000000033,0.03,0.024556705477197936,0.125
4.129991195878943,2.4987647038196594,0.125,585.5549742969687,4.009799364644407,3.943000000000003,0.024557101891062187,3.9430000000000036,0.03,0.024556705477197936,0.125
4.13001774551667,2.499323335062482,0.125,585.7130251995889,4.009456883975524,3.9440000000000035,0.024557097451733345,3.9440000000000035,0.03,0.024556705477197936,0.125
4.130043837676477,2.49988266649242,0.125,585.872259999673,4.009111874486632,3.9450000000000034,0.024557093012404503,3.9450000000000034,0.03,0.024556705477197936,0.125
4.1300694551518555,2.500442722015671,0.125,586.0327211772028,4.008764243480793,3.9460000000000033,0.024557088573075654,3.9460000000000033,0.03,0.024556705477197936,0.125
4.130095029878257,2.50100299747205,0.125,586.1935337667171,4.00841622153775,3.9470000000000036,0.024557084133746812,3.9470000000000036,0.03,0.024556705477197936,0.125
4.130120561781843,2.5015634932414517,0.125,586.3546983752176,4.008067807982228,3.9480000000000035,0.024557079694417963,3.9480000000000035,0.03,0.024556705477197936,0.125
4.130146050788601,2.5021242097046468,0.125,586.5162156111045,4.0077190021373985,3.9490000000000034,0.02455707525508912,3.9490000000000034,0.03,0.024556705477197936,0.125
4.130171496824349,2.5026851472432856,0.125,586.6780860841811,4.007369803324867,3.950000000000003,0.02455707081576028,3.9500000000000033,0.03,0.024556705477197936,0.125
4.130196899814734,2.5032463062398955,0.125,586.8403104056576,4.00702021086468,3.9510000000000036,0.02455706637643143,3.9510000000000036,0.03,0.024556705477197936,0.125
4.1302222596852305,2.50380768707789,0.125,587.0028891881548,4.006670224075311,3.952000000000003,0.024557061937102588,3.9520000000000035,0.03,0.024556705477197936,0.125
4.130247576361143,2.5043692901415655,0.125,587.1658230457086,4.006319842273659,3.9530000000000034,0.024557057497773743,3.9530000000000034,0.03,0.024556705477197936,0.125
4.1302728497676,2.5049311158161087,0.125,587.3291125937743,4.005969064775046,3.954000000000003,0.024557053058444897,3.9540000000000033,0.03,0.024556705477197936,0.125
4.1302980798295605,2.505493164487597,0.125,587.4927584492303,4.005617890893211,3.9550000000000036,0.024557048619116055,3.9550000000000036,0.03,0.024556705477197936,0.125
4.130323266471808,2.5060554365429986,0.125,587.6567612303816,4.005266319940303,3.956000000000003,0.02455704417978721,3.9560000000000035,0.03,0.024556705477197936,0.125
4.130348409618951,2.506617932370181,0.125,587.8211215569655,4.004914351226881,3.9570000000000034,0.024557039740458364,3.9570000000000034,0.03,0.024556705477197936,0.125
4.130373509195423,2.5071806523579077,0.125,587.9858400501547,4.0045619840619056,3.9580000000000033,0.024557035301129522,3.9580000000000033,0.03,0.024556705477197936,0.125
4.130397496985925,2.5077427155355743,0.125,588.15229991685,4.004205826162325,3.959000000000003,0.024557030861800676,3.9590000000000036,0.03,0.024556705477197936,0.125
4.13042137174616,2.508304937126199,0.125,588.3191927292337,4.003849057734736,3.960000000000003,0.02455702642247183,3.9600000000000035,0.03,0.024556705477197936,0.125
4.130445188147074,2.5088673625003195,0.125,588.4864478781109,4.003491852113557,3.9610000000000034,0.02455702198314299,3.9610000000000034,0.03,0.024556705477197936,0.125
4.130468946073644,2.5094299920595757,0.125,588.6540660776177,4.003134208437114,3.9620000000000033,0.02455701754381414,3.9620000000000033,0.03,0.024556705477197936,0.125
4.130492645410545,2.509992826206665,0.125,588.822048043769,4.002776125841465,3.9630000000000027,0.024557013104485298,3.9630000000000036,0.03,0.024556705477197936,0.125
4.130516286042152,2.510555865345344,0.125,588.9903944944627,4.002417603460401,3.9640000000000035,0.024557008665156456,3.9640000000000035,0.03,0.024556705477197936,0.125
4.130539867852531,2.511119109880433,0.125,589.1591061494877,4.0020586404254255,3.9650000000000034,0.024557004225827607,3.9650000000000034,0.03,0.024556705477197936,0.125
4.130563390725445,2.5116825602178183,0.125,589.3281837305291,4.001699235865757,3.9660000000000033,0.024556999786498765,3.9660000000000033,0.03,0.024556705477197936,0.125
4.130586854544351,2.5122462167644573,0.125,589.4976279611752,4.001339388908316,3.967000000000003,0.02455699534716992,3.9670000000000036,0.03,0.024556705477197936,0.125
4.130610259192397,2.51281007992838,0.125,589.6674395669228,4.000979098677724,3.9680000000000035,0.024556990907841074,3.9680000000000035,0.03,0.024556705477197936,0.125
4.130633604552424,2.5133741501186937,0.125,589.8376192751842,4.000618364296286,3.9690000000000034,0.024556986468512232,3.9690000000000034,0.03,0.024556705477197936,0.125
4.13065689050696,2.5139384277455874,0.125,590.0081678152935,4.000257184883993,3.9700000000000033,0.02455698202918339,3.9700000000000033,0.03,0.024556705477197936,0.125
4.130680116938226,2.514502913220334,0.125,590.179085918513,3.9998955595585044,3.9710000000000027,0.02455697758985454,3.9710000000000036,0.03,0.024556705477197936,0.125
4.130701323033859,2.51506851404671,0.125,590.3515099284128,3.9995247375840774,3.9720000000000035,0.0245569731505257,3.9720000000000035,0.03,0.024556705477197936,0.125
4.13072200980034,2.5156344911515247,0.125,590.5245542071726,3.9991514619672004,3.9730000000000034,0.024556968711196857,3.9730000000000034,0.03,0.024556705477197936,0.125
4.130742597764509,2.516200645935462,0.125,590.6979743612253,3.998777613402925,3.974000000000003,0.02455696427186801,3.9740000000000033,0.03,0.024556705477197936,0.125
4.130763086666888,2.51676697886515,0.125,590.8717713777113,3.9984031903865516,3.9750000000000036,0.024556959832539166,3.9750000000000036,0.03,0.024556705477197936,0.125
4.13078347624709,2.5173334904088533,0.125,591.0459462472306,3.998028191408105,3.9760000000000035,0.02455695539321032,3.9760000000000035,0.03,0.024556705477197936,0.125
4.13080376624381,2.5179001810364787,0.125,591.2204999638582,3.9976526149523157,3.9770000000000034,0.02455695095388148,3.9770000000000034,0.03,0.024556705477197936,0.125
4.130823956394831,2.518467051219583,0.125,591.3954335251592,3.9972764594985946,3.978000000000003,0.024556946514552633,3.9780000000000033,0.03,0.024556705477197936,0.125
4.130844046437012,2.51903410143138,0.125,591.5707479322042,3.9968997235210058,3.9790000000000036,0.024556942075223787,3.9790000000000036,0.03,0.024556705477197936,0.125
4.130864036106287,2.5196013321467476,0.125,591.7464441895843,3.996522405488251,3.9800000000000035,0.024556937635894945,3.9800000000000035,0.03,0.024556705477197936,0.125
4.13088392513766,2.520168743842235,0.125,591.9225233054271,3.9961445038636385,3.9810000000000034,0.024556933196566096,3.9810000000000034,0.03,0.024556705477197936,0.125
4.1309037132652,2.520736336996071,0.125,592.0989862914122,3.9957660171050624,3.982000000000003,0.02455692875723725,3.9820000000000033,0.03,0.024556705477197936,0.125
4.130923400222043,2.5213041120881714,0.125,592.2758341627866,3.995386943664983,3.9830000000000036,0.02455692431790841,3.9830000000000036,0.03,0.024556705477197936,0.125
4.1309424958130005,2.521871953451179,0.125,592.4536557456487,3.9950054386395677,3.9840000000000035,0.024556919878579567,3.9840000000000035,0.03,0.024556705477197936,0.125
4.130960690288946,2.5224397854412324,0.125,592.6328453868143,3.994620338886375,3.985000000000003,0.02455691543925072,3.9850000000000034,0.03,0.024556705477197936,0.125
4.130978810411725,2.523007803257614,0.125,592.8124218069107,3.994234755935009,3.986000000000003,0.02455691099992188,3.9860000000000033,0.03,0.024556705477197936,0.125
4.130996856025672,2.523576007289374,0.125,592.9923858157053,3.9938486887738356,3.9870000000000037,0.024556906560593034,3.9870000000000037,0.03,0.024556705477197936,0.125
4.131014826974683,2.5241443979266487,0.125,593.1727382252278,3.993462136388397,3.9880000000000035,0.024556902121264188,3.9880000000000035,0.03,0.024556705477197936,0.125
4.131032723102221,2.5247129755606643,0.125,593.3534798497777,3.993075097761399,3.989000000000003,0.024556897681935343,3.9890000000000034,0.03,0.024556705477197936,0.125
4.131050544251309,2.525281740583743,0.125,593.5346115059325,3.992687571872702,3.9900000000000033,0.0245568932426065,3.9900000000000033,0.03,0.024556705477197936,0.125
4.131068290264531,2.5258506933893043,0.125,593.7161340125555,3.992299557699308,3.9910000000000037,0.024556888803277655,3.9910000000000037,0.03,0.024556705477197936,0.125
4.131085960984031,2.5264198343718682,0.125,593.8980481908037,3.991911054215358,3.9920000000000035,0.02455688436394881,3.9920000000000035,0.03,0.024556705477197936,0.125
4.131103556251509,2.526989163927064,0.125,594.0803548641362,3.991522060392112,3.993000000000003,0.024556879924619968,3.9930000000000034,0.03,0.024556705477197936,0.125
4.131121075908223,2.5275586824516276,0.125,594.2630548583221,3.99113257519795,3.9940000000000033,0.024556875485291122,3.9940000000000033,0.03,0.024556705477197936,0.125
4.131138519794984,2.5281283903434115,0.125,594.4461490014486,3.9907425975983504,3.9950000000000037,0.024556871045962277,3.9950000000000037,0.03,0.024556705477197936,0.125
4.131155522857066,2.5286996282264433,0.125,594.6301822961863,3.9903493256000813,3.996000000000003,0.02455686660663343,3.9960000000000035,0.03,0.024556705477197936,0.125
4.131171833601027,2.5292734130822967,0.125,594.8155457673301,3.989950735353638,3.997000000000003,0.02455686216730459,3.9970000000000034,0.03,0.024556705477197936,0.125
4.131188082623214,2.5298474719819213,0.125,595.0013067022336,3.9895516241148035,3.9980000000000033,0.02455685772797574,3.9980000000000033,0.03,0.024556705477197936,0.125
4.1312042698011116,2.5304218054692815,0.125,595.1874658898466,3.9891519908494275,3.9990000000000037,0.0245568532886469,3.9990000000000037,0.03,0.024556705477197936,0.125
4.131220395011881,2.5309964140897847,0.125,595.3740241212087,3.9887518345206234,4.0000000000000036,0.024556848849318056,4.0000000000000036,0.03,0.024556705477197936,0.125
4.1312361441098115,2.5315439652695053,0.125,595.6246806859862,3.988374516017979,4.001000000000004,0.024556848396843654,4.001000000000004,0.03,0.024556705477197936,0.125
4.1312518522090285,2.5320917136676893,0.125,595.8756533193491,3.987996836332627,4.0020000000000024,0.024556847944369256,4.002000000000003,0.03,0.024556705477197936,0.125
4.131267519247368,2.532639659583373,0.125,596.1269425005424,3.9876187949169193,4.003000000000004,0.024556847491894858,4.003000000000004,0.03,0.024556705477197936,0.125
4.13128314516254,2.5331878033161965,0.125,596.3785487097797,3.9872403912220986,4.004000000000003,0.024556847039420456,4.004000000000003,0.03,0.024556705477197936,0.125
4.131298729892125,2.5337361451664075,0.125,596.6304724282477,3.986861624698294,4.005000000000003,0.024556846586946058,4.0050000000000034,0.03,0.024556705477197936,0.125
4.131314273373581,2.5342846854348617,0.125,596.8827141381059,3.986482494794528,4.006000000000003,0.02455684613447166,4.006000000000004,0.03,0.024556705477197936,0.125
4.131329775544239,2.5348334244230233,0.125,597.1352743224916,3.9861030009587,4.007000000000003,0.02455684568199726,4.007000000000003,0.03,0.024556705477197936,0.125
4.131344391272841,2.5353823871137,0.125,597.3904359478104,3.9857197401374385,4.008000000000004,0.024556845229522867,4.008000000000004,0.03,0.024556705477197936,0.125
4.1313585897700245,2.5359315802101174,0.125,597.6471446506672,3.985334581050738,4.009000000000003,0.024556844777048465,4.009000000000004,0.03,0.024556705477197936,0.125
4.131372750279503,2.53648099664536,0.125,597.9044156898563,3.9849490466283584,4.010000000000003,0.024556844324574063,4.010000000000003,0.03,0.024556705477197936,0.125
4.131386872744524,2.5370306367531015,0.125,598.1622499055144,3.984563136309542,4.011000000000004,0.024556843872099665,4.011000000000004,0.03,0.024556705477197936,0.125
4.131400957108219,2.537580500867674,0.125,598.4206481394518,3.9841768495324166,4.012000000000003,0.024556843419625263,4.012000000000003,0.03,0.024556705477197936,0.125
4.131415003313607,2.5381305893240818,0.125,598.6796112351589,3.9837901857339872,4.0130000000000035,0.024556842967150865,4.0130000000000035,0.03,0.024556705477197936,0.125
4.131429011303594,2.538680902457995,0.125,598.9391400378069,3.9834031443501394,4.014000000000004,0.024556842514676467,4.014000000000004,0.03,0.024556705477197936,0.125
4.131442981020974,2.5392314406057537,0.125,599.199235394255,3.983015724815629,4.015000000000003,0.024556842062202065,4.015000000000003,0.03,0.024556705477197936,0.125
4.1314569124084235,2.539782204104371,0.125,599.4598981530538,3.9826279265640854,4.016000000000004,0.024556841609727667,4.016000000000004,0.03,0.024556705477197936,0.125
4.131470805408503,2.5403331932915307,0.125,599.7211291644488,3.9822397490280053,4.017000000000003,0.024556841157253265,4.017000000000004,0.03,0.024556705477197936,0.125
4.1314846599636645,2.5408844085055957,0.125,599.9829292803851,3.981851191638752,4.0180000000000025,0.024556840704778864,4.018000000000003,0.03,0.024556705477197936,0.125
4.131498276379048,2.5414362731791136,0.125,600.2493133749264,3.9814610320144697,4.019000000000004,0.024556840252304465,4.019000000000004,0.03,0.024556705477197936,0.125
4.131511350131638,2.5419894230507585,0.125,600.5261426391268,3.9810674161209927,4.020000000000003,0.024556839799830074,4.020000000000003,0.03,0.024556705477197936,0.125
4.131524376274625,2.5425428036911137,0.125,600.8033172692564,3.9806733790525484,4.021000000000003,0.02455683934735567,4.0210000000000035,0.03,0.024556705477197936,0.125
4.131537354728997,2.5430964154831655,0.125,601.0808378384883,3.9802789201101527,4.022000000000003,0.02455683889488127,4.022000000000004,0.03,0.024556705477197936,0.125
4.1315502854155675,2.5436502588107484,0.125,601.3587049212647,3.9798840385932714,4.023000000000003,0.024556838442406873,4.023000000000003,0.03,0.024556705477197936,0.125
4.131563168254969,2.5442043340585467,0.125,601.6369190933011,3.979488733799816,4.024000000000004,0.024556837989932474,4.024000000000004,0.03,0.024556705477197936,0.125
4.131576003167664,2.544758641612099,0.125,601.9154809315884,3.9790930050261437,4.025000000000003,0.024556837537458076,4.025000000000004,0.03,0.024556705477197936,0.125
4.131588790073936,2.545313181857797,0.125,602.194391014397,3.978696851567053,4.026000000000003,0.024556837084983674,4.026000000000003,0.03,0.024556705477197936,0.125
4.131601528893892,2.5458679551828904,0.125,602.4736499212811,3.9783002727157757,4.027000000000004,0.02455683663250928,4.027000000000004,0.03,0.024556705477197936,0.125
4.131614219547461,2.5464229619754892,0.125,602.753258233081,3.977903267763974,4.028000000000003,0.024556836180034878,4.028000000000003,0.03,0.024556705477197936,0.125
4.131626861954396,2.546978202624565,0.125,603.033216531928,3.977505836001737,4.029000000000003,0.024556835727560476,4.0290000000000035,0.03,0.024556705477197936,0.125
4.131639283500855,2.547533811147023,0.125,603.3137696427825,3.977107152681508,4.030000000000004,0.02455683527508608,4.030000000000004,0.03,0.024556705477197936,0.125
4.131650535665798,2.5480905185475167,0.125,603.5962607827512,3.9767026911803547,4.031000000000003,0.02455683482261168,4.031000000000003,0.03,0.024556705477197936,0.125
4.131661741414436,2.5486474523769003,0.125,603.8791007190463,3.9762978175848143,4.032000000000004,0.024556834370137275,4.032000000000004,0.03,0.024556705477197936,0.125
4.131672900672871,2.549204612995659,0.125,604.1622900069688,3.97589253123881,4.033000000000004,0.02455683391766288,4.033000000000004,0.03,0.024556705477197936,0.125
4.131684013367049,2.5497620007650457,0.125,604.4458292029987,3.975486831484876,4.0340000000000025,0.024556833465188478,4.034000000000003,0.03,0.024556705477197936,0.125
4.13169507942276,2.5503196160470782,0.125,604.7297188647999,3.9750807176641456,4.035000000000004,0.024556833012714076,4.035000000000004,0.03,0.024556705477197936,0.125
4.131706098765632,2.5508774592045467,0.125,605.0139595512206,3.974674189116352,4.036000000000002,0.02455683256023968,4.036000000000003,0.03,0.024556705477197936,0.125
4.131717071321141,2.551435530601012,0.125,605.2985518222989,3.9742672451798247,4.0370000000000035,0.024556832107765283,4.0370000000000035,0.03,0.024556705477197936,0.125
4.1317279970145995,2.551993830600809,0.125,605.5834962392642,3.9738598851914864,4.038000000000004,0.024556831655290885,4.038000000000004,0.03,0.024556705477197936,0.125
4.131738875771162,2.552552359569048,0.125,605.8687933645408,3.973452108486844,4.039000000000003,0.024556831202816487,4.039000000000003,0.03,0.024556705477197936,0.125
4.131749707515824,2.553111117871616,0.125,606.1544437617522,3.9730439143999905,4.040000000000004,0.024556830750342085,4.040000000000004,0.03,0.024556705477197936,0.125
4.131760170302714,2.5536703601337765,0.125,606.4410125892656,3.972633761169622,4.041000000000003,0.024556830297867687,4.041000000000004,0.03,0.024556705477197936,0.125
4.131769816245163,2.5542304419494575,0.125,606.729279645764,3.97221950254311,4.042000000000003,0.024556829845393285,4.042000000000003,0.03,0.024556705477197936,0.125
4.131779413734426,2.5547907574544815,0.125,607.0178941051058,3.971804816396889,4.043000000000004,0.024556829392918887,4.043000000000004,0.03,0.024556705477197936,0.125
4.131788962692689,2.5553513070241536,0.125,607.3068565252222,3.9713897020443567,4.044000000000003,0.02455682894044449,4.044000000000003,0.03,0.024556705477197936,0.125
4.131798463041967,2.555912091034587,0.125,607.5961674652409,3.9709741587974414,4.0450000000000035,0.02455682848797009,4.0450000000000035,0.03,0.024556705477197936,0.125
4.131807914704111,2.5564731098626985,0.125,607.8858274854877,3.970558185966599,4.046000000000004,0.024556828035495692,4.046000000000004,0.03,0.024556705477197936,0.125
4.131817317600803,2.5570343638862125,0.125,608.1758371474895,3.9701417828608028,4.047000000000003,0.02455682758302129,4.047000000000003,0.03,0.024556705477197936,0.125
4.131826671653557,2.5575958534836665,0.125,608.4661970139797,3.969724948787545,4.048000000000004,0.02455682713054689,4.048000000000004,0.03,0.024556705477197936,0.125
4.1318359767837185,2.5581575790344098,0.125,608.7569076488988,3.9693076830528318,4.049000000000003,0.02455682667807249,4.049000000000004,0.03,0.024556705477197936,0.125
4.131845232912466,2.558719540918606,0.125,609.0479696173988,3.9688899849611756,4.050000000000003,0.024556826225598093,4.050000000000003,0.03,0.024556705477197936,0.125
4.1318544399608035,2.5592817395172363,0.125,609.3393834858473,3.968471853815597,4.051000000000004,0.024556825773123694,4.051000000000004,0.03,0.024556705477197936,0.125
4.131862784479352,2.5598446126603864,0.125,609.6323459909305,3.968049596631176,4.052000000000003,0.024556825320649296,4.052000000000003,0.03,0.024556705477197936,0.125
4.131870772650929,2.5604078882388634,0.125,609.9261122661247,3.9676255111144196,4.0530000000000035,0.024556824868174894,4.0530000000000035,0.03,0.024556705477197936,0.125
4.1318787098227014,2.5609714023395864,0.125,610.2202335690399,3.9672009830801174,4.054000000000004,0.024556824415700496,4.054000000000004,0.03,0.024556705477197936,0.125
4.1318865959115705,2.5615351553512147,0.125,610.5147104781739,3.966776011807213,4.055000000000003,0.024556823963226098,4.055000000000003,0.03,0.024556705477197936,0.125
4.131894430834254,2.562099147663252,0.125,610.8095435732828,3.9663505965730805,4.056000000000003,0.024556823510751696,4.056000000000004,0.03,0.024556705477197936,0.125
4.131902214507288,2.5626633796660494,0.125,611.1047334353821,3.965924736653524,4.057000000000004,0.024556823058277298,4.057000000000004,0.03,0.024556705477197936,0.125
4.131909946847027,2.563227851750806,0.125,611.4002806467525,3.9654984313227706,4.058000000000003,0.0245568226058029,4.058000000000003,0.03,0.024556705477197936,0.125
4.131917627769646,2.563792564309574,0.125,611.6961857909433,3.965071679853467,4.059000000000004,0.024556822153328498,4.059000000000004,0.03,0.024556705477197936,0.125
4.131925257191134,2.5643575177352598,0.125,611.9924494527736,3.9646444815166753,4.060000000000002,0.0245568217008541,4.060000000000003,0.03,0.024556705477197936,0.125
4.1319328350273,2.5649227124216267,0.125,612.2890722183384,3.9642168355818708,4.0610000000000035,0.0245568212483797,4.0610000000000035,0.03,0.024556705477197936,0.125
4.131939886382202,2.565488523230129,0.125,612.5867474113071,3.963786468707616,4.062000000000003,0.0245568207959053,4.062000000000004,0.03,0.024556705477197936,0.125
4.131946219644181,2.566055103488942,0.125,612.8857583111317,3.9633524615852007,4.063000000000003,0.024556820343430902,4.063000000000003,0.03,0.024556705477197936,0.125
4.131952502131529,2.566621928011499,0.125,613.1851331277834,3.962918007131525,4.064000000000004,0.024556819890956504,4.064000000000004,0.03,0.024556705477197936,0.125
4.131958733762983,2.567188997188738,0.125,613.4848724436998,3.962483104630652,4.065000000000004,0.024556819438482102,4.065000000000004,0.03,0.024556705477197936,0.125
4.131964914457106,2.567756311412429,0.125,613.7849768425613,3.9620477533651113,4.066000000000003,0.024556818986007707,4.066000000000003,0.03,0.024556705477197936,0.125
4.1319710441322846,2.5683238710751803,0.125,614.0854469092965,3.961611952615904,4.067000000000004,0.024556818533533302,4.067000000000004,0.03,0.024556705477197936,0.125
4.131977122706737,2.568891676570439,0.125,614.3862832300827,3.9611757016624902,4.068000000000002,0.024556818081058904,4.068000000000003,0.03,0.024556705477197936,0.125
4.131983150098503,2.5694597282924945,0.125,614.6874863923525,3.960738999782793,4.0690000000000035,0.024556817628584506,4.0690000000000035,0.03,0.024556705477197936,0.125
4.131989126225447,2.570028026636478,0.125,614.9890569847939,3.960301846253188,4.070000000000004,0.02455681717611011,4.070000000000004,0.03,0.024556705477197936,0.125
4.131995051005256,2.570596571998368,0.125,615.2909955973553,3.9598642403485034,4.071000000000003,0.02455681672363571,4.071000000000003,0.03,0.024556705477197936,0.125
4.132000221349589,2.571165439608929,0.125,615.5939972901981,3.9594232939243126,4.072000000000004,0.02455681627116131,4.072000000000004,0.03,0.024556705477197936,0.125
4.132004060038548,2.571734682662429,0.125,615.8986260357415,3.9589766444190277,4.073000000000004,0.024556815818686906,4.073000000000004,0.03,0.024556705477197936,0.125
4.132007824829638,2.572304163611165,0.125,616.2036367289344,3.9585294613998165,4.074000000000003,0.024556815366212507,4.074000000000003,0.03,0.024556705477197936,0.125
4.132011515580772,2.572873882912557,0.125,616.509030104173,3.9580817438408564,4.075000000000004,0.024556814913738113,4.075000000000004,0.03,0.024556705477197936,0.125
4.132015132149497,2.5734438410251927,0.125,616.8148068977372,3.957633490713694,4.076000000000002,0.02455681446126371,4.076000000000003,0.03,0.024556705477197936,0.125
4.132018674392994,2.574014038408841,0.125,617.120967847797,3.957184700987236,4.0770000000000035,0.024556814008789313,4.0770000000000035,0.03,0.024556705477197936,0.125
4.132022142168078,2.5745844755244502,0.125,617.4275136944185,3.956735373627739,4.078000000000004,0.024556813556314915,4.078000000000004,0.03,0.024556705477197936,0.125
4.132025535331196,2.5751551528341525,0.125,617.7344451795695,3.9562855075988033,4.079000000000003,0.024556813103840516,4.079000000000003,0.03,0.024556705477197936,0.125
4.132028853738425,2.5757260708012715,0.125,618.0417630471268,3.9558351018613642,4.080000000000004,0.024556812651366118,4.080000000000004,0.03,0.024556705477197936,0.125
4.132032097245473,2.57629722989032,0.125,618.3494680428811,3.9553841553736833,4.081000000000004,0.024556812198891713,4.081000000000004,0.03,0.024556705477197936,0.125
4.132033501882815,2.5768687549168265,0.125,618.658689229014,3.954925487340638,4.082000000000003,0.024556811746417318,4.082000000000003,0.03,0.024556705477197936,0.125
4.132033757102126,2.5774405985421676,0.125,618.9689801016211,3.954461902976217,4.083000000000004,0.024556811293942913,4.083000000000004,0.03,0.024556705477197936,0.125
4.1320339087149796,2.5780126877638825,0.125,619.2796710124925,3.953997658596022,4.084000000000003,0.024556810841468518,4.084000000000003,0.03,0.024556705477197936,0.125
4.132033956480225,2.578585023153614,0.125,619.5907628927413,3.953532752663824,4.0850000000000035,0.024556810388994117,4.0850000000000035,0.03,0.024556705477197936,0.125
4.132033900155964,2.579157605284777,0.125,619.9022566763726,3.9530671836386264,4.086000000000004,0.024556809936519722,4.086000000000004,0.03,0.024556705477197936,0.125
4.132033739499544,2.5797304347325682,0.125,620.2141533002945,3.952600949974642,4.087000000000003,0.024556809484045317,4.087000000000003,0.03,0.024556705477197936,0.125
4.13203347426756,2.580303512073977,0.125,620.5264537043295,3.952134050121274,4.088000000000004,0.024556809031570922,4.088000000000004,0.03,0.024556705477197936,0.125
4.132033104215849,2.5808768378877858,0.125,620.8391588312262,3.9516664825230996,4.089000000000004,0.02455680857909652,4.089000000000004,0.03,0.024556705477197936,0.125
4.132032629099486,2.581450412754581,0.125,621.1522696266693,3.951198245619851,4.090000000000003,0.024556808126622122,4.090000000000003,0.03,0.024556705477197936,0.125
4.132031644455069,2.582024203703569,0.125,621.4663069864799,3.950727755088715,4.091000000000004,0.02455680767414772,4.091000000000004,0.03,0.024556705477197936,0.125
4.132029674805245,2.58259817118167,0.125,621.7819235034042,3.9502531492836948,4.092000000000003,0.024556807221673325,4.092000000000003,0.03,0.024556705477197936,0.125
4.13202765285098,2.5831723926829584,0.125,622.097941387369,3.9497780802498963,4.0930000000000035,0.024556806769198924,4.0930000000000035,0.03,0.024556705477197936,0.125
4.132025578513504,2.583746868589982,0.125,622.414361242819,3.9493025472897125,4.094000000000004,0.024556806316724526,4.094000000000004,0.03,0.024556705477197936,0.125
4.132023451713893,2.5843215992860586,0.125,622.7311836754125,3.948826549704138,4.095000000000003,0.024556805864250124,4.095000000000003,0.03,0.024556705477197936,0.125
4.132021272373059,2.58489658515528,0.125,623.048409292026,3.948350086792759,4.096000000000004,0.024556805411775726,4.096000000000004,0.03,0.024556705477197936,0.125
4.132019040411759,2.585471826582505,0.125,623.3660387007559,3.947873157853755,4.097000000000004,0.024556804959301327,4.097000000000004,0.03,0.024556705477197936,0.125
4.1320167557505885,2.5860473239533697,0.125,623.6840725109219,3.947395762183893,4.098000000000003,0.02455680450682693,4.098000000000003,0.03,0.024556705477197936,0.125
4.132014418309984,2.5866230776542865,0.125,624.0025113330709,3.9469178990785236,4.099000000000004,0.024556804054352527,4.099000000000004,0.03,0.024556705477197936,0.125
4.132011742694271,2.587199407266609,0.125,624.3237985258794,3.946438106715682,4.100000000000003,0.024556803601878133,4.100000000000003,0.03,0.024556705477197936,0.125
4.132018444316524,2.5877510308368503,0.125,624.6348380334903,3.946017942661004,4.101000000000003,0.024556803365895316,4.1010000000000035,0.03,0.024556705477197936,0.125
4.132025112838554,2.5883028894169096,0.125,624.9462217291438,3.945597411246896,4.102000000000003,0.024556803129912517,4.102000000000004,0.03,0.024556705477197936,0.125
4.132031748216452,2.5888549833185226,0.125,625.2579500693989,3.945176511986061,4.103000000000002,0.024556802893929704,4.103000000000003,0.03,0.024556705477197936,0.125
4.132038350406234,2.5894073128539787,0.125,625.5700235116236,3.944755244390342,4.104000000000004,0.0245568026579469,4.104000000000004,0.03,0.024556705477197936,0.125
4.132044919363837,2.589959878336117,0.125,625.8824425139942,3.9443336079707154,4.105000000000003,0.024556802421964088,4.105000000000004,0.03,0.024556705477197936,0.125
4.132051455045122,2.590512680078333,0.125,626.1952075354989,3.9439116022372955,4.106000000000003,0.02455680218598128,4.106000000000003,0.03,0.024556705477197936,0.125
4.132057957405869,2.5910657183945784,0.125,626.508319035939,3.9434892266993233,4.107000000000004,0.024556801949998472,4.107000000000004,0.03,0.024556705477197936,0.125
4.132064426401781,2.5916189935993565,0.125,626.8217774759314,3.943066480865175,4.108000000000003,0.024556801714015666,4.108000000000003,0.03,0.024556705477197936,0.125
4.132070861988483,2.5921725060077336,0.125,627.1355833169091,3.9426433642423513,4.1090000000000035,0.024556801478032856,4.1090000000000035,0.03,0.024556705477197936,0.125
4.132077264121522,2.5927262559353332,0.125,627.4497370211245,3.9422198763374814,4.110000000000004,0.024556801242050053,4.110000000000004,0.03,0.024556705477197936,0.125
4.1320829485365245,2.5932812181237224,0.125,627.7699785851353,3.9417923061523408,4.111000000000003,0.02455680100606724,4.111000000000003,0.03,0.024556705477197936,0.125
4.13208824179735,2.593836916834582,0.125,628.0934328379439,3.941362435235959,4.112000000000004,0.024556800770084437,4.112000000000004,0.03,0.024556705477197936,0.125
4.132093500446835,2.5943928422780016,0.125,628.4170807373832,3.9409321991193265,4.113000000000004,0.02455680053410162,4.113000000000004,0.03,0.024556705477197936,0.125
4.1320987244394844,2.594948994752018,0.125,628.7409225379978,3.9405015973223954,4.114000000000003,0.024556800298118818,4.114000000000003,0.03,0.024556705477197936,0.125
4.13210391372972,2.59550537455519,0.125,629.0649584947797,3.9400706293642735,4.115000000000003,0.024556800062136012,4.115000000000004,0.03,0.024556705477197936,0.125
4.132109068271889,2.5960619819865984,0.125,629.3891888631665,3.9396392947632277,4.116000000000003,0.024556799826153202,4.116000000000003,0.03,0.024556705477197936,0.125
4.132114188020254,2.5966188173458518,0.125,629.713613899046,3.9392075930366772,4.1170000000000035,0.02455679959017039,4.1170000000000035,0.03,0.024556705477197936,0.125
4.132119272929,2.5971758809330816,0.125,630.0382338587539,3.938775523701195,4.118000000000004,0.024556799354187586,4.118000000000004,0.03,0.024556705477197936,0.125
4.132124322952229,2.5977331730489484,0.125,630.3630489990762,3.938343086272506,4.119000000000003,0.024556799118204773,4.119000000000003,0.03,0.024556705477197936,0.125
4.132129338043965,2.5982906939946417,0.125,630.6880595772512,3.937910280265482,4.120000000000003,0.024556798882221974,4.120000000000004,0.03,0.024556705477197936,0.125
4.132133836741326,2.5988486328486284,0.125,631.0137039931636,3.9374749902383925,4.121000000000004,0.02455679864623916,4.121000000000004,0.03,0.024556705477197936,0.125
4.13213713293289,2.599407228452716,0.125,631.340586838672,3.937034232212094,4.1220000000000026,0.02455679841025635,4.122000000000003,0.03,0.024556705477197936,0.125
4.132140362934101,2.5999660189457905,0.125,631.6676632651752,3.9365930145378183,4.123000000000004,0.02455679817427354,4.123000000000004,0.03,0.024556705477197936,0.125
4.132143526627878,2.600525004672576,0.125,631.9949336150859,3.936151336402522,4.124000000000003,0.02455679793829074,4.124000000000003,0.03,0.024556705477197936,0.125
4.1321466238968645,2.6010841859786136,0.125,632.322398231626,3.935709196991242,4.125000000000003,0.024556797702307925,4.1250000000000036,0.03,0.024556705477197936,0.125
4.132149654623426,2.601643563210261,0.125,632.6500574588268,3.9352665954870956,4.126000000000004,0.02455679746632512,4.126000000000004,0.03,0.024556705477197936,0.125
4.132152618689654,2.6022031367146905,0.125,632.9779116415326,3.934823531071269,4.1270000000000024,0.024556797230342313,4.127000000000003,0.03,0.024556705477197936,0.125
4.132155515977356,2.6027629068398994,0.125,633.3059611254038,3.934380002923008,4.1280000000000046,0.024556796994359503,4.128000000000004,0.03,0.024556705477197936,0.125
4.132158346368062,2.603322873934705,0.125,633.6342062569174,3.93393601021962,4.129000000000003,0.024556796758376694,4.129000000000004,0.03,0.024556705477197936,0.125
4.132161109743024,2.6038830383487515,0.125,633.9626473833704,3.9334915521364673,4.1300000000000034,0.024556796522393887,4.1300000000000034,0.03,0.024556705477197936,0.125
4.13216345129215,2.604443542683525,0.125,634.2916361430424,3.9330450671604233,4.131000000000004,0.024556796286411078,4.131000000000004,0.03,0.024556705477197936,0.125
4.132164578587605,2.6050047220810457,0.125,634.6219453447493,3.9325930511582095,4.132000000000002,0.024556796050428275,4.132000000000003,0.03,0.024556705477197936,0.125
4.1321656184174165,2.6055661355090343,0.125,634.952451700797,3.932140451260997,4.133000000000004,0.024556795814445462,4.133000000000004,0.03,0.024556705477197936,0.125
4.132166570594384,2.6061277834683683,0.125,635.283155633142,3.9316872662191167,4.134000000000003,0.024556795578462652,4.134000000000004,0.03,0.024556705477197936,0.125
4.13216743493078,2.6066896664613592,0.125,635.6140575649449,3.9312334947793284,4.135000000000004,0.024556795342479842,4.135000000000003,0.03,0.024556705477197936,0.125
4.132168211238334,2.6072517849917523,0.125,635.9451579205762,3.9307791356848107,4.136000000000004,0.024556795106497043,4.136000000000004,0.03,0.024556705477197936,0.125
4.13216889932824,2.6078141395647325,0.125,636.2764571256201,3.9303241876751485,4.137000000000003,0.02455679487051423,4.137000000000004,0.03,0.024556705477197936,0.125
4.1321694990111535,2.6083767306869325,0.125,636.6079556068779,3.92986864948632,4.1380000000000035,0.024556794634531424,4.1380000000000035,0.03,0.024556705477197936,0.125
4.132170010097181,2.608939558866434,0.125,636.9396537923744,3.929412519850681,4.139000000000003,0.02455679439854861,4.139000000000004,0.03,0.024556705477197936,0.125
4.132170432395895,2.609502624612777,0.125,637.27155211136,3.92895579749696,4.140000000000003,0.024556794162565808,4.140000000000003,0.03,0.024556705477197936,0.125
4.132170223776263,2.610066045342452,0.125,637.6053218201189,3.928496197126253,4.141000000000004,0.024556793926582998,4.141000000000004,0.03,0.024556705477197936,0.125
4.132169335090658,2.61062980696262,0.125,637.9411871671358,3.9280335362725554,4.142000000000004,0.024556793690600192,4.142000000000004,0.03,0.024556705477197936,0.125
4.132168355942265,2.611193773817491,0.125,638.2773560855809,3.9275703082966995,4.143000000000003,0.02455679345461738,4.143000000000003,0.03,0.024556705477197936,0.125
4.132167286141621,2.6117579463369203,0.125,638.6138292112686,3.9271065120108806,4.144000000000004,0.024556793218634576,4.144000000000004,0.03,0.024556705477197936,0.125
4.132166125498725,2.6123223249519616,0.125,638.95060718179,3.92664214622397,4.145000000000004,0.024556792982651766,4.145000000000004,0.03,0.024556705477197936,0.125
4.132164873823043,2.6128869100948724,0.125,639.2876906365193,3.9261772097415095,4.146000000000003,0.024556792746668957,4.1460000000000035,0.03,0.024556705477197936,0.125
4.132163530923514,2.613451702199126,0.125,639.6250802166201,3.9257117013657004,4.147000000000003,0.024556792510686147,4.147000000000004,0.03,0.024556705477197936,0.125
4.132162096608541,2.614016701699404,0.125,639.962776565051,3.9252456198953865,4.148000000000003,0.024556792274703344,4.148000000000003,0.03,0.024556705477197936,0.125
4.132160570685986,2.6145819090316076,0.125,640.3007803265732,3.9247789641260473,4.149000000000004,0.024556792038720535,4.149000000000004,0.03,0.024556705477197936,0.125
4.132158952963176,2.6151473246328627,0.125,640.6390921477557,3.924311732849784,4.150000000000004,0.024556791802737725,4.150000000000004,0.03,0.024556705477197936,0.125
4.132156013020127,2.6157141874539698,0.125,640.9852072748411,3.923837764008086,4.151000000000003,0.024556791566754915,4.151000000000003,0.03,0.024556705477197936,0.125
4.132152945532858,2.616281319865038,0.125,641.3321064601863,3.923363015367097,4.152000000000005,0.02455679133077211,4.152000000000004,0.03,0.024556705477197936,0.125
4.132149787104564,2.616848685678211,0.125,641.6795705511881,3.922887669570843,4.153000000000004,0.024556791094789303,4.153000000000004,0.03,0.024556705477197936,0.125
4.132146537544642,2.617416285382664,0.125,642.0276007318058,3.9224117253677733,4.1540000000000035,0.024556790858806493,4.1540000000000035,0.03,0.024556705477197936,0.125
4.132143196661966,2.6179841194689435,0.125,642.3761981893113,3.9219351815028385,4.155000000000004,0.024556790622823683,4.155000000000004,0.03,0.024556705477197936,0.125
4.132139764264864,2.6185521884289655,0.125,642.7253641142968,3.921458036717476,4.156000000000003,0.024556790386840877,4.156000000000003,0.03,0.024556705477197936,0.125
4.132136240161135,2.6191204927560263,0.125,643.0750997006902,3.920980289749598,4.157000000000004,0.02455679015085807,4.157000000000004,0.03,0.024556705477197936,0.125
4.132132624158036,2.619689032944802,0.125,643.4254061457646,3.920501939333582,4.158000000000004,0.02455678991487526,4.158000000000004,0.03,0.024556705477197936,0.125
4.132128916062283,2.6202578094913576,0.125,643.7762846501496,3.920022984200255,4.1590000000000025,0.02455678967889245,4.159000000000003,0.03,0.024556705477197936,0.125
4.1321242400130815,2.6208270980414627,0.125,644.1290081848529,3.919539645221274,4.160000000000004,0.024556789442909642,4.160000000000004,0.03,0.024556705477197936,0.125
4.132119134204004,2.6213967179789326,0.125,644.4827999491403,3.919054255825598,4.161000000000004,0.024556789206926836,4.161000000000004,0.03,0.024556705477197936,0.125
4.132113931508621,2.621966563215332,0.125,644.8371780707646,3.918568253613258,4.1620000000000035,0.02455678897094403,4.1620000000000035,0.03,0.024556705477197936,0.125
4.132108631719985,2.622536634231886,0.125,645.1921438021474,3.918081637275318,4.163000000000004,0.02455678873496122,4.163000000000004,0.03,0.024556705477197936,0.125
4.132103234630567,2.623106931511188,0.125,645.5476983992784,3.9175944054991105,4.164000000000003,0.02455678849897841,4.164000000000003,0.03,0.024556705477197936,0.125
4.132097740032242,2.6236774555372113,0.125,645.9038431217306,3.9171065569682235,4.165000000000004,0.024556788262995604,4.165000000000004,0.03,0.024556705477197936,0.125
4.13209214771629,2.6242482067953072,0.125,646.260579232671,3.9166180903624914,4.166000000000003,0.024556788027012798,4.166000000000004,0.03,0.024556705477197936,0.125
4.132086457473398,2.6248191857722154,0.125,646.6179079988742,3.9161290043579777,4.167000000000003,0.024556787791029988,4.167000000000003,0.03,0.024556705477197936,0.125
4.132080669093652,2.6253903929560667,0.125,646.9758306907362,3.9156392976269556,4.168000000000004,0.02455678755504718,4.168000000000004,0.03,0.024556705477197936,0.125
4.132073958629916,2.625963749503967,0.125,647.3354774741757,3.915143752993778,4.169000000000003,0.02455678731906437,4.169000000000004,0.03,0.024556705477197936,0.125
4.132066819265852,2.6265381641194065,0.125,647.6961794565898,3.914645434615443,4.1700000000000035,0.024556787083081566,4.1700000000000035,0.03,0.024556705477197936,0.125
4.132059582658726,2.627112873453105,0.125,648.0574841448014,3.9141464325610245,4.171000000000004,0.024556786847098756,4.171000000000004,0.03,0.024556705477197936,0.125
4.132052248595711,2.6276878781500908,0.125,648.4193928579108,3.9136467453342103,4.172000000000003,0.024556786611115947,4.172000000000003,0.03,0.024556705477197936,0.125
4.132044816863356,2.628263178857278,0.125,648.7819069188706,3.913146371434315,4.173000000000004,0.02455678637513314,4.173000000000004,0.03,0.024556705477197936,0.125
4.132037287247587,2.6288387762234704,0.125,649.1450276544994,3.9126453093562703,4.174000000000003,0.024556786139150334,4.174000000000004,0.03,0.024556705477197936,0.125
4.1320296595337025,2.6294146708993678,0.125,649.5087563954957,3.912143557590604,4.175000000000003,0.024556785903167525,4.175000000000003,0.03,0.024556705477197936,0.125
4.132021933506374,2.629990863537577,0.125,649.873094476454,3.9116411146234267,4.176000000000003,0.02455678566718472,4.176000000000004,0.03,0.024556705477197936,0.125
4.132014108949643,2.6305673547926145,0.125,650.2380432358759,3.911137978936417,4.177000000000004,0.02455678543120191,4.177000000000004,0.03,0.024556705477197936,0.125
4.132004280014562,2.6311412693545044,0.125,650.6056401790199,3.9106294043385224,4.1780000000000035,0.0245567851952191,4.1780000000000035,0.03,0.024556705477197936,0.125
4.131994291592759,2.631715269781952,0.125,650.9739738592024,3.9101201060422186,4.179000000000004,0.02455678495923629,4.179000000000004,0.03,0.024556705477197936,0.125
4.131984263834051,2.632289534116663,0.125,651.3429183786226,3.909610386486725,4.180000000000003,0.02455678472325348,4.180000000000003,0.03,0.024556705477197936,0.125
4.1319741966896375,2.6328640626860302,0.125,651.7124744950598,3.909100245149446,4.181000000000004,0.024556784487270673,4.181000000000004,0.03,0.024556705477197936,0.125
4.131964090110637,2.6334388558179858,0.125,652.082642967547,3.908589681506922,4.182000000000004,0.024556784251287864,4.182000000000004,0.03,0.024556705477197936,0.125
4.13195394404809,2.6340139138410046,0.125,652.453424556373,3.908078695034827,4.1830000000000025,0.02455678401530506,4.183000000000003,0.03,0.024556705477197936,0.125
4.131943758452954,2.6345892370841075,0.125,652.8248200230872,3.9075672852079673,4.184000000000004,0.02455678377932225,4.184000000000004,0.03,0.024556705477197936,0.125
4.131933533276105,2.635164825876859,0.125,653.1968301304994,3.9070554515002773,4.185000000000004,0.02455678354333944,4.185000000000004,0.03,0.024556705477197936,0.125
4.131922757419234,2.6357416822296287,0.125,653.5702195589986,3.906540147038349,4.186000000000003,0.024556783307356635,4.1860000000000035,0.03,0.024556705477197936,0.125
4.131911195902667,2.636320278540051,0.125,653.945335227512,3.9060199592658704,4.187000000000004,0.024556783071373826,4.187000000000004,0.03,0.024556705477197936,0.125
4.131899587817755,2.6368991712983023,0.125,654.3210709721247,3.9054992887274436,4.188000000000003,0.02455678283539102,4.188000000000003,0.03,0.024556705477197936,0.125
4.1318879331007725,2.6374783609100647,0.125,654.697427641395,3.9049781347624157,4.189000000000004,0.02455678259940821,4.189000000000004,0.03,0.024556705477197936,0.125
4.131876231687875,2.63805784778176,0.125,655.0744060854295,3.904456496708929,4.190000000000003,0.0245567823634254,4.190000000000004,0.03,0.024556705477197936,0.125
4.131864483515105,2.6386376323205503,0.125,655.4520071558873,3.903934373903917,4.1910000000000025,0.024556782127442594,4.191000000000003,0.03,0.024556705477197936,0.125
4.1318526885183795,2.639217714934345,0.125,655.8302317059844,3.9034117656830993,4.192000000000004,0.024556781891459784,4.192000000000004,0.03,0.024556705477197936,0.125
4.131840846633509,2.6397980960317975,0.125,656.2090805904959,3.9028886713809827,4.193000000000003,0.024556781655476978,4.193000000000004,0.03,0.024556705477197936,0.125
4.131828883601762,2.640378843137387,0.125,656.5886948771815,3.9023647264799686,4.1940000000000035,0.02455678141949417,4.1940000000000035,0.03,0.024556705477197936,0.125
4.131815644919346,2.640961001747661,0.125,656.9710942688358,3.9018342681597034,4.195000000000004,0.024556781183511362,4.195000000000004,0.03,0.024556705477197936,0.125
4.131802359323227,2.6415434614308753,0.125,657.353811908713,3.901303321142396,4.196000000000003,0.024556780947528556,4.196000000000003,0.03,0.024556705477197936,0.125
4.131789026749742,2.6421262225955946,0.125,657.7368482286864,3.9007718847648705,4.197000000000003,0.024556780711545746,4.197000000000004,0.03,0.024556705477197936,0.125
4.1317756471351155,2.642709285651123,0.125,658.120203661409,3.9002399583627514,4.198000000000004,0.02455678047556294,4.198000000000004,0.03,0.024556705477197936,0.125
4.13176222041545,2.6432926510075054,0.125,658.5038786403177,3.899707541270458,4.199000000000003,0.024556780239580127,4.199000000000003,0.03,0.024556705477197936,0.125
4.131748746526737,2.6438763190755297,0.125,658.8878735996356,3.899174632821206,4.200000000000004,0.02455678000359732,4.200000000000004,0.03,0.024556705477197936,0.125
4.131735804127297,2.6444294587065125,0.125,659.2381275264435,3.898671916163782,4.201000000000004,0.024556779881779782,4.201000000000004,0.03,0.024556705477197936,0.125
4.131722809273821,2.6449828376560887,0.125,659.588760827648,3.898168750376969,4.2020000000000035,0.024556779759962247,4.2020000000000035,0.03,0.024556705477197936,0.125
4.131708483774253,2.6455385393106345,0.125,659.9412381697045,3.8976579365952677,4.203000000000004,0.02455677963814471,4.203000000000004,0.03,0.024556705477197936,0.125
4.131693991364715,2.6460946537859438,0.125,660.2942386397488,3.89714604212227,4.204000000000002,0.02455677951632717,4.204000000000003,0.03,0.024556705477197936,0.125
4.131679453889069,2.6466509820885915,0.125,660.6476236582449,3.8966337535857516,4.205000000000003,0.02455677939450963,4.205000000000004,0.03,0.024556705477197936,0.125
4.131664871284545,2.647207524516419,0.125,661.0013937608286,3.8961210704368274,4.206000000000004,0.024556779272692092,4.206000000000004,0.03,0.024556705477197936,0.125
4.131650243488253,2.647764281367816,0.125,661.3555494841296,3.8956079921255884,4.2070000000000025,0.02455677915087456,4.207000000000003,0.03,0.024556705477197936,0.125
4.131635570437188,2.648321252941732,0.125,661.710091365777,3.8950945181011023,4.208000000000004,0.024556779029057025,4.208000000000004,0.03,0.024556705477197936,0.125
4.131620852068226,2.648878439537668,0.125,662.0650199443986,3.894580647811412,4.209000000000003,0.024556778907239483,4.209000000000004,0.03,0.024556705477197936,0.125
4.131605992107949,2.6494357848189227,0.125,662.4204071062535,3.8940660526567483,4.210000000000003,0.024556778785421944,4.2100000000000035,0.03,0.024556705477197936,0.125
4.1315890560371304,2.649992156867715,0.125,662.7776749368271,3.8935441295984523,4.211000000000004,0.024556778663604405,4.211000000000004,0.03,0.024556705477197936,0.125
4.131572044641934,2.650548739898816,0.125,663.1353284096101,3.8930216942616944,4.212000000000003,0.024556778541786874,4.212000000000003,0.03,0.024556705477197936,0.125
4.131554957788637,2.65110553428677,0.125,663.4933682092097,3.892498745737056,4.213000000000004,0.02455677841996934,4.213000000000004,0.03,0.024556705477197936,0.125
4.131537795343207,2.6516625404070084,0.125,663.8517950218552,3.8919752831129673,4.214000000000004,0.024556778298151796,4.214000000000004,0.03,0.024556705477197936,0.125
4.131520557171287,2.652219758635852,0.125,664.2106095354009,3.8914513054756963,4.2150000000000025,0.024556778176334258,4.215000000000003,0.03,0.024556705477197936,0.125
4.1315032431382095,2.6527771893505143,0.125,664.5698124393331,3.8909268119093467,4.216000000000004,0.024556778054516722,4.216000000000004,0.03,0.024556705477197936,0.125
4.131485853108979,2.6533348329291018,0.125,664.9294044247735,3.890401801495845,4.217000000000004,0.02455677793269918,4.217000000000004,0.03,0.024556705477197936,0.125
4.13146695601771,2.6538921226182657,0.125,665.2899803471321,3.889871115491007,4.218000000000003,0.02455677781088164,4.2180000000000035,0.03,0.024556705477197936,0.125
4.1314456651692,2.654448732377148,0.125,665.6519189893197,3.889331532361423,4.219000000000004,0.024556777689064106,4.219000000000004,0.03,0.024556705477197936,0.125
4.131424320071937,2.6550056010735625,0.125,666.0142539738392,3.888791473277812,4.220000000000003,0.02455677756724657,4.220000000000003,0.03,0.024556705477197936,0.125
4.131402920644247,2.655562729097347,0.125,666.3769858973964,3.888250937523611,4.221000000000003,0.024556777445429032,4.221000000000004,0.03,0.024556705477197936,0.125
4.131381466804295,2.656120116839123,0.125,666.740115357893,3.887709924380821,4.222000000000004,0.024556777323611494,4.222000000000004,0.03,0.024556705477197936,0.125
4.131359958470078,2.656677764690294,0.125,667.1036429544333,3.887168433129997,4.223000000000004,0.02455677720179396,4.223000000000003,0.03,0.024556705477197936,0.125
4.131338395559431,2.6572356730430537,0.125,667.467569287327,3.8866264630502476,4.224000000000004,0.024556777079976423,4.224000000000004,0.03,0.024556705477197936,0.125
4.131316757754587,2.657793822313118,0.125,667.8321065980429,3.8860839524921955,4.225000000000003,0.02455677695815888,4.225000000000004,0.03,0.024556705477197936,0.125
4.131293735505822,2.658350952229735,0.125,668.2109617383757,3.885536925991558,4.2260000000000035,0.024556776836341346,4.2260000000000035,0.03,0.024556705477197936,0.125
4.1312706584468994,2.6589084071647773,0.125,668.5902383575605,3.884989355292897,4.227000000000004,0.024556776714523807,4.227000000000004,0.03,0.024556705477197936,0.125
4.131247526492174,2.6594661876260863,0.125,668.9699371141594,3.884441239545902,4.228000000000003,0.02455677659270627,4.228000000000003,0.03,0.024556705477197936,0.125
4.131224339555829,2.6600242941225645,0.125,669.3500586681088,3.883892577898488,4.229000000000004,0.02455677647088873,4.229000000000004,0.03,0.024556705477197936,0.125
4.131201097551866,2.660582727164175,0.125,669.7306036807207,3.8833433694967923,4.230000000000004,0.02455677634907119,4.230000000000004,0.03,0.024556705477197936,0.125
4.131177800394105,2.6611414872619443,0.125,670.1115728146873,3.8827936134851724,4.231000000000003,0.024556776227253656,4.231000000000003,0.03,0.024556705477197936,0.125
4.13115444799619,2.6617005749279685,0.125,670.4929667340842,3.8822433090061974,4.232000000000004,0.02455677610543612,4.232000000000004,0.03,0.024556705477197936,0.125
4.131129894783689,2.6622655508697,0.125,670.8822576614896,3.8816823127182465,4.233000000000004,0.024556775983618585,4.233000000000004,0.03,0.024556705477197936,0.125
4.131104963733824,2.6628322784150473,0.125,671.274056951961,3.8811180533113,4.2340000000000035,0.02455677586180105,4.2340000000000035,0.03,0.024556705477197936,0.125
4.131079973677441,2.6633991924583045,0.125,671.6662825190402,3.8805533712917937,4.235000000000004,0.024556775739983504,4.235000000000004,0.03,0.024556705477197936,0.125
4.131054924528955,2.6639662932699824,0.125,672.0589349810322,3.879988266046738,4.236000000000003,0.024556775618165966,4.236000000000003,0.03,0.024556705477197936,0.125
4.131029816202611,2.664533581121117,0.125,672.4520149574382,3.879422736961955,4.237000000000004,0.02455677549634843,4.237000000000004,0.03,0.024556705477197936,0.125
4.131004648612491,2.665101056283266,0.125,672.8455230689589,3.8788567834220817,4.238000000000004,0.024556775374530892,4.238000000000004,0.03,0.024556705477197936,0.125
4.130979421672508,2.665668719028515,0.125,673.2394599374966,3.878290404810559,4.239000000000003,0.024556775252713357,4.239000000000003,0.03,0.024556705477197936,0.125
4.130952933092277,2.6662345283651536,0.125,673.6349992525293,3.877720832824673,4.240000000000004,0.024556775130895818,4.240000000000004,0.03,0.024556705477197936,0.125
4.1309259259039885,2.6667998358528093,0.125,674.0314206502072,3.877149688216495,4.241000000000003,0.02455677500907828,4.241000000000004,0.03,0.024556705477197936,0.125
4.130898861893348,2.667365440568704,0.125,674.4282747691253,3.87657801911891,4.242000000000003,0.02455677488726074,4.2420000000000035,0.03,0.024556705477197936,0.125
4.130871740974109,2.6679313429639744,0.125,674.8255622660715,3.8760058247358407,4.243000000000004,0.024556774765443205,4.243000000000004,0.03,0.024556705477197936,0.125
4.130844563059851,2.6684975434906675,0.125,675.2232837991622,3.875433104269604,4.244000000000003,0.024556774643625667,4.244000000000003,0.03,0.024556705477197936,0.125
4.130817328063979,2.6690640426017485,0.125,675.6214400278482,3.8748598569208976,4.245000000000004,0.024556774521808128,4.245000000000004,0.03,0.024556705477197936,0.125
4.130790035899723,2.669630840751099,0.125,676.0200316129158,3.874286081888801,4.246000000000004,0.024556774399990593,4.246000000000004,0.03,0.024556705477197936,0.125
4.130761656761652,2.6701997457852595,0.125,676.4203770560122,3.873705852778422,4.247000000000003,0.024556774278173054,4.247000000000003,0.03,0.024556705477197936,0.125
4.130732948943377,2.6707693595643542,0.125,676.8215031848864,3.8731236003522107,4.248000000000003,0.024556774156355515,4.248000000000004,0.03,0.024556705477197936,0.125
4.130704179766277,2.6713392053074303,0.125,677.2230680422344,3.8725408704952824,4.249000000000003,0.024556774034537977,4.249000000000004,0.03,0.024556705477197936,0.125
4.1306753491389365,2.6719092833600704,0.125,677.6250722816799,3.8719576624963525,4.2500000000000036,0.02455677391272044,4.2500000000000036,0.03,0.024556705477197936,0.125
4.130646456969759,2.6724795940685446,0.125,678.0275165581462,3.8713739756427237,4.251000000000003,0.024556773790902903,4.251000000000004,0.03,0.024556705477197936,0.125
4.13061750316697,2.6730501377798106,0.125,678.4304015278577,3.8707898092202844,4.252000000000003,0.024556773669085367,4.252000000000003,0.03,0.024556705477197936,0.125
4.130588487638611,2.673620914841518,0.125,678.8337278483457,3.8702051625134977,4.253000000000004,0.02455677354726783,4.253000000000004,0.03,0.024556705477197936,0.125
4.13055791724002,2.674191560434616,0.125,679.2391279946148,3.8696144260389675,4.254000000000004,0.02455677342545029,4.254000000000004,0.03,0.024556705477197936,0.125
4.1305272769910895,2.6747624869765265,0.125,679.6449827613131,3.869023129143859,4.255000000000003,0.024556773303632755,4.2550000000000034,0.03,0.024556705477197936,0.125
4.130496575894813,2.6753336972686492,0.125,680.0512828912505,3.868431305049075,4.256000000000003,0.02455677318181522,4.256000000000004,0.03,0.024556705477197936,0.125
4.130465813859038,2.675905191740724,0.125,680.4580290589319,3.86783895295617,4.257000000000004,0.024556773059997677,4.257000000000004,0.03,0.024556705477197936,0.125
4.130434990791422,2.67647697082336,0.125,680.8652219402252,3.867246072065081,4.258000000000003,0.024556772938180142,4.258000000000004,0.03,0.024556705477197936,0.125
4.130404106599442,2.6770490349480385,0.125,681.2728622123655,3.8666526615741326,4.259000000000004,0.024556772816362604,4.259000000000004,0.03,0.024556705477197936,0.125
4.130372640625259,2.677621626587397,0.125,681.6816995217746,3.866056396953566,4.260000000000003,0.024556772694545065,4.260000000000003,0.03,0.024556705477197936,0.125
4.130339997614013,2.678195024681622,0.125,682.0925845892069,3.8654546190238572,4.261000000000004,0.02455677257272753,4.261000000000004,0.03,0.024556705477197936,0.125
4.130307290246239,2.6787687132024662,0.125,682.5039138458948,3.8648522933717278,4.262000000000004,0.024556772450909994,4.262000000000004,0.03,0.024556705477197936,0.125
4.1302745184226035,2.679342692598191,0.125,682.9156879774258,3.864249419151791,4.2630000000000035,0.024556772329092452,4.2630000000000035,0.03,0.024556705477197936,0.125
4.1302416820435734,2.6799169633179822,0.125,683.327907670801,3.863645995516919,4.264000000000004,0.024556772207274917,4.264000000000004,0.03,0.024556705477197936,0.125
4.130208781009407,2.6804915258119495,0.125,683.740573614435,3.8630420216182375,4.265000000000004,0.024556772085457375,4.265000000000004,0.03,0.024556705477197936,0.125
4.130175815220155,2.6810663805311297,0.125,684.1536864981616,3.8624374966051245,4.266000000000003,0.02455677196363984,4.266000000000004,0.03,0.024556705477197936,0.125
4.130141765687731,2.681642439059829,0.125,684.5688131997181,3.8618274305133693,4.267000000000004,0.024556771841822304,4.267000000000004,0.03,0.024556705477197936,0.125
4.130107353774308,2.6822190371653747,0.125,684.9848519796146,3.861215374608683,4.2680000000000025,0.02455677172000477,4.268000000000003,0.03,0.024556705477197936,0.125
4.130072875186553,2.6827959082687993,0.125,685.4013496712226,3.8606027789844033,4.269000000000004,0.024556771598187227,4.269000000000004,0.03,0.024556705477197936,0.125
4.130038329821827,2.68337305279035,0.125,685.818306980982,3.859989642809696,4.270000000000003,0.024556771476369692,4.270000000000004,0.03,0.024556705477197936,0.125
4.1300037175772815,2.6839504711511366,0.125,686.2357246167832,3.85937596525202,4.2710000000000035,0.024556771354552153,4.2710000000000035,0.03,0.024556705477197936,0.125
4.129969038349858,2.6845281637731384,0.125,686.6536032879724,3.858761745477125,4.272000000000003,0.024556771232734614,4.272000000000004,0.03,0.024556705477197936,0.125
4.1299337074445175,2.685106227440692,0.125,687.0725194771298,3.8581445483984376,4.273000000000004,0.02455677111091708,4.273000000000004,0.03,0.024556705477197936,0.125
4.129897197988168,2.685684760598872,0.125,687.4929953205233,3.8575221684622174,4.274000000000004,0.024556770989099537,4.274000000000004,0.03,0.024556705477197936,0.125
4.129860623645118,2.68626358555545,0.125,687.9139358327998,3.856899237084238,4.275000000000003,0.024556770867282002,4.275000000000004,0.03,0.024556705477197936,0.125
4.129823984316961,2.6868427027529482,0.125,688.3353417186459,3.8562757534282186,4.276000000000003,0.024556770745464463,4.276000000000003,0.03,0.024556705477197936,0.125
4.1297872799050985,2.6874221126347844,0.125,688.757213684175,3.855651716656186,4.277000000000004,0.024556770623646928,4.277000000000004,0.03,0.024556705477197936,0.125
4.129750510310725,2.688001815645275,0.125,689.1795524369287,3.85502712592847,4.278000000000004,0.02455677050182939,4.278000000000004,0.03,0.024556705477197936,0.125
4.129713618901472,2.688581831664603,0.125,689.6024215043692,3.8544017348495245,4.2790000000000035,0.024556770380011854,4.2790000000000035,0.03,0.024556705477197936,0.125
4.129675224617944,2.6891626495875394,0.125,690.027357518559,3.853769530716707,4.280000000000004,0.024556770258194315,4.280000000000004,0.03,0.024556705477197936,0.125
4.129636764311434,2.6897437886023883,0.125,690.4527658216571,3.853136741459804,4.281000000000004,0.02455677013637678,4.281000000000004,0.03,0.024556705477197936,0.125
4.129598237880649,2.690325249201773,0.125,690.8786471382559,3.85250336618111,4.282000000000004,0.024556770014559238,4.282000000000004,0.03,0.024556705477197936,0.125
4.129559645224087,2.690907031879329,0.125,691.3050021944331,3.8518694039810795,4.283000000000004,0.0245567698927417,4.283000000000004,0.03,0.024556705477197936,0.125
4.129520986240042,2.6914891371296985,0.125,691.7318317177512,3.8512348539583274,4.284000000000003,0.024556769770924164,4.284000000000003,0.03,0.024556705477197936,0.125
4.1294822608265935,2.6920715654485385,0.125,692.1591364372646,3.8505997152096194,4.285000000000004,0.024556769649106625,4.285000000000004,0.03,0.024556705477197936,0.125
4.129441880853031,2.69265552719553,0.125,692.5883234322622,3.849956426256178,4.286000000000004,0.02455676952728909,4.286000000000004,0.03,0.024556705477197936,0.125
4.129401129448896,2.693239980362679,0.125,693.018251570603,3.8493111604545245,4.2870000000000035,0.024556769405471548,4.2870000000000035,0.03,0.024556705477197936,0.125
4.129360302890708,2.6938246940031543,0.125,693.4486586505096,3.8486653335926038,4.288000000000004,0.024556769283654016,4.288000000000004,0.03,0.024556705477197936,0.125
4.129319401060774,2.694409668524868,0.125,693.879545422028,3.8480189447917676,4.289000000000004,0.024556769161836474,4.289000000000004,0.03,0.024556705477197936,0.125
4.129278423841149,2.6949949043365873,0.125,694.31091263677,3.8473719931715324,4.290000000000004,0.02455676904001894,4.290000000000004,0.03,0.024556705477197936,0.125
4.129237371113649,2.695580401847932,0.125,694.7427610479208,3.8467244778495746,4.291000000000004,0.0245567689182014,4.291000000000004,0.03,0.024556705477197936,0.125
4.129192504252366,2.6961632841365017,0.125,695.1942587178655,3.8460643201017755,4.2920000000000025,0.024556768796383865,4.292000000000003,0.03,0.024556705477197936,0.125
4.129146484126505,2.696745705676403,0.125,695.6518267104836,3.8454000097196666,4.293000000000004,0.024556768674566326,4.293000000000004,0.03,0.024556705477197936,0.125
4.129100397142416,2.6973285167218486,0.125,696.1099032810871,3.8447350424034883,4.294000000000004,0.024556768552748787,4.294000000000004,0.03,0.024556705477197936,0.125
4.129054243197704,2.697911717869391,0.125,696.568489208596,3.844069417147105,4.2950000000000035,0.02455676843093125,4.2950000000000035,0.03,0.024556705477197936,0.125
4.12900802218976,2.6984953097168036,0.125,697.0275852735231,3.843403132942322,4.296000000000004,0.024556768309113713,4.296000000000004,0.03,0.024556705477197936,0.125
4.128961734015769,2.69907929286308,0.125,697.487192257975,3.842736188778887,4.297000000000004,0.024556768187296175,4.297000000000004,0.03,0.024556705477197936,0.125
4.128913429040409,2.699666907335468,0.125,697.9492884828792,3.8420575475679426,4.2980000000000045,0.02455676806547864,4.298000000000004,0.03,0.024556705477197936,0.125
4.128864908500787,2.7002549541608163,0.125,698.4120361980638,3.841377611848542,4.299000000000003,0.0245567679436611,4.299000000000004,0.03,0.024556705477197936,0.125
4.12881630323821,2.70084320930537,0.125,698.8753029895762,3.8406971289197758,4.300000000000003,0.024556767821843562,4.300000000000003,0.03,0.024556705477197936,0.125
4.128783869796657,2.7014047902482283,0.125,699.2193882632075,3.8401056576123658,4.301000000000003,0.024556767759610364,4.301000000000004,0.03,0.024556705477197936,0.125
4.128751367724721,2.7019666341548727,0.125,699.5639005120476,3.839513648772408,4.302000000000005,0.024556767697377163,4.302000000000004,0.03,0.024556705477197936,0.125
4.128718796925653,2.702528741396002,0.125,699.9088403380025,3.8389211016421436,4.303000000000004,0.024556767635143962,4.3030000000000035,0.03,0.024556705477197936,0.125
4.128685074940055,2.7030912958796995,0.125,700.2552532229233,3.8383235026232514,4.304000000000004,0.024556767572910764,4.304000000000004,0.03,0.024556705477197936,0.125
4.128650867950153,2.7036541895553547,0.125,700.6024968481661,3.837723624489029,4.305000000000004,0.024556767510677566,4.305000000000004,0.03,0.024556705477197936,0.125
4.128616588103354,2.704217353636975,0.125,700.9501739090986,3.8371231845725404,4.306000000000004,0.02455676744844436,4.306000000000004,0.03,0.024556705477197936,0.125
4.128582235293977,2.7047807885167705,0.125,701.2982850343972,3.8365221820589475,4.307000000000004,0.024556767386211167,4.307000000000004,0.03,0.024556705477197936,0.125
4.1285478094161485,2.7053444945877083,0.125,701.6468308539522,3.83592061613184,4.3080000000000025,0.024556767323977963,4.308000000000003,0.03,0.024556705477197936,0.125
4.128513310363781,2.7059084722435176,0.125,701.9958119988751,3.8353184859732266,4.309000000000003,0.02455676726174477,4.309000000000004,0.03,0.024556705477197936,0.125
4.128478595372938,2.706472847874781,0.125,702.3453770339634,3.8347150939609542,4.310000000000004,0.024556767199511567,4.310000000000004,0.03,0.024556705477197936,0.125
4.1284425492182235,2.7070386030761693,0.125,702.6966829211252,3.8341049961867664,4.311000000000003,0.024556767137278366,4.3110000000000035,0.03,0.024556705477197936,0.125
4.1284064278498676,2.7076046258807196,0.125,703.0484277771326,3.8334943299370217,4.312000000000003,0.02455676707504517,4.312000000000004,0.03,0.024556705477197936,0.125
4.128370231158329,2.708170916678159,0.125,703.4006122412842,3.832883094383812,4.313000000000003,0.024556767012811967,4.313000000000004,0.03,0.024556705477197936,0.125
4.128333959033859,2.7087374758589737,0.125,703.7532369541215,3.83227128869762,4.314000000000004,0.02455676695057877,4.314000000000004,0.03,0.024556705477197936,0.125
4.128297611366491,2.709304303814407,0.125,704.1063025574308,3.831658912047316,4.315000000000003,0.02455676688834557,4.315000000000004,0.03,0.024556705477197936,0.125
4.128261188046047,2.709871400936464,0.125,704.4598096942466,3.8310459636001553,4.316000000000003,0.02455676682611237,4.316000000000003,0.03,0.024556705477197936,0.125
4.128223938407204,2.7104389219965,0.125,704.8146352243587,3.8304292842284533,4.317000000000004,0.024556766763879172,4.317000000000004,0.03,0.024556705477197936,0.125
4.128186108381185,2.7110068194773556,0.125,705.170491608361,3.829809905826508,4.318000000000003,0.02455676670164597,4.318000000000004,0.03,0.024556705477197936,0.125
4.128148199976764,2.71157499117935,0.125,705.5267930728825,3.8291899397874203,4.3190000000000035,0.024556766639412773,4.3190000000000035,0.03,0.024556705477197936,0.125
4.128110213077905,2.712143437508465,0.125,705.883540276859,3.828569385241202,4.320000000000004,0.02455676657717958,4.320000000000004,0.03,0.024556705477197936,0.125
4.128072147568339,2.712712158871482,0.125,706.2407338805265,3.827948241316145,4.321000000000004,0.02455676651494637,4.321000000000004,0.03,0.024556705477197936,0.125
4.1280340033315674,2.713281155675986,0.125,706.5983745454255,3.8273265071388227,4.322000000000003,0.024556766452713177,4.322000000000004,0.03,0.024556705477197936,0.125
4.127995383996904,2.7138505179774928,0.125,706.9568124816587,3.8267025083183825,4.323000000000004,0.024556766390479972,4.323000000000004,0.03,0.024556705477197936,0.125
4.127955105079702,2.714420512453711,0.125,707.317089506565,3.8260712435412643,4.324000000000003,0.024556766328246778,4.324000000000003,0.03,0.024556705477197936,0.125
4.127914746536675,2.7149907809203393,0.125,707.6778100396143,3.8254393861594598,4.325000000000004,0.024556766266013576,4.325000000000004,0.03,0.024556705477197936,0.125
4.127874308250773,2.715561323780145,0.125,708.0389747327657,3.824806935301837,4.326000000000003,0.024556766203780375,4.326000000000004,0.03,0.024556705477197936,0.125
4.127833790104715,2.716132141436686,0.125,708.4005842392576,3.8241738900955564,4.3270000000000035,0.024556766141547177,4.3270000000000035,0.03,0.024556705477197936,0.125
4.127793191980992,2.716703234294312,0.125,708.76263921361,3.8235402496660624,4.328000000000005,0.02455676607931398,4.328000000000004,0.03,0.024556705477197936,0.125
4.127752513761861,2.717274602758164,0.125,709.1251403116279,3.822906013137085,4.329000000000003,0.024556766017080775,4.329000000000004,0.03,0.024556705477197936,0.125
4.127711097955028,2.7178465003274486,0.125,709.4897085907155,3.822268293374562,4.330000000000004,0.024556765954847577,4.330000000000004,0.03,0.024556705477197936,0.125
4.127669556233998,2.718418689371922,0.125,709.8548317069161,3.8216297782514514,4.331000000000005,0.024556765892614376,4.331000000000004,0.03,0.024556705477197936,0.125
4.127627931311847,2.7189911537317015,0.125,710.2204045833294,3.8209906550231714,4.3320000000000025,0.024556765830381185,4.332000000000003,0.03,0.024556705477197936,0.125
4.127586223063915,2.719563893819294,0.125,710.5864278938338,3.820350922778592,4.333000000000003,0.024556765768147977,4.333000000000004,0.03,0.024556705477197936,0.125
4.127544431365291,2.72013691004803,0.125,710.9529023136538,3.819710580604768,4.334000000000004,0.02455676570591478,4.334000000000004,0.03,0.024556705477197936,0.125
4.1275025560908185,2.720710202832066,0.125,711.3198285193635,3.8190696275869263,4.335000000000003,0.02455676564368158,4.3350000000000035,0.03,0.024556705477197936,0.125
4.127459132325451,2.7212842642290025,0.125,711.688699164752,3.8184217123734676,4.336000000000004,0.024556765581448384,4.336000000000004,0.03,0.024556705477197936,0.125
4.12741513804825,2.7218587717088005,0.125,712.0585315163763,3.81777106916807,4.337000000000003,0.024556765519215182,4.337000000000004,0.03,0.024556705477197936,0.125
4.127371064684218,2.7224335614633124,0.125,712.4288274206485,3.8171198273563,4.338000000000004,0.024556765456981985,4.338000000000004,0.03,0.024556705477197936,0.125
4.1273269121199405,2.723008633897322,0.125,712.7995875423069,3.8164679860797497,4.339000000000003,0.024556765394748784,4.339000000000004,0.03,0.024556705477197936,0.125
4.127282680241794,2.7235839894163885,0.125,713.170812547359,3.8158155444783755,4.3400000000000025,0.024556765332515586,4.340000000000003,0.03,0.024556705477197936,0.125
4.127238368935929,2.724159628426845,0.125,713.5425031030894,3.815162501690481,4.341000000000004,0.024556765270282388,4.341000000000004,0.03,0.024556705477197936,0.125
4.127192983870008,2.7247360176990685,0.125,713.9156582392665,3.814504414784254,4.342000000000004,0.024556765208049183,4.342000000000004,0.03,0.024556705477197936,0.125
4.127147059801953,2.725312904340668,0.125,714.2897366513495,3.8138436749964777,4.343000000000003,0.024556765145815986,4.3430000000000035,0.03,0.024556705477197936,0.125
4.127101048207098,2.725890076496746,0.125,714.664284652184,3.813182299541885,4.344000000000004,0.024556765083582788,4.344000000000004,0.03,0.024556705477197936,0.125
4.127054948953226,2.7264675345985965,0.125,715.0393029511216,3.812520287460249,4.345000000000004,0.02455676502134959,4.345000000000004,0.03,0.024556705477197936,0.125
4.127008761907855,2.7270452790783795,0.125,715.4147922589436,3.8118576377894064,4.346000000000003,0.02455676495911639,4.346000000000004,0.03,0.024556705477197936,0.125
4.1269624869382335,2.7276233103691294,0.125,715.7907532878655,3.8111943495652576,4.347000000000004,0.024556764896883188,4.347000000000004,0.03,0.024556705477197936,0.125
4.126914215644455,2.728200953437925,0.125,716.1736382425817,3.810523464564303,4.348000000000003,0.02455676483464999,4.348000000000003,0.03,0.024556705477197936,0.125
4.126865132281259,2.7287786211285194,0.125,716.5594292155461,3.8098493068053205,4.349000000000004,0.024556764772416792,4.349000000000004,0.03,0.024556705477197936,0.125
4.12681595609858,2.72935656742604,0.125,716.9456925123428,3.809174499182551,4.350000000000004,0.02455676471018359,4.350000000000004,0.03,0.024556705477197936,0.125
4.126766686954249,2.7299347927572297,0.125,717.3324288564321,3.808499040700596,4.351000000000003,0.02455676464795039,4.3510000000000035,0.03,0.024556705477197936,0.125
4.126717324705801,2.730513297549706,0.125,717.7196389727541,3.8078229303620192,4.352000000000004,0.024556764585717192,4.352000000000004,0.03,0.024556705477197936,0.125
4.1266678692104835,2.7310920822319575,0.125,718.1073235877296,3.8071461671673505,4.353000000000004,0.02455676452348399,4.353000000000004,0.03,0.024556705477197936,0.125
4.126616721109298,2.731672010425589,0.125,718.5050482262956,3.806461489545603,4.354000000000004,0.02455676446125079,4.354000000000004,0.03,0.024556705477197936,0.125
4.126565336214067,2.7322523485206798,0.125,718.9041942512786,3.8057754548361133,4.355000000000004,0.02455676439901759,4.355000000000004,0.03,0.024556705477197936,0.125
4.126513875906286,2.7328330122751745,0.125,719.3038006972257,3.8050887928595207,4.356000000000004,0.024556764336784394,4.356000000000003,0.03,0.024556705477197936,0.125
4.126462340083206,2.733414002132793,0.125,719.7038681914731,3.8044015027611553,4.357000000000004,0.024556764274551196,4.357000000000004,0.03,0.024556705477197936,0.125
4.126410728641886,2.73399531853806,0.125,720.1043973624963,3.8037135836847984,4.358000000000004,0.02455676421231799,4.358000000000004,0.03,0.024556705477197936,0.125
4.126358282456347,2.734577099731623,0.125,720.5071471985048,3.8030218606556003,4.3590000000000035,0.024556764150084794,4.3590000000000035,0.03,0.024556705477197936,0.125
4.126302686483568,2.7351597478894747,0.125,720.9174883612792,3.802316670628608,4.360000000000005,0.024556764087851596,4.360000000000004,0.03,0.024556705477197936,0.125
4.126246998634532,2.735742695897294,0.125,721.3283421278935,3.801610813293905,4.361000000000004,0.024556764025618398,4.361000000000004,0.03,0.024556705477197936,0.125
4.126191218773436,2.7363259441983043,0.125,721.7397092560502,3.800904287665113,4.362000000000003,0.024556763963385197,4.362000000000004,0.03,0.024556705477197936,0.125
4.1261353467642055,2.7369094932366016,0.125,722.1515905049474,3.80019709275391,4.363000000000004,0.024556763901151996,4.363000000000004,0.03,0.024556705477197936,0.125
4.126079382470495,2.7374933434571567,0.125,722.563986635279,3.7994892275700227,4.3640000000000025,0.024556763838918798,4.364000000000003,0.03,0.024556705477197936,0.125
4.126022313935582,2.738077830428721,0.125,722.9779331364775,3.7987763066152573,4.365000000000003,0.024556763776685597,4.365000000000004,0.03,0.024556705477197936,0.125
4.125964648712559,2.738662797725203,0.125,723.3929149333311,3.7980605174651836,4.366000000000003,0.024556763714452402,4.366000000000004,0.03,0.024556705477197936,0.125
4.125906893461363,2.739248080206002,0.125,723.8084151831155,3.7973440529295734,4.3670000000000035,0.024556763652219198,4.3670000000000035,0.03,0.024556705477197936,0.125
4.125849048051366,2.739833678328438,0.125,724.2244346380867,3.7966269120284655,4.368000000000003,0.024556763589986,4.368000000000004,0.03,0.024556705477197936,0.125
4.125791112351688,2.7404195925507158,0.125,724.6409740519556,3.795909093780007,4.369000000000003,0.024556763527752802,4.369000000000004,0.03,0.024556705477197936,0.125
4.125732677712594,2.741005954385066,0.125,725.0583672879011,3.7951888333523938,4.370000000000004,0.024556763465519604,4.370000000000004,0.03,0.024556705477197936,0.125
4.125672713552538,2.741593088498284,0.125,725.4774547766721,3.794461687085597,4.371000000000004,0.024556763403286403,4.371000000000004,0.03,0.024556705477197936,0.125
4.125612658276399,2.742180529794668,0.125,725.8970639230971,3.793733869256669,4.372000000000003,0.024556763341053202,4.372000000000003,0.03,0.024556705477197936,0.125
4.125552511753228,2.7427682787156926,0.125,726.3171954768887,3.7930053789004585,4.373000000000003,0.024556763278820004,4.373000000000004,0.03,0.024556705477197936,0.125
4.125492273851825,2.743356335703679,0.125,726.7378501891951,3.792276215049967,4.374000000000004,0.024556763216586803,4.374000000000004,0.03,0.024556705477197936,0.125
4.125431944440737,2.7439447012017966,0.125,727.1590288126059,3.7915463767363384,4.3750000000000036,0.0245567631543536,4.3750000000000036,0.03,0.024556705477197936,0.125
4.125369966104148,2.7445338765269396,0.125,727.582079921608,3.7908091308336607,4.376000000000003,0.024556763092120407,4.376000000000004,0.03,0.024556705477197936,0.125
4.125307657261302,2.7451234369779383,0.125,728.0058597801665,3.7900701774701253,4.377000000000004,0.024556763029887203,4.377000000000004,0.03,0.024556705477197936,0.125
4.125245247247055,2.74571330914296,0.125,728.4301703443527,3.789330507708632,4.378000000000004,0.02455676296765401,4.378000000000004,0.03,0.024556705477197936,0.125
4.125182735907711,2.7463034934955646,0.125,728.8550124204193,3.7885901204608228,4.379000000000004,0.024556762905420804,4.379000000000004,0.03,0.024556705477197936,0.125
4.125120123089256,2.746893990510268,0.125,729.2803868162507,3.7878490146361363,4.3800000000000034,0.024556762843187606,4.3800000000000034,0.03,0.024556705477197936,0.125
4.12505635112102,2.7474849858178745,0.125,729.7072625835119,3.7871027722736073,4.381000000000004,0.024556762780954408,4.381000000000004,0.03,0.024556705477197936,0.125
4.124991803291303,2.7480764101060076,0.125,730.1352895611501,3.786352996438458,4.382000000000004,0.024556762718721207,4.382000000000004,0.03,0.024556705477197936,0.125
4.1249271486975525,2.7486681460409157,0.125,730.5638558433116,3.785602481897398,4.383000000000004,0.024556762656488013,4.383000000000004,0.03,0.024556705477197936,0.125
4.124862387173869,2.7492601941068644,0.125,730.992962268017,3.7848512275025565,4.384000000000004,0.024556762594254808,4.384000000000004,0.03,0.024556705477197936,0.125
4.124797518554008,2.7498525547891224,0.125,731.4226096750239,3.7840992321036873,4.385000000000004,0.02455676253202161,4.385000000000004,0.03,0.024556705477197936,0.125
4.12473183587975,2.7504455341878438,0.125,731.8534803858136,3.783343363840543,4.386000000000004,0.024556762469788412,4.386000000000004,0.03,0.024556705477197936,0.125
4.124665142638383,2.7510392174460514,0.125,732.2857591779797,3.7825827520668,4.387000000000004,0.02455676240755521,4.387000000000004,0.03,0.024556705477197936,0.125
4.124598340738061,2.7516332149022746,0.125,732.718575019482,3.7818213914199936,4.388000000000003,0.024556762345322013,4.3880000000000035,0.03,0.024556705477197936,0.125
4.124531430009846,2.752227527045018,0.125,733.1519287453048,3.7810592807358034,4.389000000000003,0.024556762283088812,4.389000000000004,0.03,0.024556705477197936,0.125
4.12446441028445,2.7528221543637965,0.125,733.5858211921636,3.780296418847496,4.390000000000003,0.02455676222085561,4.390000000000004,0.03,0.024556705477197936,0.125
4.124396703603929,2.7534173283060386,0.125,734.0211369990836,3.7795302610869763,4.391000000000004,0.02455676215862241,4.391000000000004,0.03,0.024556705477197936,0.125
4.124327810999819,2.7540132578218968,0.125,734.4586588043502,3.778758601440079,4.392000000000003,0.024556762096389212,4.392000000000004,0.03,0.024556705477197936,0.125
4.124258822847789,2.7546095118669305,0.125,734.8967284307068,3.777986235079518,4.393000000000003,0.024556762034156018,4.393000000000004,0.03,0.024556705477197936,0.125
4.124189739012198,2.75520609090184,0.125,735.3353466558383,3.777213161002047,4.394000000000004,0.024556761971922813,4.394000000000004,0.03,0.024556705477197936,0.125
4.12412055935715,2.7558029953882,0.125,735.7745142589041,3.7764393782025123,4.395000000000003,0.02455676190968962,4.395000000000004,0.03,0.024556705477197936,0.125
4.1240506496327995,2.7564003568717923,0.125,736.2147662641245,3.7756622179731774,4.3960000000000035,0.024556761847456414,4.3960000000000035,0.03,0.024556705477197936,0.125
4.123979357795568,2.7569983084798912,0.125,736.6566389877643,3.774878938760857,4.397000000000003,0.024556761785223216,4.397000000000004,0.03,0.024556705477197936,0.125
4.12390793374716,2.7575965912956564,0.125,737.0990733059188,3.7740947993674334,4.398000000000003,0.02455676172299002,4.398000000000004,0.03,0.024556705477197936,0.125
4.123836377257206,2.758195205896191,0.125,737.5420701971206,3.77330979829411,4.399000000000004,0.024556761660756817,4.399000000000004,0.03,0.024556705477197936,0.125
4.123764688094806,2.7587941528599402,0.125,737.9856306421793,3.7725239340386074,4.400000000000004,0.02455676159852362,4.400000000000004,0.03,0.024556705477197936,0.125
4.123704815207737,2.75936741373665,0.125,738.6456493434576,3.7718087794086044,4.401000000000004,0.02455676153746768,4.401000000000004,0.03,0.024556705477197936,0.125
4.1236443430037975,2.759941387785339,0.125,739.3073765558157,3.771090517613248,4.402000000000003,0.024556761476411747,4.402000000000004,0.03,0.024556705477197936,0.125
4.123583691831292,2.760515622065774,0.125,739.9699025430618,3.7703712795642956,4.403000000000004,0.024556761415355812,4.403000000000004,0.03,0.024556705477197936,0.125
4.123522861300822,2.761090117144162,0.125,740.6332290431611,3.7696510631376237,4.4040000000000035,0.024556761354299877,4.4040000000000035,0.03,0.024556705477197936,0.125
4.123461851021858,2.7616648735883587,0.125,741.297357799127,3.7689298662029405,4.405000000000003,0.02455676129324394,4.405000000000004,0.03,0.024556705477197936,0.125
4.123400660602738,2.7622398919678672,0.125,741.9622905590351,3.768207686623771,4.406000000000003,0.02455676123218801,4.406000000000004,0.03,0.024556705477197936,0.125
4.123336801486303,2.762813825543284,0.125,742.6374199732113,3.767475915537308,4.407000000000004,0.024556761171132077,4.407000000000004,0.03,0.024556705477197936,0.125
4.123270523119534,2.763386847573302,0.125,743.3217413025313,3.766735377786075,4.408000000000004,0.024556761110076143,4.408000000000004,0.03,0.024556705477197936,0.125
4.123204127142286,2.7639602167889623,0.125,744.0065477262694,3.7659940225242985,4.409000000000003,0.0245567610490202,4.409000000000004,0.03,0.024556705477197936,0.125
4.123137613376877,2.7645339337147874,0.125,744.6918399772952,3.765251848516904,4.410000000000003,0.02455676098796427,4.410000000000004,0.03,0.024556705477197936,0.125
4.123070981645263,2.765107998876355,0.125,745.3776187899579,3.764508854526322,4.411000000000004,0.02455676092690833,4.411000000000004,0.03,0.024556705477197936,0.125
4.1230042317690465,2.7656824128003024,0.125,746.0638849000837,3.7637650393124913,4.4120000000000035,0.024556760865852404,4.4120000000000035,0.03,0.024556705477197936,0.125
4.122936065062988,2.766260019754668,0.125,746.7549282381483,3.763012366295247,4.413000000000004,0.024556760804796466,4.413000000000004,0.03,0.024556705477197936,0.125
4.122867732185825,2.7668380110586375,0.125,747.4465259255819,3.7622586442017574,4.414000000000004,0.02455676074374053,4.414000000000004,0.03,0.024556705477197936,0.125
4.122799272942139,2.76741629850811,0.125,748.1385450909504,3.7615041203756583,4.415000000000004,0.024556760682684597,4.415000000000004,0.03,0.024556705477197936,0.125
4.122730687136557,2.767994882560953,0.125,748.8309863858944,3.760748793577406,4.416000000000004,0.02455676062162866,4.416000000000004,0.03,0.024556705477197936,0.125
4.1226619745733,2.768573763675973,0.125,749.523850463396,3.7599926625649,4.417000000000003,0.024556760560572724,4.417000000000004,0.03,0.024556705477197936,0.125
4.122592282817394,2.7691530572182272,0.125,750.2178299009413,3.75923220235183,4.418000000000004,0.024556760499516786,4.418000000000004,0.03,0.024556705477197936,0.125
4.122521640247053,2.7697327569338004,0.125,750.9129097290414,3.7584675328349024,4.419000000000004,0.02455676043846086,4.419000000000004,0.03,0.024556705477197936,0.125
4.122450878855144,2.770312750115554,0.125,751.6084174235529,3.757702094620618,4.4200000000000035,0.02455676037740492,4.4200000000000035,0.03,0.024556705477197936,0.125
4.122379998470032,2.770893037187386,0.125,752.3043536025103,3.7569358865986273,4.421000000000003,0.024556760316348986,4.421000000000004,0.03,0.024556705477197936,0.125
4.122308998919757,2.7714736185740145,0.125,753.0007188851381,3.756168907656443,4.422000000000004,0.02455676025529305,4.422000000000004,0.03,0.024556705477197936,0.125
4.122237676553339,2.7720545647464583,0.125,753.6976874615044,3.7554002720040884,4.423000000000004,0.024556760194237116,4.423000000000004,0.03,0.024556705477197936,0.125
4.122164920216543,2.7726362563141347,0.125,754.3962060645077,3.754625150475433,4.424000000000004,0.024556760133181182,4.424000000000004,0.03,0.024556705477197936,0.125
4.12209203941601,2.773218241135913,0.125,755.0951569523405,3.753849237814011,4.425000000000004,0.024556760072125247,4.425000000000004,0.03,0.024556705477197936,0.125
4.122019033967631,2.773800519645586,0.125,755.7945407644543,3.7530725328495484,4.426000000000004,0.02455676001106931,4.426000000000004,0.03,0.024556705477197936,0.125
4.121945903686928,2.7743830922778026,0.125,756.4943581415648,3.75229503440946,4.427000000000004,0.024556759950013378,4.427000000000004,0.03,0.024556705477197936,0.125
4.121872648389064,2.774965959468069,0.125,757.1946097256497,3.751516741318849,4.4280000000000035,0.02455675988895744,4.4280000000000035,0.03,0.024556705477197936,0.125
4.121797731285859,2.775549542204655,0.125,757.8964126520774,3.7507310892253343,4.429000000000003,0.02455675982790151,4.429000000000004,0.03,0.024556705477197936,0.125
4.1217224161178265,2.7761335046162015,0.125,758.5988591950788,3.7499434659321107,4.430000000000004,0.02455675976684557,4.430000000000004,0.03,0.024556705477197936,0.125
4.121646987099465,2.7767177700972807,0.125,759.3017441722743,3.749155084208783,4.431000000000004,0.02455675970578964,4.431000000000004,0.03,0.024556705477197936,0.125
4.121571444076345,2.777302339058983,0.125,760.0050681783657,3.7483659430266005,4.432000000000003,0.0245567596447337,4.432000000000004,0.03,0.024556705477197936,0.125
4.121495786893758,2.777887211913142,0.125,760.7088318091294,3.7475760413549515,4.433000000000004,0.024556759583677763,4.433000000000004,0.03,0.024556705477197936,0.125
4.121419551560058,2.778472639102287,0.125,761.4138888108533,3.7467832695933616,4.434000000000004,0.024556759522621832,4.434000000000004,0.03,0.024556705477197936,0.125
4.1213429265871495,2.7790585143128745,0.125,762.1198594417023,3.7459884894607174,4.435000000000004,0.02455675946156589,4.435000000000004,0.03,0.024556705477197936,0.125
4.121266164550502,2.7796447006724376,0.125,762.8262722086068,3.7451928498835207,4.4360000000000035,0.024556759400509963,4.4360000000000035,0.03,0.024556705477197936,0.125
4.121189265234592,2.780231198670255,0.125,763.5331278068198,3.7443963495103065,4.437000000000004,0.02455675933945403,4.437000000000004,0.03,0.024556705477197936,0.125
4.12111222842343,2.7808180087966288,0.125,764.2404269330517,3.7435989869867776,4.438000000000004,0.024556759278398094,4.438000000000004,0.03,0.024556705477197936,0.125
4.121033791997823,2.781404916948282,0.125,764.950865700571,3.7427959305284113,4.439000000000004,0.024556759217342163,4.439000000000004,0.03,0.024556705477197936,0.125
4.1209539050689,2.781991878329637,0.125,765.6646788904164,3.7419870215103783,4.440000000000004,0.02455675915628622,4.440000000000004,0.03,0.024556705477197936,0.125
4.1208738550303385,2.782579099951011,0.125,766.3791597987317,3.741177199865784,4.441000000000004,0.024556759095230286,4.441000000000004,0.03,0.024556705477197936,0.125
4.12079364159509,2.7831665822703884,0.125,767.0943096006033,3.7403664639885386,4.442000000000004,0.02455675903417435,4.442000000000004,0.03,0.024556705477197936,0.125
4.120713264475431,2.783754325746829,0.125,767.8101294738773,3.739554812268784,4.443000000000004,0.024556758973118417,4.443000000000004,0.03,0.024556705477197936,0.125
4.120631660472642,2.7843427679473645,0.125,768.5301098823888,3.7387375532842664,4.444000000000003,0.024556758912062483,4.4440000000000035,0.03,0.024556705477197936,0.125
4.120548584233492,2.78493201425284,0.125,769.255147104148,3.7379136000426354,4.445000000000004,0.024556758851006548,4.445000000000004,0.03,0.024556705477197936,0.125
4.120465300502244,2.7855215465227112,0.125,769.9811237783738,3.737088530941028,4.446000000000004,0.024556758789950613,4.446000000000004,0.03,0.024556705477197936,0.125
4.120381808833218,2.7861113653712053,0.125,770.7080419229402,3.73626234358266,4.447000000000003,0.02455675872889468,4.447000000000004,0.03,0.024556705477197936,0.125
4.120298108779461,2.786701471414316,0.125,771.4359035615071,3.735435035563875,4.448000000000003,0.02455675866783874,4.448000000000004,0.03,0.024556705477197936,0.125
4.120213569148538,2.7872923982847646,0.125,772.1655414401627,3.7346035498876757,4.449000000000004,0.02455675860678281,4.449000000000004,0.03,0.024556705477197936,0.125
4.120128244044362,2.7878841199524893,0.125,772.8968869391518,3.7337681287516675,4.450000000000003,0.02455675854572687,4.450000000000004,0.03,0.024556705477197936,0.125
4.120042713878931,2.788476152341771,0.125,773.6291774309756,3.7329315765453748,4.451000000000003,0.02455675848467094,4.451000000000004,0.03,0.024556705477197936,0.125
4.1199569782198955,2.7890684961077326,0.125,774.3624149080481,3.7320938908840606,4.4520000000000035,0.024556758423615002,4.4520000000000035,0.03,0.024556705477197936,0.125
4.119871036633691,2.78966115190734,0.125,775.0966013683916,3.731255069376274,4.453000000000005,0.02455675836255907,4.453000000000004,0.03,0.024556705477197936,0.125
4.119783492395951,2.790253999021746,0.125,775.8350411348129,3.73040964047756,4.454000000000004,0.024556758301503133,4.454000000000004,0.03,0.024556705477197936,0.125
4.119695042017218,2.7908471141292392,0.125,776.5760130431873,3.7295603162472664,4.455000000000004,0.024556758240447202,4.455000000000004,0.03,0.024556705477197936,0.125
4.119606409292255,2.7914405639728086,0.125,777.317790661747,3.7287099279077656,4.456000000000003,0.024556758179391264,4.456000000000004,0.03,0.024556705477197936,0.125
4.119517593878863,2.792034349180635,0.125,778.0603755025251,3.7278584734621014,4.457000000000004,0.024556758118335333,4.457000000000004,0.03,0.024556705477197936,0.125
4.119428595433984,2.792628470382473,0.125,778.803769081341,3.7270059509083144,4.458000000000004,0.024556758057279394,4.458000000000004,0.03,0.024556705477197936,0.125
4.119336880033421,2.793223394318401,0.125,779.5553371351776,3.726141766915818,4.459000000000003,0.024556757996223456,4.459000000000004,0.03,0.024556705477197936,0.125
4.119244708795047,2.793818731059134,0.125,780.3083171032184,3.725275347812277,4.460000000000003,0.024556757935167525,4.4600000000000035,0.03,0.024556705477197936,0.125
4.119152395030347,2.794414424936194,0.125,781.0617873858314,3.7244080013882876,4.461000000000004,0.02455675787411159,4.461000000000004,0.03,0.024556705477197936,0.125
4.119059938525891,2.7950104764843817,0.125,781.8157487172473,3.7235397262552112,4.462000000000004,0.024556757813055656,4.462000000000004,0.03,0.024556705477197936,0.125
4.118967154267914,2.795607116118125,0.125,782.5705053546284,3.7226695506216574,4.463000000000004,0.024556757751999718,4.463000000000004,0.03,0.024556705477197936,0.125
4.1188735848324125,2.79620488487724,0.125,783.3267906179233,3.7217951007119736,4.464000000000004,0.024556757690943787,4.464000000000004,0.03,0.024556705477197936,0.125
4.1187798526277275,2.7968029909660497,0.125,784.0835710530005,3.720919662554267,4.465000000000004,0.024556757629887845,4.465000000000004,0.03,0.024556705477197936,0.125
4.118685957385046,2.797401434941654,0.125,784.8408474776377,3.720043234516439,4.466000000000003,0.024556757568831918,4.466000000000004,0.03,0.024556705477197936,0.125
4.118591898834961,2.7980002173623837,0.125,785.5986207114165,3.719165814962799,4.467000000000003,0.02455675750777598,4.467000000000004,0.03,0.024556705477197936,0.125
4.118496499640692,2.7985996106404407,0.125,786.3577600735985,3.7182824229551423,4.4680000000000035,0.02455675744672005,4.4680000000000035,0.03,0.024556705477197936,0.125
4.118400193872616,2.7991995123326214,0.125,787.1179564299257,3.7173948966945223,4.469000000000004,0.02455675738566411,4.469000000000004,0.03,0.024556705477197936,0.125
4.1183037405997664,2.7997997469244633,0.125,787.878652847582,3.7165064473881686,4.470000000000003,0.024556757324608176,4.470000000000004,0.03,0.024556705477197936,0.125
4.118207139601985,2.8004003149128414,0.125,788.6398500729423,3.7156170736583727,4.471000000000004,0.02455675726355224,4.471000000000004,0.03,0.024556705477197936,0.125
4.1181102990906675,2.8010012749172777,0.125,789.4016355499332,3.7147263497715657,4.472000000000004,0.024556757202496306,4.472000000000004,0.03,0.024556705477197936,0.125
4.118011982531826,2.8016034149511997,0.125,790.1651805585475,3.713828542241697,4.473000000000004,0.024556757141440372,4.473000000000004,0.03,0.024556705477197936,0.125
4.117913516030524,2.8022058960942418,0.125,790.929230089184,3.7129297939239954,4.474000000000004,0.024556757080384434,4.474000000000004,0.03,0.024556705477197936,0.125
4.117814899361925,2.8028087188578925,0.125,791.6937848983664,3.712030103407765,4.475000000000004,0.024556757019328503,4.475000000000004,0.03,0.024556705477197936,0.125
4.117716132300743,2.803411883754661,0.125,792.4588457441283,3.711129469279492,4.4760000000000035,0.024556756958272564,4.4760000000000035,0.03,0.024556705477197936,0.125
4.117616306602217,2.8040156339547,0.125,793.2252077527629,3.7102240140249156,4.477000000000004,0.024556756897216633,4.477000000000004,0.03,0.024556705477197936,0.125
4.117515657341416,2.80461990748634,0.125,793.9926592169721,3.709314740167819,4.478000000000003,0.024556756836160695,4.478000000000004,0.03,0.024556705477197936,0.125
4.117414844685383,2.8052245285134143,0.125,794.7606214117599,3.7084044651781136,4.479000000000004,0.024556756775104764,4.479000000000004,0.03,0.024556705477197936,0.125
4.117313868373562,2.805829497590052,0.125,795.5290951515555,3.7074931874593577,4.480000000000004,0.024556756714048826,4.480000000000004,0.03,0.024556705477197936,0.125
4.117212541276396,2.8064348514778032,0.125,796.2987208306313,3.7065801226985347,4.481000000000004,0.02455675665299289,4.481000000000004,0.03,0.024556705477197936,0.125
4.117110004534905,2.8070407477796877,0.125,797.0724870901139,3.705661682342203,4.482000000000003,0.024556756591936957,4.482000000000004,0.03,0.024556705477197936,0.125
4.117007306483713,2.8076469769966033,0.125,797.8468421504685,3.704742263834404,4.483000000000004,0.02455675653088102,4.483000000000004,0.03,0.024556705477197936,0.125
4.116904446872013,2.808253539646162,0.125,798.6217869271554,3.7038218656543194,4.4840000000000035,0.024556756469825088,4.4840000000000035,0.03,0.024556705477197936,0.125
4.116801425448487,2.8088604362470515,0.125,799.3973223375358,3.7029004862779753,4.485000000000004,0.02455675640876915,4.485000000000004,0.03,0.024556705477197936,0.125
4.116696483419778,2.8094685333882574,0.125,800.1842034498163,3.701970220155442,4.486000000000004,0.024556756347713215,4.486000000000004,0.03,0.024556705477197936,0.125
4.116590863646024,2.8100772282568127,0.125,800.9750541997582,3.701036644224332,4.487000000000004,0.02455675628665728,4.487000000000004,0.03,0.024556705477197936,0.125
4.11648507404804,2.8106862722530175,0.125,801.7667966552967,3.7001020398629842,4.488000000000004,0.02455675622560135,4.488000000000004,0.03,0.024556705477197936,0.125
4.116379114352835,2.811295665938089,0.125,802.5594322498348,3.6991664054182163,4.489000000000004,0.02455675616454541,4.489000000000004,0.03,0.024556705477197936,0.125
4.116271345434416,2.811904559796503,0.125,803.3583664718304,3.6982240339839234,4.490000000000004,0.024556756103489476,4.490000000000004,0.03,0.024556705477197936,0.125
4.1161615400101885,2.8125128242890027,0.125,804.1643452579697,3.6972741460225227,4.491000000000004,0.024556756042433542,4.491000000000004,0.03,0.024556705477197936,0.125
4.116051492590769,2.8131213866965266,0.125,804.9714505025037,3.6963229922204315,4.4920000000000035,0.02455675598137761,4.4920000000000035,0.03,0.024556705477197936,0.125
4.115941202662778,2.813730247651081,0.125,805.7796845951349,3.695370569892258,4.493000000000004,0.024556755920321676,4.493000000000004,0.03,0.024556705477197936,0.125
4.115830281747164,2.814340513476055,0.125,806.5894490110835,3.6944142179126302,4.494000000000004,0.024556755859265735,4.494000000000004,0.03,0.024556705477197936,0.125
4.115718082178386,2.81495408211349,0.125,807.4014182652869,3.69344944607986,4.495000000000004,0.0245567557982098,4.495000000000004,0.03,0.024556705477197936,0.125
4.115605646299578,2.8155680125390767,0.125,808.2145256893377,3.692483367103215,4.496000000000004,0.024556755737153865,4.496000000000004,0.03,0.024556705477197936,0.125
4.115492973620589,2.8161823055032307,0.125,809.0287736440132,3.6915159782714335,4.497000000000004,0.024556755676097934,4.497000000000004,0.03,0.024556705477197936,0.125
4.115379845667968,2.816796972326145,0.125,809.8444105548623,3.6905463949898576,4.498000000000005,0.024556755615042,4.498000000000004,0.03,0.024556705477197936,0.125
4.115265034090459,2.8174121212492778,0.125,810.6625893953624,3.689569599237511,4.499000000000004,0.02455675555398606,4.499000000000004,0.03,0.024556705477197936,0.125
4.1151500340487175,2.8180277175432176,0.125,811.4814418416748,3.688591602240254,4.5000000000000036,0.024556755492930127,4.5000000000000036,0.03,0.024556705477197936,0.125
4.115052136100692,2.8186179200958947,0.125,812.0041887460455,3.68770526204196,4.501000000000004,0.02455675548616084,4.501000000000004,0.03,0.024556705477197936,0.125
4.114954029555705,2.819208410051547,0.125,812.5275784745204,3.686817800075321,4.502000000000003,0.024556755479391554,4.502000000000004,0.03,0.024556705477197936,0.125
4.114854909325212,2.8197996104350334,0.125,813.0523969316235,3.6859255708926755,4.5030000000000046,0.02455675547262227,4.503000000000004,0.03,0.024556705477197936,0.125
4.114754861591817,2.8203914747840813,0.125,813.5787342446046,3.685028965940437,4.504000000000003,0.024556755465852984,4.504000000000004,0.03,0.024556705477197936,0.125
4.1146545958760665,2.8209836303964564,0.125,814.1059527352974,3.68413119783752,4.505000000000004,0.024556755459083698,4.505000000000004,0.03,0.024556705477197936,0.125
4.114554111797433,2.821576077780611,0.125,814.6340539419564,3.6832322645534386,4.506000000000004,0.024556755452314408,4.506000000000004,0.03,0.024556705477197936,0.125
4.114453408974503,2.822168817446184,0.125,815.1630394064183,3.6823321640529723,4.507000000000004,0.02455675544554513,4.507000000000004,0.03,0.024556705477197936,0.125
4.114352410176438,2.822762165845486,0.125,815.693446045346,3.681430274113449,4.508000000000004,0.02455675543877584,4.508000000000004,0.03,0.024556705477197936,0.125
4.114251085258153,2.8233562162333277,0.125,816.2253820284915,3.680526381475512,4.509000000000004,0.024556755432006555,4.509000000000004,0.03,0.024556705477197936,0.125
4.114149520874219,2.823950600000234,0.125,816.7582043961485,3.6796211975507505,4.510000000000004,0.024556755425237265,4.510000000000004,0.03,0.024556705477197936,0.125
4.114047716556959,2.824545317797293,0.125,817.2919148794238,3.678714719817283,4.511000000000003,0.02455675541846798,4.511000000000004,0.03,0.024556705477197936,0.125
4.11394567183748,2.8251403702772917,0.125,817.8265152139364,3.6778069457466547,4.512000000000004,0.024556755411698696,4.512000000000004,0.03,0.024556705477197936,0.125
4.113842747066705,2.825736071996402,0.125,818.3624678310825,3.6768950000181335,4.5130000000000035,0.02455675540492941,4.513000000000004,0.03,0.024556705477197936,0.125
4.113738678713123,2.826332552669128,0.125,818.8999640271198,3.6759776978931944,4.514000000000004,0.024556755398160122,4.514000000000004,0.03,0.024556705477197936,0.125
4.11363436548962,2.8269293713086627,0.125,819.4383574412673,3.6750590782579486,4.515000000000003,0.024556755391390836,4.515000000000004,0.03,0.024556705477197936,0.125
4.113529806915123,2.8275265285789843,0.125,819.9776498362195,3.6741391385239868,4.516000000000004,0.02455675538462155,4.516000000000004,0.03,0.024556705477197936,0.125
4.113425002507292,2.82812402514581,0.125,820.5178429792936,3.6732178760961105,4.517000000000003,0.024556755377852263,4.517000000000004,0.03,0.024556705477197936,0.125
4.1133196827793945,2.828722365627308,0.125,821.0597274704272,3.672293708340313,4.518000000000004,0.024556755371082976,4.518000000000004,0.03,0.024556705477197936,0.125
4.113213812857774,2.829321644802101,0.125,821.6034454975909,3.6713664010932887,4.519000000000004,0.024556755364313693,4.519000000000004,0.03,0.024556705477197936,0.125
4.113107715267492,2.8299212693102387,0.125,822.1480663809134,3.6704378379420755,4.520000000000004,0.024556755357544403,4.520000000000004,0.03,0.024556705477197936,0.125
4.113001389602847,2.8305212397670965,0.125,822.6935917292617,3.669508016648683,4.521000000000004,0.02455675535077512,4.521000000000004,0.03,0.024556705477197936,0.125
4.112894835457177,2.8311215567895123,0.125,823.2400231553269,3.6685769349698036,4.522000000000003,0.024556755344005834,4.522000000000004,0.03,0.024556705477197936,0.125
4.1127875195338905,2.8317228221344184,0.125,823.7882709052099,3.6676418593699975,4.523000000000004,0.02455675533723655,4.523000000000004,0.03,0.024556705477197936,0.125
4.112679536822246,2.8323249309921037,0.125,824.3381573792843,3.666703274262095,4.524000000000004,0.024556755330467257,4.524000000000004,0.03,0.024556705477197936,0.125
4.112571318110914,2.832927398199226,0.125,824.888944172542,3.665763386795547,4.525000000000004,0.024556755323697974,4.525000000000004,0.03,0.024556705477197936,0.125
4.112462862966819,2.8335302244133778,0.125,825.4406329371255,3.6648221945804442,4.526000000000004,0.02455675531692869,4.526000000000004,0.03,0.024556705477197936,0.125
4.112354170955826,2.8341334102937634,0.125,825.9932253292222,3.6638796952210244,4.527000000000004,0.024556755310159405,4.527000000000004,0.03,0.024556705477197936,0.125
4.112244426773642,2.834737384979523,0.125,826.5492735117608,3.662932198109683,4.528000000000004,0.024556755303390115,4.528000000000004,0.03,0.024556705477197936,0.125
4.112134107137215,2.835341897154359,0.125,827.1072669122645,3.6619818616155237,4.5290000000000035,0.024556755296620825,4.529000000000004,0.03,0.024556705477197936,0.125
4.112023554471653,2.835946766993652,0.125,827.6661307545662,3.6610302353759354,4.530000000000003,0.02455675528985154,4.530000000000004,0.03,0.024556705477197936,0.125
4.111912768363134,2.8365519951325537,0.125,828.2258665844253,3.660077317100543,4.531000000000003,0.024556755283082266,4.531000000000004,0.03,0.024556705477197936,0.125
4.111801748396857,2.8371575822077206,0.125,828.7864759512615,3.659123104493551,4.532000000000004,0.024556755276312972,4.532000000000004,0.03,0.024556705477197936,0.125
4.111688319673296,2.8377638142088015,0.125,829.3616720389394,3.65815861054881,4.533000000000004,0.024556755269543686,4.533000000000004,0.03,0.024556705477197936,0.125
4.111574516644246,2.8383704888741055,0.125,829.9385928296867,3.657192176553744,4.534000000000004,0.0245567552627744,4.534000000000004,0.03,0.024556705477197936,0.125
4.111460532405249,2.8389775840816336,0.125,830.5160185264316,3.656224597134008,4.535000000000003,0.02455675525600511,4.535000000000004,0.03,0.024556705477197936,0.125
4.111346366720549,2.8395851003785246,0.125,831.0939497860719,3.655255870799371,4.536000000000004,0.024556755249235826,4.536000000000004,0.03,0.024556705477197936,0.125
4.111232056984587,2.8401935792268094,0.125,831.6726810530603,3.654285605505109,4.5370000000000035,0.02455675524246654,4.537000000000004,0.03,0.024556705477197936,0.125
4.111117688995853,2.84080432602102,0.125,832.2529333954726,3.6533128387077167,4.538000000000004,0.024556755235697253,4.538000000000004,0.03,0.024556705477197936,0.125
4.111003128802314,2.84141546267122,0.125,832.8336945749248,3.652338913273994,4.539000000000004,0.024556755228927973,4.539000000000004,0.03,0.024556705477197936,0.125
4.1108883761390995,2.8420269897146486,0.125,833.4149652926176,3.6513638276072884,4.5400000000000045,0.02455675522215868,4.540000000000004,0.03,0.024556705477197936,0.125
4.110773430740855,2.8426389076895346,0.125,833.9967462510417,3.6503875801080072,4.541000000000003,0.024556755215389397,4.541000000000004,0.03,0.024556705477197936,0.125
4.110657353005951,2.843251543466077,0.125,834.5844780860932,3.649406087270227,4.542000000000004,0.024556755208620107,4.542000000000004,0.03,0.024556705477197936,0.125
4.11054029485938,2.843864809622954,0.125,835.1775289678955,3.6484200438424854,4.543000000000004,0.024556755201850824,4.543000000000004,0.03,0.024556705477197936,0.125
4.110423024900726,2.844478429338996,0.125,835.771519792693,3.647432799569718,4.544000000000004,0.024556755195081537,4.544000000000004,0.03,0.024556705477197936,0.125
4.110305542811601,2.8450924031456526,0.125,836.3664519733576,3.646444352646879,4.545000000000004,0.024556755188312254,4.545000000000004,0.03,0.024556705477197936,0.125
4.110187848272984,2.8457067315754423,0.125,836.9623269255953,3.645454701265302,4.546000000000003,0.024556755181542968,4.546000000000004,0.03,0.024556705477197936,0.125
4.110069450923776,2.846323865178665,0.125,837.5619014836917,3.6444594294253094,4.547000000000004,0.02455675517477368,4.547000000000004,0.03,0.024556705477197936,0.125
4.10995080780313,2.8469415528743656,0.125,838.1626703872936,3.6434626200616416,4.548000000000003,0.024556755168004388,4.548000000000004,0.03,0.024556705477197936,0.125
4.10983194990139,2.8475596397773084,0.125,838.7644611118263,3.6424645522754675,4.549000000000004,0.024556755161235108,4.549000000000004,0.03,0.024556705477197936,0.125
4.109712876889944,2.848178126498278,0.125,839.3672752206704,3.6414652241414087,4.550000000000004,0.02455675515446582,4.550000000000004,0.03,0.024556705477197936,0.125
4.109593466353983,2.8487977148248786,0.125,839.9717774488366,3.6404634449360342,4.551000000000004,0.024556755147696535,4.551000000000004,0.03,0.024556705477197936,0.125
4.109473635949917,2.8494189201435196,0.125,840.5784278116226,3.6394583705599794,4.552000000000003,0.02455675514092725,4.552000000000004,0.03,0.024556705477197936,0.125
4.109353595516809,2.8500405562365683,0.125,841.186092227346,3.6384520254225436,4.5530000000000035,0.024556755134157962,4.553000000000004,0.03,0.024556705477197936,0.125
4.109233344741747,2.8506626237458157,0.125,841.7947722067952,3.63744440763048,4.554000000000003,0.024556755127388676,4.554000000000004,0.03,0.024556705477197936,0.125
4.109112883311196,2.8512851233143297,0.125,842.4044692637632,3.636435515286778,4.555000000000004,0.02455675512061939,4.555000000000004,0.03,0.024556705477197936,0.125
4.108992419936945,2.8519098817404376,0.125,843.016414269707,3.6354243568707525,4.556000000000003,0.024556755113850103,4.556000000000004,0.03,0.024556705477197936,0.125
4.108871788503832,2.8525354418691893,0.125,843.6296245764956,3.6344117244896332,4.557000000000004,0.02455675510708082,4.557000000000004,0.03,0.024556705477197936,0.125
4.108750946354394,2.8531614335426725,0.125,844.243851818215,3.6333978175614803,4.558000000000004,0.02455675510031153,4.558000000000004,0.03,0.024556705477197936,0.125
4.108629893175289,2.8537878574026103,0.125,844.8590975070804,3.632382634191002,4.559000000000004,0.024556755093542246,4.559000000000004,0.03,0.024556705477197936,0.125
4.108508641117719,2.854415401222625,0.125,845.4760513527824,3.6313655359919674,4.560000000000004,0.024556755086772956,4.560000000000004,0.03,0.024556705477197936,0.125
4.1083872177789855,2.855044933517326,0.125,846.0955807844442,3.6303457659071015,4.561000000000004,0.024556755080003677,4.561000000000004,0.03,0.024556705477197936,0.125
4.108265601776521,2.855674937819295,0.125,846.7161660501359,3.6293247531871633,4.562000000000004,0.024556755073234387,4.562000000000004,0.03,0.024556705477197936,0.125
4.108143792851355,2.8563054147629923,0.125,847.3378085690795,3.62830249616184,4.563000000000004,0.0245567550664651,4.563000000000004,0.03,0.024556705477197936,0.125
4.108021790744048,2.856936364984011,0.125,847.9605097630392,3.627278993157824,4.564000000000004,0.024556755059695817,4.564000000000004,0.03,0.024556705477197936,0.125
4.10790022729088,2.857569892872571,0.125,848.5853738961777,3.6262546659352353,4.565000000000004,0.024556755052926524,4.565000000000004,0.03,0.024556705477197936,0.125
4.107778620843491,2.8582043935148875,0.125,849.211561246071,3.6252291937984804,4.566000000000004,0.024556755046157244,4.566000000000004,0.03,0.024556705477197936,0.125
4.107656822890909,2.8588393737690088,0.125,849.8388144369842,3.6242024761337888,4.567000000000004,0.024556755039387954,4.567000000000004,0.03,0.024556705477197936,0.125
4.10753483317725,2.8594748342757845,0.125,850.4671348930767,3.623174511276905,4.568000000000003,0.02455675503261867,4.568000000000004,0.03,0.024556705477197936,0.125
4.107412746376832,2.8601114385837985,0.125,851.0989135073295,3.6221450139561786,4.569000000000004,0.024556755025849385,4.569000000000004,0.03,0.024556705477197936,0.125
4.107290712804316,2.860750018248552,0.125,851.7367791418943,3.6211137533708757,4.570000000000004,0.024556755019080098,4.570000000000004,0.03,0.024556705477197936,0.125
4.10716854152347,2.861389125824945,0.125,852.3753204851356,3.620081414151812,4.571000000000004,0.024556755012310815,4.571000000000004,0.03,0.024556705477197936,0.125
4.107046232409908,2.8620287617898197,0.125,853.014538147394,3.619047995324699,4.572000000000003,0.024556755005541525,4.572000000000004,0.03,0.024556705477197936,0.125
4.106923785339094,2.8626689266205934,0.125,853.6544327397473,3.6180134959140746,4.573000000000004,0.02455675499877224,4.573000000000004,0.03,0.024556705477197936,0.125
4.10680225393222,2.863312306636801,0.125,854.2972752854682,3.6169794412099914,4.574000000000004,0.024556754992002952,4.574000000000004,0.03,0.024556705477197936,0.125
4.106680812886732,2.863956779939428,0.125,854.9411913170669,3.615944653925463,4.575000000000004,0.024556754985233666,4.575000000000004,0.03,0.024556705477197936,0.125
4.106559238136978,2.864601774332482,0.125,855.5856894795734,3.6149088105829397,4.576000000000004,0.02455675497846438,4.576000000000004,0.03,0.024556705477197936,0.125
4.106437529566299,2.8652472902706188,0.125,856.230770280901,3.6138719102610035,4.577000000000004,0.024556754971695093,4.577000000000004,0.03,0.024556705477197936,0.125
4.106316010171331,2.8658946452411245,0.125,856.8831453428194,3.612833927856888,4.578000000000003,0.024556754964925806,4.578000000000004,0.03,0.024556705477197936,0.125
4.106195049046439,2.8665453028585324,0.125,857.5505508991344,3.6117948766375454,4.579000000000004,0.024556754958156523,4.579000000000004,0.03,0.024556705477197936,0.125
4.106073971754241,2.8671964934292324,0.125,858.2190158662561,3.6107548277413803,4.580000000000003,0.024556754951387236,4.580000000000004,0.03,0.024556705477197936,0.125
4.1059527782093586,2.867848217344915,0.125,858.8885410227912,3.609713780435156,4.581000000000004,0.02455675494461795,4.581000000000004,0.03,0.024556705477197936,0.125
4.105831468326333,2.8685004749976524,0.125,859.5591271481081,3.6086717339849192,4.582000000000004,0.024556754937848663,4.582000000000004,0.03,0.024556705477197936,0.125
4.105712032253596,2.8691581793381826,0.125,860.2342180996874,3.607631741269768,4.583000000000004,0.024556754931079377,4.583000000000004,0.03,0.024556705477197936,0.125
4.105592965588866,2.869817596980648,0.125,860.911213676719,3.6065915141020937,4.584000000000004,0.024556754924310094,4.584000000000004,0.03,0.024556705477197936,0.125
4.1054738089654546,2.8704775923605528,0.125,861.589320043163,3.60555034937052,4.585000000000004,0.024556754917540804,4.585000000000004,0.03,0.024556705477197936,0.125
4.105354562333958,2.871138165795156,0.125,862.2685378089976,3.6045082465601936,4.586000000000004,0.024556754910771517,4.586000000000004,0.03,0.024556705477197936,0.125
4.10523609286399,2.871800813335618,0.125,862.9500581112594,3.6034671762345516,4.587000000000003,0.02455675490400223,4.587000000000004,0.03,0.024556705477197936,0.125
4.1051200415980995,2.872468357877416,0.125,863.636110104931,3.6024308757787944,4.588000000000004,0.024556754897232948,4.588000000000004,0.03,0.024556705477197936,0.125
4.1050039283750985,2.873136517406616,0.125,864.3232751216431,3.6013937124738744,4.589000000000004,0.02455675489046366,4.589000000000004,0.03,0.024556705477197936,0.125
4.1048877531733945,2.8738052921375603,0.125,865.0115535493223,3.6003556860190598,4.590000000000004,0.024556754883694375,4.590000000000004,0.03,0.024556705477197936,0.125
4.104771515971382,2.874474682284694,0.125,865.7009457760769,3.5993167961134773,4.591000000000004,0.024556754876925088,4.591000000000004,0.03,0.024556705477197936,0.125
4.104658104925808,2.8751490393021637,0.125,866.3950030919522,3.5982842482805895,4.592000000000004,0.024556754870155805,4.592000000000004,0.03,0.024556705477197936,0.125
4.104546307798724,2.8758265328680164,0.125,867.0921814510727,3.5972550221041613,4.593000000000004,0.02455675486338652,4.593000000000004,0.03,0.024556705477197936,0.125
4.104434474309647,2.87650467589906,0.125,867.7904400598588,3.596225001068399,4.594000000000004,0.024556754856617232,4.594000000000004,0.03,0.024556705477197936,0.125
4.104322604453035,2.877183468494275,0.125,868.489779082943,3.5951941850521627,4.595000000000004,0.024556754849847942,4.595000000000004,0.03,0.024556705477197936,0.125
4.104210698223346,2.8778629107526585,0.125,869.1901986849884,3.5941625739342924,4.596000000000004,0.024556754843078656,4.596000000000004,0.03,0.024556705477197936,0.125
4.10410457275239,2.878550699669056,0.125,869.8993886810852,3.5931457374280935,4.597000000000005,0.024556754836309373,4.597000000000004,0.03,0.024556705477197936,0.125
4.103998990675406,2.879239895796973,0.125,870.6103269825314,3.5921296670943375,4.598000000000004,0.024556754829540086,4.598000000000004,0.03,0.024556705477197936,0.125
4.103893391628578,2.8799297572030325,0.125,871.322268227005,3.5911128635834113,4.599000000000004,0.0245567548227708,4.599000000000004,0.03,0.024556705477197936,0.125
4.103787775613074,2.880620283841498,0.125,872.0352123455538,3.59009532694572,4.600000000000004,0.024556754816001513,4.600000000000004,0.03,0.024556705477197936,0.125
4.103684307544576,2.8812860929048973,0.125,872.7933129969039,3.589109045845532,4.6010000000000035,0.024556754794450204,4.601000000000004,0.03,0.024556705477197936,0.125
4.103590008649125,2.88196372264244,0.125,873.5671762877132,3.5881476167609616,4.602000000000004,0.0245567547728989,4.602000000000004,0.03,0.024556705477197936,0.125
4.103495313156098,2.882641448623732,0.125,874.341601360445,3.587184505150621,4.603000000000003,0.02455675475134759,4.603000000000004,0.03,0.024556705477197936,0.125
4.103400219879704,2.883319271136535,0.125,875.1165898947822,3.586219705983893,4.604000000000004,0.024556754729796286,4.604000000000004,0.03,0.024556705477197936,0.125
4.103304727629414,2.8839971904697586,0.125,875.8921435771126,3.5852532142100775,4.605000000000003,0.024556754708244977,4.605000000000004,0.03,0.024556705477197936,0.125
4.103220418879,2.884691079178615,0.125,876.7000322988875,3.584315492560994,4.606000000000003,0.024556754686693674,4.606000000000004,0.03,0.024556705477197936,0.125
4.103136232642312,2.8853857696230687,0.125,877.5096397249608,3.5833774595073415,4.607000000000004,0.02455675466514237,4.607000000000004,0.03,0.024556705477197936,0.125
4.103051599745857,2.886080483288044,0.125,878.3194017667087,3.5824376166040617,4.608000000000004,0.024556754643591056,4.608000000000004,0.03,0.024556705477197936,0.125
4.102966518989257,2.886775220235946,0.125,879.129318839653,3.5814959589872593,4.609000000000004,0.02455675462203975,4.609000000000004,0.03,0.024556705477197936,0.125
4.102888510841557,2.8874804716478475,0.125,879.9637904003944,3.580572078311152,4.610000000000004,0.024556754600488447,4.610000000000004,0.03,0.024556705477197936,0.125
4.102814663829148,2.888192138536276,0.125,880.8129300552542,3.579658427220152,4.611000000000003,0.024556754578937138,4.611000000000004,0.03,0.024556705477197936,0.125
4.102740410182316,2.8889038419784097,0.125,881.6618193116152,3.578743112957649,4.612000000000004,0.02455675455738583,4.612000000000004,0.03,0.024556705477197936,0.125
4.102665748967095,2.889615582058209,0.125,882.5104575943589,3.577826131703633,4.613000000000004,0.024556754535834523,4.613000000000004,0.03,0.024556705477197936,0.125
4.1025930010866825,2.8903303215349636,0.125,883.3688183999765,3.5769138037929715,4.614000000000005,0.024556754514283217,4.614000000000004,0.03,0.024556705477197936,0.125
4.102532139480356,2.891060785844052,0.125,884.2794595093133,3.576033293373535,4.615000000000003,0.024556754492731907,4.615000000000004,0.03,0.024556705477197936,0.125
4.102470864421903,2.891791281090517,0.125,885.189339022416,3.575151098220384,4.616000000000004,0.0245567544711806,4.616000000000004,0.03,0.024556705477197936,0.125
4.1024091746593525,2.8925218073680377,0.125,886.0984546331022,3.5742672132319915,4.617000000000004,0.024556754449629292,4.617000000000004,0.03,0.024556705477197936,0.125
4.102347068935673,2.893252364770673,0.125,887.0068040258686,3.5733816332862163,4.618000000000004,0.02455675442807799,4.618000000000004,0.03,0.024556705477197936,0.125
4.102295272659883,2.8939944265692756,0.125,887.9586045205069,3.57252578523634,4.619000000000004,0.02455675440652668,4.619000000000004,0.03,0.024556705477197936,0.125
4.102255108551577,2.894749438553243,0.125,888.9596030778853,3.571703513988147,4.620000000000004,0.024556754384975378,4.620000000000004,0.03,0.024556705477197936,0.125
4.102214409549109,2.8955043998397207,0.125,889.9597531026386,3.5708791538939426,4.621000000000004,0.024556754363424065,4.621000000000004,0.03,0.024556705477197936,0.125
4.102173173162846,2.896259310192739,0.125,890.9590506453193,3.5700526952313116,4.622000000000003,0.02455675434187276,4.622000000000004,0.03,0.024556705477197936,0.125
4.102131396887679,2.8970141693748626,0.125,891.9574917319301,3.56922412821741,4.623000000000004,0.024556754320321453,4.623000000000004,0.03,0.024556705477197936,0.125
4.102101569022971,2.897782945657792,0.125,893.0061384982206,3.5684294388724944,4.624000000000005,0.024556754298770144,4.624000000000004,0.03,0.024556705477197936,0.125
4.1020977052956304,2.898581306243782,0.125,894.1624201608017,3.567709024133609,4.625000000000004,0.024556754277218838,4.625000000000004,0.03,0.024556705477197936,0.125
4.102093080740614,2.8993793629363878,0.125,895.3171491528501,3.566985869997765,4.626000000000003,0.024556754255667532,4.626000000000004,0.03,0.024556705477197936,0.125
4.10208769073445,2.900177113888884,0.125,896.4703160389506,3.5662599598179314,4.627000000000004,0.02455675423411623,4.627000000000004,0.03,0.024556705477197936,0.125
4.102081530616128,2.9009745572395453,0.125,897.6219113070774,3.56553127681192,4.6280000000000046,0.024556754212564917,4.628000000000004,0.03,0.024556705477197936,0.125
4.10207459568672,2.9017716911115063,0.125,898.7719253678249,3.56479980406101,4.629000000000003,0.024556754191013615,4.629000000000004,0.03,0.024556705477197936,0.125
4.102092684669957,2.902593393281953,0.125,900.0115148183748,3.564143857944111,4.630000000000004,0.024556754169462305,4.630000000000004,0.03,0.024556705477197936,0.125
4.102155242959012,2.903458468001142,0.125,901.4095848137999,3.563622415202126,4.631000000000004,0.024556754147910996,4.631000000000004,0.03,0.024556705477197936,0.125
4.102216228613675,2.904322547913565,0.125,902.8035608560789,3.563095676736574,4.632000000000004,0.024556754126359694,4.632000000000004,0.03,0.024556705477197936,0.125
4.102275637569756,2.9051856304483206,0.125,904.1934323651226,3.562563628861608,4.6330000000000044,0.024556754104808377,4.6330000000000044,0.03,0.024556705477197936,0.125
4.102333465749046,2.906047713025642,0.125,905.5791887243539,3.5620262578441824,4.634000000000004,0.024556754083257075,4.634000000000004,0.03,0.024556705477197936,0.125
4.102389709059262,2.906908793056861,0.125,906.9608192805549,3.561483549903847,4.635000000000003,0.024556754061705773,4.635000000000004,0.03,0.024556705477197936,0.125
4.10244436339398,2.907768867944363,0.125,908.3383133436984,3.560935491212546,4.636000000000004,0.024556754040154467,4.636000000000004,0.03,0.024556705477197936,0.125
4.102578063895027,2.908707845809945,0.125,909.9788336926975,3.560624715253873,4.637000000000004,0.024556754018603154,4.637000000000004,0.03,0.024556705477197936,0.125
4.102712419474464,2.9096481214151284,0.125,911.6233722963538,3.5603152618736074,4.638000000000004,0.02455675399705185,4.638000000000004,0.03,0.024556705477197936,0.125
4.102844565435961,2.910586850219128,0.125,913.2624301513237,3.559998516789835,4.639000000000002,0.024556753975500542,4.639000000000004,0.03,0.024556705477197936,0.125
4.1029745260319945,2.9115240491994325,0.125,914.8960674135824,3.5596745600353326,4.640000000000003,0.024556753953949236,4.640000000000004,0.03,0.024556705477197936,0.125
4.1031023251614105,2.912459735085975,0.125,916.5243433619606,3.559343470475905,4.6410000000000045,0.02455675393239793,4.6410000000000045,0.03,0.024556705477197936,0.125
4.103319411007183,2.9134834101680585,0.125,918.4374576140269,3.5592815420247548,4.642000000000004,0.02455675391084662,4.642000000000004,0.03,0.024556705477197936,0.125
4.103553456393841,2.9145243730215555,0.125,920.4064796463925,3.559270164680124,4.643000000000004,0.024556753889295315,4.643000000000004,0.03,0.024556705477197936,0.125
4.103785847035598,2.915564407142981,0.125,922.3723749134067,3.5592530970972,4.644000000000003,0.02455675386774401,4.644000000000004,0.03,0.024556705477197936,0.125
4.104055963176,2.9166426758200235,0.125,924.4550465787554,3.559348696345248,4.645000000000004,0.024556753846192703,4.645000000000004,0.03,0.024556705477197936,0.125
4.104387347343769,2.917782295901237,0.125,926.7259638102373,3.5596280153008157,4.646000000000004,0.024556753824641394,4.646000000000004,0.03,0.024556705477197936,0.125
4.104717154601591,2.9189206256698492,0.125,928.9936496904793,3.5599023169076704,4.647000000000004,0.024556753803090088,4.647000000000004,0.03,0.024556705477197936,0.125
4.105138085198596,2.9201446665598976,0.125,931.5299007711949,3.56045539404003,4.648000000000005,0.02455675378153878,4.648000000000004,0.03,0.024556705477197936,0.125
4.105567084089768,2.921376486672046,0.125,934.091267147628,3.561032964817818,4.6490000000000045,0.024556753759987476,4.6490000000000045,0.03,0.024556705477197936,0.125
4.106083075026821,2.922688244284582,0.125,936.9083493880017,3.561878582452261,4.650000000000003,0.024556753738436167,4.650000000000004,0.03,0.024556705477197936,0.125
4.106637135550479,2.924037546671223,0.125,939.8392076673242,3.5628389232126003,4.651000000000004,0.024556753716884858,4.651000000000004,0.03,0.024556705477197936,0.125
4.107248398692527,2.925443117979956,0.125,942.9399937777355,3.5639717937369984,4.652000000000004,0.024556753695333552,4.652000000000004,0.03,0.024556705477197936,0.125
4.107938241334452,2.926926527821773,0.125,946.2719850905853,3.565341150055478,4.653000000000005,0.024556753673782246,4.653000000000004,0.03,0.024556705477197936,0.125
4.108714778087584,2.928499974437844,0.125,949.8728007827068,3.5669672584773555,4.654000000000004,0.024556753652230937,4.654000000000004,0.03,0.024556705477197936,0.125
4.1096118600522376,2.9302257913908245,0.125,953.8206560691783,3.568923168599642,4.655000000000003,0.024556753630679634,4.655000000000004,0.03,0.024556705477197936,0.125
4.110633967780941,2.9320424777770895,0.125,958.1347397900829,3.571288329319836,4.656000000000004,0.024556753609128325,4.656000000000004,0.03,0.024556705477197936,0.125
4.111778399875945,2.933988362029465,0.125,962.8250901681929,3.574013567772472,4.657000000000004,0.024556753587577015,4.6570000000000045,0.03,0.024556705477197936,0.125
4.113109745881893,2.9361617188998617,0.125,968.0327308419635,3.577258993878697,4.658000000000005,0.024556753566025713,4.658000000000004,0.03,0.024556705477197936,0.125
4.114655919389853,2.9385654902106193,0.125,973.908704151955,3.581133313474343,4.659000000000004,0.024556753544474404,4.659000000000004,0.03,0.024556705477197936,0.125
4.1164442610906296,2.941210190393352,0.125,980.5623861816671,3.585735374944965,4.660000000000004,0.024556753522923094,4.660000000000004,0.03,0.024556705477197936,0.125
4.118592183485155,2.9443168330315785,0.125,988.2375387001458,3.5913138107995204,4.661000000000004,0.024556753501371792,4.661000000000004,0.03,0.024556705477197936,0.125
4.121131641462866,2.947817238529238,0.125,997.3345574881963,3.5980646510417342,4.6620000000000035,0.024556753479820483,4.662000000000004,0.03,0.024556705477197936,0.125
4.124263829710325,2.9521520847710683,0.125,1008.5110115760305,3.606351952734995,4.663000000000004,0.024556753458269177,4.663000000000004,0.03,0.024556705477197936,0.125
4.128302197158394,2.9578323454944018,0.125,1022.8787414551997,3.6169185700214648,4.664000000000003,0.02455675343671787,4.664000000000004,0.03,0.024556705477197936,0.125
4.133805686056444,2.9658893610516714,0.125,1042.9119959146274,3.6309689093096775,4.665000000000004,0.02455675341516656,4.6650000000000045,0.03,0.024556705477197936,0.125
4.142162732304473,2.979152547329804,0.125,1061.8130069972385,3.6512273093918366,4.666000000000004,0.024556753393615252,4.666000000000004,0.03,0.024556705477197936,0.125
4.155513421775759,3.004819135587634,0.125,1067.3540140173027,3.679056875820837,4.667000000000004,0.02455675337206395,4.667000000000004,0.03,0.024556705477197936,0.125
4.124807074066298,2.9741133070481247,0.125,1074.4927003080757,3.58703070614859,4.668000000000004,0.024556757086532287,4.668000000000004,0.03,0.024556705477197936,0.125
4.095737019223981,3.009649751298081,0.125,1081.899427064966,3.4353074534164727,4.669000000000003,0.024556757119922442,4.669000000000004,0.03,0.024556705477197936,0.125
4.072237436851805,3.020525438706748,0.125,1089.3301062578064,3.330526819981331,4.670000000000004,0.0245567571533126,4.670000000000004,0.03,0.024556705477197936,0.125
4.049434023678769,3.022376664023653,0.125,1096.7706768035043,3.2375553424923886,4.671000000000004,0.02455675718670276,4.671000000000004,0.03,0.024556705477197936,0.125
4.024730617784811,3.0189616027019786,0.125,1104.1951861608973,3.142250189983128,4.672000000000004,0.024556757220092918,4.672000000000004,0.03,0.024556705477197936,0.125
3.995737145665356,3.010125273740253,0.125,1111.5732400753081,3.035206042240554,4.6730000000000045,0.024556757253483077,4.6730000000000045,0.03,0.024556705477197936,0.125
3.959308988180777,2.9934790952742056,0.125,1119.05640618124,2.9062329794265183,4.674000000000003,0.024556757286873235,4.674000000000004,0.03,0.024556705477197936,0.125
3.910248833299089,2.9633909427777207,0.125,1128.6236654948561,2.740173903490037,4.675000000000004,0.02455675732026339,4.675000000000004,0.03,0.024556705477197936,0.125
3.8374339465692553,2.907424410232832,0.125,1142.7564663062867,2.504974297474,4.676000000000004,0.024556757353653553,4.676000000000004,0.03,0.024556705477197936,0.125
3.725362277511476,2.795194847096805,0.125,1165.0876769837596,2.1690105951198295,4.677000000000004,0.02455745385487656,4.677000000000004,0.03,0.024556705477197936,0.125
3.6660859390148444,2.7312043234084786,0.125,1177.5787574136505,1.9959891683517028,4.678000000000004,0.024569364799476804,4.678000000000004,0.03,0.024556705477197936,0.125
3.6389188943462565,2.93897157656822,0.125,1184.9553040730068,1.6796471322148387,4.679000000000003,0.02466970256528359,4.679000000000004,0.03,0.024556705477197936,0.125
3.6289326945719984,3.032662082757114,0.125,1191.322567908746,1.5461052223187977,4.680000000000004,0.02479385794470863,4.680000000000004,0.03,0.024556705477197936,0.125
3.620329843706971,3.1204168610617664,0.125,1199.1234363143958,1.4240324284883497,4.6810000000000045,0.026913904899753125,4.6810000000000045,0.03,0.024556705477197936,0.125
3.612796863789367,3.2038076830975943,0.125,1208.8257210074523,1.310603093171467,4.682000000000004,0.03322177254883115,4.682000000000004,0.03,0.024556705477197936,0.125
3.6109822840002566,3.2248992472872318,0.125,1219.967805772335,1.2823466158317065,4.683000000000004,0.03475620540530911,4.683000000000004,0.03,0.024556705477197936,0.125
3.6105673801654787,3.2296711521893364,0.125,1231.3976130273577,1.2760084947866424,4.684000000000004,0.03501582329898896,4.684000000000004,0.03,0.024556705477197936,0.125
3.6105279966277126,3.2304819270225407,0.125,1243.16545765174,1.2751335745889945,4.685000000000003,0.03501306399802896,4.685000000000004,0.03,0.024556705477197936,0.125
3.610643209978025,3.229651631361091,0.125,1254.91922636024,1.2765181182803702,4.6860000000000035,0.03501030467253304,4.686000000000004,0.03,0.024556705477197936,0.125
3.6109321470292532,3.2269839525793973,0.125,1266.6541086793466,1.2804349462454543,4.687000000000005,0.035007545310092224,4.687000000000004,0.03,0.024556705477197936,0.125
3.6112107372311164,3.2243653696408954,0.125,1278.3743695171656,1.2842612927530053,4.688000000000004,0.03500478595358304,4.688000000000004,0.03,0.024556705477197936,0.125
3.6114401564057697,3.2219722485816837,0.125,1289.9337656506575,1.2876655013152216,4.689000000000004,0.03500202665474695,4.6890000000000045,0.03,0.024556705477197936,0.125
3.6116695777673367,3.219582312809094,0.125,1301.5205428152185,1.2910665336310962,4.690000000000003,0.03499926734170379,4.690000000000004,0.03,0.024556705477197936,0.125
3.611908723913295,3.2170800379327233,0.125,1312.9591237595628,1.2946187984010877,4.691000000000004,0.03499650823212902,4.691000000000004,0.03,0.024556705477197936,0.125
3.6121535413602666,3.214513487200508,0.125,1324.3233329518566,1.2982580207714773,4.692000000000004,0.03499374923890002,4.692000000000004,0.03,0.024556705477197936,0.125
3.612402767654076,3.2119032986865497,0.125,1335.6510877640296,1.3019585152156776,4.693000000000004,0.03499099025308539,4.693000000000004,0.03,0.024556705477197936,0.125
3.6126658903601943,3.2091448167740153,0.125,1346.7985392749113,1.3058628851092056,4.6940000000000035,0.03498823131048964,4.694000000000004,0.03,0.024556705477197936,0.125
3.6129285346848703,3.2063875125098433,0.125,1357.9724272278784,1.3097641638057949,4.695000000000004,0.034985472358774375,4.695000000000004,0.03,0.024556705477197936,0.125
3.613205144447565,3.2034728290161367,0.125,1368.9120000082728,1.3138786869198502,4.696000000000004,0.03498271349318881,4.696000000000004,0.03,0.024556705477197936,0.125
3.613482089170822,3.2005542930411646,0.125,1379.872241202366,1.3179984023035822,4.697000000000004,0.03497995460015154,4.6970000000000045,0.03,0.024556705477197936,0.125
3.613756882161665,3.19750910418691,0.125,1390.6454760298607,1.322236159222673,4.698000000000004,0.03497719611995644,4.698000000000004,0.03,0.024556705477197936,0.125
3.6140309977970277,3.1944366952505217,0.125,1401.399706022283,1.3264984258905141,4.699000000000003,0.03497443769497443,4.699000000000004,0.03,0.024556705477197936,0.125
3.6143128819272676,3.191311193919112,0.125,1411.9900714475104,1.3308448632237573,4.700000000000004,0.034971680014318815,4.700000000000004,0.03,0.024556705477197936,0.125
3.6145608738411017,3.1885968575340913,0.125,1420.9776470927686,1.3346426015421409,4.701000000000005,0.03497332219542634,4.701000000000004,0.03,0.024556705477197936,0.125
3.614817262001491,3.1857998482310275,0.125,1429.8739061956064,1.3385566023668392,4.7020000000000035,0.03497496441391827,4.702000000000004,0.03,0.024556705477197936,0.125
3.6150799188424467,3.1829418319753393,0.125,1438.7046282228998,1.3425566883881466,4.703000000000004,0.03497660665666567,4.703000000000004,0.03,0.024556705477197936,0.125
3.615351895181136,3.179986993301286,0.125,1447.4895900020051,1.3466908682443106,4.704000000000004,0.0349782489623005,4.704000000000004,0.03,0.024556705477197936,0.125
3.6156405377102137,3.17686002474269,0.125,1456.1739312242769,1.3510638312445886,4.705000000000004,0.03497989141069645,4.7050000000000045,0.03,0.024556705477197936,0.125
3.615912274817831,3.1738057985643273,0.125,1464.8128155316751,1.3552964348254164,4.706000000000004,0.03498153378510371,4.706000000000004,0.03,0.024556705477197936,0.125
3.616150374591463,3.1708863278410004,0.125,1473.3281150209355,1.3592597428745246,4.707000000000004,0.0349831760242769,4.707000000000004,0.03,0.024556705477197936,0.125
3.6163949277000724,3.167943393756924,0.125,1481.8466430244873,1.3632723267227727,4.708000000000004,0.03498481861798498,4.708000000000004,0.03,0.024556705477197936,0.125
3.616686288291622,3.1647882848550184,0.125,1490.244265081053,1.3676843099600318,4.709000000000003,0.03498646374418652,4.709000000000004,0.03,0.024556705477197936,0.125
3.6169772422668536,3.161647494321415,0.125,1498.6399250737134,1.3720803479176074,4.710000000000004,0.034988108792242255,4.710000000000004,0.03,0.024556705477197936,0.125
3.6172672333929405,3.158636796992178,0.125,1506.8855716153,1.3763424369907828,4.711000000000003,0.03498975365805708,4.711000000000004,0.03,0.024556705477197936,0.125
3.617556640583968,3.155636023826823,0.125,1515.14950742055,1.3805922665350254,4.712000000000004,0.034991398456977185,4.712000000000004,0.03,0.024556705477197936,0.125
3.617861933189802,3.152542471018412,0.125,1523.2864250171328,1.3849984326192064,4.713000000000004,0.03499304367565402,4.7130000000000045,0.03,0.024556705477197936,0.125
3.6181668940736054,3.14945303941441,0.125,1531.443201755335,1.3893991503686927,4.714000000000005,0.034994688874636214,4.714000000000004,0.03,0.024556705477197936,0.125
3.6184951477878076,3.145749965962844,0.125,1539.4835522907322,1.3945066637223942,4.715000000000004,0.03499633492235883,4.715000000000004,0.03,0.024556705477197936,0.125
3.6188282078744347,3.1419631895548426,0.125,1547.4980021233332,1.3997171080591444,4.716000000000004,0.03499798107658175,4.716000000000004,0.03,0.024556705477197936,0.125
3.619179704012293,3.1378711568893096,0.125,1555.3922688765713,1.405306559865451,4.717000000000003,0.03499962766229189,4.717000000000004,0.03,0.024556705477197936,0.125
3.6194967460001255,3.1344794887781733,0.125,1563.185862887321,1.4100578286810466,4.7180000000000035,0.035001275295115576,4.718000000000004,0.03,0.024556705477197936,0.125
3.6197951689698256,3.1314666092112824,0.125,1570.9280486994562,1.4143558317332774,4.719000000000004,0.03500292347071035,4.719000000000004,0.03,0.024556705477197936,0.125
3.6201538206874937,3.1279246939153333,0.125,1578.6362767643009,1.4194237896885251,4.720000000000005,0.0350045732297602,4.720000000000004,0.03,0.024556705477197936,0.125
3.62055491744118,3.1240162284202673,0.125,1586.3270757863993,1.425028081280107,4.7210000000000045,0.03500622405066731,4.7210000000000045,0.03,0.024556705477197936,0.125
3.621094428034957,3.1183424867487446,0.125,1593.873115367415,1.4329512994035547,4.722000000000004,0.03500788065259622,4.722000000000004,0.03,0.024556705477197936,0.125
3.621475026565464,3.1143353835072056,0.125,1601.3104320966013,1.4385722283592466,4.723000000000004,0.03500953256099922,4.723000000000004,0.03,0.024556705477197936,0.125
3.621811603082248,3.110798142273227,0.125,1608.7365923793602,1.443547206608522,4.724000000000004,0.035011183124097345,4.724000000000004,0.03,0.024556705477197936,0.125
3.622184292250333,3.1069717927960636,0.125,1615.9946108195631,1.4489557465790646,4.725000000000004,0.03501283453221952,4.725000000000004,0.03,0.024556705477197936,0.125
3.6225928609901326,3.102866561660255,0.125,1623.2395770569324,1.4547866889924603,4.726000000000004,0.03501448686297674,4.726000000000004,0.03,0.024556705477197936,0.125
3.6230720075147724,3.098218546582946,0.125,1630.4434546739594,1.4614427323088643,4.727000000000004,0.035016141017233396,4.727000000000004,0.03,0.024556705477197936,0.125
3.6236459570688258,3.0924628505598593,0.125,1637.552598373001,1.4695856589433662,4.728000000000003,0.03501780657013722,4.728000000000004,0.03,0.024556705477197936,0.125
3.6241627686643603,3.0871855672116792,0.125,1644.511210933467,1.4770216093586714,4.729000000000004,0.03501947085096866,4.7290000000000045,0.03,0.024556705477197936,0.125
3.624601594389194,3.082795550388768,0.125,1651.3885617676856,1.4832583607358278,4.730000000000003,0.03502113209612199,4.730000000000004,0.03,0.024556705477197936,0.125
3.6249833670351843,3.0790892016592446,0.125,1658.2297535784703,1.4885832438582787,4.731000000000004,0.035022791066507804,4.731000000000004,0.03,0.024556705477197936,0.125
3.6254318459683756,3.0747819342012974,0.125,1664.9731648861214,1.4947758632347383,4.732000000000004,0.03502445295130831,4.732000000000004,0.03,0.024556705477197936,0.125
3.625944644521684,3.0696666699888246,0.125,1671.6667652789795,1.5020337530173595,4.733000000000004,0.03502611851787649,4.733000000000004,0.03,0.024556705477197936,0.125
3.6265403308104136,3.063438033139057,0.125,1678.2687507913479,1.510736565153617,4.734000000000004,0.035027789107564725,4.734000000000004,0.03,0.024556705477197936,0.125
3.627096924740872,3.0577054738131086,0.125,1684.7597942709099,1.5187869388616175,4.735000000000004,0.035029458177404674,4.735000000000004,0.03,0.024556705477197936,0.125
3.627524534871047,3.053563865378958,0.125,1691.150154152558,1.5247304259162944,4.736000000000004,0.035031122535488284,4.736000000000004,0.03,0.024556705477197936,0.125
3.627969346194541,3.049338769520975,0.125,1697.4694789634798,1.5308261972150188,4.737000000000004,0.03503278970628845,4.7370000000000045,0.03,0.024556705477197936,0.125
3.6284248860651065,3.045049157825179,0.125,1703.7387723600266,1.537029396346211,4.738000000000004,0.035034458949367374,4.738000000000004,0.03,0.024556705477197936,0.125
3.6288922681242206,3.0406475498355556,0.125,1709.9164352616233,1.5433919648655794,4.739000000000004,0.03503613214312114,4.739000000000004,0.03,0.024556705477197936,0.125
3.629377361746967,3.0360830179600846,0.125,1716.0274900372717,1.5499883104901973,4.740000000000003,0.0350378068246371,4.740000000000004,0.03,0.024556705477197936,0.125
3.629903744983998,3.0312052680711954,0.125,1722.0604144143108,1.5570630309163742,4.741000000000004,0.035039483994908756,4.741000000000004,0.03,0.024556705477197936,0.125
3.6305113104199846,3.025721605073939,0.125,1727.990766347708,1.5650683859649441,4.742000000000004,0.035041165797413905,4.742000000000004,0.03,0.024556705477197936,0.125
3.631167218935728,3.0199122334512203,0.125,1733.9310933039442,1.5735928277208275,4.743000000000004,0.03504285013759178,4.743000000000004,0.03,0.024556705477197936,0.125
3.6316558282716382,3.01576842878716,0.125,1739.7207498605185,1.5797825036922575,4.744000000000005,0.035044522444589464,4.744000000000004,0.03,0.024556705477197936,0.125
3.632144911764203,3.0116809205008686,0.125,1745.4468328391736,1.5859177797143102,4.7450000000000045,0.03504619726778813,4.7450000000000045,0.03,0.024556705477197936,0.125
3.6326345417724366,3.00763837004081,0.125,1751.1220173700106,1.5920102835623071,4.746000000000004,0.03504787391675989,4.746000000000004,0.03,0.024556705477197936,0.125
3.633120843779617,3.0037339391896136,0.125,1756.6911331119418,1.5979513507844807,4.747000000000003,0.035049551222251035,4.747000000000004,0.03,0.024556705477197936,0.125
3.6335920189760604,3.0000241670586947,0.125,1762.2107428897675,1.6036372564811716,4.748000000000003,0.03505122804115941,4.748000000000004,0.03,0.024556705477197936,0.125
3.634046696557261,2.9965272485735115,0.125,1767.675035509702,1.609044322114776,4.749000000000003,0.03505290444047069,4.749000000000004,0.03,0.024556705477197936,0.125
3.6344944204220715,2.9931643201500546,0.125,1773.0570952627338,1.6142895769594459,4.750000000000004,0.03505457968861869,4.750000000000004,0.03,0.024556705477197936,0.125
3.6349400612461764,2.9898390561172863,0.125,1778.42149819088,1.6194888335521385,4.751000000000003,0.035056254572666416,4.751000000000004,0.03,0.024556705477197936,0.125
3.6353769870392565,2.9867096206135892,0.125,1783.6825914861092,1.6244574135165408,4.752000000000005,0.03505792784061456,4.752000000000004,0.03,0.024556705477197936,0.125
3.6358115960782764,2.983610655145547,0.125,1788.937979707684,1.6293862551122065,4.7530000000000046,0.035059600794292226,4.7530000000000046,0.03,0.024556705477197936,0.125
3.636231043672992,2.9807221704137485,0.125,1794.1029118480499,1.6340439602212646,4.754000000000004,0.03506127189713189,4.754000000000004,0.03,0.024556705477197936,0.125
3.636649747254837,2.977867973792361,0.125,1799.2603843306597,1.638664402631775,4.755000000000004,0.03506294292723327,4.755000000000004,0.03,0.024556705477197936,0.125
3.6370634556235917,2.975218026207123,0.125,1804.3303357931932,1.6430606244237311,4.756000000000003,0.03506461359802169,4.756000000000004,0.03,0.024556705477197936,0.125
3.6374772553572736,2.9725848896413583,0.125,1809.4027819728453,1.6474403997133849,4.757000000000004,0.03506628423069385,4.757000000000004,0.03,0.024556705477197936,0.125
3.63788621965454,2.9702367616778305,0.125,1814.3832617407152,1.6515158118035302,4.758000000000004,0.035067955034326005,4.7580000000000044,0.03,0.024556705477197936,0.125
3.638295659872421,2.967883937396229,0.125,1819.3737932844838,1.6555978239509996,4.759000000000004,0.03506962566085693,4.759000000000004,0.03,0.024556705477197936,0.125
3.6386892928146017,2.9657933361102304,0.125,1824.2840199683972,1.65935439054475,4.760000000000003,0.035071296595428576,4.760000000000004,0.03,0.024556705477197936,0.125
3.6390801412145164,2.9637509238388415,0.125,1829.186174947834,1.6630516310414103,4.761000000000005,0.03507296757639239,4.761000000000005,0.03,0.024556705477197936,0.125
3.639465757377649,2.961829680636943,0.125,1834.0578808858363,1.6666067727974585,4.762000000000004,0.03507463780300765,4.762000000000004,0.03,0.024556705477197936,0.125
3.6398427502197244,2.9601006754953727,0.125,1838.8764157261653,1.6699351825028534,4.763000000000004,0.035076306894303085,4.763000000000004,0.03,0.024556705477197936,0.125
3.6402198738998575,2.9583678402344313,0.125,1843.7045421431678,1.6732679458830013,4.764000000000004,0.03507797597460064,4.764000000000004,0.03,0.024556705477197936,0.125
3.640599855398658,2.9568826544433366,0.125,1848.4641835557372,1.6763644915414575,4.765000000000004,0.03507964325042618,4.765000000000004,0.03,0.024556705477197936,0.125
3.6409814683996817,2.9554914443729423,0.125,1853.2022259268342,1.6793735875440738,4.7660000000000045,0.03508130983519981,4.7660000000000045,0.03,0.024556705477197936,0.125
3.641363698313838,2.9540937032489127,0.125,1857.949762990333,1.6823916821586964,4.767000000000004,0.03508297644853393,4.767000000000004,0.03,0.024556705477197936,0.125
3.6417868543940703,2.952886966535434,0.125,1862.6123488763371,1.6853824780842812,4.768000000000003,0.03508464357388226,4.768000000000004,0.03,0.024556705477197936,0.125
3.642221151962057,2.951711667800713,0.125,1867.2641224044535,1.6883864023500568,4.769000000000004,0.035086310940722266,4.769000000000005,0.03,0.024556705477197936,0.125
3.642658369934124,2.95052469679281,0.125,1871.923691996021,1.6914136806034938,4.770000000000003,0.035087978492866656,4.770000000000004,0.03,0.024556705477197936,0.125
3.6431234363255323,2.949342481223538,0.125,1876.4529619246496,1.6945475943179977,4.771000000000005,0.03508964882349241,4.771000000000004,0.03,0.024556705477197936,0.125
3.6435936865695364,2.948120164944282,0.125,1880.9918104831481,1.6977423441150148,4.772000000000003,0.035091319490968144,4.772000000000004,0.03,0.024556705477197936,0.125
3.6440362203971897,2.9472573556607533,0.125,1885.5581742529578,1.7004667230686523,4.773000000000004,0.03509298727456505,4.773000000000004,0.03,0.024556705477197936,0.125
3.6444289369943146,2.9469713452420447,0.125,1890.1567756986096,1.702415036886624,4.7740000000000045,0.03509465010326303,4.7740000000000045,0.03,0.024556705477197936,0.125
3.6448164913975525,2.9466997673257995,0.125,1894.7605206548246,1.7043282693987505,4.775000000000004,0.03509631238304709,4.775000000000004,0.03,0.024556705477197936,0.125
3.645198987783499,2.9464423306542677,0.125,1899.3693053220577,1.7062071285697231,4.776000000000004,0.03509797412499467,4.776000000000004,0.03,0.024556705477197936,0.125
3.6455558052749746,2.9467357108391306,0.125,1903.9070083649585,1.7074324535753087,4.777000000000005,0.03509963622072843,4.777000000000005,0.03,0.024556705477197936,0.125
3.645906632092372,2.9471721676062255,0.125,1908.4318630025061,1.7084907388408133,4.778000000000004,0.03510129844481067,4.778000000000004,0.03,0.024556705477197936,0.125
3.6462576145160606,2.9476045304019145,0.125,1912.9647742081747,1.7095537405055683,4.7790000000000035,0.03510296060810638,4.779000000000004,0.03,0.024556705477197936,0.125
3.6466087525927846,2.9480327979963925,0.125,1917.5057444021008,1.7106214599863496,4.780000000000004,0.03510462271059727,4.780000000000004,0.03,0.024556705477197936,0.125
3.646953902350999,2.948750219389294,0.125,1922.045619630213,1.7113760719142308,4.781000000000003,0.035106285459300605,4.781000000000004,0.03,0.024556705477197936,0.125
3.6472940476453126,2.9497078907107377,0.125,1926.5855756805142,1.7118704157356055,4.7820000000000045,0.03510794874662405,4.7820000000000045,0.03,0.024556705477197936,0.125
3.6476342923693768,2.950661633822252,0.125,1931.1331290009277,1.7123690855885565,4.783000000000004,0.035109611986902295,4.783000000000004,0.03,0.024556705477197936,0.125
3.6479746364584584,2.9516114512813143,0.125,1935.688274645232,1.7128720786566063,4.784000000000004,0.03511127518016597,4.784000000000004,0.03,0.024556705477197936,0.125
3.6483333453181883,2.952741059601535,0.125,1940.2537003201737,1.7132687389742738,4.785000000000005,0.035112940364244456,4.785000000000005,0.03,0.024556705477197936,0.125
3.6487324064931954,2.9542712532035353,0.125,1944.8325577698197,1.7134262209444713,4.786000000000004,0.035114609978647494,4.786000000000004,0.03,0.024556705477197936,0.125
3.6491317182842846,2.9557985033436576,0.125,1949.4188881278035,1.713587648840452,4.7870000000000035,0.035116279542318274,4.787000000000004,0.03,0.024556705477197936,0.125
3.6495312806166935,2.9573228108999707,0.125,1954.0126891648567,1.7137530214850973,4.788000000000003,0.03511794905527191,4.788000000000004,0.03,0.024556705477197936,0.125
3.650005947064781,2.959359563085906,0.125,1958.6415016689923,1.7137063708172238,4.789000000000003,0.03511962639422898,4.789000000000004,0.03,0.024556705477197936,0.125
3.6504876605335492,2.9614440635104535,0.125,1963.2801961472442,1.7136401603550389,4.7900000000000045,0.035121304410676055,4.7900000000000045,0.03,0.024556705477197936,0.125
3.6509647420132443,2.963629690439481,0.125,1967.9351045227543,1.7134542934203285,4.791000000000004,0.03512298307910979,4.791000000000004,0.03,0.024556705477197936,0.125
3.6514259650571526,2.9661953437829056,0.125,1972.6306408815037,1.7128249592791034,4.792000000000004,0.03512466430835828,4.792000000000004,0.03,0.024556705477197936,0.125
3.651887543772827,2.9687607297840484,0.125,1977.3337014377876,1.7121973150991772,4.793000000000005,0.03512634530070574,4.793000000000005,0.03,0.024556705477197936,0.125
3.65243118378667,2.9716644026014984,0.125,1982.0802205420969,1.7115596357834966,4.794000000000004,0.03512803549587295,4.794000000000004,0.03,0.024556705477197936,0.125
3.653015210412419,2.974732897304654,0.125,1986.851889859723,1.710918684261338,4.795000000000004,0.03512972995097298,4.795000000000004,0.03,0.024556705477197936,0.125
3.6536239861306927,2.9780292946021047,0.125,1991.668922299409,1.7101488202090989,4.796000000000004,0.03513143684310861,4.796000000000004,0.03,0.024556705477197936,0.125
3.65424766633852,2.98146453441366,0.125,1996.5159436014924,1.7092997276556519,4.797000000000004,0.03513315115433734,4.797000000000004,0.03,0.024556705477197936,0.125
3.655135627621855,2.9877796105079844,0.125,2001.3895846307248,1.706627949039379,4.7980000000000045,0.03513492071165306,4.7980000000000045,0.03,0.024556705477197936,0.125
3.6562113212263845,2.9921014197971223,0.125,2006.3491702679657,1.7067003561142309,4.799000000000004,0.03513667855183467,4.799000000000004,0.03,0.024556705477197936,0.125
3.657101155406843,2.995564137096764,0.125,2011.4106318528936,1.7068884086798297,4.800000000000004,0.03513841131823008,4.800000000000004,0.03,0.024556705477197936,0.125
3.6577282834217697,2.99855898509001,0.125,2016.3936476827428,1.7064916169198865,4.801000000000004,0.035136225836313956,4.801000000000005,0.03,0.024556705477197936,0.125
3.6580161970707605,3.0006014309833433,0.125,2021.451590870312,1.7056903721794483,4.802000000000005,0.0351340102088521,4.802000000000004,0.03,0.024556705477197936,0.125
3.658122847210899,3.002125844784063,0.125,2026.5501173984255,1.7046821068459965,4.8030000000000035,0.03513177837676636,4.803000000000004,0.03,0.024556705477197936,0.125
3.6582343828423447,3.0036633806300603,0.125,2031.6503624181305,1.7036802614670232,4.804000000000005,0.035129546901523076,4.804000000000004,0.03,0.024556705477197936,0.125
3.6583509225493382,3.005214357029275,0.125,2036.7523676419323,1.702684991872383,4.805000000000003,0.0351273157917838,4.805000000000004,0.03,0.024556705477197936,0.125
3.6584725887852425,3.0067791028818043,0.125,2041.856176143295,1.7016964589762968,4.806000000000004,0.03512508505649268,4.8060000000000045,0.03,0.024556705477197936,0.125
3.6584158934195252,3.007700898174813,0.125,2047.0443014007815,1.700637432367222,4.807000000000003,0.03512286467522298,4.807000000000004,0.03,0.024556705477197936,0.125
3.6582416966441467,3.0081999219953772,0.125,2052.291770760887,1.6995311729441573,4.808000000000004,0.0351206515734541,4.808000000000004,0.03,0.024556705477197936,0.125
3.658076548536001,3.008729627440318,0.125,2057.5424491693934,1.6984304264500774,4.809000000000004,0.035118438951418036,4.809000000000005,0.03,0.024556705477197936,0.125
3.657920616661174,3.0092905826816767,0.125,2062.796396052469,1.6973352949751492,4.810000000000004,0.035116226817998634,4.810000000000004,0.03,0.024556705477197936,0.125
3.6574343298601644,3.0091931811360846,0.125,2068.089019939279,1.6955770912933124,4.811000000000004,0.0351140338544939,4.811000000000004,0.03,0.024556705477197936,0.125
3.6569580962404484,3.00913354074615,0.125,2073.396365655548,1.6938213390298174,4.812000000000003,0.035111840974324474,4.812000000000004,0.03,0.024556705477197936,0.125
3.6564932635155323,3.0091428361335875,0.125,2078.699396552636,1.6920422581409644,4.813000000000004,0.0351096434695328,4.813000000000004,0.03,0.024556705477197936,0.125
3.6560120802677694,3.0091755961672866,0.125,2083.981333448098,1.6901743170843062,4.8140000000000045,0.03510743781611761,4.8140000000000045,0.03,0.024556705477197936,0.125
3.6555330481861588,3.009204669163297,0.125,2089.277020747101,1.6883186676024518,4.815000000000004,0.03510523184725803,4.815000000000004,0.03,0.024556705477197936,0.125
3.6550733080294653,3.0092822151908267,0.125,2094.5754174726385,1.6864917120485712,4.816000000000005,0.03510302371081276,4.816000000000004,0.03,0.024556705477197936,0.125
3.654766247551586,3.009818662594698,0.125,2099.784988142784,1.6848165682852008,4.817000000000005,0.03510079900870026,4.817000000000005,0.03,0.024556705477197936,0.125
3.6544551767506763,3.0103417346140406,0.125,2105.0008562045023,1.6831387586360358,4.818000000000003,0.03509857469065564,4.818000000000004,0.03,0.024556705477197936,0.125
3.6541400182775474,3.01085117327085,0.125,2110.2231431188716,1.681458231682746,4.819000000000004,0.03509635076408664,4.819000000000004,0.03,0.024556705477197936,0.125
3.653820692780975,3.0113467139098473,0.125,2115.4519734907426,1.6797749346761415,4.820000000000004,0.03509412723659271,4.820000000000004,0.03,0.024556705477197936,0.125
3.6535246507429266,3.011908777518652,0.125,2120.681313124705,1.6781182501063623,4.821000000000004,0.03509190227647321,4.821000000000004,0.03,0.024556705477197936,0.125
3.6532881854760713,3.012644827978565,0.125,2125.90233139852,1.676525889353279,4.822000000000004,0.03508967343665096,4.8220000000000045,0.03,0.024556705477197936,0.125
3.6530476210322638,3.0133688348756316,0.125,2131.1289448594434,1.6749291754395625,4.823000000000004,0.03508744496039497,4.823000000000004,0.03,0.024556705477197936,0.125
3.6528028657259317,3.0140805288336,0.125,2136.361278654051,1.6733280109988307,4.824000000000004,0.03508521685583705,4.824000000000004,0.03,0.024556705477197936,0.125
3.652553825116678,3.014779632382418,0.125,2141.599461689118,1.671722295739192,4.825000000000005,0.03508298913135335,4.825000000000005,0.03,0.024556705477197936,0.125
3.652300401905035,3.0154658596519446,0.125,2146.843626773917,1.6701119263325344,4.826000000000003,0.035080761795573616,4.826000000000004,0.03,0.024556705477197936,0.125
3.6520569469160935,3.016203170149646,0.125,2152.101695642763,1.6684903440604273,4.827000000000004,0.035078535366900455,4.827000000000004,0.03,0.024556705477197936,0.125
3.6518232235754677,3.016991817914015,0.125,2157.373556474784,1.6668563487367123,4.828000000000005,0.03507630980541777,4.828000000000004,0.03,0.024556705477197936,0.125
3.6515855071801764,3.017771314216085,0.125,2162.651928639264,1.6652155326906615,4.829000000000003,0.03507408462333897,4.829000000000004,0.03,0.024556705477197936,0.125
3.651343719385579,3.0185414795020775,0.125,2167.936939890019,1.663567762098151,4.8300000000000045,0.03507185982810807,4.8300000000000045,0.03,0.024556705477197936,0.125
3.6510977797840205,3.019302129490112,0.125,2173.2287213449517,1.661912899611128,4.831000000000004,0.03506963542736509,4.831000000000004,0.03,0.024556705477197936,0.125
3.650847605836476,3.0200530750135464,0.125,2178.527407597525,1.6602508042408481,4.832000000000004,0.03506741142895253,4.832000000000004,0.03,0.024556705477197936,0.125
3.65062147840514,3.0208757768474417,0.125,2183.874831933824,1.6586131389969812,4.833000000000005,0.03506518442798479,4.833000000000005,0.03,0.024556705477197936,0.125
3.6504035387888623,3.0217230595049176,0.125,2189.2454555315394,1.6569836443076595,4.834000000000004,0.035062956334034785,4.834000000000004,0.03,0.024556705477197936,0.125
3.650184111291857,3.0225668423254284,0.125,2194.6247698838515,1.6553516979258576,4.8350000000000035,0.0350607283109804,4.835000000000004,0.03,0.024556705477197936,0.125
3.6499631859573274,3.0234071018883033,0.125,2200.0128331486944,1.6537172834450167,4.836000000000004,0.035058500359296065,4.836000000000004,0.03,0.024556705477197936,0.125
3.649740752739437,3.0242438145634303,0.125,2205.409704004095,1.6520803843118588,4.837000000000004,0.035056272479460464,4.837000000000004,0.03,0.024556705477197936,0.125
3.6495168015023145,3.0250769565089115,0.125,2210.8154416539696,1.650440983824751,4.8380000000000045,0.035054044671956545,4.8380000000000045,0.03,0.024556705477197936,0.125
3.649309786762889,3.025943125855545,0.125,2216.2492090055716,1.6488363042621748,4.839000000000004,0.03505181514568844,4.839000000000004,0.03,0.024556705477197936,0.125
3.649119557863025,3.02684087450387,0.125,2221.7102037011928,1.647267191026978,4.840000000000004,0.03504958389280152,4.840000000000004,0.03,0.024556705477197936,0.125
3.6489286708766437,3.027735231237736,0.125,2227.18016987677,1.6456988374042671,4.841000000000005,0.03504735259851687,4.841000000000005,0.03,0.024556705477197936,0.125
3.6487371248518903,3.028626191151079,0.125,2232.6591205086447,1.6441312444927467,4.842000000000004,0.035045121262774634,4.842000000000004,0.03,0.024556705477197936,0.125
3.6485449188350727,3.0295137493283715,0.125,2238.147068598209,1.6425644133932362,4.843000000000004,0.03504288988551479,4.843000000000004,0.03,0.024556705477197936,0.125
3.648352051870657,3.030397900844593,0.125,2243.64402717193,1.6409983452086871,4.844000000000004,0.035040658466677255,4.844000000000004,0.03,0.024556705477197936,0.125
3.648158523001264,3.031278640765216,0.125,2249.1500092814545,1.6394330410441749,4.845000000000004,0.035038427006201786,4.845000000000004,0.03,0.024556705477197936,0.125
3.6479494342949623,3.0321957407265447,0.125,2254.6765058137717,1.637769135091611,4.846000000000004,0.0350361990958291,4.8460000000000045,0.03,0.024556705477197936,0.125
3.647732553894096,3.0331272430681966,0.125,2260.2167880727693,1.6360596588382565,4.847000000000003,0.03503397277040495,4.847000000000004,0.03,0.024556705477197936,0.125
3.6475145569266063,3.034055080414153,0.125,2265.7655978951225,1.6343493812643284,4.848000000000003,0.03503174640254977,4.848000000000004,0.03,0.024556705477197936,0.125
3.6472954396077424,3.0349792403414195,0.125,2271.3229641861512,1.632638299653644,4.849000000000005,0.03502951999211973,4.849000000000005,0.03,0.024556705477197936,0.125
3.6470751981356275,3.03589971037079,0.125,2276.888915981957,1.6309264112777309,4.850000000000003,0.03502729353897035,4.850000000000004,0.03,0.024556705477197936,0.125
3.646853828691162,3.0368164779665343,0.125,2282.4634824501777,1.6292137133957552,4.851000000000004,0.03502506704295649,4.851000000000004,0.03,0.024556705477197936,0.125
3.646633586126159,3.0377642930270454,0.125,2288.064672327279,1.627474475792983,4.852000000000004,0.035022842126837456,4.852000000000004,0.03,0.024556705477197936,0.125
3.64641430946391,3.0387370182751146,0.125,2293.688950291823,1.625714191794509,4.853000000000004,0.035020618517180094,4.853000000000004,0.03,0.024556705477197936,0.125
3.6461942086414765,3.0397060425972215,0.125,2299.321422220478,1.6239543120354936,4.854000000000004,0.03501839488221895,4.8540000000000045,0.03,0.024556705477197936,0.125
3.6459732823021365,3.0406713599009447,0.125,2304.962101602051,1.6221948371813921,4.855000000000004,0.03501617122191239,4.855000000000004,0.03,0.024556705477197936,0.125
3.6457515290861866,3.0416329640804842,0.125,2310.6110019549797,1.6204357678991181,4.856000000000004,0.03501394753621865,4.856000000000004,0.03,0.024556705477197936,0.125
3.6455289476309365,3.042590849016622,0.125,2316.2681368273984,1.6186771048570532,4.857000000000005,0.035011723825095896,4.857000000000005,0.03,0.024556705477197936,0.125
3.645316327691475,3.043585293299241,0.125,2321.9528282060382,1.616921729991201,4.858000000000004,0.03500949939487782,4.858000000000004,0.03,0.024556705477197936,0.125
3.645113136811025,3.0446138241568237,0.125,2327.663402965346,1.6151699862481552,4.859000000000004,0.03500727426648863,4.859000000000004,0.03,0.024556705477197936,0.125
3.64490938237673,3.0456389835570685,0.125,2333.381751581685,1.6134193598388993,4.860000000000004,0.035005049078001484,4.860000000000004,0.03,0.024556705477197936,0.125
3.644705064263487,3.04666077075156,0.125,2339.107875780754,1.6116698510114602,4.861000000000003,0.03500282382940303,4.861000000000004,0.03,0.024556705477197936,0.125
3.6445001823461594,3.0476791849916607,0.125,2344.841777288748,1.6099214600139453,4.862000000000004,0.035000598520679924,4.8620000000000045,0.03,0.024556705477197936,0.125
3.644294736499572,3.0486942255285108,0.125,2350.583457832363,1.608174187094537,4.863000000000004,0.034998373151818814,4.863000000000004,0.03,0.024556705477197936,0.125
3.6440931509850922,3.049728986861357,0.125,2356.3458113825113,1.6064226333082292,4.864000000000004,0.03499614764749731,4.864000000000004,0.03,0.024556705477197936,0.125
3.643901802467706,3.050815837222808,0.125,2362.146471007794,1.6046599349173833,4.865000000000005,0.03499392187187182,4.865000000000005,0.03,0.024556705477197936,0.125
3.6437102353855586,3.051899700833481,0.125,2367.954445250051,1.6028993489695855,4.866000000000003,0.034991695988162576,4.866000000000004,0.03,0.024556705477197936,0.125
3.643518450031061,3.0529805816893045,0.125,2373.769724323188,1.6011408726386296,4.867000000000004,0.03498946999651416,4.867000000000004,0.03,0.024556705477197936,0.125
3.6433264466961077,3.054058483779073,0.125,2379.5922984585395,1.5993845031033553,4.868000000000004,0.03498724389707092,4.868000000000004,0.03,0.024556705477197936,0.125
3.6431342256720707,3.0551334110844803,0.125,2385.4221579048685,1.597630237547625,4.869000000000003,0.03498501768997695,4.869000000000004,0.03,0.024556705477197936,0.125
3.6429417872498036,3.056205367580124,0.125,2391.2592929283005,1.5958780731603208,4.870000000000005,0.03498279137537608,4.8700000000000045,0.03,0.024556705477197936,0.125
3.6427308626903456,3.0573424954546984,0.125,2397.142057112781,1.5939867978875897,4.871000000000004,0.03498057010228965,4.871000000000004,0.03,0.024556705477197936,0.125
3.6425189068300625,3.058477617674061,0.125,2403.032576203617,1.592093403146286,4.872000000000003,0.034978348873774,4.872000000000004,0.03,0.024556705477197936,0.125
3.6423062290747668,3.059609559234334,0.125,2408.9301932416643,1.590200301476368,4.873000000000005,0.034976127601826924,4.873000000000005,0.03,0.024556705477197936,0.125
3.6420928290155055,3.0607383183336716,0.125,2414.8349122479044,1.5883074930438623,4.874000000000004,0.03497390628642379,4.874000000000004,0.03,0.024556705477197936,0.125
3.6418787062430162,3.061863893168872,0.125,2420.7467372463757,1.586414978014916,4.8750000000000036,0.03497168492753999,4.875000000000004,0.03,0.024556705477197936,0.125
3.641664652439967,3.062999111046771,0.125,2426.67420937379,1.5845130951954394,4.876000000000004,0.03496946378365456,4.876000000000004,0.03,0.024556705477197936,0.125
3.6414540389732526,3.06419573635248,0.125,2432.6514182905216,1.582563563200067,4.877000000000003,0.03496724388609547,4.877000000000004,0.03,0.024556705477197936,0.125
3.6412430137563505,3.065389343227951,0.125,2438.6352300849508,1.5806154026621362,4.8780000000000046,0.034965023928311675,4.8780000000000046,0.03,0.024556705477197936,0.125
3.641031577070723,3.066579933736503,0.125,2444.6256402435206,1.578668612644157,4.879000000000004,0.034962803910344356,4.879000000000004,0.03,0.024556705477197936,0.125
3.6408197291975766,3.067767509939576,0.125,2450.6226442568022,1.5767231922094884,4.880000000000004,0.03496058383223464,4.880000000000004,0.03,0.024556705477197936,0.125
3.6406074704178577,3.06895207389673,0.125,2456.626237619461,1.574779140422348,4.881000000000005,0.03495836369402361,4.881000000000005,0.03,0.024556705477197936,0.125
3.6403957747739115,3.070170849757252,0.125,2462.662668200427,1.5728031300988623,4.882000000000004,0.03495614413995228,4.882000000000004,0.03,0.024556705477197936,0.125
3.6401849827144903,3.0714306174704165,0.125,2468.7363575217696,1.570789743228353,4.883000000000004,0.03495392525741754,4.8830000000000044,0.03,0.024556705477197936,0.125
3.639974006997473,3.072687500890049,0.125,2474.8162175432103,1.568778506049517,4.884000000000004,0.03495170627600787,4.884000000000004,0.03,0.024556705477197936,0.125
3.639762847897801,3.073941504334061,0.125,2480.902239026971,1.5667694153441714,4.885000000000004,0.034949487195871286,4.885000000000004,0.03,0.024556705477197936,0.125
3.639551505689871,3.0751926321117424,0.125,2486.9944127536774,1.5647624679005632,4.886000000000004,0.03494726801715551,4.886000000000005,0.03,0.024556705477197936,0.125
3.6393399806475286,3.076440888523791,0.125,2493.0927295223473,1.562757660513341,4.887000000000003,0.034945048740007985,4.887000000000004,0.03,0.024556705477197936,0.125
3.6391280778784605,3.077762364016567,0.125,2499.25391298854,1.5606781212719032,4.888000000000004,0.0349428329189437,4.888000000000004,0.03,0.024556705477197936,0.125
3.63891596583853,3.079089794418766,0.125,2505.4275830340457,1.5585917897508157,4.889000000000004,0.0349406173443209,4.889000000000005,0.03,0.024556705477197936,0.125
3.638703667242007,3.0804143472742718,0.125,2511.607129796763,1.5565075894782185,4.890000000000004,0.03493840159988628,4.890000000000004,0.03,0.024556705477197936,0.125
3.638491182375477,3.081736027003539,0.125,2517.7925442489595,1.5544255171801118,4.8910000000000045,0.03493618568590069,4.8910000000000045,0.03,0.024556705477197936,0.125
3.6382785115249394,3.0830548380179685,0.125,2523.983817381375,1.5523455695892008,4.892000000000003,0.034933969602624466,4.892000000000004,0.03,0.024556705477197936,0.125
3.638063522806718,3.0844162180462087,0.125,2530.216631099637,1.5502137841610961,4.893000000000004,0.03493175547698083,4.893000000000004,0.03,0.024556705477197936,0.125
3.6378463935363134,3.0858183679049915,0.125,2536.4893485807374,1.5480326693328095,4.894000000000005,0.03492954323756983,4.894000000000005,0.03,0.024556705477197936,0.125
3.637629200238003,3.0872176867075156,0.125,2542.7676357555342,1.5458541295109571,4.895000000000004,0.03492733084767781,4.895000000000004,0.03,0.024556705477197936,0.125
3.6374119430314447,3.088614179744579,0.125,2549.0514822151576,1.5436781598832596,4.896000000000004,0.034925118307585976,4.896000000000004,0.03,0.024556705477197936,0.125
3.6371946220359983,3.0900078522937986,0.125,2555.3408775766575,1.5415047556494221,4.897000000000004,0.034922905617574856,4.897000000000005,0.03,0.024556705477197936,0.125
3.636974121173282,3.0914309359492234,0.125,2561.661972775293,1.5392892183511355,4.898000000000003,0.034920693829017364,4.898000000000004,0.03,0.024556705477197936,0.125
3.6367476765920923,3.092912119732532,0.125,2568.0379531441536,1.5369918012666153,4.8990000000000045,0.03491848386897232,4.8990000000000045,0.03,0.024556705477197936,0.125
3.636521187795298,3.0943904485122613,0.125,2574.419277276112,1.5346970623514447,4.900000000000004,0.0349162737451945,4.900000000000004,0.03,0.024556705477197936,0.125
3.6363675020098616,3.095656850496917,0.125,2580.014034613732,1.5329036537796674,4.901000000000004,0.03492347111250903,4.901000000000004,0.03,0.024556705477197936,0.125
3.6362137564438086,3.096918281310437,0.125,2585.6184764221116,1.531114977365764,4.902000000000004,0.034930667574798895,4.902000000000005,0.03,0.024556705477197936,0.125
3.6360599513588387,3.0981747627148737,0.125,2591.2325603060003,1.5293310123940003,4.903000000000005,0.034937863136025996,4.903000000000004,0.03,0.024556705477197936,0.125
3.6359061679645595,3.0994650141527593,0.125,2596.887579693333,1.5275133645712502,4.904000000000004,0.03494505904209777,4.904000000000004,0.03,0.024556705477197936,0.125
3.635752324187631,3.100785655293553,0.125,2602.580632221965,1.5256650858337788,4.905000000000004,0.03495225515421332,4.905000000000005,0.03,0.024556705477197936,0.125
3.635598322735941,3.1021012097998693,0.125,2608.2829016973496,1.5238212630417571,4.906000000000003,0.034959450326480894,4.906000000000004,0.03,0.024556705477197936,0.125
3.635444164260767,3.1034116986821667,0.125,2613.994350048697,1.5219818777898004,4.907000000000005,0.03496664456278258,4.9070000000000045,0.03,0.024556705477197936,0.125
3.6352898494098067,3.104717142835346,0.125,2619.714939414576,1.520146911773757,4.908000000000004,0.034973837866979066,4.908000000000004,0.03,0.024556705477197936,0.125
3.635135378827199,3.1060175630395506,0.125,2625.4446321415226,1.5183163467899983,4.909000000000003,0.03498103024290987,4.909000000000004,0.03,0.024556705477197936,0.125
3.6349805436673925,3.107315008611514,0.125,2631.185144621468,1.5164872982470674,4.910000000000005,0.034988221779216615,4.910000000000005,0.03,0.024556705477197936,0.125
3.634818122589019,3.1086803417290287,0.125,2636.9977565499485,1.5145600223475755,4.911000000000003,0.034995415394650876,4.911000000000004,0.03,0.024556705477197936,0.125
3.6346557498054604,3.110040514308427,0.125,2642.8193207643008,1.5126381001473364,4.912000000000004,0.03500260799387277,4.912000000000004,0.03,0.024556705477197936,0.125
3.6344934250788214,3.1113955517699248,0.125,2648.6497931665917,1.5107215052746408,4.913000000000005,0.03500979958188804,4.913000000000005,0.03,0.024556705477197936,0.125
3.6343311481727687,3.1127454793670566,0.125,2654.48912994803,1.5088102115307065,4.914000000000004,0.035016990163669603,4.914000000000004,0.03,0.024556705477197936,0.125
3.6341689188525126,3.114090322188045,0.125,2660.337287586641,1.5069041928882467,4.9150000000000045,0.03502417974415783,4.9150000000000045,0.03,0.024556705477197936,0.125
3.6340067368848015,3.115430105157135,0.125,2666.1942228448606,1.505003423490092,4.916000000000004,0.03503136832826081,4.916000000000004,0.03,0.024556705477197936,0.125
3.6338379200190656,3.1168277063393606,0.125,2672.1137653075994,1.5030182946738473,4.917000000000003,0.035038557749536715,4.917000000000004,0.03,0.024556705477197936,0.125
3.6336675254058663,3.1182363485473474,0.125,2678.0559334104755,1.501015813368599,4.918000000000005,0.03504574659193715,4.918000000000005,0.03,0.024556705477197936,0.125
3.6334973037570535,3.1196396727355995,0.125,2684.006655325439,1.4990193418778914,4.919000000000003,0.03505293437751729,4.919000000000004,0.03,0.024556705477197936,0.125
3.633327254142929,3.121037707488885,0.125,2689.965885075101,1.4970288478985083,4.920000000000004,0.03506012111195765,4.920000000000004,0.03,0.024556705477197936,0.125
3.633157375640446,3.122430481187475,0.125,2695.933577010985,1.4950442993583282,4.921000000000004,0.03506730680089804,4.921000000000005,0.03,0.024556705477197936,0.125
3.6329876673331523,3.123818022008967,0.125,2701.9096858105863,1.4930656644142695,4.922000000000004,0.03507449144993807,4.922000000000004,0.03,0.024556705477197936,0.125
3.6328169345054984,3.125269063246411,0.125,2707.9515855561863,1.4910194303682325,4.9230000000000045,0.035081678284884184,4.9230000000000045,0.03,0.024556705477197936,0.125
3.632646066601051,3.126730633772445,0.125,2714.015082698519,1.4889621267191153,4.924000000000004,0.03508886473532195,4.924000000000004,0.03,0.024556705477197936,0.125
3.632475339185983,3.1281866758901264,0.125,2720.086703161089,1.4869109135736696,4.925000000000003,0.03509605004377859,4.925000000000004,0.03,0.024556705477197936,0.125
3.6323047515012137,3.129637219470161,0.125,2726.1664030525403,1.4848657580241174,4.926000000000005,0.03510323421642437,4.926000000000005,0.03,0.024556705477197936,0.125
3.6321343027931183,3.131082294168446,0.125,2732.2541387971432,1.4828266273993274,4.927000000000005,0.035110417259385164,4.927000000000004,0.03,0.024556705477197936,0.125
3.631963992313482,3.1325219294280076,0.125,2738.349867131996,1.480793489262684,4.928000000000004,0.035117599178742936,4.928000000000004,0.03,0.024556705477197936,0.125
3.6317861728813625,3.134045720885947,0.125,2744.5277469113635,1.478646161558297,4.929000000000004,0.035124783673037716,4.929000000000005,0.03,0.024556705477197936,0.125
3.631608498456715,3.13556502527118,0.125,2750.7144761302206,1.4765039008982126,4.930000000000004,0.03513196698007978,4.930000000000004,0.03,0.024556705477197936,0.125
3.63143107983187,3.1370785681692266,0.125,2756.908927447652,1.474368424831538,4.9310000000000045,0.03513914905233959,4.9310000000000045,0.03,0.024556705477197936,0.125
3.6312539155231964,3.1385863829965652,0.125,2763.111056075676,1.472239694007806,4.932000000000004,0.03514632989697884,4.932000000000004,0.03,0.024556705477197936,0.125
3.631077004058511,3.140088502911755,0.125,2769.320817572014,1.4701176693802662,4.933000000000004,0.03515350952110398,4.933000000000004,0.03,0.024556705477197936,0.125
3.630895714978007,3.141624207735104,0.125,2775.569077467966,1.4679445480774957,4.934000000000004,0.035160688974862554,4.934000000000005,0.03,0.024556705477197936,0.125
3.630707688872837,3.143213570956452,0.125,2781.8717924027346,1.4656908184414854,4.935000000000004,0.035167868740781,4.935000000000004,0.03,0.024556705477197936,0.125
3.6305199922694595,3.1447967210675873,0.125,2788.181829429264,1.4634446199739106,4.936000000000004,0.035175047209701736,4.936000000000004,0.03,0.024556705477197936,0.125
3.63033262316206,3.1463736958903,0.125,2794.4991439749206,1.4612059068294116,4.937000000000004,0.03518222438952011,4.937000000000005,0.03,0.024556705477197936,0.125
3.6301455795610718,3.1479445329400204,0.125,2800.8236918281177,1.4589746335339817,4.938000000000004,0.03518940028806754,4.938000000000004,0.03,0.024556705477197936,0.125
3.6299581601926554,3.149517218735963,0.125,2807.1619109907215,1.456740008466682,4.939000000000005,0.035196575140654746,4.9390000000000045,0.03,0.024556705477197936,0.125
3.629763131040179,3.1511737338236907,0.125,2813.5806813288496,1.4543911149616553,4.940000000000004,0.035203751251641296,4.940000000000004,0.03,0.024556705477197936,0.125
3.6295684185295056,3.15282376420133,0.125,2820.006377548679,1.4520499728004042,4.941000000000004,0.035210926001266955,4.941000000000004,0.03,0.024556705477197936,0.125
3.6293740207465293,3.154467349069109,0.125,2826.4389577830725,1.4497165351258678,4.942000000000005,0.035218099397761195,4.942000000000005,0.03,0.024556705477197936,0.125
3.6291799357925396,3.1561045273119426,0.125,2832.8783805016756,1.4473907554578913,4.943000000000003,0.03522527144928726,4.943000000000004,0.03,0.024556705477197936,0.125
3.6289861617840664,3.1577353375025896,0.125,2839.324604507532,1.4450725876894444,4.944000000000005,0.035232442163942904,4.944000000000004,0.03,0.024556705477197936,0.125
3.6287827459626483,3.1594601684020027,0.125,2845.860597758208,1.4426218348470985,4.945000000000005,0.03523961378568776,4.945000000000005,0.03,0.024556705477197936,0.125
3.6285796727603916,3.1611801562949267,0.125,2852.4046854505323,1.440177295465324,4.946000000000004,0.03524678402484613,4.946000000000004,0.03,0.024556705477197936,0.125
3.6283771222871484,3.162893510140564,0.125,2858.9553091116945,1.4377414809720728,4.9470000000000045,0.035253952848936496,4.9470000000000045,0.03,0.024556705477197936,0.125
3.6281750911561708,3.164600272920729,0.125,2865.5124263953035,1.4353143348390252,4.948000000000003,0.03526112026712702,4.948000000000004,0.03,0.024556705477197936,0.125
3.627972840048116,3.1663113277691655,0.125,2872.0846303861235,1.4328820162323856,4.949000000000003,0.035268286638967236,4.949000000000004,0.03,0.024556705477197936,0.125
3.6277644686754296,3.168113798813716,0.125,2878.741364600141,1.4303337965203722,4.950000000000004,0.03527545471066224,4.950000000000005,0.03,0.024556705477197936,0.125
3.6275566611106784,3.1699094040145805,0.125,2885.404363748466,1.4277946979081373,4.951000000000003,0.03528262124924767,4.951000000000004,0.03,0.024556705477197936,0.125
3.6273494136837403,3.1716981880651605,0.125,2892.0735870493404,1.4252646610216273,4.9520000000000035,0.03528978626470335,4.952000000000004,0.03,0.024556705477197936,0.125
3.627142722756275,3.173480195271784,0.125,2898.748994074194,1.422743627001005,4.953000000000006,0.03529694976692266,4.953000000000005,0.03,0.024556705477197936,0.125
3.626933436377896,3.1753018745912835,0.125,2905.4671584275616,1.4201725408245554,4.954000000000004,0.03530411521562397,4.954000000000004,0.03,0.024556705477197936,0.125
3.626720106442795,3.1771843823763875,0.125,2912.2448757998845,1.417524454395311,4.9550000000000045,0.035311283928097334,4.9550000000000045,0.03,0.024556705477197936,0.125
3.6265073340470475,3.1790598174745575,0.125,2919.028572323598,1.414885670660913,4.956000000000003,0.03531845075404218,4.956000000000004,0.03,0.024556705477197936,0.125
3.626295115610934,3.1809282252964635,0.125,2925.8182096091646,1.4122561298927736,4.957000000000003,0.035325615705571106,4.957000000000004,0.03,0.024556705477197936,0.125
3.626083447585314,3.1827896508648514,0.125,2932.6137495949774,1.4096357728725395,4.958000000000005,0.035332778794693216,4.958000000000005,0.03,0.024556705477197936,0.125
3.6258607696240657,3.1847517998698565,0.125,2939.5000878546653,1.40687064954498,4.959000000000003,0.03533994223490172,4.959000000000004,0.03,0.024556705477197936,0.125
3.6256376049675767,3.186718409958102,0.125,2946.4013359331693,1.4040991180827918,4.9600000000000035,0.03534710394490909,4.960000000000004,0.03,0.024556705477197936,0.125
3.625415204422141,3.1886779189991774,0.125,2953.308303579074,1.4013377441724093,4.961000000000005,0.035354263694013434,4.961000000000005,0.03,0.024556705477197936,0.125
3.6251935629410186,3.19063037389351,0.125,2960.220953016234,1.3985864607260468,4.962000000000003,0.03536142149516595,4.962000000000004,0.03,0.024556705477197936,0.125
3.624966323733254,3.1926652275546665,0.125,2967.1982619536716,1.395730390971471,4.963000000000004,0.0353686168700027,4.9630000000000045,0.03,0.024556705477197936,0.125
3.6247357979434884,3.1947494470672884,0.125,2974.2183416359057,1.3928118112414858,4.964000000000004,0.03537583218560461,4.964000000000004,0.03,0.024556705477197936,0.125
3.624505969730442,3.1968268190879146,0.125,2981.244020687524,1.389902869448655,4.965000000000004,0.035383041889141806,4.965000000000004,0.03,0.024556705477197936,0.125
3.6242768348918943,3.198897384865973,0.125,2988.2752653778157,1.3870035075338547,4.966000000000005,0.035390246014421464,4.966000000000005,0.03,0.024556705477197936,0.125
3.6240474590690175,3.20103792283765,0.125,2995.3673367032975,1.3840332052592013,4.967000000000004,0.03539746640981956,4.967000000000004,0.03,0.024556705477197936,0.125
3.623817790145126,3.2032340715219867,0.125,3002.510114792977,1.381006116299898,4.9680000000000035,0.03540469716961484,4.968000000000004,0.03,0.024556705477197936,0.125
3.6235885225320397,3.2054230514207336,0.125,3009.658387774387,1.3779878013295934,4.969000000000005,0.03541191994304145,4.969000000000005,0.03,0.024556705477197936,0.125
3.6233596540229107,3.2076049019557615,0.125,3016.812125430553,1.374978212099241,4.970000000000004,0.03541913477401721,4.970000000000004,0.03,0.024556705477197936,0.125
3.6231194016810586,3.209875343148217,0.125,3024.039987278329,1.3718345001882926,4.971000000000004,0.03542637941956614,4.9710000000000045,0.03,0.024556705477197936,0.125
3.622873153315931,3.2121898229070194,0.125,3031.31052710488,1.368622767408771,4.972000000000004,0.035433633199483415,4.972000000000004,0.03,0.024556705477197936,0.125
3.6226273089131777,3.214496214699114,0.125,3038.5863871297106,1.3654207384205392,4.973000000000005,0.03544087494348007,4.973000000000004,0.03,0.024556705477197936,0.125
3.6223818661654383,3.2167945647214817,0.125,3045.8675369648163,1.3622283577973233,4.974000000000004,0.03544810472030307,4.974000000000005,0.03,0.024556705477197936,0.125
3.6221103417773306,3.219227295606712,0.125,3053.2586348822774,1.3587972673912776,4.975000000000004,0.03545557945816723,4.975000000000004,0.03,0.024556705477197936,0.125
3.6218386197043158,3.2216548047094444,0.125,3060.6573275438845,1.3553706079266359,4.976000000000004,0.03546302652204766,4.976000000000004,0.03,0.024556705477197936,0.125
3.6215673012358574,3.224073888774374,0.125,3068.061200174851,1.3519539878697413,4.977000000000005,0.03547044000081595,4.977000000000005,0.03,0.024556705477197936,0.125
3.6212941894249395,3.2265697184640416,0.125,3075.530027063417,1.3484534506822365,4.978000000000004,0.035477830907101625,4.978000000000004,0.03,0.024556705477197936,0.125
3.6210196708934803,3.2291288333931805,0.125,3083.05443558134,1.3448840029317137,4.9790000000000045,0.03548519628275929,4.9790000000000045,0.03,0.024556705477197936,0.125
3.6207456093983765,3.231679364286095,0.125,3090.5839161909716,1.3413249673057648,4.980000000000004,0.035492526750388304,4.980000000000004,0.03,0.024556705477197936,0.125
3.620470830312139,3.234262096737398,0.125,3098.147218627726,1.3377308591143713,4.981000000000004,0.035499883726456134,4.981000000000004,0.03,0.024556705477197936,0.125
3.620193030334698,3.23695779595073,0.125,3105.801488809906,1.334011698832617,4.982000000000005,0.03550737244432909,4.982000000000005,0.03,0.024556705477197936,0.125
3.6199157244228104,3.239644699651656,0.125,3113.4607440417444,1.3303033103370239,4.983000000000004,0.035514800396222526,4.983000000000004,0.03,0.024556705477197936,0.125
3.6196356357669965,3.2423390124985563,0.125,3121.136657199707,1.3265763816300313,4.984000000000004,0.03552217781274692,4.984000000000004,0.03,0.024556705477197936,0.125
3.6193263459264866,3.245169238303643,0.125,3128.9225605429547,1.3225967343584268,4.985000000000005,0.03552957712667491,4.985000000000005,0.03,0.024556705477197936,0.125
3.6190169910759398,3.2479900930982737,0.125,3136.7134580570896,1.318626198121515,4.986000000000004,0.03553690425508789,4.986000000000004,0.03,0.024556705477197936,0.125
3.6187048028412803,3.250828225065395,0.125,3144.5279169700225,1.3146270514064575,4.987000000000004,0.03554417961274627,4.9870000000000045,0.03,0.024556705477197936,0.125
3.618377770142768,3.253802407120118,0.125,3152.4488628799772,1.3104324777164151,4.988000000000003,0.035551481312715114,4.988000000000004,0.03,0.024556705477197936,0.125
3.618051276409602,3.2567672760324253,0.125,3160.3746442346496,1.3062493730819296,4.989000000000003,0.03555869142955213,4.989000000000004,0.03,0.024556705477197936,0.125
3.6177323757351108,3.259798682231276,0.125,3168.350422281332,1.3020301047567044,4.990000000000005,0.03556584827226844,4.990000000000005,0.03,0.024556705477197936,0.125
3.6174268901024504,3.2629546339016446,0.125,3176.410582097654,1.2977399534863348,4.991000000000003,0.03557296657936733,4.991000000000004,0.03,0.024556705477197936,0.125
3.6171225924863326,3.266101748172987,0.125,3184.4754913692122,1.2934633917332063,4.992000000000004,0.03557997347988142,4.992000000000004,0.03,0.024556705477197936,0.125
3.616810677411164,3.269393427616513,0.125,3192.6312118255605,1.2890117880916852,4.993000000000005,0.035586906653020195,4.993000000000005,0.03,0.024556705477197936,0.125
3.6164952820516882,3.272756358126676,0.125,3200.8365786997906,1.2844750084922998,4.994000000000003,0.03559373555718033,4.994000000000004,0.03,0.024556705477197936,0.125
3.6161746088184676,3.276132860801928,0.125,3209.0620792288328,1.279903546063435,4.995000000000004,0.03560044811278516,4.9950000000000045,0.03,0.024556705477197936,0.125
3.615806077634576,3.2796699509812046,0.125,3217.4098106828383,1.274980072002189,4.996000000000004,0.03560708916356564,4.996000000000004,0.03,0.024556705477197936,0.125
3.615438447562985,3.2831984327297796,0.125,3225.7625442967733,1.2700688106788987,4.997000000000004,0.03561357333554747,4.997000000000004,0.03,0.024556705477197936,0.125
3.6150660298015698,3.286875720698353,0.125,3234.2222045948442,1.2649895910857976,4.998000000000005,0.0356199079802147,4.998000000000005,0.03,0.024556705477197936,0.125
3.614692707142869,3.2905947037320042,0.125,3242.7196833443677,1.2598650565536174,4.999000000000004,0.0356260816197012,4.999000000000004,0.03,0.024556705477197936,0.125
3.614316375712615,3.2944130938352805,0.125,3251.292185655231,1.2546290775791074,5.000000000000004,0.0356320918062841,5.000000000000004,0.03,0.024556705477197936,0.125
3.6137578987385415,3.299920654098928,0.125,3271.014272057968,1.2469736045497473,5.001000000000006,0.03563086111918719,5.001000000000005,0.03,0.024556705477197936,0.125
3.613213466186264,3.305716346086867,0.125,3291.0228635327753,1.239086189412132,5.002000000000003,0.03562963043209029,5.002000000000004,0.03,0.024556705477197936,0.125
3.6126374706300948,3.3117129316624263,0.125,3311.264318831409,1.2308716281781684,5.003000000000004,0.03562839974499338,5.0030000000000046,0.03,0.024556705477197936,0.125
3.612015275471894,3.317944779405977,0.125,3331.765835160544,1.2222370036829964,5.004000000000004,0.035627169057896466,5.004000000000004,0.03,0.024556705477197936,0.125
3.611358830636865,3.324474360018536,0.125,3352.5762079622905,1.213167648309726,5.005000000000004,0.03562593837079957,5.005000000000004,0.03,0.024556705477197936,0.125
3.6106702030258995,3.331266334179018,0.125,3373.713537708443,1.2037071642135933,5.006000000000005,0.03562470768370265,5.006000000000005,0.03,0.024556705477197936,0.125
3.609953197212916,3.3382321209014636,0.125,3395.159830445164,1.1939593589987465,5.007000000000004,0.03562347699783415,5.007000000000004,0.03,0.024556705477197936,0.125
3.609220629205951,3.3453594498088535,0.125,3416.9248514011483,1.1839877659381806,5.008000000000005,0.035622246311784095,5.0080000000000044,0.03,0.024556705477197936,0.125
3.608498063118685,3.3526309302894166,0.125,3439.038707336185,1.1739120216534382,5.009000000000005,0.03562101562497159,5.009000000000005,0.03,0.024556705477197936,0.125
3.6077965260251728,3.3600245597733407,0.125,3461.5657197756404,1.1637982413927384,5.010000000000003,0.03561978493815909,5.010000000000004,0.03,0.024556705477197936,0.125
3.607089584789384,3.367541574731459,0.125,3484.6041888801046,1.1535394675003292,5.011000000000005,0.03561855429461899,5.011000000000005,0.03,0.024556705477197936,0.125
3.6063484195715345,3.3751244566767786,0.125,3508.5703666675895,1.1430779155891502,5.012000000000003,0.03561732377548162,5.012000000000004,0.03,0.024556705477197936,0.125
3.6056133338065157,3.382421447723535,0.125,3534.843855473385,1.1329265841727774,5.013000000000004,0.03561609310624809,5.013000000000004,0.03,0.024556705477197936,0.125
3.604936960912949,3.3897379573593485,0.125,3564.8850482755965,1.1229905855128066,5.014000000000006,0.03561486243701454,5.014000000000005,0.03,0.024556705477197936,0.125
3.6043694828732575,3.3963560644991158,0.125,3605.775096552277,1.1141885751800829,5.015000000000004,0.03561363181985993,5.015000000000004,0.03,0.024556705477197936,0.125
3.604058236481312,3.4000845252931406,0.125,3655.5774774839706,1.1093011216049236,5.0160000000000045,0.0356124022558199,5.0160000000000045,0.03,0.024556705477197936,0.125
3.604863640720748,3.3925991250982475,0.125,3727.881677573386,1.1200941445877504,5.017000000000005,0.03561117188793499,5.017000000000005,0.03,0.024556705477197936,0.125
3.607076947479379,3.371642505916841,0.125,3755.6289522198385,1.1499899967662452,5.018000000000003,0.035609941201127704,5.018000000000004,0.03,0.024556705477197936,0.125
3.6080781197854797,3.3626155297832443,0.125,3776.6557703591093,1.1631076701675094,5.019000000000004,0.03560871051432042,5.019000000000005,0.03,0.024556705477197936,0.125
3.6082422687970372,3.361547472192492,0.125,3796.899704273523,1.1649183218065273,5.020000000000004,0.03560747982751314,5.020000000000004,0.03,0.024556705477197936,0.125
3.608412182912005,3.360430889440328,0.125,3817.189637276653,1.1668005590082227,5.0210000000000035,0.03560624914070584,5.021000000000004,0.03,0.024556705477197936,0.125
3.608355246042269,3.3614404272916327,0.125,3837.8386541131226,1.1656492737075153,5.022000000000005,0.03560501845389856,5.022000000000005,0.03,0.024556705477197936,0.125
3.6081037779150322,3.3642652487235263,0.125,3858.8439919138505,1.161904581441701,5.023000000000004,0.03560378776709127,5.023000000000004,0.03,0.024556705477197936,0.125
3.607857265852701,3.3670379774758987,0.125,3879.9484934091483,1.1582318059699126,5.0240000000000045,0.035602557080283974,5.0240000000000045,0.03,0.024556705477197936,0.125
3.6074939306804303,3.370758461906895,0.125,3900.811272574845,1.1531439857145207,5.025000000000004,0.03560132639347669,5.025000000000005,0.03,0.024556705477197936,0.125
3.607112712503517,3.3746244501118374,0.125,3921.6979578736573,1.1478391300992443,5.026000000000004,0.03560009570666941,5.026000000000004,0.03,0.024556705477197936,0.125
3.6067229943096177,3.378637291589325,0.125,3942.6530183051236,1.142353410125335,5.027000000000005,0.03559886501986212,5.027000000000005,0.03,0.024556705477197936,0.125
3.606332433977916,3.3826733589628684,0.125,3963.679872412115,1.1368410935847761,5.028000000000003,0.03559763433305483,5.028000000000004,0.03,0.024556705477197936,0.125
3.6059619005805947,3.3867747361492646,0.125,3984.785791015178,1.1313435867421897,5.0290000000000035,0.03559640364624754,5.029000000000004,0.03,0.024556705477197936,0.125
3.6055946233839404,3.3908793672577464,0.125,4005.962990689804,1.1258558525776434,5.030000000000005,0.03559517295944026,5.030000000000005,0.03,0.024556705477197936,0.125
3.605224915878267,3.3950214654597146,0.125,4027.217255677476,1.1203209324079235,5.031000000000004,0.03559394227263297,5.031000000000004,0.03,0.024556705477197936,0.125
3.604854626596183,3.39916232628172,0.125,4048.539912884842,1.1147849226601696,5.0320000000000045,0.03559271158582568,5.0320000000000045,0.03,0.024556705477197936,0.125
3.604453304301487,3.403333945147439,0.125,4069.9464927002587,1.1090940072483046,5.033000000000004,0.035591480899018396,5.033000000000005,0.03,0.024556705477197936,0.125
3.604051703209384,3.4075067648203032,0.125,4091.4208756744165,1.10340077684217,5.034000000000003,0.03559025021221111,5.034000000000004,0.03,0.024556705477197936,0.125
3.6036567825161456,3.4117106296810977,0.125,4112.974500268394,1.0977032343637896,5.035000000000005,0.03558901952540382,5.035000000000005,0.03,0.024556705477197936,0.125
3.6032650763152914,3.415922062704291,0.125,4134.5891194153755,1.0920109803433713,5.036000000000004,0.03558778883859652,5.036000000000004,0.03,0.024556705477197936,0.125
3.6028848121020713,3.4201632292811532,0.125,4156.2513522288955,1.0863347550832874,5.0370000000000035,0.035586558151789245,5.037000000000004,0.03,0.024556705477197936,0.125
3.602509066352913,3.424418986446404,0.125,4177.958276054589,1.0806620168350451,5.038000000000005,0.035585327464981956,5.038000000000005,0.03,0.024556705477197936,0.125
3.602142421092834,3.428704118746922,0.125,4199.685764043977,1.0749963137096066,5.039000000000004,0.035584096778174666,5.039000000000004,0.03,0.024556705477197936,0.125
3.601763705677736,3.432987431202482,0.125,4221.438621293485,1.069284145115178,5.0400000000000045,0.03558286609136738,5.0400000000000045,0.03,0.024556705477197936,0.125
3.6013692355697433,3.4372695517034115,0.125,4243.204667585805,1.0635101432830467,5.041000000000005,0.03558163540456009,5.041000000000005,0.03,0.024556705477197936,0.125
3.6009725000533686,3.4415443512583423,0.125,4264.94653723101,1.0577344032289322,5.042000000000004,0.0355804047177528,5.042000000000004,0.03,0.024556705477197936,0.125
3.600573447702688,3.445821253542677,0.125,4286.6871031166265,1.0519472954131852,5.043000000000005,0.035579174030945515,5.043000000000005,0.03,0.024556705477197936,0.125
3.6001763186350906,3.4502259561429995,0.125,4308.404151462644,1.046040078826067,5.044000000000004,0.03557794334413823,5.044000000000004,0.03,0.024556705477197936,0.125
3.5997794276338664,3.454693441162875,0.125,4330.152409127256,1.0400710309177907,5.0450000000000035,0.03557671265733094,5.045000000000004,0.03,0.024556705477197936,0.125
3.5994680147932634,3.458332092181683,0.125,4351.72378238505,1.0352727338482437,5.046000000000004,0.035575481970523654,5.046000000000005,0.03,0.024556705477197936,0.125
3.599163136348394,3.4619086671175925,0.125,4373.3424942172915,1.0305626509980121,5.047000000000004,0.035574251283716364,5.047000000000004,0.03,0.024556705477197936,0.125
